zip,units,owner
00601,7356,3902
00602,17210,9443
00603,25262,11148
00606,2685,1438
00610,12174,6415
00611,704,393
00612,30340,14335
00616,4555,2424
00617,10226,6108
00622,7586,2320
00623,20508,11678
00624,9120,5023
00627,14213,9065
00631,613,295
00636,271,126
00637,11140,5754
00638,7689,4200
00641,11295,5510
00646,16014,9636
00647,3282,1407
00650,5982,3632
00652,1839,1217
00653,5771,2569
00656,8347,4716
00659,16454,9498
00660,7511,4347
00662,19518,8945
00664,6385,2944
00667,12153,5871
00669,12323,6733
00670,4005,2043
00674,18819,10811
00676,16207,8324
00677,9296,4112
00678,11642,5934
00680,25228,9475
00682,16346,5623
00683,14959,7306
00685,18832,10248
00687,12266,7040
00688,5175,2450
00690,2567,1248
00692,15286,8561
00693,26376,15690
00694,110,68
00698,17016,9186
00703,11086,5974
00704,3439,1905
00705,10320,6995
00707,4980,2944
00714,8087,4885
00715,1145,616
00716,14174,7373
00717,8946,3252
00718,11166,5984
00719,11156,6277
00720,8646,4621
00723,8106,4238
00725,37026,19989
00727,23294,14642
00728,15813,9962
00729,20273,12888
00730,17177,8946
00731,5152,2969
00735,7242,3047
00736,21650,11302
00738,17735,8429
00739,14526,8566
00740,944,358
00741,1907,1093
00745,23062,12130
00751,10009,6077
00754,15918,9963
00757,9114,5755
00765,5242,1836
00766,9286,6001
00767,14320,8501
00769,15954,9831
00771,15089,9606
00772,8686,4169
00773,10417,4675
00775,1449,283
00777,16346,9807
00778,17384,11737
00780,5405,4049
00782,7263,3328
00783,13271,8149
00784,18024,10487
00786,97,73
00791,24649,12828
00794,11203,6421
00795,17913,11433
00901,4325,1375
00906,75,30
00907,12722,5217
00909,3982,1116
00911,5699,1968
00912,3728,1468
00913,3825,510
00915,15402,4274
00917,11607,3951
00918,10830,3830
00920,8916,3823
00921,17234,6320
00923,13917,4712
00924,24796,10294
00925,4627,461
00926,45119,27602
00927,7525,3321
00934,37,0
00949,31444,18940
00951,266,57
00952,4254,2209
00953,26777,18841
00956,31649,18340
00957,18283,11591
00959,22391,12349
00961,13214,8175
00962,9644,4278
00965,2646,1283
00966,8380,5124
00968,2285,1415
00969,18550,11619
00971,11849,6787
00976,27486,17539
00979,12140,5328
00982,7395,3591
00983,16240,8561
00985,15006,8441
00987,24054,15883
01001,7033,4964
01002,11089,4729
01003,85,0
01005,1876,1367
01007,6569,5409
01008,655,552
01009,367,210
01010,1643,1292
01011,622,371
01012,219,124
01013,10309,4914
01020,14154,8110
01022,1069,824
01026,590,379
01027,9221,5350
01028,6051,5059
01029,981,286
01030,5199,3725
01031,734,364
01032,321,219
01033,2768,2401
01034,1245,813
01035,2293,1703
01036,2025,1902
01037,272,232
01038,1119,834
01039,703,610
01040,17057,6451
01050,1166,878
01053,820,607
01054,797,628
01056,8984,6326
01057,3656,2880
01060,7875,3395
01062,4481,3199
01063,11,0
01066,60,60
01068,697,573
01069,4192,2988
01070,331,230
01071,624,478
01072,703,553
01073,2552,2207
01074,281,42
01075,7597,5573
01077,4159,3096
01079,138,96
01080,1097,590
01081,831,616
01082,5021,3476
01083,1171,695
01084,84,44
01085,17054,10975
01088,335,185
01089,13095,7374
01092,637,332
01093,101,98
01094,16,16
01095,5678,4853
01096,1214,929
01097,36,5
01098,628,463
01103,1728,130
01104,9562,4074
01105,5554,553
01106,6091,5333
01107,4534,1299
01108,11332,4986
01109,10786,4476
01118,5787,4415
01119,5517,4010
01128,1117,1056
01129,2699,2056
01151,3959,1628
01201,22566,12587
01220,4563,2517
01222,240,232
01223,2153,1146
01224,88,77
01225,1612,1323
01226,3013,2139
01229,110,66
01230,5025,2737
01235,1433,899
01236,789,491
01237,1431,952
01238,3069,2132
01240,3029,1635
01242,98,41
01243,109,86
01244,167,103
01245,826,307
01247,7859,3903
01253,661,323
01254,569,412
01255,614,323
01256,410,339
01257,1238,764
01258,213,77
01259,406,254
01260,174,9
01262,1456,508
01264,150,68
01266,798,403
01267,3440,2002
01270,440,387
01301,8761,4553
01330,915,704
01331,6050,4055
01337,1176,888
01338,47,43
01339,799,534
01340,1001,672
01341,760,633
01342,533,297
01343,81,61
01344,751,525
01346,363,223
01347,72,34
01349,358,254
01350,63,43
01351,1041,758
01354,674,510
01355,460,349
01360,1415,1122
01364,3435,2086
01366,533,420
01367,290,192
01368,618,494
01370,1945,1117
01373,2344,1881
01375,1930,720
01376,2471,1223
01378,432,338
01379,338,275
01380,38,15
01420,17998,9571
01430,2892,2258
01431,1308,1191
01432,3770,2471
01434,349,230
01436,1331,983
01438,119,97
01440,9600,5159
01450,3773,3278
01451,1939,1644
01452,1639,1484
01453,18895,11384
01460,3858,3074
01462,4711,3691
01463,4516,3593
01464,2512,1978
01468,1823,1520
01469,2707,2242
01473,3469,2866
01474,777,643
01475,4095,2955
01501,7040,5465
01503,1502,1155
01504,4079,2927
01505,1964,1543
01506,1546,1247
01507,5240,4136
01510,7017,3526
01515,1014,742
01516,3558,2779
01518,1291,898
01519,2724,2177
01520,5946,5071
01521,1524,1117
01522,1199,984
01523,2970,2442
01524,2448,2037
01527,5603,3910
01529,1262,1082
01531,396,326
01532,5913,4881
01534,2515,1926
01535,2163,1355
01536,3230,2321
01537,779,497
01540,4337,3466
01541,1409,1262
01542,1052,915
01543,3257,2736
01545,15318,10462
01550,7644,3213
01560,2028,1116
01561,50,0
01562,5788,3345
01564,3298,2882
01566,3041,2570
01568,2947,2590
01569,5523,4359
01570,8211,4331
01571,4295,3012
01581,8407,4895
01583,2946,2332
01585,2432,1750
01588,4553,2613
01590,3359,2792
01602,10483,5995
01603,8504,3935
01604,18166,7272
01605,12757,3718
01606,9427,6122
01607,4172,1623
01608,2565,100
01609,9126,3277
01610,10263,1507
01611,845,659
01612,1727,1474
01701,13131,10015
01702,15303,5033
01718,217,209
01719,2279,1708
01720,8937,6652
01721,7995,5721
01730,5970,4148
01731,495,0
01740,2083,1888
01741,1787,1624
01742,6659,4896
01745,250,218
01746,5774,4907
01747,2320,1667
01748,6907,5660
01749,8560,5992
01752,17370,9352
01754,4845,3599
01756,2226,1916
01757,11833,7801
01760,15838,10362
01770,1575,1351
01772,3571,3093
01773,2408,1687
01775,2761,2336
01776,6446,5707
01778,5136,4506
01801,16982,9429
01803,10468,7501
01810,13803,10688
01821,11666,9334
01824,10301,8161
01826,12480,9694
01827,1167,1089
01830,11159,5996
01832,10735,5989
01833,3220,2645
01834,2756,2450
01835,5702,4142
01840,3415,76
01841,17546,5523
01843,10968,3808
01844,19496,13663
01845,12010,8048
01850,6028,2933
01851,11759,5066
01852,15363,6842
01854,10960,3809
01860,2851,2140
01862,4263,2999
01863,3677,3063
01864,5920,4910
01867,9895,7956
01876,12212,10035
01879,4374,3606
01880,11513,7795
01886,9181,7797
01887,8032,6841
01890,8283,6714
01901,1289,39
01902,19655,7759
01904,7322,5892
01905,9583,4617
01906,11259,7908
01907,6666,4664
01908,1810,1350
01913,7827,5157
01915,17318,9847
01921,2961,2742
01922,1253,1062
01923,11405,7610
01929,1527,1010
01930,14630,8347
01938,6270,4178
01940,5033,4159
01944,2281,1549
01945,8899,6821
01949,3450,3065
01950,8298,5939
01951,1731,1178
01952,4981,3016
01960,23009,14582
01965,347,325
01966,4232,2257
01969,2428,1987
01970,20920,10118
01982,2892,2259
01983,2319,2030
01984,1390,1126
01985,1799,1574
02019,6555,4937
02021,9955,7308
02025,3300,2588
02026,10648,7484
02030,1951,1854
02032,1715,1316
02035,7414,5232
02038,12889,9668
02043,10059,7672
02045,5733,3711
02047,254,64
02048,9228,6527
02050,11697,8323
02052,4679,3937
02053,4601,3997
02054,3580,2829
02056,3464,3197
02061,3739,3333
02062,13961,6884
02066,8032,6716
02067,6660,5597
02071,473,449
02072,11346,8392
02081,7663,5971
02090,5721,4791
02093,4656,3753
02108,2473,1075
02109,2719,682
02110,1563,815
02111,4535,971
02113,4664,623
02114,9525,1820
02115,11556,1450
02116,14110,4007
02118,15554,4487
02119,12937,2886
02120,5061,542
02121,11384,2396
02122,10039,4000
02124,21264,8386
02125,14999,4841
02126,9617,3705
02127,19495,8023
02128,19124,5033
02129,9987,4661
02130,18802,8184
02131,13264,7095
02132,11967,7889
02133,18,13
02134,9027,1089
02135,22519,4582
02136,14031,7250
02138,16132,5821
02139,16930,5140
02140,11117,3605
02141,8128,1976
02142,2445,187
02143,12901,3780
02144,11881,4266
02145,12669,4098
02148,28043,11070
02149,18541,6304
02150,14162,3949
02151,23461,10777
02152,8467,4399
02155,25893,13038
02163,547,0
02169,30198,11544
02170,8471,4358
02171,9513,4587
02176,12724,8388
02180,9832,6769
02184,15032,11058
02186,9447,7738
02188,7166,4181
02189,6689,4190
02190,8601,5802
02191,3704,2969
02199,1236,28
02210,5227,994
02215,9390,701
02301,24592,11634
02302,12828,8664
02322,1716,1346
02324,9770,7023
02325,28,0
02330,5048,4196
02332,6341,5383
02333,5165,4198
02338,3041,2848
02339,4974,4243
02341,4014,3571
02343,4268,3539
02346,10230,7546
02347,4443,3415
02350,61,61
02351,6576,4777
02356,4768,3515
02359,7173,6210
02360,28598,20596
02364,5658,4643
02367,1253,990
02368,13091,8806
02370,7046,5201
02375,4682,3790
02379,2955,2410
02382,6031,4190
02420,5759,4836
02421,6913,5162
02445,10016,5038
02446,15298,5263
02451,7852,4423
02452,5838,2792
02453,13163,5319
02457,34,17
02458,5238,3146
02459,6828,5395
02460,4171,2349
02461,2785,1972
02462,526,401
02464,1503,841
02465,4452,3000
02466,3284,1687
02467,7293,4595
02468,2038,1978
02472,17069,7913
02474,12541,7038
02476,8058,4996
02478,10811,6654
02481,5145,4329
02482,4249,3296
02492,7500,6660
02493,3814,3193
02494,4254,2952
02532,7362,4775
02534,628,391
02535,2097,702
02536,12151,8008
02537,3280,2195
02538,1825,1297
02539,5157,1316
02540,6200,2704
02542,380,0
02543,1093,380
02553,115,38
02554,10985,3741
02556,2751,984
02557,2790,621
02558,1766,762
02559,2575,1140
02561,195,115
02562,1788,1194
02563,4898,3802
02564,1407,97
02568,5432,2085
02571,6205,4010
02575,2048,759
02576,1928,1534
02584,57,23
02601,9077,3565
02630,1062,766
02631,8215,3729
02632,6363,3879
02633,5425,1988
02635,2200,1451
02637,278,185
02638,3043,1196
02639,5162,1284
02641,429,133
02642,6349,2543
02643,64,0
02644,1547,1269
02645,6745,4018
02646,2519,811
02647,284,80
02648,3476,2908
02649,10522,5703
02650,808,424
02652,1737,515
02653,5685,2344
02655,3014,1525
02657,4778,1448
02659,1187,483
02660,4617,2326
02663,458,195
02664,7185,3392
02666,1588,367
02667,4139,1415
02668,1315,889
02670,2173,611
02671,1430,459
02672,137,0
02673,6596,3270
02675,4051,3000
02702,1615,1423
02703,19014,11748
02713,150,12
02715,1573,1375
02717,1734,1411
02718,2612,2221
02719,7777,5316
02720,14940,5675
02721,12358,3923
02723,7976,2456
02724,8808,2839
02725,868,810
02726,6719,5398
02738,2468,1664
02739,3614,2346
02740,20532,7421
02743,4139,3581
02744,5609,1789
02745,10649,6187
02746,7640,1445
02747,7339,5662
02748,5409,3627
02760,12359,8627
02762,4416,2709
02763,767,525
02764,1517,1245
02766,6725,5541
02767,6089,4543
02769,4845,4213
02770,2135,1841
02771,6324,4977
02777,6780,5839
02779,2428,2250
02780,22454,12764
02790,7523,5661
02791,325,205
02802,384,173
02804,1182,822
02806,6341,5322
02807,1947,282
02808,1091,762
02809,9670,5884
02812,489,414
02813,5334,3024
02814,3249,2594
02815,82,43
02816,14505,10903
02817,2509,1983
02818,8623,6243
02822,2084,1625
02823,36,10
02824,110,110
02825,2027,1800
02826,420,248
02827,843,788
02828,3012,2523
02829,16,16
02830,2837,2132
02831,1360,1238
02832,2170,1607
02833,287,185
02835,3177,2222
02836,94,36
02837,2473,1419
02838,1546,792
02839,634,524
02840,13515,5291
02841,12,0
02842,8255,4249
02852,10589,7037
02857,3549,2814
02858,124,124
02859,2465,1785
02860,21467,7900
02861,11928,7275
02863,8341,2139
02864,14735,10794
02865,7079,5316
02871,8044,5809
02872,331,61
02873,146,50
02874,2565,2012
02875,128,83
02876,384,70
02878,7747,5354
02879,11959,7500
02881,1247,460
02882,8870,3827
02885,5546,3022
02886,13669,8588
02888,9117,7022
02889,11947,9097
02891,12660,7464
02892,2222,1908
02893,15103,7827
02894,236,196
02895,19443,6669
02896,4759,3664
02898,768,695
02903,6588,1238
02904,14483,6994
02905,10361,4972
02906,13468,6226
02907,11474,4019
02908,17160,6826
02909,18602,6150
02910,9319,6140
02911,6894,4345
02912,32,0
02914,10082,4991
02915,7746,4679
02916,3941,2751
02917,5119,3827
02918,37,0
02919,11993,8182
02920,15052,9163
02921,4823,4029
03031,4558,4131
03032,1998,1872
03033,1915,1759
03034,1569,1415
03036,1911,1780
03037,1832,1444
03038,14207,9133
03042,3170,2581
03043,704,536
03044,1817,1636
03045,5521,4591
03046,1200,1123
03047,742,572
03048,1560,1083
03049,3397,3021
03051,10080,8245
03052,3063,2543
03053,9751,8176
03054,10581,9237
03055,6692,4149
03057,964,820
03060,13003,4808
03062,12042,8060
03063,6746,4142
03064,6671,3788
03070,2189,1881
03071,2020,1576
03076,5174,4408
03077,4521,3478
03079,13511,9661
03082,694,586
03084,573,406
03086,1820,1300
03087,5753,5208
03101,2247,122
03102,15264,5716
03103,16166,7640
03104,15715,8402
03106,5679,4273
03109,4250,3280
03110,8185,6700
03215,1118,101
03216,1018,779
03217,1340,585
03218,483,398
03220,3562,2453
03221,1284,832
03222,4071,1923
03223,1825,1171
03224,995,884
03225,1871,1256
03226,757,379
03227,1020,648
03229,2389,1839
03230,762,599
03231,47,31
03233,123,88
03234,2026,1771
03235,4021,2269
03237,1340,943
03238,37,37
03240,698,423
03241,783,388
03242,2359,1374
03243,451,328
03244,3667,2636
03245,1466,669
03246,10426,4472
03249,5012,2692
03251,2722,500
03253,5111,2412
03254,5130,2093
03255,1532,670
03256,1032,803
03257,2395,1412
03258,1097,943
03259,236,138
03260,412,312
03261,2191,1508
03262,1272,348
03263,1868,1128
03264,2720,1272
03266,1262,681
03268,610,538
03269,1571,883
03273,232,145
03275,4739,3465
03276,3984,2399
03278,1507,920
03279,487,262
03280,1016,408
03281,3987,3382
03282,501,336
03284,477,214
03285,1982,1005
03287,696,528
03290,2206,1891
03293,27,14
03301,14486,7630
03303,6907,4570
03304,2906,2580
03307,2361,1980
03431,11168,5227
03440,1365,856
03441,156,77
03442,735,449
03443,238,238
03444,779,488
03445,298,261
03446,2939,2045
03447,1285,919
03448,314,251
03449,886,670
03450,673,386
03451,1880,1340
03452,2487,1605
03455,1011,625
03456,412,309
03457,467,243
03458,3610,1813
03461,2388,1749
03462,975,531
03464,906,366
03465,876,605
03466,647,481
03467,944,793
03470,2248,1395
03561,3124,1551
03570,4372,2244
03574,1401,851
03575,359,0
03576,2318,1052
03579,1031,189
03580,1115,521
03581,1970,1273
03582,1271,742
03583,721,445
03584,1817,1179
03585,1415,813
03586,454,236
03588,1065,628
03590,713,376
03592,1941,454
03593,307,142
03595,601,331
03597,305,140
03598,2132,1050
03601,169,114
03602,1329,777
03603,2240,1488
03605,653,292
03607,173,91
03608,1386,796
03609,271,185
03740,495,383
03741,2171,1355
03743,5850,2900
03745,859,745
03748,2581,1772
03750,452,316
03751,361,196
03752,455,266
03753,2232,1289
03755,3612,1950
03765,245,196
03766,5346,2383
03768,793,564
03770,173,138
03771,329,283
03773,3865,2101
03774,843,584
03777,647,429
03779,457,251
03780,226,221
03781,840,645
03782,2135,860
03784,2168,841
03785,1329,429
03801,11448,5793
03809,2001,1350
03810,2494,879
03811,3042,2792
03812,1563,414
03813,2661,1590
03814,1886,661
03816,855,534
03817,281,161
03818,2174,1091
03819,1774,1640
03820,15460,7715
03823,751,578
03824,3884,1891
03825,3550,3119
03826,1179,785
03827,1232,1119
03830,1523,716
03832,271,157
03833,9789,6660
03835,2994,2165
03836,1749,568
03837,1073,650
03838,1677,334
03839,1729,1085
03840,1686,1415
03841,2810,2251
03842,9978,5714
03844,931,738
03845,1327,575
03846,1010,380
03847,257,74
03848,2796,2135
03849,1119,360
03850,296,111
03851,1785,1305
03852,92,92
03853,1310,277
03854,517,402
03855,1648,952
03856,641,605
03857,4443,2259
03858,1860,1623
03860,3169,1208
03861,1890,1582
03862,2311,1841
03864,987,663
03865,3180,2622
03867,10458,6064
03868,2426,1907
03869,1113,824
03870,2653,1747
03871,259,205
03872,2435,1546
03873,2293,1852
03874,4403,2764
03875,579,394
03878,5722,3330
03882,897,483
03883,200,96
03884,1874,1451
03885,3019,2774
03886,1019,467
03887,900,673
03890,10,0
03894,4347,2079
03897,36,8
03901,3617,3036
03902,1399,761
03903,3092,2340
03904,4375,2505
03905,1089,775
03906,2237,1740
03907,2106,561
03908,3169,2165
03909,7101,3704
03910,176,0
03911,203,61
04001,2321,1032
04002,3684,2792
04003,354,37
04005,11001,5195
04006,136,37
04008,1355,1131
04009,4580,1932
04010,914,536
04011,9440,6463
04015,2982,1520
04017,614,201
04019,89,31
04020,876,627
04021,2428,2159
04022,1079,459
04024,247,155
04027,2654,2278
04029,1506,727
04030,1160,835
04032,4133,2735
04037,2193,1211
04038,6527,5206
04039,4265,2968
04040,2128,1282
04041,874,535
04042,2044,1632
04043,6243,4063
04046,4740,2800
04047,1077,552
04048,1565,1090
04049,1836,1489
04050,433,115
04051,1319,473
04055,3455,1863
04056,80,60
04057,21,21
04061,1186,978
04062,8695,6675
04063,828,246
04064,6783,3304
04066,711,258
04068,769,528
04069,657,570
04071,4004,1844
04072,9619,6190
04073,7772,4934
04074,10561,7244
04076,2027,1058
04079,3225,1739
04083,2202,1554
04084,3710,2504
04085,1049,841
04086,4389,3208
04087,901,649
04088,993,531
04090,9590,4437
04091,371,281
04092,9404,5739
04093,3906,2638
04095,1058,596
04096,3625,2659
04097,1596,1313
04101,11510,2337
04102,8633,4093
04103,14336,8180
04105,5332,4260
04106,12849,7403
04107,4007,3362
04108,1059,370
04109,330,102
04110,706,583
04210,11113,6162
04216,569,237
04217,2579,1318
04219,1085,460
04220,1638,1224
04221,420,261
04222,1712,1590
04224,1406,999
04226,43,37
04227,5,5
04231,326,108
04236,1847,1537
04237,279,100
04238,455,404
04239,2171,1728
04240,16852,7931
04250,2038,1392
04252,2046,1543
04253,1079,853
04254,1676,954
04255,864,226
04256,1195,803
04257,1490,852
04258,1186,1092
04259,1890,1181
04260,2274,1874
04261,1669,149
04263,956,741
04265,385,297
04267,20,8
04268,2869,1569
04270,3222,2068
04274,2794,2016
04275,704,263
04276,3584,1726
04280,3277,2777
04281,2438,1380
04282,2431,2019
04284,841,443
04285,639,194
04287,1426,1184
04289,891,552
04290,870,593
04292,588,376
04294,1844,1211
04330,13017,7658
04342,813,612
04344,1481,862
04345,5562,3999
04346,888,553
04347,1436,754
04348,1891,1054
04349,867,536
04350,1993,1477
04351,1209,831
04352,1136,619
04353,1126,918
04354,981,585
04355,1335,873
04357,1697,1090
04358,2461,1688
04359,160,68
04360,435,212
04363,1183,927
04364,3342,2221
04401,20932,10452
04406,772,314
04408,471,84
04410,527,396
04411,687,517
04412,4565,2487
04413,203,108
04414,1527,766
04415,142,93
04416,2773,1788
04417,461,189
04418,866,549
04419,1318,1077
04421,694,246
04422,545,421
04424,1006,424
04426,3285,1497
04427,1288,938
04428,1526,1120
04429,2963,2126
04430,825,522
04431,17,9
04434,614,483
04435,520,416
04438,548,453
04441,2435,790
04442,261,49
04443,1656,761
04444,3936,3146
04448,692,485
04449,664,472
04450,539,374
04451,217,135
04453,402,255
04454,5,5
04455,568,319
04456,1299,903
04457,3587,2109
04459,478,303
04460,654,442
04461,1426,1075
04462,3302,1927
04463,1950,900
04464,557,222
04468,4664,2538
04471,526,229
04472,1279,753
04473,3759,1709
04474,1739,1400
04475,173,129
04476,768,469
04478,944,219
04479,858,434
04481,360,233
04485,205,82
04487,987,363
04488,538,349
04489,202,109
04490,235,130
04491,149,78
04492,103,84
04493,1276,763
04495,178,131
04496,1684,1504
04497,338,133
04530,6162,3720
04535,360,276
04537,1305,839
04538,1826,664
04539,674,593
04541,123,28
04543,1339,624
04544,987,317
04547,846,516
04548,973,353
04551,649,321
04553,918,592
04554,964,280
04555,1144,678
04556,770,485
04558,252,148
04562,1694,729
04563,992,587
04564,510,216
04568,803,181
04570,97,0
04571,376,267
04572,2957,2237
04573,250,184
04574,788,628
04575,324,124
04576,886,278
04578,2286,1621
04579,1413,1164
04605,9188,4696
04606,755,430
04607,904,480
04609,3499,1781
04611,320,166
04612,488,223
04613,71,48
04614,2199,1065
04616,768,335
04617,665,286
04619,1603,987
04622,1185,354
04623,655,370
04624,168,89
04625,190,22
04626,389,225
04627,1539,697
04628,350,197
04630,775,450
04631,1057,455
04634,1613,723
04635,55,9
04640,1454,901
04642,261,88
04643,642,301
04645,143,31
04646,169,45
04648,326,184
04649,880,382
04650,337,175
04652,1370,621
04653,434,205
04654,1928,870
04655,671,320
04657,417,158
04658,924,450
04660,1157,462
04662,718,152
04664,759,412
04666,850,476
04667,776,418
04668,1319,649
04669,206,58
04671,355,209
04673,172,86
04674,331,80
04675,248,58
04676,718,434
04677,308,115
04679,1428,435
04680,873,475
04681,889,404
04683,8,0
04684,1312,774
04685,502,176
04686,211,60
04691,413,208
04693,485,200
04694,1433,827
04730,4803,2956
04732,988,517
04733,206,108
04734,337,260
04735,336,198
04736,4719,3244
04737,5,0
04739,924,284
04740,748,486
04742,1668,1109
04743,2396,1637
04745,434,309
04746,266,169
04747,913,482
04750,1033,512
04756,1854,1056
04757,1326,930
04758,671,428
04760,402,268
04761,337,152
04762,293,168
04763,509,238
04764,83,15
04765,1073,532
04766,181,121
04768,500,176
04769,4568,2317
04772,531,352
04773,627,262
04774,625,280
04776,479,273
04777,241,171
04779,562,157
04780,463,323
04781,317,216
04783,534,183
04785,1281,579
04786,873,605
04787,201,133
04841,4073,2135
04843,3276,1696
04847,842,599
04848,747,327
04849,2521,1523
04851,162,39
04852,168,45
04853,535,161
04854,1117,506
04855,236,194
04856,1959,1097
04858,865,539
04859,463,323
04860,1529,698
04861,1445,977
04862,2065,1519
04863,1216,485
04864,1876,1390
04901,12084,6530
04910,993,719
04911,986,636
04912,536,332
04915,5192,3000
04917,2261,1213
04918,66,0
04920,1298,731
04921,930,564
04922,591,388
04923,276,214
04924,1053,744
04925,224,40
04927,1528,1241
04928,1004,765
04929,351,251
04930,2463,1448
04932,563,449
04936,696,102
04937,3041,2195
04938,4936,2513
04939,454,314
04941,791,570
04942,1053,423
04943,1102,626
04944,16,16
04945,1204,582
04947,2919,738
04949,800,352
04950,2755,1357
04951,496,362
04952,869,707
04953,1830,1109
04955,727,543
04956,407,217
04957,2050,1425
04958,1454,806
04961,1036,396
04963,4279,2655
04964,1006,69
04965,879,688
04966,1205,570
04967,1815,1161
04969,590,452
04970,2286,514
04971,1273,708
04973,730,551
04974,1628,838
04975,36,36
04976,4967,3104
04978,704,381
04979,593,360
04981,1379,1004
04982,563,83
04983,1075,657
04984,346,221
04985,429,76
04986,802,556
04987,512,377
04988,929,492
04989,2296,1673
05001,4932,2710
05030,64,64
05031,103,18
05032,1500,875
05033,1476,1058
05034,180,40
05035,546,342
05036,600,432
05037,667,369
05038,792,479
05039,587,392
05040,306,226
05041,113,28
05042,369,227
05043,490,393
05045,1034,718
05046,777,460
05048,1177,905
05050,74,41
05051,622,354
05052,218,140
05053,123,96
05055,1370,904
05056,603,105
05058,108,89
05059,812,242
05060,2213,1311
05061,773,545
05062,383,217
05065,522,313
05067,113,66
05068,1707,988
05069,362,278
05070,228,150
05071,121,58
05072,340,276
05073,27,27
05075,713,553
05076,287,210
05077,546,350
05079,493,323
05081,493,244
05083,83,72
05084,48,48
05086,344,222
05088,447,279
05089,2459,1492
05091,2205,1139
05101,2296,1237
05141,67,39
05142,416,202
05143,2818,1628
05146,455,258
05148,1145,620
05149,3399,745
05150,291,247
05151,748,573
05152,709,128
05153,592,242
05154,236,78
05155,1765,250
05156,4280,2457
05158,436,389
05161,543,261
05201,6941,3824
05250,1970,1248
05251,1173,536
05252,221,153
05253,413,235
05254,432,132
05255,2454,1276
05257,1109,651
05260,191,152
05261,1029,816
05262,922,684
05301,8487,4896
05340,1648,258
05341,384,189
05342,359,156
05343,1227,410
05345,1102,606
05346,2361,1697
05350,572,291
05351,155,101
05352,446,346
05353,719,425
05354,977,690
05355,743,293
05356,2619,293
05358,202,120
05359,510,233
05360,337,84
05361,633,294
05362,142,83
05363,2615,756
05401,13898,3846
05403,9565,5568
05404,3952,1467
05405,8,8
05408,4455,3205
05440,1531,732
05441,267,221
05442,237,174
05443,3040,2329
05444,706,605
05445,2098,1656
05446,7679,4937
05447,66,31
05448,430,363
05450,2402,1650
05452,9808,6650
05454,2085,1615
05455,505,422
05456,472,346
05457,937,572
05458,1180,789
05459,830,609
05461,2241,1860
05462,836,685
05463,496,226
05464,1521,801
05465,2292,2092
05468,5137,4288
05471,661,305
05472,867,666
05473,777,544
05474,1071,518
05476,1469,895
05477,2111,1494
05478,7205,4462
05482,3596,2483
05483,775,587
05485,12,0
05486,1023,533
05487,658,542
05488,3883,2281
05489,1381,1127
05491,2900,1865
05492,361,294
05494,700,606
05495,5070,3578
05602,5961,3754
05640,109,88
05641,8053,5424
05647,577,391
05648,296,193
05649,160,112
05650,563,310
05651,727,538
05652,311,224
05653,362,210
05654,568,301
05655,1412,1054
05656,1447,916
05658,666,487
05660,935,654
05661,3276,1957
05663,2549,1703
05666,20,9
05667,1104,745
05669,437,264
05670,79,0
05672,4062,1811
05673,1872,882
05674,2505,614
05675,532,432
05676,2381,1427
05677,1067,769
05678,58,25
05679,1362,1072
05680,976,693
05681,230,50
05682,582,441
05701,10528,5377
05730,430,180
05731,18,10
05732,843,377
05733,3289,2051
05734,716,449
05735,1746,1048
05736,259,124
05737,347,256
05738,616,405
05739,719,501
05742,374,237
05743,2107,1307
05744,336,126
05747,238,145
05748,254,126
05751,2759,287
05753,4266,2581
05757,388,270
05758,570,256
05759,873,666
05760,558,379
05761,648,403
05762,369,151
05763,1488,1118
05764,1472,853
05765,761,573
05766,309,177
05767,1017,639
05768,14,3
05769,697,454
05770,561,394
05772,648,367
05773,1094,685
05774,910,366
05775,331,192
05776,222,125
05777,1530,1118
05778,397,277
05819,4352,2585
05820,181,128
05821,641,339
05822,1241,703
05824,677,454
05825,59,30
05826,422,277
05827,281,166
05828,1006,756
05829,1141,612
05830,839,584
05832,683,365
05833,30,14
05836,759,534
05837,266,138
05839,442,211
05840,66,18
05841,564,134
05842,306,195
05843,1236,791
05845,670,519
05846,1069,344
05847,561,370
05850,75,75
05851,2769,2106
05853,747,275
05855,3880,2272
05857,774,486
05858,283,121
05859,1584,790
05860,1670,871
05862,291,162
05866,443,248
05867,412,228
05868,48,35
05871,942,510
05872,521,358
05873,647,285
05874,322,230
05875,358,213
05901,272,5
05902,74,41
05903,577,315
05904,142,63
05905,877,420
05906,716,453
05907,182,53
06001,8238,6430
06002,9544,6338
06010,26726,15994
06013,3457,3017
06016,3078,2106
06018,1240,634
06019,4264,3507
06021,703,555
06022,15,15
06023,659,550
06024,257,222
06026,2115,1566
06027,586,533
06029,6726,4468
06031,795,485
06032,8539,5792
06033,12315,9660
06035,3201,2828
06037,7894,6264
06039,1098,429
06040,15550,7946
06042,10915,5830
06043,2009,1722
06051,13798,3912
06052,3731,2337
06053,14995,6547
06057,2707,2145
06058,973,575
06059,97,97
06060,848,848
06061,247,140
06062,8558,5480
06063,1273,1085
06065,255,246
06066,14335,7355
06067,9300,6048
06068,1157,539
06069,1741,988
06070,5899,4458
06071,3634,3114
06073,2236,2020
06074,10133,8203
06076,5216,3849
06078,4174,3328
06079,130,0
06081,712,401
06082,17457,12844
06084,5375,4753
06085,2961,2271
06088,2407,1672
06089,1619,765
06090,428,359
06091,166,70
06092,1327,1240
06093,1411,1316
06095,11904,9299
06096,5483,4277
06098,5576,3248
06103,2562,83
06105,11705,1818
06106,16938,3616
06107,8305,6586
06108,9963,4136
06109,11833,9294
06110,5540,3255
06111,13334,9960
06112,8785,3051
06114,11206,3546
06117,6147,4748
06118,11656,7961
06119,7206,2988
06120,5713,732
06226,7622,2503
06231,1483,1257
06232,1289,1102
06234,3219,2305
06235,913,737
06237,2218,1775
06238,5120,4399
06239,4936,3142
06241,2841,1967
06242,586,399
06243,87,25
06247,1003,845
06248,2201,1812
06249,3210,2356
06250,1882,1454
06254,754,621
06255,2026,1479
06256,888,712
06259,1838,1393
06260,4289,2450
06262,410,359
06263,127,17
06264,82,44
06266,143,100
06268,3938,1557
06269,156,30
06277,1816,1422
06278,2112,1521
06279,2793,1628
06280,1517,1013
06281,3248,2512
06282,586,448
06320,12528,4634
06330,1305,803
06331,2311,1952
06332,506,260
06333,2894,2148
06334,1027,789
06335,2406,1731
06336,9,9
06338,19,17
06339,3545,3014
06340,14441,5469
06350,38,33
06351,6864,5250
06353,145,60
06354,2279,1713
06355,6099,4436
06357,6042,3909
06359,2272,1889
06360,17739,8711
06365,2088,1740
06370,2799,2435
06371,5503,3533
06373,54,45
06374,3298,2432
06375,1541,1184
06376,163,29
06377,1058,803
06378,3144,1977
06379,4216,2665
06380,1299,372
06382,3987,2946
06384,1262,979
06385,7407,5317
06387,90,30
06389,19,19
06390,166,3
06401,8430,4409
06403,2668,2211
06405,14334,8759
06409,428,327
06410,10463,8789
06412,1679,1147
06413,6389,4576
06414,120,120
06415,7019,5032
06416,6286,4711
06417,2169,1412
06418,6086,3551
06419,2713,2414
06420,1785,1509
06422,3080,2788
06423,2304,1992
06424,5223,4210
06426,1739,1307
06437,9773,7448
06438,1205,842
06439,36,36
06441,2199,1914
06442,1161,724
06443,8020,6230
06444,102,102
06447,2208,1940
06450,15800,9148
06451,11004,5650
06455,1235,1027
06456,162,129
06457,22138,11061
06459,27,0
06460,17800,11849
06461,6093,5122
06467,258,111
06468,6573,5869
06469,1334,850
06470,5577,4697
06471,2938,2481
06472,2337,1943
06473,10033,7953
06475,5983,3810
06477,5388,4671
06478,5091,4492
06479,4375,3547
06480,3961,2989
06481,698,456
06482,4388,3836
06483,6436,4637
06484,16578,11950
06488,8826,7090
06489,13496,10500
06492,19603,13516
06498,4180,2701
06510,2953,152
06511,24579,4366
06512,12945,8607
06513,17006,5983
06514,11388,6351
06515,7531,2950
06516,21884,10589
06517,6875,3972
06518,7285,4049
06519,6424,1456
06524,1846,1738
06525,3408,2935
06604,12972,4174
06605,10799,2996
06606,19002,10368
06607,2696,1020
06608,4915,1164
06610,9292,4305
06611,12468,10576
06612,2646,2218
06614,14432,12109
06615,7448,4805
06702,1910,66
06704,12987,5112
06705,12222,5371
06706,5907,2329
06708,13061,6665
06710,4515,1174
06712,3546,3093
06716,6337,5239
06750,788,409
06751,1499,907
06752,859,643
06753,49,24
06754,826,587
06755,425,290
06756,1527,1001
06757,1272,673
06758,14,14
06759,2885,1972
06762,3071,2534
06763,1320,835
06770,13156,8579
06776,11120,8142
06777,985,580
06778,593,508
06779,3558,2430
06782,766,693
06783,1354,847
06784,1971,1542
06785,471,263
06786,4314,2953
06787,3341,2461
06790,17109,10106
06791,2326,1983
06793,683,358
06794,501,298
06795,5751,4462
06796,632,338
06798,4704,3413
06801,7907,5955
06804,7063,5640
06807,2881,1889
06810,22128,8994
06811,12568,8901
06812,5137,4061
06820,7567,5908
06824,12690,10248
06825,7875,5961
06830,11065,5323
06831,5939,4007
06840,7668,5870
06850,8556,4326
06851,12142,6888
06853,1412,1031
06854,12246,5368
06855,3682,1940
06870,2897,2241
06877,9848,7794
06878,2824,2261
06880,10348,8465
06883,3845,3475
06890,1848,1527
06896,3672,3099
06897,6474,5448
06901,6440,715
06902,30142,11607
06903,5141,4472
06905,8726,4966
06906,3727,1720
06907,3701,2239
07001,5693,2799
07002,30161,10604
07003,21692,10985
07004,3054,2382
07005,6115,4076
07006,10183,7303
07008,8717,4607
07009,5107,4149
07010,11223,5291
07011,14198,6184
07012,5641,3063
07013,12005,8544
07014,2006,1309
07016,9619,7377
07017,16770,5020
07018,13107,2694
07020,7601,2876
07021,792,701
07022,5724,1944
07023,2783,2400
07024,19748,10647
07026,12234,5237
07027,2093,1125
07028,2629,2383
07029,10485,1909
07030,29985,9421
07031,6986,3082
07032,15340,6706
07033,3058,2097
07034,4459,2645
07035,4353,3273
07036,16911,9556
07039,10684,8988
07040,8981,6658
07041,2843,1756
07042,11682,5570
07043,4499,3601
07044,5997,4543
07045,3707,3533
07046,1451,1377
07047,25024,9828
07050,13412,2972
07052,18300,12267
07054,12497,6050
07055,21019,4798
07057,5153,1900
07058,2261,1499
07059,5924,4996
07060,16154,5821
07062,4960,2984
07063,4119,2493
07064,1210,1080
07065,12811,6493
07066,6084,4527
07067,6243,5465
07068,2470,1989
07069,2471,2076
07070,7163,4386
07071,9839,5608
07072,2733,1610
07073,4325,1493
07074,985,647
07075,3888,2469
07076,9037,7094
07077,1302,892
07078,4433,3908
07079,6131,3903
07080,8433,7041
07081,6844,4122
07082,2107,1976
07083,20792,14825
07086,9399,2467
07087,27442,5271
07088,1140,618
07090,11093,8568
07092,2616,2206
07093,27451,6307
07094,9109,4200
07095,8132,4093
07102,6574,347
07103,13832,3005
07104,21762,5176
07105,20608,3324
07106,13633,4411
07107,16084,4995
07108,12862,1977
07109,15045,7975
07110,11981,7936
07111,24176,6494
07112,11779,3237
07114,4694,962
07201,10404,1893
07202,15866,4008
07203,8430,4247
07204,5373,3122
07205,7550,5037
07206,9712,2467
07208,12958,3296
07302,30163,6816
07304,21211,5160
07305,28297,11201
07306,24770,5416
07307,18762,6066
07310,8149,788
07311,1284,0
07401,2505,1805
07403,3079,2078
07405,6990,5425
07407,7561,4171
07410,12392,9629
07416,2837,1629
07417,3886,3333
07418,881,875
07419,4637,3442
07420,1873,1282
07421,3257,2696
07422,2528,2078
07423,1532,1297
07424,11243,7276
07430,10058,7934
07432,3112,2086
07435,1353,830
07436,4680,4028
07438,4486,3825
07439,984,759
07440,1598,1409
07442,4235,3298
07444,4908,3894
07446,5267,4395
07450,9166,7394
07452,3755,3341
07456,4241,3966
07457,2038,1419
07458,4210,3546
07460,1220,1109
07461,7972,5718
07462,3589,2615
07463,3486,3019
07465,2594,2155
07470,19396,14691
07480,6239,5223
07481,6278,5363
07501,13119,1971
07502,4861,2471
07503,6560,1665
07504,4105,1511
07505,1692,26
07506,8033,5190
07508,8608,5223
07512,4002,2962
07513,3299,991
07514,6752,1920
07522,7440,1477
07524,4670,961
07601,21405,7802
07603,3203,2142
07604,4544,3065
07605,3581,2341
07606,970,479
07607,3908,2625
07608,35,0
07620,593,481
07621,9677,6656
07624,2723,2159
07626,3200,2488
07627,1746,1520
07628,6781,4686
07630,2641,2353
07631,12047,5935
07632,2029,1617
07640,1858,1706
07641,1186,1001
07642,3479,3063
07643,4672,1957
07644,9864,3880
07645,3188,2596
07646,6428,3860
07647,1777,1361
07648,2048,1589
07649,2749,2410
07650,7612,2740
07652,8898,6877
07656,3410,2678
07657,4192,1910
07660,5389,2930
07661,4479,3320
07662,2377,1850
07663,5457,3562
07666,13851,10307
07670,5415,3768
07675,10049,7666
07676,3363,3130
07677,2221,1882
07701,11082,7015
07702,1526,1255
07703,46,0
07704,2082,1914
07711,920,471
07712,19321,8505
07716,3931,2604
07717,1254,577
07718,2603,2438
07719,10753,6775
07720,2836,975
07721,1687,921
07722,3723,3346
07723,1194,226
07724,10424,6943
07726,16822,14279
07727,2951,2339
07728,21150,15812
07730,6713,5935
07731,14102,12451
07732,3040,1695
07733,6318,5669
07734,5349,2879
07735,8411,6056
07737,1615,1383
07738,2445,2160
07739,2352,2155
07740,15208,5447
07746,6115,5772
07747,13134,9550
07748,10446,8929
07750,1884,1221
07751,7567,6699
07753,16701,10970
07755,2411,1568
07756,2831,1058
07757,2620,2328
07758,1653,1272
07760,3845,3110
07762,5109,2640
07764,3030,1982
07801,9442,4437
07803,1463,1228
07821,3779,3204
07822,338,310
07823,3643,2307
07825,3704,3133
07826,2676,1935
07827,1854,1481
07828,5970,3180
07830,2746,2601
07831,20,20
07832,1412,1212
07833,30,24
07834,7122,5737
07836,4777,3139
07838,1451,1158
07840,12974,9033
07842,26,26
07843,4917,3898
07844,58,9
07846,12,12
07847,685,537
07848,1694,1419
07849,3648,3109
07850,2722,2059
07851,142,123
07852,1629,1250
07853,4309,3997
07856,2441,1408
07857,1973,963
07860,11473,8361
07863,1618,1423
07865,1086,861
07866,8863,7035
07869,9124,6935
07870,22,22
07871,8367,7140
07874,3325,2984
07876,3348,3064
07878,316,316
07880,77,77
07881,3,0
07882,6290,4327
07885,4947,2966
07901,9477,6212
07920,10943,8927
07921,4072,3162
07922,4474,4117
07924,2683,2349
07926,23,11
07927,1825,1067
07928,6837,5501
07930,2849,2598
07931,1405,1043
07932,4880,3159
07933,1163,1080
07934,603,515
07935,241,201
07936,4162,3820
07939,31,0
07940,5733,3575
07945,3651,3198
07946,1051,956
07950,8460,6273
07960,18978,11346
07970,73,73
07974,4995,3890
07976,148,92
07977,263,147
07979,64,64
07980,824,569
07981,3723,3279
08001,359,324
08002,9967,6220
08003,12049,9821
08004,4238,3388
08005,11671,9452
08006,1273,189
08007,2602,1407
08008,16979,3069
08009,5764,4305
08010,4995,3321
08011,17,17
08012,16192,10682
08014,101,101
08015,7864,5958
08016,13842,9483
08019,384,317
08020,1011,973
08021,22195,9985
08022,3709,3407
08023,125,74
08026,855,726
08027,2010,1681
08028,9006,5076
08029,2217,1627
08030,5470,3022
08031,5118,3155
08032,62,62
08033,6914,4808
08034,8108,6127
08035,3326,2462
08036,2601,2289
08037,9682,6963
08038,166,101
08039,12,12
08041,384,342
08042,30,30
08043,12688,7830
08045,1288,801
08046,11482,8780
08048,5024,3516
08049,2289,1632
08050,14182,9907
08051,4602,3609
08052,9401,4182
08053,20090,13877
08054,19966,14695
08055,11103,9510
08056,1770,1688
08057,8382,6562
08059,2408,1516
08060,10198,7117
08061,1619,1540
08062,5796,5190
08063,1144,910
08064,38,38
08065,3406,2285
08066,3605,2023
08067,632,499
08068,2888,1678
08069,5838,2853
08070,5802,4103
08071,3984,2778
08072,83,64
08073,9,9
08075,12092,7809
08077,7497,6153
08078,3338,2154
08079,5213,2521
08080,14746,12547
08081,18361,14563
08083,3973,3032
08084,2574,1846
08085,7424,5920
08086,3950,2666
08087,12982,8902
08088,10011,9139
08089,1515,1352
08090,3158,2731
08091,2588,1788
08092,1475,1010
08093,4473,2294
08094,15878,12608
08096,15013,10132
08097,1164,1065
08098,3589,2428
08102,3387,778
08103,5384,1474
08104,9821,2752
08105,8681,3468
08106,3996,2571
08107,6180,3010
08108,9173,5537
08109,9314,6381
08110,6738,4601
08201,4286,2611
08202,5668,802
08203,9340,2958
08204,13101,6381
08205,11660,8923
08210,8374,6007
08212,655,84
08215,5813,4074
08217,21,21
08221,2859,2352
08223,2352,1687
08224,69,53
08225,3447,2897
08226,20905,4070
08230,2669,2173
08232,7136,3233
08234,17728,14197
08240,3,3
08241,477,434
08242,2083,1461
08243,6719,1055
08244,5898,2434
08245,16,16
08246,95,26
08247,3290,446
08248,492,75
08251,6716,4103
08260,23076,4450
08270,3717,2587
08302,16038,8454
08310,723,519
08311,675,504
08312,3558,2360
08314,200,190
08316,58,27
08317,648,482
08318,4648,3743
08319,542,445
08321,298,77
08322,3687,3108
08323,338,286
08324,90,50
08326,539,359
08327,223,153
08328,574,426
08329,117,117
08330,12800,8572
08332,15063,9589
08340,399,300
08341,812,443
08343,1561,1326
08344,2362,1860
08345,495,351
08346,237,189
08348,101,43
08349,1043,564
08350,341,287
08352,69,40
08353,126,104
08360,16797,10208
08361,6760,5339
08401,20116,4971
08402,6940,2356
08403,1656,501
08406,7772,2822
08501,2495,2228
08502,4049,3320
08505,7792,5159
08510,1891,1819
08511,344,209
08512,5237,3080
08514,2156,1737
08515,2556,2284
08518,2165,1455
08520,11271,7404
08525,2024,1638
08527,21755,17789
08528,211,195
08530,3816,2787
08533,2625,1880
08534,5107,4157
08535,1715,1438
08536,8894,3779
08540,19255,11438
08542,1294,439
08544,12,0
08550,7839,5902
08551,2196,1857
08553,319,242
08554,1521,1288
08555,376,298
08558,2758,2334
08559,2198,1814
08560,1475,1291
08561,152,63
08562,1768,1196
08608,645,55
08609,5347,1379
08610,12363,8162
08611,11638,3947
08618,15284,5625
08619,9761,6522
08620,4195,3212
08628,4539,2712
08629,4559,3011
08638,10148,5137
08640,1071,1
08641,1497,29
08648,12217,7912
08690,8068,6377
08691,7322,5333
08701,33539,15861
08720,287,208
08721,9343,7009
08722,4180,3573
08723,14075,10365
08724,17799,13765
08730,2093,1736
08731,9663,7292
08732,829,674
08733,1117,645
08734,3028,2560
08735,7244,1631
08736,6155,4622
08738,1720,581
08740,1231,609
08741,1224,1067
08742,12604,8333
08750,2032,1304
08751,5319,1225
08752,4137,976
08753,27900,20316
08755,11318,8520
08757,19302,15583
08758,3765,2837
08759,22101,17270
08801,2732,2297
08802,1604,1490
08804,1230,895
08805,5524,2546
08807,14302,11465
08809,2353,1770
08810,2814,2329
08812,4916,3487
08816,17242,13443
08817,17260,8964
08820,13215,9855
08821,140,124
08822,12274,9672
08823,3445,2307
08824,4799,4154
08825,2139,1596
08826,2249,1875
08827,1644,1384
08828,1008,648
08829,1485,1167
08830,6618,4204
08831,24898,21380
08832,868,175
08833,3682,3028
08835,4538,3114
08836,1461,1402
08837,7670,3693
08840,6552,4863
08844,16168,13127
08846,5703,4042
08848,3100,2745
08850,3165,2466
08852,6721,4388
08853,2057,1464
08854,18069,11244
08857,16241,10602
08859,9067,5229
08861,21032,7136
08863,4770,3371
08865,14146,9318
08867,2021,1796
08869,3257,1714
08872,7837,4359
08873,22142,14562
08876,9717,6025
08879,9737,5504
08880,1870,1039
08882,5789,3659
08884,3318,2766
08886,2250,2104
08887,606,322
08889,4449,3945
08890,44,0
08901,17071,3462
08902,15892,9045
08904,6858,2533
10001,17554,3570
10002,39646,6660
10003,30730,8701
10004,2146,630
10005,6495,880
10006,2605,402
10007,3711,1159
10009,32375,2687
10010,19014,4453
10011,35049,10180
10012,14568,2562
10013,15933,3723
10014,21835,5052
10016,36985,8345
10017,12866,2914
10018,5678,580
10019,33279,5813
10021,29248,9165
10022,25686,9017
10023,46272,14576
10024,36723,11398
10025,47649,12584
10026,17648,3574
10027,28038,3846
10028,29535,9447
10029,36955,2304
10030,14602,1754
10031,24110,3008
10032,23178,1780
10033,21338,3035
10034,16599,1547
10035,16340,1484
10036,22473,1673
10037,11218,912
10038,12624,3040
10039,13300,1841
10040,17020,2511
10044,6004,1072
10065,22734,5542
10069,3647,935
10075,16415,5732
10128,35940,9725
10152,99,0
10162,1034,0
10279,130,0
10280,5015,1368
10282,2950,280
10301,16631,6435
10302,6927,3493
10303,9580,5448
10304,17524,7856
10305,16850,10158
10306,21299,14143
10307,5390,4285
10308,11093,8231
10309,12770,9535
10310,9909,5078
10312,22547,17426
10314,33554,23446
10451,21850,2919
10452,28854,951
10453,28801,1404
10454,15397,948
10455,16608,1692
10456,33321,2144
10457,27795,1667
10458,30592,1134
10459,18678,2119
10460,24085,2431
10461,20418,5990
10462,31828,6755
10463,30602,10342
10464,2255,1434
10465,17200,9109
10466,26303,10255
10467,40582,5195
10468,29553,2442
10469,25082,11942
10470,6869,2851
10471,9453,5292
10472,24259,3445
10473,23234,6442
10474,4092,330
10475,19333,8388
10501,486,453
10502,2002,1585
10503,143,63
10504,2665,2410
10505,495,343
10506,2408,2152
10507,2024,1169
10509,7839,5727
10510,3942,3080
10511,849,715
10512,9874,7616
10514,4205,3593
10516,2603,1666
10517,165,111
10518,533,359
10519,107,0
10520,5425,3461
10522,4074,2401
10523,3727,1808
10524,1850,1332
10526,795,666
10527,191,173
10528,5101,2667
10530,6795,5555
10532,1887,1588
10533,2999,2146
10535,196,50
10536,3749,3037
10537,984,670
10538,7017,5260
10541,9614,7806
10543,8141,4558
10546,502,407
10547,2956,1850
10548,1401,979
10549,6339,4320
10550,16865,4394
10552,10143,6093
10553,3801,1700
10560,1851,1397
10562,12745,7490
10566,11752,6308
10567,7086,6114
10570,4481,3674
10573,14592,7910
10576,1974,1696
10577,875,712
10578,568,568
10579,3642,2720
10580,6614,4447
10583,14914,11956
10588,1172,723
10589,4020,3212
10590,2820,2482
10591,10566,5133
10594,1820,1599
10595,2543,1725
10596,450,239
10597,234,194
10598,10994,9113
10601,6031,2003
10603,7624,4577
10604,4436,2296
10605,8537,5909
10606,6920,2411
10607,2291,1844
10701,28252,7563
10703,7925,4080
10704,12576,7622
10705,15620,5453
10706,3413,2673
10707,4186,2227
10708,10004,7122
10709,3897,2851
10710,10107,7060
10801,16912,6237
10803,4360,3423
10804,5327,4996
10805,8731,3663
10901,9674,6737
10911,8,0
10913,1572,1479
10914,156,156
10916,1545,1361
10917,611,422
10918,4607,3423
10919,539,539
10920,2940,2545
10921,1630,1334
10922,557,287
10923,2909,1775
10924,5178,3687
10925,2220,1420
10926,1495,925
10927,4180,2020
10928,2442,1352
10930,3647,3164
10931,403,203
10932,7,7
10933,131,70
10940,19930,11883
10941,5486,3221
10950,17531,9966
10952,11743,4778
10953,26,0
10954,10041,6597
10956,9892,9009
10958,904,751
10960,6680,3455
10962,1678,1430
10963,1281,799
10964,567,474
10965,5937,4264
10968,1345,716
10969,478,408
10970,4138,3082
10973,817,655
10974,1286,1022
10975,152,46
10976,681,381
10977,17339,7507
10979,43,43
10980,5081,4207
10983,1926,1757
10984,916,837
10985,6,6
10986,621,508
10987,1646,1145
10988,235,134
10989,3379,2810
10990,8394,6013
10992,3559,2758
10993,1462,828
10994,2178,2075
10996,1241,0
10998,1273,1038
11001,8923,7283
11003,12641,9710
11004,5394,3539
11005,2011,1476
11010,8577,7038
11020,1893,1530
11021,8705,5541
11023,3398,2547
11024,2454,1775
11030,6531,5414
11040,14608,12326
11050,12329,8161
11096,2706,1252
11101,27093,3043
11102,19431,1923
11103,18833,2676
11104,13224,2627
11105,17518,3855
11106,21681,3264
11109,4826,729
11201,36155,11776
11203,33434,11890
11204,27498,8943
11205,19200,5007
11206,34838,3670
11207,38030,9492
11208,37261,8921
11209,33286,10879
11210,22817,9075
11211,29068,4520
11212,34782,4512
11213,29186,4189
11214,33341,10520
11215,32197,12162
11216,28825,6207
11217,21590,5640
11218,27403,9880
11219,27973,6363
11220,30897,7824
11221,38690,7804
11222,21917,3586
11223,28857,9453
11224,21354,5654
11225,26703,4544
11226,42618,5303
11228,16336,8259
11229,33353,14541
11230,34269,9452
11231,18265,5203
11232,10004,2258
11233,34412,7573
11234,35167,21652
11235,37188,13081
11236,37002,16816
11237,18801,2001
11238,29588,7691
11239,8883,625
11249,18958,3019
11354,22979,8641
11355,32049,9185
11356,9003,4122
11357,16586,12027
11358,13806,7966
11360,9874,6639
11361,11934,6782
11362,7634,5477
11363,3002,2076
11364,14527,9710
11365,16626,7701
11366,4915,3078
11367,15693,7050
11368,31165,6590
11369,13893,5611
11370,11679,4266
11372,26613,8773
11373,34797,8962
11374,21197,7761
11375,35415,17214
11377,34928,9815
11378,14522,6966
11379,15237,8070
11385,40175,11389
11411,6775,5530
11412,12821,8989
11413,14485,9967
11414,12223,8826
11415,9794,3812
11416,8047,3780
11417,9855,5472
11418,12072,5668
11419,13607,8063
11420,14835,10026
11421,12776,6300
11422,10694,7062
11423,10307,5643
11426,6813,4479
11427,8435,5281
11428,6335,4415
11429,8601,5856
11432,21618,7549
11433,11849,5127
11434,23787,11090
11435,21180,7080
11436,6617,4113
11501,9174,5805
11507,2432,2028
11509,1193,679
11510,11463,9775
11514,1758,1273
11516,3346,2190
11518,4235,3108
11520,14912,10061
11530,10178,8499
11542,11374,5963
11545,4686,3937
11547,328,262
11548,421,363
11550,19579,8669
11552,7736,6773
11553,7365,5379
11554,12128,10514
11557,2792,2480
11558,3317,1996
11559,2849,1980
11560,2534,1994
11561,18442,10639
11563,8088,5705
11565,3466,3082
11566,11723,11046
11568,1090,951
11569,805,431
11570,11368,8113
11572,10811,9601
11575,4597,3386
11576,4552,4007
11577,4453,3979
11579,1977,1441
11580,13582,10801
11581,7423,5886
11590,15497,11710
11596,3450,2809
11598,4079,3368
11691,23400,6465
11692,8475,2654
11693,5850,2491
11694,9103,4062
11697,2837,1626
11701,9544,6090
11702,5939,4557
11703,5665,4704
11704,13406,9524
11705,2988,2522
11706,21435,14458
11709,2803,2231
11710,11717,10246
11713,3788,2121
11714,7925,7059
11715,1742,1435
11716,3535,2828
11718,1033,994
11719,1174,810
11720,9407,7489
11721,2497,2338
11722,10824,7606
11724,1059,926
11725,9452,8525
11726,6492,4521
11727,11851,7493
11729,9104,7324
11730,5230,4312
11731,11073,9786
11732,1504,964
11733,6547,5147
11735,11435,9145
11738,5888,4438
11739,508,443
11740,3662,2942
11741,9310,6969
11742,4610,3675
11743,16138,13931
11746,22528,18416
11747,7871,6664
11749,1324,1195
11751,5246,4177
11752,3180,2647
11753,4132,3329
11754,7078,5869
11755,4146,3246
11756,14169,13093
11757,15212,12096
11758,19297,17588
11762,7783,7510
11763,10001,8599
11764,4605,3348
11765,276,215
11766,4040,3743
11767,4961,4458
11768,8581,7559
11769,3783,2895
11770,1226,44
11771,4048,2658
11772,18478,12116
11776,8707,6323
11777,3893,2694
11778,5028,4481
11779,14145,9915
11780,5907,4833
11782,6680,4111
11783,7320,6614
11784,8759,7218
11786,1951,1815
11787,12147,10223
11788,5818,4661
11789,2888,2372
11790,4856,4036
11791,8316,7464
11792,3343,3008
11793,10774,9974
11795,8166,7684
11796,1348,1071
11797,3194,2744
11801,13068,11331
11803,10794,9619
11804,1521,1285
11901,13126,7986
11930,1970,267
11931,11,0
11932,1701,265
11933,3704,2589
11934,2819,2537
11935,2018,1064
11937,14277,6610
11939,1222,659
11940,2212,1386
11941,1019,784
11942,3471,2049
11944,3106,1298
11946,9098,5083
11947,100,69
11948,667,303
11949,5162,4329
11950,5039,3892
11951,5352,4021
11952,2773,1908
11953,5848,3509
11954,4565,1305
11955,1626,593
11956,291,123
11957,1095,634
11958,558,228
11959,1377,184
11960,1118,429
11961,6142,4972
11962,942,252
11963,6304,2942
11964,2483,1029
11965,789,225
11967,8922,7745
11968,10444,4753
11970,423,224
11971,3963,2237
11972,240,76
11973,73,0
11975,662,201
11976,2550,1036
11977,1594,971
11978,3936,1373
11980,2467,1732
12007,136,129
12008,201,201
12009,3238,2442
12010,13436,7196
12015,2244,1286
12017,318,201
12018,3123,2374
12019,6911,5302
12020,15787,10105
12022,455,322
12023,906,683
12024,45,43
12025,3211,1877
12027,1715,1449
12028,399,336
12029,755,417
12031,110,67
12032,1302,323
12033,3843,2771
12035,227,180
12036,192,89
12037,2035,1225
12040,20,20
12041,162,132
12042,111,78
12043,3292,1915
12045,234,116
12046,291,223
12047,10963,4615
12051,1732,971
12052,876,649
12053,1997,1618
12054,7221,5299
12056,805,716
12057,854,674
12058,823,518
12059,1020,607
12060,987,687
12061,4144,3058
12062,865,617
12063,299,299
12064,275,106
12065,19506,12936
12066,864,663
12067,554,452
12068,1138,849
12069,117,117
12070,790,541
12071,128,76
12072,1186,824
12074,1577,1081
12075,1348,887
12076,1162,543
12077,2742,2042
12078,11668,6041
12082,3,3
12083,1492,965
12084,2332,533
12085,145,15
12086,864,591
12087,699,575
12090,2714,1646
12092,705,451
12093,1107,533
12094,846,800
12095,5808,3521
12106,1053,824
12108,703,114
12110,8269,5221
12115,73,41
12116,930,535
12117,1767,1053
12118,8079,5158
12120,313,223
12121,798,714
12122,2395,1364
12123,2346,1713
12124,140,116
12125,619,345
12130,229,116
12131,143,74
12132,103,93
12134,2906,1349
12136,536,351
12137,907,679
12138,1661,1067
12139,656,98
12140,646,561
12143,2523,1699
12144,10474,5649
12147,323,214
12148,1949,1485
12149,1318,711
12150,323,279
12151,496,379
12153,506,336
12154,1280,1091
12155,1007,627
12156,318,280
12157,1853,1496
12158,3205,1946
12159,3980,2758
12160,421,268
12161,23,11
12164,787,170
12165,135,109
12166,677,511
12167,1486,701
12168,793,561
12169,226,170
12170,2327,1625
12172,62,1
12173,835,592
12174,258,195
12175,620,269
12176,224,133
12177,146,139
12180,25527,10441
12182,7314,3303
12183,1758,373
12184,3415,2299
12185,726,543
12186,2718,2227
12187,450,274
12188,5197,3561
12189,9887,3593
12190,746,201
12192,598,412
12193,1104,794
12194,149,62
12195,81,67
12196,1308,1188
12197,1222,743
12198,3069,2206
12202,5434,1170
12203,14755,6549
12204,4290,1174
12205,12061,8147
12206,8641,1681
12207,1553,17
12208,11522,4727
12209,4768,2966
12210,6580,1293
12211,4561,3964
12222,54,0
12302,12406,8559
12303,12533,8503
12304,9438,5489
12305,4103,514
12306,12481,8151
12307,3491,849
12308,6442,2645
12309,13623,10616
12401,16914,8599
12404,2512,1365
12405,486,193
12406,653,230
12407,66,46
12409,625,377
12410,559,228
12411,185,141
12412,260,246
12413,1807,845
12414,5342,2876
12416,209,86
12417,437,388
12418,450,123
12419,421,311
12420,188,129
12421,455,96
12422,426,201
12423,690,348
12424,438,145
12427,366,125
12428,3762,1732
12429,56,0
12430,1236,479
12431,900,567
12432,289,92
12433,366,189
12434,550,328
12435,196,68
12436,355,199
12438,57,26
12439,547,140
12440,865,565
12441,208,18
12442,1310,152
12443,1772,1450
12444,477,156
12446,2775,1755
12448,210,68
12449,1194,621
12450,140,65
12451,545,371
12452,19,14
12453,197,73
12454,308,124
12455,1697,684
12456,291,237
12457,615,357
12458,985,718
12459,155,37
12460,161,119
12461,903,568
12463,825,561
12464,972,413
12465,273,146
12466,884,718
12468,1262,538
12469,720,399
12470,321,197
12471,274,245
12472,759,366
12473,428,224
12474,1015,417
12475,271,174
12477,9483,5547
12480,394,194
12481,555,513
12482,276,107
12483,129,38
12484,1479,1255
12485,815,163
12486,689,474
12487,1693,1160
12489,81,47
12491,935,787
12492,314,110
12493,163,56
12494,638,332
12495,229,148
12496,2006,503
12498,2926,1845
12501,1062,571
12502,599,405
12503,530,236
12507,86,30
12508,8798,4843
12512,139,98
12513,196,127
12514,1556,1273
12515,681,416
12516,990,635
12517,158,83
12518,2474,1642
12520,1359,932
12521,1326,740
12522,2135,1185
12523,1315,811
12524,6702,4230
12525,976,433
12526,1838,1239
12527,19,19
12528,6332,4043
12529,1754,825
12530,42,42
12531,1085,751
12533,9419,7915
12534,9613,4833
12538,5609,3677
12540,3318,2738
12542,2459,1719
12543,1519,758
12544,22,22
12545,2492,1216
12546,1594,976
12547,1358,880
12548,354,270
12549,3918,2977
12550,22204,11220
12553,11150,7482
12561,7081,3787
12563,2276,1855
12564,3169,2226
12565,744,338
12566,4454,3163
12567,1434,872
12569,4266,2761
12570,2252,1901
12571,4454,3286
12572,4785,2992
12574,241,185
12575,564,478
12577,620,539
12578,1044,760
12580,1695,1450
12581,1144,678
12582,1735,1507
12583,1027,550
12585,478,426
12586,4711,3056
12589,5871,4218
12590,14563,9782
12592,508,313
12594,1605,1138
12601,17972,7554
12603,17468,12189
12604,59,0
12701,7188,2027
12719,816,399
12720,109,101
12721,2876,1846
12723,1212,634
12724,87,33
12725,247,64
12726,773,495
12729,688,378
12732,702,440
12733,1221,12
12734,601,190
12736,149,74
12737,1089,626
12738,167,52
12740,1095,602
12741,308,75
12742,103,46
12743,285,155
12745,26,6
12746,279,209
12747,1036,543
12748,1022,565
12749,384,97
12750,62,24
12751,654,245
12752,260,112
12754,3783,1409
12758,3114,1713
12759,1085,230
12760,364,144
12762,306,97
12763,615,330
12764,1477,701
12765,364,304
12766,392,205
12767,74,48
12768,784,269
12769,191,150
12770,137,95
12771,6163,3479
12775,1506,825
12776,1882,673
12777,498,314
12778,878,175
12779,1562,393
12780,1162,750
12781,92,60
12783,1473,506
12784,16,0
12785,379,318
12786,926,235
12787,79,77
12788,1341,635
12789,1985,549
12790,2827,1483
12791,330,188
12792,286,95
12801,7287,3464
12803,3819,2128
12804,13287,9228
12808,492,144
12809,1815,1287
12810,305,208
12811,98,65
12812,262,89
12814,1804,571
12815,1208,430
12816,2581,1731
12817,2115,792
12819,208,94
12820,45,7
12821,132,68
12822,3246,1853
12823,245,213
12824,967,439
12827,1862,1313
12828,3974,3118
12831,7228,5393
12832,3136,2083
12833,2327,1887
12834,2996,2258
12835,2773,1076
12836,729,229
12837,389,284
12838,322,234
12839,6515,3531
12841,362,66
12842,1320,358
12843,450,266
12844,414,86
12845,3441,1491
12846,2338,1286
12847,1130,251
12849,118,84
12850,1248,896
12851,246,129
12852,663,156
12853,1070,483
12854,40,40
12855,241,92
12856,336,88
12857,635,283
12858,329,87
12859,739,569
12860,268,122
12861,538,196
12862,95,48
12863,363,251
12864,103,4
12865,1654,1110
12866,20462,11293
12870,1852,641
12871,1844,1229
12872,83,0
12873,452,229
12874,370,65
12878,502,243
12883,2845,1358
12884,248,130
12885,2724,1704
12886,117,87
12887,2163,1241
12901,15426,7736
12903,931,471
12910,824,531
12911,33,12
12912,1011,662
12913,651,356
12914,439,243
12915,36,25
12916,1060,665
12917,553,373
12918,1243,1082
12919,1262,817
12920,1530,859
12921,1313,840
12922,91,15
12923,286,178
12924,111,15
12926,1176,865
12927,521,157
12928,1110,724
12929,412,255
12930,412,299
12932,872,481
12933,3,3
12934,535,332
12935,903,422
12936,646,267
12937,664,455
12939,97,61
12941,1062,574
12942,605,246
12943,419,84
12944,2008,1223
12945,539,197
12946,3923,1688
12950,417,273
12952,266,63
12953,5693,3106
12955,389,190
12956,613,417
12957,868,474
12958,944,682
12959,927,815
12960,477,441
12961,119,78
12962,2412,1951
12964,98,24
12965,177,120
12966,1433,1016
12967,461,375
12969,397,98
12970,390,130
12972,2965,2488
12973,97,55
12974,914,586
12975,119,70
12976,264,95
12977,32,8
12978,81,81
12979,1344,677
12980,1151,476
12981,1061,731
12983,4664,2007
12985,378,278
12986,3617,1623
12987,144,84
12989,879,440
12992,1837,1318
12993,1227,614
12996,1553,735
12997,818,440
12998,233,141
13020,41,36
13021,18847,10652
13026,755,408
13027,15276,10323
13028,616,321
13029,3304,2275
13030,1797,1258
13031,7414,5430
13032,6217,4222
13033,1475,1129
13034,1119,695
13035,3345,2576
13036,3959,2858
13037,3987,2789
13039,7241,5750
13040,1274,825
13041,4686,4076
13042,948,699
13044,1216,1063
13045,12420,6517
13051,35,35
13052,1054,541
13053,2099,1348
13054,542,421
13057,6744,4807
13060,1329,1116
13061,634,293
13062,122,83
13063,810,716
13065,74,74
13066,5971,4470
13068,2165,1410
13069,10593,6509
13071,305,221
13072,474,279
13073,2803,1964
13074,1930,1400
13076,1028,946
13077,3245,2333
13078,3949,3251
13080,1681,1095
13081,732,429
13082,1808,1530
13083,931,599
13084,1627,1195
13087,167,94
13088,11242,6226
13090,12591,8421
13092,1116,836
13101,987,734
13102,41,33
13103,122,106
13104,6575,5219
13108,2799,2149
13110,1297,816
13111,720,560
13112,800,561
13113,22,20
13114,3351,2342
13115,89,61
13116,1467,1123
13117,91,62
13118,2702,1689
13120,800,701
13122,671,523
13123,35,35
13124,73,40
13126,15668,9005
13131,1306,1023
13132,1813,1541
13134,37,27
13135,2592,1753
13136,210,135
13138,75,75
13140,1895,1301
13141,296,223
13142,3465,1950
13143,1034,806
13144,782,381
13145,1063,593
13146,828,593
13147,476,307
13148,5565,3378
13152,4044,2560
13153,161,161
13154,13,13
13155,345,222
13156,1629,844
13157,671,234
13158,650,400
13159,2273,1780
13160,1000,624
13162,287,112
13163,120,118
13164,978,836
13165,4501,2825
13166,2629,1973
13167,1339,1116
13202,3525,295
13203,9092,2806
13204,10410,2479
13205,8868,3417
13206,8460,4339
13207,5954,3575
13208,10325,4352
13209,6374,4145
13210,9774,2191
13211,2624,1974
13212,9213,6836
13214,3417,2172
13215,5925,4737
13219,6551,5302
13224,3948,2421
13244,24,0
13301,111,48
13302,986,504
13303,642,492
13304,796,552
13305,182,137
13308,2026,1471
13309,2804,1829
13310,389,208
13312,638,138
13313,284,170
13314,62,34
13315,651,417
13316,3175,2387
13317,1548,1015
13318,424,369
13319,306,159
13320,1039,648
13321,600,298
13322,573,361
13323,4664,3007
13324,1372,713
13325,685,360
13326,2724,1369
13327,1224,623
13328,580,504
13329,1685,997
13331,953,98
13332,1172,751
13333,33,14
13334,783,304
13335,613,340
13337,486,188
13338,1495,543
13339,2703,1708
13340,3427,2655
13342,83,79
13343,1179,610
13345,126,65
13346,2261,1231
13348,732,504
13350,4709,2585
13352,41,1
13353,278,28
13354,1259,1123
13355,391,277
13357,5101,3086
13360,819,71
13361,314,191
13363,1017,883
13364,147,131
13365,4066,2633
13367,4546,2714
13368,561,388
13402,712,440
13403,2082,1576
13404,63,37
13406,222,162
13407,2283,1660
13408,984,658
13409,966,768
13410,361,204
13411,1484,913
13413,7537,5430
13415,45,45
13416,973,723
13417,1869,759
13418,92,34
13420,2441,375
13421,5953,3788
13424,1023,802
13425,803,565
13428,742,482
13431,830,619
13433,898,529
13435,150,110
13436,487,32
13437,645,116
13438,1944,1206
13439,2192,1104
13440,19286,11108
13441,92,0
13450,99,47
13452,2216,1438
13454,418,309
13455,25,25
13456,1549,1246
13457,55,14
13459,992,595
13460,1923,1212
13461,1428,995
13464,704,435
13468,156,84
13469,441,393
13470,621,217
13471,1232,898
13472,343,115
13473,526,394
13475,27,17
13476,1307,730
13477,640,485
13478,1547,1305
13480,1436,964
13482,55,29
13483,174,63
13484,49,49
13485,653,467
13486,386,275
13488,128,62
13489,255,157
13490,483,483
13491,1526,1061
13492,4983,3677
13493,971,699
13494,559,124
13495,965,561
13501,17071,7652
13502,15337,8245
13601,18653,8134
13602,6,0
13603,5329,166
13605,2497,1511
13606,930,759
13607,2079,661
13608,852,551
13611,201,97
13612,1458,861
13613,1208,840
13614,110,68
13615,297,176
13616,820,276
13617,4645,2559
13618,2244,663
13619,4649,2327
13620,900,587
13621,345,190
13622,1335,703
13623,53,43
13624,3431,1221
13625,1119,625
13626,1167,745
13628,94,61
13630,455,391
13632,46,24
13633,211,134
13634,2046,1276
13635,492,359
13636,56,40
13637,2491,675
13638,106,71
13639,25,20
13640,810,141
13641,252,43
13642,4214,2513
13643,10,10
13646,2236,659
13647,68,21
13648,1719,803
13649,39,22
13650,1514,458
13651,143,74
13652,898,509
13654,1079,723
13655,1314,941
13656,1190,787
13658,1028,802
13659,362,134
13660,757,577
13661,1227,664
13662,7785,4755
13664,267,109
13665,345,270
13666,158,52
13667,1597,928
13668,1494,1133
13669,7419,4394
13670,409,150
13672,418,110
13673,871,469
13674,61,61
13675,38,16
13676,5955,3108
13678,47,0
13679,1325,410
13680,502,386
13681,461,315
13682,343,251
13683,19,0
13684,711,395
13685,1444,638
13687,529,190
13690,477,225
13691,1692,872
13692,515,74
13693,1019,155
13694,607,416
13695,161,48
13696,89,36
13697,877,684
13699,4,0
13730,1595,940
13731,1165,478
13732,3162,2636
13733,2637,2043
13734,959,858
13736,868,715
13738,38,8
13739,564,280
13740,491,229
13743,1474,998
13744,472,376
13746,1145,900
13748,1894,1334
13750,499,223
13751,108,93
13752,565,276
13753,2339,1284
13754,1990,964
13755,714,255
13756,669,251
13757,675,428
13760,20988,12548
13774,167,91
13775,1041,647
13776,237,140
13777,230,150
13778,2702,1639
13780,553,294
13782,643,247
13783,1918,795
13784,147,99
13786,310,199
13787,1678,1158
13788,646,332
13790,9585,4556
13795,1547,1207
13796,566,304
13797,856,623
13801,1042,591
13802,611,479
13803,1715,1267
13804,209,82
13806,70,66
13807,719,388
13808,751,469
13809,843,543
13810,648,408
13811,1854,1476
13812,997,737
13813,412,299
13814,8,8
13815,6445,3638
13820,10083,5225
13825,1573,942
13826,39,33
13827,5108,3292
13830,2452,1673
13832,286,181
13833,1741,1141
13834,65,56
13835,612,434
13838,2126,857
13839,877,473
13841,274,142
13842,353,206
13843,913,658
13844,247,169
13846,199,126
13847,12,12
13849,2472,1532
13850,10427,7286
13856,3652,2026
13859,61,32
13860,87,65
13861,317,168
13862,1674,1098
13863,310,163
13864,763,520
13865,3127,2256
13901,10148,4780
13903,8620,5234
13904,3962,2287
13905,13774,5675
14001,4477,3175
14004,4386,3617
14005,674,564
14006,5012,3662
14008,658,490
14009,2877,2123
14011,2332,1733
14012,1375,1001
14013,653,530
14020,10930,6636
14024,831,523
14025,1692,1334
14026,376,245
14027,57,40
14028,794,602
14029,40,17
14030,791,622
14031,4539,3303
14032,3936,3474
14033,727,576
14034,865,693
14035,47,26
14036,2521,2045
14037,382,340
14039,49,39
14040,620,576
14041,114,55
14042,2052,1366
14043,11743,7901
14047,2707,2076
14048,7506,4256
14051,8424,6606
14052,7603,6070
14054,571,421
14055,709,605
14056,104,104
14057,3230,2755
14058,915,758
14059,3803,3043
14060,215,146
14061,36,31
14062,1489,1127
14063,5861,3481
14065,738,606
14066,531,422
14067,1933,1573
14068,3439,2118
14069,262,197
14070,2589,1666
14072,9053,7058
14075,20164,14478
14080,2108,1598
14081,1470,900
14082,175,174
14083,10,10
14085,3135,2978
14086,15486,12631
14091,588,444
14092,5241,3598
14094,23283,15519
14098,1591,905
14101,1073,670
14102,655,607
14103,4769,3212
14105,2149,1587
14108,2354,1804
14111,1390,972
14112,12,12
14113,367,247
14120,20367,13821
14125,1470,927
14126,269,72
14127,13412,9574
14129,515,410
14130,53,33
14131,2198,1754
14132,2372,2017
14134,30,30
14135,73,45
14136,2699,1829
14138,940,558
14139,871,751
14141,3675,2468
14143,550,410
14145,552,442
14150,20152,13743
14166,281,75
14167,936,740
14168,39,39
14169,74,74
14170,964,719
14171,1008,745
14172,1702,1171
14173,87,87
14174,2601,1876
14201,7172,1200
14202,2452,539
14203,1712,44
14204,5514,1292
14206,10677,5892
14207,11317,3517
14208,5884,2551
14209,4729,1429
14210,7813,3270
14211,11498,4328
14212,5935,2584
14213,11397,3476
14214,9280,3600
14215,19203,8178
14216,12773,5496
14217,11280,7283
14218,9478,4832
14219,5612,3954
14220,11286,7382
14221,25281,17956
14222,7355,2598
14223,10586,8303
14224,19286,14017
14225,16253,11544
14226,13282,9134
14227,10476,6661
14228,10601,5470
14301,7285,2554
14302,130,0
14303,3505,1401
14304,13705,9477
14305,8348,4420
14411,5683,3691
14413,42,14
14414,2950,2078
14415,56,28
14416,1620,1316
14418,890,409
14420,8245,4807
14422,700,571
14423,2166,1605
14424,14482,8334
14425,5414,3741
14427,1024,661
14428,3491,2806
14432,2347,1700
14433,1784,1315
14435,1490,971
14437,4469,3261
14441,193,88
14445,3661,2152
14450,19054,14255
14454,3937,1874
14456,9087,5233
14462,273,230
14463,137,122
14464,2907,2310
14466,672,617
14467,4561,3114
14468,7245,6167
14469,2904,2178
14470,3436,2756
14471,2034,1068
14472,3524,2700
14475,105,105
14476,1016,819
14477,851,589
14478,775,285
14479,31,31
14480,504,232
14481,827,696
14482,3889,2804
14485,1789,1311
14486,133,73
14487,2456,1927
14489,3065,1962
14502,4769,3844
14504,743,570
14505,2201,1754
14506,434,390
14507,778,440
14510,2190,1523
14511,168,150
14512,2717,1738
14513,6202,4074
14514,2715,1633
14515,118,93
14516,1062,726
14517,1207,854
14519,5281,4283
14521,1566,943
14522,4313,3049
14525,1083,914
14526,8231,6513
14527,6252,3498
14529,35,26
14530,2808,1660
14532,1873,1425
14533,746,473
14534,12913,11447
14536,369,192
14537,126,114
14539,47,41
14541,1115,573
14542,20,20
14543,1379,1321
14544,1256,623
14545,54,54
14546,2225,1242
14548,1651,1218
14549,264,148
14550,651,450
14551,2673,1835
14555,1015,527
14557,64,49
14559,7412,5574
14560,1279,881
14561,1004,868
14564,7021,5356
14568,2668,2471
14569,3314,1945
14571,631,408
14572,2288,1505
14580,24355,17016
14585,107,79
14586,5108,3646
14589,3396,2531
14590,3383,1859
14591,686,564
14592,68,57
14604,2367,64
14605,5141,1121
14606,11712,6799
14607,11971,1843
14608,6935,1343
14609,19404,11053
14610,7823,3935
14611,8292,2360
14612,16063,11071
14613,6561,1745
14614,142,4
14615,8258,4224
14616,12281,7937
14617,9747,8005
14618,9003,6589
14619,5891,3276
14620,13060,3434
14621,15013,4415
14622,6047,4738
14623,9612,4522
14624,15865,12348
14625,5153,4084
14626,13717,8834
14701,19469,9844
14706,2828,2067
14707,95,43
14708,86,48
14709,857,448
14710,2146,1136
14711,896,527
14712,2273,1337
14714,241,180
14715,1259,737
14716,826,476
14717,1004,309
14718,927,649
14719,1859,1082
14720,376,173
14721,120,66
14722,1271,102
14723,559,400
14724,1288,855
14726,754,513
14727,2759,1634
14728,997,298
14729,535,315
14731,2501,435
14732,25,8
14733,1626,1022
14735,1300,776
14736,320,74
14737,2546,1486
14738,1714,1191
14739,1455,858
14740,557,363
14741,1272,765
14742,104,31
14743,1111,626
14744,552,287
14747,997,656
14748,299,186
14750,2352,1269
14752,109,77
14753,497,319
14754,368,246
14755,1487,876
14756,119,0
14757,2181,1053
14760,8917,4876
14767,880,676
14769,380,276
14770,1299,1044
14772,1936,1459
14774,80,50
14775,1170,698
14777,577,153
14779,3519,1664
14781,900,617
14782,1166,730
14783,122,40
14784,434,275
14785,32,0
14787,2669,1690
14788,52,10
14801,2360,1558
14802,675,309
14803,708,461
14804,772,487
14805,484,313
14806,998,634
14807,1385,1046
14808,240,219
14809,1239,742
14810,6110,3707
14812,1345,1087
14813,1274,783
14814,737,602
14815,739,268
14816,250,210
14817,1358,776
14818,1171,714
14819,358,179
14820,278,177
14821,1357,978
14822,516,311
14823,1856,1154
14824,329,262
14825,362,241
14826,1104,753
14830,9324,5622
14836,547,460
14837,2983,1659
14838,901,769
14839,375,212
14840,2774,1050
14841,495,246
14842,767,210
14843,6353,3361
14845,9370,6551
14846,451,322
14847,1253,767
14850,31772,12600
14854,58,58
14855,379,247
14858,618,464
14859,468,376
14860,768,307
14861,632,451
14864,538,478
14865,1151,767
14867,2488,1777
14869,511,335
14870,4691,3112
14871,1978,1576
14872,268,167
14873,1441,678
14874,119,45
14877,320,172
14878,414,238
14879,1032,721
14880,964,620
14881,97,28
14882,1619,1196
14883,2062,1332
14884,293,148
14885,318,216
14886,3225,2364
14889,632,449
14891,2602,1296
14892,3887,2344
14893,17,6
14894,542,392
14895,4612,2891
14897,387,249
14898,715,396
14901,6739,2950
14903,3344,2053
14904,7629,4111
14905,4303,2617
15001,16043,10958
15003,5955,3255
15004,230,141
15005,4470,3587
15006,19,3
15007,108,69
15009,7137,5126
15010,12620,8355
15012,7604,5141
15014,1747,1097
15015,521,506
15017,8388,5753
15018,513,316
15019,698,498
15020,241,221
15021,3252,2272
15022,5164,2918
15024,3975,3038
15025,7885,5043
15026,1869,1364
15027,1151,721
15028,94,84
15030,582,288
15031,214,98
15033,2850,1349
15034,970,450
15035,1112,670
15037,4563,3614
15038,113,36
15042,3714,2916
15043,770,633
15044,11285,10104
15045,2121,1195
15046,1135,914
15047,89,89
15049,517,391
15050,926,833
15051,263,164
15052,1338,1057
15053,51,41
15054,319,187
15055,677,617
15056,587,292
15057,6833,5606
15059,1796,988
15060,543,326
15061,5855,3634
15062,4015,2324
15063,5045,3690
15064,158,67
15065,5754,3893
15066,6019,3655
15067,1196,831
15068,18319,11913
15071,5285,3754
15072,91,0
15074,4331,2675
15075,53,12
15076,395,219
15077,90,68
15078,250,123
15081,209,130
15082,65,65
15083,557,480
15084,4756,3406
15085,3866,3005
15086,351,186
15087,41,31
15088,194,128
15089,3234,2204
15090,9699,7374
15101,11240,8300
15102,14160,10686
15104,4616,1669
15106,10039,6247
15108,18179,12545
15110,2939,918
15112,1841,656
15116,6042,5033
15120,9514,5171
15122,9121,6404
15126,3249,2416
15129,4759,3521
15131,4219,2898
15132,10511,4266
15133,3086,2221
15135,2231,1608
15136,11551,6541
15137,5336,3334
15139,3606,1920
15140,1696,494
15142,843,492
15143,9411,6988
15144,2065,1320
15145,3290,1298
15146,13508,8446
15147,8593,5304
15148,1502,494
15201,7970,3859
15202,10555,4915
15203,6983,2411
15204,3940,2378
15205,12241,6069
15206,17004,6048
15207,5624,3144
15208,5599,2077
15209,6098,4218
15210,12828,5839
15211,6700,2756
15212,15937,6889
15213,11349,2342
15214,6914,4039
15215,5718,3872
15216,11194,6284
15217,12582,6069
15218,7321,3768
15219,7139,1200
15220,9785,4938
15221,17621,6706
15222,4008,437
15223,3653,2145
15224,6380,1990
15225,607,295
15226,6979,4374
15227,13952,9340
15228,7776,5104
15229,6720,4689
15232,6740,1620
15233,1730,684
15234,6733,4512
15235,16942,11410
15236,14066,10279
15237,19332,14189
15238,6001,4372
15239,8885,6915
15241,8680,6887
15243,6035,5030
15301,24001,14521
15310,163,99
15311,471,381
15312,1716,1171
15313,193,155
15314,1576,1048
15315,397,296
15316,101,78
15317,18803,14235
15320,2151,1729
15321,792,568
15322,836,622
15323,1816,1272
15324,406,215
15325,165,105
15327,527,402
15329,667,458
15330,2520,2078
15331,392,225
15332,3878,3148
15333,865,598
15334,73,52
15337,289,178
15338,693,524
15340,570,495
15341,335,183
15342,2493,1904
15344,760,623
15345,788,564
15346,319,234
15347,143,116
15348,59,43
15349,848,520
15350,244,109
15351,616,282
15352,439,289
15353,33,26
15357,766,594
15358,384,275
15359,67,45
15360,731,572
15361,80,46
15362,340,231
15363,274,204
15364,322,253
15365,61,53
15366,271,125
15367,3367,3127
15368,233,96
15370,5580,3456
15376,669,459
15377,354,256
15378,8,0
15379,46,22
15380,404,241
15401,15598,8992
15410,488,359
15411,546,249
15412,112,64
15413,268,108
15416,212,160
15417,3864,2398
15419,1352,364
15420,108,75
15421,133,49
15422,130,64
15423,774,610
15424,1663,735
15425,8603,5633
15427,519,358
15428,765,581
15429,226,168
15430,131,101
15431,2154,1505
15432,200,118
15433,428,293
15434,152,95
15435,62,62
15436,1149,659
15437,957,472
15438,902,694
15440,96,96
15442,1208,795
15443,123,40
15444,233,201
15445,1418,1018
15446,35,35
15447,55,55
15448,142,76
15449,342,276
15450,142,142
15451,293,220
15454,87,42
15455,158,129
15456,1163,928
15458,950,659
15459,760,439
15460,38,36
15461,1693,1095
15462,72,24
15463,131,89
15464,785,542
15465,270,252
15466,213,171
15467,55,42
15468,1013,733
15469,1024,816
15470,394,293
15472,83,0
15473,1650,1288
15474,873,587
15475,508,183
15476,69,13
15477,428,309
15478,2730,1970
15479,968,646
15480,863,521
15482,255,142
15483,198,121
15484,250,241
15486,1040,823
15488,44,44
15489,98,69
15490,201,178
15492,49,27
15501,7656,4642
15502,1033,47
15520,92,80
15521,798,670
15522,5752,3633
15530,2270,1569
15531,1907,1266
15532,56,43
15533,666,400
15534,478,307
15535,1124,638
15536,228,143
15537,4092,2558
15538,534,252
15539,205,132
15540,347,140
15541,1619,1173
15542,523,410
15544,135,119
15545,1247,868
15546,201,198
15547,267,193
15550,1032,533
15551,319,194
15552,2597,1649
15554,1131,864
15555,74,39
15557,2001,1130
15558,879,505
15559,1128,728
15560,66,51
15561,66,48
15562,105,66
15563,1525,924
15564,50,27
15565,11,11
15601,25978,18020
15610,1960,1549
15611,136,81
15612,258,185
15613,5891,4411
15615,91,91
15616,206,197
15617,140,110
15618,1171,878
15619,200,172
15620,253,185
15622,1884,445
15623,417,309
15624,263,185
15625,48,48
15626,2676,1769
15627,3029,2163
15628,258,142
15629,354,206
15631,380,175
15632,3951,3071
15633,228,194
15634,294,155
15635,115,28
15636,1531,1267
15637,910,638
15638,92,0
15639,1008,601
15640,121,91
15641,237,144
15642,20299,16478
15644,9272,6601
15646,101,79
15647,8,0
15650,12294,8429
15655,308,122
15656,4752,3311
15658,4584,3204
15660,100,31
15661,374,274
15662,363,363
15663,201,170
15665,594,533
15666,7730,5632
15668,5893,5327
15670,1463,1203
15671,293,191
15672,1675,1036
15673,648,484
15674,102,83
15675,447,355
15676,249,193
15677,408,196
15678,196,153
15679,1431,1164
15680,150,142
15681,2109,1528
15682,136,83
15683,3838,2575
15684,181,103
15686,530,464
15687,587,467
15688,276,238
15689,28,21
15690,4485,2463
15691,97,97
15692,389,318
15693,96,96
15695,117,101
15696,108,79
15697,1542,860
15698,423,221
15701,15695,7729
15710,103,74
15711,185,119
15712,62,48
15713,66,41
15714,2314,1506
15715,293,150
15716,232,161
15717,4773,3053
15720,161,84
15721,94,61
15722,982,836
15723,29,10
15724,969,701
15725,588,426
15727,99,66
15728,1538,950
15729,522,394
15730,107,60
15731,134,82
15732,736,529
15733,47,37
15734,122,75
15736,197,138
15737,60,48
15738,89,70
15739,148,100
15741,31,17
15742,426,286
15744,26,17
15745,104,90
15746,63,38
15747,824,623
15748,2987,2165
15750,207,129
15752,39,32
15753,242,145
15754,142,98
15756,57,36
15757,877,474
15759,1128,773
15760,60,42
15761,35,18
15762,382,318
15763,19,9
15764,62,57
15765,611,466
15767,6718,4137
15770,98,75
15771,425,296
15772,634,409
15773,198,157
15774,1367,1055
15775,230,219
15776,30,17
15777,18,18
15778,78,64
15779,123,89
15780,40,27
15781,35,33
15783,22,16
15784,30,25
15801,10083,6167
15821,380,37
15823,648,502
15824,2428,1645
15825,4745,2817
15827,161,130
15828,510,119
15829,624,428
15831,20,5
15832,707,115
15834,2685,1366
15840,950,590
15841,113,76
15845,1580,1086
15846,1507,1149
15847,32,16
15848,480,346
15849,911,420
15851,3035,2108
15853,3430,2091
15856,509,360
15857,6266,4368
15860,1619,445
15861,426,52
15863,74,59
15864,829,552
15865,605,349
15866,71,53
15868,1131,598
15870,965,497
15901,2629,803
15902,6281,3257
15904,7243,4836
15905,9907,6567
15906,5913,3207
15909,2422,1682
15920,315,245
15921,181,83
15922,29,26
15923,705,541
15924,417,319
15925,46,34
15926,1512,895
15927,327,218
15928,1030,892
15929,37,22
15930,223,178
15931,4214,3023
15935,1282,957
15936,721,561
15937,368,271
15938,1000,834
15940,773,589
15942,726,650
15943,1975,1157
15944,1449,1037
15945,56,56
15946,3222,2375
15948,176,162
15949,290,240
15951,418,221
15952,513,338
15953,51,51
15954,1175,893
15955,1034,877
15956,1293,1004
15957,152,120
15958,942,766
15960,111,77
15961,428,286
15962,123,95
15963,5227,3597
16001,19757,12245
16002,6573,5506
16020,479,405
16022,149,88
16023,1734,1167
16024,106,83
16025,2168,1570
16027,157,107
16028,1087,611
16029,386,293
16030,126,81
16033,3503,2581
16034,879,696
16035,67,39
16036,144,83
16037,2035,1761
16038,1327,986
16040,376,294
16041,967,636
16045,645,274
16046,7430,5926
16048,70,48
16049,1544,969
16050,522,354
16051,1392,1243
16052,907,777
16053,1601,1296
16054,172,134
16055,3601,3186
16056,2101,1418
16057,6171,2834
16059,4369,3567
16061,1063,829
16063,3541,2363
16066,14359,10457
16101,14755,9081
16102,2390,1664
16105,7249,4999
16110,165,132
16111,408,325
16112,599,484
16113,162,134
16114,259,194
16115,1547,1216
16116,1297,1134
16117,7995,5724
16120,956,728
16121,2273,1247
16123,1024,873
16124,697,484
16125,8070,5113
16127,5731,3976
16130,928,647
16131,383,309
16132,244,171
16133,711,499
16134,2715,1482
16136,382,256
16137,4966,3607
16140,121,101
16141,774,634
16142,2096,1441
16143,944,724
16145,1324,956
16146,7026,3154
16148,8182,5742
16150,3384,2327
16151,32,18
16153,1119,748
16154,1022,961
16155,33,0
16156,1302,1043
16157,1368,959
16159,2276,1634
16160,510,293
16161,322,171
16201,8010,5295
16210,317,209
16211,38,35
16212,156,130
16213,58,41
16214,4113,1606
16217,91,37
16218,527,362
16220,93,25
16222,1224,938
16223,42,20
16224,403,302
16226,4241,2934
16228,179,154
16229,2324,1699
16230,208,152
16232,1882,1258
16233,1111,445
16235,672,553
16236,92,74
16238,193,148
16239,2260,476
16240,724,478
16242,2050,1282
16244,161,111
16245,124,107
16246,73,45
16248,1438,951
16249,865,573
16250,96,59
16253,84,27
16254,1551,1084
16255,859,538
16256,512,372
16258,1147,562
16259,1124,753
16260,213,129
16262,1301,1030
16263,181,118
16301,7648,4459
16311,236,178
16313,1243,616
16314,2733,1935
16316,3474,1713
16317,784,440
16319,545,452
16321,50,8
16322,101,46
16323,7088,4442
16326,167,106
16327,1156,864
16328,116,75
16329,354,141
16331,56,42
16332,48,23
16333,211,94
16334,230,159
16335,12547,6694
16340,1199,671
16341,1154,727
16342,1265,877
16343,204,177
16344,215,97
16345,1802,1365
16346,1615,1101
16347,1314,481
16350,987,743
16351,2335,533
16352,147,81
16353,3694,877
16354,5216,3145
16360,565,429
16361,34,14
16362,540,361
16364,637,434
16365,8861,5549
16370,334,95
16371,1477,920
16372,270,145
16373,1787,1065
16374,1667,693
16401,1767,1295
16402,306,212
16403,2638,1988
16404,1547,1043
16405,256,221
16406,1473,1036
16407,5178,3518
16410,753,633
16411,576,402
16412,4806,2789
16415,3958,3422
16416,95,65
16417,4165,2940
16420,357,186
16421,930,554
16422,35,35
16423,1836,1479
16424,3522,1591
16426,1476,1202
16427,94,71
16428,5576,3792
16430,83,38
16433,2094,1578
16434,1068,753
16435,820,551
16436,576,262
16438,4146,2285
16440,410,262
16441,4173,3322
16442,1176,996
16443,555,386
16501,1468,40
16502,7811,2353
16503,6375,2106
16504,7038,4583
16505,8407,5572
16506,10309,6871
16507,4149,1131
16508,7385,4560
16509,12900,8716
16510,10354,7984
16511,4861,3372
16563,5,0
16601,14992,9368
16602,13171,7788
16611,1128,857
16613,759,657
16616,37,28
16617,1202,812
16619,151,110
16620,156,122
16621,326,201
16622,43,30
16623,307,176
16624,94,72
16625,1626,1016
16627,1014,723
16630,2143,1359
16631,23,16
16633,95,71
16634,159,111
16635,5475,4000
16636,379,316
16637,1058,884
16638,48,17
16639,846,541
16640,668,358
16641,1135,847
16645,99,90
16646,955,771
16647,490,270
16648,6849,4841
16650,907,574
16651,1781,1192
16652,7259,4100
16654,11,8
16655,666,443
16656,584,444
16657,921,490
16659,83,45
16661,458,348
16662,2338,1692
16664,774,615
16665,145,77
16666,1386,1201
16667,559,434
16668,1651,1156
16669,1112,704
16670,55,29
16671,230,161
16672,108,60
16673,2302,1617
16674,363,176
16675,42,38
16677,136,85
16678,1350,850
16679,297,206
16680,155,140
16682,126,101
16683,226,145
16684,77,68
16685,186,99
16686,5919,3823
16689,152,125
16691,193,140
16692,363,269
16693,1644,1238
16694,123,94
16695,350,274
16701,7544,5250
16720,2102,431
16724,35,23
16725,81,40
16726,265,239
16727,68,21
16729,349,244
16730,25,16
16731,1311,915
16732,140,123
16733,95,54
16734,79,56
16735,3404,1980
16738,691,395
16740,534,313
16743,1940,1149
16744,82,61
16745,338,296
16746,624,408
16748,1565,816
16749,2150,1259
16750,265,213
16801,19242,7494
16802,66,0
16803,12155,4667
16820,494,376
16821,58,58
16822,1007,664
16823,11679,7905
16825,179,109
16826,254,169
16827,2400,1728
16828,2175,1754
16829,354,215
16830,6841,3846
16832,261,114
16833,2494,1840
16834,279,242
16835,99,73
16836,835,457
16837,63,63
16838,949,605
16839,165,156
16840,123,107
16841,2773,1917
16843,178,63
16844,1106,917
16845,387,264
16847,112,57
16848,117,91
16849,71,55
16851,496,251
16852,86,49
16853,168,101
16854,361,269
16855,55,31
16856,90,49
16858,2018,1521
16859,317,206
16860,309,275
16861,204,139
16863,297,208
16864,65,45
16865,762,585
16866,4083,2426
16868,604,494
16870,2958,2467
16871,133,6
16872,545,324
16874,615,428
16875,1640,1243
16876,104,81
16877,715,597
16878,792,637
16879,159,119
16881,968,836
16882,276,158
16901,5360,3309
16910,35,16
16911,130,99
16912,1075,620
16914,1106,767
16915,3532,1832
16917,707,420
16920,880,535
16921,703,236
16922,1937,573
16923,824,511
16925,1560,1066
16926,396,259
16927,237,196
16928,661,415
16929,1178,796
16930,665,372
16932,333,217
16933,3131,1679
16935,607,412
16936,1038,691
16937,102,60
16938,842,317
16939,112,64
16940,10,3
16941,52,32
16942,386,258
16943,383,160
16946,1300,888
16947,2239,1250
16948,1157,492
16950,1959,1111
17002,203,139
17003,4507,3349
17004,1823,1192
17005,135,109
17006,534,259
17007,2238,1755
17009,850,550
17010,100,26
17011,14999,10086
17013,16065,9348
17014,53,53
17015,10025,7932
17016,437,142
17017,777,564
17018,2054,1530
17019,7706,6162
17020,3847,2859
17021,725,375
17022,12950,8428
17023,1453,1069
17024,686,569
17025,7661,5479
17026,1433,1212
17027,182,163
17028,1363,1153
17029,92,83
17030,312,84
17032,3417,2668
17033,6733,3449
17034,1553,646
17035,444,316
17036,9812,6934
17037,492,279
17038,3460,2470
17039,10,10
17040,1059,744
17041,82,82
17042,17067,11366
17043,3037,1683
17044,10167,5591
17045,1647,1199
17046,13570,7924
17047,1084,749
17048,1771,1080
17049,1304,795
17050,17164,12932
17051,2227,1492
17052,767,515
17053,2297,1931
17054,93,58
17055,18994,12903
17056,15,10
17057,10513,6773
17058,780,332
17059,3341,2059
17060,472,331
17061,3175,2166
17062,1690,1298
17063,1597,1024
17064,531,236
17065,1705,1184
17066,2512,1324
17067,6155,4471
17068,1737,1449
17069,118,65
17070,7487,5573
17071,133,34
17073,2247,1765
17074,3139,2139
17075,63,42
17076,40,40
17077,25,6
17078,9602,6385
17080,114,86
17081,141,141
17082,1287,831
17084,2045,1425
17086,944,575
17087,926,741
17088,278,166
17090,2414,1872
17093,431,316
17094,1103,747
17097,353,240
17098,1192,826
17099,570,405
17101,2190,21
17102,5105,1623
17103,5345,1909
17104,8700,3153
17109,11808,5807
17110,12246,7129
17111,14880,9741
17112,16026,13177
17113,4955,2821
17201,12749,5890
17202,12925,9920
17210,93,82
17211,253,154
17212,268,228
17213,335,201
17214,600,294
17215,84,56
17217,42,34
17219,308,237
17220,189,155
17221,217,196
17222,5108,3932
17223,195,116
17224,1008,809
17225,8132,6681
17228,500,344
17229,704,475
17232,13,11
17233,2660,1620
17235,169,127
17236,3741,2665
17237,642,459
17238,809,565
17239,119,77
17240,1190,984
17241,4636,3369
17243,708,330
17244,897,686
17246,203,186
17247,208,67
17249,146,104
17250,27,27
17251,17,4
17252,1472,1105
17253,181,144
17254,202,202
17255,504,366
17257,11528,7242
17260,559,363
17262,369,296
17263,249,192
17264,1327,875
17265,182,82
17266,170,122
17267,1266,911
17268,12693,8333
17271,230,113
17301,1591,1280
17302,1252,797
17303,200,122
17304,1041,820
17306,210,161
17307,2450,1745
17309,795,599
17311,92,47
17313,4649,2618
17314,2550,2009
17315,11442,9890
17316,3599,2882
17317,189,151
17318,73,21
17319,4386,3924
17320,3454,2823
17321,941,810
17322,2516,2322
17323,45,14
17324,2025,1535
17325,12021,8283
17327,3341,2401
17329,1129,1028
17331,23528,17093
17339,2705,2289
17340,4489,3442
17342,132,103
17343,49,14
17344,1526,864
17345,3616,2656
17347,2493,2228
17349,2976,2594
17350,5600,3957
17352,460,385
17353,1252,812
17355,141,49
17356,9212,6693
17360,2407,1990
17361,2690,2087
17362,5595,4617
17363,3355,2789
17364,1672,1280
17365,1153,944
17366,2559,1728
17368,3105,2218
17370,2769,2352
17371,134,130
17372,1593,1243
17401,8202,2518
17402,14751,10495
17403,16490,9796
17404,15716,10664
17406,9357,7373
17407,975,739
17408,10294,7207
17501,2028,1231
17502,1030,920
17504,34,34
17505,564,291
17506,143,85
17507,115,10
17508,342,320
17509,1505,971
17512,8255,4986
17516,2104,1819
17517,5636,4537
17518,453,298
17519,2672,1781
17520,2221,1981
17522,13837,9025
17527,2162,1559
17529,1501,862
17532,1268,1097
17534,17,0
17535,705,486
17536,1150,984
17538,3111,2743
17540,4068,2344
17543,18762,13157
17545,9382,7677
17547,3538,2501
17550,146,128
17551,3891,2132
17552,8684,5984
17554,3115,2073
17555,2154,1820
17557,5460,3705
17560,1844,1638
17562,1229,903
17563,1209,935
17565,920,825
17566,4367,3011
17569,2661,2401
17570,77,77
17572,1267,933
17576,41,23
17578,2632,1987
17579,2213,1790
17581,96,43
17582,695,637
17584,4999,2711
17601,23126,16234
17602,19472,10755
17603,28142,16732
17606,221,37
17701,20891,9934
17702,4533,3221
17720,149,132
17721,780,602
17723,136,17
17724,2145,1236
17727,138,22
17728,2228,1754
17729,604,87
17730,73,11
17731,487,86
17737,3001,1974
17739,57,11
17740,5041,3762
17742,20,10
17744,1203,950
17745,8348,4496
17747,1333,891
17748,87,65
17749,94,48
17750,70,23
17751,3263,2240
17752,2020,1496
17754,5381,3710
17756,4574,3431
17758,740,386
17760,478,174
17762,293,215
17763,204,91
17764,1938,808
17765,655,444
17768,490,134
17769,165,23
17771,1639,1069
17772,1090,908
17774,499,344
17776,287,73
17777,2849,1944
17778,243,31
17779,83,63
17801,7519,4513
17810,768,571
17812,782,415
17813,889,619
17814,2615,1581
17815,12661,6926
17820,2705,1794
17821,8335,5366
17823,526,405
17824,1916,1574
17827,360,258
17829,93,69
17830,984,671
17832,386,227
17834,1669,1254
17835,34,34
17836,88,60
17837,6767,3892
17840,136,59
17841,1994,1561
17842,3486,2417
17844,4586,2848
17845,955,533
17846,1617,1140
17847,5341,3076
17850,296,192
17851,3907,2271
17853,1166,850
17855,383,314
17856,1344,1193
17857,3721,2605
17858,21,21
17859,1330,954
17860,1081,1045
17861,58,43
17862,187,94
17864,823,615
17865,12,8
17866,4035,2908
17867,79,68
17868,357,313
17870,5778,3719
17872,5419,2704
17876,785,531
17878,672,522
17880,4,0
17881,703,477
17884,136,38
17885,292,76
17886,388,221
17887,280,240
17888,218,170
17889,1118,889
17901,11067,6864
17920,117,95
17921,2980,1922
17922,2248,1856
17923,257,141
17925,187,121
17929,620,419
17930,174,87
17931,2447,1704
17933,96,46
17934,195,144
17935,951,550
17936,494,284
17938,1236,932
17941,327,223
17943,54,11
17944,123,97
17945,164,128
17946,70,70
17948,2555,1058
17949,216,69
17951,130,130
17952,126,87
17953,202,121
17954,2290,910
17957,135,125
17959,766,496
17960,1901,1476
17961,2907,2150
17963,4301,3203
17964,353,261
17965,961,683
17967,1094,838
17968,139,102
17970,1831,1109
17972,5033,3371
17974,123,106
17976,3315,1780
17978,206,118
17979,29,29
17980,1447,979
17981,1091,765
17982,217,154
17983,647,508
17985,679,488
18011,2185,1792
18012,19,19
18013,7401,4993
18014,4822,3890
18015,12867,5938
18017,16773,11034
18018,14669,7626
18020,7940,6573
18030,231,132
18031,4569,3150
18032,4142,2990
18034,3189,2784
18035,7,7
18036,6099,5129
18037,3263,2654
18038,1559,1413
18040,6945,6024
18041,2383,1739
18042,17932,9046
18045,12250,9564
18046,54,54
18049,7659,5543
18051,1349,1124
18052,12193,7249
18053,953,816
18054,1834,1436
18055,4946,3795
18056,467,310
18058,4590,3145
18059,303,279
18062,10353,8002
18063,165,87
18064,10659,7834
18065,232,221
18066,2311,1902
18067,8678,6130
18069,3250,2917
18070,150,141
18071,5082,3423
18072,2779,1917
18073,4266,3761
18074,2231,2107
18076,1327,895
18077,982,736
18078,2731,2288
18079,143,110
18080,4947,3731
18081,62,48
18083,205,155
18085,398,279
18086,167,154
18087,281,75
18088,3612,2930
18091,2585,1562
18092,1249,1080
18101,2686,186
18102,18788,5121
18103,19769,11637
18104,18686,12620
18106,2737,2118
18109,7395,3687
18201,13318,6140
18202,6036,3682
18210,5954,2985
18211,602,498
18212,23,23
18214,1084,959
18216,557,373
18218,1118,717
18219,579,373
18220,131,90
18221,239,162
18222,3980,3129
18223,25,25
18224,3072,1870
18225,36,0
18229,4820,3263
18230,76,62
18231,193,149
18232,2129,805
18234,365,211
18235,8796,6361
18237,1844,1004
18240,1783,921
18241,211,139
18242,226,156
18244,161,93
18245,125,125
18246,55,42
18248,182,150
18249,1752,1366
18250,1312,974
18252,5152,3094
18254,330,228
18255,1876,1373
18256,88,83
18301,11125,7079
18302,8089,5350
18321,672,522
18322,969,795
18323,348,81
18324,5788,3347
18325,1415,886
18326,1914,1143
18327,333,186
18328,5171,3031
18330,3196,2741
18331,297,219
18332,1226,875
18333,23,0
18334,2643,1573
18335,575,443
18336,2002,1211
18337,7615,5053
18340,76,20
18342,422,146
18343,1879,1336
18344,1621,955
18346,1371,843
18347,4370,1415
18349,114,62
18350,1967,311
18351,295,88
18353,5376,4053
18354,430,385
18355,806,346
18356,360,0
18357,150,71
18360,12743,8168
18370,513,249
18371,496,266
18372,1741,633
18403,3108,2140
18405,1421,896
18407,7028,3919
18411,9375,7108
18413,74,55
18414,2410,1864
18415,1087,560
18417,974,351
18419,2211,1488
18420,80,18
18421,2234,1473
18424,4031,1783
18425,587,369
18426,3973,1135
18428,9606,4390
18430,35,20
18431,6217,3987
18433,3390,2446
18434,1902,1164
18435,1569,431
18436,9747,4519
18437,108,45
18438,1692,733
18439,376,163
18440,19,19
18441,213,139
18443,235,156
18444,5954,4554
18445,1346,810
18446,1680,1110
18447,4799,3241
18451,507,197
18452,2502,1561
18453,750,436
18454,112,41
18455,82,68
18456,162,116
18457,69,9
18458,2853,1272
18460,103,47
18461,279,114
18462,393,183
18463,111,80
18464,1314,549
18465,1081,418
18466,7892,4525
18469,235,181
18470,1620,870
18471,255,212
18472,2002,1176
18473,207,127
18503,1051,26
18504,10017,5195
18505,9996,4689
18507,2362,1352
18508,5466,2311
18509,6017,2449
18510,5824,2166
18512,6272,3691
18517,2117,1445
18518,3949,2669
18519,2672,1499
18602,171,130
18603,9235,6037
18610,2117,1076
18612,6713,4996
18614,1781,765
18615,903,687
18616,745,258
18617,963,446
18618,2087,1302
18619,207,51
18621,2187,1688
18622,136,97
18623,1194,679
18624,1259,277
18625,117,47
18626,503,173
18628,244,80
18629,1078,610
18630,1495,904
18631,555,441
18632,191,105
18634,6497,3560
18635,1727,1291
18636,751,567
18640,8036,4225
18641,3077,1991
18642,2062,1317
18643,6321,4118
18644,3670,2586
18651,4586,2049
18655,2940,2036
18656,1060,820
18657,5346,3330
18660,1564,1250
18661,3644,1971
18701,1513,107
18702,19738,9777
18704,14531,8120
18705,7268,3983
18706,7675,4421
18707,6554,5582
18708,4174,3373
18709,1648,864
18801,4126,2441
18810,2911,1525
18812,933,574
18814,78,59
18816,48,25
18817,50,50
18818,706,400
18820,32,21
18821,502,339
18822,1569,991
18823,69,51
18824,691,453
18825,90,47
18826,829,509
18828,161,101
18829,397,245
18830,425,220
18831,477,353
18832,976,632
18833,1266,689
18834,1999,978
18837,1272,788
18840,5048,3113
18842,101,44
18843,164,85
18844,666,475
18845,234,161
18846,420,269
18847,2810,1495
18848,4470,2540
18850,975,646
18851,463,221
18853,2170,1240
18854,680,526
18901,11431,7538
18902,8260,7411
18912,174,149
18913,91,91
18914,7900,6676
18915,631,551
18917,1059,594
18920,228,159
18921,78,78
18923,549,414
18925,2208,2079
18927,148,39
18929,3307,3073
18930,963,853
18932,215,156
18933,80,73
18935,131,111
18936,91,82
18938,6369,5314
18940,11763,9875
18942,1179,984
18944,10107,7959
18946,184,170
18947,2703,2307
18950,72,48
18951,14862,11424
18954,3812,3712
18955,531,380
18960,5264,3662
18962,167,158
18964,5686,3687
18966,14199,12130
18969,6324,4899
18970,326,169
18972,1510,1078
18974,17970,13043
18976,8238,6503
18977,1791,1675
18980,35,20
19001,6643,5256
19002,12607,9485
19003,6346,3941
19004,4453,3023
19006,8691,6327
19007,9675,5411
19008,7252,5916
19009,377,248
19010,8520,5131
19012,2314,1879
19013,15664,5252
19014,8177,6788
19015,7160,5389
19017,106,75
19018,10201,6276
19020,23471,13271
19021,3942,2643
19022,1796,770
19023,9089,4346
19025,2731,2119
19026,13643,8607
19027,8550,5377
19029,1908,1129
19030,4782,3603
19031,2045,1648
19032,2866,1885
19033,2987,2260
19034,2613,1900
19035,1404,1148
19036,5258,3817
19038,11889,9802
19040,8277,5725
19041,2548,1521
19043,1309,1046
19044,7144,4093
19046,8418,5212
19047,13150,9301
19050,12695,7498
19052,206,190
19053,11161,9056
19054,6630,5186
19055,5089,3977
19056,6030,4265
19057,6452,5046
19060,3842,3656
19061,8381,5127
19063,16128,10643
19064,8839,8096
19066,1866,1602
19067,21792,16606
19070,2707,2002
19072,4400,3079
19073,8645,6694
19074,2513,1671
19075,3016,2676
19076,2680,1467
19078,4969,3266
19079,3577,1978
19081,3875,3019
19082,16775,7550
19083,13752,11989
19085,1800,1690
19086,4570,3943
19087,12829,8774
19090,8141,5027
19094,1862,1260
19095,3841,1818
19096,5894,4532
19102,4606,829
19103,20064,5746
19104,23888,3543
19106,9913,4009
19107,10239,1457
19108,103,60
19111,27518,14306
19114,14703,9016
19115,15071,9099
19116,14166,8146
19118,5079,2392
19119,13909,8240
19120,25730,16659
19121,19673,5482
19122,10139,3222
19123,10636,3343
19124,27014,15500
19125,13055,7226
19126,7490,4350
19127,3496,1459
19128,19006,10182
19129,6228,2893
19130,18178,6420
19131,22826,8664
19132,17402,7171
19133,10766,4022
19134,25290,11733
19135,14323,8283
19136,13841,7853
19137,3485,2641
19138,13836,8250
19139,23896,7693
19140,23104,11231
19141,16290,7874
19142,12943,5708
19143,31391,13535
19144,23583,7621
19145,21295,11289
19146,22182,9996
19147,20735,10581
19148,22944,13951
19149,20810,11237
19150,10868,8148
19151,15084,8388
19152,13715,7506
19153,5965,3016
19154,13296,10184
19301,3283,2583
19310,921,759
19311,3941,3241
19312,4526,3718
19316,29,29
19317,4212,3485
19319,169,169
19320,21199,14669
19330,2087,1833
19333,3039,2014
19335,20276,15893
19341,9209,4422
19342,8183,5624
19343,3217,2682
19344,4813,3630
19348,9222,6268
19350,3992,3449
19352,3427,3182
19355,11815,8084
19358,79,31
19362,2277,1900
19363,6247,4255
19365,2818,2040
19367,38,27
19369,94,42
19372,879,422
19373,770,747
19374,268,173
19375,106,89
19380,21490,15054
19382,21798,14955
19383,162,0
19390,4524,3480
19401,18236,7419
19403,19720,13925
19405,2318,1016
19406,14181,6846
19422,8179,6303
19425,5672,4993
19426,14136,12031
19428,10032,4928
19435,46,21
19436,367,74
19437,145,145
19438,9572,7442
19440,7635,4786
19444,4751,3501
19446,24983,16096
19453,775,437
19454,11212,8697
19456,84,78
19457,46,46
19460,18881,12548
19462,6658,5005
19464,19985,12132
19465,7490,5768
19468,11560,8459
19472,38,22
19473,6801,5780
19474,144,144
19475,5154,3468
19477,43,43
19490,206,150
19492,488,113
19501,377,273
19503,489,339
19504,2249,1960
19505,1441,1107
19506,2696,2251
19507,1373,1026
19508,6357,4950
19510,3064,2826
19511,83,57
19512,6726,4692
19516,86,32
19518,6274,5140
19520,2532,2019
19522,5625,4547
19523,9,9
19525,6227,5619
19526,5240,3894
19529,1248,990
19530,4921,2998
19533,3217,2836
19534,866,689
19535,17,0
19536,245,165
19538,52,46
19539,1607,1457
19540,4515,3537
19541,1632,1390
19543,2075,1717
19544,79,61
19545,277,277
19547,2042,1567
19549,132,87
19550,183,99
19551,1882,1509
19554,183,128
19555,1509,1025
19559,146,113
19560,3888,3021
19562,1323,725
19564,106,80
19565,3696,2959
19567,2151,1630
19601,14024,4768
19602,7907,1792
19604,10089,4653
19605,8100,6581
19606,14593,10821
19607,10177,6179
19608,9169,7044
19609,4291,3406
19610,7327,4694
19611,4555,2073
19701,17368,13430
19702,22149,12970
19703,7114,3642
19706,774,556
19707,6610,5434
19709,17819,15232
19711,20617,12425
19713,12803,7589
19720,24262,15523
19730,227,175
19731,247,226
19732,85,85
19733,114,55
19734,4689,3973
19736,13,13
19801,9390,2345
19802,11596,5000
19803,8900,7854
19804,8075,5773
19805,17281,9056
19806,6638,3131
19807,3813,2432
19808,16037,12322
19809,6531,4324
19810,11000,8431
19901,15443,7771
19904,16047,9165
19930,8884,1450
19931,199,181
19933,4454,3223
19934,5318,4166
19936,80,47
19938,3246,2797
19939,4252,2960
19940,2711,1941
19941,1273,896
19943,5807,4635
19944,1618,279
19945,5823,3313
19946,2307,1762
19947,6972,4306
19950,3480,2388
19951,886,789
19952,4446,3133
19953,1830,1259
19954,686,476
19955,98,74
19956,6556,3949
19958,19410,11923
19960,2509,1896
19962,4730,4073
19963,10300,5894
19964,674,624
19966,19625,12481
19967,1786,1108
19968,7380,5500
19970,8418,3540
19971,16948,6989
19973,10725,7253
19975,8890,4343
19977,9899,7694
19979,217,178
19980,74,57
20001,26728,8043
20002,38459,12858
20003,20817,7243
20004,1593,510
20005,9558,2535
20006,904,62
20007,13583,6798
20008,18083,5948
20009,31824,10091
20010,15917,5770
20011,29658,14767
20012,7599,4487
20015,6727,4869
20016,15457,8990
20017,9252,4976
20018,9753,4896
20019,29244,10805
20020,26376,7275
20024,11560,3207
20032,19708,3983
20036,4383,1621
20037,8828,2554
20052,7,0
20059,33,0
20105,10600,9337
20106,1821,1304
20109,15673,6738
20110,16289,11641
20111,12066,7778
20112,9598,9131
20115,3134,1992
20117,1643,1085
20119,1476,1101
20120,14753,10827
20121,9968,6888
20124,4889,4504
20129,188,141
20130,93,62
20132,6309,5538
20135,1434,1147
20136,9290,8379
20137,721,638
20141,2650,2294
20143,299,246
20144,666,475
20147,25474,16899
20148,20413,16169
20151,6966,5499
20152,11127,9345
20155,12833,10677
20158,1610,1333
20164,13077,9844
20165,12283,9233
20166,5300,2698
20169,9511,8759
20170,14084,9412
20171,19221,10465
20175,12695,9180
20176,17044,12936
20180,2702,2352
20181,3301,2881
20184,477,48
20186,6114,3861
20187,6886,6018
20190,12180,5426
20191,12744,8333
20194,5784,4101
20197,863,708
20198,1136,582
20373,50,0
20601,10560,7896
20602,10899,7189
20603,11887,9462
20606,162,88
20607,4264,4094
20608,281,163
20609,472,375
20611,430,404
20612,42,30
20613,5684,5348
20615,203,160
20616,2541,2431
20617,168,146
20618,789,478
20619,6028,3622
20620,426,328
20621,636,426
20622,1433,1345
20623,968,954
20624,408,357
20625,514,339
20626,146,110
20628,389,292
20629,573,436
20630,188,128
20632,212,143
20634,2872,1734
20636,3906,2978
20637,2208,2001
20639,5182,4595
20640,4272,3124
20645,276,264
20646,8263,6519
20650,6158,4282
20653,11696,5964
20656,55,31
20657,8109,6372
20658,428,309
20659,8546,7328
20660,16,16
20662,963,807
20664,1524,904
20667,96,21
20670,491,0
20674,331,187
20675,711,684
20676,1522,1199
20677,781,728
20678,5016,3748
20680,331,203
20684,355,336
20685,2494,2227
20687,223,95
20688,726,321
20689,635,562
20690,630,343
20692,287,171
20693,359,312
20695,4475,3797
20701,387,0
20705,9181,5719
20706,13799,9527
20707,15146,7877
20708,11023,3700
20710,3593,594
20711,2484,2337
20712,4271,956
20714,1973,1391
20715,9168,8306
20716,9492,6498
20720,8658,7939
20721,11284,9816
20722,2307,1480
20723,12866,8601
20724,7514,4409
20732,4512,3670
20733,1115,929
20735,13670,12202
20736,3470,3105
20737,7218,3462
20740,13079,4581
20742,36,0
20743,16521,10407
20744,21014,16080
20745,13124,5304
20746,14075,4404
20747,17271,8012
20748,17111,9262
20751,1128,911
20754,2330,2109
20755,3536,25
20758,228,201
20759,2031,1940
20762,1013,9
20763,1113,546
20764,1708,1127
20765,260,208
20769,2398,2155
20770,12736,5446
20772,19658,16951
20774,21747,15881
20776,1241,1065
20777,1062,1007
20778,739,726
20779,563,411
20781,4665,2437
20782,13312,5546
20783,14389,5717
20784,10773,5862
20785,16202,7753
20794,4230,2476
20812,114,101
20814,15388,7454
20815,14192,8776
20816,6779,5250
20817,14363,11186
20818,658,560
20832,8581,7254
20833,2628,2469
20837,2470,2159
20838,107,100
20839,58,44
20841,3116,2683
20842,747,543
20850,22468,10880
20851,5263,2877
20852,23023,9022
20853,10028,8192
20854,17119,14875
20855,6141,4709
20860,849,649
20861,1007,952
20862,175,175
20866,5142,3961
20868,114,114
20871,8915,7629
20872,4850,4122
20874,23081,14842
20876,9079,6001
20877,13599,5660
20878,25297,16875
20879,9008,6270
20880,305,274
20882,4644,4502
20886,13024,8346
20889,23,0
20895,7316,5537
20896,331,304
20899,89,0
20901,13783,9319
20902,18759,11637
20903,7471,2900
20904,22366,10827
20905,5866,4974
20906,27423,17522
20910,23209,7638
20912,10140,4196
21001,11010,7003
21005,999,9
21009,13106,10356
21010,105,0
21012,8509,6888
21013,2022,1816
21014,14975,11201
21015,11584,10104
21017,2643,1847
21023,37,30
21028,1127,835
21029,4155,3735
21030,11341,4728
21031,18,0
21032,3252,2765
21034,1199,1059
21035,2859,2579
21036,834,771
21037,8652,7059
21040,10211,6771
21042,15269,12778
21043,17978,11614
21044,19776,11270
21045,15826,10599
21046,6361,3825
21047,4925,4701
21048,3740,3429
21050,6507,5717
21051,47,47
21052,108,108
21053,1385,1282
21054,5377,4401
21056,234,130
21057,1664,1348
21060,15988,11931
21061,23196,12467
21071,115,115
21074,6158,5206
21075,13191,8356
21076,9553,6168
21077,76,66
21078,8760,6432
21082,227,214
21084,2846,2572
21085,7073,5383
21087,2250,1973
21090,4191,3240
21093,16313,12323
21102,4513,3954
21104,1985,1872
21105,12,0
21108,6526,5518
21111,1902,1778
21113,16103,9839
21114,9675,7683
21117,26001,13020
21120,2589,2429
21122,23624,19582
21128,5811,4540
21130,73,13
21131,2622,2441
21132,1139,1005
21133,12785,8625
21136,13944,10356
21140,1470,1400
21144,13456,10520
21146,10329,8779
21152,2542,1798
21153,234,207
21154,2835,2185
21155,1098,867
21156,83,83
21157,15466,11111
21158,8818,6674
21160,1004,730
21161,1959,1748
21162,1555,1262
21163,2693,2132
21201,11468,1176
21202,12731,2274
21204,9529,3980
21205,6502,1909
21206,21939,11234
21207,20974,11978
21208,16397,10386
21209,12086,6643
21210,5416,3091
21211,9056,4782
21212,13749,8678
21213,14549,6149
21214,9096,6625
21215,24876,11199
21216,15613,5472
21217,20064,4881
21218,21751,9011
21219,4093,3259
21220,17960,11107
21221,18364,10174
21222,24054,14188
21223,13034,2791
21224,23433,12140
21225,14434,6931
21226,3093,1785
21227,14260,9096
21228,20357,14038
21229,20653,10271
21230,18070,7931
21231,9342,2727
21234,29575,17770
21236,16267,10813
21237,13171,7623
21239,12621,6614
21244,15006,6890
21252,11,0
21286,10100,5929
21401,19293,11229
21402,428,0
21403,15479,10086
21405,309,186
21409,7541,6560
21502,19562,11649
21520,1028,670
21521,747,588
21523,65,57
21524,263,177
21529,304,203
21530,896,548
21531,1389,935
21532,6044,3441
21536,1742,1258
21538,392,253
21539,1074,565
21540,55,30
21541,2014,481
21542,62,17
21543,226,177
21545,835,521
21550,8395,4610
21555,1011,522
21557,782,517
21561,2471,1078
21562,1517,962
21601,11609,6981
21607,173,116
21610,271,107
21612,476,217
21613,9331,3979
21617,4218,3100
21619,3002,1746
21620,6259,4030
21622,339,164
21623,908,733
21624,156,45
21625,759,467
21626,90,69
21627,20,15
21628,150,150
21629,3972,2543
21631,1094,822
21632,2929,1565
21634,342,174
21635,1129,744
21636,376,281
21638,2219,1571
21639,1890,1201
21640,546,507
21641,81,34
21643,2323,1699
21644,22,22
21645,645,338
21647,177,164
21648,58,39
21649,631,453
21650,53,53
21651,1142,819
21652,140,105
21653,73,73
21654,877,508
21655,2041,1518
21657,558,460
21658,1827,1288
21659,570,396
21660,1571,1087
21661,1737,888
21662,364,191
21663,2110,1278
21664,269,159
21665,189,92
21666,5781,4496
21667,131,115
21668,792,585
21669,152,51
21671,539,340
21672,154,74
21673,1553,845
21675,75,27
21676,304,207
21677,279,183
21678,1107,836
21679,189,157
21701,18914,11873
21702,18677,11196
21703,15773,10442
21704,6230,4989
21710,1748,1407
21711,463,407
21713,4109,3164
21714,77,45
21715,12,12
21716,2849,2324
21717,96,86
21718,68,47
21719,586,429
21722,2347,2009
21723,221,209
21727,1838,1304
21733,466,401
21734,487,277
21737,689,634
21738,1166,1150
21740,27002,13750
21742,14099,8870
21750,1821,1192
21754,2510,2381
21755,2200,1786
21756,1360,1202
21757,1129,881
21758,1672,1411
21762,77,77
21766,503,215
21767,559,294
21769,4519,3777
21770,2448,2345
21771,11401,10107
21773,2134,1764
21774,5503,5068
21776,2378,2097
21777,750,747
21778,363,315
21779,496,273
21780,738,524
21782,1683,1304
21783,3952,2856
21784,13664,11503
21787,4429,3392
21788,5102,3933
21790,8,0
21791,1975,1559
21793,4069,3396
21794,700,675
21795,4308,2618
21797,3006,2639
21798,933,701
21801,12140,6326
21804,16736,7508
21810,59,59
21811,15439,8713
21813,1604,1082
21814,153,95
21817,2511,1286
21821,695,307
21822,1056,793
21824,151,85
21826,2148,1266
21829,216,134
21830,1872,1555
21835,208,150
21837,1255,1026
21838,928,674
21840,404,151
21841,455,251
21842,32684,4261
21849,1621,1031
21850,1675,1369
21851,3547,2028
21853,4962,2067
21856,416,258
21861,354,266
21862,21,0
21863,2152,1464
21864,321,211
21865,205,169
21866,96,65
21867,63,19
21869,457,267
21871,851,654
21872,315,276
21874,768,509
21875,3553,2332
21901,7952,5394
21902,52,0
21903,2451,1763
21904,2787,2041
21911,4149,3253
21912,677,611
21913,409,253
21914,394,253
21915,1439,1012
21917,692,683
21918,1645,1421
21919,2329,1328
21920,352,278
21921,18782,11954
21930,49,8
22003,19497,13289
22015,15132,12591
22025,6444,5465
22026,6648,4415
22027,623,571
22030,21758,12330
22031,15390,7078
22032,9988,8421
22033,16057,9829
22039,5856,5640
22041,11567,5789
22042,12598,7873
22043,10316,5966
22044,5495,2689
22046,7303,4320
22060,3323,267
22066,5852,5437
22079,12454,8962
22101,11316,9191
22102,14274,6294
22124,7049,6008
22125,450,319
22134,1651,61
22150,9695,5991
22151,5853,4695
22152,9779,7992
22153,11121,9918
22172,3903,2401
22180,10013,6540
22181,5555,4499
22182,10285,7129
22191,26127,14524
22192,21290,15656
22193,25121,19824
22201,21787,6305
22202,18110,3307
22203,14528,4223
22204,24128,9644
22205,6875,5164
22206,11851,5041
22207,12740,9622
22209,9261,2384
22211,44,0
22213,1814,1167
22301,6400,3385
22302,9660,4912
22303,8669,3901
22304,24654,9597
22305,8028,2563
22306,11514,5484
22307,4742,3419
22308,4850,4459
22309,13082,7994
22310,11116,8499
22311,9129,1636
22312,11191,5392
22314,21154,8898
22315,11660,8392
22401,12270,4744
22405,13058,10570
22406,10025,7408
22407,23305,17042
22408,12438,9395
22427,1643,876
22432,185,134
22433,109,109
22435,1339,865
22436,420,295
22437,409,180
22438,94,62
22443,5561,3280
22448,222,0
22454,1349,686
22460,1135,658
22469,1676,777
22473,3904,2182
22476,229,173
22480,684,308
22482,2152,1176
22485,10318,7517
22488,673,283
22503,2811,1651
22504,85,47
22508,6420,5689
22509,62,62
22511,903,424
22514,1084,737
22520,2996,1757
22529,42,42
22534,1153,926
22535,274,236
22538,118,118
22539,1778,758
22542,867,775
22546,7086,5589
22548,56,25
22551,8709,7095
22553,5891,4574
22554,20861,15968
22556,9976,7582
22560,3310,1661
22567,1090,782
22572,3039,1552
22576,1005,754
22578,1812,1007
22580,2032,1585
22601,13159,5020
22602,11716,8894
22603,7380,5174
22610,830,684
22611,3855,2674
22620,1127,859
22623,233,155
22624,1069,834
22625,1378,1108
22627,426,251
22630,14465,9905
22637,1026,565
22639,288,253
22640,256,86
22641,119,63
22642,2047,1406
22643,120,52
22644,1115,982
22645,1788,1304
22650,553,393
22652,787,437
22654,627,440
22655,8591,6143
22656,1909,1606
22657,5274,3649
22660,762,481
22663,594,431
22664,4061,1977
22701,13770,8960
22709,473,407
22711,34,26
22712,3207,2484
22713,768,648
22714,326,249
22715,542,541
22716,557,500
22718,340,245
22719,132,64
22720,496,388
22722,148,148
22723,30,30
22724,790,714
22725,28,28
22726,215,164
22727,2509,1684
22728,1223,949
22729,170,85
22730,63,57
22731,109,85
22732,128,92
22733,738,519
22734,1422,785
22735,952,684
22736,328,285
22737,1079,1043
22738,451,322
22740,583,284
22741,177,119
22742,565,463
22743,147,84
22746,126,113
22747,779,374
22749,125,68
22801,15820,6582
22802,11957,6250
22807,2,0
22810,879,278
22811,196,105
22812,3570,2437
22815,3957,2494
22820,109,64
22821,2493,1781
22824,2756,1899
22827,4671,3413
22830,919,654
22831,188,151
22832,400,346
22834,468,321
22835,6291,3588
22840,3642,1751
22841,1269,1008
22842,3197,1592
22843,1038,782
22844,2257,1400
22845,54,54
22846,545,477
22847,280,153
22849,2403,1471
22850,555,360
22851,2544,1439
22853,1839,1169
22901,17648,9486
22902,12134,5976
22903,17642,6572
22904,21,0
22911,8254,5463
22920,2053,1434
22922,974,767
22923,2809,1840
22931,166,54
22932,3925,2771
22935,558,394
22936,2347,2074
22937,754,489
22938,495,315
22939,2971,1941
22940,421,198
22942,4947,3221
22943,325,151
22946,60,48
22947,2285,1872
22948,48,48
22949,758,398
22952,675,565
22958,2914,979
22959,714,566
22960,4711,2693
22963,7107,5989
22964,106,71
22967,1455,652
22968,3957,3107
22969,656,519
22971,1157,616
22972,157,111
22973,2979,1953
22974,1544,1270
22976,216,63
22980,14711,9328
22989,42,0
23002,4615,3422
23004,371,265
23005,7639,5248
23009,3077,2702
23011,387,371
23015,1779,1436
23022,595,347
23023,141,94
23024,4956,3506
23025,379,265
23027,650,524
23030,2225,1685
23032,101,101
23035,929,588
23038,822,624
23039,482,423
23040,2263,1378
23043,1596,640
23045,48,48
23047,830,568
23050,264,221
23055,548,179
23056,178,55
23059,15783,11968
23060,14678,11115
23061,10045,7701
23062,1151,497
23063,1941,1372
23065,737,558
23066,583,171
23068,144,137
23069,1414,1136
23070,398,315
23071,1118,781
23072,5549,3591
23075,3796,2169
23076,346,241
23079,219,169
23083,985,707
23084,693,557
23085,243,135
23086,1549,1268
23089,2301,1826
23091,289,148
23092,482,260
23093,6431,4357
23102,1296,1106
23103,2842,2604
23106,375,375
23108,23,17
23109,1162,814
23110,381,273
23111,15773,11842
23112,21511,16944
23113,10317,8329
23114,8655,6562
23116,12246,10904
23117,5537,3772
23119,145,62
23120,5435,5215
23123,743,420
23124,1892,1780
23126,255,166
23128,264,173
23129,159,146
23130,127,39
23138,809,404
23139,10659,9294
23140,2987,2594
23141,3262,2739
23146,1315,1201
23148,706,478
23149,1092,629
23150,5446,3971
23153,518,412
23156,722,424
23161,146,41
23163,126,25
23168,3189,2837
23169,698,394
23175,1307,667
23176,344,207
23177,360,256
23180,319,204
23181,2455,1876
23185,22879,14416
23188,20194,13834
23192,2428,1922
23219,3488,218
23220,16561,4968
23221,7776,3749
23222,11762,6158
23223,27141,11011
23224,18201,5711
23225,21545,9371
23226,7827,5527
23227,13351,6373
23228,16724,8014
23229,14210,9738
23230,5066,1683
23231,17028,11019
23233,13184,7981
23234,18167,9863
23235,14973,10230
23236,10839,8968
23237,9862,6609
23238,12256,6731
23284,14,0
23294,8745,2967
23301,1052,417
23303,173,167
23304,5,5
23306,591,263
23307,384,210
23308,1021,546
23310,3386,1438
23314,4150,2859
23315,763,566
23316,27,20
23320,26131,16234
23321,14836,10993
23322,22386,19431
23323,15064,12071
23324,9834,4816
23325,7860,4690
23336,4495,1310
23337,196,94
23347,259,142
23350,1866,711
23354,234,208
23356,1420,749
23357,255,110
23358,159,108
23359,342,255
23389,40,40
23395,1245,219
23398,9,0
23401,131,58
23405,737,496
23407,181,157
23409,80,36
23410,1118,644
23413,410,162
23415,1080,552
23416,281,70
23417,2511,1245
23418,448,242
23420,1182,683
23421,2157,1156
23422,136,74
23423,197,112
23426,78,10
23427,217,103
23430,7961,6494
23432,636,503
23433,545,502
23434,21764,13590
23435,13386,8746
23436,388,360
23437,2126,1691
23438,711,640
23440,219,142
23442,486,307
23451,24897,11552
23452,23455,14346
23453,13056,8763
23454,24253,14955
23455,22286,12854
23456,22071,18229
23457,1720,1444
23462,29729,14876
23464,29267,19710
23480,305,170
23486,144,94
23487,2751,1891
23488,101,42
23502,8839,4019
23503,15350,6942
23504,9462,3005
23505,13715,4639
23507,3530,1474
23508,7112,3321
23509,5920,3264
23510,4948,901
23511,292,0
23513,13040,6641
23517,2901,696
23518,13911,7163
23523,3472,1065
23551,50,29
23601,12593,6496
23602,18876,9287
23603,1671,926
23604,946,6
23605,6944,2557
23606,13186,5748
23607,10764,2766
23608,18448,9045
23651,268,0
23661,6614,4146
23662,4945,3967
23663,6246,3014
23664,4871,3160
23665,1599,32
23666,25117,11871
23669,17589,9544
23690,1601,1105
23691,36,0
23692,7799,5843
23693,9155,6326
23696,1455,1254
23701,10318,6398
23702,5278,2198
23703,10856,6999
23704,9538,3288
23707,7216,3674
23708,8,0
23801,1566,33
23803,19826,8308
23805,9272,4998
23821,873,516
23824,3267,1745
23827,604,302
23828,301,213
23829,636,457
23830,601,537
23831,15430,11071
23832,14292,11974
23833,868,744
23834,11493,7841
23836,5519,3856
23837,1796,1157
23838,6299,5908
23839,369,257
23840,783,493
23841,1414,1192
23842,2957,2391
23843,289,232
23844,352,182
23845,196,127
23846,349,244
23847,6406,2734
23850,666,471
23851,6063,3284
23856,566,297
23857,192,94
23860,12254,6783
23866,947,569
23867,1167,685
23868,2257,956
23872,1139,814
23874,524,311
23875,5013,3544
23876,175,168
23878,572,527
23879,307,157
23881,1207,759
23882,990,652
23883,963,631
23885,1308,1109
23887,535,302
23888,1153,667
23889,360,276
23890,2047,1205
23893,198,190
23894,287,118
23897,428,114
23898,998,610
23899,254,171
23901,6561,3229
23915,582,321
23917,1769,945
23919,2679,955
23920,1889,1162
23921,1144,709
23922,998,635
23923,1194,669
23924,3323,1855
23927,3576,1722
23930,2678,1641
23934,230,230
23936,2656,1798
23937,947,539
23938,117,93
23942,561,419
23943,33,0
23944,2036,1111
23947,2068,1016
23950,1828,983
23952,70,21
23954,1217,513
23955,10,10
23958,1451,927
23959,648,461
23960,1112,652
23962,260,161
23963,171,122
23964,557,306
23966,1036,632
23967,664,274
23968,467,276
23970,3987,2070
23974,2100,1160
23976,69,18
24011,645,41
24012,13455,6739
24013,3334,1175
24014,8508,4975
24015,7593,4473
24016,5602,883
24017,11263,5244
24018,17546,11938
24019,12373,9119
24053,1266,679
24054,2682,1731
24055,6273,3975
24058,135,123
24059,454,388
24060,22797,8050
24064,2099,1718
24065,2943,2266
24066,2644,1813
24067,949,657
24069,865,575
24070,720,563
24072,612,474
24073,14248,8638
24076,672,378
24077,534,254
24078,3323,1719
24079,675,434
24082,162,140
24083,1678,1257
24084,5325,3146
24085,1281,975
24086,76,70
24087,1911,1179
24088,2115,1358
24089,1285,758
24090,2107,1618
24091,3980,2793
24092,1596,1003
24093,41,38
24095,1954,1380
24101,3095,2180
24102,902,547
24104,2526,1413
24105,225,182
24112,15999,8845
24120,1126,696
24121,7407,4309
24122,687,565
24124,2062,1345
24127,1962,1163
24128,833,634
24129,115,115
24131,85,6
24132,258,174
24133,1170,802
24134,2627,1695
24136,1720,1090
24137,2208,1114
24138,590,419
24139,439,271
24141,10043,4761
24147,680,325
24148,3876,2552
24149,1572,1284
24150,412,272
24151,8668,5232
24153,16387,10823
24161,251,123
24162,1027,524
24165,731,528
24167,85,47
24168,65,65
24171,4682,2635
24174,1131,856
24175,3540,2618
24176,1140,614
24179,8573,5817
24184,2207,1538
24185,497,336
24201,8138,4205
24202,6270,4313
24210,8110,5042
24211,4748,3531
24216,1236,680
24217,352,155
24219,4473,2722
24220,403,301
24221,395,253
24224,2687,1597
24225,1160,536
24226,768,431
24228,3327,1922
24230,3863,2180
24236,1716,956
24237,522,334
24239,8,0
24243,781,471
24244,2720,1454
24245,541,231
24246,64,21
24248,1433,891
24250,777,489
24251,4388,2745
24256,1529,777
24258,709,520
24260,2363,1405
24263,2975,1788
24265,359,229
24266,4188,2873
24269,124,117
24270,123,112
24271,1546,918
24272,432,209
24273,2690,1494
24277,2560,1274
24279,1972,1452
24280,327,227
24281,1110,623
24282,300,194
24283,988,575
24290,1004,532
24292,205,112
24293,4642,3114
24301,6554,3704
24311,933,551
24312,1024,420
24313,370,316
24314,922,464
24315,1592,1065
24316,17,17
24317,2136,1201
24318,527,175
24319,3100,1900
24322,104,11
24323,398,328
24324,1135,887
24325,858,487
24326,513,310
24328,1551,816
24330,1695,1074
24333,9029,5334
24340,2647,1741
24343,4556,2807
24347,1046,645
24348,2414,1247
24350,544,443
24351,349,165
24352,752,321
24354,6929,3855
24360,2638,2066
24361,2006,1362
24363,1172,468
24366,179,161
24368,2275,1738
24370,2890,1776
24374,359,228
24375,1105,604
24377,226,154
24378,791,446
24380,1578,1083
24381,1906,1111
24382,7682,4738
24401,18056,10594
24411,3,3
24412,115,115
24413,209,156
24415,25,25
24416,4037,2186
24421,1690,1272
24422,2882,1615
24426,7249,4673
24430,758,359
24431,1027,849
24432,406,213
24433,63,32
24435,959,728
24437,602,602
24439,632,405
24440,1051,766
24441,2719,1951
24442,145,29
24445,1701,708
24448,235,179
24450,7650,4259
24457,153,59
24458,210,118
24459,249,152
24460,885,399
24464,194,15
24465,1050,467
24467,1064,816
24471,768,614
24472,984,830
24473,494,317
24474,139,113
24476,133,121
24477,5037,3780
24479,760,696
24482,2003,1388
24483,420,315
24484,748,224
24485,177,158
24486,1242,989
24487,309,155
24501,12157,4546
24502,18576,8786
24503,8755,5925
24504,5206,2191
24517,2376,1383
24520,1176,789
24521,4592,3179
24522,4487,3067
24523,9729,6700
24526,636,456
24527,1351,964
24528,1785,1161
24529,960,486
24530,454,349
24531,3994,2687
24534,854,565
24536,92,92
24538,2195,1693
24539,132,73
24540,15792,8273
24541,14506,6569
24549,2011,1428
24550,3401,2390
24551,10844,8615
24553,869,554
24554,1730,1221
24555,1127,694
24556,1134,981
24557,4121,2408
24558,3150,1843
24562,446,221
24563,2653,1532
24565,570,321
24566,666,539
24569,449,318
24571,1128,740
24572,7415,5189
24574,1721,1268
24577,2593,1502
24578,325,211
24579,641,368
24580,345,193
24586,2192,1426
24588,4049,2567
24589,1020,659
24590,3363,2558
24592,6821,3347
24593,1122,761
24594,688,449
24595,60,15
24597,421,283
24598,916,438
24599,579,397
24602,506,172
24603,403,160
24604,155,88
24605,4187,2658
24606,141,106
24607,225,138
24609,3530,2212
24612,96,57
24613,164,128
24614,3680,2294
24620,1159,697
24622,519,240
24630,2910,1634
24631,766,321
24634,212,150
24635,345,113
24637,1532,1111
24639,1673,905
24641,2830,1542
24646,498,386
24649,1014,661
24651,2889,1624
24656,1554,918
24657,123,22
24701,9419,4899
24712,892,534
24714,118,37
24715,185,103
24716,129,41
24719,131,42
24724,71,25
24726,112,92
24729,114,32
24731,12,0
24733,150,137
24736,447,247
24737,574,258
24739,6549,4458
24740,8069,4318
24747,1499,994
24801,1585,833
24808,432,234
24811,231,120
24813,60,60
24815,212,144
24816,56,14
24817,720,490
24818,670,523
24822,495,390
24823,193,139
24826,73,0
24827,455,343
24828,358,230
24830,84,32
24831,124,87
24834,428,428
24836,318,156
24839,187,110
24843,14,14
24844,646,366
24845,300,195
24846,183,97
24847,88,74
24848,56,38
24849,172,67
24850,12,0
24851,216,99
24853,458,136
24854,378,194
24855,33,15
24857,395,228
24860,203,110
24861,97,0
24862,349,242
24866,283,239
24867,64,27
24868,834,406
24869,168,116
24870,1016,596
24871,264,138
24872,424,264
24873,181,86
24874,991,547
24878,117,64
24879,245,83
24880,228,187
24881,85,40
24882,448,372
24884,39,30
24888,52,35
24892,789,231
24894,182,87
24895,8,8
24898,104,87
24901,4769,2702
24910,1941,1199
24915,391,178
24916,227,159
24918,701,311
24920,210,98
24924,430,249
24925,311,199
24927,412,164
24931,788,447
24934,463,128
24935,316,154
24938,702,506
24941,755,321
24943,54,54
24944,292,123
24945,167,113
24946,721,317
24951,769,566
24954,1951,1021
24957,235,197
24962,61,35
24963,1782,1277
24966,683,453
24970,2162,1406
24974,135,135
24976,444,341
24977,140,114
24981,365,168
24983,969,631
24984,247,68
24985,61,38
24986,3182,1658
24991,314,232
24993,27,27
25003,943,569
25005,106,93
25007,298,246
25008,67,56
25009,290,239
25011,227,160
25015,1924,1168
25019,250,169
25021,222,185
25022,16,16
25024,219,152
25025,88,18
25028,190,116
25030,188,133
25031,492,201
25033,875,627
25035,212,133
25036,159,81
25039,312,231
25040,225,128
25043,713,245
25044,162,109
25045,2026,1246
25047,147,50
25048,73,45
25049,319,133
25051,83,83
25053,1801,1005
25054,123,33
25057,80,53
25059,159,111
25060,54,0
25061,220,213
25062,124,124
25063,796,553
25064,5058,2679
25067,375,203
25070,796,606
25071,5078,3253
25075,345,105
25076,34,34
25081,504,450
25082,878,768
25083,150,137
25085,375,196
25086,351,265
25088,110,110
25090,114,25
25093,92,26
25102,156,121
25103,190,64
25106,202,162
25107,281,180
25108,338,232
25109,421,279
25110,179,179
25111,160,102
25113,291,185
25114,210,119
25115,18,18
25118,146,27
25119,189,129
25121,428,318
25123,1473,896
25124,787,748
25125,390,258
25126,123,71
25130,1623,883
25132,202,74
25133,372,165
25134,239,157
25136,984,349
25139,210,194
25140,494,275
25141,108,108
25142,96,96
25143,4423,2721
25148,205,161
25149,146,46
25152,235,191
25154,435,269
25156,48,48
25159,1863,1333
25160,263,207
25161,292,237
25162,176,105
25164,504,305
25165,284,236
25168,1341,1015
25169,266,126
25173,57,27
25174,180,149
25177,11250,6944
25180,87,69
25181,573,489
25183,58,39
25186,443,232
25187,419,346
25193,181,70
25201,22,22
25202,522,387
25203,63,17
25204,98,48
25205,77,56
25206,147,44
25208,319,173
25209,515,224
25211,41,41
25213,2630,2078
25214,362,282
25234,370,213
25235,580,308
25239,593,469
25241,798,590
25243,529,262
25244,289,228
25245,417,299
25247,221,163
25248,1451,1071
25251,235,154
25252,577,405
25253,1053,814
25259,338,216
25260,806,505
25261,99,69
25262,507,447
25264,213,153
25265,755,582
25266,321,209
25267,313,166
25268,326,182
25270,436,263
25271,4047,2482
25275,1074,692
25276,3940,2252
25285,314,181
25286,727,496
25287,216,132
25301,1640,252
25302,7676,3918
25303,3558,2126
25304,4062,2294
25306,3503,2034
25309,5867,3774
25311,5412,2437
25312,4305,3159
25313,6214,3990
25314,7328,5499
25315,1622,979
25320,2485,1385
25387,2904,1443
25401,6841,3364
25403,6477,5096
25404,9973,5563
25405,5917,4790
25411,6195,3985
25413,3388,2631
25414,8263,5968
25419,5388,4154
25420,2148,1661
25421,17,17
25422,1523,698
25425,6351,4582
25427,7193,5793
25428,5399,4539
25430,3235,2389
25431,158,78
25432,43,22
25434,1396,804
25437,172,64
25438,3025,1931
25442,942,792
25443,2816,2015
25444,231,103
25446,514,374
25501,531,451
25502,337,183
25503,257,240
25504,5492,3811
25505,159,144
25506,2699,1526
25507,593,361
25508,3938,2665
25510,2261,1782
25511,455,309
25512,671,406
25514,1899,1151
25515,1100,736
25517,732,479
25520,842,608
25521,405,283
25523,1168,581
25524,1250,869
25526,9906,7301
25529,501,275
25530,3000,2060
25534,84,52
25535,961,733
25537,1008,430
25540,128,117
25541,4500,3197
25544,43,43
25545,2041,1618
25547,317,130
25550,4433,2997
25555,758,428
25557,817,566
25559,694,524
25560,3546,2718
25564,570,353
25565,408,271
25567,316,198
25570,2822,1841
25571,986,554
25573,284,105
25601,2350,1202
25606,331,206
25607,358,193
25608,452,296
25611,455,380
25612,183,135
25617,79,64
25621,1015,646
25624,187,171
25625,412,369
25628,250,133
25630,184,133
25632,275,221
25634,591,464
25635,710,416
25637,585,395
25638,214,78
25639,348,249
25644,251,145
25646,424,258
25647,149,60
25649,826,378
25650,54,20
25651,302,139
25652,583,469
25653,41,41
25654,62,62
25661,2450,1047
25666,47,17
25667,179,95
25669,400,277
25670,1654,1144
25671,756,336
25672,210,181
25674,1073,589
25676,650,413
25678,734,391
25685,172,146
25688,151,31
25690,228,157
25692,688,458
25696,684,392
25699,28,0
25701,12388,5732
25702,3841,1671
25703,2783,336
25704,6931,4108
25705,9909,5761
25755,34,0
25801,15185,8234
25810,43,0
25811,17,17
25812,724,433
25813,2880,2162
25817,103,27
25818,168,61
25820,249,218
25823,258,138
25825,943,837
25826,181,181
25827,884,657
25831,541,347
25832,2109,1654
25836,410,325
25837,236,184
25839,259,150
25840,3405,2454
25841,252,125
25843,685,378
25844,277,207
25845,290,186
25846,67,41
25848,110,20
25849,256,95
25853,26,26
25854,367,204
25855,119,82
25857,93,13
25862,176,176
25864,67,54
25865,852,548
25866,154,101
25868,262,239
25870,48,48
25871,480,248
25873,430,350
25875,220,144
25876,32,32
25878,527,416
25879,155,89
25880,2334,1382
25882,1086,669
25901,4776,3026
25902,134,134
25904,383,231
25907,60,46
25908,66,0
25909,368,338
25911,134,90
25913,64,64
25915,175,89
25916,49,49
25917,793,548
25918,1880,1559
25920,47,47
25921,1412,643
25922,45,45
25928,100,100
25932,52,52
25936,55,0
25938,781,493
25942,41,41
25943,18,0
25951,3497,1865
25958,283,173
25962,1608,988
25966,35,22
25969,691,542
25971,759,590
25972,130,54
25976,1174,887
25977,35,8
25978,264,219
25979,365,248
25981,442,267
25984,839,545
25985,205,76
25986,155,117
25989,222,91
26003,20853,12435
26030,287,179
26031,833,453
26032,213,148
26033,1282,640
26034,2459,1786
26035,939,767
26036,252,176
26037,2993,1855
26038,1269,1127
26039,249,108
26040,947,476
26041,7224,4706
26047,2687,1803
26050,723,391
26055,769,471
26056,92,77
26058,30,25
26059,1501,961
26060,677,491
26062,10235,6581
26070,3977,2725
26074,234,132
26075,283,206
26101,14134,8098
26104,8351,5434
26105,5861,3957
26133,590,446
26134,281,192
26136,165,110
26137,387,296
26138,52,52
26141,269,174
26142,915,823
26143,1825,1159
26146,642,352
26147,1033,657
26148,146,124
26149,1250,755
26150,2720,1734
26151,236,148
26152,26,0
26155,3775,2603
26159,1187,800
26160,604,436
26161,243,211
26162,15,0
26164,3364,2239
26167,339,257
26169,355,275
26170,2634,1833
26175,1413,999
26178,237,55
26180,940,621
26181,2599,2110
26184,978,802
26187,2921,2360
26201,8663,5944
26202,125,125
26203,164,110
26205,1405,772
26206,1211,707
26208,452,257
26209,1391,29
26210,24,9
26215,74,54
26217,118,30
26218,1439,880
26222,362,75
26224,143,73
26228,20,0
26230,121,61
26234,672,511
26237,274,188
26238,728,553
26241,6807,4028
26250,1958,1311
26253,1447,871
26254,166,54
26257,337,271
26259,37,37
26260,1713,463
26261,1754,1005
26263,356,111
26264,401,208
26266,47,47
26267,243,167
26268,112,16
26269,567,472
26270,421,318
26271,217,142
26273,444,267
26275,233,140
26276,247,237
26278,248,209
26280,700,425
26282,258,105
26283,719,530
26285,203,157
26287,1472,905
26288,1853,872
26289,4,4
26291,122,13
26292,383,162
26293,257,193
26294,297,203
26296,31,20
26298,126,24
26301,13875,7856
26320,477,308
26321,138,83
26323,258,104
26325,152,90
26327,58,30
26330,6912,4769
26335,627,350
26337,425,301
26338,264,173
26339,153,65
26342,332,234
26343,324,154
26346,226,173
26347,907,706
26348,176,126
26349,105,48
26351,1438,730
26354,4678,3450
26361,65,6
26362,1371,946
26366,4,4
26369,145,80
26372,356,220
26374,735,686
26376,246,173
26377,332,254
26378,2102,1604
26384,258,116
26385,1419,1053
26386,1122,742
26404,153,97
26405,429,285
26408,946,696
26410,369,289
26411,399,189
26412,327,234
26415,1325,931
26416,3485,2273
26419,352,168
26421,84,53
26422,166,123
26424,91,63
26425,571,311
26426,2991,2120
26430,178,119
26431,2613,1615
26435,8,8
26436,65,39
26437,206,148
26438,89,42
26440,565,460
26443,168,111
26444,1702,1183
26447,551,341
26448,431,356
26451,250,157
26452,4624,2488
26456,1741,1081
26463,177,61
26501,9541,5186
26505,19220,5448
26506,25,25
26508,16829,11806
26519,885,602
26520,228,179
26521,77,58
26524,62,46
26525,2521,1941
26534,470,229
26537,2717,1735
26541,1548,1304
26542,1007,747
26543,26,26
26544,30,0
26546,177,134
26547,1214,850
26554,19688,12713
26559,733,588
26560,51,51
26562,289,194
26563,99,63
26568,214,187
26570,1579,1080
26571,730,559
26572,169,50
26574,184,139
26575,374,263
26576,448,350
26581,600,390
26582,1946,1436
26585,272,178
26586,49,34
26587,66,49
26588,1359,903
26590,406,233
26591,583,360
26601,1927,1001
26610,558,267
26611,97,49
26615,105,35
26617,201,164
26619,250,162
26621,392,272
26623,595,478
26624,1339,729
26627,67,42
26629,157,121
26631,178,103
26636,182,78
26638,94,82
26651,4525,3041
26656,187,104
26660,114,114
26662,380,243
26667,34,14
26671,159,121
26676,329,124
26678,688,524
26679,1021,461
26680,168,148
26681,461,438
26684,109,109
26690,274,230
26691,326,141
26704,2730,1854
26705,422,205
26707,180,128
26710,934,723
26711,1239,862
26714,382,103
26716,387,208
26717,510,381
26719,1032,707
26720,54,14
26722,279,117
26726,5978,3645
26731,147,84
26739,554,190
26743,1008,786
26750,468,220
26753,2689,2087
26755,481,230
26757,3389,1766
26761,412,257
26763,1101,484
26764,2421,1322
26767,216,127
26801,860,406
26802,605,333
26804,291,152
26807,1218,656
26808,392,260
26810,432,148
26812,1198,593
26814,214,139
26815,402,149
26817,165,120
26818,389,232
26823,109,9
26833,1189,961
26836,3154,1959
26838,75,34
26845,351,288
26847,2812,1587
26851,1273,739
26852,563,350
26855,416,250
26865,265,86
26866,567,282
26884,169,64
26886,115,72
27006,7268,5876
27007,995,674
27009,1347,1170
27011,2589,1858
27012,13107,9987
27013,2681,2055
27014,447,265
27016,1131,807
27017,4187,2651
27018,3490,2427
27019,1594,1279
27020,2911,1925
27021,7926,5231
27022,682,359
27023,5471,4567
27024,1476,938
27025,5513,4021
27027,2191,1236
27028,11096,7825
27030,17296,10748
27040,5366,4353
27041,3410,2472
27042,114,78
27043,2993,2478
27045,4632,3340
27046,1190,926
27047,535,458
27048,3808,3027
27050,1729,1303
27051,3365,2286
27052,4447,3214
27053,1691,1281
27054,1196,1002
27055,6190,4001
27101,11958,3378
27103,17884,8766
27104,15082,8438
27105,18130,8165
27106,22491,10469
27107,20767,12912
27127,18126,10746
27201,55,41
27202,30,30
27203,9937,4013
27205,15487,11374
27207,1835,1331
27208,902,588
27209,1576,834
27212,675,321
27213,38,38
27214,5992,3911
27215,21854,12248
27217,16392,8998
27229,1244,817
27231,1096,791
27233,1332,1074
27235,2095,1631
27239,3920,2826
27242,931,459
27243,2402,1938
27244,5740,3917
27247,68,26
27248,1842,1191
27249,6391,4472
27252,599,470
27253,14821,9076
27256,74,74
27258,2869,2118
27259,63,11
27260,11233,3994
27262,10246,5332
27263,8938,5798
27265,22526,14477
27278,12328,8897
27281,1440,1067
27282,6560,4654
27283,1383,1093
27284,25168,16995
27288,11127,5806
27291,892,698
27292,18749,10771
27295,16775,11819
27298,4340,2530
27299,2049,1448
27301,4231,3238
27302,14997,9544
27305,747,480
27306,4410,1935
27310,3034,2780
27311,1596,903
27312,10613,7783
27313,3544,2720
27314,489,270
27315,944,589
27316,3101,1967
27317,7276,5043
27320,17876,11976
27325,2951,1974
27326,1879,1200
27330,17026,9456
27332,13895,9470
27340,41,11
27341,2399,1668
27342,20,20
27343,1309,532
27344,8086,5076
27349,2727,2074
27350,2713,2044
27351,44,44
27355,1006,500
27356,1442,674
27357,4016,3077
27358,5699,4885
27360,20987,13165
27370,6007,4821
27371,3900,2170
27374,127,44
27376,4598,3341
27377,4538,2887
27379,2089,1126
27401,9650,2876
27403,8671,4083
27405,21762,9767
27406,28080,14276
27407,23861,10350
27408,8043,5420
27409,9616,2779
27410,26279,15543
27455,12822,8650
27501,9104,6633
27502,17607,13673
27503,1445,1202
27504,7140,4964
27505,3158,1994
27506,67,0
27507,863,602
27508,927,685
27509,1482,863
27510,7671,1964
27511,14359,8995
27513,21204,12467
27514,11470,5064
27516,18684,12383
27517,13015,8290
27518,9211,5378
27519,24758,16406
27520,18540,13449
27521,2896,1774
27522,5775,4249
27523,7730,4919
27524,5988,3675
27525,7071,5302
27526,22612,17503
27527,13179,10708
27529,22089,15127
27530,17796,9130
27531,18,0
27534,15158,7381
27536,7432,2344
27537,10764,6060
27539,9096,7180
27540,16400,13025
27541,1719,1242
27542,4307,2771
27544,1760,1124
27545,12781,8618
27546,7933,4626
27549,11326,6856
27551,1639,680
27553,957,460
27555,315,152
27556,51,34
27557,3260,2188
27559,1246,988
27560,17764,7011
27562,1678,1422
27563,2489,1263
27565,10903,6420
27568,630,439
27569,3559,2169
27570,31,0
27571,2975,2604
27572,2857,2531
27573,5748,2836
27574,6474,4942
27576,7911,5067
27577,10744,6643
27581,1435,1201
27582,149,93
27583,2748,2325
27584,83,32
27587,30571,23666
27589,3586,1858
27591,10109,7319
27592,7065,5839
27594,91,36
27596,8030,6548
27597,11440,8626
27601,4874,1184
27603,24030,13181
27604,20828,10213
27605,4377,1223
27606,22199,7206
27607,10698,4201
27608,5589,3892
27609,19740,8712
27610,29245,16740
27612,21582,10508
27613,20099,13154
27614,14834,9501
27615,20681,14125
27616,24282,12845
27617,10522,4405
27701,13409,3456
27703,27122,16545
27704,16824,9340
27705,24108,9725
27707,23528,10146
27712,9686,8326
27713,26266,14871
27801,9162,3318
27803,10079,5291
27804,14352,6990
27805,1556,1144
27806,1205,708
27807,2436,1712
27808,1420,783
27809,1848,1206
27810,2626,1248
27812,1240,671
27813,344,177
27814,1266,724
27816,1474,873
27817,3537,2295
27818,517,373
27819,143,49
27820,1394,702
27821,61,23
27822,3535,2637
27823,3385,1580
27824,931,445
27825,41,12
27826,315,127
27827,70,70
27828,4006,2316
27829,979,643
27830,2083,906
27831,1722,992
27832,1268,766
27834,27368,9023
27837,2715,1946
27839,1828,1019
27840,185,114
27841,36,0
27842,1927,641
27843,438,265
27844,1701,1001
27845,890,591
27846,1351,801
27847,479,300
27849,579,414
27850,5211,2564
27851,2215,1472
27852,1213,967
27853,263,156
27855,2588,1416
27856,7122,4323
27857,697,354
27858,26281,10298
27860,746,318
27861,82,61
27862,423,293
27863,5385,3684
27864,2111,1085
27865,1008,802
27866,221,125
27869,974,585
27870,11578,6085
27871,2025,1157
27872,136,96
27873,170,86
27874,2408,1247
27875,277,205
27876,801,465
27877,5,5
27878,591,212
27879,146,95
27880,1722,1437
27881,14,7
27882,3898,2109
27883,1734,1103
27884,489,407
27885,630,322
27886,8916,5141
27888,852,509
27889,12956,6713
27890,1084,459
27891,2035,1227
27892,6690,3915
27893,18383,6837
27896,8496,5930
27897,978,276
27909,17591,10044
27910,5282,2874
27915,1727,239
27916,586,413
27917,301,97
27919,489,244
27920,995,482
27921,2109,1389
27922,423,242
27923,270,231
27924,1183,727
27925,1893,1030
27926,826,607
27927,4746,524
27928,787,560
27929,1178,1037
27932,6550,3624
27935,579,375
27936,766,329
27937,1307,1064
27938,874,632
27939,1324,881
27941,389,241
27942,402,223
27943,559,92
27944,6038,3703
27946,631,426
27947,406,377
27948,10143,4208
27949,9001,2821
27950,966,767
27953,636,302
27954,3587,2259
27956,99,65
27957,826,437
27958,4878,4271
27959,5214,1262
27960,720,262
27962,3678,2041
27964,235,203
27965,242,223
27966,644,448
27967,271,184
27968,517,137
27969,94,55
27970,1791,939
27972,709,68
27973,612,425
27974,485,433
27976,1366,1317
27978,136,55
27979,553,355
27980,793,586
27981,772,515
27982,77,52
27983,4061,2097
27985,162,32
27986,588,274
28001,12847,7224
28006,574,474
28007,367,217
28009,582,331
28012,11511,7513
28016,5805,3531
28018,2681,1992
28020,1056,698
28021,6306,4126
28023,6490,4794
28024,16,16
28025,23759,14542
28027,31450,18202
28031,14194,9436
28032,1664,1134
28033,1267,1071
28034,8085,5490
28036,8339,6227
28037,11930,9149
28039,12,0
28040,3396,2493
28041,4,4
28042,103,43
28043,9356,5235
28052,15561,7246
28054,18351,7900
28056,14415,10803
28071,1528,1118
28072,239,177
28073,2664,1503
28074,12,12
28075,6840,6082
28076,97,68
28077,160,42
28078,27659,19057
28079,14354,11152
28080,3182,2531
28081,12400,7877
28083,11925,6613
28086,11307,7674
28088,1233,900
28089,27,11
28090,3413,2005
28091,975,570
28092,17332,11240
28097,3002,2264
28098,1685,1229
28101,461,431
28102,39,13
28103,4516,3169
28104,12751,11386
28105,17906,11533
28107,3594,2726
28108,34,16
28109,180,144
28110,20236,14168
28112,11021,7480
28114,3528,2017
28115,17427,11883
28117,21528,12767
28119,1306,718
28120,10590,7159
28124,2452,1844
28125,1179,881
28127,4690,2311
28128,3584,1964
28129,2565,2067
28133,1116,662
28134,5299,3221
28135,1445,859
28136,45,12
28137,1384,853
28138,4228,2785
28139,8953,6210
28144,12655,5855
28146,14111,10357
28147,10095,5900
28150,13482,7559
28152,11134,6482
28159,1458,786
28160,1953,846
28163,2138,1726
28164,6387,5059
28166,4423,3415
28167,1234,909
28168,4743,3572
28169,67,35
28170,4768,2430
28173,20801,17849
28174,2891,2013
28202,11490,2498
28203,11641,3253
28204,6291,1478
28205,24605,9533
28206,7094,2197
28207,4495,3419
28208,17842,6381
28209,13410,6226
28210,22376,11443
28211,15061,7582
28212,17417,5934
28213,20484,8526
28214,15896,11113
28215,25350,15558
28216,24902,11702
28217,13615,3930
28223,10,0
28226,16816,10604
28227,23179,15041
28262,23449,6365
28269,33124,19521
28270,12653,9254
28273,19236,9469
28277,30100,17340
28278,13812,9926
28301,8590,2598
28303,15554,6367
28304,16424,7971
28305,3497,1713
28306,17723,10265
28307,5045,31
28311,16275,7420
28312,8706,5758
28314,24832,10557
28315,6350,4032
28318,2029,1441
28320,3741,2257
28323,1828,1349
28325,205,94
28326,9277,5390
28327,7874,5635
28328,10846,5724
28330,111,111
28331,13,7
28332,334,200
28333,4336,2397
28334,10339,6229
28337,5176,2267
28338,1771,1197
28339,3245,2181
28340,4250,2378
28341,1366,796
28342,46,22
28343,707,350
28344,1411,1021
28345,5590,2859
28347,486,291
28348,14413,9885
28349,1798,1290
28350,152,46
28351,2114,1203
28352,9803,4657
28356,2566,1707
28357,1216,814
28358,14838,7178
28359,7,0
28360,5092,3230
28362,22,15
28363,494,304
28364,5490,3645
28365,6541,4268
28366,2118,1306
28367,45,10
28368,36,31
28369,915,587
28371,2566,1627
28372,4652,2508
28373,1138,863
28374,10532,7666
28375,91,60
28376,16834,10979
28377,4715,2793
28378,22,0
28379,11540,6210
28382,2992,1854
28383,3058,2060
28384,4196,2613
28385,1307,918
28386,2130,1410
28387,8731,4314
28390,10204,4239
28391,2414,1718
28392,842,578
28393,847,647
28394,2383,1549
28395,1083,746
28396,1188,719
28398,3004,1271
28399,799,337
28401,13017,4364
28403,20424,6617
28405,17073,8934
28409,14821,11777
28411,16978,12523
28412,20704,11213
28420,1593,808
28421,1072,576
28422,4385,3011
28423,982,712
28424,94,18
28425,4910,3200
28428,6268,2447
28429,3906,3257
28430,940,472
28431,3252,1759
28432,686,413
28433,1950,1108
28434,424,256
28435,838,605
28436,687,413
28438,752,436
28439,620,273
28441,1307,791
28442,683,452
28443,11276,8016
28444,1287,692
28445,8832,3367
28447,583,452
28448,539,273
28449,1958,687
28450,1208,681
28451,19672,15019
28452,367,165
28453,1379,833
28454,1278,1019
28455,964,593
28456,1810,1220
28457,4799,3458
28458,2768,1488
28460,9134,4209
28461,14435,9054
28462,11620,4488
28463,3063,1743
28464,895,482
28465,10482,3696
28466,4647,2808
28467,8098,5935
28468,5528,2229
28469,8730,3792
28470,6123,3619
28472,8073,4790
28478,2317,1791
28479,2737,2052
28480,2940,1049
28501,9896,3817
28504,9355,5338
28508,833,538
28510,1029,581
28511,457,234
28512,8944,1432
28513,4855,3009
28515,1330,670
28516,7183,3681
28518,3702,2512
28519,231,109
28520,160,64
28521,937,587
28523,1145,810
28524,162,123
28525,1312,880
28526,1258,773
28527,604,455
28528,263,209
28529,1120,687
28530,3557,1894
28531,1155,367
28532,8677,4104
28537,31,6
28538,1049,471
28539,8091,5290
28540,21466,11144
28542,77,0
28543,2207,59
28544,2311,561
28546,21387,10893
28547,2317,0
28551,5827,3675
28552,139,94
28553,442,164
28554,74,46
28555,2619,1613
28556,627,324
28557,9168,4839
28560,14165,8360
28562,18812,12857
28570,10819,6740
28571,1889,1184
28572,2909,1790
28573,940,589
28574,8055,5212
28575,329,58
28577,212,64
28578,1782,994
28579,336,243
28580,4206,2308
28581,166,47
28582,731,536
28584,7550,4793
28585,1916,1205
28586,3717,2362
28587,181,90
28589,21,21
28590,11793,8267
28594,6802,1511
28601,23400,14475
28602,12941,7638
28604,9148,2262
28605,4336,1155
28606,929,655
28607,16726,6323
28609,3264,2432
28610,5050,3356
28611,398,163
28612,5449,3696
28613,10222,7069
28615,1227,642
28616,44,21
28617,1218,573
28618,1348,667
28619,192,79
28621,4864,2954
28622,1896,910
28623,1114,660
28624,813,438
28625,16917,11228
28626,2092,1267
28627,855,376
28628,25,22
28629,15,0
28630,9220,6211
28631,403,195
28634,2333,1592
28635,1659,1300
28636,2078,1536
28637,728,429
28638,4961,3412
28640,2832,1440
28641,31,0
28642,2653,1610
28643,2301,1322
28644,1086,392
28645,21558,13682
28646,1064,186
28649,617,300
28650,5390,4152
28651,2690,1760
28652,90,49
28653,25,25
28654,1953,1110
28655,24542,16094
28657,6249,2935
28658,10958,7671
28659,9647,5702
28660,1138,732
28662,28,0
28663,716,245
28664,28,22
28665,1556,859
28666,76,76
28667,142,34
28668,607,84
28669,1417,1098
28670,1031,606
28671,135,79
28672,76,76
28673,3380,2559
28675,3867,2343
28676,1536,1082
28677,16096,9679
28678,2079,1753
28679,1443,875
28681,11524,7866
28682,800,478
28683,687,402
28684,1471,761
28685,932,705
28689,896,588
28690,4754,3560
28692,3101,1653
28693,616,476
28694,4805,2757
28697,6038,3703
28698,1152,781
28701,1996,1355
28702,385,121
28704,11514,5144
28705,3997,2244
28707,404,173
28708,348,135
28709,1372,708
28711,7563,3715
28712,10714,6120
28713,5816,2725
28714,9719,5517
28715,12519,7302
28716,8590,5186
28717,2310,659
28718,365,270
28719,3150,2061
28720,170,47
28721,5154,3352
28722,3151,1829
28723,5600,1368
28725,57,10
28726,1450,839
28729,1544,1151
28730,3927,2479
28731,4417,3147
28732,8181,6018
28733,221,33
28734,18472,10665
28735,180,118
28736,1308,479
28739,11083,7316
28740,1308,694
28741,6089,1677
28742,1323,1086
28743,1447,760
28745,600,178
28746,3310,1184
28747,1864,842
28748,4908,3199
28749,74,45
28751,4134,1574
28752,14141,8893
28753,5381,3256
28754,4460,2600
28756,2375,1429
28757,742,10
28758,43,43
28759,3300,2569
28761,3864,2589
28762,3544,2136
28763,1530,912
28766,620,427
28768,3542,2362
28770,27,0
28771,4736,2597
28772,843,420
28773,2045,1069
28774,2603,641
28775,471,234
28777,4949,2858
28778,4865,2978
28779,9551,5379
28781,967,455
28782,3718,2351
28783,1016,396
28785,4831,2905
28786,12064,6911
28787,10863,6886
28788,102,58
28789,4057,1754
28790,1728,1298
28791,7268,5292
28792,18121,9602
28801,8490,2232
28803,18322,7421
28804,11716,6466
28805,10737,5477
28806,21185,9703
28901,3292,2120
28902,786,401
28904,6561,3605
28905,1656,1108
28906,12992,7510
28909,305,185
29001,836,557
29003,2896,1712
29006,4256,2872
29009,1135,818
29010,5111,2915
29014,649,511
29015,717,475
29016,11958,9317
29018,1576,997
29020,11324,7123
29030,837,607
29031,721,463
29032,2202,1404
29033,6873,3798
29036,10910,9315
29037,546,308
29038,1208,806
29039,1817,1056
29040,3729,2460
29042,2017,787
29044,2536,1664
29045,11643,9164
29046,57,36
29047,2046,1373
29048,2617,1446
29051,314,158
29052,752,598
29053,8787,5430
29054,4950,3722
29055,1915,1388
29056,1161,638
29058,2092,1407
29059,2801,1510
29061,5479,3572
29062,9,9
29063,14658,11237
29065,376,251
29067,4486,3044
29069,2293,1481
29070,7733,5181
29072,26951,21092
29073,20239,15820
29074,352,105
29075,1413,1172
29078,6796,5509
29079,20,20
29080,1301,899
29081,774,515
29082,232,141
29101,1283,818
29102,8741,4609
29104,785,363
29105,586,476
29107,1413,815
29108,9096,4912
29111,679,467
29112,2008,1264
29113,841,545
29114,881,489
29115,14058,5341
29118,6742,3976
29122,27,6
29123,3339,2231
29125,1332,799
29126,1186,915
29127,4872,3179
29128,2098,1257
29129,2150,1509
29130,3571,2480
29133,482,298
29135,3990,2728
29137,1294,810
29138,4407,2604
29142,2083,1499
29145,503,228
29146,611,357
29148,3726,1778
29150,17658,8827
29152,752,32
29153,7083,4856
29154,13159,8544
29160,3595,2647
29161,5115,2913
29162,1000,665
29163,963,412
29164,2226,1560
29166,421,227
29168,1321,739
29169,11087,5652
29170,9547,7515
29172,4216,3007
29175,172,151
29178,1753,1158
29180,6373,3452
29201,12619,2633
29203,18815,7691
29204,8687,4524
29205,12792,5739
29206,9460,5541
29207,10,10
29209,16520,8774
29210,19592,6446
29212,13374,8740
29223,24142,13026
29229,20939,13913
29301,16020,8548
29302,8169,5302
29303,10891,4570
29306,7618,3237
29307,8946,5593
29316,12202,9490
29320,310,93
29321,1318,871
29322,4280,3158
29323,6266,4455
29324,57,33
29325,6385,3426
29329,173,56
29330,3852,2509
29331,59,59
29332,2063,1126
29333,155,0
29334,7424,5088
29335,2282,1603
29338,66,0
29340,9889,6275
29341,8241,5338
29346,66,41
29349,15118,12522
29351,796,398
29353,1908,1250
29355,300,236
29356,4434,3269
29360,9521,5443
29364,295,203
29365,5193,4265
29368,160,44
29369,6453,5648
29370,267,174
29372,2127,1397
29373,107,36
29374,1228,1030
29375,54,36
29376,3446,2689
29377,186,55
29378,113,30
29379,9010,5189
29384,2576,1326
29385,3444,2336
29388,7466,4954
29401,5808,2345
29403,13013,3646
29404,630,0
29405,13058,5313
29406,14542,5413
29407,18723,9849
29409,24,7
29410,8501,5322
29412,18429,12159
29414,20209,11702
29418,12334,6066
29420,9537,5679
29424,64,0
29426,819,604
29429,1753,1540
29431,2858,2140
29432,1330,641
29434,307,224
29435,2078,1535
29436,2162,1584
29437,1073,832
29438,3545,1226
29439,1937,404
29440,13845,8724
29445,23194,15451
29446,605,307
29448,1118,797
29449,3702,2758
29450,1446,1151
29451,4581,1823
29452,146,51
29453,606,336
29455,17196,10028
29456,16136,9360
29458,1217,780
29461,16444,12695
29464,26829,15565
29466,18125,14138
29468,1085,661
29469,297,297
29470,2370,1881
29471,679,422
29472,3989,2991
29474,988,557
29475,1207,933
29477,3527,2375
29479,2804,1851
29481,795,524
29482,1078,691
29483,23133,17045
29485,23382,15835
29486,19452,14164
29487,1266,963
29488,9847,5912
29492,10069,5435
29493,75,62
29501,20713,11589
29505,10647,6943
29506,8710,3730
29510,4310,2682
29511,2596,2036
29512,7755,3735
29516,329,173
29518,517,291
29519,147,53
29520,6554,3623
29525,870,541
29526,20301,13874
29527,11447,7665
29530,1283,591
29532,9641,5211
29536,7264,3333
29540,1930,1374
29541,4401,2959
29543,160,86
29544,3013,2171
29545,735,343
29546,1308,734
29547,1071,633
29550,13913,8592
29554,4406,2729
29555,2484,1399
29556,5660,3310
29560,6236,3057
29563,1079,608
29564,612,401
29565,2949,1652
29566,13437,7832
29567,310,87
29568,8131,5809
29569,7504,4397
29570,1769,787
29571,6473,3100
29572,14313,4491
29574,5003,2496
29575,16761,6949
29576,22097,13991
29577,22630,9550
29579,24320,15048
29580,569,336
29581,2083,1329
29582,27559,7980
29583,2399,1233
29584,1178,877
29585,12061,6640
29588,22223,15268
29589,40,0
29590,1201,859
29591,2002,1176
29592,690,362
29593,840,547
29594,98,31
29596,1135,797
29601,8067,2267
29605,17013,11096
29607,22288,9156
29609,14840,8332
29611,14620,7024
29615,19687,9688
29617,11599,7122
29620,5705,3690
29621,18960,13240
29624,6750,2999
29625,13716,8569
29626,6443,4677
29627,7330,5197
29628,1375,682
29630,7662,3187
29631,7185,2652
29634,30,0
29635,861,472
29638,1590,1088
29639,696,331
29640,14096,9429
29642,15323,11981
29643,1758,1112
29644,9401,6369
29645,5012,3538
29646,12316,6921
29649,11966,6801
29650,17048,12181
29651,21738,16801
29653,1918,1413
29654,4232,2981
29655,3711,2653
29657,6744,5300
29658,184,122
29659,76,34
29661,3097,2169
29662,6512,4398
29664,1272,597
29665,200,186
29666,3306,2133
29667,90,78
29669,5928,4321
29670,4933,3167
29671,8371,6049
29672,6483,4299
29673,12585,8611
29676,3657,2640
29678,11742,6425
29680,13858,10308
29681,25079,20405
29682,2115,1511
29683,136,107
29684,2121,1630
29685,1520,920
29686,554,306
29687,18606,13103
29689,2652,1618
29690,10318,7608
29691,5518,3511
29692,2630,1469
29693,8002,4501
29696,2327,1867
29697,6130,4417
29702,4220,2677
29704,1454,1183
29706,8850,5789
29707,15156,13091
29708,16296,11979
29709,2819,1892
29710,15947,11815
29712,977,750
29714,1218,842
29715,16499,12890
29717,718,400
29718,1771,1222
29720,22106,15837
29726,783,617
29727,992,550
29728,4363,2430
29729,1094,774
29730,26209,14232
29732,24926,17255
29741,815,600
29742,1149,853
29743,693,592
29745,13765,10427
29801,13543,7455
29803,17920,13499
29805,2186,1788
29809,1080,680
29810,2268,1117
29812,5061,3113
29816,402,188
29817,2232,1090
29819,543,339
29821,596,360
29824,3079,1817
29826,96,68
29827,1522,756
29828,286,85
29829,4849,3455
29831,2006,1577
29832,2497,1351
29834,263,73
29835,3829,2456
29836,277,169
29838,412,241
29840,188,155
29841,16474,9834
29842,3552,2461
29843,497,299
29844,58,39
29845,796,431
29847,2065,1411
29848,439,365
29849,81,56
29851,3974,2465
29853,3131,1769
29856,1207,1025
29860,7887,6200
29902,7131,3970
29904,4,0
29906,11028,4816
29907,6217,5149
29909,12635,10777
29910,21169,14648
29911,656,337
29912,10,10
29915,763,381
29916,754,508
29918,2014,1260
29920,7045,3961
29921,245,152
29922,498,363
29923,103,55
29924,2205,1368
29926,12642,8593
29927,4563,3027
29928,19204,6594
29929,573,396
29932,95,61
29934,371,156
29935,2126,639
29936,6120,3783
29939,77,37
29940,1892,1362
29941,291,126
29943,168,168
29944,2001,1104
29945,2196,1399
30002,3197,1767
30004,25485,18877
30005,14879,10215
30008,12477,6965
30009,9168,5588
30011,7039,5458
30012,12400,6775
30013,11138,6431
30014,16159,9281
30016,21223,16686
30017,8097,6184
30018,37,27
30019,15415,12957
30021,8416,1775
30022,24330,17719
30024,29306,22278
30025,4086,3395
30028,11720,10010
30030,14672,7921
30032,20676,8981
30033,15164,8588
30034,20553,11386
30035,8731,3830
30038,17061,9111
30039,16463,13152
30040,27642,22487
30041,27027,22091
30043,30251,20446
30044,32206,19633
30045,14266,11841
30046,14356,7371
30047,22691,16581
30052,26768,20897
30054,4545,3318
30055,1720,1462
30056,905,692
30058,23671,13434
30060,15036,6473
30062,24178,19023
30064,19076,15425
30066,23632,17197
30067,21168,8259
30068,13005,10888
30070,41,41
30071,9644,4890
30072,478,223
30075,22190,17602
30076,18169,11211
30078,13784,10884
30079,1762,808
30080,27081,11648
30082,12036,7866
30083,24282,10716
30084,15950,9698
30087,14274,11092
30088,11627,6150
30092,16525,7506
30093,20303,5352
30094,12606,9079
30096,28903,12014
30097,17874,12222
30101,21788,16790
30102,16144,11928
30103,5726,4319
30104,1755,1132
30105,1000,665
30106,9576,5061
30107,6536,5524
30108,3147,2050
30110,5822,3902
30113,2536,1746
30114,22259,14128
30115,19016,15105
30116,9186,6333
30117,15313,7338
30118,13,0
30120,16778,11263
30121,11175,6494
30122,11679,5095
30124,1291,769
30125,9562,5487
30126,16972,12401
30127,25289,20726
30132,18016,13683
30134,17233,10512
30135,23823,17441
30137,662,471
30139,1786,1275
30141,9151,6124
30143,12549,8182
30144,22843,13331
30145,3364,2938
30147,1901,1222
30148,471,306
30149,23,0
30152,16974,12991
30153,7318,4381
30157,18804,14640
30161,14924,7927
30165,17159,8982
30168,10405,4515
30170,1149,943
30171,1163,850
30173,2952,1974
30175,2763,1864
30176,3172,1971
30177,400,313
30178,1586,1259
30179,7064,5628
30180,15447,10653
30182,1341,1000
30183,2731,1961
30184,2666,2074
30185,1647,1360
30187,3029,2565
30188,26759,20509
30189,16124,11647
30204,5651,3739
30205,1310,1092
30206,1271,940
30213,16933,10053
30214,12680,9530
30215,13447,11393
30216,1385,828
30217,4067,2620
30218,699,495
30220,2168,1694
30222,2091,1100
30223,15647,9153
30224,11457,7096
30228,18069,12626
30229,25,25
30230,3971,2189
30233,9191,6054
30234,843,684
30236,19230,10016
30238,14899,8133
30240,12782,6782
30241,10433,4835
30248,11435,8890
30251,940,655
30252,16400,13808
30253,22889,13253
30256,1156,899
30257,1557,1163
30258,966,709
30259,1398,1223
30260,9858,3932
30263,23792,15185
30265,15331,10948
30268,4641,2557
30269,16089,11095
30273,6548,4478
30274,14299,6363
30275,81,81
30276,7171,6396
30277,8385,7565
30281,29546,16811
30284,2,0
30285,241,176
30286,10903,5543
30288,2967,2129
30289,6,6
30290,3542,3046
30291,11434,4424
30292,2489,2001
30293,1228,868
30294,16191,11421
30295,1921,1231
30296,10780,7002
30297,11438,3716
30303,1625,393
30305,17272,7899
30306,12182,6797
30307,10308,5722
30308,16007,5047
30309,20558,8619
30310,14033,6061
30311,17041,6505
30312,15787,5117
30313,3604,1494
30314,9900,3313
30315,15458,5646
30316,18095,9476
30317,7220,4355
30318,29993,10906
30319,22411,11362
30324,18232,6322
30326,6332,1824
30327,10442,7639
30328,19878,10426
30329,14157,3132
30331,27314,12648
30336,299,120
30337,5702,1295
30338,17591,10052
30339,21303,6393
30340,11829,4650
30341,15347,6644
30342,16147,7680
30344,17586,6499
30345,10987,5206
30346,3680,282
30349,34176,18077
30350,19892,8413
30354,7274,2888
30360,6065,3175
30363,2570,1357
30401,5875,2778
30410,780,539
30411,1404,722
30412,59,33
30413,799,539
30414,17,8
30415,2602,1869
30417,4859,2615
30420,918,440
30421,1541,954
30423,34,17
30425,582,460
30426,548,312
30427,4753,2799
30428,1020,373
30429,69,8
30434,2312,1294
30436,5635,3049
30439,4426,2495
30441,939,475
30442,4397,2592
30445,1274,656
30446,824,440
30448,5,5
30449,12,3
30450,987,567
30451,17,17
30452,570,359
30453,2718,1526
30454,308,111
30455,386,263
30456,1183,729
30457,2222,1137
30458,19769,6566
30461,7328,4835
30464,45,9
30467,5425,2766
30470,472,282
30471,1945,1020
30473,1359,839
30474,7171,4018
30477,1378,763
30501,12916,4480
30504,10162,5186
30506,18876,13875
30507,9496,6041
30510,2922,1850
30511,1305,901
30512,13464,8491
30513,8960,3731
30516,804,454
30517,6775,5267
30518,19435,13833
30519,18734,13445
30520,1895,1338
30521,2375,1620
30522,1105,302
30523,6764,4224
30525,4762,2363
30527,1580,1276
30528,10669,6412
30529,4642,2543
30530,2964,1897
30531,4744,2705
30533,11047,7421
30534,13394,9325
30535,3386,2157
30536,4953,2879
30537,1716,550
30538,1425,1152
30539,79,58
30540,11136,6432
30541,981,780
30542,14711,10671
30543,1877,1423
30545,914,281
30546,6129,3198
30547,1261,800
30548,9030,7527
30549,10673,8303
30552,1686,744
30553,4422,2587
30554,3476,2516
30555,1501,1080
30557,2602,1464
30558,2220,1621
30559,3058,1702
30560,3596,1603
30562,383,180
30563,2172,1618
30564,1934,1466
30565,1973,1257
30566,3827,2121
30567,1608,1274
30568,1231,619
30571,2501,1477
30572,1361,417
30573,131,68
30575,534,414
30576,1754,845
30577,10067,6028
30581,19,19
30582,2936,1658
30598,13,0
30601,11634,3772
30602,16,0
30605,18387,5994
30606,22603,9456
30607,4504,2839
30619,793,572
30620,5524,4343
30621,2226,1894
30622,4336,3302
30623,54,39
30624,1577,1059
30625,1485,1012
30627,985,601
30628,2383,1909
30629,1975,1243
30630,1152,638
30631,1006,539
30633,3579,2454
30634,974,554
30635,7422,4513
30639,7,7
30641,725,625
30642,8299,5065
30643,8647,5080
30646,3561,2408
30648,1212,841
30650,5723,3549
30655,10212,6545
30656,6266,5285
30660,590,309
30662,3701,2122
30663,1442,1052
30664,20,11
30665,73,46
30666,3606,3027
30667,487,364
30668,1413,539
30669,1282,659
30673,3507,1981
30677,7797,6259
30678,805,451
30680,17680,13090
30683,3132,2192
30701,16731,10434
30705,13114,9160
30707,6957,5309
30708,133,133
30710,2930,2214
30711,1489,1038
30720,10731,5543
30721,19866,12095
30724,6,6
30725,1963,1555
30728,8225,5171
30730,700,544
30731,1461,769
30733,1070,750
30734,1391,891
30735,2464,1686
30736,17327,13676
30738,1591,1212
30739,2255,1898
30740,3356,2615
30741,14083,8589
30742,3681,1172
30746,493,476
30747,7121,3929
30750,1565,1197
30751,47,15
30752,4386,2803
30753,2619,1656
30755,4080,2652
30756,3,3
30757,872,404
30802,2543,1751
30803,390,287
30805,1139,629
30807,89,66
30808,1778,1026
30809,18920,14564
30810,1013,533
30813,18626,11248
30814,4269,3048
30815,15741,10446
30816,1224,770
30817,4197,2275
30818,225,119
30820,581,309
30821,653,389
30823,692,366
30824,7548,4333
30828,1519,927
30830,6208,3359
30833,1740,841
30901,8848,1662
30904,12558,4495
30905,1102,0
30906,24663,11181
30907,22219,12416
30909,24005,9165
31001,1276,563
31002,1238,716
31003,91,78
31005,7514,5486
31006,1916,825
31007,471,261
31008,8432,6559
31009,591,293
31011,332,211
31012,593,365
31014,5619,3230
31015,9252,3897
31016,747,568
31017,829,518
31018,598,365
31019,1229,926
31020,973,652
31021,12517,6067
31022,758,545
31023,6423,3310
31024,12532,7877
31025,531,488
31027,4643,2673
31028,2253,1433
31029,7006,5002
31030,7942,3945
31031,3035,2221
31032,5716,4445
31033,937,810
31034,66,0
31035,583,370
31036,4534,2494
31037,1045,570
31038,334,247
31041,405,156
31042,811,545
31044,1412,821
31045,47,13
31046,1361,1097
31047,7243,5839
31049,768,513
31050,486,398
31051,58,22
31052,3418,2858
31054,717,445
31055,2139,946
31057,832,408
31058,779,548
31060,1025,508
31061,19323,9518
31063,2109,1010
31064,4264,3117
31065,600,375
31066,401,252
31067,81,58
31068,1534,771
31069,9389,6349
31070,439,332
31071,423,302
31072,579,306
31075,1101,771
31076,1518,833
31077,572,268
31078,1884,974
31079,1322,777
31081,210,56
31082,4739,2646
31083,83,38
31084,19,0
31085,458,381
31087,5124,2327
31088,24167,13681
31089,1963,905
31090,527,277
31091,1442,886
31092,2402,1129
31093,13275,6214
31094,508,368
31096,2589,1771
31097,565,388
31098,972,12
31201,4916,808
31204,15578,5728
31206,11415,3637
31210,15768,7564
31211,7736,3673
31216,6439,5017
31217,7870,4277
31220,6475,3490
31301,2058,613
31302,3299,2116
31303,1091,834
31305,2715,1667
31307,575,434
31308,3556,2619
31309,252,148
31312,8803,7147
31313,17590,7540
31315,2985,5
31316,4842,3165
31318,261,150
31320,4631,3139
31321,3242,2158
31322,12647,7134
31323,778,474
31324,12748,9018
31326,9465,6550
31327,76,19
31328,3490,1447
31329,3444,2345
31331,3915,2138
31333,143,0
31401,11832,2887
31404,14427,6149
31405,16809,7825
31406,15424,8267
31407,9613,4792
31408,4529,1703
31410,10263,7438
31411,4666,3907
31415,5591,1699
31419,24862,12705
31421,9,9
31501,6867,2658
31503,9009,5171
31510,4135,2450
31512,985,701
31513,7482,4262
31516,6627,4679
31518,302,207
31519,1580,910
31520,10619,3853
31522,12241,7051
31523,5773,4829
31525,12373,6859
31527,1434,539
31532,284,214
31533,7351,3274
31535,4991,3194
31537,3757,2567
31539,6141,3499
31542,1271,673
31543,2347,1620
31544,288,145
31545,6856,3887
31546,3055,1718
31548,9516,5922
31549,875,392
31550,462,374
31551,495,358
31552,484,306
31553,2081,1402
31554,2006,1309
31555,1270,805
31556,16,16
31557,1451,993
31558,9729,4789
31560,1260,758
31561,466,61
31562,1002,646
31563,601,464
31565,1058,759
31566,1743,1054
31567,545,374
31568,425,259
31569,2357,1628
31601,14345,5694
31602,15201,6100
31605,9642,5960
31606,1558,1094
31620,4803,2626
31622,916,565
31623,75,43
31624,671,362
31625,474,258
31626,1463,823
31627,107,54
31629,495,237
31630,369,257
31631,427,241
31632,5932,4569
31634,2275,1243
31635,3133,1716
31636,4989,2778
31637,1360,867
31638,390,242
31639,4761,2755
31641,624,493
31642,1908,1167
31643,4522,2526
31645,1832,1151
31647,1274,582
31648,421,214
31649,347,205
31650,1471,800
31701,9535,2556
31705,12829,5254
31707,12652,4776
31709,6846,2602
31711,425,208
31712,636,383
31714,2751,1409
31716,1364,1044
31719,3617,1617
31720,179,114
31721,8508,5484
31722,230,148
31730,3840,1892
31733,589,431
31735,616,264
31738,1271,795
31743,201,96
31744,1363,799
31747,84,36
31749,1102,661
31750,8595,4606
31753,23,6
31756,540,513
31757,4896,3252
31763,10984,7308
31764,930,757
31765,1152,800
31768,9820,4832
31771,2367,1594
31772,321,273
31773,2007,1295
31774,2818,1577
31775,1051,707
31778,1218,889
31779,3298,1905
31780,921,488
31781,759,488
31783,642,467
31784,371,228
31787,699,417
31788,4390,2387
31789,603,397
31790,919,634
31791,5010,2936
31792,10875,4825
31793,4337,2843
31794,11748,5606
31795,691,431
31796,674,368
31798,488,378
31801,1238,1088
31803,2417,1265
31804,2158,1823
31805,1435,694
31806,1916,1226
31807,940,813
31808,3405,2976
31810,80,66
31811,2297,1776
31812,239,153
31814,18,2
31815,969,574
31816,2542,1286
31820,5343,4562
31821,109,60
31822,2387,1469
31823,380,215
31824,625,370
31825,1339,663
31826,999,573
31827,1014,694
31829,635,594
31830,1054,724
31831,1665,1257
31832,73,21
31833,3072,1869
31836,594,355
31901,3971,1003
31903,9593,2128
31904,15947,7100
31905,3768,19
31906,11046,3977
31907,25710,13408
31909,17486,8250
32003,11842,9793
32008,3397,2070
32009,1442,1226
32011,6298,5069
32013,12,12
32024,8554,6763
32025,9162,4794
32033,2288,1844
32034,21768,15085
32038,4739,3341
32040,3148,2531
32043,13331,10079
32044,965,620
32046,4060,2909
32052,2952,1684
32053,1788,994
32054,4098,2797
32055,7498,3946
32058,1608,1165
32059,1450,934
32060,9233,6195
32061,21,4
32062,1050,557
32063,5408,3955
32064,3645,1421
32065,14756,10425
32066,2379,1656
32068,21830,16291
32071,1562,1117
32072,32,32
32073,17301,10125
32079,173,0
32080,16658,8370
32081,10125,7878
32082,15021,10284
32083,699,404
32084,17839,9478
32086,15696,10966
32087,1377,940
32091,6751,3506
32092,18403,14821
32094,1306,810
32095,6997,5834
32096,1468,1056
32097,9941,7315
32102,1789,1134
32110,4102,2522
32112,3866,2048
32113,2734,1870
32114,17118,4843
32117,14392,6436
32118,16390,6280
32119,12629,6539
32124,3483,2858
32127,15898,10180
32128,10155,7523
32129,11991,7171
32130,2082,1590
32131,2153,1396
32132,4266,3167
32133,220,220
32134,5671,2885
32136,5498,3487
32137,24717,17680
32139,435,308
32140,822,529
32141,9400,7729
32145,2482,1630
32147,693,693
32148,5371,3781
32157,464,259
32159,19670,13557
32162,37824,29376
32163,20061,15957
32164,22902,16137
32168,16439,10892
32169,12339,5206
32174,26303,19386
32176,10329,5818
32177,11549,6674
32179,5204,3014
32180,1461,993
32181,1189,650
32182,19,19
32187,620,536
32189,3619,1701
32190,616,454
32193,965,487
32195,1591,1267
32202,2789,231
32204,5342,1175
32205,16188,8046
32206,9415,3385
32207,18866,8320
32208,15218,7306
32209,17706,6845
32210,29198,14708
32211,15250,7915
32212,179,3
32216,19796,8614
32217,9632,5030
32218,27895,16269
32219,5780,4569
32220,5223,4236
32221,11650,8316
32222,7385,4917
32223,10639,8318
32224,17221,8631
32225,23289,14726
32226,7707,6581
32227,621,0
32233,11215,5884
32234,3316,2707
32244,26250,13580
32246,26083,13687
32250,14935,8760
32254,6331,2762
32256,27735,10179
32257,18465,10416
32258,16257,9700
32259,23235,19601
32266,3792,2372
32277,14025,6543
32301,17029,4102
32303,24864,11054
32304,23296,2459
32305,8517,4406
32308,11838,5648
32309,13719,10899
32310,7621,2990
32311,10166,5768
32312,13039,10248
32317,5817,4998
32320,2104,1140
32321,2317,1406
32322,2258,972
32323,268,0
32324,1898,1056
32327,11730,8964
32328,3029,1396
32330,342,123
32331,2173,1472
32332,569,213
32333,5162,3911
32334,822,555
32336,665,393
32337,38,38
32340,4567,2497
32343,1308,1107
32344,5988,3751
32346,1716,802
32347,3393,1831
32348,5463,2804
32350,723,503
32351,7065,3839
32352,2756,1774
32355,228,109
32356,101,59
32358,1327,632
32359,2068,606
32360,70,70
32361,162,110
32401,10239,5164
32403,62,0
32404,18053,11528
32405,13585,7294
32407,12163,4031
32408,17018,6101
32409,4525,3681
32410,726,184
32413,16334,5274
32420,1540,1082
32421,1766,1216
32423,643,492
32424,2831,1610
32425,5922,3608
32426,353,223
32427,419,192
32428,7475,5173
32430,378,314
32431,2392,1483
32433,8059,5089
32435,2885,2118
32437,281,193
32438,2232,1694
32439,6772,4411
32440,2646,1491
32442,1605,934
32443,1206,904
32444,8632,5388
32445,586,406
32446,4523,2889
32448,3791,2340
32449,442,222
32455,1945,1301
32456,6252,2886
32459,17700,7167
32460,1923,1199
32461,5860,1342
32462,1645,1059
32463,102,56
32464,1914,1438
32465,3434,2015
32466,2427,1614
32501,5505,2346
32502,2582,1156
32503,14419,8811
32504,10436,5984
32505,12278,5027
32506,16625,8746
32507,19131,8775
32508,549,0
32514,19117,9143
32526,18478,13201
32530,6,6
32531,3379,2573
32533,12035,9685
32534,7573,4041
32535,2036,1090
32536,9379,6225
32539,12642,9030
32541,16390,5700
32542,1062,0
32544,609,0
32547,16112,8389
32548,14040,5794
32550,14909,3130
32561,6591,3381
32563,12883,9227
32564,892,670
32565,2554,1658
32566,17893,13061
32567,2112,1488
32568,1398,1187
32569,5795,3554
32570,15387,9597
32571,15041,12282
32577,2043,1676
32578,14578,10477
32579,5130,3093
32580,1936,1109
32583,11169,8878
32601,11204,2400
32603,2963,229
32605,11651,8342
32606,11230,4756
32607,16465,4892
32608,25939,9374
32609,8515,4064
32615,6908,4916
32616,69,0
32617,1804,1308
32618,3561,2699
32619,2141,1644
32621,2495,1942
32622,614,333
32625,1262,613
32626,4358,2674
32628,2092,1252
32631,156,138
32634,8,8
32639,119,74
32640,5353,3624
32641,5876,3048
32643,4487,3413
32648,495,107
32653,6746,5397
32656,6565,4658
32658,65,48
32664,229,150
32666,3398,2277
32667,2011,1354
32668,2440,1828
32669,7054,5536
32680,5666,3476
32681,180,86
32683,147,76
32686,2691,1495
32692,613,39
32693,4908,3601
32694,1305,731
32696,6133,4458
32697,103,28
32701,12085,5614
32702,1561,752
32703,22033,13929
32707,17499,11204
32708,20348,14089
32709,725,548
32712,17601,13977
32713,10013,8102
32714,16722,7471
32720,13962,8878
32724,18555,12888
32725,19177,14429
32726,11168,6822
32730,3119,1093
32732,2095,1695
32735,2457,1850
32736,4445,3851
32738,16965,13353
32744,1411,1095
32746,20204,12284
32750,10541,7574
32751,10730,6200
32754,5657,4138
32757,14625,9782
32759,1471,885
32763,11897,6800
32764,1353,1110
32765,23389,15884
32766,5023,4436
32767,1198,924
32771,24062,13714
32773,13402,7136
32776,5022,3929
32778,12720,8687
32779,11644,8992
32780,19984,11556
32784,4971,3171
32789,12945,7576
32792,24169,10185
32796,9670,6955
32798,1339,1034
32801,12133,2886
32803,12225,5929
32804,10127,5931
32805,9332,3299
32806,12529,7780
32807,13906,6443
32808,21291,8384
32809,10674,5069
32810,14849,6733
32811,18487,4712
32812,15007,8613
32814,4533,1457
32817,13747,6887
32818,18775,10460
32819,14689,6172
32820,3617,2894
32821,15061,3294
32822,27437,10369
32824,20453,12864
32825,22360,13345
32826,10714,4653
32827,7586,4296
32828,25728,15937
32829,7432,4739
32830,39,12
32831,20,11
32832,13031,8449
32833,3892,2916
32835,19377,8162
32836,10571,5310
32837,21021,9828
32839,24325,4837
32901,13241,5831
32903,7469,5119
32904,15117,10562
32905,12635,6055
32907,17761,14269
32908,5140,4315
32909,14278,11018
32920,8872,3602
32922,8667,3756
32925,513,0
32926,10796,7715
32927,11843,9664
32931,10763,5617
32934,7987,6833
32935,20338,10829
32937,13619,9332
32940,21433,17027
32948,1921,1368
32949,1216,1009
32950,2002,1735
32951,7720,4984
32952,10108,7323
32953,11566,7098
32955,19281,12762
32958,15512,11272
32959,5,5
32960,11590,5501
32962,12705,8101
32963,12344,7449
32966,11887,7380
32967,12358,8001
32968,6630,5374
32970,146,51
32976,6950,4816
33001,612,90
33004,9427,3242
33009,31020,11312
33010,16456,4825
33012,25923,12106
33013,9544,5741
33014,15319,6468
33015,23963,12354
33016,16158,7804
33018,17871,12712
33019,12453,4745
33020,22508,6784
33021,21930,13211
33023,22450,13705
33024,26552,15896
33025,30260,13296
33026,12434,9964
33027,26247,20119
33028,9297,7128
33029,14075,12291
33030,11217,4302
33031,2346,2027
33032,19102,10859
33033,21426,11271
33034,6631,2142
33035,6711,3003
33036,3651,1344
33037,10494,4586
33040,19001,7276
33042,4835,2329
33043,3003,1636
33050,7314,2544
33051,1132,214
33054,10263,4730
33055,12112,8737
33056,12155,7553
33060,15653,6803
33062,23059,9806
33063,27019,18117
33064,26641,14758
33065,21416,9802
33066,10418,7001
33067,8994,6386
33068,19760,11579
33069,16052,5937
33070,4366,1928
33071,14184,8557
33073,12708,6868
33076,13999,11363
33109,760,346
33122,901,92
33125,22496,5574
33126,19725,6791
33127,11245,2609
33128,4533,103
33129,8275,2973
33130,20377,2533
33131,18872,4665
33132,12725,2698
33133,17235,7771
33134,18136,8875
33135,15922,3133
33136,7994,871
33137,15237,3351
33138,14310,6227
33139,30166,6629
33140,16000,4947
33141,21793,5820
33142,22275,6003
33143,15374,7463
33144,9665,4907
33145,12773,6444
33146,6788,3519
33147,16220,7680
33149,7514,3474
33150,12403,3323
33154,10104,3358
33155,16046,9984
33156,13215,8784
33157,23176,14189
33158,2236,1976
33160,33749,11858
33161,18912,7319
33162,16719,8082
33165,17813,12703
33166,10838,5027
33167,6978,4409
33168,6761,4909
33169,14815,7339
33170,4839,2652
33172,16103,6371
33173,12237,8054
33174,11474,5614
33175,17787,13385
33176,20309,11961
33177,17124,12719
33178,21931,9702
33179,21249,10769
33180,21112,8483
33181,9401,3246
33182,4245,3411
33183,12734,8499
33184,6773,4412
33185,9227,7229
33186,24397,16201
33187,5825,5042
33189,8901,5233
33190,5578,2852
33193,16322,9356
33194,1865,1418
33196,17713,11561
33301,13955,3914
33304,12367,3926
33305,8285,4873
33306,2109,1235
33308,23230,10637
33309,14783,7748
33311,27330,11745
33312,21332,11881
33313,25312,9909
33314,12041,4246
33315,6991,3133
33316,8946,3326
33317,13625,9454
33319,25046,13951
33321,24009,17147
33322,21024,15263
33323,9356,6026
33324,22375,11528
33325,11052,7984
33326,12679,7954
33327,6600,5138
33328,10731,8171
33330,4944,4373
33331,7898,6574
33332,3575,2925
33334,14314,7278
33351,13843,7225
33401,19051,5508
33403,5906,2393
33404,15990,6533
33405,9557,4851
33406,9426,5524
33407,15147,6098
33408,13490,7352
33409,13715,5582
33410,17830,11087
33411,30063,21544
33412,6614,4878
33413,6217,3786
33414,23111,14901
33415,20364,10632
33417,20450,9664
33418,21573,14244
33426,12500,6724
33428,17962,10728
33430,7158,2230
33431,9005,5130
33432,14405,6202
33433,23056,14456
33434,13570,8347
33435,20058,9226
33436,23744,14874
33437,21809,15518
33438,243,104
33440,8230,5307
33441,15225,7101
33442,21595,10717
33444,10469,4722
33445,17584,9848
33446,18214,12815
33449,3509,2924
33455,11681,7926
33458,23121,15636
33460,14769,5779
33461,18095,7948
33462,15911,8470
33463,22696,14793
33467,25675,19485
33469,8284,5919
33470,11309,10110
33471,3284,1660
33472,8864,7394
33473,4782,4185
33476,2318,869
33477,10986,5850
33478,5771,5095
33480,12438,5393
33483,9493,4686
33484,18884,11472
33486,9583,6419
33487,13644,7470
33493,907,506
33496,12084,8613
33498,5840,5126
33503,72,72
33510,12006,7238
33511,24579,12341
33513,5527,3480
33514,863,600
33521,330,200
33523,8132,5295
33525,8700,5964
33527,5768,3954
33530,10,10
33534,6219,3819
33538,3409,1935
33540,5625,4168
33541,14159,8935
33542,13600,7278
33543,14197,11065
33544,10277,6893
33545,8961,6863
33547,10162,8053
33548,3023,2383
33549,7586,5683
33556,12333,9966
33558,11575,8252
33559,7322,4300
33563,10794,5966
33565,6926,5428
33566,8224,5567
33567,4237,3059
33569,10571,8235
33570,14049,8784
33572,10394,7987
33573,17168,12795
33576,3067,2668
33578,25850,13870
33579,15143,11925
33584,10906,7557
33585,636,397
33592,4944,2591
33594,14067,10343
33596,10455,8227
33597,4205,3120
33598,9710,8046
33602,11972,3339
33603,9592,5067
33604,17053,8611
33605,8994,3003
33606,10918,3945
33607,13158,4502
33609,9169,5425
33610,17995,8101
33611,18682,9333
33612,21228,6986
33613,17686,5264
33614,19660,7623
33615,20543,10544
33616,7068,3211
33617,21912,8570
33618,12394,8198
33619,15360,7516
33620,4,0
33621,569,0
33624,15838,10363
33625,12025,7613
33626,12392,8091
33629,11237,8229
33634,8219,4457
33635,8032,4801
33637,8402,3164
33647,27960,16182
33701,13434,3904
33702,16240,9573
33703,12331,8884
33704,9037,5352
33705,15171,6674
33706,14199,6429
33707,16579,8869
33708,13211,6088
33709,13767,8486
33710,16767,12044
33711,9522,4756
33712,13055,5776
33713,16192,10100
33714,9889,5420
33715,7060,3642
33716,11596,2035
33755,11872,6095
33756,15474,7983
33759,8821,3977
33760,8779,3684
33761,9829,6779
33762,3117,2069
33763,11638,7216
33764,15193,8498
33765,6873,3308
33767,8806,3467
33770,13417,6798
33771,16898,8364
33772,12340,7566
33773,8353,5215
33774,10388,6511
33776,5461,4523
33777,8375,6197
33778,8130,5509
33781,12370,6843
33782,10581,6988
33785,5863,1943
33786,1207,654
33801,15365,5920
33803,15086,7832
33805,11908,4917
33809,12647,7420
33810,21836,14804
33811,10869,7848
33812,5516,3843
33813,14787,10805
33815,7646,3598
33823,15383,9617
33825,12519,7739
33827,1239,727
33830,11989,7466
33834,2024,990
33835,44,26
33837,19082,12516
33838,2162,1214
33839,1643,1046
33840,26,0
33841,3776,2118
33843,5930,3526
33844,22018,11801
33847,162,93
33848,220,73
33849,225,211
33850,4947,2887
33851,361,281
33852,12991,7942
33853,5483,2624
33854,614,109
33855,17,17
33856,530,6
33857,1068,442
33858,176,16
33859,5739,3348
33860,9649,6102
33865,196,93
33867,182,53
33868,5197,3661
33870,13933,7773
33872,7882,5531
33873,5655,3494
33875,5655,4019
33876,3313,2412
33877,278,237
33880,17055,9912
33881,17948,10361
33884,15876,10521
33890,2068,1257
33896,11929,4053
33897,13291,7146
33898,10080,6076
33901,11709,4179
33903,15400,9650
33904,20401,11364
33905,17337,9590
33907,14125,4809
33908,32067,14336
33909,14051,9280
33912,12078,7469
33913,16026,10431
33914,22936,14368
33916,12480,3580
33917,18789,12499
33919,19560,11532
33920,3193,2654
33921,1749,327
33922,2925,1492
33924,1666,44
33928,20835,12157
33930,372,319
33931,14561,4171
33935,8905,5850
33936,10820,6861
33944,138,107
33946,3217,1239
33947,6973,4250
33948,9297,6854
33950,16748,10211
33952,17682,11310
33953,4339,2907
33954,5099,3866
33955,6872,4608
33956,3600,1658
33957,8525,3031
33960,417,280
33965,78,0
33966,7472,3489
33967,11685,7331
33971,8802,6611
33972,5422,3776
33973,4286,874
33974,5771,3755
33976,5339,3679
33980,8108,4558
33981,7808,5704
33982,6091,4218
33983,9114,6220
33990,15483,9721
33991,11563,7790
33993,13098,9894
34102,9791,4072
34103,10443,4827
34104,16062,7773
34105,11654,5254
34108,15211,7244
34109,16027,8170
34110,18394,9522
34112,20626,10216
34113,16461,7782
34114,16381,8614
34116,11081,5899
34117,5796,4870
34119,18251,12038
34120,17778,13107
34134,15051,7081
34135,30904,16417
34137,173,173
34138,590,258
34139,552,80
34140,208,36
34141,51,17
34142,10002,4376
34145,18436,7578
34201,2310,1739
34202,12543,8488
34203,20709,12376
34205,16610,7687
34207,19411,9189
34208,17056,8602
34209,18896,11749
34210,11870,4979
34211,9943,6458
34212,11283,7857
34215,672,334
34216,1858,466
34217,5940,1845
34219,12570,9942
34221,24812,16441
34222,7931,5078
34223,14484,8673
34224,11333,6316
34228,9865,3907
34229,4662,3121
34231,19017,10240
34232,17248,10533
34233,9427,6074
34234,10257,5342
34235,8187,5110
34236,11661,4561
34237,9194,3192
34238,14301,8773
34239,8044,5159
34240,7570,5578
34241,6719,5242
34242,10418,3730
34243,16287,10230
34250,271,190
34251,2323,1987
34266,12302,6757
34267,34,34
34268,156,122
34269,3221,2112
34275,13139,9438
34285,16081,8325
34286,8753,6807
34287,15713,9175
34288,6171,4696
34289,1923,1118
34291,3204,2478
34292,10559,6607
34293,28344,20526
34420,8555,5375
34428,5058,3257
34429,5458,3512
34431,4744,3412
34432,6899,4911
34433,3622,2672
34434,4559,3579
34436,4740,3073
34442,9852,6868
34445,58,17
34446,9588,8014
34448,6437,4074
34449,1986,1087
34450,6642,4112
34452,6353,4784
34453,5628,3887
34461,5552,4230
34465,9466,6934
34470,10121,5715
34471,12071,6448
34472,14057,10216
34473,9313,6631
34474,9207,3808
34475,5668,2323
34476,12754,10598
34479,5906,3801
34480,9864,6938
34481,14183,12081
34482,9553,6576
34484,2717,1575
34488,6816,3604
34491,15474,12178
34498,542,240
34601,12276,7276
34602,4079,3157
34604,4948,4194
34606,14009,9668
34607,5025,3216
34608,15253,11390
34609,18426,14169
34610,6447,4872
34613,10532,7805
34614,3401,3073
34637,3875,3325
34638,12016,9402
34639,11026,8550
34652,14700,7502
34653,17752,10252
34654,10372,7293
34655,20444,14712
34661,285,88
34667,19651,11635
34668,23883,13092
34669,6747,4941
34677,10056,7005
34679,119,40
34681,615,452
34683,15686,11160
34684,14308,9093
34685,7924,5588
34688,3522,3039
34689,14193,10078
34690,7182,3554
34691,12265,6102
34695,8025,6310
34698,22016,12952
34705,1182,902
34711,28127,19409
34714,11651,4797
34715,8877,6833
34729,12,12
34731,6370,4196
34734,1265,1050
34736,10029,8317
34737,1951,1575
34739,619,234
34741,22043,6817
34743,13307,8518
34744,22800,14072
34746,25533,13269
34747,22016,5632
34748,25740,15518
34753,2320,1762
34756,1515,1147
34758,14977,9862
34759,17391,11615
34760,236,225
34761,14794,10502
34762,326,187
34769,11070,6421
34771,10978,8333
34772,11673,9152
34773,1848,1536
34785,6595,3831
34786,17702,11111
34787,33141,22017
34788,11294,7705
34797,744,565
34945,2026,1635
34946,3435,1601
34947,4691,1932
34949,8033,3471
34950,8055,2532
34951,8305,6036
34952,21844,13013
34953,28131,22833
34956,2488,1514
34957,17269,8488
34972,7004,3911
34974,13850,8456
34981,2069,1160
34982,12356,8140
34983,17799,14018
34984,7254,5790
34986,14600,10614
34987,8619,6394
34990,13641,10763
34994,10086,4854
34996,8684,4886
34997,22192,15996
35004,4801,3515
35005,3628,2770
35006,1729,1207
35007,10634,8523
35010,10648,5628
35013,23,3
35014,1786,1346
35016,7372,5073
35019,1058,836
35020,12327,5663
35022,10538,7845
35023,9879,6964
35031,3305,2091
35032,34,19
35033,1694,1257
35034,1705,1075
35035,527,412
35036,77,10
35040,7576,5627
35042,2735,1724
35043,5126,4483
35044,3804,2377
35045,6542,4409
35046,2638,1574
35049,1768,1215
35051,3480,2613
35053,2286,1063
35054,2064,1565
35055,10664,6030
35057,6312,4711
35058,4541,3110
35060,162,111
35061,611,257
35062,3570,2718
35063,1708,1141
35064,4776,2224
35068,3970,2613
35070,46,46
35071,7054,5289
35072,2430,1426
35073,1446,835
35074,68,0
35077,6045,3902
35078,970,688
35079,3695,2989
35080,7081,6069
35083,1590,1218
35085,3558,2489
35087,969,829
35089,886,650
35091,1622,1301
35094,6502,4503
35096,3971,3012
35097,817,648
35098,610,292
35111,7893,7023
35112,78,20
35114,2786,2449
35115,6388,4230
35116,2052,1675
35117,2399,1898
35118,1335,885
35120,6570,5180
35121,6747,4363
35124,10207,8313
35125,4593,2765
35126,8581,6947
35127,3807,2786
35128,4635,3442
35130,1760,1060
35131,1705,1068
35133,1335,1017
35135,857,568
35136,1201,680
35143,1894,1060
35146,4820,4021
35147,2467,2174
35148,1226,736
35150,8453,4321
35151,3647,2790
35160,13147,7099
35171,1416,1000
35172,1301,928
35173,12029,10180
35175,2302,1756
35176,301,196
35178,1527,969
35179,3577,2760
35180,5677,4322
35181,13,13
35183,468,318
35184,2411,1589
35186,2108,1565
35188,976,705
35203,2114,491
35204,5333,1852
35205,11908,3037
35206,7967,3054
35207,3746,1577
35208,7469,3630
35209,15141,6497
35210,7204,4295
35211,14302,4750
35212,5537,1825
35213,6841,5158
35214,8048,4533
35215,19718,9211
35216,16333,8177
35217,6196,2548
35218,3274,902
35221,2183,986
35222,4383,2267
35223,4743,3854
35224,2761,1178
35226,14904,11671
35228,4519,2385
35233,2710,188
35234,2588,898
35235,8944,5278
35242,25247,17353
35243,10027,4658
35244,15189,10312
35401,19517,4217
35404,11427,3845
35405,22260,11004
35406,8291,5659
35441,835,294
35442,2149,882
35443,1093,579
35444,1867,1447
35446,658,499
35447,1669,1025
35452,1777,1525
35453,5215,3798
35456,1853,1101
35457,54,54
35458,327,212
35459,526,307
35460,296,244
35461,1080,811
35462,2270,1007
35463,878,685
35464,261,60
35466,2432,1690
35469,227,159
35470,1732,834
35473,8601,4841
35474,3005,2366
35475,7843,6599
35476,3597,1222
35477,46,46
35480,583,488
35481,1551,857
35490,1928,1431
35501,4591,2169
35503,4486,3077
35504,5904,4044
35540,1166,777
35541,2567,1327
35542,499,427
35543,572,337
35544,399,269
35545,41,23
35546,1683,1142
35548,857,583
35549,1796,1096
35550,2325,1374
35552,423,235
35553,2329,1427
35554,621,399
35555,4958,2629
35559,18,8
35563,1928,1118
35564,1063,642
35565,5674,3153
35570,5020,2671
35571,408,262
35572,1088,528
35573,8,6
35574,558,362
35575,559,336
35576,1820,1153
35577,3,2
35578,2530,1968
35579,1525,1063
35580,1881,1210
35581,2436,1556
35582,2355,1322
35584,136,64
35585,711,487
35586,1885,936
35587,457,275
35592,2500,1062
35593,763,486
35594,3557,2144
35601,15168,8029
35603,14509,9970
35610,642,587
35611,13709,7390
35613,9776,8042
35614,3129,1971
35615,45,0
35616,1993,1160
35618,985,600
35619,2413,1692
35620,4358,3509
35621,1271,1043
35622,2803,1952
35630,17371,6441
35633,9025,6814
35634,4959,3375
35640,11023,8182
35643,1423,1099
35645,5800,4347
35646,2181,1516
35647,363,324
35648,1400,1048
35649,31,27
35650,5989,4449
35651,584,413
35652,4758,3291
35653,4614,2772
35654,3874,2204
35660,5139,2613
35661,8911,5747
35670,3239,2015
35671,595,478
35672,2675,1802
35673,3561,2414
35674,8945,5696
35677,1064,611
35739,2388,1781
35740,1744,1010
35741,1928,1534
35744,920,588
35745,147,57
35746,471,371
35747,3402,2215
35748,3207,2540
35749,10364,8975
35750,5698,4389
35751,68,57
35752,1204,681
35754,2494,1885
35755,483,118
35756,8821,6878
35757,7177,5439
35758,20322,13700
35759,4785,4257
35760,1935,1486
35761,5522,4320
35763,7281,6488
35764,337,214
35765,2089,1394
35766,107,46
35768,5460,3225
35769,4704,3201
35771,1493,995
35772,2311,1410
35773,5813,4924
35774,71,51
35775,273,211
35776,1641,1150
35801,11225,6970
35802,12359,6073
35803,13272,10276
35805,10618,3158
35806,14398,6534
35808,383,8
35810,13283,7896
35811,12314,8816
35816,7972,1903
35824,4986,2513
35901,9075,4716
35903,8338,4557
35904,6272,3551
35905,2862,1962
35906,4743,2598
35907,3429,2934
35950,7762,4857
35951,5778,3677
35952,3914,2626
35953,3381,2223
35954,5646,3830
35956,3892,2498
35957,6755,4106
35958,1336,964
35959,3211,1548
35960,5607,3006
35961,2604,1442
35962,3417,2189
35963,596,443
35966,1768,1218
35967,7825,4776
35968,1968,1369
35971,1994,1347
35972,756,549
35973,1490,935
35974,717,530
35975,602,504
35976,7472,4837
35978,2305,1567
35979,364,341
35980,2405,1753
35981,816,494
35983,1957,1249
35984,1378,577
35986,3529,2680
35987,1159,850
35988,901,526
35989,1559,1062
35990,24,0
36003,1132,870
36005,815,484
36006,854,723
36009,1138,711
36010,2984,1614
36013,100,78
36016,1655,858
36017,998,484
36020,519,381
36022,5960,4827
36024,3676,2172
36025,1545,1118
36026,986,572
36027,7541,3940
36028,940,387
36029,364,267
36030,177,50
36031,54,36
36032,1075,632
36033,2041,1089
36034,347,204
36035,1050,674
36036,960,597
36037,6613,3271
36038,69,29
36039,124,59
36040,1578,934
36041,775,475
36042,729,424
36043,1325,932
36046,645,470
36047,595,452
36048,818,452
36049,2448,1335
36051,1187,941
36052,384,334
36053,1181,738
36054,6265,3965
36064,5075,4106
36066,9201,5573
36067,11481,7569
36069,1179,662
36071,381,228
36075,858,631
36078,5991,3764
36079,4610,2773
36080,1072,791
36081,7398,2702
36083,4598,1945
36088,1849,511
36089,3378,1483
36091,1996,1329
36092,9272,6178
36093,4491,3864
36104,5265,1062
36105,5468,2689
36106,7236,3561
36107,3995,1164
36108,8326,3993
36109,11273,6747
36110,5072,1881
36111,5789,2890
36112,7,0
36113,278,0
36115,245,0
36116,20007,8431
36117,24181,13607
36201,9543,4244
36203,8032,5263
36205,577,206
36206,4798,2638
36207,9260,6108
36250,1784,1413
36251,2409,1530
36255,546,392
36256,679,513
36258,762,637
36260,1830,1326
36262,638,536
36263,248,129
36264,3799,2458
36265,9582,5278
36266,3399,1955
36267,16,16
36268,2554,1890
36269,739,416
36271,2675,2091
36272,6166,3900
36273,1509,1094
36274,5237,3168
36276,1019,644
36277,2007,1566
36278,3277,1698
36279,1275,955
36280,2202,1395
36301,17872,9073
36303,14622,7086
36305,7453,4606
36310,4159,1894
36311,1305,800
36312,2751,1750
36313,83,83
36314,231,186
36316,1031,707
36317,290,260
36318,768,480
36319,1041,738
36320,1700,1059
36321,892,605
36322,4403,2346
36323,3976,2380
36330,16963,9651
36340,2444,1494
36343,788,449
36344,2461,1475
36345,3761,2721
36346,797,460
36350,3382,1667
36351,1836,1323
36352,2370,1678
36353,936,582
36360,9052,5368
36362,1581,15
36370,449,363
36371,237,156
36373,385,155
36374,413,237
36375,3630,2539
36376,1049,629
36401,3952,2027
36420,5147,2899
36421,4769,2930
36425,563,220
36426,7303,3994
36432,1138,670
36435,280,152
36436,281,175
36439,74,40
36441,1832,820
36442,1905,978
36444,383,175
36445,2404,1428
36446,207,93
36451,2182,1289
36453,1115,866
36454,4,4
36455,212,74
36456,1011,530
36460,4700,2329
36467,4865,2965
36471,527,177
36473,134,53
36474,1237,837
36475,1117,633
36476,30,6
36477,2263,1409
36480,843,449
36481,118,55
36482,637,276
36483,331,193
36502,7404,3892
36505,329,291
36507,8615,5701
36509,631,328
36511,675,257
36513,213,194
36518,1049,645
36521,2392,1947
36522,3039,1737
36523,1201,784
36524,802,328
36525,743,607
36526,14074,9657
36527,7621,5230
36528,2283,858
36529,164,93
36530,3988,2410
36532,17502,12556
36535,18755,13446
36538,265,56
36539,265,167
36540,407,274
36541,6432,4936
36542,18551,5476
36543,36,5
36544,4535,3056
36545,4439,2241
36547,28,0
36548,486,292
36549,3042,2268
36550,224,90
36551,4309,2958
36553,1427,923
36555,630,406
36556,176,0
36558,2117,1502
36559,217,141
36560,1264,853
36561,16184,2960
36562,635,435
36567,6054,4205
36568,5,0
36569,339,268
36571,7755,5321
36572,2662,2091
36574,785,515
36575,8488,6602
36576,2183,1602
36578,551,436
36579,966,508
36580,2932,2091
36581,208,104
36582,10409,7591
36583,309,268
36584,466,309
36585,468,248
36587,4616,3162
36602,802,137
36603,3880,986
36604,5032,2093
36605,12195,5111
36606,9129,3847
36607,3175,1404
36608,17690,8590
36609,12701,4851
36610,5203,1687
36611,2713,1158
36612,1753,797
36613,4890,2823
36617,5828,2410
36618,7313,5001
36619,6147,4124
36688,110,0
36693,8833,5185
36695,21269,13751
36701,10390,5349
36703,5661,2453
36720,323,209
36722,116,35
36723,246,93
36726,2366,1278
36727,117,106
36728,401,255
36732,4207,2040
36736,569,387
36738,366,184
36740,597,330
36742,1130,795
36744,3256,1662
36748,1431,641
36749,434,231
36750,1224,949
36751,294,163
36752,770,610
36754,94,76
36756,2272,1254
36758,760,538
36759,902,490
36761,519,307
36763,81,52
36765,437,317
36766,17,6
36767,693,370
36768,595,220
36769,1086,648
36773,243,116
36775,682,389
36776,869,517
36782,1191,786
36783,409,173
36784,3001,1445
36785,505,329
36786,1175,640
36790,221,136
36792,490,259
36793,308,208
36801,11363,6566
36804,8515,5673
36830,23146,11498
36832,14136,5466
36850,1410,876
36852,1061,801
36853,6319,2800
36854,7761,4293
36855,864,700
36856,2942,2553
36858,230,168
36860,881,507
36861,1982,1023
36862,3130,1774
36863,5421,3162
36865,34,2
36866,1722,1204
36867,10782,4377
36869,10372,5249
36870,7951,6024
36871,513,318
36874,4502,3670
36875,1764,1219
36877,4929,3496
36879,1087,935
36901,165,64
36904,2202,1195
36907,942,575
36908,1060,569
36910,40,40
36912,951,563
36913,25,25
36915,440,332
36916,371,184
36919,890,586
36921,781,458
36922,322,232
36925,1974,973
37010,1897,1705
37012,1014,619
37013,41112,20745
37014,1444,1383
37015,8366,5905
37016,409,309
37018,1009,643
37019,290,182
37020,2130,1944
37022,2314,1877
37023,714,496
37025,2848,2177
37026,1136,826
37027,23745,18746
37028,399,195
37029,2568,2278
37030,3364,2254
37031,1780,1550
37032,2259,1733
37033,3848,2445
37034,3570,2752
37035,1392,1209
37036,2521,2040
37037,3543,2794
37040,24628,13560
37042,35433,19587
37043,22221,14770
37046,2740,2226
37047,1001,780
37048,2545,2167
37049,1494,1197
37050,811,577
37051,1605,1075
37052,843,754
37055,12160,8369
37057,456,255
37058,3840,2412
37059,671,405
37060,1287,1078
37061,2280,1425
37062,4962,3984
37064,25302,18916
37066,25939,15903
37067,14087,6796
37069,7200,6093
37072,14377,9081
37073,5460,4369
37074,3482,2297
37075,29600,20505
37076,19235,9890
37078,356,161
37079,1107,798
37080,3322,2596
37082,2298,1874
37083,6958,4480
37085,2263,1909
37086,13282,8773
37087,21800,14362
37090,7665,4955
37091,9963,6556
37095,929,531
37096,3330,1501
37097,1266,693
37098,2288,1416
37101,2640,1908
37110,15079,9202
37115,19845,8403
37118,484,382
37122,25608,19247
37127,7710,5468
37128,29190,18043
37129,24548,15363
37130,25838,11274
37134,1305,809
37135,7818,7144
37137,1129,826
37138,9905,7512
37140,173,93
37141,598,471
37142,823,677
37143,1639,1367
37144,1474,1166
37145,1130,882
37146,3078,2540
37148,9919,6886
37149,1048,864
37150,2253,1134
37151,255,169
37153,1941,1580
37160,14130,8378
37165,21,8
37166,7199,4080
37167,23694,13703
37171,472,353
37172,12253,8066
37174,19631,14165
37175,578,332
37178,991,794
37179,5755,4858
37180,1431,1240
37181,748,518
37183,1405,1137
37184,2918,2233
37185,4853,2767
37186,4168,2457
37187,3523,2560
37188,6815,5229
37189,1571,1241
37190,3898,2584
37191,1717,1308
37201,1525,380
37203,16422,2553
37204,8095,4004
37205,12612,8073
37206,14323,6769
37207,18698,9741
37208,10793,3105
37209,21421,8743
37210,9201,2208
37211,34650,15051
37212,8306,2846
37213,12,0
37214,15526,9088
37215,11281,7804
37216,9574,6408
37217,14168,5664
37218,6497,4315
37219,1977,433
37220,2364,2040
37221,20323,13316
37228,1688,16
37301,653,488
37302,2139,1518
37303,11460,7068
37305,472,328
37306,1146,792
37307,2391,1662
37308,1390,959
37309,1005,748
37310,1736,1161
37311,12942,5355
37312,15023,10100
37313,692,575
37317,1371,927
37318,807,481
37321,8947,5577
37322,3749,2429
37323,12841,9316
37324,2542,1328
37325,870,665
37326,269,103
37327,5319,3422
37328,728,631
37329,2650,1984
37330,3357,2485
37331,3721,2305
37332,1101,861
37333,287,163
37334,10251,6823
37335,1351,1055
37336,2005,1691
37337,705,404
37338,1315,842
37339,658,459
37340,205,118
37341,6034,4827
37342,1644,1227
37343,19031,13885
37345,1055,848
37347,3996,2745
37348,512,358
37350,864,747
37351,281,183
37352,1493,947
37353,2081,1648
37354,7370,5049
37355,12288,8109
37356,1372,659
37357,2300,1561
37359,504,356
37360,841,558
37361,1137,803
37362,1553,1243
37363,16584,12000
37365,662,510
37366,440,350
37367,4550,2965
37369,401,208
37370,2066,1669
37373,1142,913
37374,792,570
37375,1282,902
37376,284,61
37377,6726,5382
37379,12089,8897
37380,2906,1909
37381,5004,3176
37385,4251,2545
37387,1807,1216
37388,11871,7444
37391,850,508
37394,59,42
37396,77,48
37397,4709,3074
37398,7772,5020
37402,3207,140
37403,2394,446
37404,5887,2601
37405,9959,4205
37406,5894,2461
37407,3540,1220
37408,1945,508
37409,1719,882
37410,1893,334
37411,8807,4870
37412,10305,5511
37415,11970,6591
37416,6598,3508
37419,2952,2249
37421,23978,13464
37601,18153,9158
37604,19334,8502
37614,51,0
37615,9946,7110
37616,2547,1654
37617,6188,4687
37618,6250,4311
37620,18119,11781
37640,2344,1381
37641,4077,3012
37642,6989,4947
37643,16344,10606
37645,2115,1780
37650,6352,4113
37656,1647,1291
37657,450,300
37658,1839,1260
37659,12798,9476
37660,20405,11396
37663,6679,5221
37664,13914,9105
37665,2397,1420
37680,336,200
37681,2709,2126
37682,53,53
37683,5870,3898
37686,3790,2704
37687,2305,1470
37688,643,492
37690,1932,1656
37691,452,173
37692,2297,1531
37694,840,675
37701,4485,2600
37705,2449,1692
37708,3490,2055
37709,1613,1140
37710,532,418
37711,2611,1915
37713,622,466
37714,2096,1290
37715,498,314
37716,11461,7873
37719,53,19
37721,5844,4650
37722,3591,2264
37723,717,504
37724,1351,663
37725,8606,5273
37726,873,704
37727,985,699
37729,646,407
37730,19,19
37731,455,254
37733,12,0
37737,3032,2160
37738,7075,1328
37742,2989,2456
37743,11203,7307
37745,9423,5960
37748,8208,5284
37752,2772,1627
37753,506,286
37754,2038,1468
37755,1317,810
37756,1566,815
37757,4830,2993
37760,5798,3163
37762,1419,714
37763,7659,5719
37764,4673,3317
37765,316,154
37766,9721,4715
37769,2855,1816
37770,1395,1190
37771,7573,5087
37772,6186,4844
37774,10020,7983
37777,5995,3868
37779,1554,1175
37801,12254,8042
37803,14525,11010
37804,10569,7503
37806,1461,907
37807,4998,3249
37809,966,447
37810,941,514
37811,2233,1451
37813,7492,4588
37814,15287,9026
37818,2441,1697
37819,293,170
37820,3485,2481
37821,10897,6163
37825,4040,2456
37826,1760,1327
37828,791,586
37829,853,546
37830,15110,8762
37840,4189,3066
37841,4298,2700
37843,2056,1451
37845,119,59
37846,1678,1152
37847,1182,859
37848,102,39
37849,11465,8622
37852,1336,952
37853,1608,972
37854,5908,3395
37857,9749,6401
37860,1518,1216
37861,4391,2820
37862,13676,5377
37863,5570,1243
37865,10329,7980
37866,1294,819
37869,2541,1355
37870,2262,1334
37871,3621,2573
37872,933,528
37873,2224,1463
37874,7497,4629
37876,18206,10540
37877,3865,3014
37878,586,210
37879,5534,3861
37880,2356,1520
37881,1073,630
37882,2455,1094
37885,2971,2079
37886,1808,1186
37887,2054,1385
37888,1556,1029
37890,3423,2272
37891,1729,1255
37892,860,595
37902,1908,291
37909,8076,3694
37912,10916,5200
37914,9861,6008
37915,3722,789
37916,3644,92
37917,14216,5976
37918,20228,12855
37919,15499,7686
37920,20180,10835
37921,12969,7009
37922,15390,12191
37923,14238,7764
37924,6052,4330
37931,12770,8634
37932,9141,5907
37934,10702,9077
37938,7208,6167
38001,1928,1051
38002,15448,12575
38004,4398,3700
38006,2224,1360
38008,4292,2536
38011,3726,2809
38012,6052,2784
38015,1038,755
38016,20218,10851
38017,20850,15928
38018,15110,8919
38019,6543,3765
38021,3,3
38023,2135,1575
38024,11561,6311
38028,2789,2547
38029,18,18
38030,142,50
38034,1449,1086
38036,39,15
38037,746,401
38039,756,416
38040,2320,1156
38041,1313,745
38042,385,215
38044,409,240
38046,6,6
38047,74,0
38049,1800,1091
38050,257,155
38052,1734,1158
38053,10674,6431
38057,1684,1070
38058,4113,3303
38059,3517,2261
38060,5124,4237
38061,438,275
38063,7070,3851
38066,1490,1304
38067,1082,673
38068,4411,2750
38069,1430,841
38070,80,72
38075,1624,943
38076,347,295
38079,1534,580
38080,1126,391
38103,8811,2473
38104,14315,5095
38105,4145,438
38106,11630,3325
38107,8093,2560
38108,7881,3094
38109,18881,9089
38111,20084,8160
38112,7425,3460
38114,12252,4438
38115,19179,3694
38116,18526,6765
38117,12045,8686
38118,16317,5017
38119,10521,5897
38120,6785,4566
38122,10201,4531
38125,16435,8081
38126,3260,421
38127,17560,6475
38128,18388,6777
38133,8336,5626
38134,15685,7198
38135,11166,8836
38138,10747,8157
38139,5895,5598
38141,8306,4880
38201,4124,2595
38220,923,648
38221,1954,982
38222,1260,778
38224,379,258
38225,2670,1831
38226,123,123
38229,1248,804
38230,1782,1252
38231,890,550
38232,1310,794
38233,1280,783
38235,105,56
38236,536,310
38237,6754,3262
38240,972,548
38241,399,245
38242,9390,5459
38251,1468,1202
38253,416,266
38255,1190,776
38256,3006,1267
38257,2127,1337
38258,623,457
38259,323,235
38260,1794,1297
38261,7178,3889
38301,15769,6687
38305,22950,13910
38310,2932,1846
38311,538,371
38313,1628,1321
38315,1776,1276
38316,1338,974
38317,1481,944
38318,308,186
38320,4983,3194
38321,1177,868
38326,2828,1222
38327,388,234
38328,434,360
38329,2086,979
38330,1643,1019
38332,658,488
38333,263,106
38334,849,515
38337,612,354
38338,26,21
38339,259,130
38340,4542,3084
38341,1406,987
38342,590,392
38343,7173,4103
38344,4099,2473
38345,731,332
38347,206,155
38348,523,336
38351,7909,4652
38352,273,175
38355,3285,2648
38356,1243,745
38357,1436,1003
38358,5113,2889
38359,149,123
38361,601,415
38362,422,309
38363,2839,1438
38366,1173,823
38367,1332,845
38368,1017,783
38369,808,589
38370,632,368
38371,679,337
38372,8696,4959
38374,1094,582
38375,4162,2571
38376,175,106
38379,688,448
38380,525,177
38381,664,433
38382,4132,2212
38387,241,149
38388,799,444
38389,16,14
38390,524,358
38391,582,398
38392,286,215
38401,28470,18640
38425,1152,516
38449,1539,1036
38450,1432,901
38451,1733,1489
38452,555,395
38453,183,120
38454,470,302
38455,33,27
38456,1608,1239
38457,257,121
38459,251,156
38460,765,692
38461,549,450
38462,4711,3430
38463,1165,949
38464,10517,6745
38468,2204,1564
38469,1776,1443
38471,143,87
38472,1180,809
38473,445,296
38474,3687,2499
38475,475,229
38476,414,272
38477,1348,910
38478,8772,4876
38481,411,309
38482,733,639
38483,2589,1728
38485,3029,1917
38486,697,382
38487,421,291
38488,1072,806
38501,19158,8616
38504,557,263
38506,13018,8804
38541,795,591
38543,233,125
38544,3327,2230
38545,755,475
38547,764,690
38548,513,391
38549,2529,1298
38551,2262,1213
38552,153,73
38553,1030,944
38554,447,252
38555,10104,6114
38556,6406,3938
38558,5571,4302
38559,518,344
38560,584,295
38562,3337,2181
38563,922,618
38564,317,199
38565,458,395
38567,487,280
38568,958,643
38569,235,102
38570,4628,3086
38571,6469,4972
38572,6103,4709
38573,1095,715
38574,3827,2730
38575,433,336
38577,593,461
38578,123,45
38579,671,553
38580,752,512
38581,2010,1486
38582,834,701
38583,11158,7760
38585,1962,1366
38587,619,521
38588,586,322
38589,168,164
38601,1154,650
38603,1781,1028
38606,6279,4075
38610,1291,755
38611,7206,4713
38614,7793,3266
38617,454,139
38618,4810,3478
38619,2579,1080
38620,1432,1029
38621,886,344
38622,280,169
38623,108,45
38625,637,334
38626,685,391
38627,752,563
38629,783,504
38631,507,215
38632,12073,9968
38633,1165,628
38635,6393,4273
38637,10829,5881
38639,243,117
38641,966,823
38642,782,613
38643,792,310
38644,39,22
38645,405,234
38646,1255,780
38647,382,250
38650,1985,1123
38651,3296,2898
38652,6977,4142
38654,21437,17668
38655,25173,9824
38658,1108,687
38659,1237,670
38661,862,686
38663,5665,3495
38664,1720,129
38665,1423,788
38666,3115,1680
38668,5301,3453
38670,565,408
38671,15565,8932
38672,5999,4978
38673,606,436
38674,503,404
38676,2472,936
38680,2949,1802
38683,1919,1058
38685,595,460
38701,10640,4654
38703,5155,2254
38720,344,206
38721,454,281
38722,143,49
38725,471,249
38726,195,116
38730,652,463
38732,7354,3921
38736,171,116
38737,1299,509
38738,29,14
38740,204,148
38744,286,186
38745,55,33
38746,219,86
38748,1224,642
38751,4383,2102
38753,588,311
38754,640,344
38756,3130,1810
38759,668,458
38760,402,222
38761,825,435
38762,980,340
38764,140,79
38765,71,24
38767,24,24
38768,48,14
38769,865,379
38771,1035,441
38772,40,40
38773,1276,768
38774,871,463
38778,570,238
38781,93,33
38801,13717,7042
38804,7978,4349
38821,5840,3740
38824,3642,2446
38826,2924,1878
38827,1580,940
38828,1839,1169
38829,7916,5379
38833,1196,769
38834,13211,7193
38838,547,374
38839,26,18
38841,1470,949
38843,5136,3352
38844,162,87
38846,957,726
38847,1556,1178
38848,396,288
38849,2245,1632
38850,1537,1007
38851,3855,2354
38852,5095,3374
38855,2264,1708
38856,682,528
38857,1530,1081
38858,3048,1652
38859,368,190
38860,2708,1466
38862,1091,563
38863,8394,4763
38864,717,489
38865,2052,1412
38866,5399,3842
38868,2240,1422
38869,143,63
38870,1456,962
38871,1119,761
38873,1557,986
38876,582,431
38878,1313,883
38879,25,25
38901,8831,4461
38913,218,142
38914,264,166
38915,1902,1084
38916,2214,1308
38917,1669,905
38920,409,247
38921,2208,1107
38922,1867,909
38923,468,344
38924,269,119
38925,1059,658
38927,513,398
38928,114,31
38929,905,572
38930,10608,4931
38940,819,489
38941,1716,484
38943,299,232
38944,103,40
38946,106,43
38947,38,28
38948,1221,634
38949,98,98
38950,290,248
38951,516,338
38952,202,118
38953,224,195
38954,428,217
38957,157,67
38961,328,186
38962,43,13
38963,1150,448
38964,25,8
38965,4192,2545
38966,411,222
38967,3523,1837
39038,2375,1143
39039,1264,869
39040,1656,939
39041,1523,1046
39042,14498,11743
39044,1249,951
39045,653,496
39046,12909,6846
39047,16706,13350
39051,6637,4138
39054,141,73
39056,11334,7208
39057,880,746
39059,5281,3380
39062,189,109
39063,1439,662
39066,2146,1528
39067,694,351
39069,1908,863
39071,2874,1795
39073,8707,6635
39074,6222,3384
39078,468,236
39079,475,122
39082,611,443
39083,4320,2133
39086,719,308
39088,10,10
39090,5351,3086
39092,1483,1080
39094,2030,1352
39095,2956,1584
39096,730,448
39097,306,159
39108,1184,679
39110,18305,16205
39111,4049,2319
39113,148,48
39114,4538,3199
39115,43,43
39116,939,675
39117,3774,2435
39119,2579,1655
39120,14963,7799
39140,1218,841
39144,432,224
39145,2457,1818
39146,1332,821
39149,675,402
39150,2699,1492
39152,285,209
39153,1368,874
39154,3593,2857
39156,381,291
39157,11690,5083
39159,1120,568
39160,1362,911
39162,147,76
39166,195,100
39168,2833,1943
39169,1312,520
39170,3899,3043
39175,2053,1289
39176,1182,749
39177,55,42
39179,579,360
39180,14397,8117
39183,6764,3566
39189,1296,782
39191,3386,2150
39192,809,473
39193,6,0
39194,6722,2628
39201,749,13
39202,4332,1126
39203,2806,638
39204,7613,1818
39206,11237,4616
39208,13931,8127
39209,12438,4797
39210,33,9
39211,11334,6551
39212,12738,6618
39213,10172,3846
39216,2073,608
39217,63,0
39218,2950,1993
39232,4204,2146
39272,6197,4469
39301,11047,5240
39305,9547,5793
39307,7363,3244
39320,631,531
39322,1020,774
39323,526,398
39325,2474,2016
39326,210,131
39327,1699,1246
39328,2267,1506
39330,1167,939
39332,811,454
39335,1481,712
39336,510,392
39337,855,605
39338,1825,1384
39339,6517,3918
39341,2988,1914
39342,688,327
39345,2695,1550
39346,1071,645
39347,682,454
39348,107,107
39350,9774,6312
39352,198,79
39354,720,552
39355,3403,2332
39356,406,226
39358,419,168
39359,82,42
39360,1862,1215
39361,632,415
39362,1422,876
39363,749,411
39364,1204,909
39365,3569,2158
39366,593,505
39367,6461,4531
39401,20232,7471
39402,18780,10233
39406,13,0
39421,1253,989
39422,2282,1464
39423,1419,1116
39425,923,723
39426,7720,6310
39427,506,365
39428,4068,2620
39429,7459,4733
39437,5210,3326
39439,2336,1658
39440,9035,4425
39443,10036,6873
39451,1670,1075
39452,12267,9101
39455,4542,3013
39456,432,246
39459,1609,1242
39461,188,53
39462,614,381
39464,1134,846
39465,8854,6218
39466,12870,8242
39470,5353,3833
39474,2904,1770
39475,5821,4392
39476,3055,1871
39477,295,199
39478,998,709
39479,2611,1773
39480,845,631
39481,712,394
39482,4760,3785
39483,2347,1532
39501,10565,3416
39503,22533,14048
39507,9032,3926
39520,8593,5147
39525,4538,3753
39530,4533,1936
39531,9660,2969
39532,15466,8821
39540,5444,2828
39553,7470,4791
39556,3222,2422
39560,8429,4974
39561,891,649
39562,7717,5827
39563,5717,3614
39564,18908,12902
39565,7732,6414
39567,4802,2617
39571,6790,4590
39572,594,462
39573,3619,2869
39574,5329,3862
39576,3488,1758
39577,4542,2946
39581,5411,1874
39601,10689,6232
39629,2980,1932
39630,528,192
39631,2109,1274
39633,443,179
39635,43,0
39638,2034,1320
39641,2660,1841
39643,604,419
39645,2516,1592
39647,533,227
39648,10063,4328
39652,4287,2893
39653,1635,874
39654,2487,1312
39656,372,220
39657,1148,571
39661,1360,735
39662,655,479
39663,1247,759
39664,1106,853
39665,483,355
39666,4714,3269
39667,5446,3222
39668,614,486
39669,2611,1707
39701,7012,2514
39702,9704,5733
39705,6317,3298
39730,5530,3366
39735,1761,1050
39736,187,89
39737,238,94
39739,1185,559
39740,2251,1556
39741,694,461
39743,940,706
39744,2760,1725
39745,354,215
39746,1482,901
39747,959,490
39750,2009,1230
39751,709,556
39752,1197,719
39755,382,268
39756,679,540
39759,23418,8882
39766,1170,748
39767,415,236
39769,834,458
39771,84,47
39772,1078,874
39773,7278,4202
39776,684,378
39813,1068,522
39815,691,433
39817,4943,2289
39819,5750,2727
39823,3800,2186
39824,312,213
39825,820,458
39826,313,171
39827,2080,1176
39828,6346,3295
39834,823,502
39836,286,113
39837,2848,1658
39840,2556,861
39841,468,315
39842,3636,1499
39845,4568,2405
39846,788,344
39851,1376,595
39854,1895,848
39859,527,324
39861,532,334
39862,528,342
39866,271,117
39867,136,29
39870,936,497
39877,234,127
39885,14,12
39886,622,296
39897,1856,1121
40003,840,695
40004,13090,8974
40006,2069,1609
40007,60,25
40008,1718,1305
40009,758,558
40010,201,161
40011,901,641
40012,275,229
40013,2571,2379
40014,8028,6958
40019,1709,1117
40020,128,115
40022,329,243
40023,2377,2214
40025,259,232
40026,2107,1834
40031,8507,6659
40033,5167,3271
40036,81,73
40037,1177,1049
40040,384,245
40041,291,44
40045,1581,1035
40046,559,455
40047,8975,7601
40050,831,582
40051,2082,1396
40052,224,175
40055,1040,751
40056,1228,1062
40057,1795,1230
40058,7,7
40059,8400,6992
40060,537,440
40062,76,49
40065,12943,8249
40067,2500,1919
40068,1004,844
40069,3570,2428
40070,207,92
40071,6264,4954
40075,516,365
40076,1106,845
40077,298,175
40078,986,728
40104,453,382
40107,970,636
40108,5311,3660
40109,964,821
40110,214,101
40111,844,529
40115,348,248
40117,836,717
40118,4405,2690
40119,2034,747
40121,2468,16
40140,382,262
40142,874,577
40143,2885,1706
40144,813,622
40145,621,234
40146,1646,1001
40150,1999,1581
40152,809,331
40155,553,207
40157,364,305
40160,9991,4761
40161,150,84
40162,2121,1876
40165,15622,11906
40170,106,84
40171,156,92
40175,6630,4427
40176,497,347
40177,821,489
40178,396,169
40202,4242,270
40203,10754,2216
40204,8759,3944
40205,11021,7611
40206,11637,5421
40207,14507,9436
40208,6675,1503
40209,316,155
40210,7137,2343
40211,11450,3755
40212,8061,3211
40213,7730,4735
40214,20459,10088
40215,9070,3331
40216,19257,11729
40217,6840,3748
40218,14697,7060
40219,16699,8124
40220,16019,9737
40222,10953,5701
40223,10387,7171
40228,7629,5861
40229,15772,11250
40241,13634,9295
40242,4963,3322
40243,6151,3667
40245,15226,11578
40258,11568,7612
40272,15469,10619
40280,5,0
40291,16894,12502
40299,17567,12507
40310,276,137
40311,3366,1974
40312,2748,1509
40313,1313,705
40316,207,96
40322,1626,896
40324,20570,13612
40328,642,383
40330,9559,6461
40336,6030,3816
40337,2236,1457
40339,55,43
40342,10001,7235
40346,303,200
40347,1520,1044
40348,355,126
40350,15,15
40351,9497,5312
40353,9876,5724
40355,176,102
40356,17934,12004
40357,47,9
40358,535,411
40359,3331,2340
40360,3255,1853
40361,8173,4749
40363,23,5
40370,1187,939
40371,1120,801
40372,904,738
40374,862,597
40376,63,11
40379,1767,1433
40380,2850,1716
40383,10431,6950
40385,1256,741
40387,1316,550
40390,2598,1324
40391,16125,10585
40402,970,705
40403,11008,7118
40409,1626,1005
40419,1975,1389
40422,10627,6373
40434,16,16
40437,2043,1615
40440,1136,820
40442,391,272
40444,6096,4431
40445,336,218
40447,3797,2305
40456,4111,2589
40460,471,376
40461,1043,759
40464,394,322
40468,911,691
40472,791,437
40475,28118,15404
40481,119,67
40484,5686,3812
40486,1155,932
40489,1656,1368
40502,14232,7510
40503,13437,7751
40504,13175,4066
40505,12026,6581
40507,1765,351
40508,11458,2864
40509,19802,11613
40510,426,306
40511,14963,8632
40513,4734,3375
40514,6566,4653
40515,16031,9174
40516,1131,903
40517,18306,6326
40526,28,0
40601,24224,14649
40701,13305,7957
40729,2499,1843
40734,1712,1086
40737,550,476
40740,1358,844
40741,10344,6413
40744,8159,5402
40759,1308,868
40763,233,117
40769,7486,3897
40771,696,281
40803,29,29
40806,932,584
40807,280,215
40808,33,5
40810,675,475
40813,163,89
40815,603,327
40818,74,41
40819,399,263
40820,101,36
40823,1727,835
40824,305,117
40826,304,198
40827,416,236
40828,1826,1207
40829,24,12
40830,134,99
40831,2480,1182
40840,228,175
40843,21,21
40844,91,45
40845,244,113
40847,65,47
40849,9,3
40854,466,211
40855,479,198
40856,421,274
40858,109,68
40862,247,132
40863,368,223
40865,172,159
40868,431,314
40870,294,229
40873,1142,701
40874,28,19
40902,329,136
40903,369,238
40906,4969,2496
40913,153,52
40914,417,216
40915,305,110
40921,47,26
40923,338,220
40927,393,239
40935,1134,526
40939,97,75
40940,341,123
40941,53,25
40943,356,204
40946,27,10
40949,193,127
40953,248,164
40958,212,138
40962,7385,4906
40964,96,37
40965,6047,2833
40972,654,403
40977,3770,1942
40982,176,94
40983,143,59
40988,166,145
40995,43,35
40997,225,117
41001,7387,6411
41002,1235,699
41003,1131,765
41004,1710,1241
41005,9463,7012
41006,1741,1126
41007,1660,1484
41008,3104,1544
41010,1729,1128
41011,14490,5836
41014,3521,1640
41015,9135,5991
41016,2958,1838
41017,16569,12317
41018,11926,7443
41030,2293,1505
41031,7050,4476
41033,891,563
41034,422,385
41035,4552,3118
41039,1202,870
41040,3385,2036
41041,3462,2085
41042,23640,15368
41043,744,527
41044,476,287
41045,622,380
41046,602,419
41048,5562,4726
41049,1094,741
41051,11643,9793
41052,117,101
41055,910,545
41056,6826,3754
41059,1286,1034
41063,1081,924
41064,887,591
41071,10883,5144
41073,2915,1856
41074,2699,1512
41075,6851,4694
41076,7729,5481
41080,691,621
41083,766,607
41085,285,192
41086,982,671
41091,8148,7222
41092,1247,1028
41093,1036,724
41094,5204,4116
41095,1645,835
41097,2998,2025
41098,881,458
41101,9269,4847
41102,8780,5686
41121,932,810
41124,534,301
41129,4084,2783
41132,223,112
41135,131,79
41139,3576,2663
41141,1119,782
41142,32,32
41143,6083,3954
41144,3951,2904
41146,253,182
41149,222,102
41159,222,133
41164,5953,4046
41166,429,330
41168,1373,1111
41169,2582,1851
41171,1799,1079
41174,483,311
41175,2638,1642
41179,3439,2026
41180,505,297
41181,49,49
41183,879,541
41189,965,686
41201,214,76
41203,221,174
41204,246,163
41214,163,53
41216,598,442
41219,816,523
41222,1273,867
41224,1905,1309
41226,151,65
41230,5621,3656
41231,635,443
41232,269,164
41234,275,191
41238,411,146
41240,3225,1314
41250,500,390
41254,222,152
41255,291,127
41256,839,585
41257,290,116
41260,401,227
41262,531,372
41263,103,73
41264,393,217
41265,719,422
41267,609,200
41268,448,386
41271,142,95
41274,264,140
41301,2802,1608
41311,2807,1595
41314,2199,1185
41317,227,196
41332,435,308
41339,4970,3079
41348,540,328
41351,13,13
41352,259,222
41360,180,115
41364,87,58
41365,267,207
41366,62,0
41367,67,67
41385,224,171
41386,9,9
41390,64,34
41397,94,77
41408,190,145
41421,158,141
41425,598,414
41464,217,155
41465,4954,3208
41472,4074,2588
41501,11343,6276
41503,199,97
41512,323,225
41513,240,144
41514,1510,923
41517,35,35
41519,512,292
41522,2502,1544
41524,141,96
41527,308,273
41528,139,72
41531,494,365
41534,167,54
41535,289,213
41537,1913,1066
41538,239,126
41539,737,595
41540,122,54
41543,329,139
41544,299,154
41547,188,172
41548,552,286
41553,892,758
41554,524,376
41555,443,320
41557,958,760
41558,405,286
41559,180,172
41560,158,111
41562,926,600
41563,165,120
41564,250,177
41566,243,133
41567,85,7
41568,550,475
41571,225,187
41572,1698,1346
41601,436,222
41602,267,242
41603,959,363
41604,162,151
41605,331,208
41606,141,97
41607,146,94
41612,84,61
41615,298,173
41616,256,160
41619,255,105
41621,88,44
41622,115,103
41630,416,245
41631,505,305
41632,265,146
41635,1512,994
41636,377,263
41640,528,339
41642,194,133
41643,74,67
41645,627,367
41647,592,433
41649,1201,723
41650,355,130
41651,89,9
41653,5361,3198
41655,509,169
41659,452,401
41660,191,113
41663,126,19
41666,347,175
41667,183,157
41669,391,219
41701,7596,3958
41712,127,96
41714,220,153
41719,639,324
41721,235,153
41722,498,367
41723,524,313
41725,138,70
41727,608,560
41729,10,10
41731,525,265
41735,89,33
41739,48,48
41740,364,270
41745,186,149
41746,389,285
41749,1199,755
41751,135,92
41754,432,267
41759,393,205
41760,147,147
41762,97,27
41763,245,223
41764,311,237
41766,225,225
41772,167,96
41773,555,379
41774,1162,864
41775,185,121
41776,630,322
41777,451,340
41778,106,106
41804,419,346
41810,229,83
41812,142,93
41815,424,101
41817,184,102
41819,175,101
41821,212,108
41822,927,593
41824,398,263
41825,167,99
41826,313,289
41828,287,174
41831,603,397
41832,179,40
41833,55,15
41834,178,34
41835,379,111
41836,524,269
41837,330,262
41838,326,222
41839,257,153
41840,474,291
41843,115,115
41844,588,202
41845,186,114
41847,181,93
41848,25,12
41849,55,48
41855,439,281
41858,3613,2150
41859,98,89
41861,153,100
41862,462,269
42001,14815,8177
42003,14132,7990
42020,912,741
42021,617,377
42022,61,61
42023,1235,777
42024,700,412
42025,9805,6845
42027,903,637
42028,256,195
42029,2923,1675
42031,1735,912
42032,141,73
42035,308,256
42036,641,554
42037,23,15
42038,2992,1584
42039,669,511
42040,488,363
42041,1998,1028
42044,2371,1422
42045,1219,569
42047,70,11
42048,1089,577
42049,722,380
42050,1588,841
42051,1019,759
42053,2172,1515
42054,457,252
42055,1658,976
42056,775,459
42058,1039,705
42060,22,6
42061,51,51
42064,3886,2381
42066,10793,6787
42069,495,416
42071,14174,7192
42076,936,385
42078,926,592
42079,598,358
42081,1010,688
42082,896,773
42083,260,174
42085,361,249
42086,1711,1192
42087,1100,791
42088,1030,652
42101,26062,11089
42103,10339,5942
42104,17619,10318
42120,1050,773
42122,2116,1742
42123,609,385
42124,34,22
42127,3107,1515
42129,3217,2087
42130,60,37
42131,58,58
42133,747,394
42134,8138,4787
42140,682,454
42141,14385,8633
42151,142,106
42153,23,23
42154,309,234
42156,185,116
42157,183,113
42159,857,550
42160,876,531
42163,19,0
42164,7683,4939
42166,1036,669
42167,3756,2234
42170,682,412
42171,2992,2155
42202,926,544
42204,423,203
42206,2305,1744
42207,587,326
42210,2058,1329
42211,7098,4047
42214,273,222
42215,637,497
42217,1654,1216
42220,2653,1751
42223,4556,39
42232,384,301
42234,952,521
42236,334,233
42240,18663,9089
42252,11,11
42254,96,72
42256,2981,1718
42259,1115,406
42261,4168,2480
42262,3980,1573
42265,321,268
42266,1152,665
42273,286,247
42274,1082,949
42275,371,280
42276,6799,4536
42280,198,136
42285,256,178
42286,617,395
42301,19833,11197
42303,18055,11130
42320,3674,2459
42321,235,193
42322,32,0
42323,284,176
42324,570,470
42325,812,625
42326,141,120
42327,1781,1308
42328,507,396
42330,4017,2666
42332,45,23
42333,412,254
42337,767,610
42338,6,6
42339,438,314
42343,687,448
42344,448,304
42345,4917,3694
42347,2493,1735
42348,2174,1560
42349,732,557
42350,569,441
42351,1727,1228
42352,900,577
42354,93,80
42355,747,485
42361,262,197
42366,2293,1871
42367,486,298
42368,416,354
42369,97,67
42370,12,12
42371,227,137
42372,829,593
42374,62,36
42376,2800,2304
42378,1493,1247
42404,1068,726
42406,1127,831
42408,3075,1866
42409,981,640
42410,622,286
42411,898,669
42413,1190,982
42420,17316,9782
42431,12569,7377
42436,639,409
42437,3108,1794
42440,367,258
42441,711,548
42442,1286,880
42445,4913,2927
42450,1914,1154
42451,154,95
42452,924,714
42453,192,137
42455,1278,651
42456,728,608
42458,453,374
42459,1729,1164
42461,707,460
42462,587,433
42463,69,46
42464,866,622
42501,8039,4185
42503,11588,7121
42516,238,222
42518,2152,895
42519,2144,922
42528,920,626
42533,405,226
42539,4502,2787
42541,262,185
42544,3665,2120
42553,2426,1839
42565,337,229
42566,235,146
42567,2772,1794
42602,4994,2688
42603,282,215
42629,3286,1588
42631,16,16
42633,9280,5337
42634,701,502
42635,1678,922
42638,139,86
42642,6453,3749
42647,1536,1039
42649,905,594
42653,1728,908
42701,23565,13686
42712,937,665
42713,852,519
42715,169,87
42716,775,606
42717,3415,1772
42718,11289,6956
42721,1721,1178
42722,200,117
42724,2151,1679
42726,2977,1370
42728,7510,4545
42729,1081,632
42732,852,549
42733,677,482
42740,932,606
42741,149,103
42742,23,23
42743,4177,2588
42746,1077,694
42748,3704,2548
42749,2473,1430
42753,344,274
42754,7375,4437
42757,1438,951
42758,24,0
42762,40,26
42764,209,167
42765,2688,1617
42776,795,566
42782,470,287
42784,1344,849
42788,153,153
43001,1195,969
43002,381,295
43003,1492,1037
43004,11343,8698
43005,127,98
43006,259,187
43007,34,30
43008,1331,786
43009,782,662
43010,127,112
43011,2804,2309
43013,565,495
43014,1430,996
43015,23287,15454
43016,19919,10551
43017,16819,10540
43018,91,33
43019,3667,2996
43021,5082,4647
43022,945,669
43023,5344,4340
43025,2608,1654
43026,25671,17238
43027,54,0
43028,3697,2715
43029,177,128
43030,75,75
43031,5240,4204
43033,173,124
43035,12595,9114
43036,129,76
43037,115,82
43040,14238,10523
43044,2054,1447
43045,557,483
43046,1539,1046
43050,13416,8136
43054,11577,7485
43055,27046,15304
43056,7154,5410
43060,1054,709
43061,1634,1519
43062,11979,9335
43064,6450,5301
43065,17468,14659
43066,504,470
43067,596,465
43068,25294,14023
43070,69,69
43071,857,726
43072,2511,1821
43074,6204,4724
43076,4078,3009
43077,72,53
43078,8904,6016
43080,2198,1368
43081,28457,16187
43082,12915,10778
43084,329,254
43085,10961,7640
43101,157,82
43102,1485,1217
43103,4651,3294
43105,3584,2753
43106,594,388
43107,1406,1101
43109,69,27
43110,17352,10161
43111,70,22
43112,1604,1361
43113,10461,6450
43115,557,441
43116,786,743
43117,9,9
43119,11666,8200
43123,27876,19556
43125,6206,3406
43126,162,104
43127,136,101
43128,954,483
43130,26434,16501
43135,1955,1566
43136,719,615
43137,968,728
43138,8457,5702
43140,8419,5666
43142,66,33
43143,2378,1707
43144,198,124
43145,882,617
43146,4000,3326
43147,16267,13332
43148,745,569
43149,1125,853
43150,913,735
43151,81,55
43152,401,316
43153,454,285
43154,1223,1045
43155,1171,836
43156,103,61
43157,254,138
43158,85,27
43160,10012,5525
43162,2736,2079
43164,890,571
43201,17484,2510
43202,10055,2913
43203,5301,1373
43204,19286,8991
43205,7303,2100
43206,12758,5324
43207,21242,11396
43209,12689,6626
43210,356,0
43211,9956,3206
43212,13506,4013
43213,17069,6408
43214,14343,8397
43215,13428,2419
43217,798,63
43219,13210,4850
43220,14157,6826
43221,15462,10040
43222,2311,626
43223,10662,4313
43224,19238,9058
43227,10874,5260
43228,25623,11014
43229,23290,8818
43230,26170,14811
43231,9005,4660
43232,20211,7261
43235,20855,10505
43240,3602,857
43302,22483,12989
43310,1590,1128
43311,9497,5988
43314,1135,762
43315,2950,2114
43316,2712,1793
43317,84,60
43318,1648,1394
43319,518,421
43320,674,545
43321,152,108
43322,165,125
43323,316,267
43324,1697,961
43325,9,9
43326,5695,3873
43330,36,16
43331,3578,1780
43332,887,667
43333,442,434
43334,2470,2044
43336,13,13
43337,413,263
43338,4510,3121
43340,729,468
43341,470,413
43342,1532,1185
43343,745,561
43344,2684,1918
43345,259,216
43346,30,22
43347,405,343
43348,1498,548
43350,66,55
43351,4749,3194
43356,423,331
43357,1732,1253
43358,1064,850
43359,247,157
43360,807,590
43402,14784,6406
43406,749,568
43407,254,155
43408,136,99
43410,4456,3213
43412,1811,1427
43413,432,349
43414,94,94
43416,1236,972
43420,13876,8837
43430,1985,1715
43431,1907,1577
43432,553,494
43434,40,19
43435,544,441
43436,59,0
43437,202,130
43438,966,86
43439,14,14
43440,6605,1977
43442,360,274
43443,641,484
43445,343,343
43446,465,19
43447,1402,1055
43449,4311,2865
43450,1666,1049
43451,556,304
43452,10859,5490
43456,1034,231
43457,519,398
43458,130,84
43460,2753,1728
43462,476,342
43463,216,109
43464,860,609
43465,2493,1795
43466,914,683
43467,55,37
43468,147,136
43469,1270,995
43501,333,264
43502,2873,2140
43504,421,347
43505,56,37
43506,6940,4786
43510,26,26
43511,364,325
43512,12665,8939
43515,3366,2647
43516,1104,866
43517,1555,1088
43518,1167,955
43519,188,133
43520,11,11
43521,1257,835
43522,1468,1212
43523,22,22
43524,493,386
43525,481,403
43526,2234,1749
43527,965,790
43528,6946,4882
43529,128,99
43531,84,84
43532,1424,1238
43533,675,471
43534,736,522
43535,363,227
43536,117,117
43537,13071,8767
43540,566,479
43541,95,74
43542,1571,1391
43543,3555,2571
43545,6351,4674
43547,249,182
43548,364,324
43549,612,487
43551,19434,12047
43553,154,128
43554,1021,652
43555,102,49
43556,724,558
43557,1087,857
43558,5703,4742
43560,13107,10336
43565,139,106
43566,3594,2664
43567,5179,3939
43569,1163,845
43570,1189,735
43571,2965,2368
43604,5868,925
43605,11985,4905
43606,11700,5487
43607,10568,4054
43608,6419,2784
43609,10272,3933
43610,2470,1092
43611,8854,5600
43612,13409,6433
43613,14376,9096
43614,14651,8171
43615,19620,10344
43616,8901,6310
43617,3248,2788
43619,3191,2376
43620,3003,673
43623,10056,5976
43701,25785,14615
43711,13,0
43713,3015,1877
43716,1123,715
43717,73,41
43718,1159,929
43719,1179,767
43720,693,429
43721,115,115
43722,183,111
43723,2179,1150
43724,3141,1971
43725,9667,5717
43727,543,449
43728,718,389
43730,1134,699
43731,2187,1456
43732,760,535
43733,12,12
43734,757,618
43735,168,31
43736,6,4
43738,59,49
43739,918,810
43740,112,65
43746,444,407
43747,552,378
43748,1175,869
43749,1183,952
43750,54,54
43754,656,460
43755,769,567
43756,2854,1676
43758,1394,942
43759,125,55
43760,724,424
43761,30,17
43762,1813,1287
43764,3214,1955
43766,561,368
43767,510,496
43768,158,80
43771,997,621
43772,834,482
43773,1201,814
43777,1932,1213
43778,718,536
43779,382,309
43780,1728,793
43782,257,169
43783,2046,1604
43786,42,28
43787,1487,858
43788,352,269
43791,22,11
43793,2593,1563
43802,504,432
43804,1032,781
43805,118,88
43811,290,200
43812,8741,5059
43821,1836,1222
43822,2060,1335
43824,1568,1258
43830,2201,1691
43832,3349,2054
43836,59,40
43837,790,567
43840,517,402
43842,129,129
43843,329,271
43844,1692,1359
43845,2141,1594
43901,1015,691
43902,29,29
43903,1131,665
43905,253,207
43906,4202,2399
43907,2515,1444
43908,525,317
43909,16,9
43910,1568,1218
43912,3219,1884
43913,660,296
43915,758,538
43917,1225,961
43920,10266,6083
43925,31,31
43926,137,75
43928,37,35
43930,486,381
43931,89,89
43932,462,321
43933,935,848
43934,66,27
43935,4130,2213
43938,2588,1628
43939,184,156
43940,198,117
43942,1150,673
43943,1579,1140
43944,1121,842
43945,1154,820
43946,903,549
43947,2576,1648
43948,303,204
43950,6683,4335
43951,65,0
43952,8613,4196
43953,5313,3512
43961,121,96
43962,42,17
43963,649,358
43964,4493,3232
43967,87,49
43968,3184,2054
43971,605,317
43972,104,67
43973,1191,683
43974,51,45
43976,699,449
43977,1153,749
43981,116,88
43983,416,118
43985,116,70
43986,796,544
43988,1183,666
44001,8547,7184
44003,3009,1242
44004,15262,8848
44010,563,438
44011,9782,8312
44012,10884,8612
44017,7359,5129
44021,2291,1700
44022,7228,6200
44023,7679,6324
44024,9560,7856
44026,4516,3876
44028,3907,3447
44030,7211,4618
44032,635,572
44035,29637,16935
44039,14441,12515
44040,1228,1111
44041,7155,4308
44044,4304,3694
44045,272,220
44046,626,549
44047,4075,2877
44048,1022,806
44049,97,62
44050,2777,2309
44052,13673,6227
44053,9529,5644
44054,6059,4342
44055,9258,4381
44056,4898,4170
44057,8474,6524
44060,27276,21163
44062,4659,3551
44064,715,641
44065,1896,1572
44067,9201,7518
44068,76,35
44070,13953,10385
44072,2011,1545
44074,4038,2520
44076,2171,1414
44077,24928,17250
44080,38,38
44081,2749,2409
44082,714,388
44084,1848,1308
44085,1422,1141
44086,1071,941
44087,9146,6785
44089,8012,5654
44090,4241,3149
44092,8258,5017
44093,783,441
44094,18323,11427
44095,15469,11174
44099,625,522
44102,22984,6739
44103,9479,2260
44104,9851,2207
44105,17528,6928
44106,13287,2840
44107,29101,11846
44108,11798,4254
44109,19588,7950
44110,11140,3243
44111,19041,9466
44112,11828,3656
44113,12554,2737
44114,5151,309
44115,5691,425
44116,10484,6945
44117,5320,1963
44118,17849,9963
44119,6941,3229
44120,20583,8152
44121,14916,9909
44122,17795,10093
44123,9176,3723
44124,20064,12156
44125,12849,7350
44126,8099,5547
44127,2182,747
44128,14184,6059
44129,12756,8615
44130,23819,14561
44131,8861,8143
44132,7586,2986
44133,14514,9727
44134,17436,12756
44135,12035,6683
44136,11019,7711
44137,10076,5887
44138,10024,7367
44139,9347,7649
44140,6311,5576
44141,5998,4698
44142,8302,6546
44143,11879,8138
44144,9994,5509
44145,15781,10613
44146,15270,7737
44147,8841,7013
44149,8632,7905
44201,2673,2116
44202,9612,7725
44203,18198,11751
44212,19101,14017
44214,776,608
44215,1260,859
44216,3691,3332
44217,1553,1272
44221,14379,7958
44223,8846,6375
44224,16826,10922
44230,3516,2936
44231,3253,2570
44233,2880,2685
44234,1450,1200
44235,520,434
44236,9388,8207
44240,20228,8700
44241,7756,5121
44250,808,478
44251,449,370
44253,1412,1262
44254,2174,1548
44255,3148,2445
44256,26740,20962
44260,5429,4566
44262,2290,1720
44264,1494,1211
44266,15036,9702
44270,3420,2366
44272,2447,1741
44273,2791,2464
44274,89,32
44275,1255,1034
44276,671,543
44278,7800,6286
44280,2271,1809
44281,14298,10115
44285,47,42
44286,2770,2479
44287,3250,2664
44288,1384,912
44301,6859,3525
44302,3011,1174
44303,4172,2047
44304,1660,88
44305,10230,5094
44306,10424,4218
44307,3488,1016
44308,478,18
44310,11074,3942
44311,3400,368
44312,14299,10213
44313,14054,7930
44314,9085,4227
44319,9950,7050
44320,9240,4621
44321,6597,4895
44333,8598,6768
44401,1062,871
44402,1251,958
44403,1894,1565
44404,627,540
44405,3719,2300
44406,9231,7661
44408,5079,3271
44410,7948,5960
44411,991,685
44412,1160,1010
44413,3351,2275
44417,634,601
44418,560,466
44420,7047,4547
44423,942,729
44424,33,28
44425,6614,4963
44427,736,544
44428,1294,930
44429,1476,759
44430,1297,915
44431,2093,1567
44432,4768,3034
44436,1682,1250
44437,1749,1379
44438,2632,1722
44439,152,124
44440,2177,1639
44441,700,650
44442,1704,1381
44443,852,552
44444,4866,3043
44445,1216,956
44446,10476,5416
44449,900,466
44450,795,573
44451,1396,918
44452,1166,944
44454,335,298
44455,603,496
44460,11595,7548
44470,1702,1491
44471,5120,3145
44473,1961,1389
44481,4743,3609
44483,12469,7464
44484,9929,6546
44485,7640,3465
44490,338,181
44491,1360,1033
44493,67,21
44502,4354,1880
44503,619,0
44504,2474,816
44505,7524,3424
44506,1341,591
44507,2165,784
44509,5581,3039
44510,1143,324
44511,9470,6754
44512,15770,9943
44514,10368,8365
44515,13992,8755
44601,14532,8133
44606,2611,1959
44607,63,26
44608,1037,574
44609,1675,1336
44610,141,25
44611,870,819
44612,2296,1546
44613,797,511
44614,5961,4602
44615,5077,3522
44618,2751,2004
44619,79,79
44620,722,544
44621,1992,1157
44622,8228,5226
44624,1855,1530
44625,449,250
44626,1471,1156
44627,1849,1493
44628,576,338
44629,1052,741
44630,42,42
44632,4066,3155
44633,678,488
44634,852,729
44637,1246,840
44638,544,332
44639,98,85
44640,59,48
44641,8412,5765
44643,1559,1102
44644,2295,1390
44645,1038,880
44646,20817,13190
44647,8187,6012
44651,424,317
44652,234,112
44653,345,256
44654,6848,4844
44656,1354,821
44657,4540,3036
44659,40,25
44660,25,25
44661,157,104
44662,4069,3184
44663,11702,7547
44665,49,49
44666,1235,1037
44667,5381,3551
44669,657,455
44670,69,69
44671,40,40
44672,2670,1130
44675,1105,721
44676,2041,1578
44677,1142,842
44678,68,68
44680,1778,1258
44681,2987,2259
44682,567,308
44683,3566,1899
44685,11422,9268
44687,128,54
44688,1225,788
44689,159,99
44690,52,28
44691,19369,13013
44693,24,11
44695,717,461
44697,151,129
44699,407,236
44702,729,25
44703,4600,1250
44704,1992,905
44705,7955,4004
44706,8003,4976
44707,4209,1668
44708,11758,7436
44709,9218,5142
44710,4001,2116
44714,4458,2512
44718,6134,4011
44720,17988,12094
44721,5421,4584
44730,2749,2054
44802,358,323
44804,490,457
44805,13248,8817
44807,974,774
44809,50,40
44811,5658,3902
44813,3167,2363
44814,988,718
44815,313,243
44817,654,559
44818,837,658
44820,7982,5429
44822,1479,975
44824,1824,1422
44825,62,43
44826,508,448
44827,3564,2472
44828,95,19
44830,8231,5328
44833,8278,4747
44836,974,798
44837,1643,1225
44838,85,66
44839,6786,4776
44840,1322,1075
44841,274,164
44842,2480,1669
44843,1244,1079
44844,373,314
44846,1334,1036
44847,1657,1110
44849,872,674
44850,79,59
44851,2238,1647
44853,582,470
44854,684,529
44855,522,350
44856,47,37
44857,10579,6969
44859,754,754
44861,47,33
44864,1575,1143
44865,1279,843
44866,825,717
44867,996,652
44870,19991,10220
44874,141,98
44875,6211,4285
44878,1018,693
44880,1315,1209
44881,47,41
44882,1107,785
44883,12823,8370
44887,420,319
44889,3072,2291
44890,4705,3046
44902,2240,633
44903,11425,7541
44904,5956,4347
44905,5227,3661
44906,8613,4863
44907,7798,3881
45001,358,118
45002,5817,3945
45003,362,243
45005,13458,9291
45011,28470,19774
45013,21734,14937
45014,19926,11455
45015,5146,2698
45030,8756,6741
45032,276,194
45033,169,124
45034,535,498
45036,15036,10568
45039,11616,9548
45040,21977,16725
45041,131,131
45042,12324,8389
45044,21645,12590
45050,4395,3260
45051,39,0
45052,1708,1437
45053,1294,1233
45054,1246,1024
45055,48,24
45056,9702,4100
45062,301,266
45064,1253,1095
45065,2527,1805
45066,9747,8365
45067,5432,4008
45068,4605,3685
45069,21727,16452
45070,68,38
45101,957,444
45102,9923,6723
45103,14928,9711
45105,71,0
45106,4724,3361
45107,3656,2380
45111,112,98
45112,38,7
45113,1729,1349
45115,56,35
45118,1663,1157
45119,131,82
45120,1119,731
45121,4243,2815
45122,4603,3600
45123,3863,2222
45130,1487,1089
45131,139,56
45132,71,48
45133,10586,6688
45135,2046,1468
45140,22684,17667
45142,1647,1247
45144,2089,1223
45146,467,367
45147,30,20
45148,678,558
45150,14432,10555
45152,4999,3979
45153,914,669
45154,3569,2427
45155,181,117
45156,20,12
45157,4069,3140
45158,278,226
45159,1383,990
45160,314,75
45162,942,856
45164,130,102
45167,1710,1052
45168,611,446
45169,1969,1239
45171,2819,1860
45172,166,125
45174,797,714
45176,4140,2984
45177,9870,6313
45202,11432,2269
45203,1283,391
45204,3709,1238
45205,7874,2758
45206,7191,2055
45207,3008,1434
45208,8928,5317
45209,6592,2312
45211,17169,7972
45212,11027,4713
45213,5844,3275
45214,5028,988
45215,13735,7304
45216,4262,1968
45217,2852,1576
45218,1595,970
45219,8023,1211
45220,7400,1775
45223,6765,2663
45224,9886,5707
45225,4694,523
45226,3272,1860
45227,9425,4856
45229,7813,1946
45230,11987,8586
45231,17845,12162
45232,3369,657
45233,6001,4749
45236,12385,7332
45237,10976,4948
45238,21834,11832
45239,12985,7165
45240,11485,6832
45241,11131,7801
45242,9587,6973
45243,6160,5293
45244,11104,8773
45245,8897,5305
45246,6289,3216
45247,10066,7720
45248,9729,8456
45249,5740,3608
45251,8592,6103
45252,2140,1867
45255,10181,6719
45301,78,78
45302,1601,1198
45303,979,658
45304,3146,2454
45305,4466,3507
45306,913,684
45307,101,57
45308,1716,1355
45309,4849,3350
45310,95,88
45311,2749,1917
45312,508,436
45314,1460,1066
45315,2125,1741
45316,77,43
45317,452,352
45318,2534,1747
45319,134,92
45320,7069,4965
45321,457,392
45322,9266,6815
45323,2229,1665
45324,19729,9538
45325,1073,986
45326,548,457
45327,3764,2913
45328,196,115
45330,370,292
45331,10400,6380
45332,269,213
45333,627,589
45334,799,522
45335,3055,2442
45336,38,32
45337,635,538
45338,1913,1405
45339,460,336
45340,287,232
45341,1846,1433
45342,15818,9450
45344,7174,5364
45345,2575,1967
45346,862,599
45347,1818,1363
45348,278,222
45349,113,101
45350,22,21
45351,128,98
45352,76,41
45353,71,61
45354,360,220
45356,11353,7362
45358,162,110
45359,740,537
45360,207,117
45361,110,80
45362,586,422
45363,698,581
45365,12610,8030
45368,1916,1345
45369,1690,1442
45370,1009,841
45371,9301,6745
45372,154,109
45373,15691,10567
45377,6800,4243
45378,205,168
45380,2280,1712
45381,2430,1927
45382,511,381
45383,3193,2200
45384,381,176
45385,17097,11339
45387,2707,1818
45388,228,188
45389,303,245
45390,1434,895
45402,6484,1742
45403,7429,2606
45404,4846,1689
45405,11773,3017
45406,10695,4294
45409,3458,2169
45410,8028,3607
45414,10283,6737
45415,5596,3651
45416,2445,1370
45417,14987,6001
45419,7480,4581
45420,12391,7551
45424,21557,15533
45426,7476,3513
45428,6,0
45429,12806,8529
45430,3131,2385
45431,12888,6201
45432,6715,5021
45433,448,4
45434,4766,4270
45439,5290,2482
45440,10055,5973
45449,8859,4936
45458,15827,11645
45459,13988,8790
45469,17,0
45502,7073,5750
45503,15458,8412
45504,7100,4725
45505,9365,4332
45506,6613,3297
45601,23358,14977
45612,2219,1507
45613,1370,949
45614,2389,1546
45616,816,446
45619,3421,2275
45620,365,258
45621,196,118
45622,256,248
45623,1471,1057
45624,21,0
45628,2450,1530
45629,1325,1040
45630,72,38
45631,6328,3901
45634,825,546
45636,150,69
45638,9039,5272
45640,7064,4637
45644,2068,1321
45645,1122,921
45646,82,70
45647,1184,808
45648,4834,3264
45650,277,136
45651,2354,1332
45652,1457,1158
45653,1591,979
45654,366,242
45656,3069,1938
45657,1127,576
45658,1109,854
45659,1278,775
45660,3448,2012
45661,3219,1698
45662,12955,5958
45663,3087,2065
45669,4724,3179
45671,218,121
45672,587,461
45673,195,107
45674,225,33
45677,17,17
45678,556,385
45679,1231,763
45680,5682,3128
45681,539,435
45682,1007,648
45684,803,542
45685,395,231
45686,1658,1061
45688,166,68
45690,6291,3757
45692,3782,2282
45693,3717,2139
45694,5397,3693
45695,427,257
45696,468,218
45697,2293,1677
45698,239,202
45701,13230,5988
45710,2318,1647
45711,473,362
45714,4616,3005
45715,950,467
45716,177,126
45719,430,235
45721,46,15
45723,1689,1207
45724,719,527
45727,286,239
45729,745,713
45732,2221,1294
45734,228,145
45735,877,712
45739,55,40
45740,177,137
45741,372,325
45742,1372,1113
45743,560,356
45744,1310,923
45745,607,329
45746,149,81
45750,12690,7827
45760,1886,1152
45761,730,525
45764,3525,1657
45766,544,448
45767,1452,729
45768,829,617
45769,2822,1542
45770,319,217
45771,1748,982
45772,745,478
45773,181,131
45775,700,582
45776,326,277
45778,544,412
45779,381,230
45780,1652,803
45782,174,113
45783,107,57
45784,1384,1131
45786,1312,1079
45788,335,288
45789,90,67
45801,9351,4560
45804,7108,3401
45805,10560,6403
45806,4792,3636
45807,5109,3981
45808,188,115
45809,60,30
45810,2811,1602
45812,817,505
45813,1524,1076
45814,1151,872
45815,38,21
45816,120,107
45817,2479,1924
45819,108,71
45820,263,197
45821,315,276
45822,9868,6323
45826,173,139
45827,960,805
45828,2164,1685
45830,2235,1901
45831,1517,1323
45832,1288,1055
45833,4735,3483
45835,220,201
45836,696,514
45838,28,26
45840,25396,15199
45841,574,401
45843,1650,1209
45844,1189,1011
45845,1213,1081
45846,1733,1515
45848,49,46
45849,483,331
45850,1472,1224
45851,285,213
45853,648,456
45854,165,94
45855,73,53
45856,1939,1489
45858,1075,829
45859,198,131
45860,748,657
45861,153,117
45862,614,495
45863,630,496
45864,80,67
45865,2298,1808
45866,70,43
45867,480,370
45868,249,216
45869,1890,1524
45870,136,136
45871,761,559
45872,2025,1493
45873,1022,722
45874,942,738
45875,4203,3383
45876,394,336
45877,1013,813
45879,3047,2083
45880,941,691
45881,659,537
45882,1226,883
45883,1281,1110
45884,45,37
45885,5734,4071
45886,187,133
45887,1863,1310
45888,130,99
45889,602,536
45890,322,261
45891,6679,4783
45893,164,130
45894,296,260
45895,7963,5579
45896,746,537
45897,23,23
45898,416,301
45899,88,50
46001,5065,3219
46011,7304,5605
46012,9659,6009
46013,9062,5474
46016,9225,2790
46017,2386,1833
46030,1331,925
46031,943,672
46032,22118,13751
46033,14725,12410
46034,3327,2714
46035,495,370
46036,5284,3345
46037,17334,13602
46038,17738,11623
46039,189,158
46040,5923,5091
46041,9889,6350
46044,1121,894
46045,45,45
46047,8,8
46048,809,575
46049,515,361
46050,935,695
46051,1192,834
46052,9935,7210
46055,5759,4693
46056,934,746
46057,428,319
46058,859,705
46060,18887,12164
46062,15152,11505
46063,120,66
46064,6158,4947
46065,1224,920
46068,1048,945
46069,3054,2343
46070,911,716
46071,1373,1029
46072,4034,2811
46074,17118,13553
46075,3423,2574
46076,745,581
46077,13104,10732
46102,208,152
46103,125,105
46104,421,390
46105,775,567
46106,3593,2847
46107,5755,3454
46110,291,291
46111,186,139
46112,15790,12288
46113,6390,4857
46115,597,381
46117,262,170
46118,2026,1469
46120,3045,2108
46121,2281,1888
46122,6405,4776
46123,16543,12462
46124,3118,1895
46125,18,18
46126,1848,1499
46127,150,71
46128,1001,839
46130,847,801
46131,13151,8946
46133,458,402
46135,7148,4231
46140,18167,12742
46142,14396,9775
46143,23417,15833
46144,123,83
46146,34,24
46147,1016,769
46148,2137,1446
46149,816,692
46150,406,244
46151,13366,9914
46154,15,0
46155,63,19
46156,596,379
46157,1665,1418
46158,10051,7780
46160,2804,2193
46161,974,681
46162,112,112
46163,5476,4950
46164,2500,1594
46165,837,686
46166,1168,864
46167,2610,2503
46168,14426,9475
46171,813,628
46172,991,756
46173,4617,2946
46175,257,204
46176,12724,7668
46180,465,390
46181,1959,1757
46182,663,591
46183,91,41
46184,5290,4369
46186,805,710
46201,17145,6511
46202,12297,3064
46203,18057,8775
46204,6582,1008
46205,14756,6447
46208,11619,5082
46214,11228,4867
46216,1509,496
46217,14078,11207
46218,15343,5963
46219,17028,8989
46220,17524,10790
46221,11120,6140
46222,15782,6234
46224,16912,5748
46225,3056,1271
46226,21380,9025
46227,26411,10784
46228,6242,4922
46229,12046,6825
46231,3895,2743
46234,10929,8288
46235,14804,6889
46236,10168,8871
46237,17660,11854
46239,12284,9583
46240,11673,4520
46241,12414,6142
46250,9815,3808
46254,17955,8160
46256,10118,6857
46259,5108,4847
46260,16376,7605
46268,11904,5198
46278,3357,3167
46280,3920,2196
46290,55,55
46301,510,311
46302,36,26
46303,6922,5072
46304,11521,8329
46307,26081,22010
46310,5800,4733
46311,9128,8012
46312,12429,4403
46319,7904,5387
46320,6236,2308
46321,9786,8072
46322,10791,7959
46323,8955,5524
46324,9427,5888
46327,4389,2321
46340,605,497
46341,4179,3341
46342,13774,9603
46345,51,30
46346,598,310
46347,1845,1566
46348,454,358
46349,1351,950
46350,19576,13694
46356,7290,6224
46360,21652,12536
46365,298,232
46366,2342,1729
46368,16870,11502
46371,1622,1194
46373,6616,6435
46374,473,283
46375,10064,7994
46376,121,97
46377,31,14
46379,121,97
46381,195,172
46382,819,738
46383,18343,11350
46385,16071,13530
46390,1278,1052
46391,2174,1677
46392,3135,2512
46393,98,81
46394,5437,3179
46402,3360,836
46403,6317,2351
46404,7708,3055
46405,4566,3028
46406,3938,1550
46407,6644,1740
46408,7861,3637
46409,4238,1184
46410,17685,10644
46501,1595,1081
46504,1232,963
46506,4062,2825
46507,3966,2872
46508,115,86
46510,1685,1261
46511,2482,1311
46514,17987,11858
46516,14137,7372
46517,9915,5283
46524,744,584
46526,12570,7857
46528,8495,6250
46530,11939,9910
46531,621,539
46532,692,455
46534,5614,3410
46536,1455,1070
46537,283,223
46538,2783,1457
46539,1083,803
46540,4245,3462
46542,1780,1522
46543,985,850
46544,13661,8377
46545,13046,5850
46550,4656,3054
46552,2981,2108
46553,1236,1102
46554,1817,1552
46555,1770,995
46556,342,10
46561,5580,4641
46562,2593,1692
46563,10031,6619
46565,2574,1990
46567,5849,3282
46570,380,336
46571,1761,1375
46572,58,51
46573,1400,1167
46574,3952,2677
46580,8873,6205
46582,7064,3732
46590,1969,1121
46595,13,13
46601,2862,419
46613,4758,2217
46614,12995,9613
46615,7234,3885
46616,2824,1531
46617,5502,2646
46619,8823,5769
46624,24,0
46628,12266,7478
46635,2913,2108
46637,8396,5027
46701,3386,2587
46702,926,749
46703,9755,5363
46704,39,39
46705,830,564
46706,8336,6349
46710,1895,1450
46711,2588,1919
46714,6581,4359
46721,2075,1578
46723,3343,2697
46725,10435,7577
46730,490,445
46731,241,196
46732,1219,733
46733,8307,6297
46737,4614,2720
46738,3756,2911
46740,1333,997
46741,1386,1233
46742,2071,1089
46743,904,699
46745,659,642
46746,1602,1043
46747,1269,909
46748,2521,2044
46750,11592,8140
46755,6857,4118
46759,139,108
46760,543,410
46761,4466,3100
46763,523,474
46764,607,529
46765,2070,1893
46766,206,195
46767,3209,2208
46770,1090,895
46771,64,21
46772,848,745
46773,1368,1110
46774,7287,5482
46776,878,542
46777,2794,2058
46778,46,46
46779,1037,776
46781,325,297
46783,3140,2712
46784,1333,752
46785,547,422
46786,27,27
46787,1569,1241
46788,1215,1129
46789,65,0
46791,494,428
46792,1723,1188
46793,1782,1391
46794,592,424
46795,3730,2210
46796,83,83
46797,1422,1285
46798,488,349
46799,196,162
46802,5831,1713
46803,4634,1727
46804,12959,8539
46805,10742,5477
46806,10282,4817
46807,7182,3811
46808,9298,5499
46809,4116,2571
46814,5848,5136
46815,11060,8104
46816,8264,4303
46818,8512,6877
46819,4384,2777
46825,13597,7437
46835,15945,11344
46845,10709,8945
46901,18307,11479
46902,18004,10816
46910,1196,910
46911,654,591
46913,541,455
46914,1133,822
46915,328,247
46917,804,680
46919,827,625
46920,455,442
46923,3681,2427
46926,609,480
46928,2149,1540
46929,1429,963
46930,98,64
46931,124,81
46932,1503,1096
46933,2939,2073
46936,2522,2058
46937,8,8
46938,1311,987
46939,1035,711
46940,1265,900
46941,424,291
46943,88,45
46946,32,10
46947,12113,8109
46950,246,207
46951,1023,613
46952,8832,5421
46953,10095,5793
46957,226,145
46958,311,261
46959,275,184
46960,603,362
46961,19,19
46962,3881,2831
46965,11,0
46967,49,44
46968,76,63
46970,10177,6311
46974,726,458
46975,6646,4372
46978,1025,746
46979,1836,1606
46980,14,14
46982,1445,956
46984,7,7
46985,657,382
46986,811,695
46987,463,364
46988,387,246
46989,1591,1145
46990,238,238
46991,940,648
46992,7654,5459
46994,1002,774
46996,3053,1909
46998,57,24
47001,4529,3549
47003,523,402
47006,5025,3871
47010,37,37
47011,562,535
47012,4978,3393
47016,355,316
47017,232,174
47018,2011,1477
47020,444,354
47022,1137,1107
47023,1078,723
47024,1171,833
47025,9595,7582
47030,564,445
47031,2036,1507
47032,1264,1178
47034,68,42
47035,192,192
47036,373,299
47037,1851,1243
47038,600,341
47040,2401,1761
47041,2449,1969
47042,1930,1352
47043,2223,1363
47060,2747,2370
47102,3245,2093
47104,40,8
47106,1960,1276
47108,960,707
47110,296,212
47111,7011,5643
47112,7390,5469
47114,261,164
47115,1215,972
47116,405,197
47117,1744,1341
47118,2085,1455
47119,4635,3871
47120,365,326
47122,4242,3524
47123,61,22
47124,1930,1777
47125,758,553
47126,1784,1455
47129,9382,4916
47130,22602,14686
47135,521,372
47136,1783,1507
47137,600,403
47138,2077,1532
47140,1269,793
47141,583,503
47142,293,215
47143,1300,1189
47145,972,658
47147,580,452
47150,22834,12722
47160,32,16
47161,1514,1136
47162,238,149
47163,543,492
47164,1554,1069
47165,2783,2173
47166,559,497
47167,6547,4833
47170,6313,4099
47172,8537,6693
47174,50,36
47175,622,353
47177,701,564
47201,20924,12789
47203,11149,8081
47220,2470,2005
47223,451,377
47224,127,114
47225,66,66
47226,111,33
47227,733,494
47229,1205,971
47230,831,619
47231,260,157
47232,912,769
47234,681,542
47235,891,688
47236,68,36
47240,9565,6314
47243,2206,1428
47244,233,202
47246,1462,1029
47247,86,73
47250,10534,6156
47260,833,633
47263,107,44
47264,638,505
47265,8862,6209
47270,249,224
47272,853,665
47273,786,690
47274,13590,8371
47280,466,274
47281,657,547
47282,127,81
47283,1573,1271
47302,12625,7165
47303,11567,5477
47304,14303,8933
47305,2512,660
47320,2176,1669
47324,100,46
47325,185,164
47326,584,498
47327,2093,1503
47330,2240,1658
47331,10625,6445
47334,1402,1134
47335,338,217
47336,1498,993
47337,86,49
47338,1160,866
47339,189,140
47340,1548,1032
47341,1000,740
47342,1053,733
47344,90,67
47345,567,454
47346,1759,1305
47348,4541,2894
47351,181,118
47352,297,209
47353,2466,1748
47354,521,447
47355,1420,1060
47356,2369,1703
47357,501,429
47358,415,304
47359,1530,956
47360,589,417
47361,101,72
47362,12523,7944
47366,9,0
47367,55,55
47368,960,661
47369,630,481
47370,108,70
47371,5458,3718
47373,900,644
47374,21553,11982
47380,703,541
47381,75,57
47382,73,36
47383,1039,865
47384,792,670
47385,701,479
47386,665,600
47387,304,178
47388,173,159
47390,2418,1563
47392,150,87
47393,584,416
47394,3689,2561
47396,3297,2784
47401,21162,10355
47403,16271,8418
47404,12101,6020
47406,19,0
47408,10456,3365
47420,48,48
47421,13112,9672
47424,3986,2641
47427,528,253
47429,3082,2514
47431,571,390
47432,2213,1640
47433,1623,1014
47434,13,13
47435,78,78
47436,784,544
47437,8,0
47438,1854,1270
47441,4327,2650
47443,616,433
47445,100,64
47446,3998,3065
47448,3995,2584
47449,161,133
47451,720,407
47452,2198,1507
47453,184,53
47454,3424,2368
47455,40,17
47456,649,581
47458,19,19
47459,1616,1314
47460,5045,3748
47462,1964,1691
47464,174,104
47465,225,122
47468,905,556
47469,827,540
47470,635,469
47471,1242,938
47501,7696,4523
47512,1959,1216
47513,936,648
47514,109,109
47515,437,372
47516,409,338
47519,211,124
47520,1407,881
47521,346,346
47522,137,29
47523,1440,986
47524,250,230
47525,170,121
47527,824,692
47528,239,187
47529,449,300
47531,433,373
47532,1832,1467
47535,272,182
47537,366,233
47541,480,367
47542,4140,3109
47546,10080,6569
47550,225,215
47551,286,205
47552,59,59
47553,3453,2497
47557,569,384
47558,1516,1165
47561,721,403
47562,1901,1394
47564,628,396
47567,2750,2092
47568,261,135
47573,7,7
47574,78,52
47575,445,361
47576,261,220
47577,553,289
47578,318,254
47579,1171,996
47580,86,86
47581,1555,1042
47584,72,55
47585,349,269
47586,5197,3472
47588,377,278
47590,247,158
47591,11874,6506
47596,60,43
47597,370,288
47598,1383,1105
47601,5803,4289
47610,2420,1844
47611,414,331
47612,387,250
47613,1025,826
47615,740,573
47616,75,65
47619,764,623
47620,5803,4028
47630,15620,12153
47631,1001,714
47633,1020,866
47634,952,817
47635,2625,1701
47637,558,414
47638,1506,1305
47639,1853,1444
47640,424,351
47648,2147,1563
47649,697,502
47654,4,4
47660,2069,1331
47665,1592,1241
47666,678,460
47670,5440,3204
47683,23,17
47708,538,82
47710,9119,4344
47711,14487,9759
47712,10795,6209
47713,5507,1765
47714,16040,8277
47715,14451,6919
47720,7285,6145
47725,7861,7443
47802,14682,8196
47803,9516,6237
47804,5118,2758
47805,5749,4470
47807,6805,1470
47832,539,423
47833,357,300
47834,8451,5818
47836,57,0
47837,410,307
47838,945,674
47840,847,606
47841,1187,796
47842,4460,2901
47845,89,24
47846,316,273
47847,489,322
47848,692,430
47849,176,156
47850,899,655
47853,51,35
47854,402,327
47855,384,213
47857,124,86
47858,302,144
47859,523,321
47860,206,106
47861,280,224
47862,697,474
47863,92,92
47865,1,1
47866,205,194
47868,1575,1058
47869,6,6
47871,191,121
47872,3695,2279
47874,1415,1092
47879,1504,1089
47880,10,10
47881,145,76
47882,4017,2421
47884,95,79
47885,3592,2732
47901,2875,260
47904,7776,2959
47905,18309,10882
47906,28658,11686
47909,18455,11762
47916,24,10
47917,160,121
47918,2546,1623
47920,979,802
47921,503,376
47922,557,383
47923,1594,1238
47924,46,46
47925,11,11
47926,336,286
47928,853,603
47929,322,247
47930,509,357
47932,2502,1500
47933,12254,8647
47940,667,492
47941,511,377
47942,354,276
47943,359,290
47944,1597,1146
47946,822,560
47948,598,438
47949,583,496
47950,380,268
47951,1158,835
47952,1342,771
47954,942,815
47955,410,319
47957,925,547
47958,79,59
47959,1112,635
47960,9757,4973
47963,890,640
47964,47,39
47965,248,185
47966,196,143
47967,329,303
47968,474,388
47969,126,77
47970,1005,749
47971,727,557
47974,582,373
47975,295,227
47977,1048,815
47978,4355,3001
47980,431,331
47981,344,299
47982,51,38
47983,126,126
47987,1692,1403
47989,595,452
47990,582,444
47991,589,361
47992,638,551
47993,1652,1157
47994,213,155
47995,686,539
47997,88,53
48001,5787,4324
48002,1386,1266
48003,2469,2199
48005,1869,1689
48006,1581,1373
48009,10333,7114
48014,1763,1500
48015,3789,2123
48017,5827,4213
48021,14124,9232
48022,1131,1034
48023,2375,1759
48025,5866,5253
48026,6778,4731
48027,1255,1061
48028,1538,543
48030,7149,4188
48032,802,690
48033,9198,4257
48034,8634,1922
48035,15615,9433
48036,9855,6702
48038,21395,12945
48039,3701,2926
48040,4588,3718
48041,1838,1517
48042,12067,11274
48043,7059,4184
48044,20031,17671
48045,12401,8164
48047,16765,12944
48048,3518,2674
48049,2224,1957
48050,537,478
48051,7255,5931
48054,3219,2539
48059,7324,5375
48060,18066,10385
48062,3631,2856
48063,1567,1373
48064,1457,1354
48065,4672,3760
48066,22116,13653
48067,13714,8724
48069,1201,1119
48070,2402,2235
48071,14690,8735
48072,7068,5874
48073,17551,10807
48074,3809,3356
48075,10757,5840
48076,11016,7611
48079,5403,4277
48080,11424,8848
48081,9669,7767
48082,7461,6301
48083,10437,6285
48084,7402,3278
48085,9330,8368
48088,9633,8266
48089,13597,6876
48091,12919,7418
48092,11052,8361
48093,10480,7490
48094,8295,6437
48095,2086,1986
48096,1682,1360
48097,2331,1773
48098,7828,6818
48101,12413,10190
48103,25511,16029
48104,19173,6284
48105,16773,7925
48108,12508,6694
48109,95,0
48111,19406,12335
48114,8223,7291
48116,12230,9889
48117,4316,3643
48118,5864,4448
48120,2910,999
48122,4693,2597
48124,14787,11140
48125,8791,5711
48126,16919,8721
48127,14616,10022
48128,4589,3887
48130,6316,5403
48131,3838,2495
48133,2646,2209
48134,9579,7786
48135,11395,8725
48137,2451,1728
48138,4537,3860
48139,94,46
48140,1195,1093
48141,11497,4383
48143,43,43
48144,4179,3866
48145,1318,1014
48146,15874,10509
48150,10724,9315
48152,12922,10275
48154,15330,13409
48157,708,478
48158,3348,2754
48159,1141,903
48160,5224,4041
48161,12015,8560
48162,12698,9049
48164,3625,3294
48165,3587,2556
48166,5387,4034
48167,10776,7356
48168,9277,8167
48169,9045,7560
48170,18184,13637
48173,5391,4298
48174,13124,9048
48176,9076,7354
48177,169,169
48178,14402,12723
48179,1485,1071
48180,26741,16630
48182,8637,6946
48183,18095,13312
48184,7739,4099
48185,23554,12500
48186,14543,9267
48187,20548,14105
48188,16885,13453
48189,6196,4755
48190,51,51
48191,1685,1421
48192,11441,7876
48193,6775,4142
48195,13033,8174
48197,28649,14606
48198,17379,9651
48201,9900,887
48202,10078,2241
48203,13591,4173
48204,13691,4502
48205,17102,5302
48206,10784,3375
48207,13026,2910
48208,5226,1372
48209,11020,5334
48210,10576,4696
48211,2518,752
48212,14739,7238
48213,11365,4511
48214,13279,4108
48215,6044,2138
48216,3398,965
48217,3071,1611
48218,3466,1628
48219,20815,10144
48220,12003,7254
48221,17452,10065
48223,11264,5133
48224,16786,7293
48225,6271,3802
48226,5160,378
48227,19933,8773
48228,22620,9430
48229,4156,2323
48230,7369,5355
48234,15688,6704
48235,20946,10460
48236,13078,11496
48237,13036,7544
48238,16341,4842
48239,14869,11102
48240,7328,5089
48301,6131,5004
48302,6960,5823
48304,7165,5891
48306,10202,9039
48307,19493,12486
48309,11635,9052
48310,15399,11717
48312,14282,10437
48313,14288,10107
48314,9286,6991
48315,11252,9693
48316,11951,9239
48317,12936,7043
48320,2269,1519
48322,13481,9780
48323,6516,5584
48324,6637,5858
48326,12219,5842
48327,9864,6787
48328,11938,7466
48329,10249,8918
48331,9297,6835
48334,8528,5011
48335,11964,4871
48336,12296,8416
48340,12154,4897
48341,8601,3914
48342,7559,2556
48346,10157,6739
48348,9151,8266
48350,2893,2406
48353,3038,2748
48356,3315,2851
48357,3340,2719
48359,4477,2997
48360,4951,4169
48362,6428,5125
48363,2431,2317
48367,1652,1534
48370,611,535
48371,9928,8532
48374,5840,5042
48375,10223,7077
48377,9961,4608
48380,2722,2640
48381,5588,4428
48382,8857,7895
48383,5066,4595
48386,7680,6057
48390,10995,7710
48393,9847,5033
48401,744,500
48410,68,42
48411,29,29
48412,2335,2085
48413,3393,2270
48414,1162,1025
48415,3790,2998
48416,2068,1593
48417,1064,936
48418,1838,1593
48419,1293,848
48420,9136,7114
48421,2987,2331
48422,2875,2270
48423,15248,9645
48426,440,331
48427,1645,965
48428,2084,1838
48429,4059,3015
48430,16163,12687
48432,272,213
48433,10597,8707
48434,141,54
48435,903,798
48436,1547,1362
48437,273,161
48438,2781,2584
48439,22101,15995
48440,39,39
48441,2165,1335
48442,9722,7297
48444,4140,2914
48445,666,423
48446,12797,9640
48449,1075,875
48450,4113,1992
48451,6005,5438
48453,2147,1473
48454,515,442
48455,3218,2860
48456,381,272
48457,3438,2624
48458,9136,5450
48460,1107,909
48461,3245,2742
48462,5214,4879
48463,1902,1602
48464,1101,788
48465,388,190
48466,679,551
48467,2913,1058
48468,1070,530
48469,1014,512
48470,291,223
48471,2556,1730
48472,712,508
48473,9853,8060
48475,1112,900
48476,267,230
48502,228,0
48503,11823,4888
48504,12464,5969
48505,10546,3652
48506,11114,6928
48507,13923,7127
48509,4166,3396
48519,3356,2253
48529,4430,2490
48532,9093,4953
48601,16220,8878
48602,12286,6757
48603,13367,8104
48604,4603,3048
48607,884,208
48609,5494,4623
48610,2651,1314
48611,2700,2258
48612,5375,3083
48613,494,387
48614,451,354
48615,1158,876
48616,3226,2494
48617,4087,2544
48618,2443,1826
48619,455,216
48620,99,34
48621,696,360
48622,3213,2034
48623,5495,4612
48624,11073,6134
48625,10903,4754
48626,2307,2079
48627,295,60
48628,1061,791
48629,7248,3205
48630,164,33
48631,1942,1402
48632,4389,1866
48633,399,108
48634,2098,1880
48635,1683,691
48636,895,370
48637,1319,1132
48638,6479,3827
48640,14340,10164
48642,14663,10350
48647,3139,1338
48649,633,552
48650,3036,2388
48651,3825,1487
48652,749,704
48653,9814,4197
48654,1989,962
48655,2469,2040
48656,3784,1618
48657,3460,2828
48658,2435,1535
48659,1300,874
48661,6442,3610
48662,589,480
48701,680,504
48703,2836,1272
48705,671,233
48706,18163,13012
48708,12625,7898
48720,587,388
48721,422,211
48722,1401,1203
48723,5175,3796
48724,386,112
48725,2703,932
48726,2467,1802
48727,423,328
48728,624,169
48729,678,555
48730,3536,1766
48731,769,493
48732,5329,3437
48733,768,566
48734,3827,2616
48735,490,382
48737,1408,497
48738,1405,498
48739,4015,1525
48740,1656,1000
48741,897,676
48742,1392,732
48743,28,9
48744,2027,1637
48745,846,484
48746,3721,2945
48747,635,567
48748,1817,650
48749,595,441
48750,7074,3490
48754,450,346
48755,2180,1070
48756,3087,1445
48757,1687,1352
48759,1928,1269
48760,754,536
48761,1405,383
48762,1026,476
48763,3007,1697
48765,409,230
48766,707,490
48767,986,745
48768,4146,3198
48770,1016,585
48801,5408,3658
48806,734,513
48807,334,259
48808,2938,2222
48809,4612,3153
48811,1997,1449
48813,8174,6167
48815,872,655
48816,221,31
48817,2513,1742
48818,1416,832
48819,950,870
48820,7002,5872
48821,2591,2329
48822,861,794
48823,23757,9264
48825,3,0
48827,6656,5158
48829,1366,1019
48831,1486,1216
48832,547,484
48834,967,673
48835,1119,956
48836,5614,4803
48837,8638,6837
48838,7461,5045
48840,6323,3707
48841,337,270
48842,9573,5928
48843,19001,14255
48845,401,309
48846,7597,4987
48847,2490,1826
48848,3090,2570
48849,2295,1739
48850,1973,1365
48851,924,788
48852,68,62
48853,288,211
48854,7853,6151
48855,6294,5370
48856,337,232
48857,1259,1057
48858,19396,8508
48860,517,368
48861,746,704
48862,27,16
48864,9903,6016
48865,698,463
48866,1828,1471
48867,12660,8345
48870,76,76
48871,912,694
48872,2793,2138
48873,503,407
48874,73,61
48875,4330,3185
48876,1817,1234
48877,1051,790
48878,761,498
48879,7521,5754
48880,2722,1937
48881,2014,1515
48883,2912,2364
48884,1873,1499
48885,480,402
48886,975,605
48888,2928,1929
48889,717,536
48890,782,559
48891,1268,926
48892,2036,1605
48893,2721,1993
48894,802,750
48895,5019,4190
48896,82,68
48897,682,545
48906,12180,7813
48910,17119,9156
48911,18069,9428
48912,9064,3564
48915,4768,2644
48917,15975,9173
48933,2103,176
49001,9670,4685
49002,8975,5788
49004,7663,5423
49006,12093,3660
49007,5102,1088
49008,7124,4318
49009,20609,12379
49010,7222,5594
49011,1054,768
49012,1344,1083
49013,2045,1393
49014,9314,5941
49015,12522,8294
49017,9701,6286
49021,2547,2035
49022,14484,7402
49024,13232,8561
49026,981,597
49027,87,62
49028,2858,1849
49029,697,512
49030,938,720
49031,4238,2727
49032,1155,918
49033,741,648
49034,854,725
49036,11663,6962
49037,9971,5184
49038,5124,2718
49040,1956,1152
49042,2000,1389
49043,1418,534
49045,2855,1891
49046,3672,2619
49047,8205,4476
49048,10440,5754
49050,608,507
49051,1076,1020
49052,391,324
49053,2919,2342
49055,3197,2137
49056,1961,1109
49057,2433,1734
49058,8337,6351
49060,1144,865
49061,867,605
49063,40,40
49064,1746,1102
49065,3559,2383
49066,258,205
49067,1977,1382
49068,6901,5072
49070,847,747
49071,4415,3944
49072,1336,1017
49073,1980,1570
49074,45,0
49075,54,38
49076,1544,1142
49078,4315,3293
49079,6019,4107
49080,6582,5007
49082,3171,2145
49083,3255,2831
49084,36,13
49085,11468,7902
49087,2474,2026
49088,1425,1351
49089,795,638
49090,8904,4580
49091,8732,5331
49092,826,647
49093,8512,5406
49094,1710,1025
49095,1345,902
49096,1289,1068
49097,4861,3908
49098,3032,1711
49099,2719,1786
49101,1343,1083
49102,712,603
49103,4833,2689
49106,2472,1556
49107,5096,3358
49111,1600,1067
49112,4631,3377
49113,833,609
49115,439,76
49116,455,44
49117,3790,1381
49119,59,40
49120,15581,11528
49125,1649,772
49126,575,458
49127,5043,3440
49128,1929,1245
49129,1114,289
49130,731,432
49201,18102,12274
49202,9598,4755
49203,16999,10299
49220,1313,833
49221,17011,10768
49224,5277,3140
49227,554,409
49228,2185,1793
49229,1484,1184
49230,6108,4140
49232,1264,788
49233,1324,1027
49234,1234,913
49235,888,670
49236,2042,1655
49237,1265,1067
49238,836,629
49240,4050,3525
49241,915,763
49242,6687,4050
49245,1830,1215
49246,1467,1137
49247,2457,1780
49248,369,312
49249,1754,1270
49250,2560,1880
49251,2499,2022
49252,1119,839
49253,2196,1234
49254,1805,1417
49255,833,539
49256,1608,1161
49258,5,2
49259,1230,902
49261,103,47
49262,525,440
49264,604,507
49265,2468,1934
49266,1547,1142
49267,1593,1306
49268,452,368
49269,2083,1785
49270,2316,1938
49271,1062,776
49272,1210,999
49274,1956,1193
49276,398,359
49277,1134,954
49279,420,337
49282,50,46
49283,1383,948
49284,1206,844
49285,2686,2103
49286,6144,4704
49287,1055,726
49288,639,411
49289,25,24
49301,7383,6806
49302,3096,2896
49303,272,233
49304,5773,1301
49305,1647,966
49306,4207,3950
49307,7997,4385
49309,2025,701
49310,1175,948
49312,209,63
49315,9527,8501
49316,9673,8450
49318,511,418
49319,7150,6266
49320,283,65
49321,6693,4261
49322,663,382
49323,3920,3661
49325,794,725
49326,1755,1299
49327,3537,2798
49328,1736,1418
49329,3824,2969
49330,2055,1604
49331,7208,5886
49332,2529,1368
49333,5206,4269
49335,48,48
49336,1701,1310
49337,6688,4341
49338,823,546
49339,1036,783
49340,1281,888
49341,15070,13240
49342,893,524
49343,2528,1902
49344,2101,1457
49345,5074,4156
49346,3179,1954
49347,684,455
49348,5629,4065
49349,4265,2721
49401,9083,4768
49402,1489,637
49403,1015,822
49404,3369,2638
49405,940,585
49406,921,425
49408,4933,3427
49409,50,50
49410,1362,598
49411,1156,755
49412,5143,3824
49415,2566,2412
49417,14709,10599
49418,12801,8742
49419,2983,2639
49420,2862,1939
49421,2817,1928
49423,19019,13137
49424,19906,14445
49425,1396,1085
49426,14020,11938
49428,10312,8584
49430,30,30
49431,9959,5396
49434,134,42
49435,1472,1251
49436,2300,737
49437,3229,2274
49440,860,194
49441,16491,11273
49442,17759,11209
49444,11635,7065
49445,9109,7413
49446,1143,720
49448,1700,1437
49449,2642,1101
49450,1610,726
49451,2433,1982
49452,944,748
49453,2113,1048
49454,2122,1418
49455,2733,1547
49456,9776,7240
49457,4925,3983
49458,97,42
49459,940,453
49460,3537,2905
49461,4220,3249
49464,11001,9430
49503,19017,6505
49504,18830,10065
49505,14197,8824
49506,13262,9622
49507,13773,8048
49508,16583,9764
49509,10611,7120
49512,8870,3671
49519,11693,6281
49525,12577,9663
49534,9713,6454
49544,4195,2666
49546,13561,8887
49548,13174,9222
49601,10734,7027
49611,141,103
49612,864,555
49613,568,259
49614,1967,1124
49615,3575,1720
49616,1096,825
49617,2684,1342
49618,433,301
49619,629,381
49620,1145,842
49621,2047,1300
49622,1945,1004
49623,789,399
49625,833,509
49626,170,121
49627,236,112
49628,175,56
49629,1696,905
49630,1418,636
49631,3704,1949
49632,742,411
49633,2724,1386
49634,70,56
49635,3014,1188
49636,1299,294
49637,1562,1077
49638,591,314
49639,1270,880
49640,1236,550
49642,1155,310
49643,3490,2532
49644,2951,797
49645,1117,595
49646,5652,3217
49648,1985,1017
49649,2639,1947
49650,1451,1136
49651,4968,2553
49653,1523,766
49654,675,228
49655,1934,1196
49656,1612,632
49657,1568,1072
49659,4586,2695
49660,7744,4845
49663,2637,1859
49664,1399,853
49665,2231,1413
49667,518,189
49668,1929,1238
49670,1706,725
49674,295,83
49675,889,387
49676,2470,1447
49677,3452,2180
49679,991,503
49680,885,679
49682,2439,1535
49683,1662,731
49684,10959,6219
49685,9395,6689
49686,13261,8306
49688,1251,763
49689,1611,661
49690,3476,2364
49696,5005,3762
49701,786,281
49705,439,246
49706,2893,1687
49707,11974,7643
49709,3763,1615
49710,390,149
49712,5075,3159
49713,1496,816
49715,1950,1137
49716,639,345
49717,75,26
49718,688,211
49719,1645,549
49720,6236,3528
49721,8535,4763
49722,121,27
49724,495,392
49725,831,321
49726,1546,549
49727,4075,2544
49728,605,147
49729,995,560
49730,1376,834
49733,1510,695
49735,11551,6925
49736,496,212
49738,7299,3454
49740,6057,2835
49743,759,377
49744,419,286
49745,1013,346
49746,2689,1419
49747,1718,883
49748,322,97
49749,3995,1930
49751,1765,765
49752,317,251
49753,1327,706
49755,1303,731
49756,4531,1852
49757,833,99
49759,1594,685
49760,795,336
49762,818,299
49764,37,0
49765,2787,1532
49766,1257,920
49768,893,168
49769,928,519
49770,10244,5335
49774,1131,735
49775,524,18
49776,1025,605
49777,1815,913
49779,2726,1961
49780,985,554
49781,2423,1280
49782,966,362
49783,9388,5160
49788,890,406
49791,252,67
49793,412,98
49795,1197,641
49796,240,107
49799,1484,819
49801,5927,4441
49802,2768,2028
49805,302,176
49806,612,229
49807,1573,1160
49808,439,88
49812,551,318
49814,759,436
49815,421,128
49816,445,311
49817,319,213
49818,781,475
49820,225,81
49821,867,443
49822,267,96
49825,152,119
49826,34,34
49827,717,310
49829,8729,5147
49831,501,252
49833,90,54
49834,351,196
49835,567,307
49836,1033,430
49837,4488,3373
49838,618,225
49839,580,143
49840,666,335
49841,3847,2084
49847,555,380
49848,90,46
49849,5915,3956
49852,79,42
49853,1189,506
49854,4307,2549
49855,15779,8754
49858,6486,4118
49861,634,249
49862,2462,1318
49863,93,62
49864,45,12
49866,3723,2785
49868,2951,1405
49870,1649,1129
49871,226,169
49872,137,84
49873,212,39
49874,544,351
49876,683,583
49877,145,26
49878,2524,1361
49879,1017,493
49880,819,434
49881,290,149
49883,247,57
49884,418,186
49885,1076,735
49886,217,191
49887,1727,909
49891,400,216
49892,1400,836
49893,775,563
49894,353,353
49895,1216,321
49896,717,401
49901,227,141
49902,153,106
49903,390,135
49905,888,627
49908,1325,696
49910,284,135
49911,1879,998
49912,822,387
49913,3990,2447
49915,335,217
49916,1788,1139
49917,134,84
49918,149,53
49919,205,74
49920,3236,1729
49921,149,74
49922,369,244
49925,528,274
49927,201,129
49929,115,84
49930,3366,1827
49931,3490,1365
49934,573,431
49935,4610,2203
49938,4728,2994
49942,59,59
49945,2247,993
49946,2223,1288
49947,847,318
49948,520,235
49950,1252,511
49952,162,40
49953,1909,974
49955,200,158
49958,747,375
49959,223,110
49960,173,103
49961,234,60
49962,403,103
49963,362,216
49965,560,219
49967,519,197
49968,1405,853
49969,1494,492
49970,240,135
49971,351,207
50001,220,183
50002,690,502
50003,3680,2715
50005,436,344
50006,755,446
50007,187,186
50008,355,277
50009,8829,5949
50010,14732,7613
50014,14860,4883
50020,618,496
50021,12463,8856
50022,4097,2444
50023,17822,12116
50025,1512,1006
50026,288,183
50027,104,50
50028,776,594
50029,304,221
50031,25,16
50032,243,209
50033,7,4
50034,277,129
50035,3394,3035
50036,7416,5291
50038,120,85
50039,166,104
50040,100,62
50041,65,12
50042,123,75
50044,430,355
50046,792,595
50047,2411,1904
50048,324,245
50049,2869,2057
50050,343,267
50051,156,116
50052,47,26
50054,1250,891
50055,453,383
50056,522,426
50057,138,112
50058,860,596
50060,1126,691
50061,802,765
50062,330,247
50063,1134,828
50064,79,29
50065,285,158
50066,139,91
50067,149,119
50068,158,113
50069,416,330
50070,739,489
50071,446,258
50072,1103,902
50073,555,423
50074,586,114
50075,346,216
50076,630,530
50078,65,40
50101,46,16
50102,46,46
50103,187,152
50104,60,44
50105,552,482
50106,511,432
50107,390,249
50108,252,138
50109,1450,1121
50110,33,17
50111,6345,4428
50112,5018,3270
50115,1344,976
50116,78,68
50117,93,40
50118,376,327
50119,176,130
50120,189,163
50122,603,473
50123,489,305
50124,1717,1413
50125,8039,5641
50126,2966,1765
50127,48,0
50128,188,151
50129,2619,1763
50130,726,580
50131,9975,6984
50132,197,123
50133,299,172
50134,323,248
50135,716,447
50136,195,128
50137,46,29
50138,5181,3801
50139,550,423
50140,1209,617
50141,262,213
50142,418,328
50143,224,209
50144,1312,697
50145,67,45
50146,195,102
50147,193,129
50148,171,135
50149,382,244
50150,356,291
50151,334,265
50152,59,42
50153,403,347
50154,255,188
50155,76,49
50156,1896,1541
50157,343,212
50158,12614,8203
50160,267,197
50161,938,729
50162,559,360
50163,335,259
50164,363,272
50165,21,16
50166,737,678
50167,326,236
50168,448,292
50169,1161,939
50170,1231,954
50171,1592,831
50173,323,231
50174,424,368
50201,3806,2622
50206,202,162
50207,1175,732
50208,8919,5549
50210,604,537
50211,6469,5341
50212,1419,1089
50213,3533,2040
50214,326,282
50216,1825,967
50217,252,184
50218,130,118
50219,5621,3722
50220,3925,2409
50222,201,148
50223,170,92
50225,1432,1164
50226,2517,2286
50227,47,27
50228,891,699
50229,505,421
50230,536,392
50231,77,62
50232,264,198
50233,612,502
50234,251,191
50235,175,114
50236,803,663
50237,1369,1307
50238,585,461
50239,83,59
50240,936,761
50241,52,40
50242,178,118
50243,149,114
50244,761,661
50246,317,213
50247,986,700
50248,1949,1424
50249,631,479
50250,1163,879
50251,578,474
50252,214,110
50254,67,60
50255,20,20
50256,325,287
50257,416,320
50258,453,328
50261,1067,879
50262,137,112
50263,11323,7609
50264,222,161
50265,15104,9516
50266,18481,8716
50268,486,309
50269,101,47
50271,336,220
50272,90,70
50273,3927,2884
50274,145,81
50275,268,227
50276,899,788
50277,189,150
50278,325,252
50309,7562,769
50310,14162,9124
50311,7180,3214
50312,8285,5016
50313,7674,5273
50314,4780,1863
50315,16579,9421
50316,6002,3607
50317,15193,10137
50320,9317,6585
50321,3689,2103
50322,13293,8976
50323,5965,5050
50324,2327,1608
50325,7455,5241
50327,5077,3767
50401,14746,9074
50420,188,115
50421,1418,1012
50423,1277,886
50424,835,523
50426,46,34
50427,90,90
50428,5630,3121
50430,249,174
50431,101,54
50432,113,94
50433,68,56
50434,292,244
50435,346,229
50436,2534,1717
50438,1812,1354
50439,139,116
50440,159,102
50441,2548,1611
50444,169,130
50446,221,185
50447,524,388
50448,359,272
50449,360,278
50450,1489,996
50451,273,210
50452,416,236
50453,231,186
50454,67,53
50455,166,137
50456,797,513
50457,225,155
50458,932,683
50459,1341,1047
50460,218,116
50461,2564,1854
50464,270,197
50465,101,78
50466,872,540
50467,44,19
50468,739,492
50469,703,538
50470,145,116
50471,303,218
50472,1151,927
50473,127,78
50475,624,473
50476,306,235
50477,100,55
50478,439,301
50479,333,277
50480,442,349
50482,427,249
50483,282,250
50484,189,139
50501,13198,8117
50510,471,317
50511,3385,2266
50514,636,467
50515,181,96
50516,326,262
50517,468,290
50518,143,126
50519,306,199
50520,67,53
50521,15,0
50522,301,211
50523,258,198
50524,204,170
50525,1852,1067
50527,64,33
50528,172,96
50529,417,293
50530,530,332
50531,173,124
50532,397,274
50533,1681,1019
50535,481,335
50536,2127,1321
50538,247,187
50539,269,201
50540,487,322
50541,507,332
50542,434,322
50543,659,493
50544,262,212
50545,83,63
50546,182,125
50548,2556,1732
50551,41,21
50552,40,26
50554,809,530
50556,101,80
50557,355,266
50558,279,217
50559,227,112
50560,319,160
50561,267,194
50562,244,137
50563,1388,870
50565,236,168
50566,170,134
50567,121,90
50568,593,421
50569,318,252
50570,83,52
50571,194,148
50573,38,17
50574,1142,784
50575,398,259
50576,172,111
50577,250,171
50578,336,213
50579,1378,867
50581,449,272
50582,102,90
50583,1374,849
50585,522,386
50586,132,104
50588,5040,3145
50590,407,247
50591,204,155
50592,50,26
50593,18,18
50594,153,84
50595,4170,2532
50597,561,389
50598,453,336
50599,214,181
50601,1135,833
50602,675,462
50603,191,167
50604,772,597
50605,79,56
50606,358,303
50607,193,160
50608,25,25
50609,190,168
50611,150,111
50612,135,96
50613,17808,10843
50616,4590,2976
50619,975,675
50620,26,15
50621,750,516
50622,1340,1066
50623,69,69
50624,656,565
50625,424,314
50626,643,478
50627,1598,960
50628,628,380
50629,894,685
50630,644,440
50631,116,81
50632,596,438
50633,171,79
50634,343,292
50635,740,531
50636,1016,742
50638,1535,1154
50641,689,530
50642,232,189
50643,1156,988
50644,3921,2786
50645,731,564
50647,913,769
50648,1700,1335
50649,5,5
50650,312,203
50651,1650,1086
50652,68,37
50653,246,170
50654,189,120
50655,308,224
50657,47,43
50658,1189,833
50659,2557,1859
50660,461,354
50662,3260,2227
50664,73,73
50665,1289,863
50666,377,292
50667,320,292
50668,511,435
50669,1161,783
50670,910,731
50671,101,55
50672,262,148
50673,82,69
50674,1669,1242
50675,983,689
50676,917,751
50677,5053,3490
50680,520,451
50681,201,168
50682,667,531
50701,14530,8862
50702,9722,5356
50703,8705,4331
50707,3555,2290
50801,4566,2746
50830,744,559
50831,9,8
50833,1044,664
50835,44,22
50836,181,120
50837,165,145
50839,39,26
50840,339,225
50841,1366,810
50842,40,33
50843,228,158
50845,314,249
50846,584,360
50847,22,19
50848,170,75
50849,1239,763
50851,955,636
50853,352,271
50854,1070,677
50857,67,51
50858,358,271
50859,293,237
50860,74,58
50861,128,96
50862,69,40
50863,126,68
50864,852,620
51001,1051,740
51002,1113,831
51003,762,623
51004,499,308
51005,721,500
51006,534,371
51007,227,225
51008,80,53
51009,58,46
51010,243,176
51011,61,34
51012,2889,1811
51014,275,224
51015,29,24
51016,484,364
51018,282,223
51019,218,158
51020,255,147
51022,387,343
51023,1350,872
51024,841,699
51025,831,589
51026,457,402
51027,558,387
51028,953,706
51029,113,93
51030,720,531
51031,5443,3430
51033,187,152
51034,889,600
51035,790,592
51036,293,196
51037,211,105
51038,685,492
51039,1075,869
51040,1677,1120
51041,2565,1827
51044,125,70
51045,28,26
51046,825,545
51047,398,287
51048,197,124
51049,268,201
51050,1115,856
51051,21,19
51052,468,386
51053,499,395
51054,2028,1457
51055,506,388
51056,186,161
51058,505,347
51060,356,223
51061,252,153
51062,225,188
51063,505,358
51101,723,7
51103,6867,4181
51104,9119,5616
51105,4197,1699
51106,11681,7904
51108,2142,1936
51109,1570,1294
51111,30,0
51201,2776,1769
51230,215,199
51231,154,142
51232,334,257
51234,424,370
51235,381,317
51237,716,579
51238,548,470
51239,1053,895
51240,685,556
51241,860,625
51242,140,101
51243,311,258
51244,64,59
51245,526,393
51246,1616,1126
51247,1916,1305
51248,728,547
51249,1581,1144
51250,3254,2426
51301,6096,3861
51331,1622,450
51333,195,152
51334,3265,2150
51338,496,345
51340,46,46
51341,17,11
51342,624,470
51343,93,64
51345,192,69
51346,1026,753
51347,747,557
51350,205,123
51351,3104,1701
51354,561,421
51355,1477,375
51357,370,259
51358,815,427
51360,6638,3157
51363,70,56
51364,399,313
51365,172,147
51366,159,118
51401,5576,3604
51430,440,267
51431,211,140
51432,19,15
51433,232,102
51436,391,262
51439,401,270
51440,121,114
51441,206,157
51442,3772,2642
51443,744,553
51444,129,125
51445,1372,944
51446,226,185
51447,96,58
51448,242,182
51449,910,629
51450,1038,584
51451,96,37
51452,87,70
51453,241,145
51454,562,420
51455,1132,890
51458,646,420
51459,28,21
51460,57,28
51461,559,402
51462,449,298
51463,210,182
51465,267,203
51466,505,394
51467,270,225
51501,15217,9446
51503,16154,10363
51510,1461,1171
51520,115,105
51521,934,636
51523,155,124
51525,436,350
51526,677,588
51527,165,144
51528,262,184
51529,914,643
51530,403,263
51531,408,295
51532,327,223
51533,396,291
51534,3777,2886
51535,825,618
51536,205,179
51537,2893,1954
51540,175,91
51541,145,105
51542,420,345
51543,197,129
51544,376,285
51545,149,101
51546,1287,929
51548,170,166
51549,181,119
51550,69,59
51551,757,573
51552,95,64
51553,388,322
51554,108,36
51555,2337,1599
51556,148,114
51557,385,282
51558,306,210
51559,768,530
51560,893,484
51561,410,250
51562,256,208
51563,280,220
51564,274,190
51565,255,152
51566,3435,2158
51570,560,390
51571,265,206
51572,200,152
51573,436,339
51575,671,546
51576,751,629
51577,529,360
51578,73,55
51579,919,615
51601,2762,1489
51630,71,59
51631,209,139
51632,2818,1749
51636,224,169
51637,113,104
51638,634,459
51639,409,279
51640,756,501
51645,114,108
51646,330,242
51647,90,81
51648,150,107
51649,146,119
51650,169,108
51651,67,43
51652,700,500
51653,556,438
51654,122,80
51656,12,8
52001,20102,11679
52002,7535,5342
52003,5855,4914
52030,174,122
52031,2529,1865
52032,672,507
52033,1399,1057
52035,583,400
52036,64,44
52037,436,342
52038,238,154
52039,422,379
52040,2378,1927
52041,651,509
52042,770,504
52043,1015,719
52044,92,71
52045,1062,832
52046,954,699
52047,240,194
52048,110,87
52049,699,504
52050,212,172
52052,1805,1076
52053,428,325
52054,378,295
52056,91,87
52057,4049,2838
52060,3825,2665
52064,364,266
52065,298,246
52066,115,40
52068,1676,1442
52069,701,490
52070,569,361
52071,75,62
52072,214,101
52073,589,493
52074,70,60
52075,71,63
52076,1013,711
52077,157,109
52078,349,292
52079,379,344
52101,5611,3764
52132,848,526
52133,307,256
52134,119,92
52135,375,274
52136,2611,1775
52140,247,182
52141,685,492
52142,813,449
52144,565,380
52146,1254,417
52147,373,312
52151,1323,707
52154,365,253
52155,578,408
52156,274,227
52157,841,504
52158,189,143
52159,1232,823
52160,459,351
52161,689,512
52162,1406,885
52163,156,126
52164,91,82
52165,445,353
52166,86,60
52168,221,117
52169,185,128
52170,276,244
52171,491,368
52172,2923,2020
52175,1790,1017
52201,564,440
52202,506,376
52203,949,736
52205,3358,2443
52206,938,865
52207,147,111
52208,1451,1009
52209,438,313
52210,328,265
52211,1516,815
52212,211,176
52213,1677,1370
52214,1339,976
52215,426,346
52216,714,419
52217,261,181
52218,760,618
52219,59,52
52220,94,62
52221,116,92
52222,308,239
52223,687,477
52224,884,689
52225,204,173
52227,1121,935
52228,1470,1305
52229,334,250
52231,196,171
52232,95,86
52233,3123,1940
52235,444,252
52236,203,203
52237,574,426
52240,17035,7818
52241,10294,5309
52242,23,0
52245,10210,5531
52246,10627,4159
52247,2047,1475
52248,810,656
52249,423,351
52251,226,185
52252,33,33
52253,1125,890
52254,458,287
52255,593,413
52257,106,82
52301,1850,1291
52302,18153,13326
52305,284,237
52306,650,493
52307,83,9
52308,97,72
52309,228,175
52310,2937,2181
52312,33,21
52313,185,148
52314,1949,1598
52315,554,426
52316,707,490
52317,9125,5949
52318,461,360
52320,507,337
52321,182,142
52322,819,679
52323,471,290
52324,723,647
52325,200,174
52326,359,245
52327,1474,1016
52328,1036,966
52329,286,217
52330,372,298
52332,789,571
52333,2949,2466
52334,54,44
52335,289,211
52336,1129,910
52337,377,266
52338,1380,1284
52339,1650,1014
52340,2400,1834
52341,519,429
52342,1390,847
52344,53,18
52345,576,504
52346,421,350
52347,573,477
52348,26,25
52349,3548,2563
52351,477,431
52352,778,586
52353,3995,2411
52354,139,123
52355,128,104
52356,1228,886
52358,1653,1219
52359,121,112
52361,2134,1342
52362,461,346
52401,1480,205
52402,19848,12044
52403,10759,7687
52404,19923,12100
52405,12283,8421
52411,2927,2852
52501,13654,7950
52530,398,264
52531,2724,1932
52533,496,371
52534,183,153
52535,435,308
52536,426,300
52537,2778,2057
52540,460,363
52542,258,195
52543,161,124
52544,4096,2149
52548,25,23
52549,215,165
52550,300,243
52551,372,255
52552,310,236
52553,774,543
52554,591,457
52555,103,45
52556,6141,3298
52560,230,131
52561,452,262
52562,48,30
52563,649,487
52565,855,598
52566,91,74
52567,306,203
52568,37,31
52569,518,257
52570,405,294
52571,710,466
52572,510,260
52573,114,56
52574,341,159
52576,177,139
52577,6242,3751
52580,310,234
52581,131,77
52583,166,128
52584,232,204
52585,386,269
52586,268,188
52588,74,49
52590,554,393
52591,1299,704
52593,56,40
52594,194,175
52595,268,136
52601,14107,9125
52619,266,256
52620,443,266
52621,247,182
52623,794,638
52624,284,246
52625,974,772
52626,558,387
52627,6134,4201
52630,124,58
52631,29,29
52632,5793,3346
52635,319,205
52637,1130,845
52638,233,144
52639,768,670
52640,537,423
52641,5326,3284
52644,169,124
52645,1363,1052
52646,133,122
52647,59,20
52649,312,278
52650,294,222
52651,174,130
52652,27,27
52653,1596,985
52654,730,527
52655,1874,1263
52656,1018,832
52657,46,28
52658,398,344
52659,635,473
52660,144,101
52701,50,24
52720,400,355
52721,375,265
52722,17460,12477
52726,2257,1986
52727,183,128
52728,473,339
52729,364,295
52730,2100,1643
52731,353,287
52732,12911,7580
52737,134,130
52738,1387,982
52739,386,202
52742,3077,2352
52745,218,181
52746,392,308
52747,886,653
52748,3913,3202
52749,351,333
52750,266,176
52751,402,330
52752,219,166
52753,2489,1781
52754,621,488
52755,870,673
52756,662,614
52757,107,92
52758,138,90
52759,95,77
52760,373,301
52761,12920,8707
52765,228,175
52766,390,281
52767,142,109
52768,604,447
52769,279,184
52771,52,19
52772,2334,1739
52773,1216,800
52774,47,39
52776,1912,1410
52777,618,465
52778,1766,1234
52801,1162,0
52802,4379,2796
52803,10427,6077
52804,11986,7526
52806,12092,8087
52807,8136,3846
53001,832,660
53002,953,777
53003,65,65
53004,1537,1290
53005,8744,7204
53006,822,647
53007,907,410
53010,3420,2545
53011,1109,758
53012,8073,5862
53013,1491,1219
53014,3770,2784
53015,1139,957
53016,178,121
53017,1909,1867
53018,3431,2486
53019,813,611
53020,1865,1317
53021,1809,1347
53022,8229,5988
53023,596,527
53024,8598,5613
53027,10091,7278
53029,8717,6578
53031,18,9
53032,2372,1726
53033,2541,2375
53034,726,446
53035,1017,826
53036,1380,1110
53037,4298,3184
53038,1644,1310
53039,1919,1293
53040,3377,2756
53042,3034,2325
53044,929,762
53045,10061,7295
53046,738,588
53047,36,26
53048,1639,928
53049,1099,823
53050,3120,2384
53051,16972,12123
53057,767,699
53058,1485,966
53059,768,626
53061,2351,1694
53063,723,543
53065,945,803
53066,16074,11694
53069,479,374
53070,2211,1648
53072,12594,9090
53073,6591,4734
53074,5859,3739
53075,1475,1058
53076,1268,1067
53078,749,646
53079,667,484
53080,2425,1369
53081,20121,11520
53083,9336,6621
53085,5308,3738
53086,4003,3143
53088,140,88
53089,7856,6116
53090,9247,6868
53091,918,698
53092,8983,6455
53093,779,687
53094,7387,4630
53095,12741,8613
53097,2477,2259
53098,4753,3065
53099,4,4
53103,1624,1484
53104,2448,1972
53105,12995,8852
53108,1437,1282
53110,8866,5327
53114,904,729
53115,8848,4871
53118,3196,2538
53119,2440,2073
53120,4847,3399
53121,8397,5581
53122,2335,1992
53125,2254,688
53126,2918,2441
53127,92,42
53128,4053,2925
53129,6046,4122
53130,3279,1837
53132,14073,10795
53137,652,596
53139,1109,917
53140,14065,6865
53142,13787,9738
53143,9118,4944
53144,10731,5620
53146,3073,2943
53147,11455,5480
53149,7585,6200
53150,10546,8978
53151,14324,10109
53153,1094,953
53154,15602,9000
53156,1492,1043
53158,7181,5110
53167,152,55
53168,4072,3101
53170,922,661
53172,9150,5797
53176,46,46
53177,2566,1970
53178,1184,813
53179,2761,2249
53181,4479,2957
53182,3471,2198
53183,1117,898
53184,1644,883
53185,8211,6306
53186,15066,7979
53188,14703,9670
53189,10443,8358
53190,8331,3251
53191,2277,1097
53192,95,94
53195,57,49
53202,18629,3486
53203,1661,195
53204,14979,3660
53205,4164,985
53206,10077,2489
53207,17278,9793
53208,13778,4632
53209,21466,7876
53210,11005,3867
53211,16346,6215
53212,15749,4402
53213,12591,6987
53214,17530,8783
53215,21307,9170
53216,13556,5391
53217,12301,8882
53218,15971,6135
53219,15661,9487
53220,12547,6913
53221,17126,9406
53222,11765,7182
53223,13436,6300
53224,8530,4002
53225,11019,4045
53226,8912,4856
53227,11519,5186
53228,7180,3750
53233,5531,148
53235,5279,2731
53402,15660,10383
53403,11876,6250
53404,5110,2289
53405,11509,8495
53406,11634,8172
53501,86,0
53502,1016,798
53503,879,716
53504,1007,787
53505,186,145
53506,543,328
53507,954,725
53508,2421,1985
53510,596,438
53511,19372,11843
53515,1114,929
53516,1006,778
53517,834,581
53518,766,568
53520,3188,2297
53521,1433,1228
53522,438,324
53523,2356,1765
53525,1771,1302
53526,242,190
53527,4732,3753
53528,2589,1953
53529,899,651
53530,1947,1364
53531,1612,1334
53532,6375,4999
53533,3557,2160
53534,5982,3676
53536,4092,3177
53537,424,303
53538,8444,5930
53540,56,29
53541,430,318
53543,867,620
53544,374,281
53545,11170,6975
53546,12816,8936
53548,8894,5724
53549,4544,3163
53550,489,360
53551,4048,2743
53553,283,224
53554,434,318
53555,4523,3346
53556,1194,842
53557,250,151
53558,5414,4131
53559,2395,1841
53560,1546,1226
53561,1159,735
53562,13617,7296
53563,4672,3957
53565,2026,1500
53566,6810,4454
53569,434,331
53570,1223,870
53571,140,37
53572,4032,2965
53573,1452,971
53574,1617,1257
53575,7036,5408
53576,1016,755
53577,571,396
53578,2779,1892
53579,719,524
53580,213,134
53581,5012,3064
53582,467,361
53583,2525,1875
53584,8,8
53585,896,552
53586,968,699
53587,527,395
53588,1944,1427
53589,9014,6632
53590,18292,11895
53593,12583,8577
53594,2308,1577
53597,8323,6038
53598,1666,995
53599,47,42
53703,21025,2876
53704,22740,11656
53705,12796,5900
53706,39,0
53711,23500,14066
53713,11635,3447
53714,7975,4616
53715,5640,992
53716,8668,5996
53717,6404,3400
53718,8408,4770
53719,16160,7868
53726,2599,854
53801,711,338
53802,46,14
53803,518,395
53804,540,418
53805,2358,1425
53806,958,627
53807,1845,1408
53808,423,279
53809,1856,1322
53810,207,112
53811,1401,868
53812,125,105
53813,2430,1684
53816,360,258
53817,121,103
53818,6146,2927
53820,1076,787
53821,3899,2190
53825,185,142
53826,599,423
53827,199,134
53901,6550,4039
53910,1820,1007
53911,581,458
53913,10444,6698
53916,11001,6642
53919,879,688
53920,364,198
53922,439,370
53923,889,672
53924,691,451
53925,3766,2688
53926,695,459
53928,43,37
53929,1315,886
53930,637,458
53931,144,109
53932,1050,720
53933,1793,951
53934,4342,1887
53935,120,86
53936,1038,526
53937,382,280
53939,118,93
53941,1837,1034
53942,49,39
53943,506,367
53944,1233,762
53946,2596,1451
53947,166,80
53948,4135,2518
53949,4088,2301
53950,3326,1759
53951,1119,728
53952,2043,1146
53953,120,78
53954,2898,2102
53955,2805,2101
53956,1404,994
53959,5930,3916
53960,1510,1086
53961,381,318
53962,24,5
53963,4807,3186
53964,2122,1055
53965,6792,3737
53968,962,724
53969,139,102
54001,4348,2780
54002,2636,2035
54003,400,393
54004,1058,767
54005,1320,980
54006,440,322
54007,434,338
54009,1125,864
54011,2878,2018
54013,1576,1161
54014,875,753
54015,1528,1154
54016,13747,10530
54017,7807,5663
54020,3491,2495
54021,3183,2337
54022,9033,5978
54023,1724,1414
54024,2641,1642
54025,3141,2407
54026,1058,799
54027,448,381
54028,1001,678
54082,931,750
54101,1219,1112
54102,1251,370
54103,550,189
54104,2306,505
54106,2169,1851
54107,1525,1086
54110,2328,1800
54111,1198,771
54112,1308,792
54113,1488,1281
54114,5795,2209
54115,20415,13003
54119,809,162
54120,499,102
54121,3238,1335
54123,88,75
54124,1765,1193
54125,446,173
54126,1569,1368
54127,26,17
54128,1071,595
54129,1642,1254
54130,11507,8638
54135,1671,677
54136,3084,1758
54137,456,423
54138,1287,365
54139,1403,1044
54140,3634,2246
54141,1309,1059
54143,7526,5293
54149,1918,569
54150,330,212
54151,1922,1301
54152,104,44
54153,3540,2317
54154,2699,1863
54155,2933,1776
54156,1770,599
54157,2868,1914
54159,823,542
54160,121,102
54161,2108,1048
54162,3594,2769
54165,3002,2292
54166,8884,5244
54169,1231,1168
54170,1624,1321
54171,1443,1317
54173,1468,1264
54174,2482,1242
54175,1889,550
54177,2884,1176
54180,1264,1015
54201,2603,1839
54202,1865,719
54204,1062,701
54205,828,740
54207,72,58
54208,2343,1985
54209,2012,668
54210,1142,415
54211,576,160
54212,1256,383
54213,628,488
54214,300,243
54215,112,67
54216,3030,2251
54217,3265,2456
54220,18942,12139
54227,746,661
54228,1284,954
54229,1976,1415
54230,1789,1500
54232,556,480
54234,2350,746
54235,11835,6589
54241,7013,5009
54245,987,752
54246,917,340
54247,1093,867
54301,10532,6591
54302,13390,6504
54303,13088,5959
54304,12997,7012
54311,15047,9793
54313,16162,13100
54401,14230,8811
54403,11171,6787
54405,1032,683
54406,1776,1480
54407,649,509
54408,544,430
54409,6449,4072
54410,968,831
54411,2106,1642
54412,908,700
54413,147,84
54414,1475,1119
54416,847,551
54417,5,5
54418,481,345
54420,507,363
54421,1291,878
54422,488,312
54423,894,812
54424,1138,620
54425,752,528
54426,1785,1497
54427,576,429
54428,1196,379
54430,50,36
54433,854,578
54435,1556,764
54436,941,632
54437,1354,901
54440,1270,1012
54441,350,309
54442,764,512
54443,1038,769
54446,1207,919
54447,275,170
54448,1776,1494
54449,12455,8091
54450,219,144
54451,5088,3376
54452,9181,6397
54454,552,447
54455,8058,6275
54456,3080,1957
54457,5594,3296
54458,59,43
54459,1002,518
54460,1009,764
54462,397,168
54463,1057,334
54464,31,17
54465,1081,351
54466,1431,930
54467,6233,3840
54469,742,553
54470,1110,719
54471,603,568
54473,1203,853
54474,1889,1264
54475,657,548
54476,8574,5362
54479,1462,1159
54480,579,448
54481,12697,6717
54482,3983,3157
54484,2529,2127
54485,457,192
54486,1144,772
54487,7200,3730
54488,502,351
54489,623,493
54490,635,344
54491,1643,615
54493,628,282
54494,13110,9230
54495,3605,1907
54498,950,622
54499,1281,880
54501,12754,7451
54511,1483,550
54512,1394,487
54513,446,224
54514,1556,688
54515,389,248
54517,253,78
54519,1608,526
54520,2948,1220
54521,7687,3374
54524,541,227
54525,153,113
54526,477,270
54527,989,419
54529,1243,447
54530,570,315
54531,1546,570
54534,1719,941
54536,160,76
54537,425,212
54538,2835,907
54539,1926,532
54540,1506,412
54541,826,467
54542,1144,216
54545,1328,396
54546,787,435
54547,1885,621
54548,5096,2093
54550,454,286
54552,3602,1722
54554,1279,439
54555,3553,1746
54556,823,443
54557,2019,485
54558,2655,926
54559,487,319
54560,774,274
54561,235,37
54562,2878,800
54563,486,313
54564,872,170
54565,110,22
54566,1394,583
54568,3855,1877
54601,22652,11623
54603,7168,3416
54610,918,532
54611,551,389
54612,2145,1373
54613,2305,859
54614,1151,808
54615,4913,3149
54616,1170,724
54618,1059,666
54619,1557,1179
54621,489,378
54622,1112,861
54623,825,684
54624,1027,636
54625,246,204
54626,907,500
54627,934,762
54628,781,412
54629,1239,925
54630,1813,1290
54631,997,566
54632,566,437
54634,1888,1276
54635,907,614
54636,6517,4754
54637,87,54
54638,672,515
54639,1204,794
54642,938,724
54643,2,2
54644,502,466
54645,64,32
54646,2661,1282
54648,634,451
54650,11166,7298
54651,574,357
54652,476,307
54653,512,393
54654,65,64
54655,845,520
54656,7630,5185
54657,201,99
54658,1155,877
54659,521,342
54660,7356,4553
54661,1709,1206
54664,837,505
54665,3964,2782
54666,1370,811
54667,2085,1658
54669,3246,2509
54670,643,498
54701,17932,10267
54703,19120,11359
54720,3979,2113
54721,544,401
54722,1846,1185
54723,470,370
54724,3129,2230
54725,1405,1094
54726,776,557
54727,2003,1516
54728,3491,2080
54729,15386,10389
54730,2364,1598
54731,373,244
54732,1243,890
54733,565,425
54734,328,267
54736,1986,1453
54737,249,189
54738,1349,919
54739,1991,1430
54740,837,593
54741,845,566
54742,1805,1540
54745,1581,815
54746,377,238
54747,1250,751
54748,567,489
54749,615,404
54750,486,377
54751,10517,5552
54754,1013,503
54755,3188,2173
54756,478,325
54757,2207,1291
54758,2160,1579
54759,791,509
54760,74,44
54761,479,310
54762,585,414
54763,499,361
54766,849,616
54767,1496,1165
54768,2206,1343
54769,399,231
54770,845,698
54771,1549,1191
54772,498,370
54773,1498,966
54801,4828,2133
54805,790,524
54806,5599,3425
54810,2175,1023
54812,2455,1711
54813,433,233
54814,1902,951
54817,2414,876
54819,1454,832
54820,520,323
54821,1766,621
54822,2318,1616
54824,1076,653
54826,703,300
54827,467,168
54828,628,236
54829,3140,1839
54830,5022,1547
54832,470,173
54835,757,389
54836,449,346
54837,2043,1329
54838,1685,500
54839,202,133
54840,2770,1497
54841,151,98
54842,86,69
54843,10039,4533
54844,489,126
54845,73,40
54846,302,227
54847,2176,956
54848,3132,1807
54849,1276,740
54850,809,163
54853,2529,1243
54854,436,287
54855,374,273
54856,1038,612
54857,12,9
54858,1053,576
54859,2358,879
54861,57,12
54862,270,144
54864,659,533
54865,526,220
54867,348,188
54868,7640,4799
54870,1438,733
54871,1914,1050
54872,2056,894
54873,2904,1326
54874,1660,1343
54875,874,530
54876,1964,630
54880,14325,8448
54888,1382,551
54889,1812,1003
54891,1736,1184
54893,3823,1526
54895,733,347
54896,2179,671
54901,15381,7000
54902,10800,6034
54904,10029,7715
54909,1047,724
54911,11171,6239
54913,9930,6842
54914,14002,8472
54915,18373,12984
54921,597,491
54922,520,411
54923,4137,2650
54926,86,60
54927,224,169
54928,187,171
54929,4633,3011
54930,1011,594
54931,172,144
54932,471,449
54933,69,42
54935,19115,10593
54937,9473,6512
54940,2142,1594
54941,1915,968
54942,4056,3562
54943,1525,791
54944,3552,3077
54945,1912,1215
54947,1044,852
54948,108,80
54949,1764,1183
54950,1357,945
54952,12412,8003
54956,20104,13474
54960,2192,1148
54961,6249,4099
54962,579,391
54963,3195,2383
54964,374,319
54965,600,512
54966,1042,686
54967,234,157
54968,1661,951
54970,1816,1184
54971,4918,3238
54974,583,536
54977,758,564
54978,28,25
54979,636,530
54980,144,136
54981,8253,5025
54982,4409,2479
54983,1999,1340
54984,2691,1099
54986,2628,1821
55001,1221,1146
55003,1213,1035
55005,1750,1482
55006,1639,1157
55007,1178,851
55008,6851,5019
55009,3654,2807
55011,4060,3658
55012,821,656
55013,3077,2164
55014,11163,9170
55016,13953,12198
55017,323,282
55018,418,347
55019,855,791
55020,1501,1417
55021,12421,8100
55024,12840,11148
55025,10522,7416
55026,212,126
55027,1028,867
55029,12,9
55030,653,488
55031,726,618
55032,1409,1162
55033,11884,9079
55036,37,17
55037,3117,1601
55038,9355,8298
55040,5635,4599
55041,3825,2705
55042,4987,4464
55043,1589,1337
55044,22519,19209
55045,3001,2527
55046,2202,1812
55047,1062,910
55049,989,779
55051,4667,3112
55052,886,652
55053,358,321
55054,939,800
55055,2001,1353
55056,5696,4640
55057,8494,6039
55060,12631,9380
55063,4998,3230
55065,470,411
55066,8707,6047
55068,11794,10008
55069,2266,1602
55070,2947,2424
55071,2454,1858
55072,2425,1093
55073,1476,1240
55074,885,768
55075,8460,5989
55076,9525,7671
55077,5403,3370
55079,3377,3020
55080,1363,1058
55082,15493,11227
55084,842,599
55085,172,149
55087,189,162
55088,671,603
55089,685,581
55090,183,137
55092,4313,3873
55101,5651,1178
55102,11582,4816
55103,5652,2231
55104,20358,10022
55105,12045,7686
55106,19974,11542
55107,6063,3532
55108,6938,3567
55109,13376,8304
55110,16156,12005
55111,124,0
55112,17956,11946
55113,19075,11898
55114,2806,524
55115,3408,2673
55116,12818,6181
55117,17784,10259
55118,13751,8744
55119,16806,10341
55120,2119,1289
55121,4296,1720
55122,13965,9367
55123,10260,8243
55124,21894,15662
55125,17682,13332
55126,11946,9369
55127,7825,6281
55128,12083,9237
55129,11465,8940
55130,6368,2582
55150,81,56
55301,4720,4101
55302,3667,2513
55303,20317,14973
55304,17318,16047
55305,10463,5790
55306,7088,4322
55307,1398,969
55308,3319,2941
55309,7541,6600
55310,701,510
55311,14284,12003
55312,630,488
55313,9445,7451
55314,530,353
55315,2504,2233
55316,8932,7785
55317,8731,6892
55318,11453,8037
55319,2144,1863
55320,2253,1800
55321,2033,1471
55322,1461,1273
55324,679,429
55325,2043,1470
55327,2219,2037
55328,3684,3012
55329,929,710
55330,16796,13593
55331,8275,6579
55332,773,579
55333,331,261
55334,1260,772
55335,743,561
55336,3423,2538
55337,19695,12874
55338,446,400
55339,398,319
55340,3418,3139
55341,1184,1061
55342,937,636
55343,14111,6223
55344,7416,2553
55345,8834,7280
55346,6804,5757
55347,12143,10929
55349,1679,1236
55350,8276,5753
55352,3503,2992
55353,1333,1045
55354,1151,989
55355,4560,3041
55356,2312,1887
55357,1284,1140
55358,2488,1723
55359,2649,2160
55360,1158,1067
55362,7589,5462
55363,2075,1520
55364,6740,5049
55366,201,151
55367,410,352
55368,765,546
55369,16732,12658
55370,234,204
55371,6838,5340
55372,12631,11127
55373,2345,1988
55374,5496,4826
55375,1524,1332
55376,7128,6407
55378,11857,9829
55379,18028,13472
55381,871,691
55382,2249,1356
55384,1318,276
55385,548,421
55386,3670,3299
55387,5711,4576
55388,2386,1854
55389,1037,773
55390,1244,1061
55391,7445,5397
55395,1277,953
55396,1047,782
55397,1250,1049
55398,6292,5570
55401,8988,2401
55402,564,0
55403,12906,2890
55404,14372,2223
55405,8724,2946
55406,17439,11119
55407,15979,8912
55408,17874,4260
55409,5488,3495
55410,8685,6706
55411,10967,5222
55412,9676,6460
55413,8080,2883
55414,15541,2031
55415,3124,987
55416,19197,8864
55417,11556,9020
55418,14859,9138
55419,12119,9225
55420,9638,6081
55421,13247,7616
55422,13082,8989
55423,16792,10162
55424,3845,3352
55425,4671,1603
55426,12099,7581
55427,10788,7163
55428,13495,7268
55429,10529,5768
55430,8098,5348
55431,8483,5574
55432,13575,8434
55433,14351,9446
55434,12221,9714
55435,8218,3591
55436,6449,4600
55437,9059,6030
55438,7509,5671
55439,3735,3199
55441,8340,4792
55442,5750,4329
55443,12275,8753
55444,5440,4701
55445,4793,3752
55446,10852,8664
55447,8997,6603
55448,10847,8963
55449,11824,10023
55454,3823,361
55455,5,0
55601,109,55
55602,437,157
55603,442,207
55604,3412,1384
55605,364,155
55606,482,120
55607,258,74
55609,165,70
55612,1050,274
55613,315,94
55614,1529,1086
55615,401,123
55616,4103,2561
55702,311,165
55703,416,306
55704,579,383
55705,1891,1394
55706,1132,732
55707,1581,1101
55708,425,308
55709,2479,1506
55710,842,586
55711,244,160
55712,496,265
55713,508,348
55716,150,91
55717,335,98
55718,1251,1024
55719,2568,1740
55720,7687,5082
55721,1924,1250
55722,434,322
55723,2053,770
55724,892,355
55725,259,39
55726,648,320
55731,4954,2114
55732,898,628
55733,2048,1921
55734,3516,2191
55735,1390,731
55736,876,504
55738,290,222
55741,1610,1140
55742,235,109
55744,9733,6340
55746,8999,6049
55748,887,468
55749,408,229
55750,957,779
55751,686,572
55752,331,203
55753,547,367
55756,281,117
55757,440,268
55758,76,65
55760,3385,1011
55763,687,214
55764,214,169
55765,467,317
55767,1534,950
55768,1344,957
55769,1491,989
55771,1904,582
55772,43,10
55775,740,506
55779,1709,1303
55780,160,65
55781,868,331
55782,262,171
55783,1820,941
55784,76,54
55785,240,123
55786,73,50
55787,426,238
55790,2390,779
55792,5628,2817
55793,349,238
55795,1060,598
55796,96,47
55797,600,536
55798,447,207
55802,1529,459
55803,8690,6256
55804,6720,5448
55805,5430,1406
55806,4848,2016
55807,4572,3154
55808,2786,1913
55810,3648,2950
55811,11640,7797
55812,3954,1543
55901,24852,15046
55902,11954,8215
55904,12984,8039
55906,8798,6322
55909,628,486
55910,588,480
55912,12443,8206
55917,1489,1241
55918,456,397
55919,487,424
55920,3294,2703
55921,2278,1685
55922,332,246
55923,1789,1502
55924,549,434
55925,467,392
55926,333,231
55927,1760,1435
55929,497,405
55931,183,140
55932,866,659
55933,94,80
55934,1517,1148
55935,437,346
55936,762,610
55939,972,662
55940,1186,876
55941,480,341
55943,1315,993
55944,3062,2703
55945,628,472
55946,1398,1153
55947,3384,2816
55949,998,639
55950,76,55
55951,617,459
55952,964,693
55953,408,314
55954,677,491
55955,976,881
55956,936,716
55957,300,229
55959,1069,706
55960,1307,1171
55961,200,166
55962,362,276
55963,2218,1671
55964,1793,1324
55965,1072,749
55967,351,325
55968,89,51
55969,429,359
55970,430,355
55971,1326,961
55972,2134,1693
55973,109,88
55974,1006,686
55975,1985,1531
55976,3462,2671
55977,90,61
55979,393,302
55981,2229,1418
55982,247,223
55983,756,554
55985,764,578
55987,15312,9026
55990,415,318
55991,641,517
55992,2365,1823
56001,21583,10849
56003,6543,4732
56007,9873,6883
56009,687,543
56010,534,409
56011,3546,2942
56013,2110,1389
56014,369,253
56016,445,343
56017,916,596
56019,422,287
56020,37,31
56021,453,381
56022,71,38
56023,239,189
56024,1343,902
56025,235,180
56026,813,694
56027,390,270
56028,664,407
56029,304,225
56030,3,3
56031,5771,3696
56032,172,134
56033,189,145
56034,185,150
56035,181,129
56036,776,622
56037,744,600
56039,411,292
56041,471,378
56042,327,254
56043,199,160
56044,855,669
56045,427,364
56046,52,49
56048,1762,1429
56050,630,463
56051,381,267
56052,337,264
56054,377,305
56055,1712,1365
56056,34,32
56057,1619,1160
56058,2759,1844
56060,181,135
56062,1309,950
56063,1627,994
56065,1107,867
56068,481,337
56069,2150,1730
56071,4773,3863
56072,1034,750
56073,7629,5626
56074,729,531
56075,76,52
56078,195,156
56080,276,235
56081,2798,1796
56082,5149,3228
56083,421,311
56085,2409,1835
56087,1442,1075
56088,977,600
56089,104,72
56090,271,209
56091,152,118
56093,5216,3796
56096,1566,1023
56097,1801,1295
56098,1020,698
56101,2811,1848
56110,715,558
56111,204,154
56113,110,90
56114,174,115
56115,561,433
56116,240,187
56117,152,84
56118,208,187
56119,394,307
56120,426,330
56121,352,245
56122,241,180
56123,285,199
56125,36,25
56127,251,139
56128,815,669
56129,287,227
56131,1060,800
56132,360,219
56134,181,118
56136,781,499
56137,515,390
56138,462,306
56139,175,130
56140,38,36
56141,149,123
56142,577,391
56143,2250,1541
56144,533,384
56145,232,182
56146,32,20
56147,56,49
56149,734,436
56150,1335,1050
56151,332,280
56152,642,459
56153,82,64
56155,258,185
56156,2756,1956
56157,316,231
56158,152,106
56159,1051,730
56160,98,77
56161,149,130
56162,136,94
56164,2634,1880
56165,152,115
56166,93,65
56167,317,225
56168,374,287
56169,331,270
56170,264,203
56171,775,551
56172,1645,1016
56173,132,89
56174,187,135
56175,1373,900
56176,475,358
56178,766,518
56180,562,346
56181,566,421
56183,668,450
56185,214,173
56186,208,170
56187,5453,3290
56201,10441,5960
56207,106,72
56208,1147,747
56209,1280,800
56210,4,2
56211,349,165
56212,285,193
56214,335,216
56215,2246,1379
56216,330,269
56218,258,206
56219,575,254
56220,1372,1013
56221,443,327
56222,880,567
56223,632,456
56224,156,102
56225,536,259
56226,103,69
56227,118,77
56228,422,351
56229,799,607
56230,359,262
56231,188,150
56232,1039,781
56235,254,183
56236,227,170
56237,281,201
56239,242,197
56240,395,247
56241,1793,1342
56243,844,596
56244,728,517
56245,236,150
56248,437,295
56249,127,104
56251,411,321
56252,546,405
56253,556,305
56255,199,116
56256,1349,845
56257,232,137
56258,6976,3895
56260,453,335
56262,354,249
56263,215,166
56264,968,680
56265,3398,2202
56266,661,480
56267,2809,1549
56270,482,400
56271,560,368
56273,2421,1744
56274,105,80
56276,141,85
56277,1422,824
56278,1565,923
56279,538,380
56280,241,166
56281,278,227
56282,642,433
56283,3089,2026
56284,924,589
56285,525,417
56287,32,30
56288,2773,1748
56289,369,249
56291,184,157
56292,224,192
56293,474,360
56294,56,33
56295,136,107
56296,1043,702
56297,359,299
56301,13511,6369
56303,11760,6903
56304,7538,3113
56307,2058,1522
56308,14350,8641
56309,792,459
56310,2203,1697
56311,329,237
56312,934,713
56313,39,27
56314,517,429
56315,975,566
56316,721,515
56318,786,421
56319,806,555
56320,3630,2699
56323,279,217
56324,681,437
56325,91,82
56326,946,624
56327,542,356
56328,82,71
56329,2939,2272
56330,768,674
56331,837,692
56332,849,663
56334,3327,2046
56335,92,84
56336,1159,603
56338,1229,612
56339,579,315
56340,1013,883
56342,2409,1116
56343,518,343
56345,6761,4867
56347,3272,2302
56349,351,281
56350,468,199
56352,2656,1912
56353,4048,3090
56354,1086,505
56355,256,190
56356,88,85
56357,383,357
56358,1357,1054
56359,2072,959
56360,2688,1355
56361,1221,829
56362,2942,1871
56363,87,67
56364,2301,1812
56367,2899,2457
56368,2312,1510
56369,225,134
56371,49,22
56373,1309,1031
56374,3662,2555
56375,285,273
56376,138,110
56377,8239,5165
56378,3835,2502
56379,7356,4661
56381,1393,866
56382,660,483
56384,138,76
56385,652,396
56386,550,238
56387,3460,1616
56389,53,32
56401,16038,9607
56425,3898,2343
56431,7113,3352
56433,1365,661
56434,75,55
56435,2236,1122
56437,561,415
56438,1475,931
56440,585,430
56441,2155,1109
56442,3415,1210
56443,1449,609
56444,2579,1218
56446,720,532
56447,1274,397
56448,649,198
56449,868,707
56450,1061,414
56452,3029,848
56453,340,263
56455,820,502
56458,232,112
56461,2013,1226
56464,2532,1435
56465,1749,959
56466,2093,1143
56467,2540,1052
56468,3653,1808
56469,1162,462
56470,7478,3414
56472,6212,3087
56473,1684,1228
56474,2857,1524
56475,800,605
56477,1394,895
56479,2341,1572
56481,1072,804
56482,3387,2076
56484,2592,1091
56501,10271,5627
56510,1127,706
56511,1301,694
56514,1512,1248
56515,2861,1093
56516,141,98
56517,118,76
56518,181,144
56519,136,104
56520,1904,1231
56521,358,263
56522,242,187
56523,177,134
56524,758,274
56525,35,31
56527,384,288
56528,1811,630
56529,2018,1502
56531,924,593
56533,134,105
56534,720,489
56535,869,379
56536,190,161
56537,9498,5958
56540,829,641
56541,47,20
56542,1181,705
56543,94,75
56544,2735,1750
56545,315,227
56546,123,96
56547,999,864
56548,343,240
56549,1866,1468
56550,163,106
56551,1385,800
56552,233,191
56553,144,131
56554,1792,1007
56556,513,327
56557,1161,650
56560,19366,11007
56562,16,0
56565,46,32
56566,261,102
56567,1497,1018
56568,71,44
56569,744,381
56570,780,430
56571,1574,732
56572,4191,1918
56573,3632,1969
56574,120,115
56575,570,224
56576,965,357
56578,602,275
56579,425,364
56580,499,458
56581,184,119
56583,90,57
56584,683,463
56585,529,397
56586,1310,747
56587,1112,531
56588,404,190
56589,1289,631
56590,207,143
56591,193,31
56592,223,158
56594,192,165
56601,16104,9414
56621,2149,1329
56623,2074,1027
56626,260,67
56627,281,117
56628,1605,569
56629,209,76
56630,1117,631
56633,2547,1081
56634,784,465
56636,2937,1680
56637,176,83
56639,489,156
56641,311,107
56644,481,246
56646,191,121
56647,463,287
56649,5071,3440
56650,581,372
56651,482,215
56652,281,144
56653,752,474
56654,91,16
56655,2000,662
56657,553,123
56658,6,0
56659,86,41
56660,182,117
56661,683,337
56662,974,266
56663,202,88
56666,207,115
56667,414,281
56668,127,87
56669,313,126
56670,291,189
56671,917,615
56672,2394,766
56673,483,207
56676,1090,698
56678,738,539
56680,120,50
56681,249,87
56683,362,269
56684,171,119
56685,236,38
56686,782,349
56688,144,37
56701,6246,4031
56710,212,146
56711,348,6
56713,425,299
56714,545,403
56715,184,137
56716,4416,2510
56720,11,5
56721,4381,2962
56722,139,126
56723,372,275
56724,95,45
56725,441,334
56726,734,551
56727,559,326
56728,628,395
56729,56,42
56731,69,62
56732,541,338
56733,212,163
56734,336,186
56735,384,216
56736,859,279
56737,425,298
56738,616,454
56742,376,268
56744,244,197
56748,305,212
56750,1082,820
56751,2657,1835
56754,229,183
56755,45,34
56756,312,235
56757,441,315
56758,210,150
56759,211,138
56760,222,190
56761,275,179
56762,1114,774
56763,2347,1480
57001,663,492
57002,718,558
57003,772,635
57004,1702,1310
57005,4693,3648
57006,10773,5130
57010,385,179
57012,507,383
57013,2064,1409
57014,690,571
57015,273,229
57016,442,266
57017,633,475
57018,591,431
57020,582,520
57021,145,118
57022,2130,1695
57024,201,170
57025,1318,962
57026,600,380
57027,82,69
57028,1467,795
57029,947,690
57030,1155,883
57031,379,328
57032,3511,2718
57033,2326,1854
57034,306,255
57035,523,482
57036,308,220
57037,383,249
57038,765,673
57039,1554,1197
57040,129,100
57041,42,42
57042,3768,2085
57043,715,550
57045,500,364
57046,245,210
57047,200,141
57048,524,412
57049,3386,1995
57050,83,82
57051,148,90
57052,136,111
57053,881,649
57054,315,231
57055,488,430
57057,77,66
57058,829,559
57059,616,434
57061,83,51
57062,636,407
57063,387,301
57064,2652,2070
57065,186,136
57066,751,486
57067,143,95
57068,647,545
57069,5307,2240
57070,733,389
57071,1534,900
57072,255,196
57073,228,160
57075,962,507
57076,166,126
57077,555,453
57078,9172,5994
57103,15326,9598
57104,13952,5403
57105,10550,6413
57106,21722,12785
57107,4851,3256
57108,13933,8671
57110,9178,5757
57201,12304,7550
57212,1049,623
57213,216,128
57214,71,54
57216,869,563
57217,127,77
57218,134,124
57219,279,151
57220,445,266
57221,395,277
57223,548,436
57224,110,69
57225,842,571
57226,878,559
57227,359,123
57231,861,577
57232,304,200
57233,66,40
57234,742,465
57235,328,275
57236,47,35
57237,381,268
57238,172,117
57239,465,168
57241,471,264
57242,182,119
57243,345,251
57245,85,54
57246,78,70
57247,361,77
57248,567,304
57249,612,341
57251,49,28
57252,2171,1485
57255,214,156
57256,103,82
57257,257,125
57258,75,54
57259,251,210
57260,512,368
57261,142,70
57262,1965,901
57263,230,157
57264,97,53
57265,123,71
57266,243,150
57268,306,194
57269,118,110
57270,365,173
57271,64,55
57272,93,29
57273,897,332
57274,1349,884
57276,460,376
57278,292,199
57279,651,388
57301,9148,5271
57311,558,417
57312,251,217
57313,578,372
57314,294,175
57315,456,305
57317,297,141
57319,428,307
57321,125,100
57322,101,82
57323,176,96
57324,166,143
57325,1345,792
57328,502,330
57329,148,111
57330,227,153
57331,144,98
57332,292,248
57334,315,226
57335,166,121
57337,68,27
57339,422,166
57340,119,83
57341,46,34
57342,285,166
57344,56,38
57345,548,394
57346,10,0
57348,318,163
57349,747,474
57350,7100,4277
57353,409,298
57354,30,30
57355,683,385
57356,810,412
57358,12,6
57359,282,192
57361,70,29
57362,1025,524
57363,383,232
57364,4,0
57365,342,232
57366,1173,820
57367,137,93
57368,499,306
57369,1105,805
57370,377,228
57371,136,55
57373,179,93
57374,143,105
57375,287,198
57376,498,325
57379,52,44
57380,1113,619
57381,287,159
57382,707,452
57383,395,264
57384,430,316
57385,683,437
57386,138,101
57401,15016,8607
57420,169,69
57421,24,16
57422,102,64
57424,139,105
57426,19,19
57427,248,198
57428,322,140
57429,54,44
57430,1027,614
57432,123,97
57433,200,185
57434,306,206
57435,169,130
57436,252,178
57437,784,472
57438,538,280
57439,21,1
57440,171,119
57441,299,196
57442,1302,621
57445,963,659
57446,339,200
57448,232,163
57449,116,20
57450,269,172
57451,1030,785
57452,126,68
57454,330,221
57455,61,38
57456,298,187
57457,109,31
57460,122,105
57461,142,104
57465,159,128
57466,79,68
57467,160,108
57468,150,96
57469,1565,825
57470,67,34
57471,316,199
57472,474,303
57473,131,102
57474,101,70
57475,81,52
57476,227,170
57477,71,43
57479,274,250
57481,178,141
57501,7851,5422
57520,127,67
57521,87,26
57522,237,119
57523,556,303
57528,462,231
57529,157,119
57531,42,29
57532,1405,968
57533,880,532
57534,108,42
57536,164,62
57537,92,16
57538,171,80
57540,67,39
57541,72,35
57543,391,177
57544,222,163
57547,68,57
57548,326,104
57551,917,484
57552,308,189
57553,97,82
57555,1309,578
57559,377,201
57560,156,70
57562,36,22
57563,60,16
57564,493,312
57566,256,56
57567,556,321
57568,375,214
57569,176,109
57570,572,158
57571,38,19
57572,386,186
57574,77,37
57576,80,31
57577,274,89
57579,525,284
57580,2066,1227
57584,71,48
57585,89,32
57601,1886,1181
57620,336,205
57621,66,18
57622,82,21
57623,360,186
57625,1358,641
57626,451,259
57630,19,16
57631,329,189
57632,357,231
57633,200,136
57634,50,35
57636,45,24
57638,1119,670
57639,90,10
57640,37,16
57641,153,91
57642,662,285
57644,160,108
57645,93,67
57646,144,91
57648,356,178
57649,125,75
57650,6,0
57651,67,24
57652,92,46
57656,392,245
57657,65,51
57658,84,43
57659,9,7
57660,51,36
57661,45,15
57701,20526,11111
57702,16786,11162
57703,7476,5893
57706,743,0
57714,198,44
57716,138,99
57717,3832,2745
57718,3182,2722
57719,4707,2594
57720,415,226
57722,173,83
57724,112,63
57725,123,67
57730,3328,2033
57732,1519,682
57735,915,550
57737,44,0
57738,255,214
57741,52,52
57744,995,781
57745,941,534
57747,3481,2300
57748,121,65
57750,146,43
57751,450,315
57752,602,177
57754,2929,1312
57755,69,49
57756,243,18
57758,71,7
57759,257,131
57760,601,407
57761,466,325
57762,249,172
57763,174,138
57764,608,304
57766,83,50
57767,83,83
57769,1670,1378
57770,1268,577
57772,454,206
57773,76,69
57775,133,78
57779,215,170
57780,70,37
57782,20,19
57783,8347,4379
57785,4879,3132
57787,183,122
57788,199,171
57790,512,324
57791,85,52
57792,80,62
57793,806,644
57794,143,80
58001,114,101
58002,9,5
58004,145,121
58005,311,285
58006,207,165
58007,29,28
58008,87,72
58009,10,10
58011,222,179
58012,1230,743
58013,71,48
58015,111,100
58016,102,78
58017,199,101
58018,171,141
58021,207,191
58027,748,538
58029,43,22
58030,310,232
58031,150,121
58032,378,246
58033,184,123
58035,157,94
58036,134,111
58038,99,71
58040,520,304
58041,734,541
58042,598,536
58043,70,44
58045,1050,750
58046,267,177
58047,1815,1695
58048,212,150
58049,163,134
58051,591,465
58052,235,181
58053,689,456
58054,1393,927
58056,201,70
58057,111,106
58058,66,57
58059,577,480
58060,538,382
58061,159,134
58062,70,56
58063,155,132
58064,228,141
58065,9,8
58067,107,84
58068,147,93
58069,81,48
58071,225,142
58072,3970,2386
58074,25,25
58075,4251,2100
58077,293,248
58078,16416,10140
58079,183,153
58081,403,322
58102,16757,6665
58103,25241,9843
58104,21847,10049
58105,20,11
58201,20277,9609
58202,159,5
58203,8395,3263
58204,525,5
58205,11,0
58210,148,116
58212,262,122
58214,249,133
58216,68,38
58218,328,279
58219,44,44
58220,1171,659
58222,115,89
58223,111,100
58224,25,25
58225,533,394
58227,348,191
58228,477,256
58229,105,63
58230,388,189
58231,195,159
58233,209,129
58235,256,193
58236,35,33
58237,2356,1493
58238,54,50
58239,54,13
58240,651,384
58241,122,45
58243,241,182
58244,40,18
58249,1292,824
58250,126,72
58251,983,732
58254,322,188
58256,313,277
58257,954,407
58258,131,126
58259,293,180
58260,72,54
58261,627,483
58262,47,23
58265,216,166
58266,68,34
58267,611,429
58269,139,70
58270,911,574
58271,297,172
58272,171,88
58273,129,77
58274,396,336
58275,356,276
58276,256,178
58277,130,74
58278,855,779
58281,43,34
58282,677,434
58301,5040,2515
58310,5,5
58311,63,22
58313,47,28
58316,2094,1059
58317,135,93
58318,2461,1220
58321,58,26
58323,24,15
58324,691,405
58325,30,28
58327,126,115
58329,1033,458
58330,282,149
58331,153,75
58332,175,86
58335,202,94
58338,79,41
58339,10,1
58341,1449,854
58343,30,29
58344,490,271
58345,96,53
58346,318,190
58348,474,266
58351,260,135
58352,215,137
58353,84,46
58355,22,11
58356,966,566
58357,231,164
58361,156,73
58362,12,12
58363,62,37
58365,134,71
58366,404,218
58367,587,333
58368,1668,1151
58369,447,294
58370,303,211
58372,59,30
58374,463,261
58377,148,88
58379,105,30
58380,225,134
58381,241,169
58382,89,62
58384,269,153
58385,93,43
58386,45,28
58401,8751,4694
58405,11,0
58413,731,368
58415,70,62
58416,326,152
58418,223,144
58420,109,97
58421,1504,1023
58422,64,52
58423,74,54
58424,161,107
58425,727,441
58426,70,41
58428,328,91
58429,258,130
58430,53,51
58431,58,31
58433,614,416
58436,912,446
58438,450,287
58439,97,65
58440,131,45
58441,131,100
58442,269,150
58443,93,62
58444,147,68
58445,98,49
58448,178,102
58451,63,24
58452,3,3
58454,207,144
58455,109,84
58456,335,219
58458,550,373
58460,143,52
58461,282,197
58463,388,245
58464,148,108
58466,260,192
58467,305,189
58472,207,167
58474,1205,908
58475,74,58
58476,298,239
58477,84,48
58478,152,77
58479,149,77
58480,94,67
58481,97,84
58482,512,355
58483,227,143
58484,50,32
58486,96,63
58487,228,140
58488,194,86
58490,122,100
58492,183,130
58494,189,107
58495,638,426
58496,93,66
58497,126,107
58501,13445,7611
58503,15997,11289
58504,12479,8870
58520,156,105
58521,350,265
58523,1842,1053
58524,82,42
58528,181,58
58529,420,243
58530,542,391
58531,301,195
58532,181,97
58533,620,341
58535,280,202
58538,746,243
58540,1515,1025
58541,277,201
58542,165,91
58544,313,188
58545,1887,1145
58549,137,88
58552,997,602
58554,13066,8651
58558,308,252
58559,341,139
58560,111,78
58561,549,350
58562,253,141
58563,927,652
58564,64,51
58565,232,90
58566,118,71
58568,222,102
58569,40,40
58570,185,154
58571,388,297
58572,156,125
58573,371,231
58575,640,353
58576,524,395
58577,961,608
58579,511,386
58580,300,242
58581,213,114
58601,13619,7386
58620,104,54
58621,689,352
58622,874,511
58623,1083,663
58625,116,100
58626,226,109
58627,92,61
58630,272,149
58631,706,379
58632,114,61
58634,149,86
58636,512,263
58638,519,300
58639,1048,577
58640,669,355
58641,32,23
58642,139,86
58643,93,51
58644,8,8
58645,220,95
58646,660,397
58647,598,392
58649,238,127
58650,282,187
58651,313,211
58652,622,413
58653,365,224
58654,113,95
58655,289,217
58656,186,143
58701,16267,8815
58703,10643,5895
58704,1660,5
58710,303,219
58711,96,63
58712,59,31
58713,48,36
58716,122,113
58718,524,375
58721,321,156
58722,561,428
58723,139,84
58725,205,170
58727,199,79
58730,808,424
58731,173,115
58733,102,100
58734,147,102
58735,293,143
58736,316,188
58737,114,47
58740,359,242
58741,334,270
58744,77,58
58746,880,539
58748,99,51
58750,265,169
58752,192,91
58755,209,98
58756,113,73
58757,646,152
58758,119,113
58759,289,233
58760,125,99
58761,440,251
58762,118,67
58763,2337,935
58765,177,97
58768,157,106
58769,163,72
58770,934,347
58771,333,219
58772,112,62
58773,487,317
58775,92,45
58776,122,16
58778,204,77
58779,147,89
58781,299,244
58782,271,159
58783,235,165
58784,1339,672
58785,642,584
58787,147,37
58788,540,302
58789,239,155
58790,649,425
58792,118,68
58793,296,174
58794,181,79
58795,155,84
58801,17095,7142
58830,81,52
58831,532,300
58833,101,69
58835,556,324
58838,170,102
58843,358,238
58844,80,45
58845,366,249
58847,131,47
58849,654,343
58852,1277,515
58853,192,88
58854,4941,1842
58856,122,43
59001,807,571
59002,86,29
59003,640,174
59006,504,357
59007,55,22
59008,166,126
59010,95,80
59011,1537,947
59012,31,11
59013,96,75
59014,715,400
59015,147,113
59016,348,208
59018,364,245
59019,1905,1420
59020,143,27
59022,565,355
59024,197,99
59025,80,4
59026,73,46
59027,508,346
59028,403,185
59029,371,283
59030,853,348
59031,102,60
59032,228,121
59033,64,64
59034,1987,1085
59035,227,89
59036,826,460
59037,901,769
59038,403,214
59039,28,5
59041,904,634
59043,850,362
59044,5247,3573
59046,265,147
59047,6710,4234
59050,458,273
59052,198,72
59053,328,115
59054,143,99
59055,46,9
59057,359,321
59058,28,17
59059,136,65
59061,315,117
59062,46,22
59063,861,620
59064,158,78
59065,111,49
59066,211,135
59067,101,53
59068,2967,1305
59069,361,205
59070,694,409
59071,220,31
59072,2344,1581
59074,273,165
59075,104,62
59076,34,11
59077,34,11
59078,122,44
59079,1647,1500
59081,180,44
59082,28,6
59083,7,4
59085,74,54
59086,599,330
59087,269,140
59088,467,333
59089,180,95
59101,18864,10150
59102,22706,14311
59105,14198,10387
59106,8164,6215
59201,2187,1102
59211,89,45
59212,200,142
59213,295,185
59214,27,17
59215,567,375
59217,65,65
59218,475,251
59219,71,46
59221,1031,662
59222,191,104
59223,180,21
59225,184,94
59226,257,140
59230,2156,1399
59231,774,110
59240,12,12
59241,283,147
59242,49,25
59243,178,92
59244,28,14
59247,213,120
59248,538,349
59250,113,74
59252,39,21
59253,56,22
59254,1127,584
59255,995,461
59256,67,38
59257,47,39
59258,102,47
59259,219,116
59260,73,43
59261,384,174
59262,334,165
59263,810,440
59270,4358,2442
59273,4,3
59274,201,145
59275,280,184
59276,60,6
59301,5567,3285
59311,80,45
59312,21,4
59313,1223,669
59314,60,33
59315,42,25
59316,21,10
59317,651,365
59318,59,36
59319,31,8
59322,43,16
59323,980,716
59324,491,226
59326,134,60
59327,1263,725
59330,3996,2474
59332,96,27
59333,11,10
59336,103,58
59337,462,201
59338,100,80
59339,103,61
59343,22,19
59344,185,104
59345,27,19
59347,216,149
59349,534,337
59351,115,81
59353,610,356
59354,69,39
59401,6921,3596
59404,11828,9448
59405,15260,8386
59410,618,187
59411,446,129
59412,800,454
59414,501,200
59416,226,100
59417,2604,1271
59418,54,9
59419,48,23
59420,73,47
59421,1439,777
59422,1347,753
59424,29,18
59425,1771,919
59427,1963,1195
59430,264,155
59432,96,57
59433,266,132
59434,334,108
59435,12,12
59436,900,643
59440,171,91
59441,101,29
59442,938,539
59443,296,219
59444,128,45
59446,350,182
59447,168,105
59448,199,80
59450,275,146
59451,77,45
59452,348,166
59453,181,122
59454,117,59
59456,129,26
59457,4710,2716
59460,175,125
59461,29,26
59462,74,52
59463,356,73
59464,235,156
59465,150,20
59466,56,23
59467,35,19
59468,343,288
59469,89,44
59471,199,84
59472,282,202
59474,1580,869
59477,133,110
59479,430,250
59480,180,133
59482,285,146
59483,184,158
59484,61,23
59485,341,263
59486,559,393
59487,673,491
59489,195,153
59501,5790,3496
59520,540,261
59521,1152,426
59522,529,226
59523,1131,665
59524,296,187
59525,110,60
59526,967,445
59527,347,158
59528,123,69
59529,93,28
59530,71,54
59531,193,117
59532,84,49
59535,24,5
59537,20,10
59538,1363,849
59540,211,82
59542,135,84
59544,111,41
59545,41,29
59546,169,125
59547,28,13
59601,15937,8384
59602,12091,9325
59631,188,129
59632,1099,787
59633,224,131
59634,2028,1733
59635,3427,2816
59636,12,0
59638,212,207
59639,999,469
59640,71,38
59642,34,11
59643,365,279
59644,1976,1380
59645,1077,603
59647,181,132
59648,576,169
59701,16834,10348
59710,187,90
59711,6108,3306
59713,99,39
59714,10043,6761
59715,17116,8770
59716,2837,735
59718,19765,10438
59720,528,187
59721,266,151
59722,2130,1249
59724,92,18
59725,3838,2292
59727,216,97
59728,224,123
59729,1636,926
59730,1337,700
59731,77,69
59732,79,40
59733,115,50
59735,148,90
59736,110,34
59739,284,130
59740,354,215
59741,2330,1768
59743,135,70
59745,72,36
59746,139,46
59747,116,67
59748,110,98
59749,885,643
59750,147,133
59751,108,56
59752,2101,1567
59754,532,272
59755,178,49
59756,8,0
59758,1695,537
59759,1848,1289
59760,116,86
59761,238,102
59762,226,101
59801,15814,6075
59802,10416,4930
59803,6813,4825
59804,3487,2189
59808,9938,6024
59812,7,0
59820,889,687
59821,1100,714
59823,865,715
59824,678,447
59825,1174,813
59826,535,273
59827,210,135
59828,2513,1976
59829,1362,786
59830,72,26
59831,207,122
59832,450,247
59833,2541,2091
59834,1006,790
59837,267,144
59840,7287,4454
59841,199,130
59842,52,37
59843,201,55
59844,332,185
59845,717,391
59846,658,519
59847,2781,2087
59848,43,31
59851,43,32
59853,509,311
59854,157,63
59855,256,136
59856,54,54
59858,1019,466
59859,2155,1388
59860,6760,3307
59863,90,82
59864,2818,1679
59865,1382,924
59866,702,369
59867,32,32
59868,1652,801
59870,5251,4070
59871,412,109
59872,1300,906
59873,1776,1163
59874,955,706
59875,1825,1375
59901,25154,17255
59910,454,202
59911,5707,3359
59912,6831,4662
59913,428,237
59914,284,113
59915,255,126
59916,367,69
59917,2462,1630
59918,305,192
59919,524,199
59920,687,507
59922,1450,803
59923,5295,3506
59925,922,537
59926,135,91
59927,180,93
59928,340,55
59929,193,115
59930,605,305
59931,319,93
59932,1033,596
59933,23,0
59934,322,214
59935,1979,1152
59936,480,162
59937,8744,4808
60002,10526,7443
60004,21181,15629
60005,13511,7989
60007,13580,9560
60008,9282,6312
60010,17621,14643
60012,4356,3808
60013,9906,8513
60014,18135,14228
60015,10657,8693
60016,25613,16331
60018,10350,7076
60020,5523,3619
60021,1968,1568
60022,3168,2692
60025,16815,12614
60026,5932,3856
60029,205,195
60030,15006,11784
60031,14796,10944
60033,5279,3583
60034,794,542
60035,12376,9851
60040,1969,949
60041,3621,2706
60042,3263,2540
60043,815,746
60044,4599,2953
60045,7939,6684
60046,12544,9889
60047,15877,13699
60048,10826,8787
60050,13399,9718
60051,10210,8093
60053,9546,7701
60056,23202,15477
60060,13827,9886
60061,11649,7434
60062,17892,13312
60064,5801,2185
60067,16039,11626
60068,15999,12929
60069,3846,2903
60070,6353,3910
60071,2161,1356
60072,333,302
60073,20864,15584
60074,14953,8750
60075,21,21
60076,11908,9061
60077,11317,7109
60081,3436,3029
60083,3628,3339
60084,6811,5241
60085,26781,11884
60087,10047,6162
60088,1478,7
60089,16551,13081
60090,15960,9292
60091,10673,9026
60093,7833,6566
60096,2930,2393
60097,4446,3799
60098,13310,9398
60099,12085,7087
60101,14145,9374
60102,12076,10375
60103,14995,12966
60104,6492,4879
60106,7704,3921
60107,13476,11537
60108,9625,6786
60109,207,148
60110,12297,8826
60111,94,72
60112,1691,1250
60113,105,68
60115,18175,7241
60118,6428,4422
60119,4595,3947
60120,17112,10845
60123,18129,12478
60124,8806,8177
60126,18687,14286
60129,88,69
60130,7777,3773
60131,6120,4406
60133,11573,8525
60134,11159,9271
60135,2923,2113
60136,3123,2491
60137,15049,11675
60139,11882,7340
60140,7325,6470
60141,169,0
60142,13194,11426
60143,4879,3277
60144,31,23
60145,870,735
60146,930,676
60148,21744,14618
60150,714,482
60151,1648,1300
60152,4715,3556
60153,8385,4434
60154,7376,6473
60155,3231,1993
60156,10150,8364
60157,920,902
60160,8947,4768
60162,3097,2109
60163,2039,1660
60164,7513,5387
60165,1364,656
60169,13114,8130
60171,4456,2448
60172,9401,7304
60173,6901,2100
60174,13115,8504
60175,9170,8484
60176,4423,2265
60177,8700,6933
60178,9151,6307
60180,743,608
60181,12485,7952
60183,5,0
60184,900,848
60185,11030,8378
60187,10619,6989
60188,15710,10592
60189,12397,9485
60190,4618,4181
60191,5516,4102
60192,6090,5354
60193,16478,11750
60194,8325,5701
60195,2469,721
60201,18890,9533
60202,15024,7991
60203,1772,1586
60301,2129,367
60302,15702,9120
60304,6842,4641
60305,4494,3806
60401,3152,2449
60402,25111,14828
60403,7884,5215
60404,7530,6775
60406,9925,4492
60407,656,530
60408,2162,1681
60409,16868,8199
60410,4673,4066
60411,21382,12043
60415,5840,2918
60416,3803,2903
60417,6356,5308
60418,5331,3873
60419,9006,5700
60420,2002,1297
60421,1645,1345
60422,3894,3558
60423,11494,10293
60424,920,603
60425,3526,2416
60426,10870,4717
60428,4138,2679
60429,5969,3545
60430,7662,5812
60431,9368,8146
60432,7287,3684
60433,5774,3373
60435,20162,12614
60436,7136,3757
60437,65,39
60438,12230,7933
60439,8962,7695
60440,17750,13063
60441,13249,10430
60442,4680,4098
60443,8672,6457
60444,734,594
60445,6228,4686
60446,13986,11051
60447,5429,4903
60448,9196,8115
60449,3752,3496
60450,9306,5798
60451,12972,11620
60452,10557,8077
60453,23115,17940
60455,6834,4095
60456,1916,1393
60457,5745,4009
60458,5710,2777
60459,10012,7761
60460,572,440
60461,2034,1580
60462,17335,13782
60463,5501,4912
60464,4450,3474
60465,7885,5831
60466,9103,5384
60467,10055,8989
60468,2329,1700
60469,1704,1155
60470,193,148
60471,5505,2574
60472,2010,1011
60473,7969,6305
60474,318,251
60475,4790,2696
60476,849,642
60477,16261,12800
60478,5761,4171
60479,290,237
60480,2441,2048
60481,5553,3410
60482,4777,2942
60484,2410,1383
60487,9293,8473
60490,6523,5716
60491,7846,7022
60501,4134,2390
60502,8695,6714
60503,5167,4680
60504,15029,8600
60505,18681,10008
60506,18204,11876
60510,11234,8569
60511,636,553
60512,418,306
60513,8025,6078
60514,4030,3034
60515,12443,9182
60516,11912,8830
60517,13270,8571
60518,1590,1027
60519,32,32
60520,1212,913
60521,6528,5354
60523,4601,3356
60525,12991,9785
60526,5474,3766
60527,13101,9440
60530,283,238
60531,847,549
60532,13203,7147
60534,4461,2675
60536,31,22
60537,294,239
60538,10729,8058
60540,16253,11455
60541,1189,939
60542,7328,5273
60543,14327,12240
60544,10553,8752
60545,4982,3600
60546,6913,4965
60548,4649,3457
60549,279,217
60550,515,318
60551,1486,1201
60552,1999,1581
60553,255,204
60554,4797,4262
60555,5894,4304
60556,781,630
60557,25,25
60558,4568,4274
60559,11105,6148
60560,10022,8128
60561,9549,7356
60563,16911,8660
60564,16166,13731
60565,14369,12220
60585,7723,6992
60586,14536,13352
60601,10727,2598
60602,551,255
60603,984,461
60604,510,164
60605,20478,7635
60606,3032,705
60607,16540,6254
60608,32617,12086
60609,26122,9641
60610,30091,9301
60611,28239,10219
60612,16763,4601
60613,31263,10817
60614,38089,15614
60615,24997,7146
60616,26912,9976
60617,35031,16997
60618,41053,18361
60619,33547,12135
60620,30008,12902
60621,15348,2846
60622,27630,10760
60623,31300,10535
60624,16250,3544
60625,33932,12778
60626,26812,6423
60628,28736,13394
60629,36283,20957
60630,23393,14893
60631,12757,9012
60632,28860,15658
60633,5713,3044
60634,29344,20399
60636,14363,5821
60637,26717,5908
60638,21636,16837
60639,28656,12705
60640,40850,11795
60641,27377,13389
60642,12144,3700
60643,19541,13392
60644,20619,5575
60645,18143,8577
60646,11636,8765
60647,41975,14729
60649,28249,6099
60651,22885,9554
60652,13709,11523
60653,18279,5202
60654,17960,5493
60655,11277,9023
60656,12840,7962
60657,42246,15040
60659,14748,6186
60660,23508,7984
60661,8049,2243
60706,9720,6903
60707,16590,9961
60712,4987,3878
60714,11867,8689
60803,9563,6236
60804,26738,13667
60805,7707,6109
60827,11481,3868
60901,15357,7876
60910,230,166
60911,543,387
60912,321,228
60913,739,620
60914,10763,7093
60915,4274,2611
60917,178,171
60918,325,254
60919,237,153
60920,69,46
60921,767,446
60922,1035,696
60924,781,540
60926,26,25
60927,917,712
60928,252,195
60929,295,206
60930,341,218
60931,222,158
60932,132,124
60933,124,89
60934,102,71
60935,463,383
60936,1914,1342
60938,953,666
60940,1173,949
60941,681,455
60942,2753,1725
60945,106,77
60946,198,132
60948,882,724
60949,238,115
60950,5243,3564
60951,363,279
60952,310,223
60953,1032,709
60954,2395,1680
60955,759,602
60956,50,30
60957,2627,1775
60958,1007,449
60959,467,292
60960,376,219
60961,424,352
60962,268,160
60963,638,433
60964,2147,1469
60966,778,516
60968,267,174
60969,27,24
60970,3071,1868
60973,135,96
60974,149,99
61001,1242,492
61006,679,440
61007,169,149
61008,13406,10108
61010,3049,2277
61011,1025,947
61012,788,621
61013,361,311
61014,518,424
61015,374,284
61016,2183,1878
61018,519,326
61019,1553,1100
61020,1102,935
61021,10110,6556
61024,1024,725
61025,2216,1808
61027,19,19
61028,1013,668
61030,837,655
61031,654,433
61032,14685,8654
61036,5187,2763
61037,48,48
61038,480,425
61039,332,231
61041,797,458
61042,188,134
61043,68,46
61044,113,113
61046,1916,977
61047,708,586
61048,1740,1407
61049,221,134
61050,104,104
61051,652,525
61052,490,393
61053,1399,952
61054,1776,1167
61057,23,16
61059,87,47
61060,710,521
61061,3445,2252
61062,702,569
61063,1811,1437
61064,1842,1127
61065,3846,3220
61067,272,215
61068,6220,3643
61070,600,456
61071,6612,4373
61072,4333,3554
61073,7397,5763
61074,2344,1356
61075,490,387
61077,51,51
61078,626,451
61079,98,84
61080,4773,3282
61081,9753,6297
61084,1425,1109
61085,1459,1030
61087,726,634
61088,2371,2037
61089,309,180
61091,36,0
61101,9005,4035
61102,7386,3861
61103,11271,5062
61104,9253,2872
61107,13711,8860
61108,12650,7793
61109,11829,6892
61111,10248,6090
61112,47,0
61114,6599,4530
61115,8983,6764
61201,17459,10024
61230,431,348
61231,2344,1462
61232,700,614
61233,107,79
61234,530,403
61235,690,521
61236,26,15
61238,1158,945
61239,513,138
61240,2561,2213
61241,2947,2312
61242,530,440
61243,76,63
61244,10135,6181
61250,1274,943
61251,154,136
61252,2772,1950
61254,5233,4043
61256,897,730
61257,483,294
61258,74,61
61259,573,487
61260,332,212
61261,371,241
61262,408,351
61263,320,216
61264,4978,3737
61265,20396,12526
61270,2965,2267
61272,614,493
61273,1221,941
61274,91,91
61275,1776,1448
61276,60,14
61277,1325,854
61278,341,272
61279,398,346
61281,1146,946
61282,4665,2297
61283,559,393
61284,876,764
61285,998,606
61301,4832,2920
61310,1712,1158
61311,104,87
61312,203,160
61313,137,109
61314,335,254
61315,142,65
61316,97,71
61317,249,192
61318,250,173
61319,577,489
61320,298,245
61321,192,61
61322,665,429
61323,66,55
61324,46,32
61325,456,392
61326,981,686
61327,575,455
61328,34,34
61329,617,423
61330,550,396
61332,69,57
61333,109,96
61334,273,212
61335,166,100
61336,277,164
61337,212,173
61338,183,117
61340,275,183
61341,3419,2172
61342,3758,2419
61344,143,112
61345,381,298
61346,40,28
61348,2182,1485
61349,470,348
61350,10853,7145
61353,572,337
61354,5111,3449
61356,5120,3514
61358,191,160
61359,181,145
61360,1319,994
61361,703,447
61362,2689,1537
61363,172,117
61364,9251,5670
61367,374,180
61368,643,439
61369,746,467
61370,552,425
61371,27,27
61372,92,71
61373,930,717
61374,30,21
61375,752,469
61376,986,719
61377,762,500
61378,224,140
61379,631,474
61401,15449,8459
61410,1763,1151
61411,161,78
61412,570,478
61413,485,393
61414,396,326
61415,904,653
61416,152,114
61417,84,81
61418,325,241
61419,69,57
61420,514,359
61421,558,413
61422,1607,891
61423,332,218
61424,9,9
61425,303,193
61426,27,27
61427,984,722
61428,836,458
61430,344,270
61431,155,122
61432,266,234
61433,9,9
61434,1439,973
61435,71,26
61436,428,310
61437,319,183
61438,353,273
61439,123,80
61440,338,280
61441,429,287
61442,390,232
61443,6613,4221
61447,446,378
61448,1715,1412
61449,224,174
61450,850,611
61451,130,68
61452,90,84
61453,355,226
61454,209,147
61455,8682,3986
61458,334,258
61459,130,125
61460,62,54
61462,4800,3203
61465,581,472
61466,124,115
61467,457,362
61468,74,58
61469,1137,792
61470,217,180
61471,51,47
61472,223,163
61473,649,392
61474,128,101
61475,116,101
61476,278,223
61477,229,197
61478,142,142
61479,52,32
61480,657,396
61482,245,189
61483,852,593
61484,410,267
61485,196,122
61486,694,536
61488,564,440
61489,376,284
61490,583,369
61491,1061,746
61501,968,574
61516,349,296
61517,1184,976
61519,126,74
61520,7301,4741
61523,4773,3690
61524,158,144
61525,4324,3595
61526,416,323
61528,1158,1033
61529,1158,818
61530,2804,1807
61531,1414,980
61532,203,139
61533,985,776
61534,771,550
61535,666,638
61536,1697,1261
61537,1246,791
61539,72,49
61540,1298,964
61541,74,42
61542,1727,1180
61543,73,28
61544,365,246
61545,371,339
61546,1791,1382
61547,1460,1353
61548,4671,4122
61550,8053,5955
61552,78,78
61553,101,78
61554,18788,12367
61559,1490,1225
61560,636,304
61561,958,725
61562,56,22
61563,279,231
61564,412,304
61565,638,473
61567,340,205
61568,1849,1274
61569,434,388
61570,738,541
61571,10273,7787
61572,433,334
61602,813,119
61603,8291,3627
61604,13341,8150
61605,7114,2300
61606,2898,1058
61607,4887,3874
61610,2550,1837
61611,11207,7986
61614,13870,8507
61615,11334,6586
61616,3119,1848
61625,45,0
61701,18038,9218
61704,16529,10311
61705,5378,4067
61720,152,99
61721,236,194
61722,247,188
61723,1014,768
61724,189,166
61725,589,535
61726,1218,792
61727,4363,2811
61728,531,396
61729,390,329
61730,161,97
61731,70,46
61732,799,693
61733,432,316
61734,1108,787
61735,202,148
61736,980,846
61737,202,159
61738,1741,1304
61739,1949,1308
61740,670,506
61741,685,548
61742,528,475
61743,72,45
61744,813,605
61745,1645,1348
61747,629,467
61748,1108,945
61749,379,321
61750,40,4
61751,51,32
61752,1880,1510
61753,1308,1082
61754,489,373
61755,2013,1505
61756,1109,750
61759,591,439
61760,1048,655
61761,22037,11046
61764,6058,3817
61769,252,231
61770,424,303
61771,422,333
61772,69,43
61773,152,99
61774,428,289
61775,132,108
61776,493,436
61777,426,338
61778,260,204
61801,13468,3418
61802,10066,5144
61810,117,76
61811,327,228
61812,115,96
61813,805,604
61814,524,445
61815,141,91
61816,157,125
61817,1163,834
61818,655,508
61820,18672,3082
61821,13751,7697
61822,11923,7781
61830,181,139
61831,111,96
61832,16390,8110
61833,953,642
61834,2811,2182
61839,289,186
61840,243,211
61841,503,398
61842,1145,901
61843,787,666
61844,406,354
61845,126,74
61846,2149,1404
61847,525,438
61848,107,71
61849,813,644
61850,202,167
61851,191,133
61852,111,89
61853,5338,4196
61854,655,485
61855,35,27
61856,3492,2874
61857,76,66
61858,1257,876
61859,478,411
61862,224,174
61863,348,305
61864,595,486
61865,506,402
61866,6280,2807
61870,520,376
61871,146,116
61872,292,261
61873,2298,1895
61874,3755,1973
61875,415,269
61876,314,266
61877,481,385
61878,579,429
61880,1894,1357
61882,294,232
61883,2009,1353
61884,479,433
61910,1615,1191
61911,1845,1288
61912,609,477
61913,636,467
61914,892,634
61917,199,172
61919,366,266
61920,9786,4594
61924,938,573
61925,471,338
61928,315,228
61929,378,275
61930,308,249
61931,487,363
61932,271,164
61933,525,326
61936,53,45
61937,832,522
61938,10299,5710
61940,143,82
61941,88,61
61942,572,433
61943,861,575
61944,5859,3987
61949,84,67
61951,3169,2432
61953,2860,2113
61955,72,56
61956,1380,997
61957,850,634
62001,715,541
62002,14832,8253
62006,247,144
62009,1004,512
62010,5163,3788
62011,120,114
62012,2803,2068
62013,244,110
62014,1584,1119
62015,309,195
62016,1745,1037
62017,564,412
62018,1220,819
62019,155,110
62021,467,405
62022,464,278
62023,50,44
62024,4719,3225
62025,14347,10052
62027,291,180
62028,463,147
62030,46,19
62031,500,227
62032,340,255
62033,2112,1258
62034,6197,4054
62035,7145,5621
62036,383,188
62037,1096,595
62040,18842,12529
62044,845,518
62045,297,137
62046,374,283
62047,618,379
62048,769,563
62049,2970,1994
62050,219,104
62051,310,243
62052,5564,3574
62053,404,75
62054,237,110
62056,4095,2715
62058,415,263
62059,366,128
62060,2018,750
62061,572,487
62062,3638,3064
62063,392,304
62067,822,734
62069,1658,1111
62074,496,432
62075,1517,1017
62076,53,53
62077,164,128
62078,47,23
62079,138,81
62080,1178,872
62081,134,90
62082,1242,881
62083,142,104
62084,789,539
62085,135,85
62086,545,460
62087,933,575
62088,3263,2296
62089,282,219
62090,545,175
62091,113,112
62092,1230,689
62093,253,122
62094,463,320
62095,5186,3258
62097,1144,952
62098,31,14
62201,2866,961
62203,2788,1336
62204,3313,1363
62205,3792,1481
62206,6586,2800
62207,3395,1107
62208,8148,4672
62214,491,403
62215,814,652
62216,1093,874
62217,336,246
62218,793,717
62219,484,331
62220,8784,5222
62221,12460,7903
62223,7804,5476
62225,1615,29
62226,13285,7699
62230,2707,2197
62231,3233,2259
62232,3082,2123
62233,2946,1967
62234,14947,9818
62236,5797,4679
62237,1246,981
62238,242,164
62239,1813,1070
62240,775,476
62241,469,337
62242,841,639
62243,2537,2020
62244,469,347
62245,770,651
62246,3879,2445
62248,248,169
62249,7317,5667
62250,220,189
62253,434,261
62254,2725,1640
62255,560,418
62256,31,9
62257,1092,662
62258,3908,2545
62260,2863,2406
62261,60,31
62262,919,650
62263,2293,1619
62264,1390,1012
62265,1879,1142
62266,113,29
62268,405,334
62269,14616,9997
62271,851,611
62272,815,455
62273,171,88
62274,3087,2291
62275,1160,864
62277,464,314
62278,2763,2095
62279,26,26
62280,171,127
62281,1103,968
62282,306,231
62284,273,231
62285,1703,1497
62286,2695,1593
62288,1337,905
62289,206,151
62292,356,195
62293,1936,1516
62294,6138,4330
62295,544,404
62297,175,129
62298,7562,6003
62301,15295,8357
62305,8344,6676
62311,489,322
62312,776,466
62313,184,137
62314,288,154
62316,316,253
62319,125,86
62320,1055,703
62321,1892,1221
62323,111,98
62324,565,401
62325,212,173
62326,1072,764
62330,870,610
62334,103,71
62336,47,44
62338,548,454
62339,471,352
62340,792,455
62341,1612,1113
62343,357,265
62344,30,22
62345,158,92
62346,72,61
62347,827,715
62348,87,62
62349,314,241
62351,835,676
62352,89,62
62353,1585,947
62354,840,456
62355,378,233
62356,258,150
62357,84,35
62358,301,179
62359,24,24
62360,768,593
62361,243,111
62362,230,118
62363,2843,1941
62365,261,186
62366,634,373
62367,731,534
62370,208,103
62373,139,103
62374,156,110
62375,291,223
62376,568,442
62378,437,310
62379,931,666
62380,169,139
62401,8688,5941
62410,467,428
62411,1932,1452
62413,179,172
62414,744,494
62417,1086,750
62418,876,561
62419,140,98
62420,2140,1574
62421,234,172
62422,431,295
62423,264,224
62424,926,688
62425,283,264
62426,425,337
62427,778,684
62428,1346,1013
62431,461,305
62432,281,227
62433,518,359
62434,261,143
62436,334,296
62438,97,86
62439,3563,2024
62440,553,472
62441,3290,2385
62442,1179,885
62443,721,631
62444,215,196
62445,408,365
62446,135,116
62447,1522,1046
62448,2575,1825
62449,1421,981
62450,5881,3502
62451,907,687
62452,158,136
62454,4682,3145
62458,954,710
62459,100,84
62460,434,294
62461,301,270
62462,420,356
62463,519,415
62464,89,40
62465,347,298
62466,1260,988
62467,1714,1237
62468,1046,746
62469,116,64
62471,4025,2712
62473,495,386
62474,325,297
62475,112,85
62476,782,496
62477,397,254
62478,141,104
62479,328,228
62480,290,227
62481,143,104
62501,1060,874
62510,842,423
62512,229,143
62513,730,531
62514,163,109
62515,455,332
62517,111,52
62518,140,132
62519,49,26
62520,630,540
62521,16169,10391
62522,7215,3910
62523,364,28
62526,16425,8278
62530,689,521
62531,780,544
62532,23,23
62533,454,317
62534,518,383
62535,1346,1243
62536,376,352
62537,102,91
62538,180,133
62539,561,464
62540,656,487
62541,25,25
62543,216,155
62544,748,596
62545,584,534
62546,647,521
62547,288,247
62548,945,782
62549,2554,2075
62550,1224,880
62551,360,269
62553,150,127
62554,717,602
62555,541,445
62556,150,129
62557,3338,2064
62558,1633,1224
62560,599,423
62561,2437,1564
62563,2141,1980
62565,3769,2278
62567,440,304
62568,6997,4422
62570,281,219
62571,659,447
62572,204,149
62573,520,337
62601,165,129
62610,79,57
62611,476,426
62612,786,556
62613,1579,1235
62615,1961,1579
62617,383,259
62618,2917,1863
62621,554,376
62622,28,28
62624,240,127
62625,358,287
62626,3537,2123
62627,537,361
62628,363,296
62629,6160,4784
62630,337,294
62631,123,108
62633,308,248
62634,508,370
62635,273,201
62638,584,385
62639,122,81
62640,1577,846
62642,640,486
62643,330,175
62644,2438,1586
62649,220,133
62650,11213,6604
62655,272,190
62656,7569,4485
62661,558,439
62663,102,77
62664,1398,1048
62665,766,418
62666,259,148
62667,302,200
62668,602,434
62670,1128,813
62671,247,157
62672,105,56
62673,264,196
62674,693,398
62675,2812,1959
62677,895,736
62681,2505,1671
62682,339,236
62684,1981,1800
62685,731,516
62688,373,307
62689,292,241
62690,1716,1111
62691,1180,771
62692,940,745
62693,797,686
62694,1438,958
62695,227,197
62701,832,12
62702,17083,9325
62703,14320,6909
62704,20706,11557
62707,3751,3037
62711,7885,5994
62712,4938,3827
62801,9044,5567
62803,427,245
62806,1537,1076
62807,457,314
62808,764,510
62809,95,89
62810,523,359
62811,158,101
62812,5582,3446
62814,713,587
62815,145,82
62816,601,456
62817,290,231
62818,178,135
62819,141,103
62820,90,64
62821,3547,2225
62822,1451,882
62823,862,626
62824,775,536
62825,130,103
62827,515,344
62828,695,507
62829,48,40
62830,653,466
62831,221,153
62832,4256,2679
62833,185,104
62835,633,473
62836,333,276
62837,4157,2775
62838,642,479
62839,2960,2211
62841,58,41
62842,331,255
62843,74,25
62844,936,561
62846,339,216
62848,245,196
62849,786,648
62850,138,90
62851,168,104
62852,71,54
62853,400,298
62854,779,623
62856,158,126
62858,1424,940
62859,2489,1655
62860,237,164
62861,48,38
62862,144,116
62863,4608,2967
62864,11105,6415
62865,1022,850
62867,288,143
62868,701,565
62869,1263,831
62870,1016,695
62871,290,228
62872,424,369
62874,223,150
62875,480,374
62876,89,62
62877,219,168
62878,115,107
62879,11,9
62880,301,251
62881,5032,3357
62882,986,651
62883,242,203
62884,1215,851
62885,271,196
62886,192,150
62887,106,53
62888,902,685
62889,446,333
62890,1061,728
62891,316,261
62892,140,86
62893,422,297
62894,364,310
62895,958,741
62896,5271,3326
62897,229,158
62898,893,678
62899,702,523
62901,12498,3150
62902,2340,1374
62903,1452,472
62905,362,235
62906,3333,2038
62907,859,604
62908,183,136
62910,935,640
62912,596,468
62914,1278,440
62915,268,108
62916,362,266
62917,1260,849
62918,5001,3121
62919,510,248
62920,1407,1068
62921,142,76
62922,1430,953
62923,186,97
62924,1386,735
62926,989,606
62927,170,131
62928,64,26
62930,2990,2004
62931,939,480
62932,599,360
62933,572,410
62934,427,274
62935,972,710
62938,1571,855
62939,1691,1134
62940,249,109
62941,336,207
62942,332,195
62943,164,116
62946,5621,3414
62947,328,198
62948,6177,3609
62949,411,202
62950,68,59
62951,2705,2075
62952,1375,960
62953,110,48
62954,234,200
62956,478,369
62957,377,159
62958,1012,679
62959,12997,8264
62960,5462,3371
62961,12,12
62962,25,0
62963,329,105
62964,730,225
62965,33,23
62966,7125,3828
62967,144,103
62969,203,95
62970,306,134
62972,678,381
62974,691,540
62975,180,73
62976,197,105
62977,306,207
62979,506,375
62982,508,263
62983,778,514
62984,809,471
62985,509,270
62987,751,523
62988,677,414
62990,389,303
62992,468,235
62994,345,259
62995,1904,1108
62996,223,102
62997,245,169
62998,127,98
62999,772,438
63005,7322,6527
63010,14854,11063
63011,14822,12031
63012,4146,3558
63013,562,441
63014,243,193
63015,791,617
63016,2985,2377
63017,18726,13663
63019,1927,1317
63020,8922,6579
63021,22982,17541
63023,2108,1745
63025,6726,5580
63026,18051,13530
63028,11390,8000
63030,139,71
63031,21159,13894
63033,18637,11237
63034,6574,5913
63036,1447,448
63037,1448,1072
63038,2753,2379
63039,319,250
63040,3324,2892
63041,251,168
63042,9619,4591
63043,9616,6689
63044,4634,2858
63048,1657,1343
63049,7006,5742
63050,7089,5155
63051,5415,4219
63052,10823,8958
63053,38,29
63055,775,584
63056,775,567
63060,957,803
63061,54,42
63068,2442,1951
63069,6498,4550
63070,3234,2336
63071,642,350
63072,1350,1198
63073,395,395
63074,7523,3975
63077,5392,3359
63079,91,66
63080,6460,4364
63084,8511,5660
63087,449,370
63088,4209,2132
63089,2354,1907
63090,9745,6867
63091,601,493
63101,2457,576
63102,1986,122
63103,5990,884
63104,10958,4728
63105,7231,3830
63106,4620,427
63107,6651,1823
63108,13208,2980
63109,14963,8837
63110,10260,3871
63111,10541,3468
63112,11521,3248
63113,7400,2553
63114,15747,8654
63115,10208,2938
63116,22394,11217
63117,4917,2357
63118,14770,5268
63119,15627,10584
63120,4082,1232
63121,12745,5780
63122,17763,13738
63123,23208,16175
63124,5410,3682
63125,14741,10146
63126,6529,5333
63127,2213,1657
63128,13569,10053
63129,21945,16698
63130,14106,7976
63131,6674,6101
63132,6253,3412
63133,3439,1307
63134,5675,2610
63135,9764,4666
63136,22059,7908
63137,9708,4014
63138,9033,3710
63139,12187,6636
63140,211,47
63141,9381,6055
63143,5089,2279
63144,5159,2938
63146,15555,8756
63147,4542,1976
63301,22687,14813
63303,21448,15498
63304,16665,14346
63330,60,36
63332,652,600
63333,371,252
63334,2719,1719
63336,612,338
63339,515,325
63341,1372,1232
63343,1849,1256
63344,698,537
63345,232,182
63347,1157,850
63348,4018,3333
63349,772,567
63350,321,191
63351,656,378
63352,555,335
63353,2439,1418
63357,2405,1930
63359,562,376
63361,2253,1521
63362,3659,2816
63363,768,346
63365,29,27
63366,21204,16678
63367,10884,8527
63368,17315,13799
63369,1054,680
63373,353,242
63376,30718,24584
63377,1294,1048
63379,10464,7928
63380,362,237
63381,255,177
63382,1560,927
63383,6523,4706
63384,969,690
63385,17997,15047
63386,233,160
63387,33,26
63388,614,310
63389,2525,1821
63390,5681,3389
63401,9700,5637
63430,279,160
63431,204,173
63432,280,151
63433,28,0
63434,357,152
63435,1895,1073
63436,673,415
63437,746,453
63438,103,48
63439,105,66
63440,493,315
63441,495,326
63443,269,130
63445,1649,908
63446,279,150
63447,461,207
63448,714,466
63450,79,38
63451,173,119
63452,515,306
63453,189,106
63454,432,374
63456,2335,1147
63457,157,103
63458,149,58
63459,1885,1486
63460,127,63
63461,2458,1634
63462,1040,569
63463,323,233
63465,263,122
63467,5,5
63468,1188,784
63469,475,268
63471,271,254
63472,263,172
63473,247,104
63474,268,119
63501,9445,4164
63530,509,353
63531,218,68
63532,689,432
63533,427,278
63534,394,269
63535,17,9
63536,381,248
63537,871,517
63538,136,53
63539,167,84
63540,118,55
63541,214,118
63543,149,74
63544,529,353
63545,483,276
63546,664,426
63547,264,163
63548,511,257
63549,1102,628
63551,145,129
63552,3720,2225
63555,1374,862
63556,1601,770
63557,152,108
63558,357,223
63559,759,421
63560,85,15
63561,560,231
63563,288,153
63565,2190,1176
63566,85,36
63567,98,6
63601,7721,4426
63620,643,317
63621,746,577
63622,555,290
63623,377,247
63624,1734,986
63625,261,168
63626,253,253
63627,1334,985
63628,6183,4072
63629,564,331
63630,1771,1130
63631,380,273
63633,380,199
63636,278,175
63637,423,266
63638,1238,608
63640,11381,6636
63645,5200,3119
63648,649,487
63650,1808,1124
63653,543,265
63654,442,284
63655,753,440
63656,282,173
63660,1107,788
63662,510,265
63663,364,188
63664,3961,2503
63665,253,143
63670,5337,3648
63673,1050,703
63674,32,32
63675,68,5
63701,17834,9550
63703,4182,1520
63730,1695,1263
63732,365,224
63735,371,220
63736,1580,1086
63739,238,112
63740,2416,1655
63742,46,31
63743,21,8
63744,105,60
63745,37,37
63746,11,8
63747,251,246
63748,650,523
63750,32,32
63751,628,321
63755,10867,8052
63758,174,94
63760,290,199
63763,50,41
63764,2090,1195
63766,705,640
63767,277,209
63769,572,477
63770,74,64
63771,1083,659
63774,56,17
63775,7148,4563
63780,2600,1714
63781,657,554
63782,96,60
63783,79,51
63784,77,52
63785,491,397
63787,296,198
63801,10013,5840
63820,130,97
63821,351,187
63822,1281,778
63823,595,377
63824,69,26
63825,2061,1193
63826,61,41
63827,223,142
63828,93,58
63829,538,222
63830,3065,1351
63833,116,69
63834,1778,904
63837,711,320
63839,167,80
63840,35,24
63841,6008,3468
63845,2689,1376
63846,606,363
63847,77,13
63848,510,283
63849,113,31
63850,12,6
63851,1663,756
63852,613,371
63853,75,56
63855,464,272
63857,5559,2913
63860,80,60
63862,587,306
63863,2697,1232
63866,214,73
63867,442,276
63868,395,194
63869,1691,858
63870,459,234
63873,2013,1131
63874,152,95
63876,967,553
63877,1573,743
63878,54,26
63879,362,294
63880,26,0
63882,204,103
63901,15478,8405
63932,434,204
63933,1459,827
63934,8,8
63935,3716,2274
63936,232,117
63937,1177,710
63939,635,406
63940,654,537
63941,166,47
63942,201,131
63943,480,299
63944,732,523
63945,608,387
63950,29,16
63951,126,98
63952,165,82
63953,488,264
63954,454,281
63955,81,31
63956,366,164
63957,2964,1475
63960,1442,841
63961,787,427
63962,26,0
63964,284,170
63965,1257,500
63966,1512,775
63967,1013,564
64001,363,292
64011,1683,1238
64012,12722,7941
64014,11068,7386
64015,13147,9029
64016,1817,1394
64017,186,86
64018,446,302
64019,1039,916
64020,1469,795
64021,257,170
64022,61,38
64024,6165,4364
64028,119,94
64029,8185,5611
64030,11869,5648
64034,3269,2976
64035,468,357
64036,237,117
64037,3060,1918
64040,2621,1847
64048,1648,1322
64050,10338,4602
64052,10570,5215
64053,2751,1267
64054,1674,868
64055,16900,11077
64056,6451,3803
64057,6652,3703
64058,2780,2080
64060,6641,5297
64061,1259,1050
64062,2518,1939
64063,9104,5360
64064,7870,6169
64065,24,0
64066,55,14
64067,2553,1621
64068,14656,10135
64070,1278,1106
64071,313,209
64072,140,105
64074,219,181
64075,4695,3213
64076,3752,2814
64077,751,563
64078,3864,3099
64079,5515,3611
64080,5669,4451
64081,10778,7342
64082,6735,5674
64083,10058,7630
64084,654,543
64085,3701,2182
64086,9992,6912
64088,473,445
64089,5471,4508
64090,65,43
64093,11708,5989
64096,448,254
64097,470,331
64098,1401,1012
64101,126,0
64102,16,0
64105,4673,592
64106,5998,963
64108,6141,1770
64109,6103,1891
64110,8655,3756
64111,12430,3218
64112,6047,2143
64113,4912,4622
64114,13463,8055
64116,9691,3862
64117,7091,3641
64118,19374,10553
64119,13515,9633
64120,468,55
64123,4459,2617
64124,4914,1936
64125,797,466
64126,2797,1399
64127,8884,3532
64128,6681,2483
64129,4002,2262
64130,10952,4415
64131,11005,4738
64132,6006,2303
64133,16435,9400
64134,9503,4364
64136,804,337
64137,4879,2099
64138,11273,6410
64139,930,571
64145,2134,1771
64146,818,646
64147,213,0
64149,173,130
64150,1760,759
64151,12452,7130
64152,12525,9872
64153,3088,1602
64154,6343,2967
64155,11016,7759
64156,3015,2086
64157,7684,6907
64158,2896,1384
64161,148,94
64163,523,264
64164,61,55
64165,55,55
64166,128,128
64167,96,96
64401,643,585
64402,1132,681
64420,19,13
64421,366,248
64422,160,136
64423,407,313
64424,1839,941
64426,232,142
64427,280,193
64428,333,213
64429,4539,2640
64430,370,311
64431,228,141
64432,26,13
64433,24,19
64434,271,222
64436,334,264
64437,532,164
64438,65,54
64439,663,507
64440,386,249
64441,74,39
64442,405,293
64443,588,423
64444,574,418
64445,189,94
64446,581,335
64448,468,380
64449,201,161
64451,217,132
64453,109,54
64454,1077,844
64455,170,106
64456,719,408
64457,122,109
64458,66,51
64459,250,192
64461,419,327
64463,549,348
64465,1659,1152
64466,299,193
64467,129,63
64468,6211,2951
64469,963,627
64470,776,477
64471,259,137
64473,596,388
64474,371,229
64475,216,111
64476,138,105
64477,1584,1088
64479,449,322
64480,194,148
64481,544,315
64482,959,631
64483,232,167
64484,407,287
64485,3488,2308
64486,198,82
64487,352,219
64489,919,589
64490,813,604
64491,882,515
64492,727,566
64493,131,102
64494,480,343
64496,144,61
64497,243,165
64498,127,124
64499,109,72
64501,5598,2014
64503,5774,3453
64504,4431,2796
64505,5836,3753
64506,9820,5272
64507,6017,3658
64601,5219,3052
64620,302,172
64622,277,156
64623,277,136
64624,773,554
64625,399,210
64628,2896,1795
64630,344,169
64631,483,276
64632,346,160
64633,2232,1215
64635,231,139
64636,126,87
64637,258,163
64638,199,108
64639,115,69
64640,1802,896
64641,333,168
64642,348,219
64643,609,376
64644,1394,938
64645,145,69
64646,134,83
64647,238,113
64648,826,556
64649,336,265
64650,319,230
64651,234,143
64652,204,139
64653,266,193
64654,18,14
64655,145,57
64656,121,56
64657,202,108
64658,1411,914
64659,394,256
64660,233,157
64661,456,226
64664,119,91
64667,163,90
64668,770,461
64670,486,295
64671,1055,696
64672,171,70
64673,1238,699
64674,197,122
64676,70,49
64679,419,240
64681,161,63
64682,179,117
64683,3836,2053
64686,120,96
64688,279,198
64689,228,154
64701,5988,3748
64720,1735,1125
64722,154,80
64723,324,186
64724,941,532
64725,888,613
64726,221,123
64728,194,128
64730,2986,1629
64733,485,331
64734,802,592
64735,6620,4166
64738,651,489
64739,436,354
64740,1011,642
64741,163,106
64742,996,719
64743,102,61
64744,3720,2168
64745,37,16
64746,658,501
64747,1720,1355
64748,648,348
64750,142,94
64752,290,199
64755,1066,750
64756,258,188
64759,3387,1879
64761,658,482
64762,757,474
64763,798,463
64765,7,3
64767,287,255
64769,282,206
64770,582,388
64771,196,149
64772,6054,3796
64776,2196,1129
64778,199,136
64779,1144,791
64780,282,120
64781,65,30
64783,436,218
64784,651,393
64788,717,451
64790,393,243
64801,17460,8553
64804,16844,10505
64830,314,170
64831,2586,1560
64832,504,397
64833,34,19
64834,3936,2838
64835,779,524
64836,10241,6042
64840,1397,1006
64841,515,296
64842,363,230
64843,1299,858
64844,1873,1289
64847,186,65
64848,204,184
64849,79,76
64850,10004,6138
64854,1889,729
64855,1038,842
64856,1724,1118
64857,183,122
64858,249,249
64859,529,388
64861,463,348
64862,1498,924
64863,627,372
64865,2065,1468
64866,437,376
64867,439,299
64868,55,55
64870,6796,4146
64873,360,343
64874,214,108
65001,144,92
65010,3092,2225
65011,1329,552
65013,1657,850
65014,1087,759
65016,574,435
65017,500,369
65018,3558,2638
65020,9962,4249
65023,874,659
65024,669,408
65025,363,210
65026,5718,3592
65032,582,474
65034,255,218
65035,666,551
65037,5426,2140
65039,1216,1116
65040,590,439
65041,2961,1784
65043,4126,2912
65046,574,480
65047,856,315
65048,88,80
65049,8049,2245
65050,199,174
65051,2293,1241
65052,1858,1236
65053,613,514
65054,367,338
65058,576,460
65059,548,376
65061,454,233
65062,67,6
65063,1626,1238
65064,343,310
65065,8164,2018
65066,3107,1933
65067,348,167
65068,340,275
65069,427,191
65072,2755,708
65074,1262,1056
65075,407,357
65076,266,210
65077,318,167
65078,2834,1240
65079,6537,1954
65080,505,464
65081,1107,707
65082,458,323
65083,94,70
65084,3006,1862
65085,510,369
65101,11962,7054
65109,18264,11133
65201,21239,6233
65202,20342,12078
65203,27157,16254
65216,7,0
65230,273,183
65231,1279,921
65232,139,128
65233,4622,2882
65236,686,317
65237,421,303
65239,805,682
65240,3903,2753
65243,1035,762
65244,271,154
65246,45,20
65247,237,196
65248,1815,983
65250,202,143
65251,8260,5135
65254,925,648
65255,1928,1534
65256,931,685
65257,725,485
65258,227,162
65259,1165,752
65260,231,165
65261,727,339
65262,421,277
65263,702,421
65264,415,327
65265,6690,3984
65270,7187,3981
65274,801,512
65275,1217,830
65276,758,509
65278,72,24
65279,796,605
65280,86,52
65281,1408,894
65282,109,109
65283,431,247
65284,1013,620
65285,262,177
65286,67,27
65287,175,99
65301,15096,9237
65305,1001,7
65320,59,20
65321,186,106
65322,275,215
65323,399,290
65324,1838,508
65325,1365,841
65326,2251,782
65327,110,81
65329,103,85
65330,220,132
65332,848,727
65333,419,334
65334,494,330
65335,110,86
65336,2999,1839
65337,750,483
65338,1667,907
65339,292,135
65340,6293,3747
65344,124,50
65345,306,258
65347,495,338
65348,602,480
65349,1250,620
65350,639,439
65351,941,552
65354,262,151
65355,8504,3987
65360,1862,1310
65401,14395,7176
65409,4,4
65436,29,0
65438,1417,968
65439,31,18
65440,167,92
65441,2434,1592
65443,39,39
65444,453,291
65446,152,39
65449,103,52
65452,1245,786
65453,4333,2451
65456,222,159
65457,130,87
65459,3323,2421
65461,76,69
65462,697,528
65463,665,331
65464,292,212
65466,691,342
65468,23,23
65470,453,277
65473,2427,5
65479,123,109
65483,2077,1260
65484,18,18
65486,1479,1090
65501,97,68
65529,135,77
65534,375,203
65535,714,493
65536,13156,8339
65541,53,48
65542,2561,1727
65543,255,216
65548,2779,1739
65550,1685,905
65552,794,604
65555,595,421
65556,2332,1559
65557,121,108
65559,4162,2710
65560,6355,3998
65564,44,0
65565,2598,1387
65566,436,255
65567,720,521
65570,353,315
65571,903,562
65580,457,239
65582,934,585
65583,5836,3379
65584,5184,2444
65586,16,16
65588,1003,716
65589,74,24
65590,1025,629
65591,586,419
65601,328,209
65603,74,44
65604,1700,1325
65605,5299,3389
65606,1261,769
65608,3804,2515
65609,347,250
65610,2229,1941
65611,1574,847
65612,825,602
65613,7327,4487
65614,250,148
65616,16419,6536
65617,734,585
65618,50,50
65619,4018,2984
65620,93,39
65622,3517,2108
65623,11,4
65624,831,622
65625,3637,2056
65626,1018,611
65627,422,255
65629,260,181
65630,217,197
65631,2413,1894
65632,1123,726
65633,1533,1057
65634,248,152
65635,287,216
65637,447,240
65638,287,197
65640,373,340
65641,792,382
65644,740,590
65646,926,676
65647,1309,1014
65648,2509,1890
65649,1054,682
65650,778,452
65652,1674,1311
65653,2894,1996
65654,135,77
65655,1244,742
65656,2534,1566
65657,110,55
65658,1042,527
65660,175,96
65661,1292,645
65662,444,328
65663,1068,780
65664,30,12
65667,1367,857
65668,1065,607
65669,1079,843
65672,4696,2483
65674,1187,592
65675,16,9
65676,369,143
65679,1517,843
65680,637,448
65681,1876,859
65682,974,605
65685,394,280
65686,3633,1825
65688,30,20
65689,2214,1402
65690,102,53
65692,470,258
65702,159,96
65704,2017,1367
65705,2049,1173
65706,7070,5069
65707,1025,694
65708,5222,2926
65710,641,360
65711,4130,2616
65712,3555,2375
65713,946,581
65714,13459,9381
65715,23,23
65717,985,663
65720,168,147
65721,13467,9562
65722,491,406
65723,1268,790
65724,1434,627
65725,994,746
65727,56,56
65728,13,13
65729,206,51
65730,8,8
65731,116,69
65732,463,384
65733,483,168
65734,1438,994
65735,61,23
65737,5340,2696
65738,8878,5878
65739,859,356
65740,1634,890
65742,5589,3659
65744,127,114
65745,1260,710
65746,2870,2097
65747,3245,1573
65752,170,97
65753,2212,1659
65754,244,244
65755,271,246
65756,323,281
65757,3130,2633
65759,513,343
65760,380,262
65761,1063,586
65762,193,148
65764,576,442
65766,102,17
65767,892,572
65768,166,61
65769,1118,885
65770,1212,970
65771,551,439
65772,1174,846
65773,201,123
65774,517,323
65775,11310,6709
65777,66,18
65778,310,99
65779,1078,491
65781,3287,2348
65783,80,80
65784,9,9
65785,2722,1698
65786,1065,590
65787,1194,463
65788,134,100
65789,644,474
65790,403,279
65791,1904,1187
65793,2682,1700
65802,20199,10781
65803,19659,9852
65804,20118,10356
65806,8049,915
65807,28546,12551
65809,4930,3924
65810,10022,7241
65897,50,0
66002,5278,3162
66006,2944,2118
66007,3706,2920
66008,89,68
66010,307,253
66012,3588,2819
66013,890,839
66014,273,198
66015,420,255
66016,274,190
66017,116,108
66018,2497,1772
66020,670,492
66021,898,745
66023,526,385
66024,242,144
66025,2862,2133
66026,249,200
66027,1835,9
66030,9319,6240
66032,2156,1563
66033,292,254
66035,456,231
66039,385,300
66040,2036,1319
66041,407,346
66042,396,211
66043,3563,2844
66044,12723,4270
66045,52,0
66046,9452,4005
66047,9368,4143
66048,15237,8861
66049,15405,7683
66050,759,634
66052,827,587
66053,3309,2376
66054,1226,947
66056,847,562
66058,169,110
66060,511,413
66061,24744,18153
66062,29350,20870
66064,2328,1666
66066,1158,989
66067,7090,4341
66070,1060,838
66071,5415,4080
66072,471,442
66073,968,779
66075,1135,611
66076,862,665
66078,316,255
66079,342,270
66080,391,313
66083,4677,3706
66085,4248,3509
66086,4205,3342
66087,934,665
66088,1210,769
66090,1265,831
66091,173,127
66092,1811,1406
66093,290,262
66094,253,105
66095,373,293
66097,469,386
66101,5995,2132
66102,11481,5533
66103,6971,2530
66104,11088,6385
66105,1155,483
66106,9226,5807
66109,10206,7476
66111,4200,2880
66112,5512,2332
66202,9308,4403
66203,8419,5307
66204,9292,4125
66205,6470,4667
66206,4910,4029
66207,6455,4790
66208,9572,7494
66209,8683,6013
66210,9700,5075
66211,2963,1760
66212,15217,8447
66213,13678,7284
66214,5652,2458
66215,11945,6697
66216,9925,8259
66217,2820,1387
66218,2776,2317
66219,7044,2248
66220,3035,2729
66221,8656,7060
66223,10626,5661
66224,5156,4389
66226,5259,4428
66227,3431,2821
66251,6,0
66401,1089,622
66402,1161,924
66403,254,206
66404,210,174
66406,266,150
66407,159,112
66408,127,100
66409,1585,1505
66411,566,409
66412,166,145
66413,933,555
66414,1100,829
66415,339,262
66416,210,155
66417,191,168
66418,175,158
66419,187,130
66422,339,292
66423,299,209
66424,305,169
66425,251,198
66427,635,492
66428,112,47
66429,193,193
66431,277,202
66432,293,165
66434,2206,1402
66436,2328,1528
66438,101,65
66439,1229,644
66440,920,732
66441,12670,5433
66442,4190,39
66449,427,275
66451,746,551
66501,99,79
66502,20700,8262
66503,7855,4075
66506,3,0
66507,489,333
66508,1978,1287
66509,1060,708
66510,321,217
66512,1360,1085
66514,687,444
66515,143,104
66516,144,108
66517,870,370
66518,151,129
66520,276,222
66521,631,347
66522,25,18
66523,1777,1145
66524,1080,856
66526,352,280
66527,86,49
66528,435,272
66531,612,496
66532,225,188
66533,704,438
66534,1738,1122
66535,1722,1182
66536,1157,790
66537,585,439
66538,1506,1091
66539,1207,985
66540,285,235
66541,117,106
66542,1244,1047
66543,461,346
66544,142,124
66546,514,455
66547,3419,2565
66548,473,338
66549,588,459
66550,234,203
66552,278,200
66554,284,212
66603,1151,166
66604,10820,5628
66605,8655,5597
66606,5433,2668
66607,3933,1642
66608,2484,1322
66609,3832,2400
66610,4010,3817
66611,4814,2114
66612,1541,233
66614,15273,9954
66615,1566,947
66616,2714,1669
66617,3422,2738
66618,3974,3514
66619,974,300
66701,5332,3268
66710,354,264
66711,263,170
66712,805,465
66713,2297,1410
66714,74,45
66716,379,223
66717,272,205
66720,4958,3250
66724,543,345
66725,2389,1534
66732,139,85
66733,1047,700
66734,195,164
66735,235,187
66736,1815,1031
66738,175,115
66739,2708,1572
66740,136,90
66741,83,70
66742,15,11
66743,1958,1113
66746,78,61
66748,1344,928
66749,3532,2008
66751,368,219
66753,619,481
66754,172,93
66755,447,286
66756,525,397
66757,1666,962
66758,91,66
66760,12,12
66761,166,87
66762,11523,5301
66763,1498,966
66767,260,117
66769,285,215
66770,323,242
66771,447,289
66772,136,96
66773,458,252
66775,86,67
66776,621,474
66777,490,241
66779,313,224
66780,296,252
66781,431,262
66782,92,52
66783,1135,693
66801,13008,6242
66830,128,93
66833,283,187
66834,524,331
66835,483,356
66838,97,71
66839,1848,1100
66840,244,174
66842,257,130
66843,68,45
66845,595,379
66846,1816,1110
66849,231,177
66850,81,55
66851,406,230
66852,312,159
66853,231,133
66854,392,276
66856,738,623
66857,505,340
66858,195,147
66859,107,61
66860,741,461
66861,1748,1119
66862,50,35
66863,29,29
66864,147,121
66865,471,346
66866,754,477
66868,267,239
66869,365,203
66870,102,52
66871,553,428
66872,490,336
66873,167,123
66901,2998,1710
66930,92,40
66932,59,31
66933,175,122
66935,1334,754
66936,188,119
66937,445,275
66938,580,434
66939,212,114
66940,307,136
66941,118,58
66942,156,105
66943,253,167
66944,126,110
66945,451,381
66946,92,58
66948,280,237
66949,269,175
66951,467,294
66952,277,167
66953,272,152
66955,36,22
66956,627,423
66958,175,86
66959,129,94
66960,50,42
66961,28,3
66962,126,76
66963,145,57
66964,135,90
66966,321,163
66967,1001,666
66968,771,550
66970,156,18
67001,820,756
67002,6006,4495
67003,1424,738
67004,409,287
67005,7113,4136
67008,280,185
67009,398,210
67010,5691,4262
67012,15,15
67013,1262,865
67016,172,138
67017,850,699
67018,62,26
67019,407,274
67020,686,472
67021,28,14
67022,863,567
67023,103,46
67024,639,335
67025,1376,1038
67026,1756,1443
67028,118,75
67029,613,340
67030,977,772
67031,928,730
67035,414,268
67036,77,51
67037,12680,8479
67038,287,197
67039,1174,905
67041,103,88
67042,7342,4421
67045,1788,984
67047,624,194
67049,13,6
67050,709,597
67051,192,148
67052,3081,2383
67053,235,146
67054,592,378
67055,49,26
67056,1165,773
67057,176,102
67058,994,552
67059,381,241
67060,5459,4112
67061,103,70
67062,1700,885
67063,1462,1060
67065,142,102
67066,147,69
67067,862,660
67068,2117,1163
67070,569,334
67071,17,17
67072,159,54
67073,146,86
67074,716,515
67101,2793,1364
67102,24,18
67103,85,50
67104,1186,658
67105,87,58
67106,175,123
67107,1163,795
67108,678,525
67109,204,121
67110,3394,2650
67111,99,79
67112,164,91
67114,9382,5983
67117,914,591
67118,370,254
67119,593,381
67120,507,364
67122,117,76
67123,368,323
67124,3571,2048
67127,359,226
67131,145,104
67132,132,95
67133,2543,2133
67134,243,115
67135,1409,995
67137,335,189
67138,219,177
67140,404,313
67142,198,102
67143,42,20
67144,1112,910
67146,809,586
67147,4106,2978
67149,418,400
67150,14,7
67151,221,165
67152,4288,2420
67154,642,533
67155,98,39
67156,6392,3782
67159,137,71
67202,1778,67
67203,14851,6201
67204,9424,6631
67205,7467,5854
67206,8310,4745
67207,12755,5054
67208,8067,3689
67209,5381,3997
67210,3676,1177
67211,9568,3521
67212,19409,11693
67213,9788,3717
67214,8197,2553
67215,2266,1900
67216,9928,4563
67217,13477,8077
67218,11483,5064
67219,4831,2776
67220,6032,3443
67223,221,221
67226,9256,5113
67227,98,98
67228,757,689
67230,4093,3697
67232,327,265
67235,5311,4831
67301,6421,3862
67330,662,496
67332,76,67
67333,1225,823
67334,46,29
67335,1506,904
67336,679,371
67337,5660,3246
67340,142,97
67341,235,235
67342,424,266
67344,386,201
67345,150,64
67346,196,83
67347,185,130
67349,535,307
67351,195,113
67352,284,173
67353,294,193
67354,303,219
67355,81,69
67356,1139,702
67357,5887,3509
67360,186,139
67361,1016,580
67363,33,13
67364,103,97
67401,22434,13626
67410,4781,3563
67416,383,305
67417,66,35
67418,141,99
67420,1951,1118
67422,577,436
67423,134,90
67425,258,176
67427,246,173
67428,497,395
67430,319,167
67431,926,673
67432,2741,1746
67436,280,171
67437,550,365
67438,109,95
67439,1307,851
67441,448,329
67442,114,81
67443,889,708
67444,399,205
67445,289,199
67446,432,234
67447,140,124
67448,546,406
67449,1564,979
67450,285,205
67451,390,261
67452,174,119
67454,366,266
67455,959,501
67456,2151,1492
67457,275,191
67458,159,121
67459,109,93
67460,7097,4759
67464,768,417
67466,375,192
67467,1282,848
67468,137,96
67470,239,146
67473,976,582
67474,102,68
67475,77,46
67476,8,8
67478,70,45
67480,695,503
67481,411,237
67482,54,54
67483,166,101
67484,461,385
67485,223,132
67487,651,507
67490,494,318
67491,179,121
67492,119,57
67501,11075,5504
67502,10868,7634
67505,1294,717
67510,129,81
67511,100,75
67512,112,81
67513,69,39
67514,369,256
67515,18,18
67516,326,167
67518,6,2
67519,118,82
67520,183,137
67521,142,60
67522,770,586
67523,249,125
67524,294,171
67525,469,258
67526,1104,719
67529,148,77
67530,8759,4514
67543,893,719
67544,1562,924
67545,109,61
67546,1064,837
67547,911,533
67548,762,473
67550,2424,1214
67552,349,238
67553,47,24
67554,1992,1233
67556,154,99
67557,402,209
67559,45,31
67560,685,461
67561,695,426
67563,184,126
67564,158,116
67565,200,140
67566,515,440
67567,353,257
67568,124,102
67570,639,463
67572,264,166
67573,88,53
67574,115,69
67575,285,183
67576,882,619
67578,665,367
67579,1179,829
67581,248,152
67583,530,298
67584,136,64
67601,11168,6191
67621,226,122
67622,327,172
67623,130,73
67625,180,103
67626,191,127
67627,82,37
67628,81,64
67629,56,18
67631,84,53
67632,155,83
67634,142,102
67635,59,47
67637,1277,894
67638,148,63
67639,70,55
67640,227,155
67642,928,606
67643,156,97
67644,177,55
67645,326,211
67646,382,216
67647,114,67
67648,383,243
67649,137,96
67650,191,150
67651,339,178
67653,148,85
67654,1759,1167
67656,120,68
67657,208,111
67658,69,44
67659,41,32
67660,55,26
67661,1667,1018
67663,1187,739
67664,127,95
67665,2510,1621
67667,105,93
67669,990,631
67671,646,418
67672,1214,825
67673,62,15
67674,24,8
67675,113,53
67701,2829,1805
67730,882,540
67731,385,210
67732,269,178
67733,24,24
67734,80,52
67735,2700,1426
67736,78,64
67737,270,152
67738,252,194
67739,166,109
67740,800,512
67741,196,105
67743,89,84
67744,70,24
67745,196,110
67747,60,33
67748,1237,753
67749,1243,828
67751,93,74
67752,702,491
67753,240,160
67756,1069,729
67757,223,163
67758,541,359
67761,138,86
67762,121,53
67764,203,117
67801,11116,6565
67831,589,302
67834,411,285
67835,1049,639
67836,69,31
67837,416,317
67838,383,228
67839,615,425
67840,63,39
67841,175,146
67842,219,131
67843,66,0
67844,380,184
67846,13135,7575
67849,162,100
67850,274,148
67851,1004,798
67853,337,238
67854,554,361
67855,872,571
67857,72,8
67859,332,212
67860,1107,752
67861,894,632
67862,142,90
67863,147,90
67864,914,547
67865,450,299
67867,613,478
67868,85,66
67869,606,362
67870,587,362
67871,2265,1169
67876,621,499
67877,919,713
67878,929,597
67879,620,409
67880,2980,1780
67882,119,73
67901,7838,4100
67950,835,452
67951,1945,1148
67952,269,125
67953,68,56
67954,445,256
68001,34,21
68002,1012,768
68003,2447,1631
68004,499,355
68005,9778,5152
68007,6268,5543
68008,5289,4229
68010,40,0
68014,141,102
68015,529,406
68016,406,155
68017,853,761
68018,198,180
68019,217,185
68020,431,244
68022,12521,8726
68023,1122,859
68025,14017,8130
68028,5672,4710
68029,388,264
68030,294,223
68031,665,449
68033,152,128
68034,259,205
68036,310,203
68037,1029,805
68038,637,450
68039,292,70
68040,249,166
68041,465,369
68042,56,22
68044,271,226
68045,874,584
68046,12849,9324
68047,740,555
68048,5644,4328
68050,280,206
68055,122,80
68057,604,446
68058,268,156
68059,1369,1137
68061,1129,711
68062,152,120
68063,194,84
68064,2113,1306
68065,581,521
68066,2223,1523
68067,372,188
68068,85,74
68069,1476,1150
68070,369,318
68071,637,223
68072,84,66
68073,931,763
68102,5922,739
68104,16330,8920
68105,10633,4079
68106,10935,5732
68107,10253,6252
68108,6084,2874
68110,3545,1598
68111,9729,3402
68112,4560,3204
68113,267,10
68114,8437,3929
68116,13071,9904
68117,3258,2357
68118,3670,2894
68122,4595,3663
68123,12963,7246
68124,6941,4193
68127,10435,4600
68128,8136,4630
68130,8427,6495
68131,7861,1655
68132,6856,3729
68133,5149,4048
68134,13920,7258
68135,10657,9344
68136,7700,6621
68137,10834,6801
68138,4889,3456
68142,2111,1879
68144,11209,7226
68147,4641,3700
68152,2953,2252
68154,10846,6104
68157,2129,1465
68164,12514,7763
68178,169,0
68301,628,463
68303,167,88
68304,199,129
68305,2023,1104
68307,189,162
68309,54,41
68310,6963,4228
68313,312,274
68314,223,199
68315,53,22
68316,225,159
68317,792,721
68318,257,132
68319,274,149
68320,174,111
68321,202,166
68322,191,146
68323,146,69
68324,63,39
68325,104,42
68326,148,93
68327,198,143
68328,182,140
68329,265,170
68330,29,20
68331,398,366
68332,57,33
68333,3306,2207
68335,284,160
68336,253,204
68337,192,148
68338,93,81
68339,448,376
68340,449,294
68341,446,314
68342,233,175
68343,476,339
68344,194,169
68345,131,85
68346,214,172
68347,935,883
68348,180,127
68349,543,441
68350,149,93
68351,406,283
68352,2511,1404
68354,399,302
68355,2447,1591
68357,170,133
68358,550,437
68359,686,498
68360,205,184
68361,1117,733
68362,13,9
68364,117,110
68365,157,143
68366,318,261
68367,211,121
68368,166,127
68370,931,566
68371,557,444
68372,1387,1245
68375,60,48
68376,652,355
68377,181,144
68378,362,264
68379,34,24
68380,42,27
68381,78,37
68382,35,25
68401,461,355
68402,493,396
68403,105,91
68404,429,408
68405,1409,864
68406,310,198
68407,352,290
68409,286,238
68410,3781,2639
68413,206,182
68414,114,68
68415,280,209
68416,116,83
68417,146,86
68418,534,454
68419,108,85
68420,648,419
68421,391,233
68422,292,233
68423,357,291
68424,383,270
68428,532,419
68429,30,24
68430,606,577
68431,177,106
68433,160,72
68434,3499,2113
68436,250,190
68437,137,108
68438,57,48
68439,337,246
68440,81,46
68441,80,59
68442,130,100
68443,479,343
68444,14,11
68445,78,49
68446,1333,995
68447,302,179
68448,121,82
68450,1140,555
68452,46,40
68453,156,96
68454,301,227
68455,580,260
68456,522,387
68457,229,199
68458,94,86
68460,310,280
68461,276,246
68462,1763,1465
68463,663,464
68464,244,195
68465,1004,658
68466,897,521
68467,4249,2625
68502,11936,5902
68503,6851,2437
68504,8793,2385
68505,7961,4346
68506,13044,7948
68507,7144,4632
68508,7076,524
68510,9871,5471
68512,5898,3814
68514,123,102
68516,19549,13270
68517,170,170
68520,1126,846
68521,15657,8464
68522,4682,3300
68523,723,659
68524,2063,1197
68526,3041,2253
68527,870,808
68528,2899,1624
68531,61,54
68532,233,218
68601,12963,8485
68620,1352,877
68621,92,76
68622,190,122
68623,188,137
68624,552,375
68626,264,203
68627,370,244
68628,523,310
68629,563,421
68631,157,121
68632,1717,1123
68633,543,365
68634,207,195
68635,268,175
68636,636,450
68637,300,102
68638,853,561
68640,515,345
68641,511,369
68642,691,575
68643,488,355
68644,318,219
68647,297,239
68648,331,115
68649,867,546
68651,560,378
68652,331,261
68653,225,192
68654,259,197
68655,56,43
68658,284,231
68659,110,85
68660,469,338
68661,2439,1620
68662,454,361
68663,446,325
68664,176,107
68665,402,275
68666,685,468
68667,52,50
68669,215,175
68701,13806,8501
68710,382,256
68711,117,20
68713,1104,684
68714,729,368
68715,675,557
68716,419,259
68717,126,69
68718,864,547
68719,100,74
68720,132,76
68722,250,164
68723,283,230
68724,86,53
68725,326,225
68726,342,168
68727,356,193
68728,83,66
68729,820,522
68730,1104,699
68731,1045,862
68732,74,70
68733,518,352
68734,60,31
68735,385,278
68736,255,208
68739,1210,885
68740,342,294
68741,307,228
68742,87,62
68743,297,220
68745,748,506
68746,365,155
68747,92,50
68748,1019,720
68749,34,21
68751,35,21
68752,287,223
68753,33,24
68755,160,119
68756,959,597
68757,351,273
68758,523,346
68759,146,93
68760,881,283
68761,249,159
68763,2169,1277
68764,368,240
68765,535,375
68766,207,105
68767,1397,1054
68768,298,187
68769,774,500
68770,743,461
68771,642,431
68773,104,77
68774,140,115
68776,5634,3070
68777,392,191
68778,364,204
68779,1008,638
68780,467,284
68781,610,480
68783,426,270
68784,690,424
68785,117,101
68786,496,320
68787,2668,1525
68788,2085,1321
68789,66,42
68790,427,313
68791,936,633
68792,292,169
68801,11684,6709
68803,11188,6929
68810,366,269
68812,269,197
68813,295,173
68814,446,295
68815,360,220
68816,63,47
68817,235,140
68818,2444,1618
68820,152,99
68821,76,42
68822,2297,1237
68823,1282,650
68824,646,469
68825,478,303
68826,1635,1122
68827,314,218
68828,189,100
68831,409,226
68832,894,689
68833,128,56
68834,105,76
68835,285,155
68836,745,494
68837,44,30
68838,126,88
68840,1189,755
68841,283,217
68842,313,173
68843,354,278
68844,90,85
68845,9057,4894
68846,160,106
68847,7751,5016
68850,4299,2343
68852,285,187
68853,915,418
68854,335,241
68855,222,133
68856,282,208
68858,183,103
68859,268,155
68860,177,119
68861,51,42
68862,1437,917
68863,540,340
68864,499,380
68865,485,390
68866,413,345
68869,1102,648
68870,213,153
68871,163,111
68872,425,329
68873,1472,950
68874,444,261
68875,311,196
68876,733,548
68878,215,125
68879,188,107
68881,20,12
68882,250,158
68883,965,740
68901,11809,7155
68920,668,481
68922,667,386
68923,50,47
68924,590,482
68925,176,136
68926,364,187
68927,503,378
68928,175,143
68929,92,58
68930,591,424
68932,196,122
68933,424,289
68934,62,47
68935,336,213
68936,133,83
68937,1300,651
68938,275,177
68939,621,428
68940,165,135
68941,382,285
68942,236,187
68943,115,74
68944,586,409
68945,75,43
68946,26,23
68947,301,226
68948,231,137
68949,3185,1956
68950,146,125
68952,71,52
68954,22,15
68955,825,722
68956,490,366
68957,255,222
68958,224,160
68959,1806,1263
68960,112,67
68961,428,275
68964,42,22
68966,243,163
68967,496,303
68970,695,426
68971,663,151
68972,84,48
68973,189,153
68974,144,123
68975,28,28
68976,90,53
68977,132,93
68978,1271,814
68979,769,583
68980,152,121
68981,121,69
68982,310,163
69001,4495,2700
69020,255,186
69021,716,465
69022,875,597
69023,128,70
69024,597,342
69025,479,245
69026,104,75
69027,13,13
69028,355,249
69029,168,93
69030,153,65
69032,275,140
69033,1352,819
69034,345,271
69036,34,21
69037,52,29
69038,222,119
69039,69,27
69040,294,206
69041,79,45
69042,7,7
69043,284,203
69044,506,202
69045,433,241
69046,146,108
69101,13662,7420
69120,467,312
69121,173,108
69122,351,240
69123,482,311
69125,207,110
69127,628,264
69128,214,89
69129,683,472
69130,2480,1501
69131,404,303
69132,52,26
69133,209,139
69134,152,109
69135,9,9
69138,1921,1217
69140,830,560
69141,232,189
69142,49,26
69143,686,561
69144,87,40
69145,1407,887
69146,536,144
69147,803,235
69148,98,12
69149,387,267
69150,167,117
69151,361,246
69152,483,204
69153,3239,2008
69154,686,434
69155,483,285
69156,333,226
69157,63,25
69161,64,25
69162,3636,1996
69163,398,272
69165,849,531
69166,351,195
69167,195,107
69168,120,77
69169,286,140
69170,135,88
69201,2086,995
69210,1244,681
69211,188,75
69212,181,74
69214,126,54
69216,116,45
69217,282,165
69218,219,122
69219,30,29
69220,56,9
69221,45,13
69301,4613,3023
69331,12,4
69333,125,68
69334,1080,795
69335,36,14
69336,1024,634
69337,3053,1589
69339,804,511
69340,72,21
69341,4648,3129
69343,1274,693
69345,245,118
69346,365,141
69347,717,454
69348,665,406
69350,261,109
69351,117,54
69352,376,254
69353,33,30
69354,86,43
69355,68,54
69356,1103,794
69357,1615,1070
69358,1031,647
69360,606,295
69361,7750,4371
69365,11,11
69366,138,81
69367,100,57
70001,19103,9026
70002,9585,4456
70003,17479,12602
70005,12447,7456
70006,6645,3695
70030,1642,1258
70031,579,466
70032,2160,1325
70036,440,276
70037,6682,4108
70038,41,29
70039,834,569
70040,518,432
70041,1318,829
70043,8782,4734
70047,5316,3718
70049,815,603
70050,38,0
70051,769,569
70052,1192,795
70053,7865,3228
70056,15784,8551
70057,1628,1207
70058,16063,9310
70062,6679,3394
70065,21890,12671
70067,1186,743
70068,13379,9393
70070,5448,4549
70071,1419,1049
70072,22845,15888
70075,1889,1564
70076,52,44
70079,1349,927
70080,443,284
70082,118,68
70083,877,663
70084,2960,1583
70085,2252,1316
70086,737,446
70087,2734,1838
70090,3312,2304
70091,161,71
70092,2778,2002
70094,13683,7990
70112,3711,233
70113,5512,940
70114,11860,4100
70115,18134,7583
70116,9620,2441
70117,15821,5643
70118,15464,6390
70119,21595,6680
70121,6415,3237
70122,17131,8826
70123,14297,7494
70124,8919,6085
70125,7972,2962
70126,12686,5297
70127,10719,4809
70128,8609,4986
70129,3727,2155
70130,10927,2648
70131,12070,6598
70148,281,0
70301,20993,14470
70339,2722,1850
70340,79,62
70341,1716,1245
70342,1958,1297
70343,2053,1683
70344,2634,1624
70345,3683,2759
70346,4275,2381
70352,145,74
70353,536,228
70354,1741,1136
70355,471,334
70356,699,482
70357,1263,726
70358,1703,268
70359,3768,3141
70360,12283,7875
70363,10449,6730
70364,12423,7990
70372,1052,800
70373,2698,1951
70374,2724,1903
70375,51,51
70377,1364,1000
70380,9739,5749
70390,3272,2183
70391,49,0
70392,3396,2029
70393,106,84
70394,5986,4476
70395,1985,1266
70397,535,271
70401,10321,3922
70403,13577,8541
70420,3027,2449
70422,6204,3385
70426,2616,1341
70427,8424,4240
70431,2124,1864
70433,18712,11832
70435,8970,7398
70436,170,49
70437,3451,2920
70438,9421,6159
70441,2906,1559
70442,93,93
70443,3321,2153
70444,4662,2849
70445,4323,3186
70446,2682,2210
70447,6020,5451
70448,10372,7780
70449,1835,1223
70450,1527,951
70451,73,0
70452,5535,4143
70453,521,417
70454,14132,10441
70455,1219,1034
70456,1156,737
70458,17026,11394
70460,9223,6399
70461,12900,9387
70462,3042,1926
70463,50,26
70464,137,11
70465,224,103
70466,3879,2224
70471,10341,7031
70501,12657,4517
70503,13052,8068
70506,20296,9663
70507,8133,5239
70508,18677,10616
70510,11603,6685
70512,4292,3236
70513,40,0
70514,1023,397
70515,1498,900
70516,468,397
70517,11884,7650
70518,6724,5080
70519,66,66
70520,9011,6390
70522,107,28
70523,259,101
70524,138,44
70525,5670,3432
70526,8500,4125
70528,1081,728
70529,6357,4304
70531,769,530
70532,1280,877
70533,3020,2076
70534,281,157
70535,7749,4299
70537,233,132
70538,6428,3655
70541,509,143
70542,1614,1066
70543,1621,1155
70544,4637,3234
70546,7288,4204
70548,4637,2631
70549,1664,1033
70550,67,38
70551,319,280
70552,539,269
70554,2618,1325
70555,3408,2567
70556,351,257
70558,69,0
70559,1102,669
70560,16970,8148
70563,8663,6406
70570,17099,10491
70575,18,18
70576,402,217
70577,2042,1044
70578,6563,4387
70580,165,48
70581,354,263
70582,9122,6157
70583,4476,2837
70584,2698,1819
70585,109,68
70586,8626,4657
70589,1522,919
70591,2247,1725
70592,11583,9279
70601,16811,7690
70605,17926,11346
70607,13692,6499
70611,8971,6551
70615,5498,2617
70630,865,690
70631,411,154
70632,237,71
70633,3223,2231
70634,11300,7658
70637,439,352
70638,290,179
70639,244,197
70640,136,90
70643,148,87
70644,255,197
70645,741,269
70646,104,104
70647,4702,3474
70648,2788,1766
70650,155,54
70651,181,160
70652,883,650
70653,1666,1132
70654,60,60
70655,1201,727
70656,2000,1323
70657,1978,1637
70658,381,215
70659,695,371
70660,733,454
70661,855,518
70662,272,218
70663,12767,8466
70665,5626,3807
70668,2650,1492
70669,4425,2953
70706,8561,6990
70710,2922,2082
70711,2350,1557
70712,142,33
70714,7278,4666
70715,533,251
70719,1669,1195
70721,132,122
70722,2848,1780
70723,518,329
70725,567,466
70726,24925,16491
70729,432,356
70730,1666,1212
70732,593,369
70733,805,512
70734,3141,2378
70736,209,113
70737,20720,15229
70739,5211,4758
70740,577,333
70743,269,230
70744,1996,1633
70747,313,131
70748,1867,1128
70749,1004,479
70750,616,393
70752,341,243
70753,344,249
70754,4743,3456
70755,675,484
70756,297,216
70757,1391,793
70759,687,380
70760,3383,1796
70761,399,285
70762,431,255
70763,1810,1621
70764,7419,4831
70767,6817,4269
70769,17557,14705
70770,1353,1176
70772,482,400
70773,45,14
70774,4412,3048
70775,4807,2952
70776,1827,1051
70777,1648,1307
70778,1107,992
70780,445,322
70782,55,45
70783,1559,1027
70785,8555,6653
70787,110,51
70788,1763,836
70789,399,246
70791,12112,9443
70801,240,0
70802,13887,3062
70803,13,0
70805,11502,3707
70806,14972,5263
70807,6645,2438
70808,18833,8537
70809,13872,6353
70810,19195,11420
70811,5093,2825
70812,4342,2609
70814,5126,2867
70815,12060,6855
70816,21024,9096
70817,14106,10923
70818,4358,2967
70819,1604,1404
70820,11589,2741
70836,447,9
71001,2139,1215
71002,135,49
71003,412,205
71004,200,132
71006,6032,4827
71007,795,582
71008,326,84
71009,61,36
71016,777,543
71018,687,383
71019,3440,2243
71021,333,148
71023,1694,1056
71024,517,390
71027,588,327
71028,821,425
71029,93,63
71030,659,427
71031,515,281
71032,1055,792
71033,1678,1399
71034,146,67
71037,8554,6723
71038,2014,1097
71039,1011,580
71040,3416,1655
71043,224,169
71044,379,287
71045,475,183
71046,354,260
71047,4578,3600
71048,108,66
71049,1770,997
71051,1386,779
71052,4579,2050
71055,8725,4647
71060,1400,861
71061,919,428
71063,373,264
71064,1881,1192
71065,517,301
71066,12,3
71067,1192,670
71068,1801,1047
71069,327,180
71070,662,433
71071,1165,767
71072,804,488
71073,1023,711
71075,3027,1171
71078,3083,2543
71079,109,101
71082,2005,1283
71101,4548,1038
71103,3264,1012
71104,7160,2674
71105,11139,5256
71106,15415,8446
71107,13636,7510
71108,8341,2843
71109,9099,3284
71110,1162,0
71111,19563,10212
71112,14248,8183
71115,7506,4400
71118,10078,5532
71119,5239,3539
71129,6523,3201
71201,10352,5124
71202,11119,3884
71203,17178,8065
71219,564,317
71220,9425,5079
71222,1500,849
71223,255,84
71225,3665,2612
71226,982,520
71227,1624,1115
71229,757,550
71232,2864,1521
71233,102,35
71234,2057,1440
71235,2121,1261
71237,529,238
71238,1364,897
71241,3855,2270
71242,18,8
71243,110,63
71245,1690,463
71247,663,253
71250,72,28
71251,3681,1800
71253,196,146
71254,3002,1160
71256,304,246
71259,883,639
71260,1666,1034
71261,941,459
71263,3244,2086
71264,523,299
71266,753,402
71268,1151,856
71269,5046,2763
71270,14238,6339
71275,1489,948
71276,143,108
71277,921,411
71279,26,0
71280,2280,1422
71282,3889,1487
71286,243,226
71291,15290,8916
71292,10257,5907
71295,6151,3819
71301,9173,3387
71302,6213,2824
71303,10388,5276
71316,63,18
71320,163,58
71322,3117,1333
71323,445,263
71325,528,338
71326,555,300
71327,1851,1037
71328,3294,2723
71330,25,25
71331,409,346
71333,329,181
71334,4020,1962
71336,776,464
71340,510,303
71341,1292,719
71342,3556,2337
71343,3518,1919
71345,35,0
71346,1424,873
71350,2056,1220
71351,5448,2814
71353,843,554
71354,648,386
71355,1221,669
71356,198,198
71357,1093,445
71358,559,271
71360,15970,9199
71362,935,603
71366,1145,451
71367,814,583
71368,818,386
71369,1150,668
71371,802,509
71373,3326,1673
71375,558,238
71378,1093,528
71401,20,20
71403,2051,1233
71404,461,295
71405,2261,1661
71406,65,12
71407,569,394
71409,2848,1458
71410,40,27
71411,1624,783
71414,99,34
71415,147,90
71416,488,184
71417,2348,1384
71418,2807,1350
71419,1002,632
71422,756,548
71423,2273,1624
71424,546,480
71425,46,10
71426,68,33
71427,89,46
71429,2066,1107
71430,1082,612
71432,451,285
71433,1995,1226
71434,45,31
71435,1691,1062
71438,459,333
71439,695,417
71441,277,253
71446,10812,5461
71447,654,359
71449,5787,2687
71450,558,341
71452,132,28
71454,1464,987
71455,154,14
71456,694,408
71457,12086,5554
71459,3652,15
71461,1158,475
71462,954,485
71463,3699,2031
71465,1368,883
71466,250,183
71467,2249,1619
71468,304,225
71469,1540,732
71472,1,1
71473,241,147
71474,196,142
71479,269,128
71480,238,164
71483,4335,2076
71485,1169,772
71486,2746,1439
71497,374,7
71601,6573,2620
71602,7489,3743
71603,13997,7499
71630,269,161
71631,350,162
71635,5415,2794
71638,1489,706
71639,2819,1415
71640,1322,772
71642,320,232
71643,655,389
71644,331,176
71646,2901,1836
71647,913,387
71651,115,15
71652,573,257
71653,2425,1242
71654,2058,942
71655,6659,3461
71658,376,151
71659,16,16
71660,464,281
71661,86,28
71662,53,0
71663,234,184
71665,2263,1398
71666,8,8
71667,3264,2072
71670,692,408
71671,3788,1941
71674,319,226
71675,1076,627
71676,325,176
71677,76,58
71678,12,12
71701,8834,4548
71720,1034,603
71722,51,27
71724,161,97
71725,277,101
71726,842,440
71728,20,20
71730,13774,7919
71740,830,451
71742,2340,1153
71743,1661,924
71744,1669,893
71745,60,36
71747,619,277
71748,60,33
71749,1492,972
71751,427,223
71752,462,243
71753,7421,3600
71758,232,46
71759,197,148
71762,1350,833
71763,828,433
71764,909,454
71765,1224,905
71766,314,175
71770,1869,1228
71772,9,9
71801,6900,3506
71820,33,24
71822,3836,2482
71823,35,34
71825,162,109
71826,497,286
71827,426,265
71831,102,51
71832,4012,2064
71833,1079,749
71834,733,584
71835,602,417
71836,1622,1073
71837,1941,1292
71838,814,540
71839,254,78
71841,537,245
71842,929,581
71845,1064,517
71846,1278,805
71847,234,110
71851,962,529
71852,4481,2677
71853,158,96
71854,16882,8703
71855,306,127
71857,2512,1072
71858,947,654
71859,210,98
71860,1133,637
71861,1592,747
71862,355,227
71864,45,37
71865,121,64
71866,301,93
71901,14952,7775
71909,10563,8097
71913,25441,13773
71921,1678,1034
71922,82,33
71923,7087,3320
71929,2176,1590
71933,581,392
71935,448,268
71937,919,530
71940,741,515
71941,949,681
71942,49,43
71943,1833,1014
71944,377,268
71945,782,519
71949,789,406
71950,469,225
71952,39,18
71953,6924,4795
71956,729,556
71957,2297,1057
71958,1461,789
71959,320,231
71960,688,337
71961,613,405
71962,376,317
71964,2074,1849
71965,150,68
71968,2159,1353
71969,152,102
71970,461,272
71971,271,166
71972,165,119
71973,554,311
72001,278,192
72002,8071,6334
72003,373,272
72004,399,201
72005,50,24
72006,1162,647
72007,3799,2837
72010,2487,1431
72011,1782,1420
72012,6110,3708
72013,961,520
72014,28,14
72015,12148,7858
72016,1401,884
72017,218,53
72019,11926,8518
72020,1550,937
72021,1968,1003
72022,7353,4769
72023,14901,10203
72024,1821,1329
72025,365,259
72026,181,99
72027,601,398
72028,6,6
72029,817,420
72030,218,111
72031,3755,2056
72032,14255,8208
72034,22523,9784
72036,442,150
72038,90,44
72039,944,656
72040,1253,658
72041,692,405
72042,2385,1433
72044,798,423
72045,540,392
72046,1897,1096
72047,423,303
72048,51,28
72051,284,134
72052,53,34
72053,25,0
72055,390,196
72057,561,484
72058,7143,5213
72059,46,11
72060,431,229
72061,79,79
72063,680,563
72064,1230,817
72065,2370,1576
72066,81,72
72067,2634,997
72068,316,141
72069,747,332
72070,913,497
72072,207,124
72073,564,234
72074,60,32
72075,14,0
72076,17780,8393
72079,182,122
72080,333,234
72081,2941,1877
72082,833,292
72083,128,56
72084,505,270
72085,96,58
72086,4983,3559
72087,738,667
72088,2090,1231
72101,1469,899
72102,1316,972
72103,6078,4503
72104,9771,5911
72106,2602,1807
72107,70,44
72108,23,0
72110,5021,2636
72111,501,407
72112,4394,2283
72113,12260,6501
72114,6733,1500
72116,10556,6469
72117,6691,3854
72118,10823,5112
72120,15216,10095
72121,1444,860
72122,588,418
72123,159,83
72125,382,268
72126,1782,1012
72127,1324,937
72128,327,199
72129,581,485
72130,145,108
72131,2265,1438
72132,1411,1081
72133,11,0
72134,256,133
72135,1468,1286
72136,874,613
72137,909,642
72139,120,47
72140,174,83
72141,352,146
72142,1183,883
72143,14948,8351
72150,5359,3654
72152,283,95
72153,1964,1337
72156,348,324
72157,680,489
72160,4565,2089
72165,22,22
72166,215,77
72167,581,477
72168,154,87
72169,51,27
72170,127,85
72173,4090,3258
72175,189,59
72176,3598,2152
72178,31,19
72179,215,115
72180,34,19
72181,29,29
72182,63,18
72199,16,16
72201,628,141
72202,7403,1569
72204,14570,6711
72205,12187,5390
72206,10080,5692
72207,5800,3635
72209,13863,5232
72210,6876,3888
72211,12009,5657
72212,5469,4656
72223,12279,6702
72227,5700,3137
72301,11298,4345
72311,47,18
72315,10081,4847
72320,76,30
72322,36,24
72324,1132,511
72325,1,1
72326,1004,580
72327,587,375
72328,41,26
72330,276,112
72331,1175,391
72332,40,4
72333,177,97
72335,6513,2563
72338,2,0
72339,78,68
72340,37,21
72341,115,45
72342,2448,607
72346,192,167
72347,349,198
72348,1368,683
72350,498,275
72351,461,210
72352,11,7
72353,37,30
72354,1093,609
72355,947,516
72358,534,242
72359,181,75
72360,2751,1054
72364,6415,4084
72365,1162,586
72366,962,421
72367,12,0
72368,558,342
72370,3451,1229
72372,700,488
72373,564,241
72374,271,167
72376,741,562
72377,33,11
72379,50,25
72383,17,17
72384,286,137
72386,697,398
72389,177,65
72390,3441,1471
72391,23,23
72392,172,97
72394,190,105
72395,604,353
72396,5524,3313
72401,19328,7966
72404,12518,7527
72405,7049,4609
72410,219,122
72411,1143,611
72412,205,166
72413,308,162
72414,145,92
72415,463,336
72416,2405,1660
72417,2391,1435
72419,620,417
72421,284,128
72422,2295,1289
72424,45,33
72425,174,164
72426,83,62
72427,32,15
72428,49,14
72429,177,92
72430,256,167
72431,175,112
72432,2618,1691
72433,1289,706
72434,903,719
72435,182,127
72436,390,308
72437,1533,1026
72438,1063,642
72440,110,75
72441,29,21
72442,1833,1029
72443,1263,730
72444,792,555
72445,30,18
72447,879,536
72449,76,44
72450,16784,9883
72453,160,110
72454,2266,1221
72455,5858,3522
72456,328,200
72457,101,74
72458,319,207
72459,946,419
72460,441,272
72461,1927,1182
72462,214,69
72464,9,2
72466,685,444
72467,95,0
72469,550,379
72470,164,113
72471,520,271
72472,4198,2202
72473,996,644
72476,3306,1694
72478,109,57
72479,632,313
72482,916,508
72501,11246,6167
72512,1214,741
72513,1152,774
72517,55,34
72519,1229,755
72520,232,201
72521,2302,1250
72522,86,62
72523,395,330
72524,201,84
72526,55,45
72527,401,292
72528,210,146
72529,3092,1813
72530,1368,604
72531,735,264
72532,722,405
72533,175,93
72534,743,650
72536,219,181
72537,552,269
72538,315,274
72539,123,93
72540,65,7
72542,2186,1267
72543,7088,3963
72544,804,418
72546,46,9
72550,288,255
72553,33,18
72554,1522,918
72555,187,91
72556,1850,835
72560,4509,2323
72561,396,250
72562,1126,651
72564,326,177
72565,465,275
72566,292,157
72567,111,70
72568,710,440
72569,354,242
72571,221,179
72572,142,92
72573,170,157
72576,1858,1091
72577,462,204
72578,59,59
72579,692,398
72581,754,393
72583,722,516
72584,244,112
72585,149,123
72587,17,5
72601,13790,8423
72611,828,528
72615,17,10
72616,4587,2969
72617,132,93
72619,1159,601
72623,221,196
72624,174,152
72626,856,533
72628,419,317
72629,221,152
72630,88,29
72631,2892,1655
72632,2840,1619
72633,828,648
72634,2608,1663
72635,1732,997
72636,25,2
72638,2803,1764
72639,405,191
72640,226,181
72641,1185,508
72642,1152,758
72644,1322,856
72645,983,406
72648,241,157
72650,2473,1299
72651,691,445
72653,15123,9839
72655,304,135
72658,992,597
72660,271,233
72661,429,393
72662,1416,781
72663,154,154
72666,230,69
72668,339,205
72669,73,52
72670,77,36
72672,201,94
72675,837,391
72677,351,207
72679,97,24
72680,613,344
72682,190,108
72683,218,49
72685,641,452
72686,85,49
72687,3458,2335
72701,20057,7899
72703,17202,6377
72704,14098,8325
72712,16245,8461
72713,10752,5171
72714,5931,4763
72715,8367,6672
72717,467,307
72718,1823,1595
72719,6989,4138
72721,349,345
72722,1208,652
72727,2803,2051
72729,111,69
72730,4017,3081
72732,2834,1848
72734,3395,2423
72736,2682,2009
72738,945,614
72739,267,162
72740,4440,2897
72742,316,248
72744,2196,1367
72745,5324,3471
72747,10,10
72749,105,25
72751,3487,2727
72752,191,109
72753,4078,2739
72756,17225,9717
72758,18145,9945
72760,106,79
72761,9101,5355
72762,17270,11509
72764,20781,9073
72768,609,333
72769,447,270
72773,631,446
72774,2882,2088
72776,310,164
72801,7530,3145
72802,9687,6994
72821,893,520
72823,2792,1737
72824,925,456
72826,9,2
72827,68,21
72828,80,0
72830,6802,3876
72832,301,170
72833,1464,670
72834,4294,2862
72835,368,327
72837,3988,2883
72838,110,92
72839,276,129
72840,1006,652
72841,127,54
72842,505,280
72843,863,709
72845,455,378
72846,1748,1364
72847,1346,1030
72851,331,252
72852,92,55
72853,1216,751
72854,329,251
72855,2840,1982
72856,271,153
72857,753,379
72858,1223,952
72860,185,73
72863,741,569
72865,488,386
72901,10337,3926
72903,12079,6034
72904,8406,3809
72908,6374,3943
72916,4720,3132
72921,5287,3340
72923,2608,1672
72926,349,214
72927,3831,2246
72928,333,266
72930,137,77
72932,793,698
72933,2555,1747
72934,379,343
72935,242,157
72936,6019,4490
72937,1633,1140
72938,532,373
72940,794,538
72941,2043,1529
72943,1133,794
72944,1271,809
72945,226,121
72946,1659,1337
72947,1870,1265
72948,179,179
72949,4179,2652
72950,269,164
72951,357,236
72952,1020,923
72955,306,209
72956,14119,9006
72958,3199,1865
72959,1569,1145
73001,28,11
73002,457,313
73003,9760,5389
73004,379,256
73005,3421,1624
73006,1281,789
73007,1194,1052
73008,8774,4201
73009,408,265
73010,7770,6180
73011,242,197
73012,16172,12715
73013,22971,16641
73014,494,337
73015,1216,643
73016,825,651
73017,630,372
73018,9509,4743
73020,9857,8207
73021,185,101
73024,276,197
73025,5633,5350
73026,4349,3942
73027,783,493
73028,1562,1041
73029,650,390
73030,1929,1047
73031,18,11
73032,97,57
73033,152,94
73034,18727,12948
73036,7790,4235
73038,980,483
73040,774,442
73041,200,96
73042,466,264
73043,73,58
73044,10050,7379
73045,4488,3333
73047,2273,1256
73048,1077,685
73049,2698,2063
73050,140,23
73051,3210,2232
73052,2789,1669
73053,265,149
73054,1956,1613
73055,4482,3099
73056,248,195
73057,1106,769
73058,134,77
73059,1273,787
73061,807,509
73062,655,401
73063,414,331
73064,10285,7874
73065,4413,3491
73066,78,46
73067,824,596
73068,5115,3524
73069,12719,5321
73071,19192,8334
73072,20915,10633
73073,409,317
73074,494,312
73075,4409,2219
73077,2878,1845
73078,4683,4241
73079,250,177
73080,4007,2570
73082,1304,788
73084,2978,1817
73086,4259,2296
73089,5040,4307
73090,285,184
73092,347,197
73093,1559,1156
73095,835,569
73096,6408,2896
73097,45,45
73098,1648,884
73099,32654,23122
73102,1460,99
73103,3489,1063
73104,2405,338
73105,3416,1050
73106,6069,1847
73107,12621,6345
73108,6221,2092
73109,8344,3352
73110,15826,6344
73111,5670,2554
73112,16413,7853
73114,9311,3058
73115,9329,4735
73116,4966,3218
73117,3402,1139
73118,7856,3986
73119,12008,5011
73120,20356,9407
73121,1411,973
73122,6128,2965
73127,11329,4239
73128,3006,1587
73129,7569,3241
73130,9222,6384
73131,1541,1400
73132,12592,6127
73134,4522,685
73135,9696,4954
73139,8790,3454
73141,1260,776
73142,7997,4178
73145,864,13
73149,2288,954
73150,2168,1671
73151,646,646
73159,13618,6743
73160,25055,15682
73162,12454,8822
73165,2942,2529
73169,1070,770
73170,16658,13428
73173,1434,1326
73179,3038,2418
73401,16349,9094
73425,71,48
73430,705,487
73432,462,280
73433,1181,797
73434,261,160
73435,30,11
73436,48,25
73437,23,16
73438,1562,1053
73439,5202,2365
73440,126,85
73441,82,49
73442,167,110
73443,1259,856
73444,72,62
73446,3516,2144
73447,505,335
73448,2624,1456
73449,1771,1048
73450,653,465
73453,308,206
73455,251,163
73456,819,562
73458,330,233
73459,728,355
73460,1898,923
73461,364,190
73463,1709,1248
73481,411,321
73487,87,45
73488,10,7
73491,354,241
73501,9216,3262
73503,1820,0
73505,22124,9945
73507,10504,4885
73520,51,33
73521,9975,4810
73526,813,526
73527,2115,1567
73528,240,159
73529,2243,1393
73530,208,119
73531,143,112
73532,273,116
73533,12969,7910
73537,275,163
73538,2496,1874
73539,87,72
73540,162,107
73541,1682,1247
73542,2254,1131
73543,893,635
73544,140,63
73546,642,336
73547,682,391
73548,226,191
73549,184,119
73550,1132,598
73551,21,8
73552,619,495
73553,6,5
73554,1688,1034
73555,98,59
73556,70,35
73557,203,104
73559,275,102
73560,399,166
73562,285,163
73564,236,130
73565,499,263
73566,812,418
73567,344,226
73568,630,350
73569,252,117
73570,523,267
73571,62,11
73572,1483,907
73573,1159,620
73601,4611,2908
73620,603,346
73622,126,96
73624,922,318
73625,213,128
73626,505,307
73627,263,162
73628,848,512
73632,1431,886
73638,70,58
73639,328,188
73641,297,148
73642,91,46
73644,7256,4007
73645,598,263
73646,176,101
73647,390,210
73650,438,300
73651,2069,1045
73654,437,285
73655,595,283
73658,156,96
73659,85,44
73660,244,111
73661,220,170
73662,2014,1112
73663,540,309
73664,579,399
73666,204,101
73667,210,131
73668,18,9
73669,621,427
73673,271,151
73701,10924,4912
73703,13610,8151
73716,318,227
73717,3289,1516
73718,231,193
73719,51,33
73720,119,102
73722,186,110
73724,547,240
73726,233,117
73727,38,34
73728,997,559
73729,298,224
73730,318,253
73731,121,52
73733,78,49
73734,420,251
73735,324,286
73736,258,224
73737,1842,1149
73738,434,289
73739,221,184
73741,224,134
73742,1687,1031
73743,51,22
73744,131,69
73746,30,6
73747,115,66
73749,297,169
73750,2960,1782
73753,224,175
73754,468,302
73755,485,312
73756,148,109
73757,69,48
73758,195,115
73759,666,364
73760,177,134
73761,222,117
73762,859,592
73763,817,372
73764,125,86
73766,488,294
73768,625,499
73770,23,9
73771,253,102
73772,1586,769
73773,805,510
73801,7046,4248
73832,644,409
73834,784,513
73835,175,91
73838,295,232
73840,241,135
73841,270,148
73842,272,194
73843,503,286
73844,196,112
73848,944,479
73851,54,37
73852,1189,769
73853,197,136
73855,98,52
73857,504,389
73858,804,417
73859,686,375
73860,729,428
73901,67,34
73931,299,181
73932,942,475
73933,809,310
73937,110,60
73938,295,176
73939,575,245
73942,5391,3041
73944,240,104
73945,1096,643
73946,53,2
73947,350,159
73949,606,371
73950,568,337
73951,493,309
73960,8,4
74001,130,103
74002,796,506
74003,6812,3290
74006,11820,8181
74008,12447,8850
74010,4607,2712
74011,12898,9846
74012,26069,16598
74014,15500,13036
74015,3578,2268
74016,2692,1544
74017,12038,7455
74019,8170,6537
74020,3425,2202
74021,8705,6735
74022,901,706
74023,5474,2870
74026,356,214
74027,402,254
74028,759,515
74029,2488,1417
74030,1675,971
74032,935,590
74033,4868,3385
74034,63,41
74035,1573,918
74036,2858,2178
74037,8811,6378
74038,973,684
74039,1673,1112
74041,1057,792
74042,189,107
74044,3369,2444
74045,159,94
74046,45,22
74047,2826,2117
74048,2589,1521
74050,177,85
74051,812,582
74052,510,268
74053,1986,1518
74054,367,243
74055,19539,13280
74056,2613,1404
74058,1831,1015
74059,2642,1760
74060,223,93
74061,984,712
74062,419,252
74063,12823,9533
74066,13736,9255
74068,54,23
74070,6179,4275
74071,95,29
74072,743,546
74073,2258,1659
74074,14328,6239
74075,12255,4372
74077,13,0
74078,14,0
74079,2036,1353
74080,1113,825
74081,757,593
74082,129,26
74083,454,309
74084,244,162
74085,1197,750
74103,670,5
74104,6367,2604
74105,14531,7094
74106,8341,3197
74107,8566,4150
74108,3159,1959
74110,5992,2651
74112,10524,5230
74114,8128,5844
74115,9583,4586
74116,1665,635
74117,11,11
74119,3229,617
74120,3308,944
74126,4742,2174
74127,7474,3779
74128,4954,2753
74129,7751,3544
74130,938,563
74131,1078,764
74132,4818,2406
74133,22638,10805
74134,9068,5316
74135,10855,4901
74136,16375,5234
74137,12402,7911
74145,8523,4160
74146,6138,2013
74301,4857,2818
74330,1301,860
74331,6183,2640
74332,847,576
74333,501,349
74337,2019,1427
74338,2183,1392
74339,1026,541
74340,177,60
74342,1899,694
74343,1507,958
74344,8523,4811
74346,3745,2002
74347,1357,939
74349,775,281
74350,470,223
74352,2791,1680
74354,7502,4106
74358,124,73
74359,89,51
74360,15,9
74361,7437,4576
74363,1148,785
74364,708,539
74365,1986,1276
74366,855,478
74367,290,218
74368,27,13
74369,742,491
74370,1794,1122
74401,7818,3694
74403,12779,7295
74421,1736,1295
74422,443,353
74423,404,267
74425,746,335
74426,5465,2851
74427,1244,553
74428,388,259
74429,6457,4597
74430,312,239
74431,380,259
74432,6496,3144
74434,4015,2974
74435,1686,897
74436,2237,1609
74437,4355,2578
74438,195,128
74441,2415,1751
74442,331,247
74445,1275,771
74446,223,136
74447,7295,3689
74450,733,601
74451,2653,1453
74452,161,112
74454,1403,943
74455,1865,943
74456,59,31
74457,176,118
74458,45,31
74459,38,28
74460,218,176
74462,4068,2202
74463,73,26
74464,13502,6619
74467,6826,3887
74468,112,92
74469,835,438
74470,738,491
74471,688,468
74472,285,199
74477,72,0
74501,13223,7743
74521,32,16
74522,97,88
74523,2817,1699
74525,4159,2412
74528,73,45
74530,109,67
74531,463,238
74533,377,274
74534,84,43
74535,59,43
74536,888,451
74538,1898,988
74540,84,51
74543,215,150
74546,319,148
74547,1501,868
74549,65,31
74552,459,296
74553,667,421
74554,1011,480
74555,290,171
74556,152,101
74557,460,222
74558,203,120
74560,237,142
74561,928,598
74562,374,207
74563,909,629
74565,219,120
74567,56,29
74569,257,176
74570,609,396
74571,1772,949
74572,332,239
74574,599,404
74576,124,92
74577,150,96
74578,2750,1529
74601,8924,4182
74604,5576,3856
74630,281,186
74631,3569,1722
74632,319,188
74633,177,126
74636,104,51
74637,855,508
74640,113,94
74641,449,240
74643,257,126
74644,241,159
74646,144,91
74647,1523,921
74650,280,172
74651,381,277
74652,485,340
74653,1625,1031
74701,11059,5650
74720,175,108
74722,117,38
74723,627,427
74724,77,37
74726,953,626
74727,1052,572
74728,5172,2929
74729,1221,816
74730,2301,1406
74731,826,492
74733,1310,808
74734,413,289
74735,831,499
74736,376,247
74737,21,12
74738,224,138
74740,922,559
74741,432,288
74743,4102,2022
74745,4366,2278
74747,148,107
74748,281,187
74750,77,50
74753,9,0
74754,183,141
74755,73,41
74756,362,245
74759,572,404
74760,67,21
74761,28,11
74764,1407,969
74766,444,307
74801,9749,5070
74804,8860,5531
74820,14372,7849
74824,532,378
74825,937,558
74826,599,416
74827,224,92
74829,310,201
74830,88,63
74831,326,198
74832,386,256
74833,228,148
74834,3203,2395
74836,125,102
74837,81,58
74839,328,157
74840,818,582
74842,111,82
74843,97,73
74844,136,67
74845,181,115
74848,3092,1486
74849,1433,807
74850,133,83
74851,3844,2988
74852,692,483
74854,779,514
74855,1748,1140
74856,312,224
74857,4243,3596
74859,2822,1485
74860,697,500
74864,2023,1424
74865,834,596
74866,34,24
74867,395,181
74868,5361,3123
74869,299,233
74871,1157,843
74872,1422,867
74873,4565,2792
74875,417,287
74878,817,636
74880,897,578
74881,2224,1722
74883,1125,581
74884,2721,1342
74901,821,431
74902,1952,1243
74930,817,554
74931,499,348
74932,1099,734
74935,86,48
74936,570,353
74937,2361,1339
74939,337,164
74940,957,598
74941,1058,651
74942,80,39
74943,39,28
74944,505,368
74945,82,51
74946,29,9
74947,45,25
74948,5358,3504
74949,176,118
74951,745,395
74953,4755,2884
74954,2089,1117
74955,6353,3707
74956,870,547
74957,574,333
74959,2771,1657
74960,4863,2799
74962,2357,1312
74963,254,188
74964,957,655
74965,2109,1112
74966,1613,1016
75001,10590,1628
75002,24174,18226
75006,19549,9742
75007,21347,13815
75009,9943,8719
75010,13798,6322
75013,18341,11162
75019,17455,10816
75020,10802,5709
75021,3871,2870
75022,9491,7807
75023,19621,11876
75024,20362,7162
75025,19288,12537
75028,18189,14289
75032,13453,10460
75033,16717,11378
75034,23836,8921
75035,29198,21312
75036,11823,10132
75038,15385,2853
75039,13286,1903
75040,21629,14036
75041,10378,5757
75042,11791,6659
75043,23439,13262
75044,17491,10095
75048,10445,8807
75050,17286,7110
75051,14139,6280
75052,33386,20277
75054,5214,4727
75056,28102,16283
75057,7171,2570
75058,1265,934
75060,15538,9553
75061,20187,7602
75062,18718,7799
75063,18747,6916
75065,5125,3557
75067,28990,10788
75068,23499,18275
75069,16958,8314
75070,24323,12083
75071,23861,17086
75072,18618,14316
75074,19362,9806
75075,16262,8975
75076,4361,2511
75077,14768,11323
75078,14409,12136
75080,19971,10022
75081,14662,7076
75082,13194,6006
75087,15103,11618
75088,10168,7506
75089,11951,8591
75090,9602,5331
75092,13117,6880
75093,20852,11732
75094,6716,5934
75098,22080,16403
75101,280,128
75102,644,433
75103,6967,4977
75104,17365,11604
75105,126,29
75109,2210,1640
75110,11980,6311
75114,2416,1957
75115,22054,14820
75116,7041,3898
75117,1886,1340
75119,11738,7709
75124,2371,1649
75125,2341,1796
75126,24316,19249
75127,850,631
75134,7003,5470
75135,3454,2839
75137,7198,4811
75140,3436,2417
75141,1431,691
75142,7699,5352
75143,7088,4433
75144,1655,1021
75146,9575,5059
75147,3302,1794
75148,3625,1974
75149,21058,13388
75150,24892,11852
75152,1987,1585
75153,190,78
75154,17170,13903
75155,1111,855
75156,8969,5046
75157,80,57
75158,1899,1558
75159,7192,5669
75160,8895,5901
75161,2541,2157
75163,1596,907
75164,220,195
75165,18940,12016
75166,2186,1933
75167,4298,3792
75169,6558,4713
75172,2075,1242
75173,3040,2554
75180,9238,5367
75181,8300,6799
75182,2722,2205
75189,15331,13056
75201,13619,1201
75202,2035,511
75203,6862,2276
75204,23304,4019
75205,10577,5482
75206,25844,5997
75207,2465,23
75208,13655,6994
75209,7498,4352
75210,2824,1023
75211,24103,12189
75212,9250,5118
75214,17474,9439
75215,8481,2586
75216,20612,10217
75217,25534,14078
75218,10443,6263
75219,19190,5160
75220,15589,4367
75223,4872,2254
75224,12438,6375
75225,9839,6880
75226,3221,123
75227,19605,10256
75228,27329,11858
75229,12542,8102
75230,14981,8197
75231,21412,3291
75232,11421,7869
75233,4970,2608
75234,13775,6805
75235,9983,2104
75236,7439,2061
75237,8790,975
75238,14332,6558
75240,12014,2356
75241,11151,6886
75243,31577,7301
75244,6346,3033
75246,1545,256
75247,338,0
75248,18531,9109
75249,5188,3825
75251,2847,23
75252,14592,6033
75253,7374,4941
75254,13935,2681
75287,30143,6393
75401,9067,4560
75402,8024,4746
75407,10095,7513
75409,8558,6259
75410,2285,1552
75411,583,234
75412,230,105
75413,69,38
75414,1540,1079
75415,140,124
75416,1257,915
75417,1236,705
75418,5704,3412
75420,629,509
75421,391,236
75422,1226,845
75423,1213,903
75424,1387,1143
75426,2581,1305
75428,4616,1975
75431,764,403
75432,1380,920
75433,1336,963
75434,29,0
75435,589,314
75436,977,658
75437,495,386
75438,497,333
75439,448,251
75440,3431,2328
75441,79,72
75442,4060,3136
75446,1685,1099
75447,420,366
75448,313,220
75449,505,268
75450,245,192
75451,765,526
75452,1747,1234
75453,1298,951
75454,6289,5356
75455,10272,6166
75457,2574,1426
75459,2448,1462
75460,11210,4865
75462,4717,3444
75468,438,307
75469,240,169
75470,123,55
75471,717,376
75472,2022,1317
75473,1610,1304
75474,7115,5015
75475,66,66
75476,579,493
75477,417,273
75478,371,277
75479,803,539
75480,1250,731
75481,227,138
75482,10896,6368
75486,1154,1088
75487,562,392
75488,480,357
75489,333,200
75490,1162,855
75491,2353,1710
75492,217,106
75493,191,120
75494,5181,3331
75495,4082,2996
75496,1234,864
75497,1954,1402
75501,15302,7586
75503,11464,6448
75550,271,157
75551,5054,3428
75554,1069,719
75555,827,575
75556,486,343
75558,893,836
75559,2892,1656
75560,471,332
75561,2317,1340
75562,36,10
75563,2114,1286
75564,14,14
75565,52,13
75566,369,229
75567,1821,1114
75568,1276,771
75569,1449,715
75570,3638,2336
75571,1216,897
75572,1556,936
75573,107,26
75574,664,496
75601,6545,3533
75602,8131,4426
75603,2983,2129
75604,13579,6923
75605,16425,8511
75630,1589,978
75631,1103,705
75633,6399,3865
75638,2465,1717
75639,1267,848
75640,2343,1840
75641,49,16
75642,25,25
75643,1193,697
75644,5150,3124
75645,4505,3484
75647,5706,3750
75650,4244,2606
75651,967,686
75652,4994,3119
75654,5285,3712
75656,2170,1376
75657,4140,2345
75658,16,10
75659,24,24
75661,1642,876
75662,9474,6437
75667,563,421
75668,1158,589
75669,382,289
75670,7357,3654
75672,7215,4852
75681,1323,931
75682,330,299
75683,1745,1306
75684,2789,1899
75686,6003,3748
75689,49,28
75691,2029,1308
75692,2311,1801
75693,2366,1477
75701,14630,7197
75702,10273,4483
75703,20045,9709
75704,4325,2565
75705,784,216
75706,4332,2634
75707,6858,4550
75708,3585,2162
75709,3113,1573
75750,1318,900
75751,7432,3976
75752,3217,2346
75754,2904,2211
75755,2286,1321
75756,1953,1285
75757,5826,4038
75758,5080,3456
75759,79,71
75760,1349,864
75762,6052,4345
75763,2958,2109
75764,75,40
75765,4317,2712
75766,10798,6649
75770,1360,955
75771,9241,6275
75773,6291,3979
75778,1731,900
75779,19,19
75780,151,80
75782,51,31
75783,3967,2833
75784,282,181
75785,3814,2463
75788,82,52
75789,3350,2511
75790,1536,970
75791,5758,3857
75792,1434,1000
75801,7259,3730
75803,7046,4340
75831,2632,1325
75833,1852,1024
75835,6157,2989
75838,239,78
75839,2581,1781
75840,3243,1784
75844,2866,1477
75845,1558,856
75846,1492,865
75847,955,469
75848,38,20
75849,40,23
75850,569,381
75851,1220,683
75852,582,400
75853,665,345
75855,1593,990
75856,140,29
75858,114,44
75859,1577,814
75860,2478,1402
75861,754,391
75862,5809,3330
75901,11290,6565
75903,71,0
75904,14829,7558
75925,1559,911
75926,723,443
75928,562,361
75929,1221,445
75930,1343,818
75931,1819,804
75932,1101,519
75933,747,462
75934,62,31
75935,5753,3708
75936,408,244
75937,607,319
75938,1623,883
75939,2161,1174
75941,3047,2119
75943,481,408
75944,631,417
75946,1748,1006
75948,4722,2118
75949,4131,2399
75951,7664,4513
75954,1640,911
75956,3375,2486
75959,685,290
75960,523,385
75961,7594,2959
75964,8314,4748
75965,8786,4127
75966,2233,1284
75968,976,626
75969,1688,1232
75972,3269,1691
75973,1422,823
75974,1225,681
75975,1738,925
75976,454,251
75977,352,181
75979,5019,2629
75980,1855,896
76001,12038,9140
76002,10030,8115
76005,2384,1753
76006,13815,3269
76008,8127,7186
76009,7648,5007
76010,20508,6086
76011,11991,2075
76012,11538,6935
76013,14431,6747
76014,11274,4854
76015,7027,3004
76016,11609,9252
76017,17211,10631
76018,8842,6355
76020,13355,9506
76021,15410,7800
76022,6202,2812
76023,2614,2014
76028,27928,20468
76031,6596,4609
76033,10962,6333
76034,9600,8877
76035,1341,720
76036,11807,8477
76039,17862,6043
76040,12912,5018
76041,239,239
76043,2945,2094
76044,3127,2659
76048,12737,7825
76049,13527,10838
76050,2711,2070
76051,22529,11015
76052,10050,8497
76053,12803,6347
76054,4702,3797
76055,1372,1022
76058,7851,5322
76059,2100,817
76060,3208,2292
76063,28105,19273
76064,1022,621
76065,15081,11779
76066,1977,1417
76067,8660,4767
76070,404,388
76071,1579,1178
76073,2612,2114
76077,239,168
76078,3540,2624
76082,8576,6629
76084,4011,3501
76085,4027,3322
76086,9689,4665
76087,13290,10790
76088,5573,4558
76092,9886,9041
76093,1496,1097
76102,5629,935
76103,6040,3194
76104,9605,3008
76105,7667,3482
76106,11543,5156
76107,17957,6934
76108,18031,11522
76109,11573,5240
76110,12497,6785
76111,8523,4335
76112,19077,8437
76114,10648,5292
76115,6706,2944
76116,25808,8009
76117,12793,6038
76118,6584,4257
76119,16697,8283
76120,8885,3949
76123,14095,10417
76126,10598,7978
76127,34,0
76131,18145,13216
76132,13906,3851
76133,20080,11790
76134,10514,6038
76135,8148,4756
76137,24118,13191
76140,10705,6741
76148,8481,6793
76155,3927,10
76164,4866,2511
76177,10140,4609
76179,26227,19766
76180,16138,7469
76182,11845,9604
76201,13087,2079
76205,8114,2828
76207,7657,4891
76208,9440,5983
76209,11403,4690
76210,16914,12165
76225,1460,1095
76226,13668,12596
76227,20970,15598
76228,614,414
76230,4937,3046
76233,1433,1004
76234,8047,5852
76238,176,97
76239,601,355
76240,12412,7713
76244,26098,17244
76245,1408,685
76247,6610,5218
76248,14749,11570
76249,3375,2714
76250,378,306
76251,329,247
76252,1212,830
76253,64,57
76255,3113,1705
76258,3079,2492
76259,2041,1584
76261,103,69
76262,16260,11495
76263,14,14
76264,519,398
76265,876,505
76266,7211,5612
76267,41,13
76268,108,91
76270,1039,862
76271,731,534
76272,2057,1634
76273,4182,2897
76301,7762,3446
76302,5333,3040
76305,2321,1573
76306,6529,3089
76308,9601,4623
76309,6477,3270
76310,8450,5726
76311,741,12
76351,789,494
76354,5207,3118
76357,324,188
76360,1507,736
76363,122,59
76364,111,67
76365,2384,1480
76366,966,704
76367,4370,3558
76370,234,145
76371,811,558
76372,560,354
76373,74,66
76374,2074,1203
76377,308,160
76379,220,162
76380,2196,1034
76384,5595,2814
76388,102,70
76389,599,475
76401,13826,7006
76424,4206,2513
76426,4435,2939
76427,443,216
76429,118,70
76430,1166,851
76431,1698,1380
76432,681,462
76433,911,725
76435,336,214
76436,114,45
76437,2793,1722
76442,3482,2157
76443,1059,535
76444,1815,1190
76445,208,110
76446,3591,2470
76448,2799,1509
76449,2832,839
76450,6238,4114
76452,97,68
76453,927,584
76454,854,400
76455,496,283
76457,2092,1339
76458,2545,1442
76459,70,57
76460,187,101
76462,1604,1303
76463,248,150
76464,307,173
76466,166,101
76469,50,20
76470,1731,851
76471,1004,467
76472,517,392
76474,158,118
76475,790,280
76476,1230,969
76481,163,141
76483,531,272
76484,543,316
76486,674,386
76487,1437,1036
76490,17,12
76491,333,195
76501,7298,4201
76502,19497,11774
76504,11068,3344
76511,988,720
76513,16004,10459
76518,604,363
76519,339,206
76520,3247,2028
76522,17370,10107
76523,143,135
76524,1473,1132
76525,653,405
76527,1652,1173
76528,7311,4701
76530,1092,875
76531,2333,1223
76534,1197,852
76537,4538,3516
76538,539,401
76539,3718,2997
76541,10207,1989
76542,21027,12858
76543,15300,5388
76544,6944,11
76548,12657,7354
76549,21794,10814
76550,6129,3862
76554,828,589
76556,931,660
76557,1994,1380
76559,2846,1824
76561,520,327
76565,18,0
76566,197,137
76567,4184,2840
76569,1065,787
76570,1191,753
76571,3742,3150
76573,5,5
76574,8458,5848
76577,1591,1105
76578,631,432
76579,2133,1219
76621,466,366
76622,576,384
76623,53,32
76624,1072,860
76626,621,335
76627,717,544
76628,28,28
76629,1113,637
76630,788,610
76631,179,95
76632,567,399
76633,1930,1790
76634,3660,2253
76635,594,308
76636,644,539
76637,258,143
76638,1174,1037
76639,881,477
76640,1114,820
76641,756,548
76642,2824,1660
76643,6231,4053
76645,4559,2580
76648,1313,774
76649,457,315
76650,30,21
76651,1539,977
76652,607,435
76653,614,495
76654,82,61
76655,3478,2899
76656,1066,733
76657,4775,3379
76660,223,147
76661,3159,1698
76664,1292,861
76665,1441,715
76666,105,41
76667,4734,2663
76670,752,431
76671,1158,672
76673,490,311
76676,155,126
76678,90,57
76679,453,322
76680,131,46
76681,337,209
76682,1319,990
76685,48,28
76686,129,84
76687,1244,708
76689,1782,1308
76690,710,352
76691,2573,1904
76692,5299,3134
76693,958,522
76701,1029,115
76704,3703,1022
76705,12107,6635
76706,16600,5641
76707,6678,3162
76708,11241,7009
76710,12391,5039
76711,4143,1917
76712,11704,7636
76801,12145,6123
76802,2391,1574
76820,99,44
76821,2180,1275
76823,1330,844
76825,3414,1715
76827,332,251
76828,136,107
76832,309,121
76834,3041,1594
76836,90,1
76837,604,288
76841,106,0
76842,329,106
76844,1889,1100
76845,120,83
76848,40,23
76849,2247,1164
76852,209,127
76853,774,419
76854,344,107
76856,1886,1007
76857,1762,667
76858,177,101
76859,1318,699
76861,816,565
76862,236,85
76864,514,279
76865,154,77
76866,435,212
76869,26,11
76870,36,25
76871,352,146
76872,425,256
76873,48,33
76875,278,204
76877,2028,1073
76878,966,439
76882,200,78
76884,55,38
76885,127,16
76887,70,45
76888,172,49
76890,430,292
76901,13783,9006
76903,14169,7609
76904,16812,9515
76905,5293,3281
76930,43,37
76932,1359,775
76933,730,430
76934,420,315
76935,885,670
76936,1221,793
76937,98,79
76939,29,0
76940,33,16
76941,691,444
76943,1684,897
76945,1152,571
76950,1802,835
76951,508,335
76953,27,17
76955,117,49
76957,48,11
76958,110,100
77002,8960,656
77003,6201,2430
77004,18321,6107
77005,10564,7196
77006,16654,4994
77007,26281,11079
77008,20709,11512
77009,17890,8946
77010,634,0
77011,7366,3142
77012,6867,2494
77013,6839,2323
77014,13166,6016
77015,19961,9569
77016,11131,6085
77017,11281,5244
77018,13335,8627
77019,14387,5293
77020,10054,4710
77021,12819,4380
77022,10717,4370
77023,11850,4537
77024,18599,10017
77025,15752,5846
77026,9580,3237
77027,13286,3327
77028,7102,3457
77029,6386,3766
77030,7842,2311
77031,6906,2698
77032,4843,1536
77033,10228,5559
77034,14188,6209
77035,15662,5680
77036,30508,4629
77037,5312,3619
77038,9134,5038
77039,8692,4818
77040,19197,9485
77041,11877,8150
77042,21252,4898
77043,11197,5633
77044,18273,12980
77045,10802,6154
77046,1312,576
77047,13288,9042
77048,8029,4332
77049,12618,8121
77050,1846,969
77051,7453,2547
77053,9716,6166
77054,18845,1842
77055,17845,7511
77056,15347,4536
77057,25231,6908
77058,11203,3127
77059,6668,6110
77060,16660,3474
77061,9942,3461
77062,10150,7256
77063,22625,4721
77064,17358,10098
77065,17110,7158
77066,12156,8706
77067,11072,4437
77068,4551,2897
77069,9399,5541
77070,23272,10400
77071,11396,5408
77072,20371,8422
77073,14989,8856
77074,15154,4183
77075,13267,7613
77076,10650,5020
77077,32911,10404
77078,5607,2947
77079,16215,7467
77080,17394,7288
77081,21245,1256
77082,24994,8505
77083,23872,14815
77084,39087,21733
77085,5800,3573
77086,9315,4992
77087,12400,6174
77088,18500,11437
77089,19997,12409
77090,19076,4667
77091,12501,3882
77092,16158,6128
77093,14671,7584
77094,4362,3343
77095,26429,17998
77096,15490,6406
77098,10181,3030
77099,17860,6112
77301,12854,6793
77302,7040,5619
77303,9516,6436
77304,18462,10226
77306,5913,4402
77316,11879,9881
77318,8654,6169
77320,12135,6601
77326,102,102
77327,12967,8986
77328,6943,4723
77331,4992,2801
77334,58,43
77335,1401,839
77336,5138,3411
77338,17667,8565
77339,19104,10201
77340,15230,6209
77345,9860,8111
77346,26650,21307
77350,122,84
77351,17934,10015
77354,15747,11109
77355,11279,8944
77356,14982,10621
77357,12638,8415
77358,2624,1630
77359,341,196
77360,3284,1701
77362,2664,2228
77363,1407,1061
77364,1340,812
77365,15442,11755
77367,322,147
77369,359,230
77371,3158,1820
77372,4779,3660
77373,23619,16527
77374,167,139
77375,25452,17236
77376,312,272
77377,13625,10603
77378,6503,4471
77379,30004,21654
77380,16232,5014
77381,13709,10287
77382,13691,10831
77384,11658,5614
77385,9820,7027
77386,22778,17668
77388,18924,12372
77389,15138,11457
77396,20532,13127
77401,6699,5444
77406,22096,18447
77407,25284,19218
77412,5,5
77414,12254,6104
77415,97,58
77417,926,591
77418,4327,2894
77419,476,311
77420,947,724
77422,6103,4117
77423,5612,4048
77426,1084,705
77428,154,0
77429,33137,26477
77430,736,623
77431,247,192
77432,29,0
77433,34420,26802
77434,1772,1171
77435,2068,1638
77437,7322,4560
77440,64,64
77441,10615,9369
77442,471,273
77443,101,0
77444,423,307
77445,5810,3076
77446,921,122
77447,7903,6274
77448,85,23
77449,40773,27716
77450,26259,17615
77451,235,135
77453,59,59
77454,93,93
77455,785,606
77456,434,348
77457,818,211
77458,42,13
77459,28071,22743
77460,25,18
77461,4380,3146
77464,208,81
77465,3793,2295
77466,156,121
77467,22,0
77469,22854,17947
77470,270,132
77471,17618,9197
77473,11,0
77474,6665,4818
77475,492,200
77476,165,121
77477,13888,5179
77478,9168,6759
77479,30680,24564
77480,3581,2359
77481,116,26
77482,1047,724
77483,228,132
77484,5180,3158
77485,1831,1128
77486,3124,2183
77488,6106,3270
77489,13883,10376
77493,20552,14899
77494,44520,30247
77498,18236,12013
77502,11813,7021
77503,8980,4425
77504,10080,3794
77505,8817,5718
77506,11973,3993
77507,387,0
77510,5896,4613
77511,20499,12521
77514,2585,1687
77515,13127,8715
77517,2035,1682
77518,3950,2275
77519,235,219
77520,14411,6847
77521,25131,14067
77523,10448,8063
77530,10579,6915
77531,7502,3599
77532,12327,9130
77533,476,305
77534,1161,849
77535,12037,9190
77536,12086,9241
77538,349,275
77539,18725,12969
77541,9292,4452
77545,9018,7097
77546,19600,14266
77547,2928,1912
77550,15811,4678
77551,11184,4497
77554,10516,3477
77560,393,353
77561,14,8
77562,4184,2768
77563,4769,3246
77564,920,629
77565,3304,1725
77566,12277,7410
77568,8950,5932
77571,14428,10109
77573,37188,27212
77575,7059,4444
77577,650,441
77578,9939,7431
77581,18285,13610
77582,118,116
77583,14783,12253
77584,32579,22936
77585,485,358
77586,10419,7140
77587,5549,2738
77590,14419,6740
77591,7465,3653
77597,214,142
77598,13337,2683
77611,3989,2630
77612,4211,3187
77613,383,257
77614,254,178
77615,165,106
77616,311,202
77617,105,13
77619,6885,4796
77622,666,580
77623,341,255
77624,301,253
77625,4063,2812
77627,9970,6712
77629,259,200
77630,13127,7228
77632,9568,6620
77640,9020,4678
77642,16234,7271
77650,2829,1126
77651,5964,3743
77655,171,134
77656,7822,5293
77657,9044,7067
77659,2099,1579
77660,445,315
77661,151,28
77662,11820,8060
77663,414,144
77664,1316,978
77665,2764,1800
77701,5755,2427
77702,1624,906
77703,5345,1963
77705,12203,5572
77706,14963,7616
77707,7312,4410
77708,5505,2813
77713,6636,3480
77801,7221,986
77802,12189,5627
77803,10586,6006
77807,6007,2970
77808,5850,4966
77830,1374,1010
77831,1791,1258
77833,13261,8396
77835,1675,1114
77836,5990,4233
77837,865,381
77840,25423,2421
77845,31464,18404
77852,18,18
77853,537,385
77855,82,58
77856,2642,1220
77857,555,432
77859,3361,2051
77861,1363,1026
77863,52,19
77864,3361,1854
77865,1029,556
77867,86,61
77868,6510,3844
77871,1489,918
77872,928,545
77873,667,470
77875,8,0
77876,81,60
77878,417,218
77879,3013,1767
77880,1458,962
77882,57,15
77901,17438,8308
77904,12822,8185
77905,6854,5127
77950,172,75
77951,617,338
77954,4707,2207
77957,4119,2272
77961,40,40
77962,1535,775
77963,2644,1634
77964,4395,2530
77968,1309,1001
77969,72,55
77970,131,68
77971,298,186
77973,11,0
77974,252,187
77975,988,550
77976,26,5
77977,246,212
77978,242,113
77979,7797,5101
77982,1145,339
77983,1492,908
77984,2232,1605
77987,94,44
77988,148,68
77990,436,246
77991,120,80
77993,153,82
77994,260,130
77995,4777,2791
78002,2634,1810
78003,5194,3470
78004,194,178
78005,592,340
78006,16643,11777
78007,131,22
78008,176,39
78009,3470,2631
78010,1675,1020
78011,694,523
78012,200,89
78013,2571,1786
78014,1914,1034
78015,8412,7554
78016,4281,3020
78017,1599,790
78019,538,387
78021,15,11
78022,2175,1220
78023,10050,8602
78024,836,421
78025,2544,1545
78026,2926,1884
78027,277,214
78028,19285,11811
78039,889,719
78040,13567,4331
78041,16760,8565
78043,14263,6885
78044,202,114
78045,21669,16031
78046,19601,14558
78050,234,195
78052,2412,1799
78055,1137,620
78056,1067,828
78057,401,146
78058,584,439
78059,2166,1779
78061,3798,1979
78063,4947,3764
78064,6179,3919
78065,4105,2812
78066,189,189
78067,381,225
78069,2351,1815
78070,8034,6868
78071,1481,717
78072,152,77
78073,3020,2314
78074,37,37
78075,116,107
78076,5684,3217
78101,3059,2676
78102,8865,5115
78104,41,0
78107,163,114
78108,16215,13055
78109,19279,14183
78112,3695,3146
78113,1253,854
78114,9212,7173
78116,234,129
78117,380,293
78118,1746,947
78119,2375,1033
78121,5304,4535
78122,243,212
78123,1225,788
78124,2674,2108
78125,30,16
78130,40810,24486
78132,15356,12537
78133,11208,7891
78140,1260,728
78141,551,353
78142,27,13
78143,65,50
78145,24,21
78146,277,142
78147,643,349
78148,8597,4403
78151,811,395
78152,1490,1277
78154,15688,10491
78155,21791,14674
78159,313,159
78160,1824,1345
78161,237,152
78162,137,70
78163,6609,5895
78164,1796,1046
78201,18661,7838
78202,5288,2294
78203,2380,856
78204,6210,2409
78205,1755,112
78207,18750,7169
78208,2292,586
78209,22771,9576
78210,14410,7111
78211,10516,6029
78212,13399,5373
78213,18184,8051
78214,8447,4455
78215,3029,69
78216,22138,6705
78217,16179,6708
78218,15462,7292
78219,6303,3202
78220,7098,3516
78221,14939,9167
78222,9668,6085
78223,22278,11567
78224,7034,3476
78225,5410,3410
78226,2850,804
78227,16008,8303
78228,21397,11125
78229,19149,2199
78230,21191,9465
78231,4189,2646
78232,16369,8787
78233,19396,11343
78234,1167,4
78235,1279,0
78236,542,12
78237,12998,7194
78238,11726,4801
78239,10639,7300
78240,27713,8745
78242,11326,5630
78244,12978,8832
78245,32219,22029
78247,19904,14487
78248,6003,4086
78249,24058,11636
78250,20503,14387
78251,22945,11333
78252,5943,5227
78253,24095,17216
78254,25493,20514
78255,6568,5297
78256,6592,1646
78257,6522,2133
78258,20640,11190
78259,11087,6865
78260,12571,10362
78261,9541,7506
78263,1630,1267
78264,4465,3350
78266,2824,2405
78330,190,131
78332,10747,5683
78336,6577,3063
78339,169,66
78340,323,187
78341,674,218
78342,138,73
78343,2076,1451
78344,196,142
78347,44,44
78349,287,96
78351,196,51
78352,64,25
78353,362,112
78355,3628,1527
78357,1276,672
78358,528,327
78359,682,361
78360,51,18
78361,1880,733
78362,4701,2737
78363,12919,5679
78368,4992,2850
78369,175,57
78370,1790,1251
78371,116,53
78372,2285,1420
78373,5614,1195
78374,8426,4610
78375,1543,694
78376,189,38
78377,1563,781
78379,1064,680
78380,9557,6578
78382,13048,7605
78383,2410,1410
78384,2212,1279
78385,62,6
78387,3762,1931
78389,876,604
78390,2364,1230
78391,53,0
78393,860,561
78401,2115,190
78402,688,121
78404,6884,3000
78405,6068,2691
78406,353,152
78407,840,410
78408,4543,1902
78409,1013,471
78410,10798,6539
78411,10497,5694
78412,16874,7173
78413,15501,7973
78414,20121,12170
78415,15465,8148
78416,5274,2899
78417,1627,935
78418,16171,8184
78419,216,0
78501,24807,10802
78503,8090,4107
78504,21417,13405
78516,12469,7874
78520,22543,11713
78521,29576,16312
78526,18222,11508
78535,246,134
78536,190,93
78537,16683,10286
78538,3745,2370
78539,15759,7872
78540,7,0
78541,17669,8075
78542,25198,17136
78543,3018,2179
78545,360,199
78547,194,83
78548,596,382
78549,355,234
78550,22347,10348
78552,16009,10173
78557,4141,3067
78558,242,162
78559,5047,3043
78560,1777,771
78561,266,228
78562,631,463
78563,67,28
78564,95,0
78565,105,63
78566,8275,5362
78567,131,87
78569,1459,1033
78570,10701,6619
78572,32696,19167
78573,13339,8405
78574,18309,13565
78575,1902,1124
78576,3362,2528
78577,26568,13644
78578,6391,3297
78579,851,536
78580,4270,2401
78582,14743,9165
78583,2781,1616
78584,6639,3340
78586,16145,11203
78588,125,47
78589,12393,9096
78590,159,109
78591,214,69
78592,197,174
78593,1755,1128
78594,547,366
78595,1952,1543
78596,15824,7827
78597,5895,1029
78598,314,84
78599,9945,6642
78602,13485,8684
78605,2972,2423
78606,3408,2115
78607,228,65
78608,247,144
78609,1271,742
78610,17271,13537
78611,7417,4550
78612,5981,4646
78613,34198,21791
78614,235,142
78615,491,394
78616,3165,2422
78617,9201,7065
78618,302,120
78619,2484,2217
78620,7929,6496
78621,10671,7987
78622,161,100
78623,678,594
78624,12421,6927
78626,16866,9944
78628,17738,12825
78629,5335,3027
78631,1462,951
78632,706,539
78633,14711,12991
78634,15322,11661
78635,96,10
78636,2101,1111
78638,875,629
78639,5359,2820
78640,25236,17519
78641,33118,25515
78642,8399,6867
78643,4149,2229
78644,7660,5071
78645,7525,5831
78648,3563,2361
78650,974,803
78652,1773,1559
78653,12498,10313
78654,9764,5331
78655,1534,937
78656,1073,674
78657,5272,2624
78658,30,30
78659,1339,1013
78660,44399,29818
78661,217,175
78662,1270,938
78663,348,267
78664,24259,12608
78665,24678,14875
78666,36354,12980
78669,5967,4193
78670,74,44
78671,264,130
78672,831,369
78674,62,36
78675,102,64
78676,7487,5265
78677,18,18
78681,20817,15181
78701,8021,3585
78702,14573,5469
78703,12237,6040
78704,29959,9214
78705,12519,1290
78717,14508,7580
78719,594,521
78721,4808,2618
78722,3278,1619
78723,17065,8013
78724,9696,6096
78725,4293,3239
78726,6325,2588
78727,14863,6000
78728,13878,3717
78729,15717,5752
78730,4480,2658
78731,14939,7562
78732,7748,5516
78733,3395,2886
78734,10885,8005
78735,9957,4459
78736,4539,2956
78737,8895,7563
78738,11907,8633
78739,7127,6474
78741,24763,4148
78742,269,180
78744,20035,9544
78745,31246,14533
78746,11897,7337
78747,8860,5996
78748,25694,14124
78749,16554,9628
78750,12186,7599
78751,9966,2018
78752,10929,2234
78753,25345,8217
78754,13195,7571
78756,4943,2095
78757,11930,7044
78758,25745,6184
78759,23843,10369
78801,8340,4742
78827,503,244
78828,127,21
78829,416,257
78830,257,134
78832,1548,904
78833,451,180
78834,3135,1437
78836,46,15
78837,111,55
78838,237,71
78839,3053,1856
78840,18438,11081
78842,3,0
78843,29,0
78850,404,204
78851,68,47
78852,19797,12335
78860,115,0
78861,5163,3391
78870,432,300
78871,23,14
78872,505,308
78873,1147,508
78877,346,253
78879,189,45
78880,754,417
78881,746,388
78883,209,83
78884,621,240
78885,92,22
78886,203,163
78931,99,68
78932,429,231
78933,591,420
78934,3198,1770
78935,575,367
78938,151,90
78940,1269,875
78941,1749,1019
78942,4285,2731
78943,116,10
78944,364,254
78945,5461,3328
78946,477,295
78947,2240,1554
78948,347,177
78949,370,223
78950,1200,823
78953,585,376
78954,897,550
78956,2723,1437
78957,4743,3013
78959,858,512
78962,2628,1693
78963,282,232
79001,132,39
79002,8,8
79003,70,27
79005,701,433
79007,6671,3638
79009,643,346
79010,123,79
79011,150,54
79013,980,380
79014,1642,1021
79015,9311,5643
79018,225,95
79019,826,593
79021,42,4
79022,3911,2338
79024,183,99
79027,1867,1050
79029,5940,3235
79031,636,382
79032,79,51
79033,8,8
79034,331,155
79035,2133,1319
79036,2335,1526
79039,370,251
79040,871,537
79041,1316,867
79042,526,328
79043,609,266
79044,383,226
79045,7026,3918
79046,274,170
79051,10,3
79052,540,293
79053,46,18
79054,265,157
79056,49,41
79057,642,311
79059,331,217
79061,143,90
79062,127,77
79063,268,224
79064,958,529
79065,9114,5383
79066,6,6
79068,1430,949
79070,4210,2512
79072,10093,4595
79073,3,0
79078,183,48
79079,1425,760
79080,293,139
79081,1525,870
79082,214,73
79083,1128,581
79084,711,436
79085,15,0
79086,1453,938
79087,369,215
79088,2253,1132
79092,530,357
79093,65,40
79094,32,6
79095,1238,650
79096,920,553
79097,617,382
79098,240,169
79101,1309,142
79102,4695,2232
79103,3784,2386
79104,2893,1348
79106,13385,5839
79107,12346,5552
79108,5079,3336
79109,20308,10867
79110,7760,4837
79111,519,5
79118,11116,8012
79119,9839,5974
79121,2953,1970
79124,4676,3880
79201,3006,1413
79220,109,42
79223,30,21
79225,451,224
79226,1628,729
79227,671,310
79229,231,130
79230,27,10
79231,14,14
79233,66,24
79234,66,24
79235,1570,774
79236,127,33
79237,332,186
79239,131,41
79240,38,10
79241,1005,674
79243,20,7
79244,472,240
79245,1205,699
79247,18,14
79248,868,391
79250,643,321
79251,29,13
79252,1455,707
79255,328,157
79256,186,77
79257,574,295
79258,4,4
79259,21,5
79261,349,93
79311,1554,1090
79312,348,221
79313,771,428
79314,71,19
79316,4226,2457
79322,908,441
79323,2675,1709
79324,13,6
79325,812,462
79326,18,18
79329,1473,960
79330,242,23
79331,4670,2776
79336,6584,4138
79339,3081,1727
79342,126,116
79343,600,408
79345,359,197
79346,979,468
79347,2850,1777
79350,169,128
79351,520,293
79353,11,11
79355,728,410
79356,1892,988
79357,966,575
79358,498,355
79359,1390,847
79360,5766,4350
79363,2233,1728
79364,2949,1807
79366,531,455
79367,259,141
79369,12,12
79370,950,438
79371,727,451
79372,630,423
79373,1352,839
79376,40,4
79377,131,50
79378,133,68
79379,222,151
79380,42,21
79381,586,429
79382,3649,2692
79383,26,9
79401,4813,439
79403,6530,3516
79404,4289,2152
79406,14,0
79407,11817,4771
79410,4736,1523
79411,3474,906
79412,6480,2780
79413,9590,5157
79414,9219,2860
79415,7225,2551
79416,16094,7010
79423,18463,12206
79424,22800,14920
79501,1386,938
79502,639,368
79503,151,103
79504,1372,812
79505,163,40
79506,483,186
79508,515,402
79510,3552,2455
79511,610,424
79512,3084,1674
79517,47,38
79518,83,23
79519,68,50
79520,1298,764
79521,1981,909
79525,1241,1119
79526,467,327
79527,155,81
79528,307,163
79529,611,295
79530,279,163
79532,537,302
79533,303,192
79534,147,118
79535,67,51
79536,2313,1586
79537,33,15
79538,108,66
79539,99,56
79540,50,29
79541,658,494
79543,589,400
79544,211,138
79545,797,568
79546,951,561
79547,572,324
79548,94,56
79549,6388,4202
79553,1582,836
79556,6238,3233
79560,36,4
79561,291,192
79562,1432,1220
79563,477,328
79565,118,75
79566,145,100
79567,1618,821
79601,9422,3579
79602,11127,7423
79603,9960,5072
79605,12795,6577
79606,13191,6880
79607,956,86
79699,48,0
79701,11393,6733
79703,8110,5168
79705,20021,13288
79706,12368,9467
79707,16654,9632
79713,313,222
79714,7063,5173
79718,294,156
79719,155,83
79720,13309,7731
79730,41,38
79731,1717,1274
79733,144,60
79734,1357,690
79735,4959,3081
79738,141,77
79739,363,218
79741,97,57
79742,275,202
79743,114,77
79744,707,437
79745,2644,1939
79748,91,39
79749,231,98
79752,1050,583
79754,47,4
79755,29,5
79756,4318,2802
79758,1011,825
79761,13591,7098
79762,17259,9020
79763,15063,9724
79764,10326,6596
79765,9709,5686
79766,3516,2718
79770,10,0
79772,4766,3115
79777,74,34
79778,542,401
79780,38,10
79781,96,65
79782,1822,1138
79783,27,11
79785,21,16
79788,294,266
79789,565,467
79821,1997,1428
79830,4672,2575
79834,321,5
79835,4347,2840
79836,2488,1929
79837,211,34
79838,2217,1430
79839,388,205
79842,349,104
79843,1639,931
79845,1660,793
79846,48,18
79847,122,54
79848,581,355
79849,4182,2711
79851,219,121
79852,513,135
79853,982,854
79854,126,71
79855,900,520
79901,4571,289
79902,9752,3578
79903,6708,3414
79904,13571,5224
79905,9168,3847
79906,1688,0
79907,17505,9607
79908,1178,19
79911,3499,2609
79912,33856,16851
79915,14139,7799
79922,3125,2297
79924,23009,13299
79925,16272,7668
79927,14284,10694
79928,24841,20962
79930,11729,4437
79932,11237,7577
79934,10884,6769
79935,7165,3411
79936,36825,24113
79938,29818,23251
80002,9960,4700
80003,14193,9662
80004,15447,10703
80005,11397,9903
80007,6600,6174
80010,15394,5850
80011,19108,9987
80012,20102,9807
80013,26692,19706
80014,19903,11325
80015,25482,20410
80016,24227,18745
80017,14810,8645
80018,5919,5006
80019,1955,1585
80020,21607,13901
80021,17353,8498
80022,19929,14331
80023,10647,7665
80024,36,36
80025,46,46
80026,14209,9417
80027,13248,8565
80030,6823,3722
80031,15377,10456
80033,13257,6203
80045,854,7
80101,272,160
80102,2098,1790
80103,1097,818
80104,13945,10810
80105,822,704
80106,1927,1724
80107,5387,4976
80108,12801,10278
80109,9598,7497
80110,10804,5770
80111,13668,8271
80112,16874,8582
80113,11447,5459
80116,1973,1814
80117,954,820
80118,2273,2082
80120,14252,8346
80121,7501,6284
80122,13180,10665
80123,19759,14085
80124,10167,5309
80125,5377,4942
80126,16304,13351
80127,17507,14578
80128,14573,11981
80129,12674,8735
80130,9468,7270
80131,130,92
80132,10413,8869
80133,1065,879
80134,28663,22566
80135,1847,1410
80136,2012,1760
80137,639,595
80138,12752,9671
80202,14394,2612
80203,16887,3347
80204,18378,6614
80205,19040,6686
80206,15580,6259
80207,9291,6717
80209,16045,7152
80210,18496,9685
80211,20973,9708
80212,10870,6644
80214,13298,4946
80215,9156,5029
80216,6924,1807
80218,13116,4333
80219,21729,12075
80220,17675,9714
80221,15165,10017
80222,11625,5051
80223,9532,4116
80224,9200,4887
80226,14742,7138
80227,16509,10333
80228,15921,10337
80229,20130,13200
80230,5672,2712
80231,18252,6221
80232,9594,6694
80233,18309,10928
80234,12814,7320
80235,4448,2146
80236,6549,3791
80237,12620,5141
80238,11741,8022
80239,13892,7915
80241,12724,9580
80246,8148,1589
80247,15768,5929
80249,13375,9836
80260,12841,7663
80290,357,0
80301,12644,6603
80302,13556,4984
80303,12583,5228
80304,11717,7773
80305,7263,4317
80310,2,0
80401,17762,11235
80403,8983,7384
80420,1058,340
80421,4702,3560
80422,2797,1925
80423,156,59
80424,11886,2912
80425,204,131
80426,38,24
80427,501,175
80428,473,200
80430,74,44
80432,907,189
80433,3578,3192
80434,52,4
80435,7778,1729
80436,257,171
80438,510,263
80439,11137,9143
80440,2509,1074
80442,2976,574
80443,5552,1226
80444,828,388
80446,3333,1185
80447,3743,816
80448,190,0
80449,1089,527
80451,383,279
80452,2046,1159
80453,176,111
80454,576,487
80455,228,140
80456,1095,209
80457,197,153
80459,1226,685
80461,3762,2050
80463,93,48
80465,6505,5577
80466,1971,1049
80467,1338,884
80468,136,61
80469,175,127
80470,1967,1557
80473,69,9
80474,136,136
80475,81,9
80476,216,103
80478,1277,576
80479,46,21
80480,960,407
80481,471,194
80482,3632,566
80483,264,175
80487,13231,5760
80498,6931,2850
80501,19173,10619
80503,15508,10276
80504,23359,18037
80510,715,221
80512,1304,694
80513,6563,5609
80514,2315,1810
80515,607,296
80516,13163,11534
80517,7043,3847
80520,694,579
80521,15121,5293
80524,17548,11085
80525,25144,14363
80526,19463,10863
80528,8986,5759
80530,2315,2064
80532,274,67
80534,7137,5552
80535,1079,809
80536,1395,933
80537,20314,12581
80538,21923,14724
80540,2510,1707
80542,1778,1729
80543,3281,2865
80545,1837,489
80546,46,25
80547,2843,2257
80549,5131,4182
80550,17140,13448
80601,13885,9506
80602,13834,12630
80603,5842,5109
80610,1595,1186
80611,258,196
80612,178,148
80615,3684,3306
80620,6794,4414
80621,5110,3521
80622,92,74
80623,310,243
80624,265,233
80631,18871,8245
80634,25802,17754
80640,4889,4036
80642,1506,1249
80643,1620,1225
80644,926,689
80645,1774,1467
80648,582,532
80649,148,130
80650,727,590
80651,1672,1413
80652,189,127
80653,506,263
80654,1165,799
80701,6575,3940
80705,402,294
80720,1166,729
80721,79,57
80722,188,155
80723,2746,1683
80726,253,140
80727,234,184
80728,448,337
80729,206,133
80731,734,511
80732,15,15
80733,218,152
80734,1356,875
80735,168,68
80736,283,198
80737,796,465
80740,60,29
80741,412,300
80742,130,94
80743,578,386
80744,222,161
80745,37,23
80746,33,10
80747,222,186
80749,154,94
80750,111,83
80751,6864,4237
80754,73,48
80755,37,37
80757,116,63
80758,1515,1063
80759,2045,1262
80801,60,51
80802,80,27
80804,212,131
80805,131,101
80807,2057,1177
80808,2631,2011
80809,627,385
80810,619,387
80812,120,76
80813,1319,510
80814,2435,1703
80815,495,238
80816,4181,2895
80817,11649,8095
80818,235,151
80819,620,316
80820,659,264
80821,656,391
80822,110,73
80823,107,68
80824,168,91
80825,224,109
80827,919,402
80828,1117,673
80829,2920,1592
80830,76,67
80831,11148,9922
80832,403,331
80833,530,411
80834,182,116
80835,372,239
80836,485,299
80840,681,0
80860,409,178
80861,131,87
80862,40,21
80863,5734,4226
80864,696,520
80902,3730,0
80903,8340,3144
80904,11578,6178
80905,8933,4036
80906,16771,9767
80907,13250,7165
80908,8475,7536
80909,16572,8593
80910,13940,6220
80911,12516,9972
80914,14,0
80915,9434,6526
80916,15464,8100
80917,13656,7972
80918,20447,12524
80919,12033,8680
80920,14631,9659
80921,10412,7617
80922,11355,8069
80923,12905,8776
80924,6154,3975
80925,5870,4584
80926,729,620
80927,2492,2176
80928,310,256
80929,23,23
80930,671,203
80938,382,351
80951,1563,1122
81001,13651,6877
81003,6233,2667
81004,12597,6441
81005,13578,10026
81006,4795,3570
81007,12678,10725
81008,5302,3432
81019,859,501
81020,755,408
81021,16,7
81022,638,421
81023,995,562
81024,108,108
81025,469,319
81027,103,51
81029,185,101
81030,98,71
81033,67,44
81036,528,323
81039,1004,532
81040,466,158
81041,348,193
81043,36,25
81044,73,49
81045,47,17
81046,2,2
81047,765,459
81049,135,59
81050,4555,2917
81052,4062,2379
81054,1791,951
81055,1718,652
81057,177,135
81058,498,326
81059,66,26
81062,402,234
81063,873,451
81064,156,98
81067,2419,1256
81069,1380,778
81071,135,57
81073,951,554
81076,210,136
81077,318,263
81081,84,28
81082,6121,3619
81084,33,24
81087,119,64
81089,2415,1280
81090,557,304
81091,744,389
81092,350,243
81101,6739,3447
81120,1609,677
81121,215,127
81122,4506,2976
81123,448,287
81124,67,67
81125,1704,975
81126,201,110
81128,82,10
81129,74,0
81130,1346,313
81131,794,558
81132,1756,1185
81133,765,432
81136,137,78
81137,2562,1646
81138,38,14
81140,864,586
81141,488,357
81143,491,319
81144,2979,1905
81146,300,203
81147,9258,4300
81148,206,154
81149,614,368
81151,781,478
81152,866,347
81154,1938,439
81155,218,90
81201,5407,3187
81210,752,163
81211,4154,2500
81212,12918,8632
81220,503,90
81221,146,112
81222,206,116
81223,1767,950
81224,2459,1270
81225,1640,313
81226,2620,1703
81227,38,0
81230,5453,2945
81233,688,431
81235,1008,336
81236,1201,604
81237,257,65
81239,84,67
81240,1857,1319
81241,390,78
81242,536,437
81243,233,47
81244,279,200
81248,194,55
81251,271,200
81252,3886,1878
81253,225,201
81301,16548,8473
81303,4181,2659
81320,243,230
81321,6332,4065
81323,2780,1738
81324,1003,673
81325,69,62
81326,1354,967
81327,289,204
81328,2321,1779
81330,106,0
81331,185,168
81332,315,201
81334,412,177
81335,50,50
81401,10782,6921
81403,5355,3992
81410,827,680
81411,17,5
81413,3047,1794
81415,979,700
81416,5874,3601
81418,730,497
81419,1668,1223
81422,276,194
81423,816,568
81424,676,401
81425,2059,1364
81426,85,41
81427,953,423
81428,2150,1389
81429,53,36
81430,636,299
81431,251,207
81432,2058,1235
81433,546,172
81434,151,31
81435,5033,1684
81501,11524,5126
81503,6567,4838
81504,13042,9922
81505,5379,3647
81506,5737,3278
81507,7256,6113
81520,5411,3418
81521,6531,5281
81522,118,12
81523,652,422
81524,932,738
81525,472,244
81526,2573,1766
81527,742,490
81601,6491,3722
81610,257,155
81611,7564,3198
81612,35,0
81615,3046,1143
81620,9432,2384
81621,3145,1826
81623,7280,4465
81624,803,442
81625,5667,3610
81630,437,304
81631,3137,2107
81632,5529,2611
81633,16,0
81635,3066,1982
81637,3291,2391
81638,90,38
81639,1256,844
81640,110,20
81641,1899,1099
81642,34,0
81643,639,338
81645,540,290
81646,105,73
81647,2808,2026
81648,1351,869
81649,158,90
81650,5088,3664
81652,2223,1833
81653,23,0
81654,935,636
81655,178,106
81656,343,273
81657,7343,1717
82001,17977,10458
82007,9542,5696
82009,15361,12145
82050,122,111
82051,28,28
82052,44,44
82053,731,592
82054,313,287
82055,375,184
82058,97,18
82059,113,113
82060,122,122
82061,9,0
82063,92,33
82070,9838,4529
82072,7834,3195
82073,49,15
82081,7,0
82082,751,578
82083,189,64
82084,88,79
82190,350,0
82201,3539,2083
82210,209,124
82212,335,247
82213,497,229
82214,539,352
82215,103,60
82217,23,23
82218,5,5
82219,57,29
82221,303,190
82222,62,50
82223,405,246
82224,24,1
82225,1068,515
82227,181,121
82229,17,17
82240,4314,2723
82242,74,62
82243,115,93
82244,237,144
82301,4108,2372
82310,45,0
82321,355,208
82322,85,60
82323,140,59
82324,154,40
82325,598,371
82327,654,252
82329,255,156
82331,1418,851
82332,52,10
82334,330,170
82336,144,28
82401,3434,2357
82410,863,624
82411,199,124
82412,234,137
82414,8337,5320
82420,303,232
82421,231,170
82422,28,0
82423,94,48
82426,1300,905
82428,131,26
82430,43,37
82431,1482,895
82432,187,91
82433,655,326
82434,82,23
82435,5432,4082
82440,72,20
82441,188,70
82442,483,245
82443,2436,1462
82450,50,50
82501,7882,4696
82510,259,136
82512,228,115
82513,1426,675
82514,445,218
82515,181,131
82516,163,115
82520,5806,3690
82523,425,328
82601,12967,7943
82604,11589,9180
82609,9184,5383
82620,351,58
82633,4653,3143
82635,69,18
82636,1682,1095
82637,1955,1314
82638,18,18
82639,533,288
82640,80,80
82642,48,30
82643,233,114
82644,998,653
82648,8,8
82649,535,335
82701,2541,1804
82710,147,116
82711,46,11
82712,242,104
82714,89,0
82716,7771,5072
82718,10228,7588
82720,405,302
82721,1428,880
82723,110,70
82725,22,9
82727,869,729
82729,1273,730
82730,762,566
82731,80,31
82732,951,559
82801,11968,7438
82831,128,84
82832,660,459
82833,368,163
82834,3985,2714
82835,179,70
82836,530,365
82837,21,7
82838,312,171
82839,578,471
82842,512,245
82844,11,0
82845,48,48
82901,12696,8203
82922,320,141
82923,452,294
82925,328,189
82929,51,0
82930,7143,4070
82932,485,245
82933,268,158
82934,164,79
82935,5159,3632
82936,17,17
82937,1293,991
82938,172,128
82939,667,405
82941,2497,1480
82942,24,9
82943,101,14
82944,258,72
82945,145,78
83001,8827,4141
83011,331,90
83012,151,0
83013,357,69
83014,2556,1013
83025,882,199
83101,1867,1199
83110,2053,1364
83111,155,155
83112,395,287
83113,1294,757
83114,349,229
83115,334,154
83116,353,229
83118,276,223
83119,70,0
83120,116,48
83122,248,248
83123,374,263
83124,114,55
83126,194,117
83127,2221,1399
83128,1010,505
83201,15885,9917
83202,8866,6090
83203,25,6
83204,8238,5034
83209,250,0
83210,1325,922
83211,2319,1484
83212,165,138
83213,709,397
83214,241,193
83215,12,8
83217,390,260
83218,189,165
83220,47,47
83221,9985,7501
83223,125,67
83226,1409,677
83227,120,55
83228,354,298
83232,195,142
83233,141,105
83234,556,441
83235,58,35
83236,880,721
83237,447,353
83238,80,64
83239,224,193
83241,815,609
83243,19,19
83244,221,125
83245,886,739
83246,675,299
83250,780,648
83251,909,461
83252,2036,1659
83253,194,28
83254,1806,1094
83255,535,336
83261,304,168
83262,474,305
83263,3610,2452
83271,161,118
83272,290,78
83274,3856,2961
83276,1856,1139
83277,59,38
83278,447,208
83281,79,79
83283,45,45
83285,119,19
83286,471,372
83287,872,112
83301,24466,15457
83302,126,30
83311,214,176
83312,103,67
83313,1410,905
83314,414,228
83316,4279,2980
83318,6786,4278
83320,490,232
83321,214,124
83322,51,5
83323,728,448
83324,222,153
83325,291,187
83327,574,232
83328,2518,1841
83330,2551,1612
83332,1435,984
83333,5525,3576
83334,847,484
83335,811,444
83336,2249,1479
83337,19,4
83338,7606,5476
83340,5836,2110
83341,3028,2572
83342,625,416
83344,408,260
83346,544,366
83347,1267,902
83348,33,23
83349,530,387
83350,4939,3296
83352,1300,916
83353,2391,531
83354,18,9
83355,1730,1118
83401,16026,11465
83402,11983,7073
83404,9606,6703
83406,6837,4612
83414,288,261
83420,1350,832
83421,192,158
83422,2061,904
83423,357,132
83424,45,15
83425,237,135
83427,980,743
83428,475,233
83429,3388,375
83431,348,265
83433,467,17
83434,589,473
83435,235,97
83436,259,201
83438,75,53
83440,13845,4531
83442,7738,6406
83443,507,342
83444,468,277
83445,2549,1817
83446,53,20
83448,921,616
83449,242,99
83450,554,253
83451,336,272
83452,938,744
83454,140,91
83455,3139,1986
83462,257,204
83463,103,55
83464,203,88
83465,62,27
83466,118,52
83467,3495,2200
83468,140,51
83469,101,14
83501,16143,10905
83520,102,76
83522,833,498
83523,384,298
83524,451,318
83525,500,121
83526,121,86
83530,3001,1812
83533,62,48
83535,601,379
83536,2124,1415
83537,560,350
83539,1222,822
83540,819,488
83541,695,438
83542,81,53
83543,298,210
83544,2864,1847
83545,257,198
83546,393,245
83547,232,135
83548,67,47
83549,545,249
83552,516,288
83553,613,463
83554,254,175
83555,310,136
83602,33,0
83604,352,183
83605,14197,9086
83607,11858,9462
83610,518,281
83611,3315,831
83612,1198,701
83615,2224,371
83616,13756,11343
83617,6981,5022
83619,3508,2559
83622,1785,855
83623,737,426
83624,649,252
83626,625,434
83627,278,165
83628,1704,1180
83629,941,673
83631,1115,585
83632,199,116
83633,265,180
83634,10480,8486
83636,86,29
83637,460,136
83638,7004,2011
83639,1226,845
83641,1397,1043
83642,22700,15905
83643,100,50
83644,5362,4672
83645,377,291
83646,26829,21137
83647,9695,6193
83648,826,3
83650,313,166
83651,14031,10091
83654,1148,580
83655,2106,1731
83656,239,172
83657,119,58
83660,2227,1509
83661,3988,2465
83666,73,18
83669,5608,4380
83670,304,280
83672,3691,2424
83676,1841,1370
83677,178,55
83686,20283,15149
83687,14484,10020
83702,12771,6050
83703,7971,5003
83704,17776,10808
83705,13228,6799
83706,15992,7182
83709,22262,17839
83712,4606,2558
83713,12019,9101
83714,11672,8279
83716,9032,6572
83801,2738,2095
83802,137,16
83803,642,310
83804,995,746
83805,3497,2509
83806,112,74
83808,138,44
83809,276,236
83810,648,580
83811,873,420
83812,29,8
83813,709,448
83814,14314,7015
83815,17031,10956
83821,1080,137
83822,1197,841
83823,746,606
83824,156,103
83825,193,69
83826,106,34
83827,173,76
83830,196,143
83832,839,687
83833,1618,653
83834,129,74
83835,10110,7657
83836,758,456
83837,1707,778
83839,606,458
83840,268,203
83841,352,200
83842,53,37
83843,12089,5542
83844,50,0
83845,1072,735
83846,492,286
83847,783,470
83848,473,132
83849,921,756
83850,1055,806
83851,915,462
83852,690,172
83854,20440,13445
83855,914,665
83856,3969,2327
83857,467,462
83858,7660,5601
83860,3850,2455
83861,3382,2302
83864,9909,5599
83866,230,105
83867,185,170
83868,470,314
83869,2197,1668
83870,148,98
83871,1025,830
83872,394,347
83873,1154,477
83874,88,60
83876,1429,518
84001,250,187
84002,130,80
84003,16441,11775
84004,3133,2617
84005,11949,10006
84006,295,155
84007,213,115
84009,12873,11645
84010,16103,10954
84013,201,178
84014,5894,4896
84015,23058,16822
84017,2218,1123
84018,79,79
84020,16865,11702
84021,1681,909
84022,354,30
84023,302,20
84024,102,26
84025,7417,5917
84026,375,137
84027,852,213
84028,2182,154
84029,4045,3356
84031,262,93
84032,9929,6227
84033,329,270
84034,102,24
84035,285,267
84036,3972,2391
84037,11370,9928
84038,574,211
84039,309,177
84040,9454,7831
84041,19171,12013
84042,3349,2567
84043,23408,17621
84044,9057,7079
84045,11273,8979
84046,830,197
84047,17221,7225
84049,3331,1997
84050,3754,3172
84051,150,116
84052,455,301
84053,252,233
84054,7658,5060
84055,1403,435
84056,1080,23
84057,12246,7470
84058,11749,4690
84059,5325,2677
84060,9160,2438
84061,158,96
84062,14649,9874
84063,190,85
84064,280,175
84065,15734,13314
84066,5243,3686
84067,13425,11198
84069,198,131
84070,12212,6667
84071,640,609
84072,324,132
84073,127,93
84074,18128,14688
84075,9575,8475
84076,143,107
84078,11222,6929
84080,168,119
84081,15349,12556
84082,349,278
84083,547,102
84084,10628,7476
84085,131,58
84086,174,117
84087,5254,4432
84088,13277,9741
84092,9942,8316
84093,8005,7042
84094,9715,7335
84095,13518,10056
84096,21168,16774
84097,7237,4910
84098,9854,5787
84101,5605,1118
84102,11348,2495
84103,13528,5023
84104,8452,4825
84105,10953,6205
84106,16782,9330
84107,17287,7725
84108,8258,5944
84109,9829,7080
84111,8635,1770
84112,222,0
84115,13899,4903
84116,14487,7082
84117,11316,7219
84118,12230,9990
84119,16811,8617
84120,14184,10223
84121,16669,11387
84123,14716,8192
84124,8976,6688
84128,8442,7293
84129,12532,9711
84150,7,7
84301,289,241
84302,9355,6411
84304,33,33
84305,310,260
84306,123,109
84307,452,351
84308,77,64
84309,258,170
84310,2335,1463
84311,307,201
84312,1573,1214
84313,72,0
84314,347,264
84315,2754,2672
84316,107,85
84317,2296,971
84318,1597,1442
84319,3216,2623
84320,842,653
84321,17213,7875
84324,468,400
84325,737,642
84326,702,635
84327,282,254
84328,557,500
84329,70,42
84330,143,134
84331,128,72
84332,2729,2233
84333,1018,830
84334,73,73
84335,4769,3756
84336,193,106
84337,5111,3597
84338,202,142
84339,1664,1464
84340,1139,971
84341,9287,4025
84401,18615,10192
84403,14587,9480
84404,23907,16979
84405,12645,9289
84414,10578,9017
84501,5459,3408
84511,1680,1010
84512,390,203
84513,603,425
84516,72,40
84518,240,172
84520,584,270
84521,245,175
84522,172,122
84523,590,405
84525,415,249
84526,2591,1265
84528,1098,763
84529,44,9
84530,135,135
84531,185,157
84532,5658,3375
84533,33,0
84534,986,606
84535,979,743
84536,437,352
84537,664,376
84539,233,170
84540,24,0
84542,691,343
84601,11673,5139
84602,37,0
84604,13285,6181
84606,11428,2398
84620,425,343
84621,33,14
84622,460,346
84623,107,53
84624,2257,1539
84626,142,51
84627,1909,975
84628,403,356
84629,1806,1039
84630,168,72
84631,1074,713
84632,533,447
84633,300,214
84634,622,412
84635,341,168
84636,185,127
84637,237,155
84638,108,106
84639,314,252
84640,92,57
84642,1216,883
84643,271,186
84644,142,108
84645,818,695
84646,585,495
84647,1747,1089
84648,2358,1716
84649,326,233
84651,8956,7391
84652,277,232
84653,3235,2966
84654,1233,704
84655,4721,4075
84656,170,132
84657,181,141
84660,13162,10137
84662,658,511
84663,11025,7526
84664,3463,2955
84665,252,164
84667,114,85
84701,3345,2020
84710,199,40
84711,314,304
84712,153,48
84713,1811,1204
84714,464,345
84715,243,159
84716,262,108
84718,157,86
84719,1310,26
84720,8984,5397
84721,9638,6070
84722,363,277
84723,195,107
84724,563,441
84725,634,484
84726,537,302
84728,25,8
84729,241,140
84730,264,225
84731,25,25
84732,26,17
84733,114,89
84734,143,67
84735,261,60
84736,132,93
84737,9320,6246
84738,4469,3064
84739,186,117
84740,150,95
84741,3094,2113
84742,214,157
84743,99,78
84744,181,51
84745,1507,1051
84746,559,436
84747,460,226
84749,143,69
84750,377,225
84751,681,459
84752,351,277
84754,1658,1314
84755,75,17
84756,111,83
84757,726,526
84758,312,210
84759,1421,614
84760,503,315
84761,1499,781
84762,2464,87
84763,166,79
84764,192,9
84765,2867,1918
84766,81,14
84767,336,135
84770,21173,10813
84772,77,43
84773,255,92
84774,670,567
84775,473,197
84776,283,173
84779,574,219
84780,12922,8044
84781,580,167
84782,258,208
84783,530,431
84784,267,123
84790,20956,13735
85003,6117,1625
85004,6455,1280
85006,10607,3571
85007,5981,2364
85008,24508,7017
85009,14873,7121
85012,5269,1877
85013,11618,4525
85014,14778,5380
85015,17889,5388
85016,21363,9551
85017,12743,5300
85018,19487,9543
85019,8127,4010
85020,18231,8903
85021,18136,6502
85022,25020,12108
85023,14765,8021
85024,11032,6849
85027,17458,9140
85028,8642,6717
85029,19723,10259
85031,8816,5468
85032,30386,16830
85033,16691,9100
85034,2901,548
85035,15868,7085
85037,16020,9329
85040,11962,5355
85041,19729,13753
85042,16139,10245
85043,11564,7248
85044,18817,11078
85045,2954,2604
85048,14369,9970
85050,13000,9907
85051,16818,8709
85053,12003,7109
85054,6271,1857
85083,6947,6367
85085,12737,7081
85086,17213,13507
85087,3794,3447
85118,9042,6453
85119,13462,8488
85120,17430,11522
85121,659,307
85122,24238,14429
85123,4294,2875
85128,6527,4028
85131,5381,3226
85132,11901,8606
85135,248,132
85137,1152,792
85138,18215,13272
85139,7197,5147
85140,17349,13742
85141,189,130
85142,27701,23654
85143,15636,11131
85145,1158,1059
85147,1215,882
85172,518,271
85173,1347,853
85191,19,19
85192,950,712
85193,1650,1128
85194,3888,2918
85201,23099,8229
85202,18077,8386
85203,14020,7431
85204,24536,13348
85205,23473,14150
85206,19078,10378
85207,22747,16037
85208,18699,12174
85209,21921,13163
85210,16292,7092
85212,16576,13378
85213,15468,10256
85215,9146,6063
85224,21559,10825
85225,28930,16764
85226,17406,10230
85233,15080,10528
85234,17488,12624
85248,20013,14097
85249,17489,15010
85250,10066,6537
85251,26456,10701
85253,8815,6215
85254,21469,14056
85255,23016,14320
85256,1120,847
85257,16392,9263
85258,15566,9439
85259,10864,7419
85260,21072,11431
85262,8552,6228
85263,2521,1746
85264,350,303
85266,6454,5426
85268,13429,9302
85281,32475,6774
85282,25667,10822
85283,20620,9315
85284,7589,6013
85286,18387,11891
85295,19460,12145
85296,18065,12182
85297,11146,8401
85298,14308,12577
85301,24019,8910
85302,15767,7703
85303,10423,6247
85304,10547,8116
85305,5977,3235
85306,9587,5936
85307,4957,2196
85308,26540,18461
85310,7269,6352
85320,184,115
85321,2326,1321
85322,224,183
85323,14953,8650
85324,1261,1000
85325,836,595
85326,22417,16656
85328,215,173
85329,819,541
85331,13680,11758
85332,1171,785
85333,305,123
85334,797,281
85335,11896,7758
85336,2622,1450
85337,905,549
85338,23748,16935
85339,15628,12305
85340,13336,10412
85341,15,0
85342,841,618
85343,38,24
85344,6815,2804
85345,24273,14948
85346,2540,1015
85347,216,33
85348,2005,1152
85349,6907,4814
85350,6421,4528
85351,20414,14824
85352,198,32
85353,12500,8353
85354,3024,2404
85355,4514,4044
85356,2781,1530
85357,292,219
85360,120,57
85361,2805,2380
85362,582,280
85363,2629,1503
85364,31867,16356
85365,26353,16230
85367,16265,8756
85371,153,20
85373,10749,8275
85374,21982,14438
85375,19340,14209
85377,2258,1571
85378,4671,2396
85379,16052,11694
85381,11393,6957
85382,19796,12209
85383,25570,22371
85387,8707,7551
85388,10880,8586
85390,5702,3828
85392,14481,8447
85395,15710,10957
85396,14581,12292
85501,6102,3783
85530,612,475
85531,150,83
85532,219,122
85533,1418,938
85534,1349,888
85536,213,89
85539,1674,959
85540,1562,28
85541,15908,9081
85542,795,362
85543,1768,1175
85544,3731,1287
85545,504,268
85546,7831,5180
85550,1583,889
85551,127,68
85552,2270,1650
85553,1316,773
85554,476,197
85601,385,247
85602,5386,3334
85603,4183,2432
85605,289,151
85606,542,343
85607,6811,3568
85609,257,257
85610,598,272
85611,663,539
85613,1137,0
85614,16985,11522
85615,4294,3688
85616,2421,1633
85617,718,445
85618,689,448
85619,404,11
85620,375,284
85621,8244,3737
85622,4678,3284
85623,3017,2426
85624,1020,391
85625,1437,853
85626,372,248
85627,211,177
85629,10393,7827
85630,1260,677
85631,1602,1267
85632,670,360
85633,26,0
85634,1884,905
85635,17138,9458
85637,633,429
85638,1127,605
85639,148,36
85640,157,45
85641,11269,10000
85643,3965,2081
85645,591,521
85646,1110,639
85648,7425,5840
85650,6639,5155
85653,8070,6426
85654,37,0
85658,7752,5787
85701,3631,801
85704,17827,9302
85705,29145,11663
85706,19095,10407
85707,20,0
85708,1433,7
85710,28463,14483
85711,19774,8663
85712,18215,6764
85713,19056,10401
85714,5589,2666
85715,9678,6421
85716,19025,6501
85718,15138,8949
85719,21707,5817
85723,28,0
85730,16913,10675
85735,4609,3596
85736,1966,1394
85737,10574,7589
85739,9858,8412
85741,14985,8795
85742,12725,9934
85743,12757,10447
85745,17662,10492
85746,16345,11139
85747,10105,7588
85748,8833,6345
85749,8619,6729
85750,13654,8961
85755,9723,7291
85756,12772,9230
85757,6894,5596
85901,12437,6098
85911,558,243
85912,50,50
85920,904,284
85922,107,68
85923,232,185
85924,1423,769
85925,2124,1396
85926,281,99
85927,491,63
85928,559,115
85929,5089,2437
85930,371,224
85931,1006,104
85932,639,290
85933,5099,1598
85934,497,227
85935,5596,1895
85936,1396,824
85937,3159,2285
85938,1241,639
85939,1764,1360
85940,759,454
85941,3228,1670
86001,15364,4753
86003,46,35
86004,16550,9060
86005,8850,4087
86011,51,2
86015,691,540
86016,30,21
86017,3191,398
86018,878,390
86020,763,539
86021,856,529
86022,816,491
86023,903,84
86024,2177,576
86025,1921,1097
86028,44,15
86029,62,12
86030,449,228
86031,909,499
86032,637,403
86033,3315,1831
86034,941,388
86035,647,432
86036,152,55
86038,449,68
86039,762,543
86040,4801,2758
86042,825,360
86043,696,412
86044,1453,835
86045,3758,1962
86046,3572,2146
86047,4932,2638
86052,17,0
86053,808,574
86054,823,413
86301,13863,8435
86303,12255,6772
86305,10920,7625
86314,16806,10720
86315,4213,3224
86320,1349,978
86321,1043,134
86322,5230,3639
86323,8541,6835
86324,2593,1928
86325,2914,1914
86326,12243,7434
86327,6544,5248
86329,443,231
86331,367,119
86332,1368,1007
86333,3296,2161
86334,1954,1426
86335,2767,1760
86336,8066,4327
86337,1245,651
86338,315,202
86343,192,48
86351,4680,2223
86401,13662,8923
86403,11604,5522
86404,11503,7329
86406,14846,9083
86409,14616,9534
86411,248,189
86413,5759,4231
86426,7709,5692
86429,5509,2584
86431,204,99
86432,2385,1278
86433,79,79
86434,558,157
86436,1623,483
86437,38,27
86438,600,375
86440,4748,2729
86441,1344,642
86442,19581,10742
86443,63,0
86444,1435,817
86445,256,137
86502,497,309
86503,3873,2299
86504,2104,1080
86505,2800,1656
86506,590,400
86507,901,519
86508,257,166
86510,1994,1261
86511,1562,920
86512,873,513
86514,1148,537
86515,1444,572
86520,1022,695
86535,390,317
86538,724,419
86540,446,233
86544,640,390
86545,380,257
86547,325,212
86556,851,430
87001,1073,859
87002,9210,6348
87004,4916,3728
87005,111,30
87006,338,204
87007,661,345
87008,1173,1032
87010,898,354
87011,86,2
87012,236,132
87013,2020,1298
87014,235,160
87015,6593,5461
87016,1390,914
87017,175,124
87018,191,144
87020,4593,2489
87021,1284,672
87022,403,279
87023,189,121
87024,743,509
87025,1200,666
87026,1123,643
87027,197,71
87028,82,36
87029,279,171
87031,16917,12300
87032,150,119
87034,1160,725
87035,2884,1849
87036,901,603
87037,616,405
87038,115,98
87040,119,75
87041,368,291
87042,1496,1152
87043,2349,1998
87044,210,144
87045,892,654
87046,213,71
87047,2392,1974
87048,4079,3375
87049,27,0
87051,243,135
87052,674,443
87053,380,242
87056,509,472
87059,4436,3913
87060,11,0
87061,319,174
87062,700,557
87063,112,77
87064,156,95
87068,2252,1914
87070,11,0
87072,225,156
87083,322,258
87102,11346,3600
87104,6628,3917
87105,20263,14127
87106,13893,4795
87107,13441,7844
87108,19153,6545
87109,20826,9939
87110,19591,11143
87111,28192,16784
87112,20083,11980
87113,7155,4818
87114,28038,18755
87116,1488,27
87120,27432,20823
87121,26118,19295
87122,7139,6360
87123,20533,12995
87124,23027,17530
87144,18261,15223
87301,7776,3612
87305,731,525
87310,360,280
87311,1668,1075
87312,229,205
87313,1979,1108
87315,89,70
87316,658,293
87317,571,274
87319,1047,590
87320,291,186
87321,1038,576
87322,212,153
87323,2055,1291
87325,877,572
87326,925,601
87327,2130,1504
87328,1089,279
87347,90,48
87357,569,178
87364,671,423
87365,13,6
87375,1497,1142
87401,17611,9741
87402,4146,2949
87410,6402,4226
87412,542,396
87413,5764,3706
87415,1089,700
87416,1679,1088
87417,1961,1197
87418,407,339
87419,378,237
87420,3978,1754
87421,644,360
87455,748,420
87461,753,435
87499,332,220
87501,10480,5703
87505,18733,9650
87506,8475,6071
87507,21272,13518
87508,7782,6750
87510,539,396
87511,1098,775
87512,141,97
87513,791,653
87514,1015,614
87515,237,123
87516,81,57
87517,202,90
87519,266,170
87520,1329,415
87521,422,303
87522,1588,1040
87523,231,162
87524,175,144
87525,278,17
87527,624,417
87528,1319,696
87529,2892,1680
87530,609,469
87531,156,51
87532,8946,5314
87535,1000,670
87537,958,587
87538,237,164
87539,172,41
87540,621,321
87543,242,124
87544,6378,4089
87547,2304,2032
87548,368,220
87549,621,478
87551,319,166
87552,1133,704
87553,634,371
87554,34,0
87556,1505,835
87557,2509,1475
87558,1469,318
87560,865,572
87562,160,113
87564,164,63
87565,213,198
87566,893,626
87567,600,296
87569,169,163
87571,7038,3640
87573,223,0
87575,601,222
87577,392,228
87578,195,72
87579,737,407
87580,300,229
87581,37,0
87582,598,241
87583,265,130
87701,9699,5364
87710,2877,505
87711,363,258
87712,202,158
87713,198,111
87714,575,269
87715,169,101
87718,842,118
87722,635,424
87723,201,142
87724,31,0
87728,227,134
87729,71,45
87730,17,9
87731,145,101
87732,740,410
87733,102,40
87734,202,125
87735,35,0
87736,45,37
87740,3889,2332
87742,273,188
87743,280,129
87745,678,541
87746,54,43
87747,935,471
87749,118,0
87750,8,0
87752,410,242
87753,27,0
87801,4272,1945
87820,178,98
87821,651,325
87823,372,234
87824,219,60
87825,1401,607
87827,353,129
87828,203,152
87829,836,408
87830,547,164
87831,126,89
87832,202,96
87901,3981,1584
87930,411,257
87931,372,231
87935,1938,907
87936,182,128
87937,1123,733
87939,171,108
87940,173,92
87941,267,216
87942,722,387
87943,205,123
88001,16985,6410
88002,461,0
88005,12039,6833
88007,10262,7687
88008,4364,3466
88009,93,0
88011,15160,8478
88012,12704,8868
88020,458,279
88021,5742,3975
88022,495,287
88023,1151,510
88024,187,131
88025,60,44
88026,847,447
88027,249,172
88028,201,111
88029,755,246
88030,10812,6036
88034,30,30
88038,212,198
88039,533,259
88040,63,7
88041,560,406
88042,319,189
88043,859,466
88044,1331,785
88045,1520,759
88046,370,232
88047,741,498
88048,1326,1055
88049,544,324
88051,104,52
88052,118,62
88053,112,19
88055,24,0
88056,163,93
88061,9049,5039
88063,4150,2724
88065,338,167
88072,803,564
88081,5914,3157
88101,19798,10381
88112,177,132
88113,37,16
88114,26,12
88115,8,8
88116,244,128
88118,109,95
88119,1101,445
88120,205,87
88121,90,51
88124,572,353
88125,8,2
88126,13,8
88130,7985,4157
88132,131,52
88134,32,20
88135,640,432
88136,51,37
88201,11738,7649
88203,12089,6616
88210,7851,4935
88220,17692,11731
88230,1869,1266
88231,1449,939
88232,776,513
88240,16490,9453
88242,2776,2164
88250,67,56
88252,978,556
88253,368,235
88254,10,0
88255,71,33
88256,807,481
88260,5474,3459
88262,39,2
88263,20,20
88264,48,10
88265,124,60
88267,721,417
88301,880,550
88310,18112,9770
88311,441,281
88312,3219,1451
88314,85,4
88316,1451,1007
88317,2983,735
88318,322,145
88321,199,113
88324,136,52
88325,613,400
88330,1134,0
88336,272,197
88337,1134,702
88338,113,46
88339,787,281
88340,1131,612
88341,394,300
88342,21,5
88343,47,13
88344,34,34
88345,8844,2585
88346,1673,865
88347,131,0
88348,201,127
88349,48,0
88350,404,75
88351,127,55
88352,2032,1141
88353,277,111
88354,107,76
88355,154,73
88401,3759,2204
88410,68,34
88411,40,34
88414,65,22
88415,1524,820
88416,354,137
88417,49,6
88418,183,89
88419,71,33
88421,22,0
88422,67,24
88424,119,17
88426,1094,405
88427,81,50
88430,209,99
88431,27,27
88434,167,93
88435,1575,889
88436,58,18
88439,13,0
89001,577,284
89002,13703,10910
89003,452,251
89004,143,97
89005,7437,4825
89007,277,230
89008,628,262
89010,223,125
89011,15505,9539
89012,16776,9866
89013,234,75
89014,18062,8457
89015,16812,9883
89017,9,9
89018,418,228
89019,1755,749
89020,765,355
89021,995,793
89022,25,0
89025,542,339
89027,9972,6090
89029,5658,2282
89030,16632,5209
89031,25182,17901
89032,16514,9325
89034,1933,1530
89039,231,125
89040,1828,1040
89042,463,264
89043,645,380
89044,12494,9707
89045,1126,417
89046,494,188
89047,82,35
89048,11571,7410
89049,1601,807
89052,26456,15384
89054,105,102
89060,5722,4143
89061,3909,2985
89074,22310,11859
89081,14166,8810
89084,13211,9082
89085,1575,1342
89086,3495,1613
89101,18258,3074
89102,16964,4664
89103,25470,6939
89104,16704,6479
89106,10906,3185
89107,13844,7000
89108,28377,12479
89109,12053,1228
89110,23701,11508
89113,16151,8891
89115,21670,6978
89117,25494,10619
89118,10345,4000
89119,24756,4761
89120,9861,5453
89121,29012,12380
89122,22033,11064
89123,25246,13658
89124,613,250
89128,16840,8026
89129,21941,14761
89130,13819,9482
89131,18463,14165
89134,12897,9499
89135,14761,9888
89138,9069,6998
89139,15206,8938
89141,15010,10830
89142,11708,6622
89143,4341,3178
89144,8684,5539
89145,10878,6403
89146,8385,3281
89147,22831,11043
89148,25232,14115
89149,17376,11374
89156,10413,5544
89158,911,194
89161,195,101
89166,10650,7407
89169,14070,2053
89178,15900,10630
89179,4002,3063
89183,16250,8169
89191,4,0
89301,2959,1823
89310,179,74
89311,112,49
89314,94,28
89315,40,40
89316,541,218
89317,229,178
89318,548,372
89319,226,169
89402,169,61
89403,6906,5449
89404,42,19
89405,100,0
89406,10872,6620
89408,9039,6113
89409,82,54
89410,5285,3482
89411,696,500
89412,184,35
89413,709,345
89414,104,60
89415,1684,959
89418,144,69
89419,1511,860
89420,18,7
89421,269,170
89422,107,73
89423,4963,3843
89424,184,119
89425,193,137
89426,178,95
89427,393,242
89428,62,33
89429,3737,2798
89430,100,41
89431,16858,7184
89433,7531,5010
89434,11680,6915
89436,18819,13259
89439,1096,820
89440,614,448
89441,5314,4673
89442,371,215
89444,1682,1343
89445,7533,5079
89447,3878,2511
89448,1744,714
89449,2296,836
89450,20,0
89451,7733,2696
89460,5813,4413
89501,2975,590
89502,20781,6662
89503,13938,5843
89506,17015,11313
89508,5308,4707
89509,18290,8935
89510,694,580
89511,13628,8681
89512,12374,3293
89519,4137,2941
89521,16789,11465
89523,16662,9722
89557,105,9
89701,11447,6662
89703,5119,3690
89704,1937,1777
89705,2304,1774
89706,9107,5191
89801,11079,6624
89815,5448,4581
89820,2607,1470
89821,492,312
89822,983,506
89823,230,222
89825,511,143
89826,68,0
89828,208,125
89830,124,71
89831,77,26
89832,403,166
89833,110,58
89834,23,23
89835,635,320
89883,2156,968
90001,13998,4775
90002,13808,5423
90003,18349,4692
90004,26046,4011
90005,19357,1572
90006,21475,1951
90007,14153,1297
90008,16245,4475
90010,3024,444
90011,25119,6346
90012,16541,1249
90013,10143,686
90014,7618,236
90015,14635,1618
90016,19529,6320
90017,15953,842
90018,17917,5340
90019,26203,5673
90020,19119,1581
90021,1694,107
90022,17845,5636
90023,12319,3057
90024,20304,5417
90025,24965,5437
90026,28632,6635
90027,24267,4413
90028,22344,667
90029,14465,1460
90031,12686,3823
90032,14139,6932
90033,13874,2382
90034,29262,5291
90035,13795,3673
90036,21890,2675
90037,18709,4071
90038,14998,1129
90039,13332,5564
90040,3376,1810
90041,10425,5220
90042,22630,9985
90043,18307,9007
90044,28770,8579
90045,17981,7678
90046,31929,6694
90047,18042,9361
90048,13733,3312
90049,18684,8751
90056,3704,1985
90057,17912,703
90058,1179,173
90059,10650,4543
90061,8300,2855
90062,10060,4435
90063,14046,5041
90064,12897,5957
90065,17197,7716
90066,26591,9595
90067,2400,1188
90068,14662,5464
90069,15160,5078
90073,11,0
90077,3677,2700
90089,31,0
90094,6786,1746
90201,24989,5111
90210,9714,5748
90211,4209,1469
90212,6107,1168
90220,14067,8380
90221,12854,6620
90222,8874,4505
90230,14198,7579
90232,7995,3087
90240,8014,5035
90241,15100,5978
90242,12756,6584
90245,7677,3033
90247,17076,6579
90248,4249,2585
90249,9292,5188
90250,34105,10407
90254,10454,4527
90255,19265,5624
90260,10787,4511
90262,15497,7456
90265,8642,4881
90266,14945,8810
90270,6451,1900
90272,9207,6413
90274,9989,8128
90275,16668,12363
90277,18229,8008
90278,16628,9150
90280,25395,11011
90290,2678,1665
90291,16709,4914
90292,16878,3986
90293,7050,3029
90301,12884,3193
90302,11366,3085
90303,7354,2764
90304,7673,2108
90305,6499,3533
90401,5782,236
90402,5731,3499
90403,14853,3840
90404,11499,2314
90405,15726,4351
90501,15867,6614
90502,6899,4570
90503,18189,8973
90504,12328,7011
90505,15202,7530
90601,11161,6698
90602,8514,3125
90603,6659,5072
90604,12103,7422
90605,11377,7359
90606,8982,6157
90620,13579,9532
90621,11244,4056
90623,5191,3478
90630,16544,10787
90631,23390,13939
90638,15459,11564
90640,20438,9125
90650,27346,18256
90660,17281,11788
90670,5814,3533
90680,10866,5324
90701,4657,2348
90703,16160,11829
90704,1971,410
90706,24499,9023
90710,9861,5154
90712,10170,7573
90713,9615,7945
90715,6536,3244
90716,3988,1712
90717,8199,3560
90720,8675,5441
90723,14585,6225
90731,24477,7570
90732,9526,6632
90740,14208,9725
90742,494,102
90743,404,102
90744,15536,5362
90745,16638,10696
90746,8802,7262
90755,5071,2453
90802,25055,4576
90803,18516,7384
90804,15998,3258
90805,28954,12029
90806,13106,4479
90807,13345,7278
90808,14803,11808
90810,10294,5682
90813,18603,2609
90814,9939,2950
90815,15908,10009
91001,13335,10248
91006,11291,7337
91007,12772,6095
91008,368,291
91010,8900,5384
91011,7059,5667
91016,16171,7604
91020,3501,726
91024,5113,2683
91030,11040,4586
91040,8237,5013
91042,10815,5426
91046,88,13
91101,12400,1746
91103,9392,3955
91104,14381,7642
91105,6773,3071
91106,11809,3671
91107,14137,7860
91108,4490,3224
91125,85,0
91201,8570,2627
91202,9177,3776
91203,7503,1435
91204,7095,585
91205,14424,2267
91206,13767,4804
91207,4272,2239
91208,6450,3918
91210,219,42
91214,11092,7794
91301,9394,7051
91302,10235,7061
91303,11073,2171
91304,18875,9411
91306,15176,8319
91307,8964,7038
91311,14879,9613
91316,13602,6461
91320,15509,11617
91321,11257,6611
91324,11408,5065
91325,13668,5859
91326,13670,9861
91330,17,0
91331,23926,14475
91335,25615,12287
91340,9011,5530
91342,26403,17073
91343,18891,8964
91344,18424,12812
91345,5672,3979
91350,13959,11310
91351,10641,7739
91352,13119,6515
91354,11258,8518
91355,12338,7648
91356,12715,6994
91360,15631,10477
91361,8320,5344
91362,14456,9758
91364,10969,7054
91367,20577,9038
91377,5239,3595
91381,7407,4396
91384,7254,6018
91387,14938,9318
91390,6673,5525
91401,15785,5099
91402,20570,6924
91403,13095,5170
91405,19822,5017
91406,19650,7550
91411,10003,2547
91423,16678,5797
91436,6288,4710
91501,8510,3202
91502,5734,479
91504,10629,5254
91505,14258,5733
91506,8530,4628
91601,20539,3004
91602,10791,3216
91604,15900,6638
91605,17206,6048
91606,16563,5210
91607,14597,4259
91608,29,0
91701,13308,10256
91702,18218,10395
91706,18853,10899
91708,5645,2412
91709,26282,18059
91710,23911,15489
91711,13219,8311
91722,10340,6900
91723,6516,2685
91724,9372,6169
91730,26172,12262
91731,8809,2988
91732,15995,6810
91733,11172,4654
91737,8159,5534
91739,12293,8649
91740,8314,5246
91741,9267,6322
91744,18852,12610
91745,17143,12213
91746,7315,5321
91748,14396,8910
91750,12928,8347
91752,10634,6398
91754,12754,6757
91755,9316,4005
91759,358,139
91761,18309,12023
91762,20163,11171
91763,10557,5633
91764,17350,7398
91765,16056,11905
91766,20217,10367
91767,15653,8102
91768,8848,4912
91770,17704,8542
91773,12363,8678
91775,8905,5425
91776,12806,4805
91780,11953,7144
91784,9294,7754
91786,20094,8723
91789,13486,10483
91790,13318,7754
91791,11315,7153
91792,9673,5347
91801,21702,7622
91803,10439,5030
91901,6593,4769
91902,6277,4848
91905,607,429
91906,1336,961
91910,28432,13337
91911,27533,13146
91913,17880,12401
91914,4948,3795
91915,10813,7513
91916,733,451
91917,337,183
91931,333,219
91932,10276,2854
91934,436,195
91935,3106,2700
91941,13250,8314
91942,18488,7736
91945,9715,5030
91948,137,49
91950,19049,6322
91962,1215,978
91963,181,85
91977,20026,12213
91978,3340,2149
91980,22,22
92003,1798,1149
92004,2917,1205
92007,4687,2675
92008,13102,5933
92009,17085,11790
92010,7114,4267
92011,10159,5864
92014,6746,4033
92019,15830,10090
92020,20311,8413
92021,23360,11907
92024,21566,13356
92025,17376,6994
92026,19923,12051
92027,17768,10351
92028,17985,12009
92029,7976,5649
92036,2305,1276
92037,19628,10236
92040,16147,10235
92054,18113,5917
92056,20514,13107
92057,19660,12890
92058,15443,4041
92059,475,273
92060,187,157
92061,1020,640
92064,16987,12430
92065,12774,9459
92066,189,108
92067,3843,2805
92069,15687,8392
92070,368,140
92071,21732,15137
92075,5994,3442
92078,19249,13072
92081,11075,5665
92082,6973,5618
92083,11901,5387
92084,15712,8656
92086,739,507
92091,813,517
92101,32909,7190
92102,15622,4528
92103,21363,6898
92104,24580,6703
92105,23862,7322
92106,7908,4501
92107,14658,5086
92108,14072,3781
92109,26503,6966
92110,13227,4470
92111,17624,9053
92113,14443,3902
92114,18767,12783
92115,23448,8723
92116,17827,5330
92117,21706,11888
92118,9521,3814
92119,9738,6816
92120,13253,7950
92121,1774,805
92122,21349,6617
92123,13108,5425
92124,12004,5178
92126,26146,13300
92127,16641,11598
92128,21308,13297
92129,18993,13360
92130,23090,13354
92131,13352,10444
92134,16,0
92136,27,0
92139,10610,6034
92154,23832,13803
92173,8190,2733
92201,26241,13454
92203,14750,9429
92210,5025,1899
92211,20152,9640
92220,13258,8798
92222,19,0
92223,20579,16107
92225,7797,3321
92227,9062,4339
92230,926,521
92231,11799,5113
92233,1461,761
92234,23114,12501
92236,12629,8214
92239,254,43
92240,15977,7860
92241,6006,3119
92242,1452,548
92243,15908,7204
92249,1882,1173
92250,2476,1128
92251,7719,4543
92252,5201,2314
92253,24679,11764
92254,3701,2008
92256,1971,1142
92257,1093,357
92258,305,84
92259,316,105
92260,21659,9137
92262,19940,8330
92264,17518,7858
92266,225,31
92267,35,0
92268,364,129
92270,14936,7130
92273,605,194
92274,7030,4351
92275,677,393
92276,3757,2120
92277,13657,4618
92281,603,237
92282,603,429
92283,1077,339
92284,12255,6915
92285,2413,1031
92301,10069,5739
92305,472,107
92307,13832,9349
92308,14995,9972
92309,263,59
92310,3100,39
92311,13707,6063
92313,4883,2769
92314,9425,3218
92315,9861,1589
92316,8349,5538
92317,1056,280
92320,4156,3575
92321,1195,312
92322,676,244
92324,19150,9806
92325,6692,2712
92327,457,133
92328,501,89
92332,73,26
92333,1096,128
92335,25861,11948
92336,28489,22981
92337,9730,7129
92339,825,407
92341,973,116
92342,3118,2218
92344,6329,4680
92345,27247,16940
92346,18075,11808
92347,373,162
92350,13,0
92352,7515,2174
92354,8975,3490
92356,3053,1617
92358,376,274
92359,3483,2207
92363,3867,1303
92364,22,0
92365,1240,739
92368,350,165
92371,6683,4948
92372,1924,1387
92373,14501,6966
92374,15038,8373
92376,22716,13084
92377,5633,4758
92378,336,158
92382,4006,1576
92384,19,0
92385,236,99
92386,3101,548
92389,179,86
92391,1546,682
92392,18077,11380
92394,10217,6265
92395,16394,8231
92397,3155,2083
92398,705,340
92399,19382,13255
92401,745,109
92404,19403,9205
92405,9727,4651
92407,19029,10612
92408,4403,1583
92410,14325,5593
92411,7065,3793
92501,7488,3113
92503,25802,16302
92504,17038,10210
92505,15324,7449
92506,15407,11613
92507,19739,6459
92508,10356,8211
92509,20929,14406
92518,815,31
92530,18502,11857
92532,8476,6026
92536,1400,958
92539,2011,1018
92543,15225,7807
92544,17568,10744
92545,17533,12262
92548,2350,1590
92549,4182,1192
92551,8574,5693
92553,20175,9813
92555,12337,9046
92557,15748,10043
92561,1014,668
92562,22362,15054
92563,24020,17155
92567,2953,2259
92570,15590,9328
92571,14792,10247
92582,5858,4761
92583,10397,6420
92584,18480,14648
92585,8447,6781
92586,10059,6740
92587,6529,4668
92590,2023,660
92591,14779,8279
92592,25878,19580
92595,10366,7563
92596,10225,8001
92602,10245,4287
92603,7895,4113
92604,10405,6208
92606,9436,3357
92610,4809,3749
92612,16161,3861
92614,12499,4306
92617,4723,1370
92618,26470,9555
92620,22534,12016
92624,3309,1653
92625,6802,3513
92626,20643,8188
92627,23286,8301
92629,13493,7089
92630,24390,15833
92637,13494,8423
92646,22195,16066
92647,22340,9285
92648,21609,9363
92649,15178,8445
92651,13913,7261
92653,11420,7537
92655,2845,695
92656,21211,11650
92657,4353,2726
92660,17144,7696
92661,2727,635
92662,1869,610
92663,12348,5043
92672,17487,7865
92673,10005,7630
92675,12801,9498
92676,774,657
92677,27527,16949
92678,247,235
92679,10904,9426
92683,29075,14541
92688,16388,11099
92691,16673,12457
92692,18005,13055
92694,12424,8779
92701,13470,3770
92703,14644,6985
92704,20887,10185
92705,16642,9838
92706,10473,5220
92707,14767,6902
92708,19250,12462
92780,18308,7962
92782,11474,6945
92801,19519,6841
92802,12724,4377
92804,25451,10156
92805,23195,8764
92806,13144,5252
92807,12985,10092
92808,7768,5536
92821,15232,8571
92823,1973,1421
92831,13691,5179
92832,9170,3108
92833,17042,9311
92835,9644,6700
92840,16662,8486
92841,9813,5301
92843,12051,5698
92844,7187,2835
92845,5569,4365
92860,7073,5569
92861,1952,1672
92865,7188,4679
92866,5991,1893
92867,13693,9052
92868,9105,2723
92869,11918,8473
92870,17545,10752
92879,14919,8339
92880,20743,15444
92881,9362,7431
92882,20757,12685
92883,12821,10066
92886,17624,13740
92887,7218,5846
93001,14705,5776
93003,20734,11535
93004,11661,7516
93010,17315,10566
93012,14399,9368
93013,7640,3811
93015,6196,3694
93021,12103,9274
93022,2264,1734
93023,9310,6237
93030,15966,6905
93033,17523,9699
93035,12025,5854
93036,14798,7357
93040,546,349
93041,9083,3439
93060,10935,5614
93063,20220,14581
93065,26260,18687
93066,1127,789
93067,549,291
93101,13664,2786
93103,8069,3505
93105,11401,5678
93106,41,0
93108,5670,3562
93109,4910,2498
93110,6866,3894
93111,6724,4276
93117,18208,6496
93201,343,86
93202,1119,582
93203,5005,2498
93204,3085,1322
93205,1118,472
93206,603,193
93207,336,63
93208,526,148
93210,4883,2459
93212,4967,2300
93215,13207,7587
93218,180,106
93219,2481,1261
93221,5046,2979
93222,2241,991
93223,2699,1739
93224,180,119
93225,2397,1295
93226,81,20
93227,59,26
93230,23149,13489
93234,1726,446
93235,1249,702
93237,109,25
93238,865,438
93239,511,84
93240,3319,1822
93241,4698,1820
93242,1009,570
93243,755,315
93244,107,60
93245,12995,5817
93247,5731,2959
93249,605,174
93250,4060,2013
93251,98,35
93252,696,325
93254,462,280
93255,541,326
93256,1484,604
93257,25020,13165
93258,381,144
93260,503,55
93261,562,226
93262,163,0
93263,6489,3931
93265,1901,1213
93266,435,195
93267,1686,954
93268,6289,2808
93270,1718,1078
93271,1441,759
93272,1175,353
93274,24493,13323
93276,68,39
93277,19434,11107
93280,6848,3696
93283,1292,814
93285,2225,993
93286,3074,1589
93287,91,59
93291,19866,11332
93292,15028,8920
93301,6202,2216
93304,16380,6778
93305,11824,3830
93306,23789,14081
93307,24349,10842
93308,21443,9868
93309,23546,10769
93311,17797,11877
93312,19089,14378
93313,17232,12913
93314,11393,9267
93401,14363,6380
93402,6586,4346
93405,9687,2799
93407,16,0
93420,13823,8367
93422,13702,8499
93424,852,418
93426,1372,375
93427,2712,1418
93428,4199,2259
93429,87,27
93430,2707,953
93432,588,388
93433,5757,2755
93434,2296,1224
93436,18928,10131
93437,1192,0
93440,674,390
93441,452,348
93442,6537,3191
93444,8406,5674
93445,3285,1764
93446,19786,11910
93449,6060,2757
93450,188,100
93451,1671,1012
93452,296,70
93453,1151,576
93454,12413,6339
93455,16087,12039
93458,14433,6075
93460,2724,1649
93461,486,367
93463,3672,2113
93465,4160,2999
93501,2416,975
93505,5352,2666
93510,2718,2338
93512,176,150
93513,864,520
93514,6942,4359
93516,1286,601
93517,469,152
93518,655,398
93519,27,0
93522,44,29
93523,1626,311
93526,465,265
93527,1069,665
93528,59,26
93529,604,51
93530,44,0
93531,308,215
93532,1174,794
93534,16343,5472
93535,23917,14753
93536,24407,15898
93541,361,273
93543,3750,2473
93544,653,374
93545,883,387
93546,10905,2482
93549,160,84
93550,23965,12064
93551,17940,13115
93552,11329,8477
93553,729,507
93554,91,52
93555,14401,8201
93558,70,0
93560,7458,5337
93561,13876,9701
93562,955,448
93563,79,31
93591,2124,1490
93601,691,552
93602,1590,938
93603,186,47
93604,1177,171
93605,156,15
93606,281,135
93608,269,87
93609,1483,646
93610,6029,3073
93611,16093,11417
93612,14362,5706
93614,4875,3641
93615,1518,660
93616,636,331
93618,9040,5168
93619,17019,14287
93620,3490,1685
93621,183,140
93622,2966,1302
93623,164,0
93624,212,32
93625,2969,1553
93626,1260,1070
93627,82,0
93628,478,39
93630,6265,3130
93631,6149,4072
93633,261,32
93634,521,0
93635,14835,8162
93636,4759,3890
93637,12918,6962
93638,12821,6497
93640,3521,1554
93641,350,66
93643,1630,972
93644,3788,2192
93645,293,172
93646,2700,1135
93647,2950,1544
93648,4066,1708
93650,1080,367
93651,580,335
93652,107,81
93653,652,439
93654,9505,5114
93656,1852,745
93657,11677,7238
93660,1041,364
93662,9810,5344
93664,2106,154
93665,128,55
93666,189,36
93667,1023,715
93668,291,183
93669,238,60
93670,35,0
93673,120,70
93675,1436,981
93701,3836,384
93702,13386,4369
93703,11155,4160
93704,12165,6315
93705,13408,6202
93706,12239,4349
93710,12581,5226
93711,16643,10283
93720,19738,10730
93721,2621,198
93722,27615,16187
93723,3886,2986
93725,6998,4286
93726,15744,5747
93727,25919,15529
93728,6878,2631
93730,5266,3928
93737,2052,1885
93741,67,67
93901,11328,4919
93905,14534,5866
93906,18432,9770
93907,7659,4940
93908,4543,3625
93920,706,194
93921,2910,766
93923,7108,4139
93924,3001,2111
93925,397,150
93926,2454,1336
93927,5037,2428
93930,4744,2334
93932,217,166
93933,10227,3888
93940,15451,6000
93943,5,0
93944,6,0
93950,8315,3409
93953,2958,1426
93954,88,33
93955,11150,3865
93960,4998,2871
93962,110,73
94002,11307,5957
94005,2101,1129
94010,17834,9854
94014,15643,8375
94015,22314,12400
94018,1423,1124
94019,5849,4028
94020,978,605
94021,160,110
94022,8151,5862
94024,8486,7063
94025,16259,8503
94027,2682,1989
94028,2783,2220
94030,8566,5055
94037,1226,950
94038,1007,954
94040,16963,5561
94041,7383,2016
94043,14756,5973
94044,14609,9570
94060,600,216
94061,14122,6958
94062,10496,6947
94063,12162,3556
94065,4884,3036
94066,16736,9556
94070,11958,7820
94074,39,25
94080,23364,13391
94085,9666,3597
94086,21264,6218
94087,21429,11293
94089,9449,4659
94102,23153,1687
94103,20920,3337
94104,294,81
94105,9680,3121
94107,18798,5746
94108,7730,578
94109,39043,5775
94110,30685,11231
94111,3050,486
94112,24530,15681
94114,18686,7478
94115,19312,4146
94116,16406,11361
94117,19709,4969
94118,19052,6162
94121,19742,7824
94122,24155,10891
94123,14883,3596
94124,11780,5536
94127,7895,6106
94129,1427,0
94130,679,0
94131,13755,6737
94132,11913,4955
94133,15733,2264
94134,13232,8090
94158,5300,1772
94301,8220,3653
94303,15927,8259
94304,2490,512
94305,4223,980
94306,11853,5637
94401,13798,5807
94402,10623,5897
94403,17682,8836
94404,15166,7446
94501,27117,10462
94502,5012,4154
94503,6129,4648
94505,6136,4900
94506,9420,8256
94507,5392,4789
94508,1128,636
94509,24048,13666
94510,11463,7776
94511,1072,646
94512,89,0
94513,22546,17964
94514,587,368
94515,3214,1680
94516,76,53
94517,4433,3985
94518,10361,7066
94519,7427,5030
94520,13661,4968
94521,16083,11440
94523,14585,8772
94525,1837,919
94526,12265,10006
94528,408,371
94530,11404,6313
94531,13888,9846
94533,25539,13519
94534,14249,10466
94535,1368,8
94536,26338,14418
94538,24429,10365
94539,17669,13436
94541,23217,10286
94542,5232,3489
94544,23990,12253
94545,10439,7051
94546,16398,10469
94547,9615,7560
94548,196,196
94549,10781,8104
94550,18390,13035
94551,14475,9945
94552,5079,4687
94553,19626,13730
94555,12110,8166
94556,5830,4800
94558,27402,16477
94559,11599,5271
94560,15897,10582
94561,14251,10584
94563,7547,6770
94564,7285,5222
94565,31173,18214
94566,16698,11334
94567,293,159
94568,24737,15504
94569,144,51
94571,5525,4207
94572,3156,1723
94573,81,13
94574,4112,2189
94576,64,49
94577,17681,9435
94578,14819,5798
94579,6916,5057
94580,9067,6466
94582,16531,11285
94583,14208,9883
94585,9849,5793
94586,370,271
94587,21923,14215
94588,12496,7612
94589,9826,5976
94590,16500,6689
94591,20543,13227
94592,467,387
94595,9835,7626
94596,11242,4848
94597,11262,4983
94598,10735,7987
94599,1781,993
94601,17454,5670
94602,13072,7285
94603,11199,4901
94605,17686,10465
94606,17457,3173
94607,14362,3869
94608,17956,5344
94609,11915,3566
94610,17926,5949
94611,19014,10734
94612,11928,1032
94618,7873,4845
94619,10348,6609
94621,11078,3676
94702,8209,3629
94703,9654,3441
94704,9722,964
94705,6335,3434
94706,8386,4328
94707,5377,4511
94708,5048,3975
94709,6139,1334
94710,4105,1345
94720,365,46
94801,11012,4845
94803,10038,6840
94804,16659,7821
94805,6076,3872
94806,21360,10281
94901,16412,7816
94903,12708,8013
94904,5982,3600
94920,5778,3607
94922,83,55
94923,1353,546
94924,1029,417
94925,4147,2802
94928,17449,8521
94929,385,105
94930,3729,2323
94931,4244,2481
94933,597,422
94937,809,433
94938,297,174
94939,3691,1691
94940,189,67
94941,13860,8348
94945,7355,5075
94946,313,238
94947,9426,6220
94949,7541,4507
94950,18,18
94951,1554,979
94952,14794,8387
94954,15147,9928
94956,1029,425
94957,775,591
94960,6641,4362
94963,195,173
94964,147,0
94965,6797,3525
94970,727,144
94971,185,70
94972,41,5
94973,716,578
95002,570,379
95003,11728,7112
95004,1371,971
95005,2892,1973
95006,3855,2546
95007,205,136
95008,20013,9135
95010,4741,1934
95012,2652,1130
95013,13,13
95014,23310,13051
95017,260,105
95018,3029,2291
95019,1899,591
95020,20679,12587
95023,18043,11798
95030,5817,4045
95032,11146,6601
95033,4305,3069
95035,25851,14714
95037,17185,11890
95039,485,228
95041,382,188
95043,316,143
95045,1681,1068
95046,2048,1420
95050,16674,6422
95051,25152,10260
95053,45,0
95054,10001,3330
95060,20181,9484
95062,17055,8290
95064,548,174
95065,3090,2063
95066,6733,4655
95070,11849,9636
95073,4722,3258
95075,174,151
95076,26488,13940
95110,7568,2711
95111,16303,9547
95112,22969,5935
95113,1850,224
95116,13987,5313
95117,11226,3611
95118,11941,7142
95119,3538,2577
95120,12974,11158
95121,9918,7541
95122,12560,6340
95123,25023,14617
95124,18143,12637
95125,22151,12577
95126,16936,5441
95127,16823,10386
95128,15193,6229
95129,15091,8235
95130,5019,3025
95131,10270,6297
95132,12391,8883
95133,9378,5213
95134,14688,1845
95135,7835,6562
95136,16535,9430
95138,5733,4636
95139,2190,1706
95140,66,32
95148,12385,9682
95202,3999,177
95203,5858,2200
95204,12354,6634
95205,11722,5295
95206,18792,10604
95207,20300,7782
95209,13923,9997
95210,12623,6288
95212,8299,5916
95215,7367,4114
95219,11817,6595
95220,2908,1927
95221,132,58
95222,2888,1893
95223,7273,1289
95224,224,114
95225,425,207
95227,398,349
95228,2572,1485
95230,199,84
95231,795,368
95232,70,51
95233,213,134
95236,1851,1086
95237,1443,1150
95240,17304,8025
95242,11190,7216
95245,1443,1102
95246,702,481
95247,2604,1353
95248,106,15
95249,2033,1280
95251,393,327
95252,5406,4420
95253,136,36
95254,167,90
95255,1048,646
95257,284,98
95258,1597,1265
95301,13250,7354
95303,310,184
95304,5085,2962
95305,127,31
95306,469,351
95307,13221,8367
95310,914,547
95311,1441,917
95312,64,39
95313,461,141
95315,3601,2432
95316,2585,1652
95317,289,75
95318,392,198
95319,516,221
95320,5123,3435
95321,3666,1413
95322,3785,1720
95323,445,289
95324,2663,1247
95326,4211,2473
95327,3283,1946
95328,1317,560
95329,1402,922
95330,8883,7165
95333,878,521
95334,4411,2290
95335,854,82
95336,16889,11112
95337,14193,9965
95338,5656,3551
95340,13553,7095
95341,9331,3568
95345,238,177
95346,1383,304
95348,12173,5300
95350,20327,11138
95351,13631,6348
95354,9797,4362
95355,22136,13020
95356,11802,7657
95357,4357,3028
95358,8751,5037
95360,4556,2932
95361,12913,8426
95363,8641,5849
95364,281,0
95365,1292,595
95366,6726,4345
95367,7579,5133
95368,4337,3455
95369,420,203
95370,13985,8722
95372,703,554
95374,683,295
95375,476,22
95376,17270,10072
95377,9907,7094
95379,1648,1252
95380,15682,7487
95382,14167,8718
95383,3243,1386
95385,235,122
95386,3179,1613
95387,268,87
95388,3957,2022
95389,706,91
95391,7005,4851
95401,14281,7821
95403,17504,9097
95404,16850,9269
95405,9664,5713
95407,13371,6699
95409,12499,7975
95410,482,269
95412,154,73
95415,574,225
95417,53,53
95419,158,70
95420,211,118
95421,1143,507
95422,7890,3495
95423,2418,1107
95425,4600,3204
95426,1071,545
95427,318,151
95428,1306,562
95429,98,78
95430,16,0
95432,441,228
95435,81,0
95436,2668,1677
95437,7654,3677
95439,343,243
95441,940,486
95442,1625,1030
95443,40,11
95444,263,217
95445,1321,576
95446,3189,1696
95448,7783,4056
95449,717,247
95450,297,74
95451,6295,3609
95452,678,404
95453,5488,3471
95454,1039,563
95456,795,288
95457,1801,1083
95458,2113,1058
95459,532,199
95460,1401,816
95461,1646,941
95462,974,492
95463,70,7
95464,1376,636
95465,1012,335
95466,400,157
95467,2489,1832
95468,828,419
95469,887,417
95470,2392,1460
95471,521,252
95472,12595,8360
95476,16974,10083
95480,3,0
95482,13143,6595
95485,1322,879
95486,15,6
95488,300,220
95490,6077,3502
95492,10013,7234
95493,46,34
95494,106,30
95497,1813,622
95501,10577,4012
95503,10738,6956
95511,81,47
95514,115,16
95519,8240,4627
95521,9797,3251
95524,719,567
95525,860,395
95526,452,179
95527,476,185
95528,680,455
95531,8708,5212
95536,1548,819
95537,105,35
95538,447,414
95540,6087,3335
95542,1429,715
95543,374,195
95545,111,61
95546,997,568
95547,516,408
95548,541,281
95549,391,276
95550,115,26
95551,751,304
95552,515,133
95553,464,301
95554,179,78
95555,236,72
95556,340,245
95558,193,97
95559,49,0
95560,893,334
95562,1604,823
95563,330,69
95564,239,71
95565,418,157
95567,1056,719
95568,61,25
95569,170,84
95570,1495,760
95571,121,0
95573,989,408
95585,377,132
95587,28,0
95589,1159,511
95595,180,55
95601,203,120
95602,8132,6114
95603,12538,7963
95604,90,0
95605,5517,2289
95606,113,101
95607,104,79
95608,27312,13422
95610,18277,9221
95612,476,222
95613,31,0
95614,1755,1580
95615,390,213
95616,19944,6708
95618,10898,5581
95619,2740,1547
95620,8179,4854
95621,17284,11411
95623,1737,1394
95624,20740,15580
95625,120,44
95626,1849,1393
95627,1415,784
95628,17417,11893
95629,624,452
95630,30106,20183
95631,2819,2258
95632,10521,7678
95633,1225,1055
95634,2068,1324
95635,601,519
95636,583,441
95637,190,132
95638,863,731
95639,67,62
95640,4120,3190
95641,1161,731
95642,3428,2095
95645,549,391
95646,689,94
95648,22095,17861
95650,5234,4573
95651,237,132
95652,412,0
95653,251,191
95655,1634,1240
95658,2511,2146
95659,284,188
95660,11433,6532
95661,13832,8211
95662,13028,9428
95663,1239,1062
95664,615,551
95665,2294,1809
95666,3740,2356
95667,15647,10900
95668,250,156
95669,1067,884
95670,22779,12200
95671,19,0
95672,2064,1864
95673,5426,3838
95674,341,221
95675,106,84
95676,35,2
95677,11212,7361
95678,18594,9862
95679,52,42
95680,10,10
95681,390,318
95682,12126,8644
95683,2673,2478
95684,1576,1078
95685,2388,1428
95686,411,197
95687,24283,15249
95688,14876,10034
95689,758,424
95690,727,323
95691,14826,9070
95692,1813,1169
95693,2599,2076
95694,3701,2205
95695,15201,7654
95697,82,0
95698,154,102
95699,31,17
95701,564,371
95703,820,567
95709,2597,1768
95713,4164,3099
95714,303,126
95715,140,31
95717,83,21
95720,326,25
95721,229,0
95722,1936,1595
95726,4586,2829
95728,1153,214
95735,568,23
95736,115,0
95742,4941,4183
95746,8183,6922
95747,29457,23263
95757,15853,11223
95758,22755,15565
95762,17285,14548
95765,15147,10031
95776,8410,5607
95811,5085,814
95814,7972,724
95815,10527,3638
95816,11553,3314
95817,7014,2623
95818,11301,6097
95819,8936,5830
95820,14254,7847
95821,16403,7560
95822,17479,10447
95823,25465,11309
95824,9686,3980
95825,16803,3932
95826,16712,8724
95827,7922,4683
95828,18603,11757
95829,9412,7027
95830,201,157
95831,20261,11013
95832,3334,2139
95833,16751,7969
95834,13531,6705
95835,15610,10266
95837,111,73
95838,12400,6629
95841,8817,3199
95842,12275,5865
95843,15207,10041
95864,10286,7450
95901,13861,7192
95903,641,23
95910,53,18
95912,1630,1054
95913,95,76
95914,273,158
95915,16,0
95916,471,261
95917,1277,864
95918,995,834
95919,780,407
95920,113,46
95922,344,172
95923,248,38
95925,109,21
95926,18566,7156
95928,17455,6685
95930,154,63
95932,3041,1836
95934,119,49
95935,381,227
95936,275,66
95937,489,276
95938,1515,1013
95939,253,67
95941,105,103
95942,1102,812
95943,321,144
95944,91,0
95945,13051,6767
95946,4337,3072
95947,687,397
95948,4149,2087
95949,8644,7043
95950,210,97
95951,804,498
95953,3642,2314
95954,4050,2902
95955,566,334
95956,507,155
95957,341,170
95959,8840,5619
95960,322,142
95961,10417,7132
95962,480,353
95963,6270,3826
95965,7846,4402
95966,13667,8657
95968,592,288
95969,3908,2790
95970,223,106
95971,2699,1412
95973,15836,9547
95974,59,59
95975,796,544
95977,778,646
95978,65,39
95979,350,132
95981,254,28
95982,1150,884
95983,242,90
95984,154,75
95986,61,26
95987,2144,1105
95988,3480,1746
95991,15234,7066
95993,13174,8547
96001,14370,7861
96002,13685,7952
96003,19873,10635
96006,250,145
96007,10755,6892
96008,439,365
96009,204,109
96010,68,11
96011,128,42
96013,2025,1042
96014,158,78
96015,250,113
96016,183,111
96017,180,48
96019,4277,2488
96020,1994,901
96021,5879,3422
96022,6539,4676
96023,572,351
96024,547,274
96025,1534,685
96027,928,628
96028,939,433
96029,46,29
96031,80,34
96032,1361,777
96033,138,83
96034,168,117
96035,1747,967
96037,63,63
96038,254,151
96039,431,175
96040,98,39
96041,1499,727
96044,644,378
96046,66,33
96047,493,324
96048,450,237
96050,258,193
96051,845,419
96052,1032,547
96054,228,113
96055,1708,974
96056,916,597
96057,927,409
96058,302,130
96059,408,143
96061,124,0
96062,456,339
96063,283,11
96064,2122,1394
96065,256,130
96067,4517,2565
96068,56,5
96069,632,490
96071,145,17
96073,1971,1803
96074,61,45
96075,185,33
96076,90,39
96078,24,24
96080,13008,7700
96084,366,221
96085,44,32
96086,202,107
96087,317,285
96088,2775,1961
96090,197,128
96091,844,320
96092,160,138
96093,1879,1211
96094,3233,1924
96096,409,278
96097,4737,2797
96101,2456,1342
96103,1773,594
96104,467,263
96105,341,184
96106,510,70
96107,347,179
96108,39,26
96109,592,381
96110,98,54
96111,13,13
96112,144,35
96113,412,165
96114,1426,891
96115,103,63
96116,138,0
96117,142,54
96118,766,528
96119,58,16
96120,590,302
96121,72,9
96122,2533,1222
96123,62,19
96124,104,17
96125,434,146
96126,178,85
96128,267,248
96129,146,98
96130,7193,3694
96132,20,4
96133,56,14
96134,1031,621
96135,59,59
96136,33,16
96137,3948,978
96140,1707,416
96141,1509,224
96142,2272,237
96143,2824,788
96145,4915,1053
96146,2198,297
96148,858,199
96150,23472,7363
96155,111,0
96161,18558,6014
96701,15407,10067
96703,866,722
96704,3367,1862
96705,685,447
96706,24305,16185
96707,16554,11061
96708,4523,2728
96710,202,108
96712,3117,1453
96713,696,239
96714,809,268
96716,817,521
96717,1686,636
96719,646,376
96720,19826,11816
96722,2800,715
96725,1690,915
96726,10,10
96727,1642,1187
96728,198,121
96729,472,352
96730,633,356
96731,1310,508
96732,8728,5154
96734,18208,10846
96737,2505,1346
96738,4751,2114
96740,19119,10025
96741,2474,1712
96742,95,0
96743,6690,3900
96744,18695,13697
96746,8178,4640
96747,328,0
96748,2122,963
96749,7545,5188
96750,1220,735
96751,52,0
96752,1343,667
96753,18294,6926
96754,1735,1065
96755,1329,989
96756,3534,1263
96757,269,166
96759,50,0
96760,1768,1201
96761,11851,4241
96762,1348,437
96763,1578,608
96764,288,131
96765,247,126
96766,5562,3310
96768,6816,4104
96769,114,0
96770,697,129
96771,3144,2109
96772,1289,835
96773,108,59
96774,153,101
96776,696,401
96777,570,416
96778,6814,4681
96779,1155,614
96780,175,141
96781,888,566
96782,12699,8280
96783,660,314
96785,2493,1686
96786,14444,3926
96789,19736,15296
96790,3592,2240
96791,2697,1431
96792,15516,8133
96793,11510,7598
96795,2662,1974
96796,848,332
96797,21327,13756
96813,13511,6792
96814,15346,6263
96815,22804,6691
96816,19818,11309
96817,21489,8487
96818,19719,6887
96819,13287,6420
96821,7462,5824
96822,19960,10032
96825,11956,9162
96826,16564,4777
96848,19,0
97001,74,47
97002,2381,1872
97003,11258,5950
97004,1693,1529
97005,12130,4614
97006,19383,8600
97007,19420,14157
97008,12845,6746
97009,3081,2564
97011,503,336
97013,9152,6448
97014,794,558
97015,9420,5783
97016,3115,2223
97017,1148,1031
97018,758,651
97019,1207,927
97020,482,407
97021,674,418
97022,1338,1030
97023,4718,3647
97024,5157,2341
97026,1196,1019
97027,5365,3411
97028,614,86
97029,195,87
97030,16500,6910
97031,8010,4752
97032,1805,1330
97033,65,38
97034,9017,6473
97035,11822,6979
97037,608,257
97038,6423,4365
97039,232,105
97040,780,437
97041,1443,865
97042,1176,1035
97045,21702,15632
97048,3115,2066
97049,2164,871
97050,151,91
97051,6804,4287
97053,1426,1324
97054,638,609
97055,7931,6076
97056,5179,3775
97057,18,7
97058,8797,5179
97060,7823,5027
97062,11659,6471
97063,986,466
97064,1653,1210
97065,336,205
97067,1519,801
97068,11656,9370
97070,11275,5626
97071,10595,6912
97078,9292,5784
97080,17276,12099
97086,13440,8086
97089,4991,4551
97101,1397,892
97102,489,183
97103,8007,4481
97106,1975,1671
97107,974,661
97108,222,188
97109,155,136
97110,1656,329
97111,1609,1190
97112,1337,618
97113,5500,3934
97114,1720,1430
97115,1451,1171
97116,10229,6428
97117,269,234
97118,518,274
97119,1796,1557
97121,776,533
97122,129,129
97123,17685,11931
97124,22176,10050
97125,30,30
97127,1432,1276
97128,15291,9449
97130,1595,432
97131,1809,1084
97132,12411,7779
97133,2212,1768
97134,346,90
97135,1490,428
97136,2795,885
97137,447,269
97138,7785,3257
97140,9540,7155
97141,6367,3494
97144,82,50
97145,641,110
97146,3449,1933
97147,301,110
97148,1170,860
97149,1025,192
97201,10748,2798
97202,20097,9737
97203,13462,7625
97204,441,25
97205,6727,1231
97206,22348,13916
97208,12,0
97209,16437,3195
97210,7910,2275
97211,15106,9143
97212,12064,7485
97213,14971,9198
97214,15948,5007
97215,7855,5070
97216,7235,3767
97217,17038,9313
97218,6440,3657
97219,18881,12972
97220,12177,6768
97221,5593,3864
97222,16910,8909
97223,21428,12686
97224,15938,10585
97225,12219,6202
97227,3835,873
97229,28312,19314
97230,17190,10107
97231,2003,1625
97232,9594,2220
97233,14844,6784
97236,13736,7721
97239,9963,4228
97266,13863,7543
97267,12983,9058
97301,21419,8815
97302,17888,10494
97303,15740,9522
97304,14547,8922
97305,15219,7732
97306,14151,9292
97317,9024,6205
97321,11790,8403
97322,14867,7963
97324,744,304
97325,2611,2177
97326,456,336
97327,1407,1076
97329,29,11
97330,19957,9464
97333,10604,4539
97335,102,102
97336,32,32
97338,9109,6289
97341,2693,1296
97342,391,53
97343,209,138
97344,518,385
97345,215,134
97346,444,362
97347,752,227
97348,677,502
97350,129,63
97351,3697,2259
97352,2144,1664
97355,13623,8946
97357,107,107
97358,1100,932
97360,964,591
97361,4858,2387
97362,1377,733
97364,291,115
97365,6026,3031
97366,1174,751
97367,8138,3325
97368,1668,979
97369,449,113
97370,4302,3134
97371,286,139
97374,2005,1593
97375,436,379
97376,846,453
97377,385,243
97378,2891,2063
97380,865,560
97381,5882,3839
97383,4116,2510
97384,9,9
97385,1483,1133
97386,6339,4445
97388,1208,403
97389,649,422
97390,574,434
97391,2478,1554
97392,2480,2005
97394,3686,2039
97396,1473,985
97401,24220,6952
97402,23882,11394
97403,5146,1797
97404,13823,9203
97405,20395,13683
97406,235,166
97408,6585,3984
97410,348,165
97411,4396,2787
97412,289,200
97413,609,283
97414,218,151
97415,7621,4976
97416,483,302
97417,1175,693
97419,375,333
97420,12967,8021
97423,2835,2022
97424,7920,5139
97426,4050,3058
97429,399,244
97430,238,172
97431,953,611
97432,95,51
97434,390,201
97435,1108,735
97436,433,226
97437,1009,764
97438,501,401
97439,9056,5614
97441,150,24
97442,1041,692
97443,1003,733
97444,3347,2117
97446,1887,1478
97447,344,204
97448,6150,4076
97449,1537,823
97450,410,280
97451,210,161
97452,709,557
97453,466,296
97454,443,388
97455,1046,848
97456,1243,864
97457,4688,3034
97458,2376,1543
97459,6856,4396
97461,318,281
97462,1797,1364
97463,1775,978
97465,1376,799
97466,515,352
97467,2816,1913
97469,1128,858
97470,8872,4850
97471,13356,9762
97473,226,143
97476,144,115
97477,16572,8454
97478,15182,10196
97479,4759,3097
97480,179,95
97481,316,272
97484,149,68
97486,298,242
97487,4038,3245
97488,450,317
97489,462,347
97490,190,109
97492,497,468
97493,226,169
97494,42,42
97495,800,705
97496,3510,2369
97497,731,448
97498,1769,827
97499,786,596
97501,19370,9964
97502,11717,8149
97503,4708,3782
97504,21290,12469
97520,13964,7076
97522,253,178
97523,3606,2499
97524,6216,4625
97525,2366,1652
97526,15987,10007
97527,15481,10701
97530,4260,2941
97531,98,98
97532,974,767
97534,520,383
97535,2104,1422
97536,562,428
97537,3107,2103
97538,964,634
97539,1738,1021
97540,4228,2272
97541,651,493
97543,418,188
97544,987,671
97601,10936,5941
97603,13568,8742
97604,9,0
97620,76,22
97621,236,144
97622,219,129
97623,1478,1048
97624,2202,1393
97625,62,46
97626,143,96
97627,190,112
97630,2440,1394
97632,544,348
97633,519,302
97634,143,139
97635,190,37
97636,176,50
97637,78,42
97638,258,115
97639,109,9
97640,119,29
97641,883,424
97701,19020,9666
97702,23318,15620
97703,16032,10956
97707,8021,2693
97710,66,25
97711,33,16
97712,51,0
97720,2247,1202
97721,137,66
97722,37,12
97730,497,100
97731,112,56
97732,103,40
97733,1169,248
97734,2047,940
97735,108,30
97736,36,4
97737,296,199
97738,872,645
97739,6929,4822
97741,4777,2970
97750,286,109
97751,27,13
97753,1469,1113
97754,9985,6882
97756,18335,12047
97758,58,9
97759,5110,2718
97760,3701,3017
97761,976,449
97801,9033,4881
97810,407,216
97812,391,233
97813,614,442
97814,6254,4193
97817,58,2
97818,1825,1017
97819,24,7
97820,650,514
97823,697,414
97824,824,646
97825,201,149
97826,480,265
97827,1182,789
97828,1707,1045
97830,418,243
97833,316,193
97834,667,319
97835,308,224
97836,1120,584
97837,67,38
97838,10166,6855
97839,100,80
97840,119,12
97841,175,149
97842,111,56
97843,341,244
97844,1396,1134
97845,1093,712
97846,1587,839
97848,117,58
97850,7501,4028
97856,297,163
97857,286,205
97859,176,44
97862,5245,2590
97864,272,179
97865,592,416
97867,445,319
97868,752,546
97869,573,403
97870,320,152
97873,98,50
97874,208,105
97875,1097,759
97876,446,354
97877,477,162
97880,282,135
97882,2450,1615
97883,1214,742
97884,156,42
97885,643,419
97886,715,361
97901,299,212
97902,22,6
97903,14,14
97904,165,107
97905,58,21
97906,130,86
97907,378,199
97908,25,5
97909,10,0
97910,380,100
97911,46,20
97913,2104,1089
97914,6730,3685
97917,24,9
97918,1841,1109
97920,21,11
98001,12369,9169
98002,15279,7138
98003,20380,9268
98004,20977,6980
98005,9420,4593
98006,14754,11203
98007,12403,4002
98008,10048,6869
98010,2540,2124
98011,12424,6598
98012,28174,18111
98014,2858,2525
98019,4090,3588
98020,9379,6664
98021,12629,9607
98022,9828,6982
98023,18777,11825
98024,2083,1673
98025,51,51
98026,15884,11091
98027,12071,7977
98028,9362,6273
98029,12667,7665
98030,13519,6860
98031,14342,9322
98032,15639,6076
98033,18211,10967
98034,22488,12893
98036,17228,9933
98037,12032,7175
98038,13157,11047
98039,1077,795
98040,10454,6529
98042,17365,13908
98043,9493,5107
98045,5871,4831
98047,2389,1356
98050,75,75
98051,1292,1098
98052,34946,15455
98053,8707,7296
98055,9994,5468
98056,15609,8091
98057,6656,1507
98058,16399,11429
98059,15001,11361
98065,5681,4495
98068,720,195
98070,5616,3590
98072,9897,7054
98074,10220,8535
98075,8303,7127
98077,4865,4364
98087,16625,8373
98092,17532,12644
98101,13193,1767
98102,17944,4303
98103,27857,11791
98104,10803,723
98105,20582,5993
98106,12107,6690
98107,16538,6079
98108,9096,4850
98109,23162,4410
98110,10728,7978
98112,11670,6642
98115,24966,13883
98116,14652,7182
98117,15230,10310
98118,19831,10682
98119,15323,5443
98121,15781,3490
98122,24942,6471
98125,21493,9203
98126,10824,6072
98133,24730,11401
98134,241,72
98136,8295,5031
98144,16381,7231
98146,10986,7011
98148,4382,2038
98155,14526,10015
98164,137,115
98166,9766,6038
98168,13338,6650
98177,8178,6923
98178,10018,6134
98188,12025,4663
98198,15267,7874
98199,10737,6278
98201,15196,6397
98203,14848,9260
98204,18914,6247
98208,22534,15069
98220,207,181
98221,12177,7566
98222,341,49
98223,18224,13262
98224,250,91
98225,24202,9220
98226,20609,12157
98229,14392,9493
98230,9395,6201
98232,1769,1379
98233,7295,4156
98235,193,107
98236,3489,2336
98237,2327,1555
98238,44,0
98239,4062,2799
98240,1200,1090
98241,1143,715
98243,408,116
98244,1893,1092
98245,2812,1624
98247,3257,2312
98248,10576,7494
98249,3283,1881
98250,5998,3382
98251,2226,1584
98252,4441,3356
98253,1742,1049
98255,99,83
98256,359,137
98257,2385,1625
98258,18397,13802
98260,3296,2159
98261,2396,1158
98262,912,443
98263,82,70
98264,8395,5483
98266,1918,1208
98267,405,113
98270,19840,13563
98271,12040,8242
98272,10313,8026
98273,11991,7224
98274,7868,5554
98275,8492,5885
98276,557,444
98277,17694,9512
98279,742,220
98280,398,208
98281,2088,554
98282,8832,6785
98283,112,81
98284,11095,7465
98286,240,60
98288,352,69
98290,15348,11837
98292,10110,7632
98294,3144,2602
98295,1181,685
98296,9573,8458
98297,182,34
98303,977,739
98304,853,310
98305,114,93
98310,9635,4658
98311,11019,7870
98312,14450,8779
98314,32,0
98315,1161,11
98320,1320,511
98321,6319,5351
98323,263,221
98325,881,564
98326,412,187
98327,4014,2350
98328,4309,3159
98329,4545,3825
98330,54,12
98331,2808,1376
98332,7897,6270
98333,1509,1266
98335,11457,8513
98336,369,291
98337,3696,1644
98338,11336,9002
98339,1681,1106
98340,1969,1250
98342,815,520
98345,201,53
98346,4259,3255
98349,3063,1956
98350,109,57
98351,816,578
98354,3242,1821
98355,340,131
98356,1087,785
98357,591,387
98358,595,349
98359,1836,1486
98360,5328,4414
98361,1398,241
98362,11829,7185
98363,7195,4516
98365,3164,2395
98366,15391,9597
98367,12918,10420
98368,9739,6651
98370,13849,10044
98371,9937,6508
98372,10701,5299
98373,11113,6090
98374,16645,11615
98375,10761,7727
98376,1314,859
98377,1346,856
98380,2123,1525
98381,163,79
98382,15739,11573
98383,9660,5039
98385,209,194
98387,17151,12642
98388,2846,1792
98390,4836,2396
98391,20573,17110
98392,1497,1063
98394,578,351
98396,330,258
98402,4788,878
98403,4863,1878
98404,13174,8638
98405,11645,5618
98406,10748,6467
98407,10545,6533
98408,8418,5444
98409,12136,5091
98418,4520,2908
98421,78,4
98422,8321,6238
98424,4558,2163
98433,4889,57
98438,25,0
98439,2311,170
98443,2294,1847
98444,13762,5948
98445,12546,8425
98446,5447,3544
98465,3771,1948
98466,12773,6553
98467,6718,3852
98498,12842,7278
98499,14683,4875
98501,19969,11581
98502,15550,8295
98503,18375,10338
98506,9041,5713
98512,13216,9060
98513,14533,10767
98516,11600,7516
98520,9333,5487
98524,2154,1750
98526,144,56
98527,246,131
98528,5455,3584
98530,195,132
98531,11070,6865
98532,10300,7526
98533,343,201
98535,408,250
98536,28,12
98537,1166,843
98538,180,107
98539,74,58
98541,4527,2884
98542,224,152
98544,35,8
98546,2012,1021
98547,1453,648
98548,2348,1066
98550,5373,3239
98552,68,38
98555,858,122
98557,1622,1282
98560,61,41
98562,220,8
98563,3657,2533
98564,1563,970
98565,170,137
98566,121,96
98568,1217,916
98569,5884,3098
98570,2031,1278
98571,394,0
98572,348,224
98575,162,54
98576,1895,1550
98577,3240,2546
98579,5005,3974
98580,4743,3897
98581,225,212
98582,240,205
98583,38,17
98584,17402,11185
98585,367,278
98586,901,445
98587,337,243
98588,1493,821
98589,3122,2392
98590,294,166
98591,1617,1372
98592,954,609
98593,694,556
98595,2109,820
98596,2676,2139
98597,10108,7625
98601,1187,843
98602,147,90
98603,646,265
98604,13557,10735
98605,589,381
98606,3538,2996
98607,12667,9527
98610,1459,1001
98611,3687,2856
98612,1530,1217
98613,230,186
98614,364,247
98616,420,63
98617,543,400
98619,305,214
98620,3629,2370
98621,87,87
98623,25,25
98624,800,374
98625,2995,2224
98626,10642,6944
98628,222,131
98629,3547,2877
98631,3143,1240
98632,21787,12165
98635,943,646
98638,732,525
98639,546,329
98640,4991,2442
98641,168,75
98642,9736,7845
98643,268,168
98644,852,346
98645,891,798
98647,175,136
98648,1460,1006
98649,419,293
98650,669,411
98651,445,354
98660,7048,2625
98661,22291,8772
98662,14609,8959
98663,6753,3822
98664,9656,5836
98665,11894,7029
98670,34,25
98671,9090,6832
98672,3176,2358
98673,171,116
98674,5830,3993
98675,2292,1876
98682,24288,16411
98683,14352,7637
98684,14355,7485
98685,11901,9855
98686,8348,6066
98801,18034,9919
98802,12516,8072
98811,10,0
98812,1898,867
98813,920,481
98814,309,213
98815,3007,2089
98816,5398,1993
98817,60,45
98819,237,85
98821,193,11
98822,964,689
98823,4646,2942
98824,73,38
98826,5868,2436
98827,260,65
98828,905,694
98829,235,167
98830,287,197
98831,2253,906
98832,85,68
98833,370,103
98834,116,97
98836,267,267
98837,18651,11597
98840,2258,1215
98841,4056,2590
98843,1469,527
98844,3017,1776
98845,73,43
98846,585,398
98847,1099,521
98848,5476,2437
98849,637,361
98850,680,528
98851,2078,1029
98852,137,17
98853,14,0
98855,3120,1690
98856,1544,866
98857,1355,945
98858,853,547
98859,214,133
98860,136,97
98862,2227,1043
98901,12201,5713
98902,17723,8822
98903,6541,4673
98908,15496,10217
98921,7,0
98922,5445,2913
98923,609,285
98925,797,365
98926,14900,7603
98930,4910,2691
98932,1502,803
98933,415,250
98934,511,345
98935,1191,670
98936,2782,2240
98937,2525,1371
98938,567,372
98939,29,18
98940,1054,191
98941,641,295
98942,7629,5373
98943,348,199
98944,6806,4106
98946,147,92
98947,1006,770
98948,3620,2049
98950,34,0
98951,3672,1906
98952,547,307
98953,2343,1757
99001,2739,984
99003,2115,1527
99004,8992,4719
99005,3656,3302
99006,5287,4253
99008,162,100
99009,1879,1521
99011,808,5
99012,369,220
99013,593,344
99014,15,15
99016,8004,5836
99017,106,91
99018,140,96
99019,5202,3177
99020,7,7
99021,3679,3053
99022,3564,2790
99023,288,256
99025,2328,1851
99026,3623,3367
99027,2734,2400
99029,653,466
99030,337,242
99031,510,443
99032,443,311
99033,433,243
99034,142,14
99036,696,560
99037,6189,3961
99039,61,50
99040,289,185
99101,765,543
99102,242,95
99103,254,154
99105,19,13
99109,2610,1830
99110,680,506
99111,1920,1237
99113,273,197
99114,6154,3668
99115,974,384
99116,823,487
99117,288,216
99118,510,281
99119,1319,587
99121,140,91
99122,2262,1295
99123,560,374
99124,137,103
99125,311,148
99126,284,255
99128,149,90
99129,405,194
99130,335,235
99131,138,62
99133,847,433
99134,296,197
99135,211,168
99136,21,13
99137,219,118
99138,654,282
99139,607,314
99140,278,188
99141,3015,1991
99143,346,250
99144,6,4
99146,43,20
99147,144,98
99148,2099,981
99149,56,43
99150,141,127
99151,90,73
99152,86,55
99153,365,136
99154,8,8
99155,431,257
99156,4981,3053
99157,431,240
99158,239,174
99159,664,409
99160,53,27
99161,651,491
99163,14888,4195
99166,1682,920
99167,496,361
99169,1206,812
99170,475,349
99171,488,331
99173,747,561
99174,38,20
99176,101,63
99179,220,145
99180,380,176
99181,1110,778
99185,790,431
99201,8842,2361
99202,8296,3747
99203,9742,7126
99204,4357,1237
99205,18791,12729
99206,17339,10294
99207,13673,7200
99208,24273,15213
99212,9496,5988
99216,12703,5307
99217,8166,5410
99218,6464,3351
99223,15252,9874
99224,10559,6272
99258,4,0
99301,27700,18482
99320,3781,2905
99321,213,97
99322,250,210
99323,1409,1158
99324,3601,2211
99326,1413,899
99328,1967,1331
99329,61,51
99330,266,249
99333,30,25
99335,98,63
99336,20915,9563
99337,11725,9816
99338,6909,5557
99341,332,224
99343,778,557
99344,5936,3657
99345,73,42
99346,88,60
99347,1325,840
99348,721,183
99349,2754,1307
99350,4954,2891
99352,15522,9796
99353,6592,5284
99354,10807,6373
99356,108,31
99357,1123,589
99359,80,49
99360,507,368
99361,908,511
99362,18022,10957
99363,66,40
99371,254,101
99401,150,134
99402,843,605
99403,9192,6227
99501,8906,2774
99502,9931,6710
99503,7411,1923
99504,17720,10726
99505,842,0
99506,2338,6
99507,14552,9680
99508,14219,6519
99515,8137,6002
99516,7544,6469
99517,7718,4025
99518,4568,2615
99540,234,146
99546,277,14
99547,14,5
99548,33,9
99549,46,11
99550,138,71
99551,155,86
99552,67,49
99553,71,34
99554,238,151
99555,124,37
99556,1852,1086
99557,460,128
99558,66,17
99559,2754,1028
99561,114,86
99563,163,65
99564,80,10
99565,65,9
99566,235,33
99567,3156,2324
99568,292,198
99569,106,7
99571,164,40
99572,344,84
99573,581,278
99574,1340,597
99575,16,1
99576,1376,453
99577,10854,8226
99578,86,54
99579,246,6
99580,32,14
99581,281,182
99583,51,12
99585,100,69
99586,587,122
99587,1587,606
99588,1317,328
99589,54,36
99590,76,54
99591,29,9
99602,113,72
99603,6251,3550
99604,218,127
99605,209,22
99606,141,69
99607,85,39
99608,29,9
99609,147,109
99610,1553,768
99611,7130,4252
99612,437,203
99613,334,69
99614,129,83
99615,5284,2579
99620,255,157
99621,240,129
99622,117,68
99623,9084,6236
99624,104,27
99625,38,3
99626,77,49
99627,209,73
99628,252,109
99630,142,98
99631,185,15
99632,238,142
99633,391,73
99634,194,97
99635,54,0
99636,108,59
99637,219,157
99638,4,0
99639,1181,489
99640,118,7
99641,166,118
99643,153,60
99644,113,51
99645,12021,8698
99647,51,10
99648,54,14
99649,90,17
99650,131,106
99651,23,7
99652,3220,1277
99653,79,14
99654,17006,11328
99655,304,238
99656,30,5
99657,101,55
99658,341,197
99659,49,24
99660,98,40
99661,431,280
99662,125,62
99663,389,151
99664,2171,1107
99665,17,3
99666,6,0
99667,924,69
99668,41,13
99669,8221,5018
99670,129,21
99671,198,121
99672,2670,1549
99674,1081,523
99675,34,5
99676,1701,523
99677,60,4
99678,352,194
99679,32,4
99680,112,73
99681,81,51
99682,174,62
99683,1178,274
99684,331,113
99685,838,220
99686,1961,1020
99688,3245,1053
99689,326,126
99690,17,14
99691,113,44
99692,129,0
99693,341,59
99694,810,430
99695,14,0
99701,8757,3446
99702,910,0
99703,2003,0
99705,9091,6134
99706,20,9
99709,14227,8091
99712,6037,3960
99714,1168,503
99720,84,42
99721,103,38
99722,64,40
99723,1750,670
99724,52,27
99725,270,192
99726,28,8
99727,159,114
99729,233,70
99730,237,51
99732,20,1
99733,49,19
99736,70,40
99737,2442,1066
99738,229,55
99739,95,54
99740,443,259
99741,363,206
99742,175,126
99743,578,251
99744,121,45
99745,28,14
99746,52,25
99747,54,40
99748,87,43
99749,158,79
99750,174,122
99751,56,20
99752,1227,368
99753,119,61
99754,52,28
99755,313,26
99756,94,13
99757,38,11
99758,103,63
99759,87,31
99760,595,244
99761,151,112
99762,1956,703
99763,167,84
99764,107,45
99765,138,84
99766,199,113
99767,7,0
99768,184,72
99769,175,141
99770,141,52
99771,83,63
99772,233,82
99773,68,42
99774,31,0
99775,195,0
99776,63,17
99777,204,73
99778,115,56
99780,984,576
99781,60,24
99782,186,113
99783,110,53
99784,92,46
99785,161,115
99786,109,66
99788,67,34
99789,149,71
99790,24,7
99791,49,16
99801,13045,7977
99820,291,108
99824,1125,485
99825,54,7
99826,457,217
99827,1470,711
99829,395,180
99830,305,164
99832,138,27
99833,1871,936
99835,4080,2160
99836,63,10
99840,656,296
99841,259,103
99901,6659,3785
99903,34,1
99918,242,128
99919,358,145
99921,1064,528
99922,136,72
99923,72,17
99925,455,278
99926,489,321
99927,28,18
99929,1266,515
