zip,thru,a1,a3
01001,2023,11.01,10.12
01002,2023,11.18,11.84
01005,2023,8.8,13.38
01007,2023,4.19,9.63
01008,2021,11.03,6.05
01010,2023,15.49,13.93
01013,2023,13.28,11.76
01020,2023,5.6,9.92
01026,2022,2.04,13.18
01027,2023,17.16,13.31
01028,2023,6.77,8.77
01030,2023,6.5,8.53
01032,2021,22.27,12.6
01033,2023,4.85,9.0
01034,2022,5.48,7.09
01035,2023,20.68,10.65
01036,2023,14.44,12.3
01038,2022,13.79,7.96
01039,2021,17.25,8.64
01040,2023,15.22,13.9
01050,2023,7.52,11.92
01053,2021,12.67,2.78
01054,2021,10.26,5.81
01056,2023,4.35,8.76
01057,2023,4.72,9.7
01060,2023,5.65,11.72
01062,2023,-3.05,9.11
01068,2023,9.43,12.85
01069,2023,4.32,8.59
01071,2022,10.44,9.05
01072,2021,9.59,3.04
01073,2023,3.69,8.2
01075,2023,1.35,9.43
01077,2023,-4.41,8.03
01081,2022,12.51,13.14
01082,2023,9.14,12.05
01083,2023,12.58,12.43
01085,2023,9.25,10.68
01089,2023,4.54,9.47
01092,2022,12.25,9.15
01095,2023,9.22,10.2
01096,2021,4.25,5.89
01098,2021,7.53,2.34
01104,2023,14.12,15.43
01105,2009,3.68,-4.04
01106,2023,9.65,9.67
01107,2022,19.95,16.81
01108,2023,6.92,12.38
01109,2023,9.67,14.19
01118,2023,-0.34,9.88
01119,2023,5.0,12.18
01128,2023,-2.45,9.85
01129,2023,3.64,11.38
01151,2023,10.8,13.09
01201,2023,9.25,12.17
01220,2023,13.15,9.89
01222,2021,10.73,10.33
01223,2023,10.05,16.21
01225,2022,26.61,14.49
01226,2023,4.85,13.22
01230,2022,18.62,13.89
01235,2022,18.8,12.6
01236,2021,12.17,2.45
01237,2022,20.26,12.17
01238,2023,25.29,15.82
01240,2023,6.6,15.34
01245,2021,23.99,7.6
01247,2023,14.32,14.26
01253,2023,1.49,9.47
01254,2021,9.07,9.33
01255,2021,29.24,10.13
01257,2021,13.25,9.96
01262,2022,7.84,6.94
01266,2022,-16.78,3.74
01267,2022,-0.68,4.06
01270,2022,21.29,7.11
01301,2023,6.05,11.63
01330,2021,27.42,10.24
01331,2023,4.37,13.74
01337,2023,4.74,7.67
01339,2021,18.19,8.0
01340,2022,14.05,2.81
01341,2021,7.96,6.16
01342,2021,9.89,6.6
01344,2021,16.82,8.1
01351,2022,14.24,9.08
01354,2021,1.12,3.17
01355,2012,-13.77,-3.87
01360,2023,28.65,15.49
01364,2023,-1.43,8.25
01366,2022,8.41,11.11
01368,2022,6.06,11.37
01370,2021,19.04,7.66
01373,2022,7.07,6.2
01375,2022,6.59,8.96
01376,2023,10.39,9.94
01420,2023,8.26,12.82
01430,2023,0.66,10.19
01431,2023,3.49,10.7
01432,2023,8.45,12.05
01436,2022,17.41,10.72
01440,2023,15.0,16.29
01450,2023,5.95,11.21
01451,2023,11.23,10.71
01452,2023,17.44,12.96
01453,2023,6.58,11.83
01460,2023,10.97,10.8
01462,2023,9.89,11.97
01463,2023,10.54,11.85
01464,2023,17.4,13.34
01468,2023,15.8,15.5
01469,2023,11.23,14.17
01473,2023,6.36,10.98
01474,2022,16.67,11.69
01475,2023,8.42,13.59
01501,2023,9.98,11.85
01503,2023,15.77,16.17
01504,2023,6.38,11.01
01505,2023,6.03,10.21
01506,2023,-7.21,9.12
01507,2023,10.87,11.7
01510,2023,10.66,12.36
01515,2022,18.69,13.19
01516,2023,9.81,11.58
01518,2023,1.3,9.32
01519,2023,6.05,11.64
01520,2023,7.56,10.81
01521,2023,14.5,12.67
01522,2023,9.1,10.3
01523,2023,11.12,10.74
01524,2023,9.66,12.49
01527,2023,7.9,11.09
01529,2023,6.55,8.93
01531,2022,-3.37,3.71
01532,2023,7.53,10.35
01534,2023,14.64,12.87
01535,2023,0.45,9.19
01536,2023,7.29,11.71
01537,2022,15.1,10.69
01540,2023,9.92,12.03
01541,2023,14.51,15.51
01542,2023,20.05,17.11
01543,2023,10.95,12.83
01545,2023,10.23,11.52
01550,2023,5.3,12.83
01560,2023,10.84,12.18
01562,2023,10.41,12.6
01564,2023,4.02,13.25
01566,2023,11.35,11.35
01568,2023,6.28,10.03
01569,2023,8.32,10.79
01570,2023,4.76,11.16
01571,2023,5.84,10.5
01581,2023,12.78,12.01
01583,2023,11.58,11.98
01585,2023,3.47,10.68
01588,2023,5.6,11.31
01590,2023,8.23,11.39
01602,2023,6.92,11.75
01603,2023,14.11,13.7
01604,2023,8.0,12.59
01605,2023,17.38,14.62
01606,2023,10.92,12.59
01607,2023,1.11,12.47
01609,2023,12.02,12.59
01610,2023,30.6,16.09
01611,2023,16.3,12.3
01612,2023,11.72,11.16
01701,2023,4.26,9.99
01702,2023,8.46,11.46
01719,2023,9.61,11.67
01720,2023,9.91,11.41
01721,2023,9.25,11.64
01730,2023,15.66,10.23
01740,2023,6.46,10.74
01741,2023,15.25,10.57
01742,2023,1.81,5.49
01745,2021,6.2,4.64
01746,2023,7.69,11.45
01747,2023,6.07,11.15
01748,2023,11.29,11.97
01749,2023,8.62,11.9
01752,2023,8.3,10.89
01754,2023,9.66,10.87
01756,2023,6.81,9.67
01757,2023,7.7,11.59
01760,2023,11.07,10.39
01770,2023,15.11,9.3
01772,2023,7.05,9.44
01773,2022,23.56,8.35
01775,2023,8.02,10.78
01776,2023,10.63,10.13
01778,2023,19.57,12.96
01801,2023,10.46,9.36
01803,2023,4.86,8.46
01810,2023,8.93,10.39
01821,2023,8.02,10.33
01824,2023,9.29,10.91
01826,2023,4.13,10.32
01827,2022,9.04,7.39
01830,2023,2.9,9.73
01832,2023,11.31,13.2
01833,2023,3.96,10.54
01834,2023,1.82,9.2
01835,2023,7.77,12.01
01841,2023,-1.53,9.89
01843,2023,7.04,11.33
01844,2023,6.08,11.22
01845,2023,3.42,9.89
01850,2023,6.71,11.72
01851,2023,10.6,12.75
01852,2023,4.6,10.21
01854,2023,9.17,11.84
01860,2023,1.28,8.97
01862,2023,7.42,9.8
01863,2023,6.86,9.93
01864,2023,4.44,9.04
01867,2023,5.2,7.78
01876,2023,9.13,9.93
01879,2023,6.86,10.15
01880,2023,7.96,9.09
01886,2023,9.62,11.4
01887,2023,3.27,9.43
01890,2023,-0.44,6.68
01902,2023,7.84,9.96
01904,2023,6.09,10.11
01905,2023,21.42,15.0
01906,2023,6.96,8.92
01907,2023,6.83,9.28
01908,2023,18.09,15.24
01913,2023,11.21,13.1
01915,2023,10.16,10.69
01921,2023,7.87,9.67
01922,2023,-6.36,8.21
01923,2023,4.33,8.84
01929,2022,14.68,9.1
01930,2023,6.84,10.13
01938,2023,-8.04,4.05
01940,2023,2.91,8.75
01944,2022,9.96,5.99
01945,2023,8.98,8.57
01949,2023,7.6,10.48
01950,2023,9.93,11.57
01951,2023,-0.59,10.26
01952,2023,19.83,16.49
01960,2023,5.96,9.23
01966,2022,16.94,9.18
01969,2023,17.19,12.33
01970,2023,4.64,10.32
01982,2023,10.33,9.29
01983,2023,4.35,9.34
01984,2023,18.2,13.45
01985,2023,-0.71,9.78
02019,2023,8.23,10.91
02021,2023,8.19,9.34
02025,2023,9.99,10.4
02026,2023,7.59,9.03
02030,2022,13.62,5.86
02032,2023,9.2,10.62
02035,2023,3.82,8.61
02038,2023,10.04,11.12
02043,2023,6.99,9.35
02045,2023,14.02,12.39
02048,2023,11.06,10.57
02050,2023,12.45,11.82
02052,2023,11.89,12.63
02053,2023,8.49,10.95
02054,2023,8.33,11.21
02056,2023,5.26,10.03
02061,2023,3.51,11.16
02062,2023,7.53,8.49
02066,2023,11.92,12.3
02067,2023,7.19,10.09
02071,2022,8.88,7.17
02072,2023,4.12,9.64
02081,2023,7.0,9.51
02090,2023,15.46,10.37
02093,2023,10.1,11.19
02116,2012,3.4,3.44
02119,2023,2.19,2.5
02120,2021,2.82,8.19
02121,2022,7.31,6.5
02122,2023,-2.23,6.98
02124,2023,-4.47,5.48
02125,2023,0.39,9.82
02126,2023,1.96,6.63
02127,2023,2.02,5.41
02128,2023,2.45,6.04
02129,2022,22.33,7.38
02130,2023,18.19,8.85
02131,2023,2.85,7.74
02132,2023,-0.78,5.4
02134,2021,4.95,4.28
02135,2023,14.32,5.69
02136,2023,0.87,7.73
02138,2021,1.94,1.18
02139,2021,3.97,2.44
02140,2021,-3.04,-3.69
02141,2021,5.37,15.7
02143,2022,0.72,-0.87
02144,2021,-3.03,0.25
02145,2023,1.16,4.14
02148,2023,8.13,8.89
02149,2023,-1.72,6.01
02150,2023,7.48,9.77
02151,2023,1.2,7.6
02152,2023,15.08,10.6
02155,2023,11.75,9.61
02169,2023,5.44,8.13
02170,2023,6.99,8.64
02171,2023,-0.24,6.51
02176,2023,6.43,8.36
02180,2023,-0.35,7.17
02184,2023,4.83,8.06
02186,2023,7.01,7.53
02188,2023,9.22,10.54
02189,2023,9.89,10.25
02190,2023,6.03,9.41
02191,2023,5.98,10.55
02301,2023,11.27,12.41
02302,2023,9.16,12.25
02322,2023,5.79,9.63
02324,2023,8.03,11.22
02330,2023,8.22,12.09
02332,2023,6.91,10.79
02333,2023,7.87,10.3
02338,2023,6.52,10.52
02339,2023,10.17,10.78
02341,2023,5.16,9.87
02343,2023,4.21,9.78
02346,2023,5.23,10.2
02347,2023,9.92,11.77
02351,2023,6.94,10.65
02356,2023,5.83,9.95
02359,2023,7.32,11.34
02360,2023,7.69,11.8
02364,2023,7.39,11.01
02367,2023,-4.2,7.87
02368,2023,4.14,9.96
02370,2023,6.82,10.84
02375,2023,13.13,11.33
02379,2023,8.54,10.63
02382,2023,6.65,10.05
02420,2023,1.92,5.67
02421,2023,19.89,8.53
02445,2021,3.0,0.62
02446,2021,-4.05,2.05
02451,2023,4.51,7.02
02452,2023,9.48,6.08
02453,2023,7.64,8.11
02458,2022,19.37,7.72
02459,2022,12.69,3.57
02460,2022,6.45,3.36
02461,2022,6.68,1.75
02462,2021,1.12,-4.4
02464,2021,4.84,1.42
02465,2023,13.26,8.2
02466,2022,6.2,1.58
02467,2022,8.76,2.17
02468,2021,-0.14,-1.41
02472,2023,11.8,8.56
02474,2023,5.67,8.06
02476,2023,6.56,6.7
02478,2023,11.42,8.02
02481,2022,4.68,3.26
02482,2022,8.62,3.51
02492,2023,7.26,7.35
02493,2022,38.85,12.06
02494,2023,9.63,6.96
02532,2023,5.98,13.3
02534,2022,87.07,31.27
02535,2021,29.42,19.01
02536,2023,14.07,15.98
02537,2023,4.34,12.42
02538,2023,1.92,11.67
02539,2022,22.62,11.75
02540,2023,8.24,16.88
02543,2021,28.55,5.1
02554,2021,3.9,5.74
02556,2023,21.19,18.31
02557,2023,20.81,18.27
02558,2022,-8.58,1.36
02559,2023,2.4,12.22
02561,2022,13.84,17.66
02562,2023,13.24,17.67
02563,2023,15.1,15.07
02568,2022,15.67,10.4
02571,2023,11.78,13.62
02575,2022,17.5,8.64
02576,2023,16.5,14.41
02601,2023,3.8,12.48
02630,2022,18.0,13.19
02631,2023,7.55,12.82
02632,2023,10.18,14.82
02633,2023,16.73,15.87
02635,2023,18.15,15.06
02638,2023,7.79,13.9
02639,2023,12.89,15.77
02641,2021,18.39,3.13
02642,2023,10.8,13.66
02644,2023,14.53,15.5
02645,2023,4.32,11.53
02646,2022,4.39,5.93
02648,2023,12.71,15.27
02649,2023,12.88,15.52
02650,2021,20.05,8.55
02653,2023,12.21,14.37
02655,2023,21.48,16.05
02657,2022,28.6,9.22
02659,2022,28.0,14.79
02660,2023,19.54,16.02
02664,2023,13.58,16.61
02666,2021,14.24,5.05
02667,2022,15.16,9.65
02668,2023,13.76,14.24
02670,2023,9.73,15.12
02671,2022,23.08,12.95
02673,2023,13.64,15.66
02675,2023,-6.47,8.91
02702,2023,7.2,9.47
02703,2023,6.42,10.93
02715,2023,8.32,10.68
02717,2023,1.01,10.35
02718,2023,5.36,12.49
02719,2023,4.23,10.0
02720,2023,9.73,11.52
02721,2023,14.03,13.91
02723,2023,14.37,15.07
02724,2023,2.21,12.5
02725,2022,19.55,11.75
02726,2023,11.42,11.87
02738,2023,7.76,9.86
02739,2023,4.68,10.72
02740,2023,10.53,13.86
02743,2023,4.53,10.62
02744,2023,12.47,10.91
02745,2023,9.61,12.38
02746,2023,-0.35,10.85
02747,2023,14.13,12.07
02748,2023,4.07,8.59
02760,2023,4.86,10.0
02762,2023,7.56,10.13
02763,2023,1.47,11.6
02764,2023,-2.12,8.58
02766,2023,5.22,9.96
02767,2023,7.26,10.19
02769,2023,6.8,9.44
02770,2023,13.5,11.87
02771,2023,9.34,10.85
02777,2023,6.04,10.03
02779,2023,6.92,10.72
02780,2023,5.94,11.3
02790,2023,11.41,12.02
02804,2022,13.43,9.01
02806,2023,11.06,13.4
02807,2021,25.93,8.87
02808,2023,26.72,18.15
02809,2023,11.58,14.47
02812,2023,6.17,11.42
02813,2023,7.07,11.93
02814,2023,7.51,11.06
02816,2023,12.75,13.39
02817,2023,4.35,9.54
02818,2023,8.64,12.5
02822,2023,12.33,11.53
02825,2023,7.91,11.42
02826,2021,13.05,8.65
02827,2023,3.93,11.15
02828,2023,7.35,12.22
02830,2023,15.71,14.49
02831,2023,1.42,12.58
02832,2023,11.12,11.19
02833,2021,6.06,5.43
02835,2023,7.57,12.61
02837,2022,13.19,10.15
02838,2023,24.34,16.5
02839,2023,4.73,10.16
02840,2023,3.16,14.03
02842,2023,14.54,14.41
02852,2023,3.41,12.7
02857,2023,2.25,9.56
02858,2023,26.94,17.99
02859,2023,0.95,11.13
02860,2023,9.59,13.66
02861,2023,10.07,13.95
02863,2022,18.8,18.72
02864,2023,11.37,12.91
02865,2023,10.08,12.35
02871,2023,15.55,15.18
02874,2023,22.64,16.8
02875,2021,5.67,1.7
02878,2023,10.88,13.63
02879,2023,16.46,15.18
02881,2022,34.31,14.66
02882,2023,10.14,14.21
02885,2023,5.16,10.11
02886,2023,7.89,12.63
02888,2023,9.42,13.63
02889,2023,6.17,11.86
02891,2023,10.13,13.31
02892,2023,9.04,13.48
02893,2023,13.91,14.28
02894,2022,12.68,9.96
02895,2023,10.7,12.45
02896,2023,5.9,9.94
02898,2023,9.85,14.98
02904,2023,7.2,12.26
02905,2023,10.63,13.79
02906,2023,8.97,12.52
02907,2023,27.03,19.47
02908,2023,12.18,14.46
02909,2023,8.52,15.02
02910,2023,7.12,12.37
02911,2023,5.8,12.32
02914,2023,12.69,13.4
02915,2023,18.61,14.88
02916,2023,6.06,11.93
02917,2023,11.26,12.89
02919,2023,9.05,12.24
02920,2023,9.56,12.27
02921,2023,5.22,10.93
03031,2023,8.74,13.88
03032,2023,7.93,12.42
03033,2023,12.64,14.71
03034,2023,13.91,14.64
03036,2023,9.25,14.45
03037,2023,12.31,15.47
03038,2023,12.06,13.04
03042,2023,14.83,14.71
03043,2022,17.03,11.6
03044,2023,9.08,12.59
03045,2023,11.67,14.03
03046,2023,19.14,15.4
03047,2023,28.56,17.58
03048,2023,6.62,15.54
03049,2023,10.2,12.06
03051,2023,9.47,12.2
03052,2023,10.35,13.8
03053,2023,7.36,13.25
03054,2023,8.76,12.88
03055,2023,8.73,13.5
03057,2023,2.29,11.2
03060,2023,5.69,11.08
03062,2023,10.88,12.86
03063,2023,10.76,13.4
03064,2023,7.23,11.9
03070,2023,11.28,13.16
03071,2023,6.67,14.62
03076,2023,9.26,12.19
03077,2023,10.41,14.03
03079,2023,4.87,12.0
03082,2023,-4.59,9.24
03084,2022,16.12,13.34
03086,2023,-0.21,11.57
03087,2023,14.1,14.19
03102,2023,10.61,12.66
03103,2023,10.23,13.08
03104,2023,10.75,13.69
03106,2023,12.25,13.58
03109,2023,5.59,12.22
03110,2023,6.91,12.1
03216,2023,1.79,10.31
03217,2023,5.79,15.08
03218,2023,38.69,21.25
03220,2023,19.39,15.4
03221,2023,15.38,15.84
03222,2023,5.07,13.57
03223,2023,3.37,14.25
03224,2023,3.98,13.62
03225,2023,9.82,15.01
03226,2022,13.11,10.3
03227,2021,8.05,2.74
03229,2023,20.69,15.66
03230,2022,13.59,12.94
03234,2023,4.78,13.74
03235,2023,20.12,15.86
03237,2023,13.77,15.77
03241,2021,16.3,7.53
03242,2023,12.64,15.39
03243,2021,24.24,6.29
03244,2023,1.65,13.77
03245,2023,-0.9,13.95
03246,2023,8.17,13.5
03249,2023,10.42,19.8
03253,2023,7.64,17.23
03254,2023,16.61,14.68
03255,2023,12.25,20.13
03256,2023,34.25,20.34
03257,2023,5.23,13.64
03258,2023,22.31,12.64
03260,2021,13.52,9.8
03261,2023,19.76,15.08
03263,2023,7.97,16.3
03264,2023,8.34,14.58
03266,2023,31.95,22.93
03268,2023,11.23,15.14
03269,2023,1.36,11.22
03275,2023,9.57,15.03
03276,2023,6.52,12.55
03278,2023,8.6,12.24
03280,2023,24.2,16.66
03281,2023,7.6,13.91
03285,2023,17.17,16.23
03287,2023,5.46,12.7
03290,2023,9.5,14.46
03301,2023,10.56,13.38
03303,2023,10.96,13.76
03304,2023,9.99,12.51
03307,2023,11.91,15.8
03431,2023,12.04,14.65
03440,2023,-4.13,12.64
03442,2023,1.95,15.16
03443,2022,11.16,12.31
03444,2021,10.86,4.58
03446,2023,5.96,15.3
03447,2023,9.19,8.73
03448,2021,9.21,7.06
03449,2023,8.87,11.43
03450,2021,15.07,9.2
03451,2023,10.63,15.97
03452,2023,20.54,15.07
03455,2022,6.1,7.47
03458,2023,9.93,13.29
03461,2023,-3.95,10.34
03462,2023,-17.95,11.39
03464,2022,17.99,10.41
03465,2023,4.23,9.5
03466,2022,30.36,14.05
03467,2022,4.03,7.27
03470,2023,18.7,14.17
03561,2023,-2.67,12.35
03570,2023,13.01,20.74
03574,2022,12.89,11.86
03576,2023,27.4,23.76
03580,2021,20.38,11.22
03581,2023,0.09,16.83
03583,2021,17.84,10.5
03584,2023,23.74,19.49
03585,2022,22.03,12.48
03586,2021,14.9,11.65
03588,2022,19.89,13.53
03592,2021,19.38,12.08
03598,2022,7.78,16.19
03602,2023,6.2,12.42
03603,2022,16.3,14.1
03608,2023,13.68,14.53
03741,2023,14.56,14.34
03743,2023,12.07,21.1
03745,2023,8.3,14.74
03748,2023,18.05,15.66
03750,2021,8.15,4.65
03753,2023,29.14,22.23
03755,2023,10.42,14.46
03766,2023,12.12,14.47
03768,2021,8.22,6.45
03773,2023,10.3,16.15
03777,2021,7.0,1.1
03781,2022,30.72,15.37
03782,2023,9.13,15.25
03784,2023,14.39,14.02
03801,2023,8.6,10.47
03809,2023,10.81,17.63
03810,2022,35.28,17.61
03811,2023,5.67,11.77
03813,2022,33.14,20.89
03814,2023,16.74,16.2
03816,2022,-7.56,7.52
03818,2023,2.29,14.58
03819,2023,5.37,13.16
03820,2023,10.98,13.5
03823,2023,5.78,11.6
03824,2023,15.39,16.17
03825,2023,9.11,12.53
03826,2023,8.36,13.93
03827,2023,15.37,14.42
03830,2023,2.47,16.17
03833,2023,10.65,12.7
03835,2023,25.96,17.31
03836,2022,13.72,12.58
03837,2022,21.65,13.63
03839,2023,27.94,18.27
03840,2022,10.33,8.14
03841,2023,10.33,11.99
03842,2023,13.34,13.12
03844,2023,14.71,12.36
03846,2021,7.79,9.92
03848,2023,-0.34,10.17
03849,2023,6.89,19.3
03851,2023,16.14,17.2
03854,2021,1.7,1.36
03855,2023,12.31,13.75
03856,2023,12.9,12.4
03857,2023,6.39,11.91
03858,2023,12.35,13.48
03860,2023,-7.74,17.09
03861,2023,10.28,13.49
03862,2023,10.17,14.69
03864,2022,7.53,10.84
03865,2023,13.37,14.25
03867,2023,12.83,15.67
03868,2023,22.46,15.53
03869,2023,0.17,11.24
03870,2023,23.46,14.96
03872,2023,12.32,13.58
03873,2023,7.8,12.96
03874,2023,5.47,12.56
03878,2023,12.28,15.12
03882,2023,22.3,15.34
03884,2023,24.16,14.99
03885,2023,9.77,12.91
03886,2023,11.31,22.18
03887,2023,27.2,17.47
03894,2023,6.89,15.31
03901,2023,2.11,12.4
03902,2023,9.36,14.34
03903,2023,8.23,10.87
03904,2023,17.97,14.21
03905,2022,19.71,11.19
03906,2023,-3.68,8.62
03907,2021,12.61,6.81
03908,2023,13.18,14.79
03909,2023,14.81,15.79
04001,2023,5.01,9.25
04002,2023,16.57,14.93
04005,2023,13.21,15.14
04008,2023,8.71,16.87
04009,2023,27.62,16.9
04010,2023,23.76,15.41
04011,2023,13.24,16.25
04015,2023,14.89,17.39
04020,2021,15.12,7.17
04021,2023,15.21,16.33
04022,2022,21.99,17.39
04027,2023,20.05,18.86
04029,2023,8.11,15.75
04030,2023,11.07,11.19
04032,2023,12.58,15.39
04037,2023,26.16,15.58
04038,2023,12.87,15.51
04039,2023,13.03,13.67
04040,2023,0.37,13.55
04041,2023,21.08,17.69
04042,2023,14.95,14.4
04043,2023,13.93,14.59
04046,2023,9.21,13.98
04047,2022,7.97,15.79
04048,2023,19.14,13.71
04049,2023,24.55,17.55
04051,2022,11.93,14.99
04055,2023,6.93,11.78
04061,2023,9.05,13.7
04062,2023,13.49,14.6
04064,2023,12.53,17.47
04068,2022,15.37,12.51
04069,2023,-0.11,11.55
04071,2023,10.87,15.07
04072,2023,15.86,15.17
04073,2023,16.18,15.24
04074,2023,8.02,14.08
04076,2022,5.24,8.05
04079,2023,-3.7,13.39
04083,2023,24.97,19.12
04084,2023,16.72,15.64
04085,2023,15.63,13.48
04086,2023,9.61,14.83
04087,2023,35.14,23.37
04088,2022,-1.78,6.82
04090,2023,11.83,13.05
04092,2023,7.81,14.91
04093,2023,8.91,13.46
04095,2021,16.33,8.21
04096,2023,9.25,13.38
04097,2023,26.4,19.21
04101,2023,5.62,17.2
04102,2023,6.23,14.52
04103,2023,15.78,17.32
04105,2023,11.09,14.67
04106,2023,9.84,13.93
04107,2023,11.62,14.74
04108,2023,21.28,16.41
04110,2021,16.88,9.67
04210,2023,11.11,15.44
04217,2023,10.51,18.33
04219,2022,19.51,11.06
04220,2022,28.65,12.41
04222,2023,10.48,14.94
04236,2023,0.3,11.0
04238,2021,6.02,8.34
04239,2022,16.69,14.57
04240,2023,17.68,17.22
04250,2023,2.26,13.0
04252,2023,6.29,14.5
04253,2021,30.91,15.77
04256,2023,38.04,22.12
04258,2023,12.7,16.01
04259,2023,4.86,12.52
04260,2023,8.87,14.41
04261,2021,25.96,11.19
04263,2022,31.79,15.93
04268,2023,-1.03,10.59
04270,2023,13.79,17.21
04274,2023,-4.13,10.88
04276,2023,-6.51,10.07
04280,2023,15.55,18.51
04281,2023,11.22,16.43
04282,2023,7.03,13.69
04287,2023,4.13,11.66
04289,2021,23.25,14.31
04294,2023,24.83,18.67
04330,2023,17.19,16.07
04342,2022,16.06,15.65
04344,2021,9.23,6.47
04345,2023,-4.68,12.0
04346,2021,8.82,8.85
04347,2023,8.99,11.52
04348,2022,26.19,15.44
04350,2023,3.83,12.26
04351,2023,30.59,18.3
04353,2022,7.88,8.97
04354,2021,12.35,4.89
04355,2023,23.3,18.71
04357,2023,6.73,11.35
04358,2023,31.95,21.72
04363,2023,-2.75,14.68
04364,2023,4.32,15.94
04401,2023,10.34,13.66
04412,2023,6.49,12.51
04416,2023,17.56,16.27
04419,2023,25.83,15.67
04421,2021,3.04,-2.84
04426,2023,29.06,20.44
04427,2022,14.32,8.51
04428,2023,2.41,9.76
04429,2023,8.05,14.17
04441,2022,9.34,11.91
04444,2023,10.19,14.63
04449,2021,14.97,6.52
04456,2023,10.22,11.96
04457,2023,28.76,23.33
04461,2022,42.57,19.1
04462,2021,-0.34,13.88
04468,2023,9.89,16.33
04472,2022,32.88,13.43
04473,2023,15.18,15.36
04474,2023,14.58,15.63
04496,2023,14.91,19.58
04530,2023,4.98,14.82
04535,2021,12.64,-0.1
04537,2022,4.75,7.62
04538,2022,29.78,13.86
04539,2021,14.4,8.62
04543,2022,8.48,8.3
04544,2021,49.21,17.67
04547,2021,22.02,12.56
04548,2021,9.06,8.32
04551,2022,23.26,16.83
04553,2022,0.48,4.03
04554,2021,28.69,15.84
04555,2021,14.57,7.98
04556,2021,8.71,5.21
04562,2023,58.46,24.4
04563,2021,0.92,3.51
04568,2021,22.3,0.76
04572,2023,17.85,17.16
04574,2021,33.4,11.95
04576,2021,24.12,8.34
04578,2022,23.85,12.11
04579,2023,3.77,12.52
04605,2023,12.79,14.57
04609,2022,16.81,10.79
04614,2022,16.83,11.12
04627,2023,4.22,14.63
04640,2022,8.88,6.41
04654,2023,31.08,19.37
04660,2021,9.44,6.51
04679,2022,26.1,16.54
04684,2022,10.38,11.29
04730,2023,-15.43,3.73
04736,2023,0.63,17.45
04757,2023,-3.16,6.65
04769,2023,16.27,18.04
04841,2023,17.85,23.66
04843,2023,18.68,17.91
04847,2021,13.77,7.86
04849,2023,29.95,17.89
04854,2021,4.26,6.53
04856,2023,26.55,21.66
04858,2022,27.56,14.74
04860,2022,11.72,13.92
04861,2022,53.21,26.05
04862,2023,3.26,14.42
04864,2023,31.26,22.13
04901,2023,8.58,14.66
04915,2023,13.06,16.31
04917,2023,6.53,13.31
04930,2023,2.29,11.01
04937,2023,10.82,14.92
04938,2023,18.73,15.63
04941,2022,13.04,10.72
04947,2022,29.72,17.33
04950,2022,7.25,8.62
04952,2023,17.71,11.3
04953,2022,17.0,14.76
04963,2023,10.08,16.12
04970,2022,43.08,24.62
04974,2022,28.8,17.5
04976,2023,21.64,14.71
04981,2023,16.72,10.53
04989,2023,2.09,13.23
05001,2023,0.66,14.03
05032,2023,25.26,23.72
05033,2021,20.81,9.46
05036,2021,18.02,6.13
05037,2022,-25.03,-3.26
05043,2022,5.82,11.18
05045,2021,8.96,0.51
05048,2022,18.67,15.1
05055,2022,10.78,8.61
05059,2020,9.16,-0.28
05060,2023,-3.37,16.22
05068,2021,12.39,6.95
05075,2021,6.74,4.64
05077,2021,16.97,13.23
05089,2023,0.89,9.39
05091,2022,9.15,9.11
05101,2023,33.69,18.95
05142,2018,0.03,0.72
05143,2023,10.16,14.27
05146,2021,26.99,15.73
05148,2022,11.43,12.38
05149,2022,13.04,10.15
05151,2021,6.21,6.37
05156,2023,15.09,14.1
05161,2021,17.19,4.66
05201,2023,21.22,15.56
05250,2023,0.7,11.84
05251,2021,15.19,4.62
05253,2021,12.91,-0.44
05255,2023,30.27,19.08
05257,2021,23.72,4.13
05261,2018,-14.43,-6.27
05262,2022,31.53,17.45
05301,2023,21.18,16.55
05340,2022,9.04,14.36
05343,2021,-1.58,4.16
05345,2023,1.84,12.48
05346,2023,29.04,15.91
05353,2021,21.56,8.57
05354,2022,2.1,7.69
05356,2022,14.48,14.27
05359,2021,1.0,2.64
05360,2021,19.02,7.21
05361,2019,-23.06,-10.13
05363,2023,19.95,16.37
05401,2023,11.0,11.02
05403,2023,19.21,14.03
05404,2023,13.64,12.6
05408,2023,11.59,13.38
05440,2022,15.84,15.3
05443,2023,16.7,14.75
05444,2021,9.02,2.93
05445,2023,18.72,13.54
05446,2023,11.64,12.62
05450,2023,12.48,10.22
05452,2023,14.22,14.37
05454,2023,21.99,15.95
05455,2022,7.83,5.94
05456,2023,7.44,11.64
05457,2022,24.01,13.31
05458,2023,14.23,13.16
05459,2022,18.06,9.7
05461,2023,17.71,15.84
05462,2022,7.33,8.65
05464,2023,20.9,18.36
05465,2023,20.72,15.62
05468,2023,9.83,12.24
05472,2022,32.97,12.93
05473,2021,5.45,10.27
05474,2022,15.71,12.35
05476,2023,-3.46,17.54
05477,2023,2.27,15.05
05478,2023,13.48,14.16
05482,2023,9.33,11.95
05483,2022,0.23,7.66
05486,2022,9.01,8.36
05487,2023,51.01,21.29
05488,2023,13.51,12.82
05489,2023,16.01,13.71
05491,2023,22.33,12.7
05494,2021,14.75,5.68
05495,2023,7.16,14.22
05602,2023,15.33,14.1
05641,2023,11.64,14.97
05651,2022,25.56,16.85
05655,2023,14.13,16.53
05656,2023,-7.72,17.91
05658,2022,28.49,13.07
05660,2022,17.07,10.09
05661,2023,9.61,16.17
05663,2023,8.21,14.89
05667,2021,14.02,11.44
05672,2022,21.23,13.19
05673,2022,23.71,13.84
05674,2022,22.96,10.93
05676,2023,16.42,12.89
05677,2022,24.76,14.41
05679,2023,1.56,10.3
05680,2023,-11.26,8.08
05682,2019,-8.69,0.29
05701,2023,11.13,14.91
05733,2023,13.49,14.88
05734,2022,27.2,13.38
05735,2023,25.28,14.12
05737,2022,7.93,8.36
05738,2021,7.28,3.72
05739,2021,3.28,-2.22
05743,2023,34.41,20.53
05751,2022,37.48,20.21
05753,2023,18.06,15.92
05757,2021,23.17,6.86
05758,2022,30.55,15.29
05759,2022,18.73,7.71
05760,2021,12.89,8.37
05763,2022,31.03,19.35
05764,2023,11.11,11.83
05765,2023,8.16,10.62
05769,2022,16.86,6.58
05770,2021,26.73,7.31
05773,2022,-1.58,7.23
05774,2021,13.86,-0.76
05777,2023,2.23,12.55
05819,2023,13.36,16.01
05822,2021,20.84,4.76
05828,2021,12.32,2.46
05829,2021,23.23,8.16
05830,2023,7.51,15.19
05843,2022,22.25,10.64
05851,2023,-0.52,14.08
05855,2023,12.85,16.87
05857,2021,23.86,8.64
05859,2021,8.7,4.31
05860,2022,28.07,18.19
05871,2022,20.73,10.77
06001,2023,8.48,11.17
06002,2023,9.63,11.92
06010,2023,11.02,12.17
06013,2023,12.44,12.05
06016,2023,17.36,13.04
06018,2022,14.71,12.07
06019,2023,2.88,8.3
06021,2022,16.72,13.36
06023,2022,-0.38,4.27
06026,2023,1.37,9.5
06027,2022,10.5,8.11
06029,2023,9.52,10.81
06031,2022,21.16,17.04
06032,2023,17.94,11.97
06033,2023,12.6,12.17
06035,2023,8.65,11.1
06037,2023,11.51,9.76
06039,2021,4.98,5.47
06040,2023,12.71,13.38
06042,2023,13.28,12.23
06043,2023,13.66,11.81
06051,2023,2.55,13.66
06052,2023,12.67,12.89
06053,2023,7.42,13.48
06057,2023,6.41,10.11
06058,2021,23.75,11.14
06060,2023,4.71,8.97
06062,2023,15.25,11.61
06063,2023,-1.73,9.76
06065,2021,14.23,7.1
06066,2023,11.51,11.9
06067,2023,13.24,11.89
06068,2021,-1.65,13.39
06069,2021,6.78,5.94
06070,2023,8.85,10.47
06071,2023,8.44,10.95
06073,2023,17.55,12.84
06074,2023,15.03,13.1
06076,2023,3.2,11.46
06078,2023,9.24,10.77
06081,2022,8.02,12.65
06082,2023,7.98,11.14
06084,2023,8.37,10.39
06085,2023,-2.77,7.18
06088,2023,11.48,11.1
06089,2023,2.86,9.13
06090,2022,15.66,6.56
06092,2023,2.9,9.27
06093,2023,0.67,8.38
06095,2023,12.52,12.26
06096,2023,6.8,10.3
06098,2023,4.99,11.98
06105,2023,5.49,8.91
06106,2023,8.38,12.68
06107,2023,9.93,10.8
06108,2023,8.25,12.12
06109,2023,12.65,11.31
06110,2023,15.31,12.06
06111,2023,10.95,10.89
06112,2023,4.99,16.21
06114,2023,-1.31,6.91
06117,2023,14.52,12.49
06118,2023,12.57,13.2
06119,2023,10.75,11.92
06226,2023,18.14,15.94
06231,2023,11.1,11.18
06232,2023,10.8,11.14
06234,2023,6.14,10.31
06235,2023,34.09,18.38
06237,2023,11.73,11.69
06238,2023,3.92,9.31
06239,2023,4.79,10.06
06241,2023,9.42,11.59
06242,2022,8.53,10.11
06247,2023,11.82,8.6
06248,2023,9.44,11.51
06249,2023,16.47,13.85
06250,2023,14.72,13.72
06254,2023,13.92,10.7
06255,2023,21.91,15.95
06256,2022,13.14,4.67
06259,2023,13.36,12.78
06260,2023,3.48,8.53
06268,2023,6.49,11.45
06277,2023,12.79,14.2
06278,2023,-1.59,9.5
06279,2023,11.48,11.42
06280,2023,9.35,10.14
06281,2023,9.79,10.42
06282,2023,15.72,14.12
06320,2023,19.73,16.63
06330,2023,7.09,7.63
06331,2023,10.84,9.79
06333,2023,13.26,11.75
06334,2023,26.01,15.63
06335,2023,13.75,11.99
06339,2023,16.77,14.83
06340,2023,8.65,11.74
06351,2023,6.57,11.0
06354,2023,22.18,15.18
06355,2023,12.13,13.7
06357,2023,14.14,13.59
06359,2023,8.12,12.56
06360,2023,11.8,13.78
06365,2023,17.48,12.27
06370,2023,0.07,9.87
06371,2023,16.99,13.44
06374,2023,7.59,11.79
06375,2023,7.19,9.6
06377,2023,-2.59,10.96
06378,2023,14.44,16.41
06379,2023,17.95,14.1
06382,2023,14.56,13.07
06384,2023,14.56,13.67
06385,2023,10.77,10.79
06401,2023,12.07,13.68
06403,2023,14.58,13.25
06405,2023,8.66,11.46
06409,2022,18.11,12.6
06410,2023,7.86,11.15
06412,2023,7.86,11.41
06413,2023,11.9,12.02
06415,2023,11.68,12.55
06416,2023,12.76,12.87
06417,2023,23.12,16.29
06418,2023,18.67,15.57
06419,2023,5.0,10.79
06420,2023,9.02,11.65
06422,2023,12.36,12.26
06423,2023,10.72,9.98
06424,2023,11.95,10.91
06426,2023,4.69,10.22
06437,2023,7.29,10.67
06438,2023,11.98,11.64
06441,2023,11.5,13.44
06442,2023,15.75,15.19
06443,2023,11.28,12.81
06447,2023,13.48,12.34
06450,2023,5.38,12.57
06451,2023,7.93,12.34
06455,2023,4.03,10.34
06457,2023,7.58,10.55
06460,2023,13.16,12.59
06461,2023,9.76,12.25
06468,2023,9.62,12.68
06469,2023,-2.91,9.11
06470,2023,8.54,12.81
06471,2023,8.46,10.01
06472,2023,4.96,8.9
06473,2023,9.41,11.0
06475,2023,14.95,15.76
06477,2023,12.12,12.14
06478,2023,3.09,9.55
06479,2023,18.56,14.31
06480,2023,2.23,8.87
06481,2022,22.62,13.82
06482,2023,8.39,13.19
06483,2023,12.5,13.91
06484,2023,8.95,11.62
06488,2023,11.96,11.75
06489,2023,13.62,11.8
06492,2023,11.93,11.2
06498,2023,13.34,14.68
06511,2023,21.92,15.05
06512,2023,9.07,12.1
06513,2023,12.28,12.95
06514,2023,8.08,12.18
06515,2023,27.18,16.39
06516,2023,12.36,14.17
06517,2023,10.57,12.33
06518,2023,9.71,11.7
06524,2023,10.78,12.0
06525,2023,7.46,11.29
06604,2023,15.69,15.39
06605,2023,1.72,10.99
06606,2023,9.86,13.87
06610,2023,16.75,14.1
06611,2023,12.49,12.06
06612,2023,21.98,15.33
06614,2023,7.25,12.55
06615,2023,11.62,14.26
06704,2023,14.41,18.4
06705,2023,11.11,18.7
06706,2023,7.59,18.41
06708,2023,20.45,19.31
06710,2023,9.92,11.16
06712,2023,10.47,10.81
06716,2023,10.36,11.59
06750,2022,26.81,16.91
06751,2023,62.86,29.19
06752,2023,7.52,10.69
06754,2022,14.57,10.18
06755,2023,4.46,15.67
06756,2023,-7.98,9.6
06757,2023,19.68,17.58
06759,2023,13.26,13.91
06762,2023,10.37,10.31
06763,2022,5.46,8.92
06770,2023,11.01,14.53
06776,2023,9.08,12.74
06777,2022,16.5,8.76
06778,2022,6.56,9.2
06779,2023,26.79,15.66
06782,2023,12.37,14.15
06783,2022,9.09,8.73
06784,2023,5.86,11.67
06786,2023,13.17,13.68
06787,2023,22.37,15.54
06790,2023,12.62,16.62
06791,2023,6.14,11.71
06793,2021,7.61,3.22
06794,2021,25.22,11.31
06795,2023,10.96,12.07
06798,2023,10.57,12.23
06801,2023,7.07,12.62
06804,2023,8.78,11.54
06807,2023,-1.88,8.76
06810,2023,16.2,12.95
06811,2023,8.37,12.29
06812,2023,6.83,11.61
06820,2023,21.11,11.53
06824,2023,10.71,11.32
06825,2023,9.12,11.24
06830,2023,61.1,21.22
06831,2023,8.89,8.21
06840,2022,7.15,5.19
06850,2023,8.95,10.67
06851,2023,7.63,9.63
06853,2023,-0.62,6.59
06854,2023,7.41,9.52
06855,2023,3.4,8.21
06870,2021,3.42,4.55
06877,2023,16.39,12.61
06878,2022,2.28,3.25
06880,2023,13.44,10.54
06883,2023,12.19,12.73
06890,2022,8.16,7.18
06896,2023,9.68,12.19
06897,2023,1.43,8.78
06902,2023,3.4,8.34
06903,2023,13.25,10.61
06905,2023,11.12,9.85
06906,2023,9.91,8.75
06907,2023,4.54,7.95
07001,2023,2.13,11.07
07002,2023,2.5,7.94
07003,2023,7.15,10.49
07004,2023,5.63,7.78
07005,2023,9.66,9.22
07006,2023,11.4,9.38
07008,2023,9.11,11.1
07009,2023,3.82,6.12
07010,2023,4.57,8.0
07011,2023,7.36,10.83
07012,2023,11.87,10.62
07013,2023,5.54,9.39
07014,2023,1.17,7.03
07016,2023,9.47,9.13
07017,2023,4.59,12.52
07018,2023,4.4,15.98
07020,2021,13.66,-3.51
07021,2021,7.63,3.85
07022,2023,0.81,8.1
07023,2023,7.36,8.64
07024,2023,0.5,3.03
07026,2023,16.21,12.14
07027,2023,2.13,8.78
07028,2023,9.96,11.51
07029,2022,5.44,7.29
07030,2021,-2.04,8.95
07031,2023,11.88,11.38
07032,2023,11.49,9.73
07033,2023,6.78,9.12
07034,2023,12.69,10.63
07035,2023,5.99,9.47
07036,2023,11.61,14.36
07039,2023,10.61,9.67
07040,2023,9.49,9.08
07041,2023,11.61,7.7
07042,2023,11.61,12.35
07043,2023,17.9,11.03
07044,2023,8.04,9.15
07045,2023,2.1,7.88
07046,2023,15.73,7.6
07047,2023,12.08,9.58
07050,2023,14.86,14.8
07052,2023,11.69,11.95
07054,2023,10.6,9.59
07055,2023,10.12,8.65
07057,2022,17.03,8.93
07058,2023,3.23,10.62
07059,2023,8.53,8.56
07060,2023,14.32,14.26
07062,2023,4.74,11.92
07063,2023,-1.39,10.19
07064,2023,17.1,14.53
07065,2023,13.8,12.92
07066,2023,14.1,10.25
07067,2023,12.31,11.5
07068,2023,6.85,9.0
07069,2023,7.93,5.79
07070,2023,10.11,8.26
07071,2023,8.61,8.31
07072,2023,7.19,7.51
07073,2023,1.88,6.96
07074,2022,7.74,7.71
07075,2023,15.39,10.4
07076,2023,9.03,9.14
07077,2023,16.47,12.31
07078,2022,12.64,7.03
07079,2023,15.94,13.09
07080,2023,10.19,10.67
07081,2023,9.78,9.38
07082,2023,2.95,8.77
07083,2023,8.24,10.65
07086,2023,-7.0,3.86
07087,2023,21.53,13.72
07090,2023,8.25,8.78
07092,2023,9.05,6.1
07093,2022,27.05,11.75
07094,2023,0.39,6.53
07095,2023,8.21,10.85
07104,2023,-3.19,8.64
07105,2022,13.54,4.7
07106,2023,13.99,17.05
07107,2022,18.93,16.64
07109,2023,12.73,10.71
07110,2023,12.21,10.56
07111,2023,18.78,17.21
07112,2023,36.49,14.23
07201,2022,33.95,19.57
07202,2023,9.74,11.85
07203,2023,13.78,15.47
07204,2023,12.84,12.66
07205,2023,14.39,13.71
07206,2022,13.93,17.88
07208,2023,11.71,12.27
07302,2022,11.24,1.76
07304,2023,4.9,9.26
07305,2023,11.69,9.91
07306,2023,5.33,5.35
07307,2023,12.98,10.78
07401,2023,0.29,6.06
07403,2023,16.33,12.86
07405,2023,2.86,7.83
07407,2023,8.02,9.16
07410,2023,8.0,9.73
07416,2023,6.95,10.9
07417,2023,-2.44,4.65
07418,2023,-17.64,6.56
07419,2023,38.32,23.53
07420,2023,20.93,12.79
07421,2023,0.15,9.19
07422,2023,14.85,13.71
07423,2023,11.1,8.14
07424,2023,12.22,11.6
07430,2023,0.17,5.99
07432,2023,12.57,8.66
07435,2023,-1.64,9.21
07436,2023,6.55,8.3
07438,2023,10.11,10.6
07439,2023,18.21,14.52
07440,2023,6.83,9.49
07442,2023,7.86,12.44
07444,2023,11.18,9.69
07446,2023,9.87,8.06
07450,2023,9.16,9.05
07452,2023,16.34,10.27
07456,2023,12.03,11.88
07457,2023,8.36,10.64
07458,2023,8.71,5.59
07460,2023,5.21,9.06
07461,2023,9.82,12.22
07462,2023,21.43,15.62
07463,2023,13.42,7.99
07465,2023,9.31,10.67
07470,2023,8.15,9.97
07480,2023,9.07,11.57
07481,2023,4.64,5.99
07501,2022,12.77,15.45
07502,2023,11.36,13.36
07503,2023,-6.0,8.9
07504,2022,23.87,14.27
07506,2023,6.58,8.25
07508,2023,7.46,9.42
07512,2023,3.63,7.53
07514,2022,4.64,10.28
07522,2023,6.33,15.3
07601,2023,11.8,10.2
07603,2023,5.4,9.15
07604,2023,12.52,10.55
07605,2023,10.73,8.45
07606,2021,16.79,2.31
07607,2023,8.3,8.5
07621,2023,11.3,10.29
07624,2023,14.18,9.01
07626,2023,14.69,8.87
07627,2023,7.16,7.1
07628,2023,5.34,8.16
07630,2023,17.5,11.14
07631,2023,15.98,11.45
07632,2022,14.72,6.08
07640,2023,12.01,9.13
07641,2023,8.86,7.33
07642,2023,11.38,7.95
07643,2023,2.2,8.71
07644,2023,9.77,9.18
07645,2023,13.45,9.81
07646,2023,6.42,9.41
07647,2023,1.81,6.15
07648,2023,13.08,10.41
07649,2023,11.84,7.69
07650,2022,13.29,6.5
07652,2023,3.32,7.34
07656,2023,8.34,9.33
07657,2023,-0.07,7.56
07660,2023,11.34,10.68
07661,2023,8.2,9.4
07662,2023,13.03,11.71
07663,2023,9.82,10.32
07666,2023,10.09,9.67
07670,2023,10.31,9.16
07675,2023,11.69,9.21
07676,2023,7.87,6.83
07677,2023,7.9,7.09
07701,2023,5.73,11.17
07702,2023,9.74,10.58
07704,2023,20.62,15.21
07711,2022,7.45,12.54
07712,2023,14.59,13.87
07716,2023,14.48,11.78
07717,2021,-7.9,4.99
07718,2023,11.89,10.65
07719,2023,13.04,13.23
07720,2023,1.83,9.42
07721,2023,16.99,15.76
07722,2023,3.13,9.6
07723,2021,7.6,0.31
07724,2023,11.34,11.84
07726,2023,9.75,11.96
07727,2023,7.26,10.59
07728,2023,13.35,13.06
07730,2023,12.05,12.2
07731,2023,13.45,14.95
07732,2023,19.51,17.79
07733,2023,8.0,10.86
07734,2023,4.1,13.48
07735,2023,8.51,11.06
07737,2023,19.42,14.45
07738,2023,7.11,9.17
07739,2023,6.35,8.89
07740,2023,7.16,12.46
07746,2023,8.05,11.19
07747,2023,9.83,11.99
07748,2023,12.08,12.12
07750,2022,6.61,9.47
07751,2023,9.3,11.67
07753,2023,12.84,13.43
07755,2023,12.78,16.41
07756,2023,7.0,13.32
07757,2023,8.44,9.49
07758,2023,5.06,10.8
07760,2023,15.46,10.85
07762,2023,13.11,12.06
07764,2023,14.87,19.37
07801,2023,10.88,11.9
07803,2023,11.84,10.92
07821,2023,18.19,15.64
07822,2023,4.6,11.45
07823,2023,21.79,15.01
07825,2023,11.09,12.67
07826,2023,14.57,11.08
07827,2023,-0.22,10.54
07828,2023,9.6,13.88
07830,2023,14.98,11.77
07832,2023,3.99,13.2
07834,2023,6.91,8.64
07836,2023,8.58,11.71
07838,2023,9.17,10.57
07840,2023,8.5,9.96
07843,2023,12.19,12.76
07847,2023,33.59,16.4
07848,2023,21.41,15.96
07849,2023,-1.6,10.35
07850,2023,19.66,14.39
07852,2023,2.52,11.15
07853,2023,6.81,10.52
07856,2023,26.75,14.62
07857,2023,8.87,12.08
07860,2023,8.83,12.34
07863,2023,18.89,14.08
07865,2023,6.63,8.66
07866,2023,9.94,10.46
07869,2023,6.45,9.81
07871,2023,12.14,12.48
07874,2023,9.84,12.62
07876,2023,10.31,11.68
07878,2021,10.04,5.85
07882,2023,10.66,15.22
07885,2023,20.58,14.14
07901,2023,15.15,10.41
07920,2023,4.75,7.23
07921,2022,-3.25,3.22
07922,2023,10.87,8.25
07924,2023,6.79,6.09
07927,2023,10.22,8.81
07928,2023,12.0,8.33
07930,2023,9.34,10.53
07931,2022,12.76,8.19
07932,2023,6.08,7.31
07933,2023,14.06,9.03
07934,2022,6.38,5.96
07936,2023,10.48,8.39
07940,2023,13.06,8.14
07945,2023,10.2,8.57
07946,2023,25.98,13.04
07950,2023,8.48,8.23
07960,2023,10.19,9.1
07974,2023,4.86,7.01
07977,2021,10.92,3.47
07980,2023,7.25,7.73
07981,2023,4.78,7.02
08001,2021,18.78,10.22
08002,2023,12.47,13.74
08003,2023,14.68,14.17
08004,2023,8.25,12.46
08005,2023,5.89,16.63
08006,2022,12.16,10.69
08007,2023,13.47,14.85
08008,2023,17.04,14.89
08009,2023,12.45,14.47
08010,2023,6.37,13.2
08012,2023,11.9,15.3
08015,2023,14.96,16.68
08016,2023,11.35,14.84
08019,2022,7.59,5.76
08020,2023,4.43,15.69
08021,2023,14.04,17.83
08022,2023,15.75,13.24
08026,2023,10.29,11.86
08027,2023,8.49,13.39
08028,2023,13.62,14.57
08029,2023,14.23,15.4
08030,2023,16.09,17.8
08031,2023,16.08,15.65
08032,2014,5.08,0.32
08033,2023,13.06,12.48
08034,2023,9.7,13.92
08035,2023,13.65,12.49
08036,2023,11.1,13.0
08037,2023,10.55,14.74
08041,2022,11.65,8.18
08043,2023,11.04,13.2
08045,2022,25.31,22.19
08046,2023,8.62,17.59
08048,2023,13.59,13.93
08049,2023,9.11,16.27
08050,2023,12.09,15.94
08051,2023,31.06,19.88
08052,2023,13.12,13.39
08053,2023,13.14,13.09
08054,2023,12.66,12.03
08055,2023,11.53,12.67
08056,2023,10.7,12.44
08057,2023,11.91,10.87
08059,2023,8.46,12.43
08060,2023,12.27,14.02
08061,2023,15.55,17.12
08062,2023,14.39,15.1
08063,2023,3.37,13.21
08065,2023,13.99,16.24
08066,2023,32.26,20.69
08067,2023,30.48,18.74
08068,2023,7.56,11.79
08069,2023,14.85,16.4
08070,2023,15.86,17.53
08071,2023,13.04,14.19
08075,2023,16.71,15.34
08077,2023,11.04,12.26
08078,2023,17.58,17.09
08079,2023,3.16,10.25
08080,2023,13.15,14.82
08081,2023,10.4,17.01
08083,2023,12.1,16.41
08084,2023,11.31,16.75
08085,2023,13.25,14.04
08086,2023,14.4,14.9
08087,2023,10.03,16.4
08088,2023,11.37,13.13
08089,2023,-2.65,9.81
08090,2023,3.73,13.16
08091,2023,2.16,11.09
08092,2023,20.64,17.0
08093,2023,17.3,16.74
08094,2023,13.46,15.86
08096,2023,11.7,15.31
08097,2023,9.4,15.33
08098,2023,9.6,13.89
08103,2013,-0.69,6.13
08104,2023,25.04,20.18
08105,2023,16.62,12.93
08106,2023,13.91,14.34
08107,2023,13.84,14.82
08108,2023,15.59,14.53
08109,2023,15.48,14.77
08110,2023,18.41,14.53
08201,2023,2.21,12.24
08202,2021,11.61,9.65
08203,2023,19.09,19.58
08204,2023,14.6,17.34
08205,2023,12.7,15.17
08210,2023,8.46,13.2
08212,2021,10.12,9.2
08215,2023,10.92,14.72
08221,2023,21.4,18.18
08223,2023,8.25,10.39
08225,2023,7.94,15.52
08226,2023,4.83,15.91
08230,2023,6.29,11.24
08232,2023,17.05,16.07
08234,2023,12.0,15.49
08241,2023,8.61,15.56
08242,2023,11.26,12.18
08243,2021,22.76,10.95
08244,2023,13.18,17.89
08247,2021,5.86,7.82
08251,2023,8.54,18.35
08260,2023,14.21,17.94
08270,2023,1.16,10.89
08302,2023,8.15,11.31
08310,2022,24.28,15.94
08311,2021,29.26,10.02
08312,2023,16.3,17.17
08317,2022,23.86,12.24
08318,2023,17.18,14.78
08319,2022,6.96,14.55
08322,2023,8.73,13.69
08328,2022,19.3,10.65
08330,2023,20.49,16.96
08332,2023,13.79,15.37
08340,2021,6.21,7.67
08341,2022,10.71,12.03
08343,2023,21.99,17.76
08344,2023,3.82,12.55
08360,2023,8.45,14.33
08361,2023,7.86,13.04
08401,2023,23.21,18.36
08402,2023,14.68,20.06
08403,2021,17.38,13.36
08406,2023,30.24,23.05
08501,2023,14.08,12.72
08502,2023,4.59,10.17
08505,2023,13.57,13.06
08510,2023,8.31,10.2
08511,2022,19.98,13.09
08512,2023,6.91,6.53
08514,2023,9.46,13.39
08515,2023,12.92,12.22
08518,2023,2.77,10.72
08520,2023,14.79,13.38
08525,2023,12.25,8.4
08527,2023,9.74,16.42
08530,2023,6.85,8.19
08533,2023,-1.9,11.03
08534,2023,7.89,10.46
08535,2023,14.38,13.52
08536,2023,1.94,4.63
08540,2023,14.26,10.64
08542,2022,-2.9,2.15
08550,2023,17.11,12.84
08551,2023,11.88,10.9
08553,2021,12.22,4.13
08554,2023,17.9,13.72
08555,2021,17.06,7.98
08558,2023,13.31,11.11
08559,2023,15.78,11.14
08560,2023,8.86,10.88
08562,2023,10.2,12.04
08609,2023,33.2,24.9
08610,2023,11.16,13.85
08611,2023,17.14,19.6
08618,2023,12.5,15.29
08619,2023,12.81,12.9
08620,2023,15.09,12.93
08628,2023,8.21,12.2
08629,2023,18.83,18.08
08638,2023,14.87,17.22
08648,2023,8.98,11.2
08690,2023,9.48,11.69
08691,2023,10.91,12.24
08701,2023,25.71,19.92
08720,2021,15.53,9.73
08721,2023,10.78,14.63
08722,2023,15.35,16.68
08723,2023,10.03,13.74
08724,2023,10.47,13.82
08730,2023,2.15,12.08
08731,2023,13.14,15.34
08732,2023,24.79,18.08
08733,2023,4.17,17.13
08734,2023,6.92,14.6
08735,2023,21.29,13.0
08736,2023,14.17,13.28
08738,2021,19.87,7.57
08740,2023,4.08,14.61
08741,2023,26.37,17.37
08742,2023,8.38,12.7
08750,2022,0.45,5.65
08751,2023,30.23,20.1
08752,2022,25.95,15.08
08753,2023,9.61,14.67
08755,2023,8.2,15.19
08757,2023,7.72,17.85
08758,2023,16.32,17.07
08759,2023,11.61,19.15
08801,2023,6.56,9.58
08802,2023,-2.27,8.02
08804,2023,11.39,10.77
08805,2023,6.57,11.16
08807,2023,10.86,9.61
08809,2023,5.26,11.44
08810,2023,7.63,10.18
08812,2023,1.92,9.08
08816,2023,13.03,12.3
08817,2023,11.87,11.67
08820,2023,9.86,9.11
08822,2023,10.07,11.02
08823,2022,14.49,9.2
08824,2023,12.97,11.79
08825,2023,5.18,7.45
08826,2023,15.23,12.76
08827,2023,8.62,10.05
08828,2023,14.85,16.11
08829,2023,6.55,11.1
08830,2023,5.59,10.72
08831,2023,4.09,9.51
08833,2023,9.16,9.31
08835,2023,7.38,11.36
08836,2023,14.08,10.66
08837,2023,13.35,12.26
08840,2023,14.05,10.49
08844,2023,11.73,11.24
08846,2023,13.6,12.56
08848,2023,19.32,12.6
08850,2023,16.46,12.32
08852,2023,13.5,11.54
08853,2023,7.09,8.63
08854,2023,12.43,12.0
08857,2023,11.23,11.76
08859,2023,7.68,10.24
08861,2023,6.8,9.68
08863,2023,10.62,11.53
08865,2023,11.91,13.75
08867,2023,18.32,13.25
08869,2023,20.18,13.75
08872,2023,10.82,10.72
08873,2023,6.56,10.29
08876,2023,10.04,10.17
08879,2023,12.93,11.72
08880,2023,6.07,10.06
08882,2023,11.04,12.77
08884,2023,6.99,12.36
08886,2023,4.73,12.52
08887,2021,9.21,4.14
08889,2023,9.22,9.78
08901,2023,5.39,6.28
08902,2023,9.81,10.86
08904,2023,11.34,9.35
10301,2023,4.89,4.47
10302,2023,-4.54,4.21
10303,2023,8.83,8.2
10304,2023,4.02,5.4
10305,2023,-2.56,4.7
10306,2023,4.05,4.73
10307,2023,-8.47,3.41
10308,2023,0.51,3.86
10309,2023,0.99,3.48
10310,2023,2.76,4.45
10312,2023,5.85,5.56
10314,2023,0.29,4.49
10457,2022,4.05,5.31
10459,2022,44.2,14.94
10461,2023,5.31,5.11
10462,2023,-6.99,3.13
10463,2023,21.49,10.62
10464,2023,-6.34,1.41
10465,2023,3.38,5.6
10466,2023,6.18,7.09
10467,2023,1.03,5.58
10468,2013,0.92,-4.62
10469,2023,3.61,5.62
10470,2022,6.36,6.28
10471,2022,9.07,5.46
10472,2023,6.38,4.37
10473,2023,8.13,7.4
10475,2021,19.05,9.25
10501,2022,17.16,11.12
10502,2023,6.55,4.36
10504,2022,22.39,9.78
10505,2021,12.29,9.23
10506,2023,6.8,5.52
10507,2023,5.48,7.9
10509,2023,0.83,7.76
10510,2023,10.25,9.54
10511,2023,-0.72,6.15
10512,2023,4.59,9.75
10514,2023,7.38,7.37
10516,2023,7.49,6.99
10518,2021,6.1,2.62
10520,2023,12.68,9.61
10522,2023,4.15,3.85
10523,2023,3.6,5.75
10524,2023,-8.8,5.29
10526,2022,8.18,5.35
10527,2022,11.82,7.02
10528,2022,2.56,3.04
10530,2023,-4.29,4.61
10532,2023,2.58,5.81
10533,2023,14.7,5.43
10536,2023,6.49,9.02
10537,2023,4.93,14.39
10538,2023,11.15,8.03
10541,2023,3.77,8.14
10543,2023,6.05,6.09
10546,2021,4.45,2.87
10547,2023,1.64,7.13
10548,2023,13.26,8.29
10549,2023,15.22,12.19
10550,2023,21.28,12.55
10552,2023,0.69,4.39
10553,2023,-4.75,4.83
10560,2023,20.89,10.69
10562,2023,8.46,8.95
10566,2023,8.8,10.31
10567,2023,9.36,10.22
10570,2023,2.6,5.96
10573,2023,6.13,8.23
10576,2023,7.75,8.5
10577,2021,9.69,7.06
10578,2022,9.05,4.23
10579,2023,4.91,9.6
10580,2022,1.02,0.9
10583,2023,0.6,5.38
10588,2023,11.44,11.6
10589,2023,0.85,7.12
10590,2023,2.19,6.89
10591,2023,3.16,6.89
10594,2023,9.08,5.21
10595,2023,3.13,5.88
10596,2022,17.11,7.49
10598,2023,8.52,9.19
10603,2023,4.96,6.97
10604,2023,10.52,6.49
10605,2023,7.3,6.43
10606,2023,7.76,8.11
10607,2023,11.57,8.26
10701,2023,3.13,7.55
10703,2023,5.09,6.73
10704,2023,1.08,6.01
10705,2023,7.67,7.3
10706,2023,3.05,8.92
10707,2023,15.89,6.06
10708,2023,0.22,5.92
10709,2023,6.19,5.08
10710,2023,13.32,8.41
10801,2023,7.14,6.73
10803,2023,2.33,5.06
10804,2023,5.21,6.89
10805,2023,7.17,7.07
10901,2023,9.19,14.16
10913,2023,-0.5,5.76
10914,2021,2.02,0.67
10916,2023,10.28,11.92
10917,2023,-2.75,11.2
10918,2023,8.28,12.89
10919,2021,15.18,5.84
10920,2023,6.61,8.39
10921,2023,-4.21,7.58
10922,2022,23.7,15.09
10923,2023,5.25,11.87
10924,2023,4.47,10.83
10925,2023,2.39,9.87
10926,2023,8.53,11.86
10927,2023,20.97,17.09
10928,2023,22.72,16.82
10930,2023,2.25,13.32
10931,2021,18.25,11.98
10940,2023,7.55,14.41
10941,2023,10.99,13.94
10950,2023,8.4,14.75
10952,2023,11.12,14.74
10954,2023,7.68,9.31
10956,2023,12.15,10.87
10958,2023,8.85,11.84
10960,2023,-1.67,6.21
10962,2023,4.86,8.06
10963,2023,13.53,11.28
10964,2022,11.82,6.25
10965,2023,8.7,7.81
10968,2021,7.25,6.21
10969,2022,-8.77,2.93
10970,2023,8.83,13.63
10973,2023,32.05,17.38
10974,2023,16.27,13.18
10976,2022,7.85,6.2
10977,2023,16.23,15.31
10980,2023,5.95,10.74
10983,2023,4.72,7.53
10984,2023,4.01,14.09
10986,2023,4.89,10.11
10987,2023,2.8,8.96
10989,2023,6.16,9.37
10990,2023,5.76,11.1
10992,2023,5.45,14.03
10993,2023,5.0,9.97
10994,2023,3.02,8.2
10998,2023,11.17,11.42
11001,2023,1.0,5.36
11003,2023,5.53,8.6
11004,2023,3.27,5.12
11010,2023,1.5,6.33
11020,2023,18.82,10.56
11021,2023,7.6,5.6
11023,2022,16.53,8.71
11024,2022,4.4,2.82
11030,2022,8.15,1.93
11040,2023,6.6,5.56
11050,2023,7.92,6.25
11096,2023,4.59,14.55
11103,2021,17.57,13.02
11104,2021,6.87,7.64
11105,2022,9.14,1.68
11203,2023,3.1,4.75
11204,2022,4.05,3.92
11207,2023,12.2,7.0
11208,2023,7.31,7.89
11209,2023,7.62,5.78
11210,2023,4.48,2.84
11212,2023,-2.07,3.29
11213,2022,9.65,3.85
11214,2022,8.0,3.53
11215,2021,-0.86,6.83
11216,2021,12.5,26.1
11218,2022,-3.23,-2.1
11219,2021,-4.57,-3.54
11220,2021,6.36,0.2
11223,2023,5.05,4.06
11224,2023,-14.99,0.33
11225,2022,-10.23,1.79
11226,2022,22.04,3.44
11228,2023,7.23,5.88
11229,2023,-1.76,2.93
11230,2023,9.19,4.01
11231,2013,0.35,5.77
11234,2023,1.85,4.43
11235,2023,3.13,4.82
11236,2023,2.71,4.55
11238,2013,-10.81,2.52
11354,2022,8.25,0.85
11355,2023,8.98,3.15
11356,2023,-5.25,2.85
11357,2023,7.91,5.68
11358,2023,2.1,2.5
11360,2022,0.9,-1.36
11361,2023,1.2,4.98
11362,2023,-3.43,-0.1
11363,2022,3.06,4.23
11364,2023,-0.78,3.04
11365,2023,15.03,7.31
11366,2023,2.81,4.01
11367,2023,4.82,3.54
11368,2023,-1.34,2.53
11369,2023,7.45,4.57
11370,2023,-5.99,1.13
11372,2022,7.36,5.93
11373,2023,0.06,2.0
11374,2023,-2.71,0.28
11375,2023,10.35,5.84
11377,2023,1.38,3.82
11378,2023,-3.48,1.46
11379,2023,4.47,3.4
11385,2023,4.98,4.49
11411,2023,0.87,5.48
11412,2023,8.24,6.94
11413,2023,2.38,5.64
11414,2023,6.06,3.59
11415,2022,-12.31,-1.18
11416,2023,28.56,11.91
11417,2023,5.29,6.49
11418,2023,-2.26,2.08
11419,2023,7.89,7.5
11420,2023,5.63,6.88
11421,2023,1.4,3.12
11422,2023,4.31,5.53
11423,2023,7.97,7.7
11426,2023,3.29,3.35
11427,2023,2.67,4.96
11428,2023,1.78,5.83
11429,2023,6.01,6.68
11432,2023,0.15,4.91
11433,2023,2.39,6.75
11434,2023,1.47,6.91
11435,2023,4.47,4.23
11436,2023,1.22,6.95
11501,2023,5.41,5.76
11507,2023,1.84,6.04
11509,2022,7.63,6.08
11510,2023,4.82,8.94
11514,2023,9.61,8.74
11516,2023,10.79,10.44
11518,2023,4.85,6.33
11520,2023,7.12,10.19
11530,2023,13.91,8.32
11542,2023,0.7,7.04
11545,2023,2.82,7.24
11547,2022,2.68,2.55
11548,2021,10.78,8.63
11550,2023,6.83,10.7
11552,2023,5.18,7.64
11553,2023,12.82,10.02
11554,2023,7.84,8.46
11557,2023,4.01,7.0
11558,2023,16.37,10.71
11559,2023,18.42,13.17
11560,2023,-2.71,5.42
11561,2023,4.36,7.98
11563,2023,1.0,6.69
11565,2023,3.37,7.28
11566,2023,5.82,7.62
11569,2022,14.58,6.71
11570,2023,7.69,6.32
11572,2023,4.29,7.33
11575,2023,12.79,12.61
11576,2023,3.15,6.52
11577,2023,0.64,4.8
11579,2023,0.73,4.57
11580,2023,5.91,7.88
11581,2023,8.38,8.81
11590,2023,8.2,8.82
11596,2023,-4.8,3.69
11598,2023,7.49,8.07
11691,2023,11.02,6.21
11692,2023,21.7,8.74
11693,2023,-8.16,4.77
11694,2023,-16.43,-1.46
11701,2023,7.54,11.07
11702,2023,6.95,8.04
11703,2023,6.73,11.18
11704,2023,5.88,10.58
11705,2023,5.76,8.5
11706,2023,6.5,10.29
11709,2023,12.8,8.5
11710,2023,4.4,7.67
11713,2023,7.36,12.96
11714,2023,3.92,6.88
11715,2023,11.83,11.23
11716,2023,4.34,8.41
11717,2023,8.93,11.37
11718,2023,9.12,7.69
11719,2023,18.53,12.84
11720,2023,7.04,11.52
11721,2023,-3.46,7.7
11722,2023,7.86,10.31
11724,2023,-8.89,1.76
11725,2023,3.67,9.01
11726,2023,5.56,8.94
11727,2023,7.59,12.15
11729,2023,8.0,10.17
11730,2023,2.07,7.27
11731,2023,9.83,9.53
11732,2023,4.4,5.3
11733,2023,5.29,8.57
11735,2023,5.23,8.6
11738,2023,9.19,11.93
11739,2023,5.2,11.15
11740,2023,12.77,10.58
11741,2023,9.26,10.58
11742,2023,6.48,10.29
11743,2023,8.38,9.02
11746,2023,4.36,9.1
11747,2023,2.77,8.39
11749,2023,-3.38,9.8
11751,2023,6.86,9.66
11752,2023,7.41,11.15
11753,2023,7.56,9.09
11754,2023,5.87,8.63
11755,2023,8.19,11.01
11756,2023,5.29,8.9
11757,2023,6.18,9.52
11758,2023,7.07,8.22
11762,2023,3.81,7.24
11763,2023,7.41,11.01
11764,2023,3.45,9.65
11766,2023,6.36,9.46
11767,2023,6.62,9.8
11768,2023,9.89,9.06
11769,2023,5.47,8.51
11770,2022,16.06,11.42
11771,2023,25.81,11.64
11772,2023,6.26,10.86
11776,2023,10.66,11.62
11777,2023,4.79,7.58
11778,2023,12.39,12.44
11779,2023,6.35,10.55
11780,2023,1.03,6.78
11782,2023,6.19,8.06
11783,2023,2.56,6.86
11784,2023,9.07,12.04
11786,2023,5.33,10.18
11787,2023,3.69,7.96
11788,2023,11.56,9.91
11789,2023,2.24,9.57
11790,2023,8.53,10.46
11791,2023,0.0,7.36
11792,2023,1.52,9.63
11793,2023,7.79,7.85
11795,2023,4.61,8.74
11796,2023,12.94,10.84
11797,2023,2.12,9.26
11798,2023,14.06,13.36
11801,2023,9.27,8.79
11803,2023,10.07,9.73
11804,2023,13.39,10.51
11901,2023,8.14,12.14
11930,2014,30.61,14.38
11931,2021,14.68,8.4
11932,2016,5.1,14.29
11933,2023,8.17,10.58
11934,2023,17.31,13.66
11935,2022,0.39,8.96
11937,2023,10.94,12.51
11939,2022,28.37,10.08
11940,2023,6.23,11.42
11941,2022,5.3,7.12
11942,2023,-1.77,10.26
11944,2023,13.97,11.39
11946,2023,5.89,13.13
11948,2022,8.82,8.12
11949,2023,10.88,10.43
11950,2023,11.52,15.4
11951,2023,6.85,14.22
11952,2023,9.99,11.71
11953,2023,5.22,10.39
11954,2022,12.77,7.5
11955,2023,15.51,12.28
11957,2021,4.94,9.27
11958,2022,30.55,15.08
11959,2021,16.81,2.69
11960,2022,18.79,12.19
11961,2023,6.69,11.24
11963,2022,0.87,4.05
11967,2023,8.77,12.96
11968,2023,-4.37,7.51
11971,2023,14.56,13.59
11972,2022,11.08,13.52
11975,2021,-15.16,2.84
11976,2021,14.94,8.44
11977,2022,8.16,8.67
11978,2023,0.56,10.47
11980,2023,0.55,12.69
12009,2023,16.7,12.07
12010,2023,22.69,15.39
12015,2021,12.79,9.51
12018,2023,13.95,11.78
12019,2023,11.73,10.69
12020,2023,13.59,11.2
12023,2022,13.4,5.84
12025,2023,4.48,11.57
12027,2023,11.6,10.69
12029,2022,8.9,14.52
12033,2023,15.86,12.72
12037,2023,29.25,16.03
12043,2023,14.38,11.54
12047,2023,14.28,10.86
12051,2022,15.35,14.33
12053,2023,3.96,8.45
12054,2023,14.96,11.01
12056,2022,9.53,8.85
12059,2022,23.31,12.63
12060,2021,20.53,6.38
12061,2023,7.29,9.46
12062,2022,16.83,13.96
12065,2023,12.92,11.96
12066,2021,-3.77,3.29
12067,2022,-9.42,3.33
12072,2021,6.49,7.4
12074,2022,2.04,7.42
12075,2023,-13.47,6.24
12077,2023,11.38,10.38
12078,2023,6.3,13.16
12083,2023,0.63,10.82
12084,2022,5.86,5.73
12090,2022,14.88,11.11
12094,2021,9.07,12.38
12095,2023,-5.58,8.65
12106,2023,13.18,15.86
12110,2023,2.59,8.11
12117,2022,7.67,7.38
12118,2023,15.04,12.82
12121,2023,65.09,26.5
12122,2022,15.54,12.63
12123,2023,-4.44,5.87
12134,2023,10.57,14.38
12136,2021,15.03,10.25
12137,2021,14.78,6.3
12138,2022,0.92,11.2
12140,2022,15.39,10.11
12143,2023,14.21,14.0
12144,2023,3.71,9.85
12148,2023,14.97,11.74
12151,2022,64.69,27.36
12154,2022,12.14,8.43
12156,2021,6.22,2.52
12157,2023,13.89,12.48
12158,2023,6.67,10.98
12159,2023,8.81,7.98
12168,2022,-0.45,8.3
12170,2023,11.82,10.47
12180,2023,9.71,10.28
12182,2023,3.29,8.25
12184,2023,7.29,10.13
12185,2022,-0.19,5.66
12186,2023,-15.86,7.27
12188,2023,16.3,9.83
12189,2023,5.09,7.94
12193,2022,9.24,9.36
12196,2022,11.49,9.7
12198,2023,12.99,10.22
12202,2022,10.9,11.78
12203,2023,3.4,9.63
12204,2023,10.45,10.12
12205,2023,9.6,9.8
12206,2023,-19.08,5.33
12208,2023,5.22,9.06
12209,2023,16.05,9.26
12210,2022,5.76,7.45
12211,2023,10.4,9.36
12302,2023,9.78,11.16
12303,2023,9.76,11.74
12304,2023,16.12,13.19
12306,2023,13.34,11.18
12308,2023,21.34,15.72
12309,2023,12.11,11.7
12401,2023,9.82,14.97
12404,2023,-11.0,12.64
12409,2021,15.18,1.63
12414,2023,1.55,12.98
12419,2020,-4.1,2.52
12428,2023,-4.62,13.42
12440,2023,-5.23,10.07
12443,2023,10.4,17.93
12446,2023,13.26,13.59
12449,2023,-0.4,6.64
12457,2021,33.61,10.85
12461,2022,8.45,12.59
12464,2021,15.14,6.3
12466,2023,14.42,13.99
12472,2022,5.5,15.25
12477,2023,10.33,12.76
12481,2022,-3.45,8.0
12484,2022,8.18,9.1
12486,2022,23.16,14.57
12487,2023,-1.2,13.86
12491,2023,5.48,12.14
12494,2022,20.55,20.28
12496,2022,23.53,17.68
12498,2023,-0.39,15.17
12501,2022,-1.61,7.57
12502,2021,17.75,7.33
12508,2023,15.63,15.11
12514,2022,24.53,14.39
12515,2022,14.27,10.29
12516,2022,-6.17,1.22
12518,2023,7.49,13.18
12520,2023,-0.87,9.01
12521,2023,-7.57,4.08
12522,2023,7.1,8.56
12523,2022,-3.88,7.55
12524,2023,2.47,8.56
12525,2023,2.21,11.0
12526,2023,4.22,11.44
12528,2023,2.43,11.66
12529,2023,38.65,18.4
12531,2023,0.74,9.66
12533,2023,8.0,10.2
12534,2023,6.01,12.91
12538,2023,14.19,15.15
12540,2023,7.86,11.16
12542,2023,-0.07,10.38
12543,2023,19.07,18.15
12545,2023,2.57,7.23
12546,2022,11.7,7.05
12547,2023,8.12,12.88
12548,2022,11.27,12.87
12549,2023,2.97,11.56
12550,2023,11.23,14.14
12553,2023,8.93,13.84
12561,2023,8.61,11.78
12563,2023,10.84,10.92
12564,2023,-1.14,10.44
12566,2023,-1.1,11.99
12567,2023,1.97,9.64
12569,2023,7.39,11.85
12570,2023,3.65,9.27
12571,2023,6.29,14.69
12572,2023,10.15,13.8
12575,2023,4.25,10.89
12577,2023,10.74,15.5
12578,2023,-6.64,6.43
12580,2023,9.65,11.32
12581,2023,4.5,12.17
12582,2023,-0.05,7.45
12583,2023,1.9,10.23
12585,2022,19.72,12.8
12586,2023,7.5,11.38
12589,2023,15.45,14.96
12590,2023,7.13,10.67
12594,2023,-1.78,8.12
12601,2023,9.7,13.38
12603,2023,5.77,10.83
12701,2023,25.27,22.3
12719,2021,12.77,6.68
12721,2023,15.11,13.18
12723,2022,-8.99,17.15
12737,2023,37.87,23.76
12740,2021,13.78,7.05
12754,2023,4.88,15.92
12758,2023,18.72,22.57
12764,2023,9.14,15.23
12771,2023,7.39,13.32
12775,2022,28.82,19.65
12780,2023,-2.72,11.41
12788,2022,12.31,14.24
12790,2023,17.35,19.88
12801,2023,11.21,11.2
12803,2023,12.03,12.08
12804,2023,6.42,9.11
12809,2022,2.02,7.55
12814,2021,3.78,4.73
12815,2021,7.79,7.71
12816,2022,9.79,8.39
12817,2022,65.92,31.11
12822,2023,-14.91,4.02
12827,2023,-14.66,1.66
12828,2023,-12.63,3.23
12831,2023,7.06,9.18
12832,2023,19.14,13.92
12833,2022,16.4,9.61
12834,2023,12.12,8.83
12835,2023,0.45,11.44
12839,2023,16.15,14.96
12845,2023,-10.91,5.29
12846,2022,24.91,13.74
12850,2021,6.71,6.16
12859,2023,27.54,15.52
12865,2022,21.1,10.88
12866,2023,8.62,9.91
12870,2021,8.28,8.57
12871,2023,10.08,10.02
12883,2022,3.0,4.67
12885,2022,5.08,8.39
12887,2023,21.1,16.0
12901,2023,6.52,8.44
12918,2022,10.03,4.93
12919,2021,-0.38,-1.57
12921,2021,6.66,7.99
12944,2023,6.45,8.63
12946,2022,16.71,11.66
12953,2022,15.93,9.46
12962,2022,19.88,10.05
12972,2023,28.2,18.37
12979,2021,0.4,-0.4
12983,2023,21.97,12.82
12986,2023,17.3,14.02
12992,2021,6.92,2.6
13021,2023,5.35,10.21
13027,2023,13.2,13.19
13029,2023,9.07,10.81
13030,2023,22.13,17.63
13031,2023,14.41,12.46
13032,2023,7.5,13.77
13035,2023,9.47,9.28
13036,2023,17.48,10.0
13037,2023,27.3,17.15
13039,2023,10.42,11.72
13041,2023,11.07,12.2
13044,2021,26.26,11.4
13045,2023,14.77,11.83
13053,2023,-12.89,8.95
13057,2023,15.73,12.73
13060,2022,10.79,7.76
13063,2022,9.5,9.42
13066,2023,11.31,10.08
13068,2023,-13.64,3.9
13069,2023,6.54,12.83
13073,2023,13.05,9.96
13076,2023,6.73,16.91
13077,2023,1.13,8.14
13078,2023,6.62,10.38
13080,2023,4.07,4.46
13082,2023,1.5,9.92
13084,2023,4.24,11.08
13088,2023,11.84,13.12
13090,2023,14.32,13.85
13104,2023,19.98,13.75
13108,2023,14.75,9.79
13110,2022,49.14,22.13
13112,2022,16.71,11.2
13114,2022,17.03,10.45
13116,2023,11.34,12.12
13118,2022,9.62,11.23
13126,2023,13.99,14.25
13131,2022,8.26,3.61
13132,2022,25.0,11.42
13135,2023,6.75,12.04
13142,2023,8.45,13.3
13148,2023,5.21,10.78
13152,2023,5.7,9.51
13159,2023,1.06,10.75
13164,2022,15.66,10.22
13165,2023,22.07,16.34
13166,2023,27.99,13.17
13167,2021,10.36,5.5
13203,2023,5.8,9.06
13204,2023,-18.89,1.99
13205,2023,28.63,14.68
13206,2023,6.95,10.33
13207,2023,4.05,10.98
13208,2023,6.33,13.35
13209,2023,14.24,13.59
13210,2023,35.55,19.28
13211,2023,-20.37,0.7
13212,2023,3.87,9.82
13214,2023,33.75,16.47
13215,2023,9.47,11.96
13219,2023,12.43,11.96
13224,2023,10.03,10.92
13304,2021,-3.27,1.74
13308,2022,-0.43,11.7
13309,2022,20.94,8.45
13316,2023,-7.4,9.91
13323,2023,17.23,11.61
13326,2023,8.76,9.98
13340,2023,4.4,10.93
13346,2022,11.63,11.17
13350,2021,26.26,10.03
13354,2022,14.93,10.44
13357,2023,11.39,12.18
13365,2022,16.36,8.43
13367,2022,15.84,10.74
13403,2022,21.72,11.05
13407,2023,-8.58,12.27
13413,2023,13.53,10.36
13417,2021,10.33,10.31
13420,2022,11.93,8.78
13421,2023,15.58,12.56
13424,2022,-4.2,4.93
13438,2021,8.59,6.47
13439,2021,-6.54,1.07
13440,2023,10.68,12.89
13456,2022,13.52,11.65
13461,2022,8.41,7.24
13476,2021,9.94,6.32
13478,2021,11.59,9.02
13492,2023,7.12,10.17
13501,2023,14.72,13.4
13502,2023,7.08,12.23
13601,2023,3.49,4.84
13605,2018,-13.98,-7.82
13617,2022,22.01,10.1
13619,2022,22.94,7.67
13624,2023,-8.91,5.68
13634,2022,17.51,8.55
13662,2023,19.27,9.42
13669,2022,11.63,5.78
13676,2023,13.78,9.78
13685,2022,29.23,12.31
13732,2023,5.26,8.5
13733,2022,-0.29,7.39
13748,2022,-18.87,-4.47
13753,2022,9.58,10.44
13760,2023,14.94,11.68
13778,2023,7.34,11.22
13787,2021,30.36,15.3
13790,2023,22.35,12.05
13795,2023,-6.94,-0.15
13815,2023,11.07,10.99
13820,2023,11.67,10.86
13825,2021,1.65,3.63
13827,2023,15.16,10.92
13833,2022,9.88,8.8
13838,2022,6.64,2.59
13849,2021,20.59,13.09
13850,2023,4.5,9.52
13856,2022,38.57,20.57
13862,2022,2.82,7.8
13865,2023,-0.73,11.48
13901,2023,3.48,7.9
13903,2023,5.73,10.85
13904,2023,15.5,10.67
13905,2023,17.77,12.71
14001,2023,7.91,11.76
14004,2023,17.86,14.29
14005,2023,15.12,13.35
14006,2023,10.7,11.2
14008,2021,-2.71,11.08
14009,2023,35.29,18.65
14011,2023,17.92,13.4
14012,2023,17.2,9.6
14020,2023,10.17,11.02
14025,2023,10.47,9.34
14028,2022,-10.25,17.35
14031,2023,13.8,13.72
14032,2023,8.3,11.48
14033,2023,3.08,8.91
14036,2023,4.84,7.78
14037,2019,7.84,3.96
14040,2021,-11.54,9.13
14042,2022,16.06,10.22
14043,2023,17.01,15.4
14047,2023,6.71,9.19
14048,2023,-19.14,10.3
14051,2023,7.16,11.04
14052,2023,8.23,10.37
14055,2021,9.62,6.48
14057,2023,8.12,9.8
14058,2021,9.19,9.71
14059,2023,0.88,7.87
14063,2023,9.67,10.16
14067,2023,12.82,11.01
14068,2023,4.57,9.6
14070,2021,18.74,5.75
14072,2023,8.5,11.99
14075,2023,8.64,10.95
14080,2023,4.34,5.58
14085,2023,4.85,10.07
14086,2023,11.51,12.6
14092,2023,12.56,12.32
14094,2023,10.34,13.33
14098,2022,27.51,10.75
14102,2021,21.66,9.15
14103,2023,24.96,16.04
14105,2023,4.89,9.02
14108,2023,-2.1,10.65
14111,2023,6.77,8.31
14120,2023,11.19,12.62
14125,2023,21.91,13.56
14127,2023,12.76,12.36
14131,2023,3.54,8.14
14132,2023,13.79,11.19
14136,2022,16.05,14.37
14139,2023,15.82,9.87
14141,2023,1.58,7.16
14143,2021,15.8,7.34
14145,2022,13.78,7.43
14150,2023,8.0,11.84
14167,2021,23.37,14.87
14170,2023,-4.68,5.12
14171,2022,27.73,11.08
14172,2022,16.83,8.8
14174,2023,10.59,12.27
14201,2023,-2.1,7.17
14202,2017,-13.11,12.1
14206,2023,9.8,11.04
14207,2023,22.49,12.97
14209,2023,14.05,8.32
14210,2023,-1.76,13.9
14212,2023,13.23,14.84
14213,2023,0.15,7.49
14214,2023,16.3,12.14
14215,2023,8.63,15.99
14216,2023,10.34,10.49
14217,2023,6.47,11.31
14218,2023,6.34,12.15
14219,2023,4.69,9.92
14220,2023,3.37,9.02
14221,2023,9.0,12.09
14222,2023,5.68,8.82
14223,2023,7.51,11.94
14224,2023,12.14,12.57
14225,2023,6.64,13.5
14226,2023,4.02,10.88
14227,2023,7.87,12.69
14228,2023,5.71,11.2
14301,2023,-5.3,8.94
14304,2023,10.17,12.75
14305,2023,11.79,16.48
14411,2023,-3.02,8.63
14414,2023,24.13,14.12
14416,2023,-4.08,5.65
14418,2017,-0.66,-3.55
14420,2023,14.59,13.23
14422,2022,18.1,12.29
14423,2023,30.17,14.24
14424,2023,13.77,12.67
14425,2023,10.61,12.43
14427,2021,15.35,11.66
14428,2023,7.0,12.57
14432,2023,10.38,9.4
14435,2023,14.74,9.88
14437,2023,30.81,14.32
14445,2023,14.59,13.32
14450,2023,12.43,13.22
14454,2023,6.3,8.41
14456,2023,7.96,9.41
14464,2023,22.17,12.79
14466,2022,11.63,9.9
14467,2023,2.51,10.76
14468,2023,7.03,11.15
14469,2023,8.28,10.82
14470,2023,0.96,7.4
14471,2023,7.32,15.17
14472,2023,10.14,12.27
14476,2021,20.8,9.02
14477,2021,22.08,11.01
14478,2021,4.99,-2.09
14482,2023,11.12,9.78
14485,2023,10.06,12.27
14487,2023,25.89,14.89
14489,2023,13.25,12.64
14502,2023,12.34,14.03
14504,2021,17.21,14.65
14505,2023,7.82,11.53
14506,2023,-6.07,8.45
14507,2021,2.24,8.1
14510,2022,2.67,3.75
14512,2023,1.69,10.98
14513,2023,21.59,17.57
14514,2023,12.36,14.83
14516,2022,3.6,9.59
14517,2022,-0.47,12.54
14519,2023,15.13,13.2
14522,2023,13.17,11.43
14525,2022,4.04,8.12
14526,2023,14.56,13.85
14527,2023,6.74,9.0
14530,2022,19.98,6.66
14532,2023,30.71,19.87
14533,2021,3.78,1.57
14534,2023,9.79,12.19
14541,2021,42.01,16.66
14543,2023,7.28,11.72
14544,2021,7.26,3.36
14546,2023,31.54,16.37
14548,2023,13.25,11.39
14551,2023,16.47,13.62
14555,2021,9.23,7.21
14559,2023,8.21,11.99
14560,2022,11.35,10.18
14561,2023,4.2,9.94
14564,2023,4.92,11.32
14568,2023,18.14,14.95
14569,2023,3.67,13.08
14572,2023,5.02,6.85
14580,2023,13.17,13.61
14586,2023,10.17,12.92
14589,2023,10.37,12.72
14590,2023,14.19,16.35
14591,2022,16.36,10.32
14606,2023,12.37,11.77
14607,2023,15.06,10.86
14608,2023,18.13,15.8
14609,2023,11.55,13.87
14610,2023,13.9,12.95
14611,2023,2.47,17.5
14612,2023,10.23,13.32
14613,2023,-0.32,7.8
14615,2023,12.91,14.41
14616,2023,13.87,13.68
14617,2023,13.02,14.18
14618,2023,10.04,12.4
14619,2023,20.02,13.18
14620,2023,8.96,12.7
14621,2023,8.6,12.88
14622,2023,13.71,13.37
14623,2023,12.86,12.07
14624,2023,12.46,13.24
14625,2023,8.1,13.11
14626,2023,11.97,13.02
14701,2023,23.9,11.4
14706,2023,22.3,16.51
14710,2023,9.76,14.52
14712,2022,13.34,9.03
14731,2022,33.17,15.0
14738,2022,23.09,13.62
14741,2021,50.52,15.81
14750,2023,1.35,11.2
14757,2022,15.22,10.04
14760,2023,8.18,13.81
14787,2022,29.85,12.94
14801,2011,-15.46,-0.77
14810,2023,10.62,8.33
14814,2021,1.75,2.0
14817,2021,21.29,22.76
14821,2022,20.27,8.45
14830,2023,15.86,10.17
14837,2022,23.15,9.4
14840,2021,4.52,8.11
14843,2022,32.29,12.85
14845,2023,7.22,7.54
14850,2023,23.5,15.69
14865,2021,23.34,7.86
14867,2023,-6.76,9.37
14870,2023,3.1,6.29
14871,2022,18.31,6.88
14882,2022,3.23,3.99
14883,2022,0.18,11.32
14886,2023,30.76,17.49
14891,2023,3.72,12.66
14892,2023,14.8,6.26
14895,2021,-0.64,3.29
14901,2023,-15.28,10.4
14903,2023,4.25,7.95
14904,2023,-17.69,-2.48
14905,2023,7.59,9.42
15001,2023,2.88,7.96
15003,2023,-3.91,8.85
15005,2023,8.9,9.67
15009,2023,4.62,7.59
15010,2023,6.07,7.93
15012,2023,-7.12,4.6
15014,2023,12.56,15.32
15015,2023,33.44,15.25
15017,2023,-1.61,7.73
15019,2021,14.71,14.92
15021,2023,-12.6,3.68
15022,2023,9.26,8.95
15024,2023,-10.48,5.91
15025,2023,8.91,9.63
15026,2022,-2.79,3.54
15027,2023,9.91,11.62
15035,2021,-0.92,2.76
15037,2023,6.28,6.94
15042,2023,3.3,6.85
15043,2022,10.13,4.48
15044,2023,4.38,7.92
15045,2023,26.82,12.31
15046,2023,-2.92,4.68
15050,2022,11.66,8.88
15052,2022,17.91,11.47
15056,2023,-20.04,9.44
15057,2023,5.73,8.51
15059,2023,-17.27,6.24
15061,2023,5.0,6.8
15062,2023,-2.72,7.25
15063,2023,0.94,7.46
15065,2023,11.31,10.32
15066,2023,19.63,14.27
15067,2022,3.08,1.22
15068,2023,12.29,10.71
15071,2023,7.44,8.72
15074,2023,3.15,9.81
15084,2023,1.62,8.39
15085,2023,13.98,11.11
15089,2023,-9.54,6.34
15090,2023,6.82,8.43
15101,2023,9.23,9.24
15102,2023,4.46,8.4
15106,2023,7.93,9.53
15108,2023,6.62,9.05
15116,2023,3.96,8.31
15120,2023,-4.71,7.4
15122,2023,3.41,12.64
15126,2023,-0.99,6.43
15129,2023,-2.77,8.13
15131,2023,18.01,13.45
15132,2023,-1.84,11.68
15133,2023,9.82,7.84
15135,2023,15.53,10.75
15136,2023,2.37,8.14
15137,2023,9.2,11.72
15139,2023,1.57,7.5
15140,2019,-7.45,-4.19
15143,2023,6.45,7.89
15144,2023,5.92,7.21
15145,2022,11.08,11.73
15146,2023,5.44,9.98
15147,2023,5.99,11.89
15201,2023,-0.09,6.22
15202,2023,5.15,9.49
15203,2023,0.69,4.02
15204,2023,25.15,17.16
15205,2023,2.51,8.13
15206,2023,8.75,9.95
15207,2023,7.21,7.71
15208,2023,10.2,8.3
15209,2023,13.47,10.62
15210,2023,13.54,12.57
15211,2023,4.46,9.69
15212,2023,-8.22,6.13
15213,2023,28.81,16.6
15214,2023,2.0,8.61
15215,2023,7.22,8.94
15216,2023,4.43,9.4
15217,2023,0.62,7.04
15218,2023,2.92,9.89
15220,2023,10.06,9.02
15221,2023,8.57,10.36
15223,2023,9.08,10.64
15224,2023,20.12,8.12
15226,2023,7.68,9.76
15227,2023,6.53,8.6
15228,2023,7.12,7.91
15229,2023,4.12,7.78
15232,2023,-0.12,4.55
15233,2023,16.73,10.93
15234,2023,4.48,7.79
15235,2023,10.08,13.55
15236,2023,4.32,9.29
15237,2023,4.98,8.48
15238,2023,1.02,8.09
15239,2023,4.92,9.69
15241,2023,7.49,9.18
15243,2023,10.91,9.37
15301,2023,2.31,6.38
15311,2023,3.6,9.77
15312,2021,3.41,4.55
15314,2021,17.62,8.53
15317,2023,4.45,8.15
15321,2023,11.64,6.95
15323,2021,4.27,5.32
15330,2023,16.18,8.73
15332,2023,3.58,7.58
15340,2021,-2.41,5.23
15342,2023,12.91,8.26
15360,2022,37.58,13.59
15367,2023,13.74,9.46
15370,2022,13.64,8.97
15401,2023,1.98,8.08
15417,2022,1.9,2.86
15425,2023,1.8,8.02
15473,2021,5.54,3.85
15501,2023,13.17,9.84
15522,2023,6.99,9.91
15530,2023,5.25,9.62
15531,2022,25.81,11.49
15537,2023,-8.85,1.86
15541,2022,6.98,5.49
15552,2021,14.18,8.61
15554,2021,3.4,8.94
15557,2021,10.35,3.09
15559,2021,11.41,10.82
15563,2022,34.52,15.63
15601,2023,4.03,8.59
15610,2023,-5.45,5.42
15613,2023,24.03,12.62
15626,2023,7.72,8.35
15627,2023,11.03,5.92
15632,2023,10.47,9.16
15636,2023,7.37,10.93
15639,2023,8.17,13.82
15642,2023,5.6,9.82
15644,2023,6.59,9.53
15650,2023,11.09,9.79
15656,2023,10.97,10.51
15658,2023,11.57,9.4
15665,2022,17.73,7.41
15666,2023,-6.17,2.73
15668,2023,3.72,7.82
15672,2022,15.51,6.0
15681,2022,-4.95,3.74
15683,2023,7.54,10.34
15690,2022,9.76,4.18
15697,2023,-6.88,8.57
15701,2023,6.46,7.89
15717,2023,-5.98,5.43
15748,2021,7.63,4.07
15767,2023,-18.0,3.33
15801,2023,-2.56,4.43
15825,2022,10.53,4.88
15857,2023,2.72,6.58
15902,2023,29.82,13.93
15904,2023,14.18,10.98
15905,2023,13.35,9.31
15906,2022,8.32,6.57
15909,2021,7.85,3.98
15926,2021,0.58,4.19
15928,2022,2.52,1.81
15931,2022,23.53,10.51
15940,2021,13.66,6.8
15944,2021,1.09,4.13
15946,2023,0.16,6.98
15963,2023,1.67,8.08
16001,2023,7.68,9.11
16002,2023,2.47,7.45
16023,2023,2.96,8.92
16025,2023,5.84,7.15
16033,2023,1.32,8.14
16034,2021,2.72,-0.87
16037,2023,35.43,11.8
16038,2022,0.8,3.48
16046,2023,21.98,13.09
16051,2022,9.44,5.2
16052,2022,5.14,4.61
16053,2023,13.08,10.06
16055,2023,-3.84,6.81
16056,2023,32.05,9.12
16057,2023,2.39,7.67
16059,2023,-3.87,6.49
16061,2022,7.02,8.67
16063,2023,19.26,12.82
16066,2023,5.17,7.77
16101,2023,14.47,11.8
16102,2023,12.8,6.07
16105,2023,9.32,9.08
16115,2022,-4.0,1.46
16116,2022,11.25,11.91
16117,2023,0.44,8.33
16120,2021,5.56,6.94
16123,2022,25.35,11.98
16125,2023,13.41,13.76
16127,2023,9.05,8.9
16134,2021,4.07,4.38
16137,2023,-4.01,9.27
16142,2023,-15.32,6.62
16143,2023,2.04,5.03
16146,2023,-4.81,12.33
16148,2023,13.03,11.84
16150,2023,4.84,8.82
16153,2021,19.18,5.38
16154,2021,0.88,9.01
16156,2021,9.28,4.67
16159,2022,8.15,6.44
16201,2023,1.79,9.42
16214,2021,1.5,2.11
16226,2023,5.1,10.71
16229,2023,-2.8,6.83
16301,2023,7.38,9.92
16314,2022,13.37,8.84
16316,2023,-4.04,6.9
16323,2023,12.46,5.01
16335,2023,19.27,12.77
16354,2023,31.97,14.48
16365,2023,2.79,7.53
16401,2017,0.76,-0.92
16403,2023,-10.68,6.4
16407,2023,-0.35,5.2
16410,2022,24.02,20.46
16412,2023,3.53,9.34
16415,2023,-3.06,9.65
16417,2023,17.32,10.98
16421,2023,-3.84,11.11
16423,2023,-6.78,10.42
16424,2022,39.07,15.29
16426,2023,13.97,10.16
16428,2023,-1.76,8.27
16433,2023,-2.42,10.35
16438,2023,-14.48,4.14
16441,2023,10.55,10.0
16442,2022,19.39,11.9
16502,2023,31.04,14.82
16504,2023,7.42,11.89
16505,2023,13.36,12.13
16506,2023,6.71,11.21
16508,2023,14.72,14.2
16509,2023,14.76,12.07
16510,2023,8.94,10.34
16511,2023,8.51,11.46
16601,2023,4.31,8.08
16602,2023,10.53,10.42
16617,2022,16.92,7.87
16630,2022,-8.2,5.15
16635,2023,4.19,6.91
16648,2023,11.36,8.98
16652,2023,-0.17,4.15
16662,2022,7.75,3.15
16666,2021,28.24,6.79
16673,2023,3.19,7.9
16686,2023,4.84,7.57
16693,2022,14.98,4.51
16701,2023,39.68,16.75
16801,2023,6.03,7.97
16803,2023,10.98,8.74
16823,2023,10.52,8.64
16827,2023,7.12,9.38
16828,2023,1.12,6.63
16830,2023,5.78,11.29
16833,2023,18.94,7.31
16841,2023,5.86,6.66
16844,2022,17.63,8.04
16851,2022,-4.34,0.62
16865,2022,15.47,9.68
16866,2023,7.28,10.56
16868,2021,1.08,4.99
16870,2023,3.65,7.36
16875,2022,19.2,8.29
16877,2022,15.13,8.07
16901,2023,6.35,7.82
16915,2023,21.19,10.96
16933,2023,-17.01,2.29
17003,2023,11.39,11.76
17007,2023,2.26,9.49
17011,2023,7.76,9.96
17013,2023,8.98,11.43
17015,2023,6.91,10.4
17018,2023,4.44,6.21
17019,2023,8.96,12.56
17020,2023,3.74,8.12
17022,2023,7.59,9.97
17023,2023,13.19,13.63
17024,2021,20.31,8.99
17025,2023,11.66,11.16
17026,2022,16.45,11.45
17028,2022,12.12,8.84
17032,2023,7.63,10.23
17033,2023,8.31,9.78
17034,2023,-24.95,4.01
17036,2023,12.0,11.58
17038,2023,9.37,8.92
17040,2022,9.82,8.35
17042,2023,9.35,11.73
17043,2023,8.83,7.58
17044,2023,13.74,10.03
17045,2023,10.23,9.81
17046,2023,19.65,15.19
17048,2021,6.79,4.09
17050,2023,9.9,11.89
17051,2021,8.75,3.2
17053,2023,20.22,13.62
17055,2023,9.69,11.71
17057,2023,17.43,12.83
17061,2023,-5.41,6.44
17062,2022,6.44,5.07
17064,2022,10.22,10.15
17065,2023,2.63,11.18
17067,2023,12.58,12.67
17068,2023,0.38,5.52
17070,2023,4.56,8.96
17073,2023,8.31,11.21
17074,2023,25.37,11.75
17078,2023,7.53,11.02
17084,2022,0.9,4.85
17087,2022,13.18,10.33
17090,2023,10.51,8.41
17093,2021,6.7,4.87
17102,2023,2.86,8.78
17103,2023,16.39,11.49
17104,2023,9.13,12.36
17109,2023,9.48,10.74
17110,2023,10.78,13.03
17111,2023,7.65,11.11
17112,2023,12.46,11.8
17113,2023,12.78,14.18
17201,2023,5.74,10.32
17202,2023,4.77,10.26
17214,2021,10.44,6.62
17222,2023,3.75,9.52
17224,2021,5.87,8.18
17225,2023,0.36,8.94
17233,2022,10.47,10.09
17236,2023,18.39,13.56
17237,2022,3.87,5.88
17238,2021,13.54,7.34
17240,2022,22.98,10.35
17241,2023,12.0,11.92
17244,2021,18.7,13.42
17252,2022,12.25,8.26
17257,2023,10.08,10.9
17267,2022,11.23,5.0
17268,2023,6.36,10.74
17301,2023,26.38,13.84
17302,2023,3.38,9.41
17304,2023,-2.3,6.28
17307,2023,-6.7,9.46
17309,2022,9.2,7.5
17313,2023,8.19,9.62
17314,2023,-2.5,7.13
17315,2023,6.83,10.51
17316,2023,2.62,7.95
17319,2023,6.62,9.42
17320,2023,7.14,9.56
17321,2023,21.59,13.01
17322,2023,10.93,10.05
17324,2023,9.74,9.98
17325,2023,7.14,8.73
17327,2023,13.39,10.77
17329,2022,13.35,10.46
17331,2023,6.87,10.62
17339,2023,1.79,8.07
17340,2023,3.95,8.22
17344,2023,11.98,10.44
17345,2023,5.79,10.22
17347,2023,2.04,11.83
17349,2023,6.23,9.89
17350,2023,1.34,10.69
17352,2022,8.64,4.81
17353,2023,26.43,15.09
17356,2023,8.91,9.99
17360,2023,-0.26,7.96
17361,2023,-3.26,6.4
17362,2023,15.81,13.74
17363,2023,11.51,10.87
17364,2022,15.08,9.75
17365,2023,8.4,12.16
17366,2023,5.03,11.2
17368,2023,14.75,14.01
17370,2023,-7.2,9.43
17372,2023,13.61,13.07
17401,2023,39.61,21.13
17402,2023,6.53,11.13
17403,2023,8.13,11.87
17404,2023,9.93,12.63
17406,2023,10.9,12.07
17407,2023,18.49,12.2
17408,2023,9.31,11.51
17501,2023,17.98,12.66
17502,2023,1.69,11.29
17508,2022,15.34,10.14
17509,2023,18.83,11.92
17512,2023,4.88,11.3
17516,2023,6.35,10.98
17517,2023,6.14,11.87
17518,2022,1.8,2.49
17519,2023,10.97,11.94
17520,2023,12.15,11.78
17522,2023,12.51,13.17
17527,2023,17.2,12.31
17529,2021,13.03,7.08
17532,2023,-1.17,7.9
17535,2021,7.4,6.51
17536,2023,-2.45,8.52
17538,2023,8.43,12.62
17540,2023,21.47,14.48
17543,2023,5.22,11.84
17545,2023,11.38,10.48
17547,2023,25.22,16.4
17550,2022,-1.73,10.07
17551,2023,14.88,13.5
17552,2023,11.08,12.51
17554,2023,27.86,14.25
17555,2023,22.75,14.62
17557,2023,14.93,13.68
17560,2023,16.88,16.99
17562,2023,59.03,26.34
17563,2022,16.67,9.52
17565,2022,10.59,9.57
17566,2023,6.39,9.21
17569,2023,2.65,10.27
17572,2023,29.03,14.97
17578,2023,20.86,14.76
17579,2023,17.28,13.43
17581,2022,8.63,13.01
17582,2023,13.17,11.07
17584,2023,20.78,12.74
17601,2023,9.68,12.77
17602,2023,12.29,13.82
17603,2023,8.44,12.92
17701,2023,7.25,8.0
17702,2023,9.93,8.36
17728,2022,30.42,12.06
17737,2023,0.46,8.7
17740,2023,-3.24,4.64
17744,2021,1.18,6.38
17745,2023,7.02,6.96
17751,2022,5.33,6.2
17752,2022,9.78,7.54
17754,2023,0.27,6.47
17756,2023,9.8,8.66
17771,2021,23.56,11.72
17777,2022,9.27,9.52
17801,2023,1.92,4.91
17814,2022,8.87,5.12
17815,2023,5.81,8.54
17820,2022,28.81,12.96
17821,2023,15.55,8.59
17824,2023,25.91,12.68
17837,2023,8.19,9.46
17842,2022,6.64,8.15
17844,2023,8.46,8.57
17846,2022,-3.22,1.89
17847,2023,5.96,10.84
17856,2022,25.21,11.89
17857,2023,0.7,8.34
17859,2023,33.38,17.29
17866,2021,4.07,1.13
17870,2023,13.98,11.22
17889,2022,9.11,8.16
17901,2023,1.05,12.25
17921,2023,-3.52,5.76
17922,2023,14.18,10.93
17929,2023,9.43,7.4
17931,2023,7.72,12.34
17938,2022,13.05,8.89
17960,2023,8.64,9.9
17961,2023,1.17,10.23
17963,2023,5.03,11.53
17972,2023,2.69,10.05
17980,2022,7.88,7.24
17981,2021,37.96,14.7
18011,2023,15.43,12.77
18013,2023,8.71,12.05
18014,2023,8.24,11.86
18015,2023,12.9,14.23
18017,2023,10.04,12.19
18018,2023,9.56,12.15
18020,2023,10.89,11.99
18031,2023,9.84,12.12
18032,2023,11.34,11.6
18034,2023,2.1,7.65
18036,2023,7.25,9.87
18037,2023,4.18,10.74
18038,2023,2.99,12.37
18040,2023,7.34,11.67
18041,2023,14.33,12.44
18042,2023,6.03,11.7
18045,2023,10.69,12.37
18049,2023,12.27,11.6
18051,2023,12.36,13.92
18052,2023,10.59,12.61
18053,2023,35.01,14.57
18054,2023,14.0,15.04
18055,2023,16.97,12.54
18058,2023,14.76,15.87
18059,2022,18.88,9.41
18062,2023,7.71,11.24
18064,2023,13.59,13.25
18066,2023,20.78,14.11
18067,2023,6.98,10.92
18069,2023,6.19,10.01
18070,2021,5.48,7.45
18071,2023,10.06,13.38
18072,2023,5.99,12.15
18073,2023,6.64,9.92
18074,2023,6.34,11.35
18076,2022,6.03,8.72
18077,2023,11.67,11.6
18078,2023,4.77,10.52
18080,2023,12.68,12.65
18083,2022,13.7,14.36
18085,2022,20.38,8.34
18088,2023,9.89,12.44
18091,2023,14.11,12.04
18092,2023,-0.24,7.01
18102,2023,18.69,19.26
18103,2023,8.34,13.58
18104,2023,10.29,12.58
18106,2023,14.11,12.46
18109,2023,14.89,16.6
18201,2023,11.03,17.76
18202,2023,30.64,19.3
18214,2022,26.89,9.44
18222,2023,0.97,10.16
18224,2023,-16.77,12.44
18229,2023,21.91,19.05
18235,2023,20.84,16.52
18237,2023,4.38,16.07
18249,2023,-5.43,7.53
18250,2023,10.56,14.62
18252,2023,2.33,13.92
18255,2023,8.14,9.97
18301,2023,12.29,14.66
18302,2023,16.46,15.28
18326,2022,4.62,4.62
18328,2022,23.72,16.08
18330,2023,16.33,17.68
18336,2023,-7.67,8.76
18337,2023,-0.64,9.65
18343,2023,14.23,10.7
18344,2023,19.85,16.88
18353,2023,-2.74,11.42
18360,2023,13.24,14.89
18403,2023,7.68,10.14
18407,2023,8.92,9.5
18411,2023,5.05,11.03
18414,2023,18.64,12.72
18419,2022,21.91,12.97
18421,2023,-2.43,11.12
18424,2021,4.31,4.96
18428,2023,6.75,11.79
18431,2023,19.21,13.31
18433,2023,-1.34,7.8
18434,2023,-2.76,14.53
18436,2023,16.09,15.63
18444,2023,4.93,7.43
18445,2022,2.42,7.78
18447,2023,15.99,11.4
18452,2023,-3.23,5.32
18458,2022,26.49,15.71
18466,2022,7.72,19.5
18471,2021,27.36,4.23
18472,2023,-4.72,6.48
18504,2023,6.07,13.11
18505,2023,10.71,13.55
18507,2023,12.61,12.2
18508,2023,12.69,13.78
18509,2023,-4.02,9.11
18510,2023,6.84,14.07
18512,2023,18.49,12.38
18517,2022,4.75,2.98
18518,2023,6.8,12.62
18519,2022,7.68,8.36
18603,2023,9.06,11.58
18612,2023,7.49,9.68
18618,2022,22.04,11.64
18621,2023,11.19,11.92
18634,2023,9.06,13.58
18635,2023,-3.49,6.51
18640,2023,20.71,14.42
18641,2023,9.18,9.95
18642,2023,10.76,10.88
18643,2023,-0.69,9.47
18644,2023,2.53,7.7
18651,2023,29.73,14.74
18655,2023,23.67,14.12
18656,2023,13.95,13.39
18657,2023,13.87,10.53
18660,2023,6.98,8.62
18661,2023,3.7,9.88
18702,2023,5.75,15.18
18704,2023,7.68,12.56
18705,2023,-2.01,10.25
18706,2023,10.61,12.7
18707,2023,5.89,10.56
18708,2023,-1.4,9.0
18709,2022,10.58,9.1
18810,2023,25.53,9.77
18840,2023,17.17,10.47
18848,2023,-4.22,1.94
18901,2023,8.89,10.75
18902,2023,6.61,9.69
18914,2023,6.5,10.61
18915,2023,4.62,10.53
18917,2022,16.35,11.25
18920,2021,8.98,7.99
18923,2021,2.31,6.76
18925,2023,13.85,11.39
18929,2023,10.3,10.71
18930,2022,17.07,9.78
18932,2021,3.58,-0.1
18938,2023,10.26,8.26
18940,2023,10.86,9.74
18942,2023,16.52,13.55
18944,2023,7.93,9.57
18947,2023,8.69,10.69
18951,2023,6.71,9.8
18954,2023,16.99,13.02
18955,2021,15.73,7.54
18960,2023,5.3,9.72
18964,2023,9.66,11.54
18966,2023,13.69,11.79
18969,2023,9.91,11.12
18972,2022,11.75,9.34
18974,2023,10.12,10.76
18976,2023,8.92,10.43
18977,2023,-1.75,8.08
19001,2023,9.04,10.7
19002,2023,14.42,12.38
19003,2023,13.28,12.35
19004,2023,16.34,11.68
19006,2023,9.58,11.49
19007,2023,7.18,11.44
19008,2023,7.58,9.29
19009,2021,-3.74,-3.54
19010,2023,18.08,11.65
19012,2023,7.79,11.85
19013,2023,7.67,14.21
19014,2023,8.87,10.19
19015,2023,2.49,10.67
19018,2023,9.07,12.57
19020,2023,8.46,9.91
19021,2023,5.3,11.72
19022,2023,34.28,16.59
19023,2023,13.12,16.19
19025,2023,9.86,10.86
19026,2023,10.18,13.03
19027,2023,7.15,11.64
19029,2023,6.69,13.38
19030,2023,8.76,11.17
19031,2023,6.37,11.04
19032,2023,20.82,16.71
19033,2023,1.25,7.97
19034,2023,2.08,6.49
19035,2023,-5.97,5.43
19036,2023,8.54,12.35
19038,2023,10.52,11.2
19040,2023,10.89,10.01
19041,2023,7.99,9.58
19043,2023,7.06,9.17
19044,2023,9.35,10.98
19046,2023,6.98,9.64
19047,2023,7.68,10.35
19050,2023,8.59,13.43
19053,2023,9.72,11.17
19054,2023,4.86,9.37
19055,2023,8.1,10.89
19056,2023,9.74,11.91
19057,2023,6.37,11.32
19060,2023,9.29,10.57
19061,2023,9.05,12.33
19063,2023,9.26,9.85
19064,2023,10.64,10.78
19066,2023,6.21,8.62
19067,2023,9.4,10.56
19070,2023,15.86,13.22
19072,2023,17.12,11.82
19073,2023,4.02,8.65
19074,2023,14.79,13.29
19075,2023,2.34,8.01
19076,2023,8.61,12.07
19078,2023,11.46,11.88
19079,2023,7.16,16.77
19081,2023,11.62,11.46
19082,2023,15.58,16.76
19083,2023,11.7,10.3
19085,2023,13.3,10.32
19086,2023,7.97,10.51
19087,2023,7.48,8.39
19090,2023,5.62,10.01
19094,2023,41.56,22.59
19095,2023,0.86,8.28
19096,2023,9.62,10.0
19103,2023,-9.82,0.18
19104,2023,-11.13,0.57
19106,2022,6.61,5.14
19107,2023,33.18,10.33
19111,2023,6.0,9.67
19114,2023,1.86,8.53
19115,2023,4.94,9.23
19116,2023,8.21,11.74
19118,2023,8.92,10.44
19119,2023,3.74,8.84
19120,2023,6.16,8.82
19121,2023,-3.91,0.84
19122,2023,4.86,7.35
19123,2023,5.08,4.44
19124,2023,3.21,13.36
19125,2023,1.66,4.13
19126,2023,0.62,9.03
19127,2023,2.29,5.74
19128,2023,4.63,7.77
19129,2023,-0.85,7.06
19130,2023,0.83,3.73
19131,2023,-3.2,6.58
19132,2023,-4.15,14.18
19134,2023,3.88,6.21
19135,2023,2.63,10.03
19136,2023,-2.6,8.21
19137,2023,-6.96,4.06
19138,2023,-2.72,9.91
19139,2023,-14.3,3.6
19140,2023,-6.76,12.62
19141,2023,3.8,9.75
19142,2023,3.04,7.13
19143,2023,5.99,8.11
19144,2023,-0.41,8.96
19145,2023,2.91,4.34
19146,2023,-0.95,2.17
19147,2023,1.39,3.75
19148,2023,2.52,4.05
19149,2023,-3.72,8.67
19150,2023,4.17,8.81
19151,2023,-3.15,7.74
19152,2023,2.06,8.32
19153,2023,5.76,14.74
19154,2023,3.85,8.61
19301,2023,7.32,10.34
19310,2023,32.97,17.79
19311,2023,6.56,7.82
19312,2023,6.53,9.37
19317,2023,7.75,9.63
19319,2021,5.11,6.56
19320,2023,9.75,12.0
19330,2023,9.32,9.89
19333,2023,12.36,10.43
19335,2023,13.17,11.45
19341,2023,9.39,10.48
19342,2023,10.88,10.03
19343,2023,13.02,10.65
19344,2023,9.94,11.12
19348,2023,7.54,11.13
19350,2023,16.57,13.43
19352,2023,9.01,10.3
19355,2023,9.24,9.92
19362,2023,11.83,12.35
19363,2023,8.69,11.57
19365,2023,10.14,11.82
19372,2023,7.6,12.24
19373,2022,14.44,7.64
19380,2023,11.77,11.79
19382,2023,8.03,10.08
19390,2023,7.65,10.55
19401,2023,8.42,11.81
19403,2023,7.79,11.82
19405,2023,7.33,12.01
19406,2023,3.67,8.68
19422,2023,8.55,10.72
19425,2023,20.83,14.36
19426,2023,9.5,11.52
19428,2023,5.23,8.09
19438,2023,12.78,11.0
19440,2023,7.49,11.34
19444,2023,8.15,8.49
19446,2023,12.07,12.13
19453,2022,16.61,12.14
19454,2023,7.72,10.37
19460,2023,11.45,11.81
19462,2023,6.88,9.61
19464,2023,11.97,14.21
19465,2023,8.82,10.72
19468,2023,10.61,12.52
19473,2023,4.65,9.69
19475,2023,19.73,12.86
19501,2016,3.77,-0.19
19503,2022,6.06,7.26
19504,2023,6.87,9.29
19505,2023,17.86,12.66
19506,2023,2.13,9.62
19507,2022,25.74,12.98
19508,2023,10.42,12.08
19510,2023,10.96,12.97
19512,2023,9.46,10.92
19518,2023,9.93,12.54
19520,2023,12.7,13.02
19522,2023,11.89,11.2
19525,2023,6.46,11.25
19526,2023,12.69,12.08
19529,2023,21.07,13.4
19530,2023,16.63,12.86
19533,2023,9.9,13.0
19534,2023,4.38,10.22
19539,2023,2.52,8.99
19540,2023,16.13,13.0
19541,2023,1.56,8.53
19543,2023,8.54,11.4
19547,2023,27.1,16.5
19551,2023,19.19,13.11
19555,2023,25.95,18.87
19560,2023,9.21,12.28
19562,2023,26.58,13.85
19565,2023,8.28,10.49
19567,2023,0.6,9.82
19601,2023,34.49,24.89
19602,2023,42.17,26.1
19604,2023,11.83,16.92
19605,2023,9.59,12.81
19606,2023,9.02,12.3
19607,2023,10.07,11.26
19608,2023,9.3,11.26
19609,2023,7.83,11.17
19610,2023,5.82,10.51
19611,2023,11.61,13.74
19701,2023,10.74,12.09
19702,2023,8.59,11.49
19703,2023,9.25,11.05
19706,2023,2.52,12.03
19707,2023,11.89,11.57
19709,2023,7.77,11.11
19711,2023,4.98,9.28
19713,2023,6.11,10.83
19720,2023,5.69,10.79
19734,2023,12.79,12.14
19801,2023,15.92,13.48
19802,2023,11.78,11.86
19803,2023,10.61,10.28
19804,2023,11.26,10.46
19805,2023,10.27,11.97
19806,2023,7.71,7.5
19807,2022,18.13,8.73
19808,2023,12.22,11.4
19809,2023,10.73,10.71
19810,2023,11.03,10.81
19901,2023,6.81,12.7
19904,2023,1.84,9.8
19930,2023,1.62,14.02
19933,2023,-13.28,1.38
19934,2023,11.03,11.63
19938,2023,4.37,10.04
19939,2023,20.31,15.18
19940,2023,-3.51,7.58
19941,2022,8.26,8.1
19943,2023,-3.52,6.77
19944,2021,13.29,15.77
19945,2023,10.51,14.04
19946,2022,20.94,17.37
19947,2023,0.84,10.64
19950,2023,7.76,11.72
19951,2022,40.38,20.24
19952,2023,10.9,12.4
19953,2023,12.89,13.12
19954,2022,27.14,15.52
19956,2023,19.66,15.34
19958,2023,13.68,11.96
19960,2023,34.56,21.79
19962,2022,9.42,9.06
19963,2023,2.05,12.06
19964,2021,11.86,6.33
19966,2023,3.71,10.48
19968,2023,-2.03,10.64
19970,2022,24.17,13.17
19971,2023,2.73,10.84
19973,2023,1.47,9.41
19975,2022,12.89,12.43
19977,2023,8.55,10.89
20001,2023,-2.88,3.57
20002,2023,-3.74,2.37
20003,2023,-6.01,1.48
20007,2023,11.99,6.0
20008,2022,10.54,4.05
20009,2023,3.09,2.73
20010,2023,2.62,4.84
20011,2023,-1.36,5.18
20012,2023,2.93,7.09
20015,2023,7.95,8.34
20016,2023,8.89,6.85
20017,2023,1.13,4.83
20018,2023,-4.96,3.17
20019,2023,0.5,4.69
20020,2023,-7.57,2.42
20024,2021,-5.31,0.08
20032,2023,3.16,6.25
20037,2022,1.28,-0.64
20105,2022,5.28,7.36
20106,2023,8.63,11.64
20109,2023,9.2,9.95
20110,2023,2.35,8.87
20111,2023,5.93,9.87
20112,2023,5.13,9.43
20115,2023,0.61,7.17
20117,2023,8.88,12.2
20119,2023,7.1,8.88
20120,2023,7.26,9.24
20121,2023,-3.86,8.04
20124,2023,11.69,10.11
20129,2021,13.79,5.57
20132,2023,9.36,12.17
20135,2023,5.75,11.13
20136,2023,13.03,11.16
20137,2023,2.75,9.28
20141,2023,4.63,10.36
20143,2021,12.2,6.37
20144,2021,10.72,4.93
20147,2022,14.41,10.35
20148,2022,11.21,8.2
20151,2023,4.3,9.74
20152,2022,13.75,11.47
20155,2023,4.4,9.31
20158,2023,-0.14,8.44
20164,2023,7.7,8.9
20165,2023,-14.75,1.68
20166,2021,4.13,2.83
20169,2023,9.11,11.11
20170,2023,6.93,8.36
20171,2023,2.56,4.4
20175,2023,2.99,9.89
20176,2023,10.9,11.31
20180,2023,3.86,9.68
20181,2023,3.55,8.86
20186,2023,7.67,9.63
20187,2023,3.37,9.14
20190,2021,13.96,5.03
20191,2023,11.15,6.47
20194,2022,0.36,2.94
20197,2022,32.8,14.03
20198,2022,18.33,8.81
20601,2023,6.03,9.69
20602,2023,3.89,9.04
20603,2022,11.65,10.54
20607,2023,6.82,9.45
20608,2022,12.81,11.95
20609,2022,5.08,7.52
20611,2022,4.33,9.73
20613,2023,-1.83,11.37
20616,2023,4.63,7.13
20617,2023,-7.19,5.11
20619,2023,16.44,11.01
20620,2021,4.07,3.6
20621,2022,23.86,10.77
20622,2023,-0.71,7.36
20623,2022,7.33,9.2
20624,2022,16.94,6.78
20625,2021,12.57,3.5
20628,2021,9.54,5.11
20630,2021,2.22,3.98
20634,2023,-6.01,7.05
20636,2023,14.28,9.62
20637,2023,2.67,8.15
20639,2023,4.66,8.32
20640,2023,20.22,15.52
20646,2023,2.79,8.08
20650,2023,9.9,9.56
20653,2023,1.14,8.16
20657,2023,4.25,7.26
20658,2021,11.06,1.39
20659,2023,3.27,7.17
20662,2022,15.65,8.5
20664,2022,26.0,15.83
20674,2023,13.69,9.35
20675,2023,6.18,7.89
20676,2023,-0.86,8.2
20677,2023,8.01,7.61
20678,2023,-1.24,5.82
20680,2021,4.95,-2.02
20684,2022,19.39,12.49
20685,2023,4.68,8.93
20688,2022,2.75,5.08
20689,2022,7.13,5.89
20690,2022,25.04,16.13
20692,2021,14.86,4.67
20693,2022,10.53,6.54
20695,2023,-2.77,7.14
20705,2023,4.6,8.78
20706,2023,0.76,7.5
20707,2023,8.79,9.93
20708,2023,-0.94,7.57
20710,2023,3.96,4.54
20711,2023,0.63,7.66
20712,2023,16.65,11.67
20714,2023,1.02,7.96
20715,2023,4.73,8.82
20716,2023,0.81,7.14
20720,2023,-0.12,9.21
20721,2023,5.15,10.05
20722,2023,5.78,6.42
20723,2023,3.48,7.59
20724,2023,5.65,8.61
20732,2023,3.47,9.53
20733,2023,14.25,9.9
20735,2023,8.15,10.11
20736,2023,-0.55,7.26
20737,2023,8.32,8.5
20740,2023,8.44,8.83
20743,2023,2.53,8.24
20744,2023,6.2,9.87
20745,2023,0.6,6.86
20746,2023,-0.41,7.77
20747,2023,1.98,8.72
20748,2023,4.96,8.56
20751,2023,-5.27,4.98
20754,2023,12.61,8.47
20758,2021,-3.94,0.88
20759,2023,13.18,10.83
20763,2023,8.8,8.29
20764,2023,10.41,9.88
20765,2021,5.43,3.04
20769,2022,7.38,8.17
20770,2023,9.22,10.17
20772,2023,8.49,10.79
20774,2023,10.13,9.74
20776,2023,15.45,9.7
20777,2023,11.03,7.62
20778,2022,8.2,4.64
20779,2022,9.05,8.4
20781,2023,0.03,7.0
20782,2023,3.01,7.69
20783,2023,6.59,7.11
20784,2023,9.33,8.7
20785,2023,2.66,8.49
20794,2023,14.36,11.87
20812,2021,14.4,3.81
20814,2023,12.93,7.96
20815,2023,20.14,10.26
20816,2023,9.99,7.5
20817,2023,7.12,7.7
20818,2022,15.02,10.87
20832,2023,1.59,8.25
20833,2023,4.54,6.99
20837,2023,9.08,10.06
20841,2023,-13.31,5.12
20842,2023,4.21,7.58
20850,2023,7.38,8.6
20851,2023,3.73,7.92
20852,2023,3.24,7.12
20853,2023,3.24,7.42
20854,2023,12.65,9.34
20855,2023,5.28,8.45
20860,2022,11.72,6.64
20861,2023,6.57,7.28
20862,2021,9.72,7.81
20866,2023,5.61,6.3
20868,2021,16.92,6.1
20871,2023,10.28,10.87
20872,2023,4.42,8.11
20874,2023,8.89,9.56
20876,2023,2.83,8.19
20877,2023,3.88,9.09
20878,2023,8.08,9.04
20879,2023,12.37,12.88
20880,2021,8.53,5.18
20882,2023,11.53,9.91
20886,2023,20.03,11.64
20895,2023,7.12,8.09
20896,2021,-0.39,3.74
20901,2023,2.0,6.99
20902,2023,7.04,9.12
20903,2023,3.62,7.57
20904,2023,3.44,8.14
20905,2023,6.81,8.83
20906,2023,8.71,8.96
20910,2023,7.12,8.23
20912,2023,7.96,8.49
21001,2023,14.13,12.58
21009,2023,-0.89,9.78
21012,2023,1.01,6.19
21013,2023,7.79,10.67
21014,2023,9.84,10.39
21015,2023,7.56,9.5
21017,2013,2.37,-0.08
21028,2022,9.31,7.12
21029,2023,3.16,9.21
21030,2023,5.57,7.1
21032,2023,10.82,8.1
21034,2023,8.87,8.2
21035,2023,4.53,7.33
21036,2023,6.43,7.79
21037,2023,5.74,8.26
21040,2023,5.56,12.58
21042,2023,7.59,8.48
21043,2023,9.75,9.77
21044,2023,3.94,7.92
21045,2023,8.51,10.25
21046,2023,9.88,10.04
21047,2023,2.16,7.45
21048,2023,7.4,10.43
21050,2023,17.7,11.96
21053,2023,33.59,15.74
21054,2023,8.56,8.18
21057,2023,6.88,8.75
21060,2023,3.24,9.07
21061,2023,7.02,9.09
21071,2021,18.63,5.14
21074,2023,6.76,9.33
21075,2023,2.84,7.6
21076,2023,-1.61,6.12
21078,2023,-1.66,9.49
21082,2022,0.52,3.77
21084,2023,6.37,9.32
21085,2023,6.05,8.96
21087,2023,6.1,7.36
21090,2023,2.29,6.8
21093,2023,1.16,6.91
21102,2023,6.46,8.76
21104,2023,12.71,11.63
21108,2023,9.41,7.93
21111,2023,-0.72,6.6
21113,2023,7.41,10.26
21114,2023,10.51,8.95
21117,2023,4.85,9.18
21120,2023,9.16,9.33
21122,2023,6.87,7.95
21128,2023,8.77,8.39
21131,2023,3.26,7.5
21132,2023,4.5,8.84
21133,2023,7.46,10.68
21136,2023,8.15,10.33
21140,2023,4.71,5.63
21144,2023,9.71,9.49
21146,2023,8.64,8.64
21152,2023,15.62,10.94
21153,2021,15.62,6.8
21154,2023,-5.03,9.04
21155,2023,14.99,11.16
21157,2023,6.17,9.1
21158,2023,5.72,8.71
21160,2022,11.3,8.15
21161,2023,9.17,9.11
21162,2023,-0.95,8.57
21163,2023,18.91,8.7
21201,2023,-1.03,5.97
21202,2023,0.28,5.72
21204,2023,3.9,7.23
21205,2023,-1.3,11.82
21206,2023,4.5,9.32
21207,2023,5.53,9.59
21208,2023,7.43,9.98
21209,2023,2.24,8.35
21210,2023,4.07,6.3
21211,2023,5.67,7.42
21212,2023,4.92,7.18
21213,2023,7.79,11.96
21214,2023,10.06,11.08
21215,2023,6.4,11.31
21216,2023,-5.88,11.39
21217,2023,18.33,10.66
21218,2023,9.15,10.91
21219,2023,13.24,11.77
21220,2023,12.08,10.44
21221,2023,7.87,8.88
21222,2023,4.61,10.02
21223,2023,8.0,11.83
21224,2023,2.48,5.66
21225,2023,7.08,10.33
21226,2023,-2.86,6.16
21227,2023,6.67,9.14
21228,2023,6.6,8.28
21229,2023,2.18,8.94
21230,2023,2.5,4.97
21231,2023,5.04,5.23
21234,2023,6.92,8.75
21236,2023,3.39,7.81
21237,2023,8.28,10.39
21239,2023,4.69,9.34
21244,2023,6.01,10.48
21286,2023,9.36,9.09
21401,2023,12.58,10.16
21403,2023,10.12,10.59
21405,2004,15.35,19.33
21409,2023,14.38,10.25
21502,2023,7.42,10.04
21520,2022,13.93,10.65
21530,2021,-6.75,13.21
21531,2022,10.69,6.26
21532,2023,8.82,8.5
21536,2022,14.3,11.76
21539,2018,9.04,1.56
21541,2022,27.58,17.77
21550,2023,9.68,13.18
21557,2021,8.56,4.58
21561,2023,-6.92,13.29
21562,2021,19.06,7.26
21601,2023,7.07,10.34
21612,2021,5.83,4.59
21613,2023,7.14,12.17
21617,2023,1.05,8.67
21619,2023,1.47,5.64
21620,2023,14.64,12.63
21623,2022,17.63,8.09
21625,2022,11.46,7.18
21629,2023,-1.21,8.27
21631,2022,2.26,7.45
21632,2023,3.7,8.43
21635,2023,16.56,10.46
21636,2023,-2.08,2.75
21638,2023,7.72,9.24
21639,2023,6.38,10.29
21640,2022,8.31,6.96
21643,2023,3.28,10.84
21645,2022,47.43,20.26
21651,2022,12.51,8.19
21654,2022,11.54,8.42
21655,2023,9.45,10.52
21657,2023,8.22,13.77
21658,2023,5.66,8.92
21660,2023,2.13,10.98
21661,2023,0.8,11.43
21662,2021,2.03,-0.26
21663,2022,20.05,8.96
21666,2023,6.13,8.76
21668,2022,21.66,12.28
21671,2021,8.72,6.81
21673,2023,0.79,9.26
21676,2014,-3.72,-0.79
21677,2021,3.0,1.78
21678,2022,19.42,9.23
21679,2021,9.2,5.93
21701,2023,4.51,10.45
21702,2023,1.42,10.34
21703,2023,8.19,11.46
21704,2023,20.7,14.91
21710,2023,-6.1,5.68
21711,2021,6.99,-1.92
21713,2023,10.33,11.98
21716,2023,9.81,12.94
21719,2022,3.75,9.73
21722,2023,16.66,11.34
21723,2022,1.25,3.3
21727,2023,16.7,9.29
21733,2022,9.3,9.81
21737,2023,17.07,11.66
21738,2023,13.52,10.6
21740,2023,9.36,12.16
21742,2023,8.24,10.83
21750,2023,-16.26,7.96
21754,2023,2.19,9.73
21755,2023,0.93,8.34
21756,2023,1.68,11.44
21757,2023,2.52,8.11
21758,2023,13.68,12.86
21767,2022,3.04,11.3
21769,2023,2.78,9.24
21770,2023,3.26,9.6
21771,2023,6.83,9.47
21773,2023,6.67,8.53
21774,2023,4.02,9.24
21776,2023,9.64,9.44
21777,2023,24.52,14.47
21778,2021,7.05,6.71
21779,2021,14.17,7.68
21780,2023,1.53,4.89
21782,2023,-0.73,9.03
21783,2023,11.04,11.44
21784,2023,4.05,8.53
21787,2023,2.58,8.13
21788,2023,-0.3,7.79
21791,2023,9.12,10.83
21793,2023,16.61,12.41
21794,2022,1.45,3.68
21795,2023,10.73,11.27
21797,2023,16.53,12.39
21798,2023,-3.92,11.72
21801,2023,14.75,15.08
21804,2023,7.24,12.52
21811,2023,21.94,16.69
21813,2023,14.28,14.57
21817,2023,1.28,7.66
21821,2022,35.37,16.19
21822,2022,16.86,12.2
21826,2023,9.18,13.32
21830,2023,9.85,11.7
21837,2022,38.38,15.45
21838,2021,18.0,-0.24
21841,2022,26.62,10.58
21842,2023,14.68,16.22
21849,2023,6.93,6.97
21850,2023,10.91,16.66
21851,2023,14.24,13.55
21853,2023,-2.36,11.55
21863,2023,-8.47,10.98
21871,2022,23.86,18.18
21872,2021,18.03,1.48
21874,2022,13.27,8.36
21875,2023,-5.71,8.54
21901,2023,8.01,10.39
21903,2023,3.49,8.62
21904,2023,17.92,12.18
21911,2023,10.3,11.37
21912,2021,14.56,3.65
21914,2021,18.32,7.8
21915,2023,11.71,12.65
21917,2023,5.62,7.03
21918,2023,10.77,11.98
21919,2023,16.7,12.81
21921,2023,5.38,9.43
22003,2023,5.72,7.31
22015,2023,5.74,7.83
22025,2022,18.59,10.61
22026,2023,-5.18,7.07
22027,2022,9.48,4.61
22030,2023,4.68,7.72
22031,2023,3.85,6.66
22032,2023,3.48,6.93
22033,2023,2.05,7.86
22039,2023,7.5,7.44
22041,2023,2.66,6.32
22042,2023,4.21,7.42
22043,2023,5.07,4.83
22044,2023,0.35,5.16
22046,2023,2.11,5.21
22066,2023,28.36,15.34
22079,2023,1.35,9.42
22101,2023,1.33,5.97
22102,2023,30.73,10.83
22124,2023,8.04,8.72
22125,2021,4.89,0.18
22150,2023,6.56,7.06
22151,2023,5.49,7.25
22152,2023,7.15,8.83
22153,2023,8.48,8.28
22172,2023,23.37,15.33
22180,2023,14.21,8.03
22181,2023,8.16,7.93
22182,2023,6.32,7.45
22191,2023,4.92,8.75
22192,2023,2.88,7.49
22193,2023,6.58,9.93
22201,2023,1.5,5.41
22202,2023,4.21,5.29
22203,2023,0.87,4.34
22204,2023,3.17,4.65
22205,2023,1.54,5.04
22206,2023,0.38,4.42
22207,2023,-0.36,4.83
22209,2021,-0.33,6.56
22213,2022,2.69,1.22
22301,2023,1.8,4.83
22302,2023,10.51,6.04
22303,2023,-1.41,5.97
22304,2023,7.4,7.53
22305,2023,1.12,4.26
22306,2023,3.64,7.35
22307,2023,5.15,6.94
22308,2023,7.8,7.5
22309,2023,3.5,7.09
22310,2023,3.77,6.11
22311,2023,17.26,8.02
22312,2023,3.17,6.02
22314,2023,1.08,4.45
22315,2023,8.07,6.83
22401,2023,4.32,8.57
22405,2023,7.15,11.09
22406,2023,6.33,10.84
22407,2023,6.29,10.97
22408,2023,6.46,12.86
22427,2022,26.14,13.36
22435,2021,19.51,3.49
22443,2023,5.46,12.18
22454,2021,11.04,9.08
22460,2021,14.81,5.41
22469,2022,16.56,5.84
22473,2023,18.93,17.4
22480,2021,9.85,-4.38
22482,2023,16.95,13.45
22485,2023,6.86,10.72
22488,2022,1.22,6.9
22503,2023,16.66,14.83
22508,2023,15.86,13.44
22511,2023,12.69,11.57
22514,2022,12.25,10.14
22520,2023,17.93,16.14
22534,2023,3.19,11.87
22539,2023,5.05,9.05
22542,2023,8.5,11.01
22546,2023,9.78,10.23
22551,2023,7.19,10.79
22553,2023,4.01,11.42
22554,2023,8.41,10.89
22556,2023,8.56,11.17
22560,2023,10.64,10.9
22567,2023,7.9,5.49
22572,2023,10.44,10.14
22576,2023,-7.27,4.33
22578,2022,16.36,9.92
22580,2023,3.32,11.88
22601,2023,12.7,13.42
22602,2023,11.44,12.91
22603,2023,1.96,10.52
22610,2023,-7.41,3.97
22611,2023,12.54,12.49
22620,2023,11.34,14.74
22623,2022,14.82,8.01
22624,2023,15.67,13.67
22625,2023,12.03,12.83
22627,2021,23.32,16.98
22630,2023,8.54,12.44
22637,2022,8.56,6.7
22639,2021,22.4,8.37
22640,2021,-1.19,1.83
22642,2023,2.79,10.33
22644,2023,8.32,11.11
22645,2023,6.19,10.74
22652,2023,3.93,11.65
22654,2021,18.58,4.74
22655,2023,0.41,10.31
22656,2022,10.56,7.15
22657,2023,15.14,13.85
22660,2023,17.78,13.56
22663,2021,15.53,10.01
22664,2023,15.2,12.44
22701,2023,8.62,11.89
22712,2023,1.81,7.24
22713,2022,13.86,8.76
22714,2023,-4.12,5.82
22715,2021,20.93,9.2
22716,2022,21.35,10.5
22718,2021,9.7,4.05
22720,2021,9.11,4.23
22724,2023,-8.87,7.14
22726,2021,7.64,14.06
22727,2023,-26.14,3.73
22728,2023,2.88,8.87
22733,2022,2.11,8.59
22734,2023,12.91,12.71
22735,2023,22.55,14.05
22736,2022,3.0,5.45
22737,2023,24.96,15.5
22738,2022,10.79,12.51
22740,2022,24.17,11.61
22742,2023,5.31,8.86
22747,2021,6.55,1.89
22801,2023,8.12,10.62
22802,2023,10.58,11.77
22812,2023,10.35,10.85
22815,2023,7.18,9.86
22821,2023,9.89,12.45
22824,2023,23.75,15.57
22827,2023,0.27,9.07
22832,2021,11.22,7.27
22834,2021,12.36,3.6
22835,2023,11.35,14.68
22840,2023,-7.08,6.92
22841,2022,19.49,10.71
22842,2023,-0.84,10.04
22843,2021,13.01,5.7
22844,2022,9.86,7.32
22846,2023,5.55,10.47
22847,2021,11.31,4.06
22849,2023,7.6,11.59
22851,2023,-2.28,9.53
22853,2023,-2.79,11.02
22901,2023,9.38,10.43
22902,2023,15.82,10.73
22903,2023,10.33,11.95
22911,2023,9.6,10.75
22920,2022,21.05,10.25
22922,2022,-28.73,-1.65
22923,2023,-3.77,8.88
22932,2023,-11.4,6.62
22936,2023,7.3,9.1
22937,2021,4.2,3.07
22938,2021,25.64,6.3
22939,2023,20.11,10.77
22940,2021,15.04,4.8
22942,2023,5.29,9.65
22947,2023,5.01,8.94
22949,2023,0.56,17.14
22952,2022,8.37,5.76
22958,2021,11.23,7.82
22959,2022,11.11,8.24
22960,2023,1.91,10.56
22963,2023,1.65,11.74
22967,2023,19.06,16.14
22968,2023,6.85,11.51
22969,2022,30.81,17.98
22971,2022,16.07,9.48
22973,2023,23.89,13.88
22974,2023,4.65,9.37
22980,2023,14.23,13.13
23002,2023,15.21,12.26
23005,2023,12.85,10.82
23009,2023,7.11,12.56
23011,2021,9.08,4.58
23015,2023,11.33,9.06
23024,2023,11.59,13.45
23027,2022,27.51,11.79
23030,2023,8.03,15.17
23035,2021,11.09,9.88
23038,2021,10.45,5.09
23039,2022,14.85,7.9
23040,2023,21.51,13.82
23043,2023,-24.8,-2.07
23047,2022,2.49,4.09
23059,2023,11.81,11.93
23060,2023,8.45,11.88
23061,2023,14.17,12.51
23062,2022,14.12,8.08
23063,2023,10.25,10.52
23065,2023,6.19,11.83
23069,2023,3.48,12.54
23071,2021,17.62,5.59
23072,2023,4.09,7.85
23075,2023,14.4,16.4
23083,2023,10.39,9.25
23084,2023,12.32,13.03
23086,2022,8.73,9.5
23089,2023,5.62,9.11
23093,2023,4.22,10.78
23102,2023,0.5,8.92
23103,2023,11.47,11.15
23106,2022,18.23,8.83
23109,2022,14.22,9.55
23111,2023,8.06,10.48
23112,2023,8.49,12.4
23113,2023,10.48,12.89
23114,2023,11.6,12.49
23116,2023,8.37,10.1
23117,2023,2.13,10.91
23120,2023,12.96,12.21
23124,2023,3.45,8.76
23138,2022,43.29,16.77
23139,2023,7.2,10.69
23140,2023,25.14,14.49
23141,2023,8.32,11.38
23146,2023,13.96,11.54
23149,2023,4.94,8.87
23150,2023,7.21,10.49
23153,2022,24.46,11.71
23168,2023,7.49,8.29
23169,2021,18.16,5.29
23175,2022,9.61,10.08
23181,2023,-0.56,10.31
23185,2023,6.35,10.36
23188,2023,15.82,11.9
23192,2023,4.01,9.97
23220,2023,6.66,9.83
23221,2023,7.5,9.65
23222,2023,7.86,10.87
23223,2023,7.65,10.66
23224,2023,23.69,18.67
23225,2023,11.44,13.24
23226,2023,8.34,10.41
23227,2023,6.26,10.78
23228,2023,10.47,12.59
23229,2023,11.18,12.18
23230,2023,5.22,9.6
23231,2023,10.05,13.78
23233,2023,7.42,10.78
23234,2023,4.0,12.1
23235,2023,11.14,13.72
23236,2023,11.06,13.12
23237,2023,7.51,12.65
23238,2023,11.39,11.11
23294,2023,11.82,12.51
23310,2023,13.76,15.16
23314,2023,-1.04,6.1
23315,2023,-12.8,15.88
23320,2023,7.54,10.38
23321,2023,9.02,10.53
23322,2023,8.3,9.98
23323,2023,3.69,9.86
23324,2023,0.88,8.37
23325,2023,6.91,10.32
23336,2023,7.67,15.71
23350,2021,2.11,5.36
23405,2022,16.29,6.03
23410,2021,18.88,7.7
23417,2023,-3.01,9.47
23421,2022,18.32,13.04
23430,2023,10.77,10.64
23432,2022,13.08,6.91
23433,2023,18.34,13.05
23434,2023,1.35,10.01
23435,2023,17.16,13.33
23436,2022,18.19,10.34
23437,2022,7.84,9.42
23438,2023,0.96,8.78
23451,2023,8.63,10.09
23452,2023,7.9,9.98
23453,2023,5.04,10.07
23454,2023,6.22,10.42
23455,2023,7.66,9.98
23456,2023,8.77,10.68
23457,2023,6.25,6.94
23462,2023,4.98,9.82
23464,2023,6.98,10.05
23487,2023,12.63,12.56
23502,2023,8.28,10.09
23503,2023,14.0,13.84
23504,2023,-3.89,7.58
23505,2023,10.49,11.33
23507,2023,1.48,3.23
23508,2023,12.74,10.02
23509,2023,4.96,9.2
23510,2021,2.16,0.1
23513,2023,3.39,9.12
23517,2023,-9.3,3.76
23518,2023,7.44,10.69
23523,2023,10.97,17.86
23601,2023,7.25,10.82
23602,2023,12.07,11.61
23605,2023,-3.31,8.77
23606,2023,2.37,8.7
23607,2023,0.08,23.99
23608,2023,6.79,9.74
23661,2023,10.42,14.76
23662,2023,9.5,9.93
23663,2023,12.87,15.7
23664,2023,4.07,11.5
23666,2023,10.94,10.55
23669,2023,6.46,11.59
23690,2021,-7.29,-4.57
23692,2023,7.99,9.13
23693,2023,15.19,10.39
23696,2023,11.51,9.02
23701,2023,6.71,10.81
23702,2023,6.56,10.98
23703,2023,10.72,11.41
23704,2023,7.23,10.75
23707,2023,6.69,9.54
23803,2023,9.13,12.26
23805,2023,10.57,13.15
23824,2023,5.78,9.43
23830,2023,30.5,19.24
23831,2023,9.64,12.15
23832,2023,8.73,12.66
23833,2021,9.11,6.7
23834,2023,8.22,11.14
23836,2023,11.46,12.36
23837,2022,15.89,9.68
23838,2023,12.29,11.72
23840,2022,43.35,18.21
23841,2023,6.91,8.01
23842,2023,-5.39,6.6
23847,2022,11.39,6.05
23851,2023,5.52,9.31
23860,2023,11.1,13.71
23866,2022,6.73,5.17
23868,2023,12.34,14.86
23874,2021,16.74,-1.17
23875,2023,14.37,12.34
23878,2021,4.04,1.52
23881,2022,22.34,9.45
23883,2022,22.23,10.55
23885,2023,16.21,14.05
23888,2022,21.46,13.56
23890,2021,13.33,6.27
23898,2022,5.45,4.49
23901,2023,8.63,9.77
23917,2022,25.29,9.83
23919,2021,16.58,8.58
23920,2021,19.8,8.31
23924,2022,31.76,14.85
23927,2023,-10.51,7.59
23930,2022,5.91,13.03
23936,2022,16.17,7.62
23944,2022,7.03,4.22
23947,2022,14.56,7.94
23950,2021,7.7,2.81
23966,2022,9.82,10.95
23970,2023,13.58,13.92
23974,2022,22.28,8.78
24012,2023,10.36,13.74
24013,2023,10.14,15.82
24014,2023,11.27,12.4
24015,2023,6.58,11.27
24016,2023,11.89,14.48
24017,2023,12.68,14.98
24018,2023,10.27,11.22
24019,2023,9.17,11.68
24054,2023,-3.92,10.0
24055,2023,6.2,6.72
24059,2022,27.05,15.44
24060,2023,8.58,10.15
24064,2023,9.1,11.03
24065,2023,11.15,12.25
24066,2023,14.21,15.11
24067,2022,52.79,18.56
24070,2022,-0.49,1.09
24073,2023,8.79,11.14
24077,2022,14.17,8.21
24078,2023,33.39,15.8
24079,2021,13.19,9.98
24083,2023,4.03,10.78
24084,2023,5.68,10.6
24085,2022,29.24,9.21
24087,2022,33.83,19.25
24088,2022,16.88,11.26
24090,2023,21.75,14.12
24091,2023,18.87,14.27
24092,2022,20.05,10.1
24095,2023,-9.75,5.43
24101,2023,12.0,11.44
24104,2023,12.2,14.86
24112,2023,10.34,15.88
24121,2023,6.74,11.74
24122,2021,12.1,6.11
24124,2023,9.3,13.31
24127,2022,5.35,5.85
24128,2023,24.07,13.98
24134,2023,8.56,11.76
24136,2023,-12.78,4.27
24137,2022,21.68,14.72
24138,2023,12.5,8.46
24141,2023,12.2,11.42
24148,2023,22.03,13.03
24149,2023,3.94,10.44
24151,2023,8.52,10.98
24153,2023,7.37,10.21
24162,2023,9.47,9.03
24171,2023,-0.88,11.0
24174,2023,37.75,19.18
24175,2023,7.53,10.23
24176,2023,5.34,12.8
24179,2023,10.65,12.58
24184,2023,6.88,9.12
24201,2023,8.87,16.56
24202,2023,13.48,16.11
24210,2023,8.62,12.4
24211,2023,6.08,11.64
24219,2023,7.57,14.19
24236,2022,29.57,13.37
24266,2022,10.68,4.79
24293,2022,7.23,4.69
24301,2023,4.45,9.95
24317,2022,6.06,10.2
24319,2023,-5.27,7.93
24324,2022,10.8,12.16
24328,2023,27.16,7.87
24333,2023,7.19,11.77
24340,2022,28.78,10.01
24343,2023,5.95,10.82
24347,2021,12.38,6.55
24348,2022,24.91,15.81
24354,2023,3.18,10.56
24360,2023,10.07,10.89
24361,2022,9.1,6.47
24368,2023,13.64,11.46
24380,2023,35.14,15.78
24381,2021,1.83,5.75
24382,2023,8.14,11.57
24401,2023,11.03,12.83
24416,2023,5.32,12.05
24421,2023,17.74,15.94
24422,2023,11.42,9.17
24426,2023,3.0,5.77
24431,2023,-6.17,4.32
24435,2022,16.19,8.5
24437,2022,16.68,8.94
24440,2023,1.91,11.69
24441,2023,5.13,8.21
24450,2023,2.85,7.75
24459,2022,14.54,8.77
24467,2023,18.4,13.19
24471,2022,16.38,7.7
24472,2022,0.63,5.52
24473,2021,5.91,8.73
24477,2023,10.5,10.64
24479,2022,5.54,7.97
24482,2023,-4.2,6.06
24483,2021,-0.67,-5.32
24486,2023,6.54,8.62
24501,2023,11.28,14.44
24502,2023,7.1,12.43
24503,2023,8.73,10.63
24504,2023,3.74,9.81
24517,2023,1.49,10.5
24521,2023,3.37,9.71
24522,2023,-5.81,10.52
24523,2023,14.61,12.9
24526,2022,8.3,7.08
24527,2022,17.58,10.12
24528,2022,16.08,3.6
24531,2023,9.58,8.44
24538,2023,13.87,9.24
24540,2023,18.74,16.11
24541,2023,11.13,12.32
24549,2022,37.19,13.22
24550,2023,28.84,13.89
24551,2023,6.99,10.87
24554,2022,19.12,7.78
24555,2022,17.05,3.82
24556,2023,8.24,11.49
24557,2022,29.83,16.46
24558,2023,5.16,11.75
24563,2022,16.51,10.64
24571,2021,5.74,5.41
24572,2023,5.95,10.26
24574,2023,25.73,14.01
24577,2021,18.54,10.51
24578,2022,24.02,2.58
24586,2023,17.01,14.18
24588,2023,20.46,15.74
24590,2023,12.22,12.42
24592,2023,7.11,9.29
24593,2021,13.3,13.3
24605,2023,-9.14,3.35
24609,2021,0.67,-0.84
24637,2022,0.62,4.37
24641,2021,-0.15,-2.08
24651,2021,-0.35,4.1
24701,2023,0.68,11.36
24739,2023,17.04,8.75
24740,2023,4.0,5.63
24901,2022,16.17,8.97
24986,2021,5.74,5.44
25003,2021,30.99,2.05
25015,2021,5.62,0.69
25064,2023,-2.82,8.25
25070,2022,11.45,8.89
25071,2022,-0.41,4.78
25130,2022,4.65,2.89
25143,2023,-10.58,3.25
25159,2021,10.66,-0.27
25177,2023,-3.47,6.32
25213,2023,12.71,7.86
25271,2023,1.8,8.13
25302,2023,3.95,7.36
25303,2023,-0.07,5.68
25304,2023,7.08,7.52
25306,2022,-14.96,7.06
25309,2023,19.79,8.07
25311,2023,-11.38,1.05
25312,2022,24.05,10.6
25313,2023,4.98,5.73
25314,2023,6.89,7.51
25315,2013,-0.74,-0.83
25320,2022,3.86,4.28
25401,2023,3.94,14.86
25403,2023,9.75,13.35
25404,2023,4.28,11.79
25405,2023,5.46,11.17
25411,2023,3.6,10.81
25413,2023,3.19,11.64
25414,2023,22.33,14.29
25419,2023,-0.21,11.06
25420,2022,12.41,10.8
25425,2023,17.42,14.56
25427,2023,-4.1,8.68
25428,2023,7.3,12.6
25430,2023,-8.81,6.47
25438,2023,10.2,10.46
25442,2022,18.17,8.67
25443,2023,13.02,13.17
25504,2023,8.71,6.48
25508,2021,2.89,5.99
25510,2022,8.36,9.4
25526,2023,10.47,9.29
25530,2023,-8.65,2.63
25541,2023,-1.43,7.13
25545,2023,4.23,8.03
25550,2022,21.4,11.49
25560,2023,5.29,7.46
25661,2014,-8.69,-3.9
25701,2023,12.07,9.32
25702,2022,0.1,2.09
25704,2023,-11.22,0.65
25705,2023,8.78,7.89
25801,2023,8.07,10.08
25813,2023,4.46,7.48
25825,2021,9.55,3.51
25827,2015,-10.85,-1.8
25832,2022,2.65,5.28
25840,2023,13.35,13.88
25880,2021,8.05,-0.55
25901,2022,2.83,2.94
25918,2022,10.77,6.48
26003,2023,4.25,6.55
26037,2023,7.24,10.31
26038,2023,-5.18,8.23
26041,2023,4.32,4.76
26062,2023,15.82,12.53
26070,2022,10.56,8.82
26101,2023,12.52,11.1
26104,2023,7.85,7.79
26105,2023,5.8,8.1
26150,2023,0.01,10.9
26155,2023,7.58,6.37
26164,2022,9.29,2.81
26170,2022,0.31,0.98
26181,2022,5.88,4.43
26187,2023,-8.36,6.52
26201,2023,6.62,7.26
26241,2023,6.45,8.32
26301,2023,3.49,5.14
26330,2023,9.36,8.15
26354,2022,3.99,4.96
26378,2021,11.69,2.18
26426,2021,13.81,3.39
26431,2022,11.59,5.86
26452,2023,38.43,13.67
26501,2023,0.09,5.85
26505,2023,3.3,6.65
26508,2023,1.18,6.51
26525,2023,-7.45,7.06
26537,2022,9.68,4.7
26554,2023,-1.75,5.66
26651,2022,-4.71,5.28
26704,2021,10.11,8.67
26726,2023,22.85,11.55
26753,2021,5.78,3.34
27006,2023,12.8,13.87
27007,2022,18.35,12.06
27009,2023,5.42,12.92
27011,2023,-8.14,11.19
27012,2023,7.43,12.94
27013,2023,9.39,15.22
27017,2023,14.39,12.71
27018,2023,-2.68,9.2
27019,2022,13.86,12.67
27020,2023,11.22,9.88
27021,2023,8.15,13.89
27023,2023,5.04,12.58
27024,2021,14.36,6.92
27025,2023,13.38,13.82
27027,2022,16.51,16.88
27028,2023,10.14,13.79
27030,2023,11.19,14.94
27040,2023,17.77,16.17
27041,2023,15.63,13.25
27043,2023,11.02,16.23
27045,2023,3.98,13.0
27048,2023,9.89,12.55
27050,2023,20.53,17.76
27051,2023,6.01,12.15
27052,2023,1.55,10.81
27053,2022,14.4,12.45
27054,2022,14.19,14.52
27055,2023,7.53,12.51
27101,2023,8.51,12.0
27103,2023,7.54,12.83
27104,2023,10.32,12.65
27105,2023,12.79,16.34
27106,2023,11.77,14.42
27107,2023,10.53,16.36
27127,2023,11.13,14.99
27203,2023,1.37,12.21
27205,2023,10.57,13.9
27207,2023,-5.31,13.76
27208,2022,47.25,20.28
27209,2013,-5.29,-4.17
27214,2023,12.23,14.33
27215,2023,13.1,16.15
27217,2023,5.95,13.75
27231,2022,11.79,9.67
27233,2022,15.73,10.72
27235,2023,-2.3,13.02
27239,2023,20.09,15.83
27243,2022,22.72,14.39
27244,2023,6.13,14.19
27248,2022,8.19,7.98
27249,2023,-1.81,11.13
27253,2023,11.78,16.6
27258,2023,-4.04,12.52
27260,2023,2.66,19.11
27262,2023,10.45,14.78
27263,2023,15.46,16.83
27265,2023,11.09,13.91
27278,2023,6.85,13.29
27281,2023,15.47,17.05
27282,2023,11.11,15.12
27283,2023,16.09,15.08
27284,2023,11.22,14.08
27288,2023,9.88,16.65
27291,2021,2.27,6.14
27292,2023,16.86,16.14
27295,2023,11.05,14.65
27298,2023,12.99,15.61
27299,2023,70.26,32.28
27301,2023,11.73,15.53
27302,2023,7.81,14.28
27306,2022,18.87,8.97
27310,2023,4.13,10.57
27311,2022,10.18,7.66
27312,2023,9.38,13.7
27313,2023,6.83,12.05
27315,2021,3.88,-1.93
27316,2023,20.28,16.5
27317,2023,5.46,12.99
27320,2023,9.95,14.35
27325,2022,33.49,18.33
27326,2022,40.8,17.47
27330,2023,9.73,15.29
27332,2023,14.69,17.36
27341,2021,2.1,2.02
27343,2021,21.18,7.94
27344,2023,4.67,14.5
27349,2023,12.64,13.56
27350,2023,3.4,10.59
27355,2022,22.13,15.7
27357,2023,-3.25,10.23
27358,2023,14.69,14.87
27360,2023,16.15,16.42
27370,2023,10.27,14.08
27371,2022,35.71,15.45
27376,2023,25.48,15.81
27377,2023,22.82,19.2
27379,2021,16.25,-0.68
27401,2023,0.33,13.36
27403,2023,15.03,13.37
27405,2023,7.94,15.77
27406,2023,13.28,15.73
27407,2023,10.51,14.78
27408,2023,6.25,11.54
27409,2023,8.65,12.65
27410,2023,6.27,13.02
27455,2023,18.31,15.72
27501,2023,5.95,14.15
27502,2023,9.88,15.11
27503,2023,7.91,13.11
27504,2023,20.15,18.73
27505,2023,29.24,16.32
27509,2023,13.23,15.44
27510,2023,15.89,16.03
27511,2023,9.49,15.39
27513,2023,4.53,15.06
27514,2023,14.07,14.17
27516,2023,11.92,14.62
27517,2023,9.91,13.82
27518,2023,15.33,19.49
27519,2023,9.55,17.37
27520,2023,5.13,14.67
27521,2023,8.65,15.69
27522,2023,9.21,13.88
27523,2023,9.17,13.95
27524,2023,5.46,13.38
27525,2023,10.69,15.69
27526,2023,5.88,15.31
27527,2023,3.22,16.03
27529,2023,2.26,15.25
27530,2023,9.2,13.35
27534,2023,6.3,12.65
27536,2023,-3.91,13.74
27537,2023,36.91,19.34
27539,2023,8.92,15.98
27540,2023,8.94,16.62
27541,2023,10.37,12.86
27542,2023,15.69,12.67
27544,2022,-8.24,0.77
27545,2023,4.57,17.25
27546,2023,7.09,13.18
27549,2023,11.52,14.69
27551,2022,9.08,13.08
27553,2022,16.22,7.35
27557,2023,-2.73,13.51
27559,2023,-1.76,17.24
27560,2022,28.85,14.56
27562,2022,19.07,8.92
27565,2023,8.71,11.97
27569,2023,-5.97,13.38
27571,2023,-3.67,11.6
27572,2023,5.61,11.75
27573,2023,18.55,13.98
27574,2023,9.61,15.64
27576,2023,10.06,15.62
27577,2023,8.76,15.59
27581,2023,19.81,21.11
27583,2023,8.83,13.53
27587,2023,5.64,14.98
27591,2023,6.1,16.61
27592,2023,3.33,14.38
27596,2023,8.01,15.89
27597,2023,2.6,14.72
27601,2023,4.35,12.59
27603,2023,6.91,14.65
27604,2023,9.56,14.69
27605,2023,15.62,15.36
27606,2023,4.28,13.47
27607,2023,2.67,10.02
27608,2023,3.77,10.96
27609,2023,10.08,14.58
27610,2023,3.68,14.25
27612,2023,8.61,14.94
27613,2023,5.45,13.39
27614,2023,8.11,11.84
27615,2023,3.87,14.29
27616,2023,11.15,16.01
27617,2022,36.41,16.66
27701,2023,4.29,11.43
27703,2023,7.67,15.19
27704,2023,8.87,15.65
27705,2023,8.21,14.1
27707,2023,5.19,13.8
27712,2023,7.1,15.14
27713,2023,8.4,17.63
27801,2023,16.39,17.57
27803,2023,11.49,14.03
27804,2023,10.89,16.09
27807,2023,16.19,16.78
27808,2022,18.03,10.66
27809,2022,37.56,20.83
27810,2023,2.87,14.92
27814,2021,12.3,6.54
27817,2022,32.45,16.32
27822,2023,23.16,16.75
27823,2017,3.52,12.78
27828,2023,6.24,13.62
27830,2022,2.78,7.78
27834,2023,10.9,13.7
27837,2023,12.22,13.74
27842,2022,14.78,8.89
27846,2014,-14.35,-4.65
27850,2022,18.53,11.19
27851,2022,27.09,13.86
27852,2021,1.45,4.71
27855,2021,13.08,5.9
27856,2023,7.29,13.75
27858,2023,5.77,11.85
27863,2023,6.05,12.3
27870,2023,3.4,8.05
27880,2022,37.02,15.67
27882,2023,1.89,13.14
27886,2023,32.5,18.88
27889,2023,18.43,16.62
27891,2022,32.08,11.71
27892,2023,27.16,15.29
27893,2023,17.4,15.02
27896,2023,7.64,13.9
27909,2023,9.52,13.62
27910,2023,1.4,15.08
27915,2023,13.37,18.52
27916,2022,20.25,10.62
27920,2022,15.36,10.19
27921,2023,7.73,13.55
27926,2021,24.15,10.76
27927,2023,14.66,19.32
27929,2022,13.2,7.9
27932,2023,8.41,13.33
27937,2021,-2.51,2.15
27939,2022,25.04,16.28
27941,2022,16.89,5.99
27944,2023,19.75,13.11
27947,2022,16.72,7.72
27948,2023,11.2,17.66
27949,2023,12.49,17.82
27950,2022,8.04,7.38
27954,2023,4.85,15.66
27958,2023,0.66,8.88
27959,2023,11.82,15.78
27960,2022,42.28,18.12
27962,2022,31.07,14.81
27964,2021,7.83,-0.66
27970,2021,17.52,9.76
27973,2022,5.63,7.91
27974,2021,32.22,10.34
27976,2023,21.78,15.38
27980,2021,7.37,6.98
27981,2022,41.02,13.12
27983,2021,8.7,8.0
28001,2023,7.41,16.48
28012,2023,9.21,15.64
28016,2023,1.11,13.36
28018,2022,34.17,13.88
28020,2021,7.83,5.81
28021,2023,12.7,14.16
28023,2023,9.32,15.66
28025,2023,9.02,16.24
28027,2023,7.0,15.78
28031,2023,15.87,17.21
28032,2023,-0.54,13.18
28033,2022,30.5,14.65
28034,2023,1.66,14.87
28036,2023,2.47,9.46
28037,2023,5.16,12.64
28040,2023,5.24,13.0
28043,2023,13.53,16.52
28052,2023,7.03,16.17
28054,2023,6.05,14.92
28056,2023,9.23,15.92
28071,2023,13.31,17.68
28073,2023,-10.0,9.66
28075,2023,6.38,14.1
28078,2023,6.25,14.81
28079,2023,8.74,15.78
28080,2023,6.19,13.04
28081,2023,6.09,17.28
28083,2023,5.24,15.62
28086,2023,11.64,16.68
28088,2023,6.07,16.35
28090,2023,18.54,19.07
28092,2023,10.46,15.61
28097,2023,-1.35,15.66
28098,2023,20.88,16.88
28103,2023,6.88,12.29
28104,2023,9.4,17.41
28105,2023,10.15,15.44
28107,2023,7.0,13.83
28110,2023,6.26,15.36
28112,2023,12.54,15.64
28114,2023,2.05,13.21
28115,2023,8.77,14.87
28117,2023,8.96,15.36
28120,2023,5.6,15.04
28124,2023,0.77,12.39
28125,2023,12.59,15.19
28127,2023,20.36,16.36
28128,2023,7.79,13.97
28129,2023,6.73,15.42
28133,2021,17.28,8.05
28134,2022,32.75,19.0
28135,2022,41.69,17.85
28137,2023,39.21,19.63
28138,2023,18.93,17.63
28139,2023,8.27,12.79
28144,2023,10.73,14.87
28146,2023,7.47,14.92
28147,2023,8.47,15.0
28150,2023,11.38,16.22
28152,2023,8.93,15.16
28159,2023,24.73,17.98
28160,2022,19.49,11.58
28163,2023,0.28,13.63
28164,2023,7.41,14.74
28166,2023,14.25,17.08
28167,2022,25.11,12.04
28168,2023,12.81,17.64
28170,2023,14.0,15.28
28173,2023,9.62,15.7
28174,2023,4.59,13.53
28202,2022,14.15,12.13
28203,2023,6.33,12.24
28204,2023,10.18,12.25
28205,2023,11.28,12.41
28206,2023,24.28,22.08
28207,2023,17.19,10.42
28208,2023,7.01,14.39
28209,2023,6.43,11.67
28210,2023,6.97,12.8
28211,2023,9.87,13.61
28212,2023,7.63,17.68
28213,2023,16.14,19.1
28214,2023,1.73,15.71
28215,2023,9.19,15.91
28216,2023,5.36,16.24
28217,2023,3.01,14.77
28226,2023,12.93,15.16
28227,2023,3.79,15.31
28262,2023,8.94,17.89
28269,2023,8.23,16.24
28270,2023,10.75,15.83
28273,2023,8.36,17.36
28277,2023,7.29,14.92
28278,2022,10.49,8.76
28301,2023,41.26,19.86
28303,2023,24.16,16.34
28304,2023,15.18,18.18
28305,2023,11.03,11.41
28306,2023,11.07,14.2
28311,2023,23.14,18.31
28312,2023,0.54,10.05
28314,2023,11.94,15.29
28315,2023,22.0,17.75
28318,2023,7.58,7.72
28320,2021,10.28,7.02
28326,2023,14.24,15.22
28327,2023,6.61,13.48
28328,2023,19.65,15.24
28333,2021,11.57,4.89
28334,2023,21.12,15.72
28337,2023,5.92,9.65
28339,2023,6.99,16.71
28340,2019,4.87,6.43
28344,2016,-6.53,11.19
28345,2023,21.31,10.76
28348,2023,11.16,15.46
28349,2021,20.12,9.88
28352,2023,12.7,13.27
28356,2022,30.24,10.39
28357,2021,14.86,7.15
28358,2023,13.64,13.67
28360,2023,22.27,14.26
28364,2022,20.02,8.62
28365,2022,19.35,11.99
28366,2022,16.79,8.59
28371,2021,-6.11,9.03
28372,2022,6.79,6.81
28373,2022,20.84,15.04
28374,2023,13.7,16.32
28376,2023,10.99,11.04
28377,2021,-9.21,5.43
28379,2023,21.91,17.85
28382,2022,58.18,24.94
28384,2021,7.01,6.27
28385,2021,13.82,3.44
28387,2023,10.41,16.21
28390,2023,22.8,19.25
28391,2021,4.64,2.15
28394,2022,20.92,3.86
28395,2021,2.92,3.54
28396,2008,20.12,8.33
28398,2022,1.34,12.79
28401,2023,16.14,17.77
28403,2023,16.86,16.12
28405,2023,18.23,16.33
28409,2023,16.27,16.19
28411,2023,16.06,15.24
28412,2023,9.03,14.61
28422,2023,-1.07,12.42
28425,2023,16.63,15.37
28428,2023,5.59,16.92
28429,2023,10.38,14.54
28431,2022,27.42,13.07
28433,2021,-0.37,2.89
28436,2016,18.93,6.42
28443,2023,8.49,14.06
28445,2023,2.68,15.81
28449,2022,20.85,14.11
28450,2023,20.46,19.34
28451,2023,3.02,13.71
28456,2023,19.5,8.95
28457,2023,2.96,12.55
28458,2018,-29.2,-1.58
28460,2023,17.33,21.49
28461,2023,4.37,12.69
28462,2023,10.61,17.88
28463,2023,18.95,19.6
28465,2023,12.14,19.09
28466,2023,7.5,11.53
28467,2023,2.22,13.37
28468,2023,25.11,19.76
28469,2023,10.97,16.64
28470,2023,9.77,16.86
28472,2023,11.48,13.2
28478,2022,4.88,8.02
28479,2022,25.56,14.59
28480,2021,12.79,9.87
28501,2023,19.24,19.72
28504,2023,22.28,15.95
28510,2022,15.02,9.73
28512,2023,7.76,14.78
28513,2023,5.55,15.15
28516,2023,22.55,16.77
28518,2023,2.61,11.49
28523,2021,9.39,-0.97
28525,2013,3.82,1.13
28527,2021,10.56,1.51
28530,2022,24.67,12.43
28531,2022,12.1,12.74
28532,2023,17.44,15.46
28539,2023,12.86,14.26
28540,2023,12.66,13.46
28544,2022,23.31,2.75
28546,2023,7.7,13.3
28551,2023,7.76,11.64
28555,2022,22.84,11.98
28556,2021,3.41,5.15
28557,2023,16.29,16.14
28560,2023,16.79,16.74
28562,2023,10.87,13.44
28570,2023,7.45,14.81
28571,2022,21.03,13.25
28572,2022,9.8,13.56
28573,2021,7.98,1.06
28574,2023,13.06,14.1
28578,2016,-1.49,3.64
28580,2023,-1.66,10.88
28582,2021,12.87,-0.14
28584,2023,12.2,13.49
28586,2022,16.22,9.43
28590,2023,9.01,12.5
28594,2023,25.0,20.36
28601,2023,7.3,13.31
28602,2023,17.09,16.49
28604,2023,8.03,21.82
28605,2023,22.23,17.78
28607,2023,12.65,16.16
28609,2023,-4.68,11.68
28610,2023,5.02,12.35
28612,2023,17.32,16.43
28613,2023,7.07,12.41
28615,2021,14.18,5.24
28617,2021,15.8,7.23
28618,2023,9.9,17.43
28621,2023,16.13,15.99
28622,2021,18.68,7.73
28625,2023,4.11,14.31
28626,2022,23.36,11.99
28630,2023,11.02,12.78
28634,2022,14.94,11.6
28635,2022,39.44,15.75
28636,2022,1.47,4.69
28637,2021,14.07,9.07
28638,2023,4.31,14.2
28640,2023,3.42,14.03
28642,2023,-5.93,6.14
28643,2023,21.82,16.38
28644,2021,9.36,6.01
28645,2023,11.64,14.57
28650,2023,9.41,14.72
28651,2023,0.18,7.23
28654,2023,8.49,13.63
28655,2023,11.5,15.4
28657,2023,-1.7,13.02
28658,2023,15.13,15.51
28659,2023,8.27,13.68
28660,2022,13.03,13.24
28665,2022,19.98,15.24
28669,2021,10.96,14.43
28673,2023,-3.91,13.64
28675,2023,35.83,19.44
28676,2021,9.91,5.02
28677,2023,12.93,17.29
28678,2022,20.91,14.38
28679,2022,15.24,9.53
28681,2023,7.87,13.02
28682,2022,39.61,18.59
28684,2021,10.21,6.59
28689,2021,19.35,6.07
28690,2023,25.68,18.71
28692,2023,16.04,17.61
28693,2016,-4.37,-2.06
28694,2023,7.69,16.72
28697,2023,10.24,12.97
28698,2022,13.0,10.99
28701,2023,8.38,14.54
28704,2023,10.4,13.68
28705,2023,-14.27,16.4
28709,2022,9.13,7.69
28711,2023,4.41,13.49
28712,2023,18.86,16.72
28713,2023,15.79,18.6
28714,2023,4.03,12.19
28715,2023,11.56,14.67
28716,2023,18.02,16.07
28717,2021,20.52,6.12
28721,2023,17.73,15.95
28722,2023,0.51,11.36
28723,2023,4.44,13.02
28726,2023,21.7,18.2
28729,2023,9.73,16.8
28730,2023,4.31,13.62
28731,2023,19.28,18.93
28732,2023,11.28,14.84
28734,2023,8.97,15.83
28736,2021,19.78,8.08
28739,2023,6.13,14.06
28741,2023,21.22,19.04
28742,2023,20.83,16.52
28745,2013,-2.53,-6.41
28746,2023,1.75,12.03
28748,2023,13.67,15.02
28751,2023,5.49,18.48
28752,2023,9.95,15.67
28753,2023,13.38,14.42
28754,2023,5.32,13.4
28756,2021,9.77,4.55
28759,2023,12.22,15.46
28761,2023,1.14,16.13
28762,2023,13.79,17.43
28763,2023,6.96,18.6
28766,2021,19.33,7.3
28768,2023,-1.62,8.95
28771,2023,13.68,15.27
28773,2023,21.59,17.92
28774,2013,7.02,-0.54
28777,2023,23.59,19.35
28778,2023,9.97,15.21
28779,2023,12.05,14.67
28781,2021,25.84,9.99
28782,2023,18.9,16.68
28785,2023,7.73,14.9
28786,2023,4.76,14.24
28787,2023,8.36,14.65
28789,2023,11.12,15.16
28790,2023,7.03,11.34
28791,2023,6.58,12.27
28792,2023,3.3,12.03
28801,2023,2.65,12.85
28803,2023,8.66,14.53
28804,2023,16.96,15.95
28805,2023,11.79,14.63
28806,2023,9.24,14.37
28901,2023,-0.77,10.96
28902,2021,14.42,5.07
28904,2023,1.14,14.03
28905,2023,11.27,11.6
28906,2023,5.32,16.29
28909,2021,15.88,7.5
29006,2023,6.83,8.64
29010,2022,12.47,4.96
29016,2023,12.37,13.54
29020,2023,7.14,13.66
29030,2021,24.53,11.34
29032,2021,3.45,6.73
29033,2023,12.65,14.58
29036,2023,17.36,15.09
29038,2021,-0.95,-0.07
29039,2022,-11.99,-0.29
29040,2023,23.83,14.62
29044,2022,6.1,5.52
29045,2023,3.03,10.7
29047,2023,-6.87,25.57
29048,2022,9.57,7.86
29053,2023,10.99,11.68
29054,2023,13.18,15.87
29058,2022,20.63,10.79
29059,2022,17.84,11.67
29061,2023,8.31,11.9
29063,2023,13.31,15.03
29067,2023,12.73,20.3
29069,2021,8.28,0.95
29070,2023,-1.03,14.34
29072,2023,12.89,13.41
29073,2023,12.14,15.24
29074,2021,27.34,11.87
29075,2023,4.44,12.64
29078,2023,8.83,13.41
29102,2023,8.79,15.11
29108,2023,-4.9,8.62
29112,2022,27.79,16.3
29115,2023,-1.49,7.37
29118,2023,3.33,8.45
29123,2022,26.0,11.14
29126,2022,12.58,10.97
29127,2023,20.02,16.7
29128,2022,1.19,2.07
29130,2023,18.34,14.96
29135,2023,-11.05,6.81
29138,2023,12.93,16.07
29142,2022,20.94,12.18
29148,2023,10.96,11.57
29150,2023,13.22,11.38
29153,2023,63.87,26.14
29154,2023,9.87,12.29
29160,2023,28.48,16.36
29161,2023,3.3,11.42
29164,2022,12.67,9.41
29169,2023,13.0,15.15
29170,2023,10.36,13.42
29172,2023,14.95,14.99
29180,2023,18.02,11.75
29201,2023,5.11,10.09
29203,2023,13.76,15.69
29204,2023,16.91,14.07
29205,2023,7.07,10.11
29206,2023,6.03,9.38
29209,2023,7.63,12.48
29210,2023,4.22,12.98
29212,2023,8.49,13.38
29223,2023,2.32,13.76
29229,2023,-0.77,11.79
29301,2023,13.33,15.94
29302,2023,13.47,16.09
29303,2023,8.62,14.29
29306,2023,17.03,14.78
29307,2023,9.17,13.53
29316,2023,8.35,14.59
29321,2021,14.05,0.85
29322,2023,18.19,17.45
29323,2023,14.69,15.62
29325,2023,-0.01,8.06
29330,2023,17.8,17.26
29332,2023,4.95,12.58
29334,2023,13.42,16.34
29335,2022,-3.75,8.03
29340,2023,4.73,13.95
29341,2023,12.62,14.89
29349,2023,7.57,13.51
29353,2021,7.76,1.81
29356,2023,20.11,14.37
29360,2023,2.89,12.34
29365,2023,11.45,14.36
29369,2023,16.93,15.31
29372,2023,-0.28,9.78
29374,2023,4.21,17.97
29376,2023,33.25,21.56
29379,2023,13.78,15.83
29384,2022,11.0,13.33
29385,2023,22.07,18.64
29388,2023,9.64,15.29
29401,2023,25.05,17.6
29403,2023,13.46,13.39
29405,2023,13.21,15.68
29406,2023,-4.59,14.49
29407,2023,11.64,14.88
29410,2023,15.16,15.87
29412,2023,16.91,16.55
29414,2023,10.07,15.16
29418,2023,9.14,15.35
29420,2023,3.63,14.7
29429,2022,33.21,13.74
29431,2023,19.85,16.67
29435,2021,11.33,2.74
29436,2022,13.78,7.91
29437,2022,-3.15,10.36
29438,2023,22.49,18.61
29440,2023,7.03,12.34
29445,2023,12.98,15.27
29448,2023,30.18,12.56
29449,2023,9.77,15.05
29450,2021,18.07,11.59
29451,2022,20.94,14.54
29455,2023,11.87,15.02
29456,2023,9.21,15.23
29458,2022,14.02,9.82
29461,2023,3.46,11.78
29464,2023,12.94,15.35
29466,2023,8.68,13.0
29469,2021,-8.73,1.59
29470,2023,-17.06,16.93
29472,2023,12.35,14.79
29477,2023,-0.09,12.84
29479,2022,15.18,9.39
29482,2021,0.14,3.48
29483,2023,8.38,12.69
29485,2023,10.54,15.84
29486,2023,5.89,13.07
29487,2023,31.86,15.24
29488,2023,10.28,13.94
29492,2022,33.72,14.26
29501,2023,6.28,8.87
29505,2023,9.8,10.67
29506,2023,14.49,12.35
29510,2022,14.24,10.7
29511,2023,-4.56,10.3
29512,2023,11.95,11.17
29520,2023,-0.2,11.17
29526,2023,9.6,14.46
29527,2023,0.78,13.11
29532,2023,6.55,9.21
29536,2022,2.26,6.01
29540,2022,12.74,6.36
29541,2023,23.32,18.72
29544,2023,9.33,16.99
29550,2023,10.39,10.21
29554,2022,12.99,8.27
29555,2022,14.15,12.7
29556,2022,-1.73,9.23
29560,2023,7.86,10.91
29565,2023,-10.37,9.22
29566,2023,7.71,15.73
29568,2023,11.82,19.53
29569,2023,14.4,17.27
29571,2023,8.8,15.1
29572,2023,27.15,17.17
29574,2023,30.59,15.56
29575,2023,11.16,15.41
29576,2023,19.81,18.87
29577,2023,14.76,16.13
29579,2023,1.23,14.36
29581,2023,29.75,19.14
29582,2023,15.35,17.81
29583,2023,1.17,10.52
29585,2023,11.74,13.81
29588,2023,8.86,13.43
29591,2021,17.06,9.51
29601,2023,19.46,15.4
29605,2023,11.11,12.62
29607,2023,14.88,14.62
29609,2023,10.38,12.58
29611,2023,13.02,17.16
29615,2023,9.3,13.08
29617,2023,6.6,13.12
29620,2023,4.43,11.53
29621,2023,4.33,13.01
29624,2023,15.64,16.85
29625,2023,9.04,14.19
29626,2023,11.38,13.11
29627,2023,16.01,13.88
29630,2023,1.7,11.23
29631,2023,2.02,8.93
29635,2022,5.29,9.03
29638,2022,33.38,15.69
29640,2023,7.61,15.41
29642,2023,9.27,13.19
29643,2023,-12.45,8.71
29644,2023,13.07,16.35
29645,2023,6.09,14.76
29646,2023,7.42,12.63
29649,2023,9.72,11.79
29650,2023,1.21,13.24
29651,2023,8.45,13.75
29653,2022,21.2,10.96
29654,2023,-4.45,9.94
29655,2023,49.4,21.76
29657,2023,16.08,15.97
29661,2023,7.21,15.14
29662,2023,13.75,15.36
29664,2018,1.7,13.23
29666,2023,-1.18,7.49
29669,2023,7.33,11.74
29670,2023,10.72,13.3
29671,2023,13.54,13.73
29672,2023,2.19,13.08
29673,2023,9.69,14.74
29676,2022,57.57,22.4
29678,2023,7.3,14.58
29680,2023,5.87,13.68
29681,2023,7.33,13.29
29682,2023,18.03,18.37
29684,2023,6.96,16.36
29686,2022,-9.97,17.77
29687,2023,10.43,14.23
29689,2023,-11.57,12.32
29690,2023,12.29,15.2
29691,2023,11.09,15.09
29692,2022,74.78,31.81
29693,2023,17.45,14.73
29696,2023,4.81,11.59
29697,2023,11.13,15.79
29702,2023,14.44,16.37
29704,2023,-2.37,12.87
29706,2023,17.54,18.13
29707,2023,21.98,21.4
29708,2023,7.74,14.82
29709,2021,5.28,0.04
29710,2023,5.54,13.1
29712,2022,9.24,9.03
29715,2023,7.61,14.64
29720,2023,4.48,14.69
29726,2022,22.41,11.78
29728,2023,12.22,16.96
29729,2022,28.77,13.96
29730,2023,8.31,16.13
29732,2023,9.77,15.22
29742,2022,32.4,14.52
29745,2023,12.61,15.76
29801,2023,11.27,13.48
29803,2023,6.32,13.45
29805,2023,15.95,11.12
29809,2022,11.99,15.01
29812,2023,27.74,13.58
29821,2022,24.39,14.02
29824,2022,27.28,10.8
29829,2023,61.34,30.11
29831,2023,8.44,23.51
29832,2022,26.4,14.72
29835,2022,-15.59,2.45
29841,2023,12.08,13.7
29842,2022,13.83,10.93
29847,2022,37.61,22.6
29851,2023,16.03,12.53
29853,2022,22.02,6.32
29860,2023,8.29,11.17
29902,2023,17.2,17.12
29906,2023,1.63,16.02
29907,2023,3.07,13.57
29909,2023,30.89,16.83
29910,2023,22.19,17.65
29920,2023,6.97,16.47
29924,2023,17.21,18.34
29926,2023,7.25,16.48
29927,2022,20.97,10.55
29928,2022,3.03,9.25
29935,2023,19.98,16.61
29936,2023,27.34,18.49
29940,2022,19.31,12.0
29944,2022,41.21,18.0
30002,2023,14.85,13.93
30004,2023,20.96,18.26
30005,2023,21.27,16.96
30008,2023,3.19,15.94
30009,2023,17.24,17.28
30011,2023,1.97,16.45
30012,2023,8.37,16.31
30013,2023,13.51,18.28
30014,2023,5.26,14.6
30016,2023,6.58,17.85
30017,2023,5.76,17.08
30019,2023,11.31,16.75
30021,2023,16.13,16.64
30022,2023,9.3,15.04
30024,2023,13.91,17.81
30025,2023,-2.78,12.07
30028,2023,5.02,14.13
30030,2023,5.74,8.42
30032,2023,2.3,12.39
30033,2023,4.98,9.69
30034,2023,10.47,17.82
30035,2023,9.81,18.99
30038,2023,8.89,16.48
30039,2023,7.45,17.12
30040,2023,7.57,16.18
30041,2023,9.52,15.33
30043,2023,6.36,15.69
30044,2023,6.1,15.92
30045,2023,1.65,15.74
30046,2023,11.65,18.59
30047,2023,8.56,16.4
30052,2023,8.72,16.25
30054,2023,1.46,13.33
30055,2023,27.69,17.69
30056,2023,12.77,16.76
30058,2023,11.86,18.56
30060,2023,13.93,17.81
30062,2023,10.82,14.92
30064,2023,9.9,14.63
30066,2023,7.41,14.0
30067,2023,4.67,12.8
30068,2023,6.76,12.04
30071,2023,9.66,17.69
30075,2023,9.61,14.11
30076,2023,12.91,15.36
30078,2023,5.48,16.12
30079,2023,-0.14,7.57
30080,2023,5.56,11.34
30082,2023,6.92,14.07
30083,2023,5.2,16.76
30084,2023,7.32,13.6
30087,2023,5.82,14.91
30088,2023,7.89,19.2
30092,2023,7.97,13.2
30093,2023,17.33,17.46
30094,2023,10.27,17.52
30096,2023,5.01,15.1
30097,2023,2.71,15.38
30101,2023,10.68,15.66
30102,2023,9.68,17.13
30103,2023,17.73,18.15
30104,2023,-4.45,20.39
30105,2023,-0.29,20.33
30106,2023,1.81,16.08
30107,2023,4.06,14.83
30108,2023,14.56,16.35
30110,2023,20.84,17.22
30113,2023,0.46,12.59
30114,2023,7.56,15.21
30115,2023,7.91,15.05
30116,2023,2.65,13.75
30117,2023,11.09,14.11
30120,2023,7.13,16.27
30121,2023,6.3,15.56
30122,2023,2.53,16.76
30124,2023,11.46,17.42
30125,2023,8.97,16.6
30126,2023,6.48,15.64
30127,2023,10.01,17.02
30132,2023,2.66,14.53
30134,2023,11.55,18.28
30135,2023,5.97,16.21
30137,2023,9.55,18.56
30139,2023,3.23,16.52
30141,2023,10.94,16.88
30143,2023,6.82,15.88
30144,2023,8.32,16.74
30145,2023,6.66,14.64
30147,2023,6.3,11.67
30152,2023,4.93,14.26
30153,2023,11.31,16.96
30157,2023,4.16,16.57
30161,2023,7.82,14.59
30165,2023,2.42,13.41
30168,2023,13.49,19.99
30170,2022,12.78,11.57
30171,2023,5.57,11.07
30173,2023,24.76,16.54
30175,2023,4.86,15.8
30176,2023,28.57,19.78
30178,2023,25.28,20.2
30179,2023,5.61,15.68
30180,2023,3.9,15.07
30182,2022,-7.4,2.46
30183,2022,19.01,11.83
30184,2023,3.38,15.48
30185,2023,26.73,18.82
30187,2023,4.4,15.06
30188,2023,8.49,16.16
30189,2023,7.68,15.34
30204,2023,15.61,15.17
30205,2023,0.18,9.09
30206,2023,2.9,13.49
30213,2023,7.3,16.77
30214,2023,9.29,15.18
30215,2023,6.85,13.15
30216,2022,43.74,14.51
30217,2023,1.55,15.25
30218,2022,27.17,14.34
30220,2023,12.14,15.22
30222,2023,13.73,19.8
30223,2023,11.05,16.7
30224,2023,9.62,15.56
30228,2023,16.32,18.41
30230,2023,9.11,14.45
30233,2023,11.63,16.68
30234,2022,23.34,14.44
30236,2023,8.9,18.22
30238,2023,14.22,20.59
30240,2023,11.31,12.15
30241,2023,10.86,12.95
30248,2023,10.76,17.48
30251,2022,20.99,15.36
30252,2023,7.8,14.89
30253,2023,6.67,17.21
30256,2022,26.99,13.31
30257,2023,7.31,16.94
30258,2022,3.24,10.95
30259,2023,8.45,13.41
30260,2023,10.46,17.79
30263,2023,10.56,15.1
30265,2023,10.49,15.3
30268,2023,6.29,11.8
30269,2023,9.83,13.22
30273,2023,9.04,19.01
30274,2023,7.0,19.72
30276,2023,8.08,16.23
30277,2023,7.38,13.96
30281,2023,7.96,16.72
30286,2023,9.71,17.34
30288,2023,12.4,18.65
30290,2023,2.97,13.56
30291,2023,8.93,17.9
30292,2023,10.23,14.13
30293,2022,20.9,13.43
30294,2023,12.94,18.89
30295,2023,2.6,13.19
30296,2023,7.0,17.86
30297,2023,8.46,19.61
30305,2023,2.39,6.85
30306,2023,7.62,8.04
30307,2023,7.05,9.13
30308,2023,11.84,8.64
30309,2023,-0.48,5.42
30310,2023,4.28,12.02
30311,2023,0.64,13.64
30312,2023,7.19,10.2
30314,2023,6.03,17.16
30315,2023,8.16,13.24
30316,2023,3.85,10.22
30317,2023,5.34,10.63
30318,2023,9.14,10.68
30319,2023,9.5,9.26
30324,2023,6.03,7.81
30327,2023,15.92,8.99
30328,2023,12.05,11.1
30329,2023,11.84,9.83
30331,2023,8.84,16.23
30337,2023,-2.25,9.21
30338,2023,6.03,10.84
30339,2023,2.34,4.96
30340,2023,6.37,11.49
30341,2023,5.09,8.7
30342,2023,7.58,8.3
30344,2023,4.9,14.49
30345,2023,2.92,8.34
30349,2023,12.14,20.69
30350,2023,9.14,11.77
30354,2023,16.3,17.17
30360,2023,6.92,12.13
30401,2023,0.26,6.18
30415,2023,23.7,14.91
30417,2022,26.18,9.5
30427,2023,6.65,13.09
30434,2022,11.29,10.7
30436,2022,33.66,17.09
30439,2023,-5.97,13.41
30442,2022,11.5,7.05
30458,2023,16.09,16.54
30461,2023,13.17,12.35
30467,2023,25.56,12.72
30471,2021,8.6,-8.11
30474,2023,-0.94,10.11
30501,2023,8.02,14.71
30504,2023,6.86,15.88
30506,2023,6.18,15.43
30507,2023,12.35,16.85
30510,2023,7.56,10.69
30511,2022,43.3,19.11
30512,2023,11.71,17.67
30513,2023,9.11,17.03
30516,2022,13.89,8.53
30517,2023,11.22,15.76
30518,2023,8.44,15.5
30519,2023,12.45,16.77
30520,2023,3.39,9.29
30521,2023,4.09,12.95
30522,2023,5.26,18.75
30523,2023,0.11,11.62
30525,2023,17.19,18.4
30527,2023,22.44,18.0
30528,2023,13.4,17.93
30529,2023,1.77,14.28
30530,2023,6.07,11.55
30531,2023,7.15,15.39
30533,2023,11.22,14.57
30534,2023,4.73,14.34
30535,2023,14.79,14.9
30536,2023,9.21,16.57
30537,2022,24.04,20.12
30540,2023,-1.85,13.52
30541,2023,21.22,20.07
30542,2023,5.9,16.09
30543,2023,13.38,11.58
30545,2021,22.37,9.63
30546,2023,-0.89,16.48
30547,2023,17.99,18.64
30548,2023,2.07,14.55
30549,2023,9.53,15.52
30552,2022,20.63,16.0
30553,2023,12.19,13.99
30554,2023,4.38,13.58
30555,2023,1.87,27.09
30557,2023,18.52,14.66
30558,2023,4.99,17.49
30559,2023,8.23,21.1
30560,2023,5.64,15.7
30563,2023,11.5,14.86
30564,2023,7.09,13.5
30565,2023,34.35,19.76
30566,2023,-3.67,13.22
30567,2023,-12.59,9.19
30568,2022,28.51,14.38
30571,2023,28.78,19.86
30572,2022,24.57,15.71
30576,2023,12.71,18.13
30577,2023,10.29,13.55
30582,2023,17.58,18.51
30601,2023,8.59,13.65
30605,2023,9.62,14.47
30606,2023,14.57,15.76
30607,2023,15.18,17.2
30619,2022,41.7,18.12
30620,2023,10.04,17.23
30621,2023,8.84,13.88
30622,2023,13.47,15.78
30624,2022,6.75,9.52
30625,2023,12.14,15.98
30627,2022,22.21,15.96
30628,2023,5.09,14.03
30629,2023,21.63,17.47
30630,2022,23.23,15.06
30633,2023,13.02,13.68
30634,2021,14.68,12.02
30635,2023,-3.52,12.3
30641,2023,-2.6,13.46
30642,2023,6.24,9.98
30643,2023,9.01,15.66
30646,2023,3.36,14.57
30648,2023,-6.5,10.63
30650,2023,3.99,12.8
30655,2023,7.1,16.28
30656,2023,13.22,18.76
30662,2023,-3.15,10.27
30663,2023,10.28,15.04
30666,2023,0.52,15.18
30669,2013,17.16,2.71
30673,2022,7.52,13.16
30677,2023,14.73,14.84
30678,2021,12.33,8.26
30680,2023,8.14,16.39
30683,2023,14.54,17.45
30701,2023,10.37,14.36
30705,2023,5.34,13.85
30707,2023,11.08,14.91
30710,2023,-2.59,12.88
30711,2021,22.19,8.5
30720,2023,10.9,13.07
30721,2023,16.97,16.06
30725,2023,17.8,16.45
30728,2023,16.19,17.56
30731,2022,35.19,19.02
30733,2022,19.18,11.19
30734,2023,14.26,13.68
30735,2022,12.94,9.99
30736,2023,13.75,15.3
30738,2023,8.16,14.47
30739,2023,11.05,14.39
30740,2023,9.19,14.96
30741,2023,14.2,17.52
30742,2023,7.78,14.71
30746,2023,2.0,12.92
30747,2023,2.54,12.41
30750,2023,17.99,18.08
30752,2023,5.68,11.59
30753,2022,30.41,15.18
30755,2023,24.68,17.7
30802,2023,7.44,13.54
30808,2022,23.47,12.63
30809,2023,11.95,12.88
30813,2023,11.7,14.15
30814,2023,9.94,11.67
30815,2023,18.07,17.01
30817,2023,-7.0,7.36
30824,2023,3.71,12.41
30830,2023,20.5,16.01
30901,2023,-9.63,9.08
30904,2023,13.21,13.89
30906,2023,11.3,15.32
30907,2023,8.18,12.24
30909,2023,8.38,11.03
31002,2017,0.22,4.32
31005,2023,8.0,11.83
31008,2023,11.18,13.91
31014,2023,6.56,12.56
31015,2023,16.04,13.26
31016,2021,10.64,5.96
31019,2022,27.66,11.69
31021,2023,4.79,11.13
31022,2023,-5.34,7.49
31023,2023,9.93,8.66
31024,2023,11.31,16.78
31025,2021,13.51,3.96
31027,2022,14.34,4.63
31028,2023,8.73,18.03
31029,2023,8.93,13.91
31030,2023,22.42,15.95
31031,2023,13.83,15.76
31032,2023,2.59,9.65
31036,2023,4.44,10.09
31046,2023,2.4,11.33
31047,2023,14.47,12.74
31052,2023,15.92,13.12
31061,2023,9.85,12.54
31063,2021,6.33,0.92
31064,2023,26.68,19.24
31069,2023,11.23,13.93
31075,2021,-2.83,4.86
31082,2023,17.88,8.44
31087,2023,22.84,16.54
31088,2023,12.95,14.04
31089,2021,-6.75,-2.01
31092,2022,15.98,5.13
31093,2023,6.98,14.39
31097,2022,32.91,19.17
31201,2023,1.21,11.6
31204,2023,7.41,11.46
31206,2023,14.28,12.87
31210,2023,7.04,10.5
31211,2023,21.77,13.18
31216,2023,9.86,13.06
31217,2023,-17.06,10.11
31220,2023,9.29,11.22
31302,2023,2.93,12.63
31303,2022,17.86,9.1
31305,2022,8.97,10.22
31308,2023,56.7,21.97
31312,2023,16.39,14.83
31313,2023,19.51,16.17
31320,2023,0.08,13.23
31321,2023,10.49,15.25
31322,2023,17.59,17.36
31324,2023,18.36,15.72
31326,2023,10.41,15.18
31328,2023,13.53,15.21
31329,2023,15.7,15.18
31331,2022,0.74,0.74
31401,2023,6.06,16.17
31404,2023,23.09,19.9
31405,2023,12.58,15.36
31406,2023,13.46,15.32
31407,2023,60.64,31.58
31408,2023,37.18,19.77
31410,2023,19.96,17.46
31411,2021,-3.89,-1.62
31415,2023,33.26,20.43
31419,2023,17.83,18.57
31501,2023,9.26,15.56
31503,2023,15.51,14.38
31510,2022,32.0,8.52
31513,2023,11.1,11.99
31516,2023,5.51,13.09
31519,2022,13.53,10.12
31520,2023,18.39,15.34
31522,2023,10.39,14.61
31523,2023,8.12,11.01
31525,2023,17.51,14.56
31527,2022,21.56,10.04
31533,2023,-3.12,10.39
31535,2022,7.8,7.6
31539,2023,1.97,13.22
31545,2023,8.54,11.5
31546,2023,5.64,13.3
31548,2023,10.66,14.66
31554,2021,16.29,4.95
31555,2023,20.99,21.98
31557,2022,17.02,10.9
31558,2023,11.1,16.24
31560,2023,4.32,15.14
31565,2022,9.63,11.28
31569,2023,0.49,10.29
31601,2023,18.37,12.28
31602,2023,6.16,10.98
31605,2023,7.31,11.45
31606,2022,27.7,12.12
31620,2023,-3.56,13.06
31626,2022,14.61,6.18
31632,2023,-8.04,8.07
31636,2023,5.65,13.44
31639,2023,16.04,13.0
31643,2022,15.72,6.5
31701,2023,-1.49,13.79
31705,2023,5.22,13.32
31707,2023,9.87,10.21
31709,2023,15.34,10.18
31714,2022,10.8,6.92
31719,2023,33.5,17.27
31721,2023,7.52,9.67
31730,2022,-4.54,3.15
31733,2022,12.0,9.89
31735,2022,20.21,21.55
31738,2021,17.01,5.88
31744,2022,31.6,14.5
31750,2023,0.88,9.28
31757,2023,1.98,8.42
31763,2023,5.01,10.39
31768,2023,6.11,10.34
31771,2022,9.34,5.63
31773,2021,7.19,1.66
31774,2023,9.25,11.64
31778,2021,18.46,4.21
31779,2022,5.51,7.46
31788,2023,41.18,20.29
31790,2022,79.55,28.84
31791,2023,0.89,9.6
31792,2023,12.6,13.45
31793,2023,14.31,11.93
31794,2023,2.49,9.7
31795,2018,10.68,3.79
31801,2021,8.9,4.6
31803,2021,-1.29,1.59
31804,2023,5.98,9.25
31806,2022,19.66,9.75
31807,2023,9.89,10.04
31808,2023,7.48,9.22
31811,2023,9.01,10.4
31816,2023,15.35,14.41
31820,2023,5.93,8.34
31822,2023,19.38,15.3
31826,2022,25.46,20.53
31829,2023,13.17,12.15
31830,2021,9.27,4.57
31831,2022,11.8,7.77
31833,2023,4.58,9.22
31901,2023,8.44,11.76
31903,2022,-6.21,-2.17
31904,2023,14.13,10.08
31906,2023,9.32,9.18
31907,2023,10.57,10.61
31909,2023,10.9,11.3
32003,2023,8.05,14.33
32008,2021,19.82,6.56
32009,2023,17.37,17.76
32011,2023,14.77,15.77
32024,2023,17.57,16.13
32025,2023,15.89,13.8
32033,2022,37.39,17.26
32034,2023,17.06,19.39
32038,2023,3.31,11.26
32040,2023,8.43,15.06
32043,2023,7.51,14.38
32046,2023,10.72,14.97
32054,2023,8.0,13.89
32055,2023,3.35,12.48
32058,2021,24.01,8.41
32060,2023,9.65,14.59
32063,2023,9.93,15.62
32064,2023,48.15,25.51
32065,2023,-2.54,13.2
32068,2023,6.37,14.71
32073,2023,6.28,15.74
32080,2023,10.72,17.34
32082,2023,12.81,16.6
32084,2023,5.64,18.09
32086,2023,5.2,15.89
32091,2023,14.86,19.65
32092,2023,8.58,16.68
32095,2023,3.37,16.97
32097,2023,21.04,16.33
32102,2021,17.91,8.07
32110,2023,7.7,21.59
32112,2022,17.55,16.05
32113,2023,-1.55,20.41
32114,2023,9.63,17.65
32117,2023,7.38,16.08
32118,2023,5.47,16.18
32119,2023,13.31,16.32
32124,2022,31.96,16.82
32127,2023,5.98,14.71
32128,2022,30.44,13.46
32129,2023,15.94,16.34
32130,2023,15.53,17.34
32131,2023,6.68,15.57
32132,2023,2.7,15.2
32134,2023,19.63,19.77
32136,2023,3.01,14.31
32137,2023,6.16,16.79
32141,2023,7.17,15.25
32145,2023,13.62,19.41
32148,2023,-0.26,20.82
32159,2023,8.82,12.65
32162,2023,0.3,11.25
32163,2023,4.33,11.76
32164,2023,1.82,14.96
32168,2023,16.33,17.9
32169,2023,9.58,17.91
32174,2023,6.25,15.49
32176,2023,5.39,16.63
32177,2023,12.18,14.87
32179,2023,1.63,16.32
32180,2022,24.09,23.95
32189,2023,20.73,24.87
32195,2023,19.66,18.2
32204,2023,2.45,12.6
32205,2023,8.65,14.74
32206,2023,-7.86,10.38
32207,2023,4.95,13.79
32208,2023,12.99,16.13
32209,2023,-0.92,16.28
32210,2023,5.76,13.23
32211,2023,4.22,13.44
32216,2023,5.35,14.52
32217,2023,7.85,14.53
32218,2023,3.61,12.78
32219,2023,1.08,15.67
32220,2023,-0.16,13.66
32221,2023,4.04,14.66
32222,2022,15.6,12.5
32223,2023,7.45,15.42
32224,2023,10.25,15.06
32225,2023,9.26,14.63
32226,2023,4.26,11.95
32233,2023,5.64,14.99
32234,2023,14.3,17.61
32244,2023,4.05,14.31
32246,2023,14.28,16.79
32250,2023,11.0,16.15
32254,2023,3.47,18.35
32256,2021,10.15,4.39
32257,2023,5.38,15.0
32258,2023,10.05,15.8
32259,2023,5.25,14.39
32266,2023,5.26,15.08
32277,2023,4.62,14.47
32301,2023,9.12,11.41
32303,2023,9.87,12.51
32304,2023,2.31,13.34
32305,2023,29.55,20.63
32308,2023,13.39,12.88
32309,2023,8.47,11.29
32310,2023,4.22,12.36
32311,2023,21.72,17.7
32312,2023,10.67,11.02
32317,2023,-9.17,7.1
32320,2023,5.0,12.33
32321,2021,6.6,6.82
32322,2023,-9.63,9.68
32327,2023,6.16,11.44
32328,2023,1.0,11.55
32333,2023,8.56,9.64
32340,2022,16.54,12.16
32344,2023,15.81,15.99
32346,2023,13.69,20.93
32347,2023,27.08,15.68
32348,2021,33.63,11.45
32351,2023,21.04,17.58
32352,2022,4.52,4.53
32358,2022,23.21,17.18
32401,2023,3.49,12.55
32404,2023,5.23,11.1
32405,2023,5.87,11.46
32407,2023,15.82,14.08
32408,2023,10.29,17.16
32409,2023,14.2,11.87
32413,2023,11.06,18.53
32424,2022,4.62,9.83
32425,2022,21.61,13.67
32428,2023,17.18,15.14
32431,2021,5.25,7.79
32433,2023,12.6,16.92
32435,2023,3.24,11.87
32439,2023,5.69,15.83
32440,2022,35.46,17.96
32442,2021,15.44,6.19
32444,2023,9.61,11.83
32446,2023,11.0,11.52
32448,2022,22.05,12.81
32456,2023,12.24,17.0
32459,2023,-0.47,15.95
32461,2021,20.9,20.35
32465,2022,9.97,13.96
32466,2022,35.65,14.07
32501,2023,9.46,15.84
32502,2023,9.95,16.4
32503,2023,5.02,12.48
32504,2023,6.11,14.12
32505,2023,7.79,20.43
32506,2023,14.86,17.14
32507,2023,10.71,17.04
32514,2023,2.17,12.54
32526,2023,5.48,15.25
32531,2022,29.64,17.42
32533,2023,3.62,13.95
32534,2023,9.76,13.23
32535,2022,8.07,18.4
32536,2023,12.71,17.22
32539,2023,8.48,15.88
32541,2023,4.95,11.98
32547,2023,-0.11,12.43
32548,2023,9.8,14.93
32550,2023,6.2,13.33
32561,2023,10.15,12.98
32563,2023,4.95,14.74
32564,2021,27.29,11.3
32565,2023,15.6,19.69
32566,2023,9.31,13.8
32567,2022,18.14,15.29
32568,2021,21.22,10.73
32569,2023,4.02,11.6
32570,2023,5.37,15.83
32571,2023,2.32,12.22
32577,2023,-3.92,14.04
32578,2023,4.86,10.33
32579,2023,-6.62,12.33
32580,2022,22.48,12.72
32583,2023,8.63,14.87
32601,2023,8.49,14.03
32603,2022,38.89,16.2
32605,2023,12.72,13.31
32606,2023,8.02,11.34
32607,2023,11.23,13.17
32608,2023,4.4,12.62
32609,2023,11.36,14.84
32615,2023,10.78,14.74
32617,2023,2.52,16.23
32618,2022,9.69,10.04
32625,2021,15.86,8.85
32626,2023,14.29,23.25
32640,2023,9.74,15.15
32641,2023,14.37,15.01
32643,2023,0.46,13.26
32653,2023,4.96,12.54
32656,2023,19.03,16.75
32666,2023,2.21,14.03
32667,2023,19.93,16.64
32668,2022,33.35,16.22
32669,2023,16.88,14.82
32686,2022,9.47,7.41
32693,2023,15.76,16.3
32696,2023,15.58,15.04
32701,2023,5.67,13.39
32703,2023,11.04,15.45
32707,2023,5.14,13.17
32708,2023,9.45,14.7
32709,2022,4.78,16.3
32712,2023,19.97,17.48
32713,2023,7.96,16.15
32714,2023,5.12,13.71
32720,2023,4.93,14.46
32724,2023,9.17,15.94
32725,2023,8.63,15.59
32726,2023,8.78,16.11
32730,2023,25.99,18.88
32732,2023,4.33,13.91
32735,2023,20.21,18.85
32736,2023,4.12,14.92
32738,2023,4.03,14.87
32744,2023,13.63,19.08
32746,2023,8.92,14.84
32750,2023,8.11,14.28
32751,2023,9.06,14.04
32754,2023,3.12,16.47
32757,2023,0.43,13.47
32759,2022,31.29,18.39
32763,2023,4.94,15.3
32764,2023,27.2,17.89
32765,2023,10.41,14.62
32766,2023,12.68,14.52
32767,2023,30.1,19.09
32771,2023,16.45,16.22
32773,2023,10.05,16.83
32776,2023,5.81,15.73
32778,2023,12.11,17.15
32779,2023,3.34,12.05
32780,2023,5.08,14.93
32784,2023,12.29,17.13
32789,2023,8.36,11.91
32792,2023,9.56,13.76
32796,2023,8.03,15.88
32801,2023,4.28,9.64
32803,2023,4.11,10.41
32804,2023,2.99,9.39
32805,2023,10.39,15.63
32806,2023,8.22,12.25
32807,2023,13.43,15.97
32808,2023,8.95,15.37
32809,2023,11.76,18.15
32810,2023,7.75,14.76
32811,2023,12.68,20.65
32812,2023,6.52,13.57
32817,2023,10.09,15.3
32818,2023,8.0,15.13
32819,2023,17.62,16.35
32820,2022,13.14,13.24
32821,2022,21.52,12.48
32822,2023,8.76,13.61
32824,2023,18.27,18.51
32825,2023,9.79,14.76
32826,2023,15.13,14.73
32827,2013,11.76,0.11
32828,2023,17.86,19.13
32829,2023,6.61,15.61
32832,2022,23.38,12.66
32833,2023,11.63,14.65
32835,2023,18.72,15.36
32836,2022,15.11,7.37
32837,2023,18.1,16.04
32839,2023,16.5,17.21
32901,2023,10.69,18.6
32903,2023,7.46,18.37
32904,2023,14.84,16.93
32905,2023,3.5,16.41
32907,2023,6.89,16.33
32908,2023,4.42,16.95
32909,2023,7.01,15.82
32920,2023,9.03,15.08
32922,2023,13.51,16.89
32926,2023,12.78,16.93
32927,2023,6.94,15.36
32931,2023,21.68,20.57
32934,2023,11.38,13.38
32935,2023,10.59,16.7
32937,2023,4.91,15.87
32940,2023,17.32,13.82
32948,2023,8.4,14.66
32949,2023,10.68,10.67
32950,2023,16.52,18.14
32951,2023,6.6,16.64
32952,2023,5.74,14.49
32953,2023,3.63,13.91
32955,2023,9.25,16.06
32958,2023,6.33,15.01
32960,2023,2.14,15.32
32962,2023,6.72,16.54
32963,2023,12.24,16.13
32966,2023,2.27,15.18
32967,2023,5.28,17.33
32968,2023,16.02,17.61
32976,2023,7.18,11.8
33004,2023,11.36,18.83
33009,2023,23.84,19.78
33010,2023,19.73,15.57
33012,2023,11.38,12.75
33013,2023,12.4,14.53
33014,2023,18.12,16.83
33015,2023,13.98,13.28
33016,2023,21.03,16.36
33018,2023,10.52,13.0
33019,2023,5.47,14.71
33020,2023,9.87,16.67
33021,2023,11.7,17.58
33023,2023,11.53,14.98
33024,2023,11.03,15.08
33025,2023,14.71,13.81
33026,2023,11.94,13.5
33027,2023,35.52,19.94
33028,2022,17.44,8.58
33029,2023,20.3,16.99
33030,2023,18.38,19.7
33031,2023,12.55,18.33
33032,2023,23.26,20.01
33033,2023,12.59,17.9
33034,2023,-2.22,16.28
33035,2022,25.04,6.58
33036,2022,29.19,16.39
33037,2023,6.14,16.51
33040,2023,9.16,13.52
33042,2023,7.57,16.9
33043,2023,15.88,18.32
33050,2023,16.56,17.29
33054,2023,17.74,17.44
33055,2023,16.22,15.41
33056,2023,15.86,18.02
33060,2023,14.53,16.67
33062,2023,16.5,19.55
33063,2023,6.8,14.45
33064,2023,14.3,18.11
33065,2023,6.9,14.37
33066,2023,13.67,14.26
33067,2023,12.35,17.74
33068,2023,10.27,14.26
33069,2023,14.77,18.48
33070,2023,6.54,15.58
33071,2023,10.07,15.91
33073,2023,10.16,15.52
33076,2023,5.78,14.92
33125,2023,10.37,13.57
33126,2023,23.41,17.67
33127,2023,8.97,20.22
33129,2022,23.8,14.1
33133,2023,16.99,16.26
33134,2023,17.03,15.69
33135,2023,16.27,18.88
33136,2021,4.76,19.0
33137,2023,-5.94,24.56
33138,2023,18.41,19.4
33139,2013,-8.11,8.08
33140,2021,1.95,2.34
33141,2023,24.57,15.1
33142,2023,12.98,15.64
33143,2023,21.57,16.37
33144,2023,14.52,15.73
33145,2023,16.29,16.62
33146,2023,19.54,15.11
33147,2023,19.33,18.12
33149,2013,21.41,16.56
33150,2023,12.79,21.27
33154,2022,34.07,15.85
33155,2023,16.96,16.72
33156,2023,26.41,22.74
33157,2023,15.25,17.63
33158,2023,18.67,18.36
33160,2022,38.48,16.68
33161,2023,12.03,17.09
33162,2023,18.83,18.98
33165,2023,16.78,16.25
33166,2023,15.11,14.63
33167,2023,17.1,16.51
33168,2023,19.51,16.09
33169,2023,17.75,18.43
33170,2023,17.57,17.65
33172,2022,23.85,10.81
33173,2023,18.02,16.17
33174,2023,10.49,13.28
33175,2023,11.75,14.59
33176,2023,16.31,16.97
33177,2023,13.78,16.35
33178,2021,8.13,6.25
33179,2023,9.73,17.14
33180,2022,44.43,17.59
33181,2023,19.61,21.1
33182,2023,9.6,13.63
33183,2023,7.18,13.46
33184,2023,17.89,14.56
33185,2023,17.4,16.59
33186,2023,11.99,15.54
33187,2023,19.49,16.81
33189,2023,11.85,15.94
33190,2022,13.5,13.36
33193,2023,5.37,12.39
33194,2023,15.12,15.98
33196,2023,10.99,15.63
33301,2023,10.43,11.74
33304,2023,8.48,15.0
33305,2023,14.56,19.1
33306,2023,9.27,13.25
33308,2023,6.04,15.67
33309,2023,7.96,14.59
33311,2023,11.21,17.89
33312,2023,11.91,16.78
33313,2023,18.65,16.26
33314,2023,16.77,16.98
33315,2023,9.62,15.82
33316,2023,19.61,13.57
33317,2023,7.55,14.7
33319,2023,9.66,14.79
33321,2023,8.15,14.88
33322,2023,9.15,12.75
33323,2023,8.96,14.5
33324,2023,10.28,14.69
33325,2023,10.65,15.04
33326,2022,18.44,9.22
33327,2022,23.72,11.93
33328,2023,9.5,15.24
33330,2023,15.88,15.8
33331,2023,14.54,14.88
33332,2023,3.59,15.77
33334,2023,6.69,15.19
33351,2023,12.7,14.36
33401,2023,16.34,19.15
33403,2023,10.35,15.72
33404,2023,13.91,17.53
33405,2023,20.1,22.78
33406,2023,17.19,17.47
33407,2023,8.49,18.98
33408,2023,16.83,17.41
33409,2023,13.27,13.72
33410,2023,13.61,17.42
33411,2023,4.67,14.65
33412,2023,12.72,18.39
33413,2023,16.11,16.2
33414,2023,13.06,17.5
33415,2023,12.0,14.61
33417,2023,13.71,14.38
33418,2023,22.99,18.17
33426,2023,17.85,19.92
33428,2023,19.32,16.94
33430,2023,2.51,15.17
33431,2023,4.12,13.77
33432,2023,20.95,20.79
33433,2023,6.04,13.79
33434,2023,14.43,13.96
33435,2023,17.01,20.55
33436,2023,10.17,13.54
33437,2022,34.4,18.97
33440,2023,20.73,16.77
33441,2023,20.84,18.25
33442,2023,9.86,15.39
33444,2023,11.09,17.97
33445,2023,11.8,17.6
33446,2021,27.01,10.47
33449,2021,20.26,9.93
33455,2023,17.79,19.87
33458,2023,14.01,17.39
33460,2023,12.24,19.87
33461,2023,8.92,16.05
33462,2023,9.83,16.75
33463,2023,13.09,15.4
33467,2023,7.35,13.96
33469,2023,11.42,17.98
33470,2023,8.0,17.05
33472,2022,8.83,10.29
33477,2021,31.19,19.13
33478,2023,12.34,17.19
33483,2022,33.06,14.03
33484,2023,18.8,15.91
33486,2023,8.87,16.37
33487,2023,8.31,16.05
33496,2022,10.72,25.92
33498,2021,1.95,7.12
33510,2023,8.61,17.79
33511,2023,6.73,16.17
33513,2023,16.18,23.2
33523,2023,8.38,15.45
33525,2023,11.86,17.67
33527,2023,5.88,14.2
33534,2023,18.0,22.88
33540,2023,19.5,21.41
33541,2023,-4.42,13.23
33542,2023,15.7,20.6
33543,2023,9.71,18.04
33544,2023,8.9,15.47
33545,2023,24.44,25.5
33547,2023,3.52,14.52
33548,2023,12.14,15.99
33549,2023,9.55,17.77
33556,2023,14.04,16.71
33558,2023,13.01,14.5
33559,2023,10.13,17.47
33563,2023,12.02,18.74
33565,2023,17.69,19.23
33566,2023,13.2,15.71
33567,2023,8.83,17.41
33569,2023,10.19,15.31
33570,2023,23.34,19.9
33572,2023,0.11,18.12
33573,2023,0.13,19.17
33576,2022,29.76,16.09
33578,2023,12.61,15.96
33579,2022,49.0,23.73
33584,2023,13.4,18.53
33592,2023,1.63,15.54
33594,2023,10.15,17.34
33596,2023,7.27,15.86
33597,2023,0.16,13.17
33598,2022,22.69,15.25
33602,2023,16.68,19.24
33603,2023,6.24,14.92
33604,2023,7.79,15.78
33605,2023,22.43,21.78
33606,2023,18.33,16.86
33607,2023,10.63,19.04
33609,2023,5.89,14.7
33610,2023,5.78,17.09
33611,2023,10.11,14.6
33612,2023,6.57,16.67
33613,2023,4.76,15.33
33614,2023,12.04,18.95
33615,2023,10.58,17.84
33616,2023,15.24,19.38
33617,2023,5.3,17.17
33618,2023,10.53,17.49
33619,2023,9.14,15.62
33624,2023,7.36,16.55
33625,2023,14.34,16.57
33626,2022,27.04,16.75
33629,2023,11.71,14.23
33634,2023,9.32,16.26
33635,2023,-0.04,16.97
33637,2023,23.6,21.55
33647,2023,-0.63,16.74
33701,2023,14.47,17.41
33702,2023,9.12,17.83
33703,2023,6.02,16.97
33704,2023,8.11,17.2
33705,2023,12.45,19.42
33706,2023,-0.38,15.77
33707,2023,3.46,17.6
33708,2023,6.31,16.87
33709,2023,11.61,17.62
33710,2023,6.95,17.07
33711,2023,1.38,19.32
33712,2023,18.59,20.71
33713,2023,11.88,18.57
33714,2023,15.83,19.49
33715,2021,15.55,10.72
33755,2023,6.4,17.28
33756,2023,10.15,18.04
33759,2023,9.88,17.78
33760,2023,7.06,17.78
33761,2023,13.15,16.96
33762,2023,8.97,16.22
33763,2023,13.4,16.79
33764,2023,12.79,17.4
33765,2023,3.33,15.25
33767,2022,11.05,10.48
33770,2023,11.43,18.12
33771,2023,11.23,16.44
33772,2023,11.92,16.96
33773,2023,11.66,17.82
33774,2023,11.41,16.14
33776,2023,10.79,16.32
33777,2023,13.68,17.05
33778,2023,3.75,13.2
33781,2023,10.39,18.03
33782,2023,9.82,17.34
33785,2023,-5.66,26.35
33786,2023,17.33,17.67
33801,2023,7.51,17.81
33803,2023,12.6,16.18
33805,2023,13.57,16.66
33809,2023,10.01,14.74
33810,2023,4.5,14.81
33811,2023,9.64,16.46
33812,2023,4.64,17.2
33813,2023,11.37,15.33
33815,2023,25.53,22.89
33823,2023,5.25,15.82
33825,2023,9.53,18.02
33827,2023,-10.41,12.89
33830,2023,13.24,17.63
33837,2023,5.28,13.73
33838,2023,4.91,16.41
33839,2022,22.17,13.98
33841,2022,30.85,18.62
33843,2023,17.55,18.43
33844,2023,13.31,17.46
33850,2023,-17.0,9.64
33852,2023,10.94,17.58
33853,2023,-3.14,16.09
33859,2023,19.3,21.41
33860,2023,2.55,14.96
33868,2023,11.26,16.41
33870,2023,20.76,19.62
33872,2023,10.15,16.0
33873,2023,-2.29,12.06
33875,2023,12.17,18.98
33876,2023,11.22,17.82
33880,2023,11.61,17.68
33881,2023,5.94,19.43
33884,2023,1.57,13.84
33896,2021,-10.34,-4.0
33897,2021,28.07,10.5
33898,2023,13.33,17.4
33901,2023,22.11,20.86
33903,2023,-0.44,16.91
33904,2023,3.64,18.79
33905,2023,18.89,19.5
33907,2023,7.75,17.19
33908,2023,4.95,15.2
33909,2023,5.62,18.43
33912,2022,30.24,16.82
33913,2023,9.99,18.76
33914,2023,3.4,18.68
33916,2023,22.75,23.33
33917,2023,9.37,16.86
33919,2023,8.85,16.62
33920,2023,18.83,16.36
33922,2023,-2.55,16.98
33928,2022,40.75,17.68
33931,2023,-11.32,15.98
33935,2023,6.77,17.59
33936,2023,10.95,22.23
33946,2022,32.79,14.94
33947,2022,32.13,17.12
33948,2023,5.96,18.8
33950,2023,8.5,20.25
33952,2023,8.15,20.05
33953,2023,-1.11,16.35
33954,2023,3.97,18.13
33955,2023,8.61,20.92
33956,2023,15.67,21.9
33957,2023,-6.31,11.15
33966,2023,9.0,17.12
33967,2023,5.48,16.42
33971,2023,7.36,19.62
33972,2023,12.93,20.97
33973,2022,55.05,25.53
33974,2023,10.71,18.42
33976,2023,7.03,18.01
33980,2023,5.15,16.63
33981,2023,6.79,18.9
33982,2023,4.41,16.7
33983,2023,5.14,18.89
33990,2023,5.4,18.26
33991,2023,4.16,19.12
33993,2023,8.26,19.02
34102,2021,29.59,12.36
34103,2023,13.3,22.45
34104,2023,11.12,20.72
34105,2023,2.65,19.84
34108,2023,11.97,24.92
34109,2021,1.49,8.47
34110,2023,9.67,18.77
34112,2023,20.56,19.4
34113,2023,-5.34,14.82
34114,2021,9.93,7.8
34116,2023,12.07,18.19
34117,2023,13.66,19.1
34119,2023,-0.6,14.3
34120,2023,6.97,16.96
34134,2023,12.85,22.91
34135,2023,11.65,20.09
34142,2022,26.09,14.94
34145,2023,16.62,22.6
34201,2013,11.98,0.05
34202,2022,43.2,18.01
34203,2023,7.78,17.53
34205,2023,10.16,18.57
34207,2023,8.87,18.74
34208,2023,8.76,18.16
34209,2023,11.73,19.02
34210,2023,17.2,25.52
34211,2023,-7.41,15.82
34212,2023,-1.28,16.48
34217,2022,27.24,18.4
34219,2023,-3.87,16.21
34221,2023,14.24,20.7
34222,2023,12.66,17.88
34223,2023,9.32,19.87
34224,2023,8.57,18.46
34228,2021,25.1,10.28
34229,2022,49.47,22.7
34231,2023,12.07,19.24
34232,2023,8.57,17.17
34233,2023,2.38,17.15
34234,2023,8.04,18.69
34235,2023,17.28,16.85
34236,2022,31.2,17.03
34237,2023,14.34,19.07
34238,2022,26.89,14.71
34239,2023,20.24,22.78
34240,2023,26.46,23.77
34241,2023,13.19,18.12
34242,2023,12.28,23.93
34243,2023,0.14,15.16
34251,2023,12.36,17.56
34266,2023,-1.22,17.68
34269,2023,-8.2,7.33
34275,2023,4.61,17.44
34285,2023,0.02,15.8
34286,2023,2.16,18.89
34287,2023,5.29,18.04
34288,2023,2.22,17.34
34291,2023,6.14,17.82
34292,2022,34.16,16.04
34293,2023,4.04,17.9
34420,2023,9.29,18.6
34428,2023,10.48,18.66
34429,2023,5.06,20.13
34431,2023,11.25,20.99
34432,2023,4.89,18.99
34433,2023,6.12,17.11
34434,2023,3.94,15.78
34436,2023,-3.65,16.4
34442,2023,12.38,14.86
34446,2023,29.32,21.19
34448,2023,18.1,20.56
34449,2022,37.49,19.2
34450,2023,11.81,17.84
34452,2023,3.35,14.64
34453,2023,2.41,17.0
34461,2023,9.63,16.19
34465,2023,10.35,19.98
34470,2023,2.84,15.47
34471,2023,7.35,16.34
34472,2023,8.92,17.51
34473,2023,1.56,15.64
34474,2023,13.4,18.48
34475,2023,18.95,16.31
34476,2023,15.15,17.36
34479,2023,13.1,18.56
34480,2023,5.28,15.15
34481,2023,14.75,19.07
34482,2023,2.12,18.97
34484,2022,21.44,11.96
34488,2023,9.91,11.61
34491,2023,8.7,17.29
34498,2022,32.72,14.34
34601,2023,14.37,19.58
34602,2023,21.11,20.94
34604,2023,7.61,18.22
34606,2023,7.73,20.0
34607,2023,8.7,18.57
34608,2023,7.45,19.22
34609,2023,8.73,18.97
34610,2023,18.55,21.44
34613,2023,4.59,18.01
34614,2023,9.86,17.6
34638,2023,17.57,18.78
34639,2023,6.11,18.36
34652,2023,10.85,22.54
34653,2023,8.67,20.64
34654,2023,9.16,19.48
34655,2023,6.3,18.62
34667,2023,6.1,19.97
34668,2023,11.17,21.47
34669,2023,9.34,20.42
34677,2023,5.04,15.76
34683,2023,9.81,15.87
34684,2023,10.83,16.12
34685,2023,12.79,14.93
34688,2023,11.71,16.29
34689,2023,5.8,16.95
34690,2023,3.21,19.66
34691,2023,9.36,21.08
34695,2023,12.18,16.96
34698,2023,10.82,17.42
34705,2023,7.12,10.13
34711,2023,10.19,15.98
34714,2022,30.4,16.05
34715,2023,7.45,15.78
34731,2023,5.59,14.26
34734,2022,34.39,14.16
34736,2023,12.1,16.28
34737,2023,11.48,15.29
34741,2023,10.77,13.7
34743,2023,11.06,16.68
34744,2023,8.4,13.92
34746,2023,12.7,16.32
34747,2023,3.14,17.35
34748,2023,9.99,18.26
34753,2023,-2.78,11.98
34756,2023,-3.07,9.81
34758,2023,-6.99,16.96
34759,2022,66.13,30.36
34760,2021,-1.7,6.05
34761,2023,12.12,13.66
34769,2023,5.5,13.9
34771,2023,7.64,16.87
34772,2023,0.72,12.65
34785,2023,-5.77,13.6
34786,2023,4.88,14.14
34787,2023,14.97,18.24
34788,2023,2.51,14.98
34797,2021,15.93,8.55
34945,2023,22.04,17.74
34946,2022,1.28,11.23
34947,2023,-5.03,19.76
34949,2023,4.19,17.73
34950,2023,20.18,27.4
34951,2023,13.9,20.8
34952,2023,7.93,18.14
34953,2023,7.96,17.72
34956,2023,2.21,16.13
34957,2023,9.77,16.52
34972,2023,3.92,13.75
34974,2023,5.96,15.69
34981,2023,13.31,19.68
34982,2023,9.12,17.24
34983,2023,5.79,16.97
34984,2023,3.2,16.04
34986,2023,5.09,15.69
34987,2023,5.68,17.42
34990,2023,16.52,17.97
34994,2023,8.66,18.25
34996,2023,9.68,15.96
34997,2023,9.66,17.73
35004,2023,-2.7,9.22
35005,2023,9.6,15.23
35006,2022,5.12,4.4
35007,2023,6.59,12.16
35010,2023,8.77,10.34
35014,2022,13.03,9.91
35016,2023,5.96,13.51
35019,2021,-0.95,10.41
35020,2023,-6.02,4.42
35022,2023,7.89,9.02
35023,2023,5.7,10.68
35031,2023,-11.5,6.78
35033,2022,11.72,5.33
35040,2023,6.34,11.26
35042,2022,7.99,5.78
35043,2023,14.4,12.5
35044,2023,1.63,13.25
35045,2023,9.02,12.24
35046,2023,23.16,15.3
35049,2022,25.06,12.16
35051,2023,7.54,11.55
35053,2023,12.59,12.42
35054,2023,23.82,13.14
35055,2023,5.26,11.44
35057,2023,2.11,10.47
35058,2023,-3.47,10.52
35062,2023,13.44,11.69
35063,2022,3.58,4.26
35064,2023,-0.75,5.01
35068,2023,13.38,11.91
35071,2023,1.68,9.76
35073,2021,8.16,13.66
35077,2023,2.21,12.83
35078,2022,6.61,6.97
35079,2023,4.68,9.62
35080,2023,5.79,12.09
35083,2022,22.8,15.65
35085,2023,4.44,9.69
35087,2022,-6.53,7.8
35091,2023,8.71,11.82
35094,2023,4.73,10.16
35096,2023,-2.75,6.86
35097,2022,17.1,15.02
35098,2021,10.19,1.15
35111,2023,9.14,9.7
35114,2023,-7.09,8.97
35115,2023,5.1,10.86
35116,2023,15.01,13.92
35117,2023,2.09,10.41
35118,2023,4.94,6.61
35120,2023,3.5,9.62
35121,2023,0.77,9.44
35124,2023,10.2,12.38
35125,2023,3.4,9.01
35126,2023,5.76,11.2
35127,2023,11.68,12.83
35128,2023,6.71,10.51
35130,2022,4.99,18.32
35131,2022,21.17,8.63
35133,2023,4.55,12.4
35135,2023,6.16,9.27
35143,2023,13.94,16.12
35146,2023,1.85,11.25
35147,2022,12.86,8.73
35148,2022,0.04,6.44
35150,2023,13.29,12.05
35151,2023,3.56,11.1
35160,2023,12.49,13.21
35171,2023,16.6,16.03
35172,2022,12.28,11.21
35173,2023,3.35,9.45
35175,2023,11.85,16.02
35178,2023,8.6,13.85
35179,2023,6.14,13.31
35180,2023,-1.0,10.07
35184,2023,21.26,11.86
35186,2023,1.65,12.2
35188,2023,1.13,9.64
35205,2023,4.77,7.88
35206,2023,4.23,11.09
35207,2023,33.43,3.94
35208,2023,-5.52,12.13
35209,2023,5.34,8.56
35210,2023,5.52,11.61
35211,2023,7.97,8.4
35212,2023,6.7,9.26
35213,2023,10.27,9.51
35214,2023,15.84,12.36
35215,2023,4.93,11.09
35216,2023,7.77,9.69
35217,2023,-3.25,8.35
35222,2023,3.22,9.07
35223,2023,6.15,10.12
35224,2023,11.84,6.04
35226,2023,6.16,9.64
35228,2023,6.22,4.29
35235,2023,10.1,12.56
35242,2023,10.0,11.26
35243,2023,10.69,10.13
35244,2023,4.15,11.34
35401,2023,3.05,7.35
35404,2023,4.98,8.43
35405,2023,-2.58,6.06
35406,2023,6.73,8.16
35444,2022,21.02,8.91
35452,2023,15.29,11.31
35453,2023,12.34,8.99
35456,2022,9.38,7.74
35463,2022,7.32,9.02
35466,2023,-3.57,12.24
35470,2021,5.53,5.86
35473,2023,2.35,7.66
35474,2022,16.22,8.1
35475,2023,12.29,10.72
35476,2023,5.92,8.8
35480,2022,8.91,8.57
35490,2023,-3.61,7.32
35501,2023,2.76,10.24
35503,2023,1.59,10.2
35504,2023,16.21,10.01
35541,2023,7.68,15.72
35550,2022,47.67,16.28
35553,2022,40.48,17.63
35555,2023,1.3,10.1
35563,2022,18.78,9.87
35565,2023,19.39,11.18
35570,2023,4.32,6.88
35572,2021,0.74,2.71
35578,2022,37.48,17.46
35580,2022,0.16,3.55
35581,2021,22.71,10.47
35592,2022,-5.52,-2.41
35594,2023,13.44,11.12
35601,2023,4.83,14.5
35603,2023,6.97,13.74
35610,2022,3.02,6.39
35611,2023,9.74,14.72
35613,2023,4.53,13.52
35614,2023,-1.04,12.41
35616,2022,28.34,8.36
35619,2023,-4.91,11.15
35620,2023,17.64,15.26
35621,2023,20.43,18.94
35622,2023,5.13,11.08
35630,2023,11.56,14.36
35633,2023,8.06,12.63
35634,2023,7.13,12.58
35640,2023,4.02,12.7
35643,2021,22.11,11.0
35645,2023,9.73,12.35
35646,2023,24.56,16.14
35647,2021,-4.55,8.54
35648,2023,5.77,12.24
35650,2023,9.28,14.85
35652,2023,9.85,13.8
35653,2023,-1.55,10.44
35654,2023,13.62,9.73
35660,2023,27.71,21.14
35661,2023,4.69,12.07
35670,2023,18.15,14.67
35671,2021,14.21,9.01
35672,2023,8.74,12.78
35673,2023,12.75,15.45
35674,2023,14.29,13.92
35739,2023,2.87,13.57
35740,2023,24.53,21.07
35741,2023,-3.27,13.07
35747,2023,11.7,16.17
35748,2023,-11.11,13.0
35749,2023,0.9,13.37
35750,2023,6.39,13.29
35754,2023,32.81,16.15
35756,2023,3.37,13.79
35757,2023,2.95,12.56
35758,2023,5.26,13.44
35759,2023,8.67,15.33
35760,2023,-14.52,12.2
35761,2023,9.71,15.51
35763,2023,6.9,13.25
35765,2022,23.86,13.81
35768,2023,3.7,12.92
35769,2023,8.8,13.08
35771,2023,11.59,11.33
35773,2023,9.19,16.59
35776,2023,6.75,13.89
35801,2023,4.95,11.27
35802,2023,7.75,12.76
35803,2023,4.82,13.72
35805,2023,2.57,15.19
35806,2023,6.32,12.68
35810,2023,11.55,17.83
35811,2023,3.94,13.89
35816,2023,15.82,21.97
35824,2023,1.9,15.49
35901,2023,1.7,9.0
35903,2023,14.74,14.22
35904,2023,9.37,12.54
35905,2023,-4.68,10.9
35906,2023,1.41,8.95
35907,2023,6.33,11.71
35950,2023,7.32,12.99
35951,2023,8.42,14.71
35952,2023,-18.75,3.59
35953,2023,19.22,14.18
35954,2023,13.51,13.59
35956,2023,20.41,15.65
35957,2023,7.02,12.54
35958,2022,15.62,7.84
35959,2023,-1.26,10.47
35960,2023,-2.41,10.73
35961,2022,13.08,8.37
35962,2023,-4.56,14.23
35966,2021,43.85,17.75
35967,2023,9.01,14.47
35968,2022,30.61,18.53
35971,2023,17.52,18.58
35973,2021,9.13,-1.2
35976,2023,7.94,13.04
35978,2022,55.12,21.92
35980,2022,23.47,9.93
35983,2022,19.29,9.75
35984,2021,9.84,8.51
35986,2023,7.15,9.61
35987,2021,17.06,6.06
35989,2022,33.18,17.43
36020,2021,19.04,3.97
36022,2023,14.75,12.21
36024,2023,2.05,12.16
36025,2022,18.2,8.55
36026,2022,16.45,8.87
36027,2023,6.78,10.32
36037,2023,18.6,11.67
36043,2022,10.62,7.3
36049,2022,12.4,2.41
36051,2021,8.41,1.22
36052,2022,3.49,6.18
36054,2023,9.3,10.39
36064,2023,-8.81,2.87
36066,2023,10.41,9.45
36067,2023,8.07,11.58
36078,2023,6.58,12.37
36079,2023,-0.22,7.19
36080,2023,7.99,12.22
36081,2023,15.72,9.41
36083,2022,40.45,15.42
36091,2022,7.77,8.52
36092,2023,5.12,10.51
36093,2023,9.37,10.39
36104,2023,-1.9,5.08
36105,2023,-4.21,3.25
36106,2023,1.2,7.64
36107,2023,16.68,10.81
36108,2022,19.87,10.65
36109,2023,4.83,9.14
36110,2023,13.33,10.43
36111,2023,4.16,6.58
36116,2023,10.2,9.96
36117,2023,8.63,10.38
36201,2023,29.99,13.01
36203,2023,9.78,10.47
36206,2023,-5.35,9.3
36207,2023,3.69,10.22
36250,2023,11.15,9.85
36251,2022,43.86,14.97
36260,2023,-12.6,10.75
36264,2023,8.03,10.14
36265,2023,6.3,10.38
36266,2023,6.23,10.39
36268,2023,9.33,8.56
36271,2023,33.54,18.41
36272,2023,22.95,17.16
36273,2022,27.93,16.19
36274,2023,22.43,14.55
36277,2023,21.68,16.23
36278,2023,11.5,13.4
36279,2021,11.29,5.61
36280,2022,2.67,4.99
36301,2023,12.66,10.47
36303,2023,4.04,8.54
36305,2023,16.91,13.84
36310,2023,2.35,8.31
36312,2023,-6.85,7.96
36320,2022,57.0,16.08
36322,2022,20.89,8.22
36323,2022,15.6,7.69
36330,2023,7.41,10.33
36340,2022,1.2,2.87
36344,2022,8.87,6.63
36345,2023,13.47,12.42
36350,2023,11.32,12.26
36351,2021,10.91,4.61
36352,2022,10.39,6.84
36360,2023,6.91,9.4
36375,2023,19.53,11.96
36420,2023,0.37,7.58
36421,2023,4.64,9.82
36426,2023,16.53,11.25
36445,2021,3.06,6.39
36451,2022,-9.28,-1.32
36460,2023,4.54,7.9
36467,2023,14.81,17.64
36502,2023,5.21,8.01
36505,2022,6.42,15.26
36507,2023,7.04,13.36
36521,2023,-8.28,7.83
36522,2022,17.36,12.63
36523,2022,31.0,16.58
36525,2021,15.57,4.73
36526,2023,21.7,15.48
36527,2023,11.11,13.11
36528,2023,10.12,18.91
36530,2023,15.21,14.37
36532,2023,8.5,12.19
36535,2023,11.57,15.52
36541,2023,13.01,13.37
36542,2023,15.93,18.71
36544,2023,19.45,15.69
36545,2023,0.71,3.63
36549,2023,0.32,10.84
36551,2023,9.56,15.09
36561,2023,14.5,16.46
36567,2023,13.16,14.53
36571,2023,10.43,13.37
36572,2023,3.23,9.57
36574,2021,12.52,9.4
36575,2023,7.47,11.07
36576,2023,12.41,8.84
36578,2023,2.17,9.19
36579,2021,2.14,6.63
36580,2023,6.25,14.65
36582,2023,15.64,15.26
36587,2023,46.85,22.73
36604,2023,8.04,11.71
36605,2023,30.9,16.33
36606,2023,8.69,11.04
36607,2023,8.3,12.02
36608,2023,0.83,8.62
36609,2023,-0.56,10.05
36611,2023,38.61,8.09
36613,2023,16.05,17.05
36617,2017,-10.31,-1.94
36618,2023,36.35,22.22
36619,2023,11.31,12.6
36693,2023,7.43,13.07
36695,2023,4.48,11.45
36701,2023,4.27,7.05
36703,2023,10.61,6.59
36726,2022,1.27,3.04
36732,2023,-4.55,4.23
36742,2021,5.45,2.04
36744,2021,3.39,0.49
36748,2022,9.05,8.2
36750,2022,34.57,16.5
36784,2022,25.49,12.13
36801,2023,9.04,11.52
36804,2023,24.54,16.1
36830,2023,8.15,10.15
36832,2023,2.16,7.74
36853,2023,9.07,13.08
36854,2023,22.15,17.14
36861,2023,17.62,16.84
36862,2022,9.18,7.54
36863,2023,8.21,8.74
36866,2022,-1.5,5.86
36867,2023,6.39,11.27
36869,2023,7.73,11.97
36870,2023,6.35,11.24
36874,2023,19.04,15.46
36875,2022,11.52,5.82
36877,2023,-1.1,8.23
36879,2021,10.47,4.56
36904,2021,3.48,-0.68
37010,2023,14.79,15.9
37012,2023,5.12,13.29
37013,2023,3.78,14.09
37014,2022,45.13,16.07
37015,2023,14.93,16.34
37018,2023,14.67,14.65
37020,2023,4.55,15.5
37022,2023,-4.71,11.13
37025,2023,2.36,14.4
37026,2022,20.4,14.19
37027,2023,6.42,14.7
37029,2023,2.51,13.69
37030,2023,15.7,18.67
37031,2023,4.14,15.03
37032,2023,1.5,11.55
37033,2023,-3.76,12.27
37034,2023,8.61,16.69
37035,2023,2.3,12.81
37036,2023,4.88,16.95
37037,2023,15.32,16.17
37040,2023,4.07,14.96
37042,2023,2.14,15.68
37043,2023,5.45,13.76
37046,2023,7.42,17.34
37047,2022,27.2,16.22
37048,2023,0.29,14.69
37049,2023,4.07,12.6
37051,2022,28.43,15.31
37052,2022,41.01,19.64
37055,2023,8.48,13.66
37058,2023,3.02,12.08
37060,2023,12.51,16.39
37061,2022,15.39,11.53
37062,2023,8.86,15.95
37064,2023,9.13,17.44
37066,2023,4.81,14.52
37067,2023,3.57,13.75
37069,2023,7.63,14.56
37072,2023,6.05,14.35
37073,2023,3.57,13.61
37074,2023,12.86,17.33
37075,2023,4.37,14.1
37076,2023,2.81,13.4
37080,2023,6.09,14.15
37082,2023,1.95,13.75
37083,2023,3.42,14.53
37085,2023,7.38,12.45
37086,2023,4.15,14.78
37087,2023,2.6,14.19
37090,2023,7.21,13.53
37091,2023,9.61,16.76
37098,2023,-0.61,15.93
37101,2023,-3.74,15.34
37110,2023,6.04,16.94
37115,2023,3.01,13.76
37118,2022,23.29,15.97
37122,2023,6.86,14.48
37127,2023,6.45,15.34
37128,2023,3.87,15.74
37129,2023,4.64,14.33
37130,2023,4.61,14.37
37134,2022,32.84,18.89
37135,2023,8.94,16.17
37138,2023,6.18,14.0
37141,2021,5.13,5.94
37142,2023,19.1,14.66
37143,2023,12.6,13.73
37144,2022,17.09,12.22
37145,2023,16.5,14.99
37146,2023,4.27,13.24
37148,2023,4.89,14.94
37149,2023,13.69,13.27
37150,2023,37.34,24.67
37153,2023,12.67,16.54
37160,2023,11.01,16.62
37166,2023,4.85,14.91
37167,2023,6.24,14.91
37172,2023,5.16,14.99
37174,2023,8.0,17.58
37179,2023,6.53,16.6
37180,2023,6.93,16.24
37183,2023,13.13,12.45
37184,2023,0.97,14.54
37185,2023,26.93,22.74
37186,2023,23.02,19.18
37187,2023,4.72,13.29
37188,2023,7.79,13.74
37189,2023,19.02,20.03
37190,2023,4.69,15.87
37191,2023,24.11,23.48
37203,2023,16.95,18.02
37204,2023,21.27,15.28
37205,2023,0.32,12.63
37206,2023,7.05,13.82
37207,2023,4.0,11.61
37208,2023,10.16,15.67
37209,2023,1.33,11.58
37210,2023,2.67,11.68
37211,2023,1.65,12.21
37212,2023,8.75,13.74
37214,2023,6.67,13.41
37215,2023,-2.25,10.45
37216,2023,2.52,12.88
37217,2023,4.12,14.08
37218,2023,11.21,15.87
37220,2023,7.34,13.88
37221,2023,10.71,14.93
37302,2023,6.08,13.11
37303,2023,14.07,15.48
37306,2022,32.93,19.75
37307,2023,7.93,13.65
37308,2023,20.71,17.62
37309,2022,18.51,7.79
37310,2023,9.17,16.43
37311,2023,6.41,12.77
37312,2023,9.68,14.45
37317,2022,27.06,16.35
37318,2022,25.89,16.29
37321,2023,11.96,16.18
37322,2023,13.11,16.48
37323,2023,12.45,16.08
37324,2023,4.16,18.28
37325,2022,15.93,9.6
37327,2023,6.96,14.66
37329,2022,30.08,16.99
37330,2023,6.24,15.44
37331,2023,1.07,13.63
37332,2023,24.89,18.44
37334,2023,11.86,15.5
37335,2022,23.89,16.4
37336,2023,20.04,16.7
37341,2023,13.25,15.84
37342,2022,31.83,15.94
37343,2023,11.06,15.69
37345,2022,19.52,17.78
37347,2023,17.16,18.35
37350,2023,47.12,26.39
37352,2022,42.25,19.5
37353,2023,10.79,15.64
37354,2023,10.92,17.78
37355,2023,14.62,17.3
37356,2022,22.58,14.36
37357,2023,15.36,16.6
37360,2021,21.43,9.55
37362,2023,29.92,16.74
37363,2023,7.79,13.78
37367,2023,18.42,14.7
37370,2023,17.77,17.38
37373,2023,4.87,13.92
37375,2023,28.16,20.31
37377,2023,14.47,15.25
37379,2023,11.52,15.2
37380,2023,5.7,15.53
37381,2023,16.65,18.93
37385,2023,7.26,15.57
37388,2023,11.94,17.76
37397,2023,11.61,15.12
37398,2023,12.84,18.16
37403,2021,-2.79,2.57
37404,2023,12.2,16.39
37405,2023,7.26,12.39
37406,2023,14.82,18.78
37407,2023,26.91,19.11
37408,2023,-0.07,12.74
37409,2023,11.62,16.96
37411,2023,6.69,14.55
37412,2023,8.67,14.98
37415,2023,8.29,15.49
37416,2023,17.75,17.25
37419,2023,18.82,18.13
37421,2023,7.92,15.02
37601,2023,16.61,16.84
37604,2023,14.64,15.91
37615,2023,14.2,17.76
37616,2023,6.95,16.55
37617,2023,4.42,13.22
37618,2023,11.52,17.46
37620,2023,13.56,17.41
37640,2022,27.39,17.63
37641,2023,14.56,13.6
37642,2023,8.14,15.17
37643,2023,20.43,18.67
37645,2023,4.22,16.74
37650,2023,15.29,13.86
37656,2022,8.97,10.25
37658,2022,32.88,16.23
37659,2023,13.35,15.87
37660,2023,5.64,13.18
37663,2023,15.81,16.25
37664,2023,8.15,15.29
37665,2023,-18.66,12.35
37681,2023,-0.64,12.67
37683,2022,35.13,15.49
37686,2023,20.67,17.92
37687,2023,42.52,24.24
37690,2023,13.21,17.36
37692,2022,30.69,15.92
37701,2023,28.73,19.65
37705,2023,5.84,13.71
37708,2023,12.03,16.37
37709,2023,12.52,16.23
37711,2023,17.23,13.68
37714,2022,28.95,16.61
37716,2023,18.51,18.09
37721,2023,19.18,17.84
37722,2023,19.24,15.92
37725,2023,8.9,16.78
37737,2023,-2.43,13.35
37738,2023,10.24,22.77
37742,2023,18.04,21.26
37743,2023,13.33,17.52
37745,2023,8.39,16.25
37748,2023,-1.38,16.94
37752,2021,9.88,6.16
37754,2023,14.26,14.22
37757,2023,6.5,17.62
37760,2023,10.62,16.2
37763,2023,12.85,15.0
37764,2023,13.26,17.21
37766,2023,5.37,13.59
37769,2023,25.98,23.21
37771,2023,9.33,15.9
37772,2023,20.01,21.34
37774,2023,9.86,18.22
37777,2023,10.48,15.49
37801,2023,12.45,16.65
37803,2023,11.87,16.56
37804,2023,8.89,16.74
37806,2022,12.17,9.79
37807,2023,19.89,20.1
37811,2021,6.94,7.56
37813,2023,7.01,13.15
37814,2023,11.66,15.8
37818,2021,28.42,14.42
37820,2023,25.86,19.08
37821,2023,8.18,15.76
37825,2023,24.16,15.68
37826,2023,4.6,14.36
37828,2023,30.44,19.55
37830,2023,11.06,18.24
37840,2023,27.36,20.94
37841,2023,11.68,16.58
37843,2021,31.99,11.52
37846,2022,35.06,19.97
37849,2023,12.87,17.5
37853,2023,-3.93,16.61
37854,2023,25.66,20.21
37857,2023,12.08,16.2
37860,2023,8.12,15.32
37861,2023,13.25,16.19
37862,2023,5.81,18.69
37863,2023,-13.11,18.7
37865,2023,12.6,17.34
37866,2022,25.05,15.41
37870,2023,8.62,18.7
37871,2023,10.5,17.18
37874,2023,7.42,15.77
37876,2023,4.31,18.53
37877,2023,3.29,15.46
37879,2023,10.18,16.16
37880,2023,10.68,14.31
37882,2023,8.22,22.01
37885,2022,36.09,14.6
37886,2023,7.46,14.73
37887,2023,9.49,14.91
37890,2023,14.92,17.85
37891,2022,21.67,13.61
37909,2023,11.45,18.61
37912,2023,13.6,17.85
37914,2023,7.81,15.73
37917,2023,11.2,17.11
37918,2023,12.19,17.09
37919,2023,10.44,16.23
37920,2023,17.74,18.36
37921,2023,14.55,19.48
37922,2023,10.61,16.72
37923,2023,18.58,18.1
37924,2023,13.82,16.4
37931,2023,10.09,15.6
37932,2023,7.78,15.29
37934,2023,14.44,18.17
37938,2023,8.03,14.92
38002,2023,2.37,12.07
38004,2023,8.82,12.55
38006,2021,4.27,7.72
38008,2022,22.42,12.67
38011,2023,7.92,13.33
38012,2023,11.74,13.66
38015,2022,3.76,8.86
38016,2023,2.35,12.58
38017,2023,6.67,11.28
38018,2023,6.01,13.66
38019,2023,12.87,15.68
38023,2022,29.62,13.78
38024,2023,13.06,13.24
38028,2023,10.58,11.76
38040,2022,17.21,13.42
38049,2022,21.96,11.58
38052,2023,-13.34,5.82
38053,2023,3.55,14.25
38057,2022,35.0,14.89
38058,2023,1.21,11.14
38059,2023,6.38,10.13
38060,2023,6.21,13.29
38063,2023,13.49,15.51
38066,2023,18.96,13.45
38068,2023,13.26,13.53
38076,2021,-0.28,-0.72
38103,2021,8.37,4.71
38104,2023,-3.0,6.92
38106,2017,3.98,3.87
38107,2023,2.83,9.55
38108,2022,12.0,0.62
38109,2023,15.6,19.36
38111,2023,-0.05,8.62
38112,2023,-2.1,7.9
38114,2023,12.87,8.88
38115,2023,7.11,15.03
38116,2023,13.95,14.42
38117,2023,-0.47,8.58
38118,2023,12.78,17.16
38119,2023,2.39,10.96
38120,2023,3.11,8.67
38122,2023,-1.0,9.28
38125,2023,7.47,13.68
38127,2023,22.32,19.4
38128,2023,9.62,13.85
38133,2023,7.18,12.94
38134,2023,6.25,13.34
38135,2023,2.91,12.39
38138,2023,4.69,9.67
38139,2023,7.29,10.41
38141,2023,18.14,16.52
38201,2023,22.89,16.46
38221,2022,33.4,16.3
38222,2022,16.63,9.73
38225,2023,10.85,16.22
38229,2022,20.89,15.05
38233,2021,38.57,14.93
38237,2023,14.26,14.26
38242,2023,9.28,12.93
38251,2022,15.44,11.61
38256,2023,-1.63,17.8
38257,2022,16.03,12.79
38260,2023,35.34,15.87
38261,2023,2.57,10.66
38301,2023,4.87,16.09
38305,2023,6.75,14.84
38310,2023,28.5,17.53
38313,2023,11.65,14.68
38315,2022,34.77,17.92
38320,2023,34.8,20.25
38326,2023,9.42,15.82
38329,2023,25.94,21.64
38330,2022,5.91,7.85
38340,2023,13.29,16.96
38343,2023,15.08,18.09
38344,2023,-3.32,10.41
38345,2022,57.69,18.96
38351,2023,14.37,14.28
38355,2023,8.54,15.78
38356,2023,-4.85,21.23
38357,2022,14.34,9.02
38358,2023,16.0,16.71
38363,2023,7.8,15.83
38366,2021,12.75,5.07
38367,2021,9.99,9.4
38372,2023,5.97,11.94
38375,2023,5.11,12.33
38382,2023,7.53,15.71
38401,2023,5.11,16.61
38449,2023,-6.91,11.26
38451,2023,4.33,14.58
38456,2022,54.47,20.45
38461,2022,31.12,18.51
38462,2023,19.44,18.85
38464,2023,4.89,12.62
38468,2023,-0.48,15.61
38469,2022,19.74,12.22
38472,2022,28.78,16.6
38474,2023,34.49,22.04
38476,2022,42.06,19.81
38477,2022,25.28,16.32
38478,2023,4.69,14.21
38482,2022,33.72,18.35
38483,2023,8.61,12.27
38485,2022,15.18,11.89
38488,2022,18.24,13.79
38501,2023,5.48,15.05
38506,2023,5.87,15.41
38544,2023,19.02,15.46
38547,2023,1.61,12.61
38549,2023,6.6,13.62
38553,2022,6.8,13.39
38555,2023,14.9,17.7
38556,2023,8.14,16.34
38558,2022,17.45,14.08
38560,2022,68.13,28.57
38562,2023,-4.18,16.61
38563,2022,6.91,11.03
38567,2021,7.61,7.07
38570,2023,18.84,16.75
38571,2023,6.07,16.41
38572,2023,26.22,19.9
38573,2022,6.76,7.41
38574,2022,16.73,11.62
38580,2022,20.28,15.7
38581,2023,8.71,26.62
38582,2022,28.45,12.33
38583,2023,4.66,14.87
38601,2021,4.64,3.21
38606,2023,18.32,14.57
38611,2023,7.34,11.79
38614,2022,3.24,2.58
38618,2023,17.91,12.63
38620,2021,2.85,3.17
38632,2023,3.28,11.27
38635,2023,3.57,12.18
38637,2023,14.75,16.6
38641,2023,24.66,15.34
38651,2023,3.96,11.63
38652,2023,1.92,11.61
38654,2023,9.2,13.03
38655,2023,13.73,11.44
38659,2021,12.97,9.0
38663,2022,19.19,8.64
38666,2021,18.48,2.78
38668,2023,8.74,12.79
38671,2023,13.61,15.36
38672,2023,5.27,13.49
38680,2023,4.85,11.56
38701,2023,1.22,9.82
38703,2019,-24.93,3.38
38732,2023,3.48,4.4
38751,2023,12.5,2.18
38756,2023,0.78,6.98
38801,2023,0.88,8.38
38804,2023,3.13,8.67
38821,2023,-0.73,6.01
38824,2023,0.8,9.91
38826,2023,11.94,9.56
38827,2021,2.45,2.71
38828,2023,4.02,6.97
38829,2023,6.21,6.3
38834,2023,8.4,12.0
38843,2023,9.2,9.96
38849,2023,1.02,9.21
38851,2022,40.35,16.51
38852,2023,1.15,7.85
38855,2023,13.6,8.42
38857,2023,-1.18,9.62
38858,2022,-4.53,6.37
38863,2023,7.65,11.7
38865,2023,43.83,19.2
38866,2023,4.59,7.23
38868,2022,10.86,5.96
38871,2021,15.52,4.18
38901,2023,0.74,7.85
38916,2021,-4.66,0.67
38930,2023,8.12,5.31
38965,2023,10.51,15.14
38967,2022,1.27,8.75
39041,2021,8.83,7.56
39042,2023,0.36,7.89
39044,2022,28.98,11.96
39046,2023,3.54,10.49
39047,2023,7.04,9.54
39051,2023,5.28,0.82
39056,2023,7.63,9.22
39059,2023,25.52,15.03
39066,2022,21.46,6.31
39071,2023,7.85,7.97
39073,2023,0.06,8.48
39074,2022,21.04,8.54
39083,2022,45.39,16.08
39090,2023,-2.13,2.12
39110,2023,12.06,10.78
39111,2022,4.81,5.52
39114,2023,38.36,19.07
39117,2022,11.06,5.66
39120,2023,-4.01,5.61
39145,2023,1.28,9.14
39154,2023,24.03,12.42
39157,2023,9.87,10.71
39170,2023,7.26,10.5
39175,2021,11.09,8.23
39180,2023,-1.46,5.23
39183,2023,2.84,8.29
39191,2022,8.14,4.6
39194,2022,9.25,5.89
39202,2023,-6.27,2.88
39204,2023,-11.12,11.7
39206,2023,0.28,6.24
39208,2023,6.62,9.46
39209,2023,3.83,1.28
39211,2023,-0.11,5.8
39212,2023,0.73,6.85
39213,2023,-1.47,1.71
39216,2023,3.11,5.32
39218,2023,11.82,9.29
39232,2022,18.5,8.15
39272,2023,-1.09,7.25
39301,2023,12.07,8.47
39305,2023,3.21,5.62
39307,2023,11.7,11.42
39320,2021,4.46,2.71
39325,2023,1.86,5.14
39330,2022,-1.27,-0.81
39335,2021,-1.25,3.15
39339,2022,1.01,1.79
39350,2023,56.44,22.63
39355,2021,3.74,4.0
39365,2021,7.15,0.86
39367,2022,-2.52,1.66
39401,2023,2.38,9.44
39402,2023,3.4,9.74
39426,2023,14.15,11.68
39428,2021,2.95,5.26
39429,2023,14.51,9.79
39437,2023,2.6,8.42
39440,2023,6.44,15.01
39443,2023,5.26,9.82
39452,2023,7.23,9.41
39455,2023,16.74,14.66
39459,2021,-4.37,1.57
39465,2023,7.46,9.57
39466,2023,2.04,9.73
39470,2023,13.76,10.63
39475,2023,9.03,8.43
39476,2022,-1.93,0.66
39479,2022,16.55,9.23
39482,2023,7.28,8.72
39483,2022,10.72,1.81
39501,2023,21.31,15.45
39503,2023,3.78,10.66
39507,2023,5.13,11.84
39520,2023,14.64,12.8
39525,2022,18.75,12.64
39530,2023,22.01,14.86
39531,2023,8.49,8.84
39532,2023,0.57,10.01
39540,2023,-3.67,9.28
39553,2023,9.58,10.87
39556,2022,13.31,9.51
39560,2023,12.76,11.56
39562,2023,9.0,8.74
39563,2022,1.46,8.79
39564,2023,9.05,12.02
39565,2023,3.46,9.02
39567,2023,4.41,9.62
39571,2023,3.91,11.49
39573,2023,-4.08,10.3
39574,2023,-2.73,7.87
39576,2023,14.37,12.94
39577,2023,1.98,8.01
39581,2022,19.19,10.58
39601,2023,6.29,6.97
39629,2022,27.16,10.52
39648,2023,1.76,4.08
39652,2021,-5.21,0.3
39654,2022,4.14,5.76
39666,2023,11.44,7.63
39667,2023,6.36,8.96
39701,2023,-6.09,5.18
39702,2023,0.92,8.35
39705,2023,-6.1,5.31
39730,2022,10.71,11.08
39740,2023,5.4,7.53
39746,2021,-0.34,1.06
39759,2023,8.07,9.79
39766,2022,21.8,8.79
39773,2022,10.35,10.96
39817,2022,13.55,11.86
39819,2023,24.81,14.69
39823,2022,-1.04,3.11
39827,2022,19.87,12.13
39828,2023,6.87,11.11
39834,2021,25.06,5.22
39837,2021,9.18,4.67
39842,2023,11.42,9.54
39845,2023,10.23,13.89
39897,2021,0.1,3.63
40003,2022,17.96,10.34
40004,2023,6.24,11.49
40006,2022,10.28,7.07
40008,2023,5.64,7.81
40010,2022,13.69,5.39
40011,2023,0.62,12.68
40013,2023,13.99,12.72
40014,2023,10.97,10.79
40019,2023,-4.27,8.82
40022,2021,10.44,3.41
40023,2023,13.83,11.72
40026,2023,9.36,10.19
40031,2023,10.86,11.17
40033,2023,1.6,8.07
40037,2023,6.33,12.03
40045,2021,5.84,8.54
40046,2022,25.58,14.29
40047,2023,4.8,9.79
40051,2022,24.29,13.22
40055,2023,8.69,9.05
40056,2023,17.48,10.99
40057,2023,22.47,13.34
40059,2023,3.86,8.22
40060,2021,5.28,13.0
40065,2023,6.94,11.29
40067,2023,12.99,10.9
40068,2023,6.59,10.13
40069,2023,-25.59,2.01
40071,2023,5.97,10.73
40076,2023,5.25,9.74
40077,2021,7.17,4.61
40078,2022,22.18,16.23
40107,2023,29.32,14.6
40108,2023,0.21,10.15
40109,2022,7.25,8.33
40117,2022,5.77,9.07
40118,2023,16.92,13.58
40119,2022,14.77,10.36
40143,2021,30.05,11.45
40150,2023,22.61,15.08
40160,2023,-0.81,11.45
40162,2023,0.93,10.79
40165,2023,9.38,11.44
40175,2023,8.05,11.42
40203,2023,6.13,10.3
40204,2023,11.91,9.82
40205,2023,3.53,6.3
40206,2023,8.43,9.11
40207,2023,3.81,6.91
40208,2023,1.83,8.0
40210,2023,24.77,7.96
40211,2023,11.63,12.94
40212,2023,-12.04,9.77
40213,2023,3.94,8.86
40214,2023,7.52,10.28
40215,2023,4.2,10.67
40216,2023,6.53,9.93
40217,2023,2.02,7.25
40218,2023,4.94,10.07
40219,2023,5.63,10.54
40220,2023,9.51,10.12
40222,2023,6.57,8.68
40223,2023,7.68,9.6
40228,2023,11.48,11.27
40229,2023,8.17,11.09
40241,2023,4.99,9.37
40242,2023,8.62,10.4
40243,2023,13.37,11.47
40245,2023,14.37,11.98
40258,2023,7.66,10.3
40272,2023,13.36,12.02
40291,2023,4.5,9.26
40299,2023,5.13,9.4
40311,2022,34.88,14.58
40312,2022,25.97,13.0
40324,2023,3.05,10.11
40330,2023,11.02,11.92
40336,2023,-19.74,4.61
40337,2022,45.88,17.16
40342,2023,6.77,11.69
40347,2023,9.07,9.64
40351,2023,4.66,9.58
40353,2023,11.46,13.01
40356,2023,10.06,12.41
40359,2023,-10.34,9.52
40360,2023,-4.0,16.3
40361,2023,7.3,12.21
40370,2022,21.19,11.44
40372,2023,18.53,18.55
40379,2023,11.89,11.31
40380,2023,14.36,16.23
40383,2023,16.68,13.26
40385,2022,13.32,7.4
40390,2023,16.5,15.01
40391,2023,9.29,12.12
40403,2023,5.35,10.88
40422,2023,9.04,12.38
40437,2023,12.81,13.32
40440,2021,27.62,10.59
40444,2023,6.34,11.86
40456,2022,31.15,13.55
40461,2021,9.0,4.72
40468,2021,14.15,10.49
40475,2023,6.45,11.5
40484,2023,17.63,13.59
40489,2022,14.78,10.93
40502,2023,7.04,10.03
40503,2023,13.14,11.87
40504,2023,12.83,12.32
40505,2023,15.91,14.57
40508,2023,26.66,14.77
40509,2023,8.04,11.74
40510,2021,9.95,2.99
40511,2023,15.0,13.77
40513,2023,15.84,11.67
40514,2023,12.06,12.34
40515,2023,10.58,13.31
40516,2023,18.93,11.49
40517,2023,16.0,13.87
40601,2023,7.2,10.57
40701,2023,11.1,13.13
40729,2023,26.7,13.15
40740,2021,13.07,0.81
40741,2023,-6.49,9.18
40744,2023,4.09,11.11
40769,2022,31.34,15.59
40831,2021,15.25,2.3
40906,2022,-13.42,3.92
40962,2021,21.31,9.81
40965,2022,10.44,6.69
41001,2023,6.26,11.1
41002,2013,-1.6,-3.92
41004,2022,9.0,6.84
41005,2023,7.04,10.2
41006,2022,6.54,7.66
41007,2023,15.08,14.24
41008,2023,13.79,9.46
41010,2022,21.87,16.33
41011,2023,8.08,11.29
41014,2023,18.39,16.54
41015,2023,7.62,11.61
41016,2023,12.97,15.44
41017,2023,6.9,9.6
41018,2023,9.46,12.29
41030,2023,0.97,9.8
41031,2023,4.12,9.82
41033,2022,26.09,13.85
41035,2023,7.81,11.02
41040,2023,10.31,12.97
41041,2022,30.21,14.52
41042,2023,10.78,12.46
41043,2021,21.04,6.24
41048,2023,9.85,13.02
41051,2023,6.95,10.35
41056,2023,9.06,9.23
41059,2023,-5.85,4.09
41063,2022,18.55,10.16
41071,2023,8.47,12.42
41073,2023,-1.92,8.46
41074,2023,18.51,17.98
41075,2023,9.11,10.21
41076,2023,-2.26,8.56
41080,2022,13.5,8.63
41086,2023,-11.28,8.25
41091,2023,6.47,10.89
41092,2022,16.01,8.63
41094,2023,8.44,11.87
41095,2021,10.27,4.57
41097,2023,22.87,14.31
41101,2023,5.63,6.15
41102,2023,10.94,6.98
41129,2023,8.92,10.17
41139,2023,13.49,10.06
41143,2022,12.69,7.43
41144,2021,10.03,7.7
41164,2022,30.8,7.78
41168,2021,-8.05,-6.59
41169,2023,9.97,8.39
41175,2022,13.05,8.61
41183,2015,-0.62,4.04
41230,2022,4.93,3.7
41240,2022,10.11,5.23
41256,2021,9.58,4.32
41472,2022,4.59,7.63
41501,2023,-1.6,3.25
41514,2020,0.76,-5.14
41603,2021,4.01,-1.29
41653,2023,23.18,11.62
41701,2022,6.25,2.97
42001,2023,9.11,10.68
42003,2023,6.31,11.22
42020,2023,-14.93,6.17
42025,2023,3.4,9.86
42027,2023,17.15,14.44
42029,2023,12.45,12.1
42036,2021,-4.19,3.98
42038,2023,4.61,9.86
42039,2016,12.39,1.66
42041,2021,26.98,12.42
42044,2023,6.04,15.34
42045,2022,4.59,10.47
42048,2023,-14.49,13.25
42049,2021,1.07,-9.44
42051,2022,-2.59,8.29
42053,2023,16.84,12.91
42054,2022,8.99,9.49
42055,2021,1.33,3.65
42056,2022,22.53,2.23
42058,2022,1.17,8.84
42064,2023,19.01,12.9
42066,2023,8.32,10.41
42071,2023,9.85,11.09
42081,2021,2.99,4.27
42082,2022,35.88,16.63
42086,2023,13.0,12.2
42087,2021,-0.88,0.8
42088,2022,19.26,1.96
42101,2023,9.4,12.2
42103,2023,8.02,11.5
42104,2023,7.96,11.27
42122,2023,8.97,12.29
42123,2021,22.35,11.28
42127,2023,20.32,16.33
42129,2022,20.87,10.29
42134,2023,9.19,13.37
42141,2023,5.36,12.64
42159,2022,12.26,9.68
42160,2023,25.44,13.79
42164,2023,17.69,16.09
42166,2022,31.64,13.57
42167,2023,20.14,15.37
42170,2022,16.81,5.31
42171,2023,8.83,14.78
42206,2023,19.12,16.63
42211,2023,6.5,12.6
42217,2021,3.49,6.46
42240,2023,6.13,10.53
42256,2023,5.22,18.07
42261,2023,12.86,14.24
42262,2022,19.02,17.03
42274,2023,18.2,17.53
42276,2023,18.34,15.85
42301,2023,3.15,8.71
42303,2023,6.76,10.77
42320,2023,7.35,9.78
42327,2022,4.9,4.05
42330,2022,12.18,7.7
42345,2022,14.96,7.69
42347,2022,34.09,17.27
42348,2021,7.18,8.17
42351,2023,5.57,10.71
42355,2023,9.07,12.68
42366,2023,20.05,14.06
42376,2023,14.72,12.53
42378,2022,18.96,10.04
42406,2022,15.97,11.43
42408,2022,33.87,13.31
42413,2023,20.25,13.46
42420,2023,9.02,9.76
42431,2023,11.23,10.51
42436,2022,12.79,8.18
42437,2022,23.43,11.4
42442,2021,-2.13,0.93
42445,2023,8.27,13.84
42452,2021,9.48,5.9
42455,2022,18.08,9.89
42456,2021,7.78,3.84
42458,2021,13.61,5.02
42459,2022,14.07,8.16
42462,2013,6.25,-0.83
42501,2023,7.77,10.46
42503,2023,8.55,13.22
42518,2022,21.67,12.79
42519,2021,14.41,7.46
42539,2022,-7.25,-1.4
42544,2022,25.63,14.81
42553,2023,20.71,16.34
42567,2021,18.8,9.87
42602,2021,19.17,8.91
42629,2022,5.62,7.02
42633,2023,18.4,14.33
42642,2023,11.11,13.77
42701,2023,12.64,13.95
42717,2022,26.21,14.9
42718,2023,9.72,14.8
42724,2023,8.82,9.72
42726,2022,-1.77,3.32
42728,2023,5.65,12.23
42740,2021,21.24,8.45
42743,2022,32.84,17.2
42748,2023,15.24,19.61
42749,2022,14.66,11.25
42754,2023,6.42,10.72
42765,2021,18.71,6.17
42776,2021,15.2,12.94
43001,2023,1.86,10.17
43003,2023,14.64,10.95
43004,2023,3.54,12.27
43008,2023,8.82,19.99
43009,2022,8.79,10.66
43011,2023,7.44,13.04
43013,2021,9.85,6.53
43014,2022,14.85,12.27
43015,2023,8.15,12.52
43016,2023,5.93,10.91
43017,2023,10.19,13.35
43019,2023,14.29,14.12
43021,2023,11.85,14.96
43022,2022,16.62,10.41
43023,2023,18.25,14.32
43025,2023,20.79,13.48
43026,2023,7.58,12.7
43028,2023,10.48,13.05
43031,2023,14.18,14.9
43035,2023,10.01,11.89
43040,2023,7.78,12.06
43044,2023,6.13,13.49
43045,2023,8.85,9.88
43046,2023,-1.1,13.84
43050,2023,17.89,14.37
43054,2023,28.85,13.97
43055,2023,9.69,13.33
43056,2023,13.99,14.05
43060,2023,6.64,9.84
43061,2023,9.93,13.2
43062,2023,9.9,12.69
43064,2023,13.07,12.04
43065,2023,10.27,12.89
43066,2022,17.79,7.74
43067,2023,-15.37,6.19
43068,2023,8.13,13.68
43071,2022,5.36,8.66
43072,2023,8.04,12.46
43074,2023,5.56,10.76
43076,2023,13.62,15.46
43078,2023,2.27,9.98
43080,2023,11.29,12.72
43081,2023,8.47,12.39
43082,2023,10.95,12.7
43084,2022,-3.94,2.12
43085,2023,7.5,11.03
43102,2023,10.78,15.95
43103,2023,1.41,10.31
43105,2023,11.03,12.65
43106,2021,20.51,14.78
43107,2023,13.87,12.72
43110,2023,7.13,13.81
43112,2023,15.11,14.18
43113,2023,10.6,12.16
43116,2021,9.75,9.73
43119,2023,9.0,13.03
43123,2023,8.68,12.64
43125,2023,8.29,12.27
43128,2021,7.17,8.75
43130,2023,8.57,12.5
43135,2023,12.48,16.56
43137,2022,24.46,11.97
43138,2023,18.65,14.72
43140,2023,2.51,9.96
43143,2023,8.03,12.73
43145,2023,28.14,21.68
43146,2023,9.26,12.86
43147,2023,6.23,12.85
43148,2023,9.78,14.69
43149,2023,12.42,15.48
43150,2023,7.53,12.95
43154,2023,14.53,13.25
43155,2022,20.28,12.76
43160,2023,4.93,11.41
43162,2023,6.71,13.58
43164,2023,5.35,8.4
43201,2023,4.17,6.78
43202,2023,4.76,8.78
43203,2023,5.45,11.97
43204,2023,12.38,12.58
43205,2023,6.43,8.5
43206,2023,3.63,8.14
43207,2023,8.71,11.42
43209,2023,6.64,9.89
43211,2023,8.64,14.77
43212,2023,2.4,6.45
43213,2023,9.07,14.82
43214,2023,5.62,8.87
43215,2023,2.44,10.43
43219,2023,18.1,17.38
43220,2023,10.54,10.9
43221,2023,7.91,10.7
43222,2023,-16.81,10.04
43223,2023,9.45,13.45
43224,2023,9.04,13.82
43227,2023,16.81,16.41
43228,2023,8.0,12.86
43229,2023,10.88,13.82
43230,2023,9.93,12.64
43231,2023,8.14,12.28
43232,2023,14.87,15.67
43235,2023,9.55,11.71
43240,2021,13.77,7.96
43302,2023,12.59,13.4
43310,2023,23.29,16.98
43311,2023,12.95,12.37
43314,2023,18.41,15.16
43315,2023,2.82,9.91
43316,2023,9.87,12.67
43318,2023,24.55,11.53
43319,2021,10.27,4.03
43320,2021,14.0,7.72
43324,2023,-10.0,7.39
43326,2023,23.05,15.27
43331,2023,10.99,16.74
43332,2021,43.56,26.38
43333,2021,28.48,-0.57
43334,2023,0.05,9.97
43337,2022,-9.82,4.98
43338,2023,14.38,11.53
43340,2021,7.29,0.96
43341,2021,7.28,2.26
43342,2023,-3.42,12.42
43343,2022,33.56,15.1
43344,2023,3.48,10.25
43345,2017,13.85,11.01
43347,2021,15.39,8.92
43348,2023,12.49,16.91
43351,2023,2.75,8.11
43356,2023,-7.64,9.78
43357,2023,12.24,12.85
43358,2023,-4.46,8.64
43360,2023,20.45,15.07
43402,2023,6.11,8.98
43406,2023,30.62,18.09
43410,2023,6.45,10.5
43412,2023,6.51,9.34
43413,2022,11.62,9.98
43416,2023,-1.55,6.18
43420,2023,3.58,8.68
43430,2023,7.18,10.0
43431,2023,6.24,7.67
43432,2022,9.71,6.65
43435,2023,4.73,7.31
43438,2022,14.92,11.36
43440,2023,15.8,11.02
43442,2021,19.15,12.22
43443,2023,8.54,12.29
43445,2023,-17.86,2.16
43447,2023,3.67,6.71
43449,2023,12.6,10.82
43450,2023,0.65,10.1
43451,2022,8.55,5.22
43452,2023,13.09,12.38
43456,2022,39.46,14.86
43457,2023,17.67,5.78
43460,2023,9.68,11.1
43462,2021,7.91,5.84
43464,2021,-9.31,1.14
43465,2023,8.43,9.65
43466,2022,7.07,6.53
43469,2023,1.62,7.91
43501,2022,45.98,16.34
43502,2023,8.54,10.38
43504,2021,9.26,3.9
43506,2023,7.34,10.0
43511,2021,26.68,-7.29
43512,2023,13.2,10.91
43515,2023,5.34,9.62
43516,2022,10.2,5.73
43517,2023,26.33,13.41
43518,2023,-4.76,4.54
43521,2023,26.33,15.0
43522,2023,-6.84,8.24
43524,2021,-4.92,6.16
43525,2023,14.65,10.57
43526,2023,3.6,11.34
43527,2022,-0.92,5.6
43528,2023,5.96,9.86
43532,2023,-2.17,7.46
43533,2022,12.12,7.96
43534,2022,-7.68,3.05
43535,2021,20.83,12.83
43537,2023,8.63,10.07
43540,2023,2.12,11.25
43542,2023,16.0,12.75
43543,2023,3.78,10.24
43545,2023,11.37,9.91
43548,2018,17.48,12.34
43549,2023,-0.28,11.74
43551,2023,8.71,9.91
43554,2023,4.39,11.66
43556,2023,1.16,8.76
43557,2023,13.86,11.15
43558,2023,10.72,9.74
43560,2023,13.29,11.34
43566,2023,0.9,8.6
43567,2023,8.9,10.19
43569,2023,-3.57,4.58
43570,2023,2.67,7.14
43571,2023,12.32,11.55
43605,2023,9.25,16.18
43606,2023,7.95,10.19
43607,2023,-9.98,9.65
43608,2023,26.59,2.56
43609,2023,19.37,13.82
43610,2022,0.7,8.86
43611,2023,13.5,11.14
43612,2023,5.3,12.37
43613,2023,6.32,9.75
43614,2023,7.65,9.86
43615,2023,6.02,11.25
43616,2023,11.43,11.39
43617,2023,6.14,8.89
43619,2023,0.59,8.42
43620,2023,-1.47,6.66
43623,2023,6.14,9.94
43701,2023,9.08,12.43
43713,2021,7.92,3.04
43718,2022,16.16,9.74
43723,2023,17.61,16.27
43724,2021,6.48,5.35
43725,2023,2.76,9.47
43727,2022,22.57,14.27
43731,2022,28.53,13.35
43734,2021,17.09,8.6
43739,2021,11.5,8.07
43746,2022,13.83,11.17
43749,2022,1.42,10.15
43756,2021,26.64,14.24
43760,2021,4.14,0.29
43762,2023,-0.62,7.55
43764,2023,24.44,15.27
43767,2022,40.97,20.21
43771,2022,2.69,9.66
43777,2023,16.56,5.72
43780,2021,22.99,10.69
43783,2023,4.0,11.06
43812,2023,15.45,14.03
43821,2023,0.51,14.56
43822,2022,28.13,15.68
43830,2023,18.02,14.38
43832,2023,-2.02,8.75
43837,2022,-10.92,5.21
43840,2021,-9.13,8.29
43844,2022,12.43,8.13
43845,2023,-9.35,9.36
43906,2022,31.92,13.48
43907,2021,-1.53,2.25
43910,2023,20.26,9.82
43912,2023,2.75,3.76
43920,2023,1.1,8.07
43935,2023,7.71,10.06
43938,2022,19.48,9.46
43943,2021,15.15,8.33
43944,2021,0.12,7.0
43945,2022,64.76,27.47
43947,2021,0.69,1.86
43950,2023,-1.81,3.96
43952,2023,5.01,9.85
43953,2023,1.68,9.23
43964,2023,2.16,8.16
43968,2022,11.73,6.69
43976,2021,7.41,-1.38
43977,2021,11.33,3.01
43986,2017,4.47,7.13
43988,2022,-20.11,5.26
44001,2023,6.51,11.42
44003,2021,-4.64,2.51
44004,2023,7.12,12.13
44010,2023,13.52,13.4
44011,2023,4.71,10.0
44012,2023,9.88,11.29
44017,2023,9.23,9.99
44021,2023,-7.32,6.35
44022,2023,9.29,10.5
44023,2023,11.25,11.4
44024,2023,5.96,8.98
44026,2023,6.99,9.42
44028,2023,2.13,9.92
44030,2023,0.92,6.94
44032,2016,0.8,5.27
44035,2023,11.41,11.38
44039,2023,7.02,9.79
44040,2023,6.27,9.04
44041,2023,3.24,9.0
44044,2023,16.97,11.24
44046,2022,16.51,11.76
44047,2023,1.69,8.54
44048,2021,8.81,2.34
44050,2023,12.24,13.24
44052,2023,10.97,13.99
44053,2023,8.49,11.76
44054,2023,4.11,10.68
44055,2023,16.55,15.35
44056,2023,1.19,8.33
44057,2023,9.32,10.7
44060,2023,3.46,8.46
44062,2023,-4.26,3.92
44064,2023,19.7,11.56
44065,2023,9.75,10.08
44067,2023,9.47,9.5
44070,2023,10.27,11.82
44072,2023,10.47,9.24
44074,2023,0.91,8.98
44076,2023,-0.37,10.94
44077,2023,10.29,9.47
44081,2023,3.45,9.26
44084,2023,4.3,5.4
44085,2023,34.09,15.07
44086,2023,12.28,13.04
44087,2023,7.96,10.72
44089,2023,13.55,14.2
44090,2023,14.71,11.62
44092,2023,6.91,8.84
44093,2019,8.88,-0.89
44094,2023,7.31,8.61
44095,2023,5.47,8.82
44099,2021,13.62,5.43
44102,2023,10.93,9.98
44103,2022,6.43,9.12
44105,2023,9.04,12.23
44106,2023,5.04,9.61
44107,2023,9.87,11.34
44108,2023,53.0,24.19
44109,2023,7.07,11.75
44110,2023,31.06,13.38
44111,2023,5.42,11.44
44112,2023,7.34,9.31
44113,2023,6.7,8.9
44116,2023,8.56,10.7
44117,2023,0.36,9.83
44118,2023,10.7,13.0
44119,2023,-1.73,11.88
44120,2023,4.94,10.02
44121,2023,7.0,11.84
44122,2023,16.21,12.46
44123,2023,10.26,13.02
44124,2023,4.89,9.58
44125,2023,0.27,10.2
44126,2023,5.26,9.93
44128,2023,13.17,13.44
44129,2023,7.91,11.77
44130,2023,7.02,10.99
44131,2023,11.35,11.05
44132,2023,4.45,10.46
44133,2023,0.25,8.4
44134,2023,5.17,11.18
44135,2023,5.66,10.98
44136,2023,10.63,11.18
44137,2023,16.74,15.32
44138,2023,6.4,11.52
44139,2023,5.78,10.08
44140,2023,10.44,10.98
44141,2023,6.26,9.24
44142,2023,7.4,9.76
44143,2023,8.83,9.25
44144,2023,5.47,11.3
44145,2023,8.19,10.67
44146,2023,12.43,12.27
44147,2023,-0.5,6.55
44149,2023,11.23,11.41
44201,2023,1.66,8.79
44202,2023,10.69,11.02
44203,2023,4.71,10.5
44212,2023,6.64,10.99
44214,2023,26.68,11.12
44215,2023,-3.59,6.96
44216,2023,16.01,11.84
44217,2023,14.49,11.29
44221,2023,12.1,10.98
44223,2023,9.12,10.41
44224,2023,6.89,9.92
44230,2023,9.91,10.65
44231,2023,-2.67,9.76
44233,2023,11.17,11.75
44234,2023,-7.33,7.71
44235,2023,12.75,10.95
44236,2023,4.13,9.55
44240,2023,6.01,9.4
44241,2023,14.57,10.71
44250,2023,1.0,2.62
44251,2023,1.55,8.58
44253,2023,8.28,10.63
44254,2023,-4.08,6.12
44255,2023,13.19,9.95
44256,2023,7.26,10.67
44260,2023,10.58,9.3
44262,2023,8.06,9.65
44264,2023,-4.09,10.79
44266,2023,4.69,9.19
44270,2023,10.01,11.6
44272,2023,7.0,10.08
44273,2023,-2.98,8.38
44275,2023,7.83,11.17
44276,2023,8.2,11.07
44278,2023,4.05,11.06
44280,2023,3.87,9.1
44281,2023,2.62,10.19
44286,2023,11.56,10.16
44287,2023,-2.88,7.87
44288,2023,22.8,16.52
44301,2023,6.1,10.57
44302,2023,11.22,10.87
44303,2023,5.71,10.27
44305,2023,11.78,13.01
44306,2023,1.65,12.22
44307,2023,33.34,25.22
44310,2023,6.36,12.31
44311,2023,-2.37,21.31
44312,2023,5.12,9.72
44313,2023,6.48,8.91
44314,2023,6.07,12.92
44319,2023,4.04,10.22
44320,2023,9.87,12.71
44321,2023,7.39,10.92
44333,2023,3.08,9.16
44401,2023,-4.4,11.72
44402,2023,17.86,12.76
44403,2023,27.26,17.8
44404,2021,-2.28,1.17
44405,2023,13.04,16.35
44406,2023,8.69,11.23
44408,2023,12.01,12.04
44410,2023,6.98,10.25
44411,2023,19.95,13.61
44412,2023,17.57,11.98
44413,2023,8.36,7.69
44417,2022,-2.86,1.38
44418,2021,8.58,3.33
44420,2023,12.82,13.61
44423,2022,9.04,9.67
44425,2023,4.51,9.91
44427,2021,13.64,1.74
44428,2022,12.87,12.29
44429,2023,-8.15,7.33
44430,2022,22.4,8.53
44431,2023,2.1,7.99
44432,2023,23.31,12.5
44436,2023,-8.24,7.75
44437,2023,18.76,11.82
44438,2022,-20.71,1.87
44440,2023,13.53,12.65
44441,2021,9.03,-1.3
44442,2023,6.8,8.91
44443,2021,11.74,4.69
44444,2023,9.11,12.09
44445,2023,6.42,10.69
44446,2023,12.45,12.89
44449,2022,-3.51,11.57
44450,2022,45.02,16.26
44451,2023,7.74,10.56
44452,2023,19.79,14.41
44454,2022,-15.37,2.42
44460,2023,2.02,9.03
44470,2022,4.96,7.68
44471,2023,4.82,12.79
44473,2023,12.85,15.32
44481,2023,4.77,9.69
44483,2023,18.03,15.35
44484,2023,14.61,13.27
44485,2023,-3.22,14.62
44491,2021,14.78,4.14
44502,2018,-6.56,-4.27
44504,2023,30.77,20.31
44505,2023,3.57,11.35
44509,2023,4.68,13.2
44511,2023,3.25,13.6
44512,2023,15.36,13.58
44514,2023,11.07,11.98
44515,2023,7.1,11.83
44601,2023,6.53,10.97
44606,2023,8.69,10.73
44608,2021,22.81,12.03
44609,2023,22.52,10.51
44611,2021,21.5,17.63
44612,2023,13.54,12.5
44613,2023,12.07,8.98
44614,2023,13.12,10.57
44615,2023,4.01,8.31
44618,2023,-1.58,10.24
44620,2023,36.57,17.9
44621,2023,11.71,11.49
44622,2023,7.51,9.31
44624,2021,29.23,8.23
44625,2022,-6.17,0.61
44626,2023,4.62,10.94
44627,2022,11.15,11.75
44629,2022,9.06,1.44
44632,2023,5.27,8.65
44634,2023,9.21,6.82
44637,2021,44.72,19.05
44641,2023,8.12,9.54
44643,2023,2.44,8.78
44644,2023,-9.86,6.95
44645,2023,9.66,11.94
44646,2023,7.15,10.54
44647,2023,9.94,11.72
44654,2023,27.58,15.25
44656,2021,5.95,8.89
44657,2023,10.32,10.0
44662,2023,8.99,9.75
44663,2023,2.28,9.18
44666,2023,13.26,12.05
44667,2023,10.46,11.22
44669,2022,6.04,11.33
44672,2023,5.57,8.66
44675,2023,29.74,14.04
44676,2023,23.16,12.71
44677,2023,20.6,14.33
44680,2023,-5.97,8.76
44681,2022,13.35,7.44
44683,2023,-0.83,11.57
44685,2023,12.2,11.72
44688,2022,3.29,12.26
44691,2023,7.84,11.32
44695,2018,6.91,10.26
44703,2023,12.14,11.23
44705,2023,7.55,11.12
44706,2023,2.73,9.23
44707,2023,2.78,11.54
44708,2023,9.15,10.65
44709,2023,8.41,10.36
44710,2023,4.1,10.43
44714,2023,11.65,12.32
44718,2023,3.11,10.24
44720,2023,6.99,10.53
44721,2023,8.2,10.48
44730,2023,9.31,11.01
44802,2021,-0.01,3.14
44804,2023,5.19,6.8
44805,2023,6.35,10.49
44807,2022,16.19,14.43
44811,2023,15.0,12.11
44813,2023,18.15,15.05
44814,2023,26.51,14.16
44815,2021,-1.08,12.3
44817,2022,0.89,5.25
44818,2022,18.91,7.85
44820,2023,10.5,13.35
44822,2022,12.53,6.19
44824,2023,-1.02,4.83
44826,2023,-15.66,-1.59
44827,2023,23.94,14.77
44830,2023,8.9,9.78
44833,2023,7.23,12.39
44836,2023,-11.88,6.68
44837,2023,17.68,15.34
44839,2023,5.06,10.42
44840,2023,2.58,9.65
44841,2017,21.6,5.79
44842,2023,10.62,11.98
44843,2022,17.79,12.54
44846,2023,0.8,8.34
44847,2023,3.28,7.94
44851,2023,4.13,8.23
44853,2022,20.1,10.11
44854,2021,26.35,10.08
44855,2022,32.98,14.12
44857,2023,10.11,10.56
44859,2022,3.12,9.76
44864,2023,4.25,11.12
44865,2023,4.41,13.11
44866,2022,9.53,11.01
44867,2022,-8.81,3.66
44870,2023,13.99,12.51
44875,2023,13.03,11.64
44878,2022,19.05,13.86
44880,2023,26.58,10.36
44882,2021,8.9,5.07
44883,2023,6.9,10.08
44889,2023,21.85,12.87
44890,2023,1.48,8.1
44902,2014,-0.16,-8.32
44903,2023,11.2,12.49
44904,2023,5.99,12.42
44905,2023,17.58,15.25
44906,2023,15.78,14.73
44907,2023,20.11,14.74
45002,2023,7.47,11.23
45003,2021,9.68,-5.79
45005,2023,8.29,12.1
45011,2023,9.65,12.91
45013,2023,8.95,12.04
45014,2023,6.63,12.85
45015,2023,19.2,15.92
45030,2023,9.27,12.82
45034,2021,9.99,7.13
45036,2023,9.42,12.43
45039,2023,11.57,12.75
45040,2023,14.61,14.11
45042,2023,9.97,12.63
45044,2023,11.29,12.29
45050,2023,16.55,12.79
45052,2023,5.79,10.18
45053,2023,5.79,12.44
45054,2023,17.14,15.21
45056,2023,9.18,10.78
45064,2023,21.89,15.07
45065,2022,21.21,12.73
45066,2023,3.29,11.04
45067,2023,10.24,12.26
45068,2023,7.52,10.25
45069,2023,9.71,13.4
45101,2014,-16.06,2.18
45102,2023,8.63,12.74
45103,2023,12.16,12.44
45106,2023,-10.54,7.02
45107,2023,9.33,11.23
45113,2023,-0.1,11.41
45118,2023,3.21,14.21
45120,2022,12.94,9.18
45121,2023,28.72,18.05
45122,2023,10.46,14.11
45123,2023,32.61,16.67
45130,2023,11.12,9.49
45133,2023,2.43,11.17
45135,2023,18.58,16.7
45140,2023,9.98,12.87
45142,2023,13.01,14.35
45144,2021,-6.33,-7.6
45146,2021,-7.63,3.85
45148,2022,21.1,4.51
45150,2023,10.1,11.77
45152,2023,2.97,10.07
45153,2021,17.87,6.22
45154,2023,6.84,11.91
45157,2023,-0.97,10.86
45159,2023,-3.95,8.98
45162,2023,-0.19,10.83
45167,2022,-8.44,5.19
45168,2021,-8.76,3.87
45169,2023,18.01,13.81
45171,2023,15.77,10.76
45174,2023,23.11,13.86
45176,2023,6.49,11.32
45177,2023,11.47,13.6
45202,2023,7.81,8.75
45203,2021,27.71,16.01
45204,2023,-7.89,8.19
45205,2023,20.12,17.47
45206,2023,22.76,14.84
45207,2023,3.94,11.21
45208,2023,8.77,8.31
45209,2023,9.68,9.33
45211,2023,10.55,13.35
45212,2023,15.98,13.91
45213,2023,16.64,13.37
45214,2022,-6.61,6.18
45215,2023,9.84,12.72
45216,2023,15.33,14.71
45217,2023,9.74,12.84
45218,2023,11.59,16.04
45219,2023,4.18,11.53
45220,2023,-1.01,8.4
45223,2023,7.47,7.35
45224,2023,12.83,14.75
45225,2023,18.36,6.32
45226,2023,7.38,8.07
45227,2023,7.87,12.12
45229,2023,0.94,8.16
45230,2023,8.81,12.14
45231,2023,12.29,14.05
45232,2023,9.3,9.63
45233,2023,10.85,12.02
45236,2023,12.1,13.48
45237,2023,11.0,13.03
45238,2023,9.81,13.42
45239,2023,6.8,12.68
45240,2023,9.59,12.71
45241,2023,13.28,13.35
45242,2023,13.23,10.09
45243,2023,10.16,8.67
45244,2023,10.21,12.17
45245,2023,5.67,12.26
45246,2023,9.76,12.6
45247,2023,6.3,11.22
45248,2023,10.51,12.1
45249,2023,14.8,12.09
45251,2023,11.1,13.98
45252,2023,-7.09,10.37
45255,2023,10.83,11.55
45302,2023,3.86,11.06
45303,2022,7.37,4.99
45304,2023,-6.28,7.14
45305,2023,7.85,10.16
45306,2023,9.38,11.33
45308,2023,-6.42,6.52
45309,2023,11.09,12.16
45311,2023,7.81,11.0
45312,2023,26.01,9.88
45314,2023,3.78,8.77
45315,2023,12.45,14.76
45317,2021,7.58,-0.57
45318,2023,15.82,12.9
45320,2023,9.14,11.4
45321,2013,26.31,4.58
45322,2023,9.27,12.7
45323,2023,0.16,8.66
45324,2023,15.29,14.07
45325,2023,-3.58,8.59
45326,2023,25.95,12.91
45327,2023,11.39,10.16
45331,2023,1.63,8.09
45333,2022,12.0,10.98
45334,2022,24.26,13.49
45335,2023,11.02,11.97
45337,2023,50.06,23.5
45338,2023,13.93,10.56
45339,2023,-0.75,3.24
45341,2022,9.35,10.67
45342,2023,6.24,10.47
45344,2023,14.75,12.69
45345,2023,19.34,14.59
45346,2023,-11.51,8.52
45347,2023,26.6,15.63
45356,2023,7.06,12.11
45359,2022,20.62,10.69
45363,2022,19.19,11.1
45365,2023,2.11,8.43
45368,2023,15.78,15.85
45369,2023,11.4,12.68
45370,2023,20.08,13.14
45371,2023,7.13,9.78
45373,2023,10.58,11.31
45377,2023,7.82,10.86
45380,2023,9.37,9.79
45381,2023,8.93,12.11
45383,2023,-1.76,10.23
45385,2023,11.72,13.27
45387,2023,4.25,9.98
45390,2022,1.85,8.07
45402,2023,-1.86,12.69
45403,2023,1.13,9.28
45404,2023,-5.18,8.54
45405,2023,28.02,17.67
45406,2023,7.82,13.65
45409,2023,8.7,10.54
45410,2023,10.44,14.25
45414,2023,8.9,12.78
45415,2023,2.4,11.42
45416,2023,24.12,23.93
45417,2023,1.86,13.71
45419,2023,11.57,10.9
45420,2023,8.0,11.87
45424,2023,10.01,12.12
45426,2023,25.46,17.06
45429,2023,12.53,12.69
45430,2023,11.05,11.12
45431,2023,6.25,10.67
45432,2023,9.37,9.9
45434,2023,5.89,10.68
45439,2023,11.09,10.86
45440,2023,9.75,11.23
45449,2023,-1.43,8.96
45458,2023,3.87,9.74
45459,2023,8.95,10.51
45502,2023,3.25,10.55
45503,2023,13.19,13.55
45504,2023,5.72,12.42
45505,2023,8.26,13.53
45506,2023,10.94,15.36
45601,2023,3.6,9.45
45612,2022,0.8,7.77
45613,2021,-3.06,4.13
45614,2021,1.19,6.9
45619,2023,11.64,7.55
45628,2023,4.36,13.76
45629,2022,40.79,17.78
45631,2023,17.16,9.47
45638,2023,10.99,10.45
45640,2023,22.14,15.11
45644,2022,23.88,13.79
45647,2014,4.9,3.63
45648,2023,11.86,6.66
45651,2021,16.05,14.54
45652,2023,5.81,8.92
45653,2023,-22.31,-0.39
45656,2021,21.92,2.57
45660,2022,13.31,9.55
45661,2022,19.35,8.37
45662,2023,2.31,8.07
45663,2023,25.61,13.18
45669,2023,-3.82,4.4
45679,2021,11.68,7.67
45680,2023,-7.94,3.78
45690,2023,11.77,10.78
45692,2023,20.78,14.69
45693,2023,12.93,11.14
45694,2023,8.55,10.02
45697,2022,10.8,7.91
45701,2023,9.63,9.01
45710,2023,6.0,13.37
45714,2023,10.22,7.91
45723,2021,7.41,3.95
45732,2021,9.22,3.17
45742,2022,13.11,7.5
45750,2023,4.35,7.17
45764,2023,25.3,14.46
45769,2021,18.7,7.89
45780,2022,14.35,9.42
45784,2023,3.1,8.89
45786,2022,13.33,8.02
45801,2023,6.64,11.55
45804,2023,10.4,10.08
45805,2023,6.33,10.35
45806,2023,5.25,10.83
45807,2023,7.27,11.16
45810,2023,13.0,11.86
45812,2021,-7.2,10.7
45813,2023,18.15,14.17
45814,2023,-5.58,5.64
45817,2023,5.69,7.98
45820,2021,7.51,-4.51
45821,2022,21.78,13.57
45822,2023,-3.36,7.5
45827,2022,11.94,9.84
45828,2023,-0.98,9.38
45830,2023,9.93,11.31
45831,2023,-4.58,7.58
45832,2023,9.76,10.75
45833,2023,6.96,10.64
45836,2021,13.18,3.59
45840,2023,6.67,8.56
45841,2021,18.21,6.65
45843,2023,13.5,13.06
45844,2023,11.22,5.55
45845,2022,8.5,3.26
45846,2022,27.02,10.14
45850,2023,17.53,12.47
45853,2021,25.86,11.02
45856,2023,10.19,9.97
45858,2023,6.5,9.3
45860,2013,-2.43,-1.84
45862,2013,-8.07,-4.29
45863,2021,29.73,11.15
45865,2023,32.4,14.5
45867,2023,49.76,22.39
45868,2021,13.69,8.09
45869,2023,10.19,8.99
45871,2022,18.41,11.19
45872,2023,-0.54,7.68
45873,2023,21.67,23.03
45874,2022,32.23,13.24
45875,2023,-5.12,9.73
45876,2021,3.56,3.08
45877,2023,6.23,10.28
45879,2023,5.9,12.82
45880,2023,-10.3,13.24
45881,2022,-5.26,10.38
45882,2023,8.08,9.49
45883,2022,0.87,7.07
45885,2023,13.01,9.89
45887,2023,13.61,10.35
45889,2023,8.57,9.4
45891,2023,29.21,15.2
45895,2023,7.35,9.9
45896,2023,15.52,12.83
45898,2021,-0.66,1.65
46001,2023,9.9,13.77
46011,2023,0.87,10.17
46012,2023,11.87,14.53
46013,2023,12.23,14.72
46016,2023,10.46,15.43
46017,2023,9.68,15.0
46030,2023,16.56,15.24
46031,2023,-1.26,8.67
46032,2023,12.21,13.84
46033,2023,6.86,12.94
46034,2023,15.04,14.76
46035,2022,20.27,14.54
46036,2023,0.5,11.29
46037,2023,0.37,10.66
46038,2023,8.63,13.25
46039,2021,-0.06,8.69
46040,2023,3.83,11.61
46041,2023,9.89,13.17
46044,2022,23.03,12.04
46048,2021,13.74,11.89
46049,2021,5.76,0.56
46050,2023,6.59,10.01
46051,2023,10.93,12.2
46052,2023,8.55,12.26
46055,2023,13.46,13.65
46056,2023,8.98,11.11
46057,2022,47.7,16.7
46058,2023,17.09,12.73
46060,2023,10.57,12.71
46062,2023,3.81,11.53
46064,2023,9.95,12.43
46065,2023,23.68,16.27
46068,2023,7.41,13.74
46069,2023,23.61,15.45
46070,2021,16.42,14.44
46071,2023,0.01,10.22
46072,2023,0.25,10.5
46074,2023,12.23,15.12
46075,2023,27.08,16.02
46076,2022,14.59,12.52
46077,2023,17.88,13.52
46104,2022,2.02,4.66
46105,2022,16.51,14.68
46106,2023,8.53,14.12
46107,2023,9.23,11.85
46110,2016,4.79,-1.61
46112,2023,9.02,13.29
46113,2023,5.48,12.97
46115,2023,10.2,18.5
46117,2021,-11.79,2.01
46118,2023,8.04,14.44
46120,2023,7.46,9.66
46121,2023,30.1,19.63
46122,2023,13.14,13.79
46123,2023,0.8,10.96
46124,2023,6.55,13.32
46126,2023,13.68,13.1
46128,2022,17.47,11.75
46130,2023,12.57,13.17
46131,2023,11.88,14.2
46133,2012,-2.8,-3.55
46135,2023,10.33,13.06
46140,2023,7.96,12.65
46142,2023,6.38,12.45
46143,2023,6.96,12.43
46147,2023,10.92,12.35
46148,2023,0.86,8.89
46149,2023,2.18,11.37
46151,2023,6.81,12.91
46156,2022,19.49,3.31
46157,2023,7.97,14.94
46158,2023,5.56,10.58
46160,2023,17.5,13.24
46161,2023,-13.67,0.66
46163,2023,5.9,9.76
46164,2023,6.64,12.07
46165,2023,8.14,11.0
46166,2022,11.85,8.66
46167,2023,15.94,14.12
46168,2023,8.54,12.72
46171,2022,27.1,14.57
46172,2023,10.41,16.18
46173,2023,7.35,10.76
46176,2023,10.62,11.79
46180,2022,8.32,11.48
46181,2023,4.41,11.95
46182,2023,7.41,12.41
46184,2023,15.18,15.41
46186,2022,14.24,13.91
46201,2023,5.89,9.98
46202,2023,5.03,6.72
46203,2023,0.62,7.36
46205,2023,0.84,7.66
46208,2023,7.67,9.93
46214,2023,1.49,11.01
46217,2023,4.97,12.2
46218,2023,13.83,17.05
46219,2023,9.83,11.58
46220,2023,3.74,9.41
46221,2023,8.56,12.8
46222,2023,14.31,16.86
46224,2023,10.25,15.21
46225,2023,8.3,9.91
46226,2023,8.49,15.35
46227,2023,4.72,11.76
46228,2023,12.99,15.38
46229,2023,8.24,13.58
46231,2023,22.11,19.05
46234,2023,13.3,14.83
46235,2023,1.28,15.19
46236,2023,14.85,14.9
46237,2023,7.55,12.84
46239,2023,8.86,13.86
46240,2023,9.63,11.58
46241,2023,2.26,11.75
46250,2023,12.13,12.33
46254,2023,7.8,14.53
46256,2023,4.53,12.36
46259,2023,16.44,15.78
46260,2023,5.02,11.66
46268,2023,12.36,15.47
46278,2023,13.4,13.82
46280,2023,14.99,14.79
46301,2022,4.52,3.41
46303,2023,9.96,11.85
46304,2023,10.58,11.51
46307,2023,7.15,11.21
46310,2023,1.42,9.66
46311,2023,4.21,9.09
46312,2023,8.94,8.02
46319,2023,9.06,11.74
46320,2023,13.41,9.43
46321,2023,8.83,10.25
46322,2023,5.37,9.98
46323,2023,7.79,10.84
46324,2023,5.62,12.96
46327,2023,-4.49,11.86
46340,2022,-0.76,5.46
46341,2023,9.46,11.5
46342,2023,12.93,13.17
46347,2023,2.7,8.88
46348,2021,5.23,6.62
46349,2023,5.2,10.35
46350,2023,6.41,10.55
46356,2023,5.52,10.14
46360,2023,8.08,13.44
46365,2022,18.99,8.15
46366,2023,3.4,12.31
46368,2023,6.4,10.78
46371,2023,6.6,9.51
46373,2023,3.25,9.17
46375,2023,4.74,9.39
46382,2023,12.92,11.24
46383,2023,6.07,10.82
46385,2023,7.51,12.09
46390,2023,13.01,13.05
46391,2023,8.99,13.25
46392,2023,-2.01,8.39
46394,2023,5.56,10.55
46403,2023,5.53,12.98
46404,2023,34.88,19.82
46405,2023,20.77,15.85
46408,2023,2.21,11.83
46410,2023,4.56,11.98
46501,2023,-0.96,7.82
46504,2023,-1.59,13.3
46506,2023,16.67,13.94
46507,2023,5.82,11.38
46510,2023,17.92,13.78
46511,2023,-1.06,10.58
46514,2023,7.36,10.98
46516,2023,6.15,11.5
46517,2023,10.9,13.21
46524,2022,9.85,9.51
46526,2023,4.03,10.94
46528,2023,8.82,12.59
46530,2023,6.27,11.86
46531,2022,59.72,24.3
46532,2023,-10.71,11.22
46534,2023,20.38,14.44
46536,2023,14.7,13.36
46538,2023,8.59,11.7
46539,2022,13.74,8.05
46540,2023,5.83,10.17
46542,2023,-4.68,10.21
46543,2022,26.18,7.85
46544,2023,11.36,13.08
46545,2023,9.25,12.43
46550,2023,13.88,11.95
46552,2023,12.05,12.27
46553,2023,-2.68,6.49
46554,2023,6.23,11.12
46555,2023,4.65,10.86
46561,2023,9.5,12.7
46562,2023,0.53,10.14
46563,2023,13.39,12.74
46565,2022,19.92,9.75
46567,2023,15.75,13.98
46570,2021,0.04,0.24
46571,2021,25.62,13.58
46573,2023,14.15,12.67
46574,2023,7.26,10.37
46580,2023,2.12,9.23
46582,2023,8.6,10.51
46590,2023,5.26,11.84
46601,2023,4.36,13.34
46613,2023,16.13,16.99
46614,2023,12.5,13.69
46615,2023,17.1,16.13
46616,2023,4.38,13.14
46617,2023,13.7,14.24
46619,2023,3.55,13.28
46628,2023,11.05,13.31
46635,2023,13.43,13.68
46637,2023,4.48,11.62
46701,2023,-0.36,8.31
46702,2023,15.62,11.59
46703,2023,7.04,9.92
46705,2022,36.7,13.53
46706,2023,16.08,13.01
46710,2023,0.52,9.74
46711,2023,7.13,12.82
46714,2023,8.21,11.15
46721,2023,8.51,14.23
46723,2023,20.99,15.0
46725,2023,10.15,12.63
46730,2021,8.9,6.37
46732,2023,6.31,12.15
46733,2023,9.95,11.94
46737,2023,7.55,9.59
46738,2023,3.36,13.16
46740,2022,43.19,14.49
46741,2023,13.83,12.01
46742,2023,9.87,12.77
46743,2022,22.85,12.38
46745,2023,11.39,13.64
46746,2023,11.36,11.96
46747,2023,25.98,14.35
46748,2023,17.75,14.13
46750,2023,7.44,11.72
46755,2023,9.5,11.04
46760,2022,26.41,11.15
46761,2023,4.41,11.33
46763,2023,10.12,11.83
46764,2022,12.75,11.12
46765,2023,34.35,16.71
46767,2023,4.46,14.58
46770,2023,0.22,8.24
46772,2022,18.01,11.55
46773,2023,26.11,18.88
46774,2023,7.32,12.26
46776,2022,10.0,10.43
46777,2023,6.47,14.14
46779,2023,29.4,15.08
46781,2022,7.35,11.47
46783,2023,17.24,13.49
46784,2023,17.6,15.12
46785,2023,19.39,14.86
46787,2023,16.79,13.38
46788,2023,22.47,18.57
46791,2022,23.31,15.77
46792,2023,-9.03,13.5
46793,2023,26.56,12.94
46794,2021,4.12,2.55
46795,2023,11.53,12.8
46797,2023,5.48,12.71
46798,2023,31.29,15.0
46799,2022,-0.18,7.03
46802,2023,52.11,24.18
46803,2023,27.14,34.16
46804,2023,10.03,12.14
46805,2023,8.95,13.46
46806,2023,14.45,18.03
46807,2023,18.33,15.77
46808,2023,16.9,15.8
46809,2023,12.26,14.71
46814,2023,-0.16,8.77
46815,2023,5.34,12.32
46816,2023,6.8,14.14
46818,2023,9.13,11.89
46819,2023,10.08,13.33
46825,2023,8.85,13.32
46835,2023,9.74,13.1
46845,2023,9.36,13.29
46901,2023,8.94,10.64
46902,2023,12.46,12.83
46910,2023,16.18,12.94
46911,2022,5.11,1.17
46913,2022,15.07,9.26
46914,2021,0.48,4.86
46917,2022,25.4,15.72
46919,2022,7.34,8.05
46920,2021,11.6,4.72
46923,2023,11.32,12.5
46926,2021,-7.31,6.13
46928,2023,10.63,10.69
46929,2023,6.33,12.82
46932,2023,7.25,7.74
46933,2023,18.56,12.54
46936,2023,4.71,10.94
46938,2022,17.9,12.31
46939,2022,10.1,9.27
46940,2021,4.85,10.93
46941,2021,0.54,3.14
46947,2023,4.36,9.42
46951,2022,23.08,10.14
46952,2023,10.71,11.47
46953,2023,9.52,9.87
46962,2023,12.66,13.59
46970,2023,0.88,10.28
46974,2022,-11.08,0.28
46975,2023,7.45,10.03
46979,2023,7.97,10.16
46982,2023,24.98,18.65
46985,2023,2.65,12.83
46986,2022,21.65,13.93
46989,2023,-15.05,5.35
46990,2022,16.23,7.97
46991,2017,-1.56,-1.12
46992,2023,9.87,11.28
46994,2023,-1.29,8.79
46996,2023,11.7,14.21
47001,2023,5.34,11.02
47003,2021,5.73,3.64
47006,2023,6.06,9.64
47012,2023,12.47,12.55
47016,2021,11.11,7.89
47017,2021,7.7,1.52
47018,2023,13.4,13.1
47020,2021,18.88,6.62
47022,2023,3.11,9.72
47023,2021,2.96,10.08
47024,2023,14.48,15.51
47025,2023,9.1,11.07
47030,2021,4.3,1.05
47031,2023,4.55,9.19
47032,2022,11.88,10.29
47036,2022,30.66,12.66
47037,2023,27.52,13.57
47040,2022,8.49,6.32
47041,2023,8.53,10.4
47042,2023,-1.09,5.02
47043,2023,10.56,13.31
47060,2023,7.54,12.92
47102,2023,-6.6,5.81
47106,2023,19.62,13.25
47108,2022,29.11,16.19
47111,2023,2.84,10.32
47112,2023,6.89,11.84
47115,2022,9.12,9.09
47117,2023,0.21,10.9
47118,2021,-2.96,1.86
47119,2023,3.7,10.71
47122,2023,5.96,9.55
47124,2023,9.88,11.66
47126,2023,0.05,8.76
47129,2023,12.32,12.64
47130,2023,5.35,10.73
47136,2023,-1.21,10.59
47138,2023,3.53,10.1
47140,2022,3.68,5.9
47141,2023,13.58,17.22
47143,2023,17.52,13.11
47145,2021,10.84,2.89
47150,2023,8.09,10.8
47161,2023,7.15,11.56
47163,2022,40.6,17.12
47164,2023,8.11,15.23
47165,2023,12.19,11.94
47166,2023,3.46,7.73
47167,2023,0.65,9.98
47170,2023,10.51,11.32
47172,2023,8.06,11.35
47177,2021,14.99,10.16
47201,2023,8.24,11.48
47203,2023,7.07,10.59
47220,2023,13.4,7.93
47223,2021,12.16,-1.56
47227,2021,-13.32,-0.91
47229,2023,-10.11,7.27
47230,2021,-0.35,2.11
47231,2021,5.65,0.78
47232,2023,2.72,7.16
47234,2023,14.37,9.24
47235,2022,14.23,11.91
47240,2023,13.17,11.16
47243,2023,1.03,11.93
47244,2021,-10.76,-4.28
47246,2023,6.25,15.34
47250,2023,7.42,12.39
47260,2015,6.21,-0.09
47264,2013,-5.61,-1.66
47265,2023,6.34,12.29
47272,2022,0.67,9.47
47273,2023,7.6,20.97
47274,2023,2.66,10.48
47280,2022,14.78,12.86
47281,2022,20.64,15.01
47283,2023,-3.04,7.9
47302,2023,6.09,10.21
47303,2023,9.48,10.54
47304,2023,9.24,12.74
47305,2021,19.06,10.28
47320,2023,2.29,13.76
47327,2023,-10.63,4.32
47330,2023,20.55,13.27
47331,2023,8.67,12.25
47334,2023,15.5,15.38
47336,2022,12.9,11.15
47338,2023,24.65,13.93
47340,2023,11.88,10.32
47341,2023,14.42,14.84
47342,2022,16.34,13.0
47345,2023,14.07,11.69
47346,2023,-1.8,5.72
47348,2023,-15.09,8.83
47353,2023,6.19,11.25
47355,2022,8.64,12.71
47356,2023,4.94,10.69
47357,2022,20.55,14.03
47359,2022,2.3,12.17
47360,2022,6.44,7.83
47362,2023,17.11,13.41
47368,2021,-3.43,4.7
47371,2023,-4.58,5.04
47373,2022,-4.41,5.14
47374,2023,6.52,10.02
47380,2022,22.42,14.08
47383,2023,-0.89,6.96
47384,2022,30.24,17.63
47385,2023,23.36,19.36
47386,2022,23.64,14.36
47390,2023,-4.85,12.99
47393,2021,-3.49,2.81
47394,2023,-0.05,9.2
47396,2023,9.03,12.08
47401,2023,3.43,9.88
47403,2023,4.18,10.31
47404,2023,1.93,10.37
47408,2023,7.81,9.8
47421,2023,6.88,10.94
47424,2023,4.96,10.43
47429,2023,4.95,10.31
47432,2022,7.26,12.4
47433,2023,15.01,13.31
47436,2020,11.92,3.81
47438,2022,28.93,11.68
47441,2023,13.34,13.46
47446,2023,12.15,12.78
47448,2023,10.01,13.04
47451,2018,-3.4,-2.89
47452,2022,8.75,8.4
47454,2023,-4.48,15.85
47456,2021,-8.02,-2.83
47459,2022,24.59,24.59
47460,2023,7.78,10.55
47462,2023,-2.76,7.34
47468,2023,1.4,10.67
47501,2023,7.37,11.89
47512,2022,16.5,13.28
47513,2022,19.7,9.79
47516,2021,1.13,0.92
47520,2022,31.94,11.92
47521,2021,16.37,5.35
47523,2021,17.49,10.41
47527,2022,28.07,13.48
47532,2022,12.83,7.59
47541,2021,-3.86,5.59
47542,2023,17.3,11.66
47546,2023,6.57,8.89
47553,2023,1.25,12.28
47557,2021,6.81,1.39
47558,2022,10.45,7.79
47561,2017,4.69,2.8
47567,2023,6.19,9.76
47575,2021,13.45,3.41
47579,2021,3.43,11.63
47586,2023,-6.61,9.99
47591,2023,6.92,11.0
47598,2023,3.41,2.82
47601,2023,1.98,12.69
47610,2023,4.8,5.54
47613,2022,35.93,19.62
47619,2021,5.1,-1.18
47620,2023,10.72,10.38
47630,2023,5.36,9.82
47631,2022,1.4,12.39
47633,2023,-3.69,9.0
47634,2021,7.08,10.81
47635,2023,7.38,10.07
47638,2023,9.21,11.33
47639,2023,24.87,14.53
47648,2023,0.28,8.23
47660,2023,-14.16,8.38
47665,2023,19.16,16.83
47670,2023,8.07,10.02
47710,2023,9.44,11.19
47711,2023,6.95,11.47
47712,2023,9.9,10.95
47713,2023,-1.96,9.93
47714,2023,7.59,10.48
47715,2023,6.91,10.94
47720,2023,8.99,10.12
47725,2023,6.58,10.49
47802,2023,10.97,12.29
47803,2023,7.33,10.42
47804,2023,10.24,10.42
47805,2023,1.57,8.77
47807,2023,12.89,17.94
47834,2023,9.81,11.17
47840,2022,13.54,7.05
47841,2021,-0.58,2.9
47842,2023,4.62,11.61
47850,2022,13.82,14.13
47868,2022,39.29,17.35
47872,2023,17.19,11.13
47874,2022,33.99,12.86
47879,2021,16.74,7.82
47882,2023,8.46,9.48
47885,2023,25.13,14.93
47901,2022,5.73,7.66
47904,2023,9.48,13.89
47905,2023,9.94,12.2
47906,2023,9.76,12.42
47909,2023,10.02,12.56
47918,2023,15.14,12.54
47920,2023,8.45,10.55
47922,2021,-2.79,5.45
47923,2023,20.53,15.62
47929,2022,18.24,15.59
47930,2022,22.41,11.34
47932,2023,13.15,11.31
47933,2023,5.04,10.83
47941,2023,21.7,18.51
47943,2022,21.07,11.41
47944,2023,21.37,15.57
47948,2021,14.07,7.2
47949,2021,10.03,7.17
47951,2023,14.13,13.41
47952,2022,32.56,16.54
47954,2023,11.48,15.18
47959,2022,18.18,12.29
47960,2023,8.4,11.73
47963,2023,6.65,15.33
47970,2022,22.22,12.46
47971,2022,-2.54,11.03
47977,2022,11.33,9.76
47978,2023,6.42,9.16
47980,2021,21.76,9.5
47981,2021,14.33,9.54
47987,2023,8.28,10.42
47992,2021,13.39,5.39
47993,2023,-3.48,10.04
47995,2021,10.7,11.61
48001,2023,5.65,8.59
48002,2023,12.93,10.03
48003,2023,6.4,11.08
48005,2023,15.33,10.55
48006,2023,10.49,10.23
48009,2023,6.78,7.53
48014,2023,-10.38,6.31
48015,2023,8.2,10.7
48017,2023,5.62,8.42
48021,2023,4.32,12.69
48022,2023,8.33,13.01
48023,2023,-0.1,6.06
48025,2023,9.69,8.39
48026,2023,8.55,10.66
48027,2023,11.99,12.02
48028,2023,-1.93,7.94
48030,2023,9.46,12.17
48032,2023,13.81,13.77
48033,2023,6.63,9.19
48034,2023,14.14,13.79
48035,2023,5.35,10.33
48036,2023,7.14,10.14
48038,2023,7.45,10.16
48039,2023,9.55,9.95
48040,2023,6.11,10.61
48041,2023,11.58,10.64
48042,2023,3.21,8.86
48043,2023,11.9,10.68
48044,2023,1.79,8.7
48045,2023,5.91,8.47
48047,2023,0.73,8.07
48048,2023,12.2,12.96
48049,2023,1.73,10.54
48050,2023,4.25,7.36
48051,2023,-1.13,7.55
48054,2023,4.02,8.84
48059,2023,7.68,11.42
48060,2023,9.63,11.2
48062,2023,2.82,8.32
48063,2023,5.66,8.43
48064,2023,10.13,11.09
48065,2023,5.5,10.14
48066,2023,7.22,10.77
48067,2023,7.42,8.07
48069,2023,13.93,10.74
48070,2023,6.04,7.08
48071,2023,11.42,12.46
48072,2023,6.06,8.35
48073,2023,8.26,8.79
48074,2023,0.86,7.4
48075,2023,7.86,11.08
48076,2023,3.55,9.85
48079,2023,4.45,10.16
48080,2023,5.71,9.76
48081,2023,6.06,9.23
48082,2023,5.75,9.36
48083,2023,10.11,10.5
48084,2023,11.91,9.74
48085,2023,4.47,9.51
48088,2023,2.64,9.63
48089,2023,9.12,12.35
48091,2023,8.04,12.78
48092,2023,7.28,10.95
48093,2023,4.69,10.5
48094,2023,1.6,7.81
48095,2023,9.04,9.8
48096,2023,5.46,8.92
48097,2023,9.84,10.81
48098,2023,7.21,9.88
48101,2023,9.42,11.14
48103,2023,6.73,8.15
48104,2023,10.27,10.55
48105,2023,1.12,7.5
48108,2023,15.66,11.6
48111,2023,4.61,9.24
48114,2023,5.15,9.74
48116,2023,6.19,9.64
48117,2023,10.64,9.13
48118,2023,6.63,8.51
48120,2022,15.48,9.76
48122,2023,9.52,12.63
48124,2023,4.81,10.64
48125,2023,7.3,10.7
48126,2023,7.89,12.7
48127,2023,3.72,10.93
48128,2023,7.14,12.12
48130,2023,5.43,7.0
48131,2023,-4.86,7.55
48133,2023,4.22,8.09
48134,2023,5.47,8.39
48135,2023,6.59,11.76
48137,2023,6.01,9.58
48138,2023,2.76,6.81
48140,2023,14.45,10.45
48141,2023,16.4,15.29
48144,2023,1.42,8.19
48145,2023,-6.13,8.26
48146,2023,11.14,12.7
48150,2023,6.37,9.08
48152,2023,6.74,9.05
48154,2023,7.68,9.56
48157,2022,10.2,7.34
48158,2023,3.61,8.22
48159,2023,2.0,7.93
48160,2023,3.13,9.24
48161,2023,3.23,8.44
48162,2023,7.39,9.88
48164,2023,5.15,10.16
48165,2023,9.85,10.01
48166,2023,5.01,8.33
48167,2023,10.75,9.06
48168,2023,9.09,9.91
48169,2023,2.77,8.25
48170,2023,9.42,9.31
48173,2023,8.15,9.26
48174,2023,7.13,10.72
48176,2023,9.12,9.1
48178,2023,6.67,9.34
48179,2023,15.45,10.88
48180,2023,5.71,10.28
48182,2023,4.88,8.31
48183,2023,6.05,9.49
48184,2023,8.23,11.05
48185,2023,7.87,10.68
48186,2023,6.81,10.43
48187,2023,6.1,10.04
48188,2023,7.36,10.65
48189,2023,8.59,9.94
48191,2023,10.89,9.12
48192,2023,8.97,9.98
48193,2023,6.48,9.42
48195,2023,9.01,11.22
48197,2023,4.89,10.24
48198,2023,10.36,11.54
48202,2023,16.12,12.32
48203,2023,-13.54,1.71
48204,2023,3.28,10.4
48205,2023,17.69,19.5
48206,2023,14.05,9.66
48208,2022,1.55,3.65
48209,2023,18.91,18.01
48210,2008,15.88,10.81
48212,2023,17.58,16.07
48213,2008,8.89,2.5
48214,2023,20.11,14.7
48215,2023,7.63,13.31
48217,2007,-7.9,-1.02
48218,2008,27.68,9.19
48219,2023,12.73,13.88
48220,2023,6.62,8.77
48221,2023,5.29,10.1
48223,2023,7.47,12.27
48224,2023,-1.46,8.82
48225,2023,9.4,10.36
48227,2023,-4.75,8.85
48228,2023,7.66,24.36
48229,2018,-10.73,-9.19
48230,2023,6.18,7.48
48234,2023,0.72,-6.19
48235,2023,2.31,10.45
48236,2023,3.09,7.27
48237,2023,5.6,10.54
48238,2023,4.68,7.29
48239,2023,6.13,11.16
48240,2023,7.22,12.91
48301,2023,4.06,7.43
48302,2023,5.89,7.79
48304,2023,1.77,6.12
48306,2023,2.3,8.17
48307,2023,3.39,8.78
48309,2023,9.41,9.49
48310,2023,4.63,9.13
48312,2023,3.38,9.72
48313,2023,3.53,9.52
48314,2023,3.14,8.74
48315,2023,6.11,8.95
48316,2023,9.14,9.46
48317,2023,4.92,9.69
48320,2023,9.0,9.63
48322,2023,4.06,8.75
48323,2023,5.68,8.7
48324,2023,3.64,8.35
48326,2023,8.84,10.86
48327,2023,6.31,9.25
48328,2023,2.15,8.93
48329,2023,4.71,9.56
48331,2023,0.68,7.7
48334,2023,6.31,8.67
48335,2023,4.1,8.49
48336,2023,9.75,10.05
48340,2023,16.83,13.21
48341,2023,4.69,11.32
48342,2023,-4.63,12.11
48346,2023,10.16,10.29
48348,2023,2.78,8.88
48350,2023,0.08,8.46
48353,2023,4.87,8.58
48356,2023,6.38,9.2
48357,2023,0.29,8.32
48359,2023,4.95,9.77
48360,2023,6.21,10.27
48362,2023,4.6,9.15
48363,2023,4.04,10.66
48367,2023,5.21,10.15
48370,2023,-1.42,8.85
48371,2023,6.96,9.22
48374,2023,17.36,12.32
48375,2023,9.71,10.83
48377,2023,8.16,11.24
48380,2023,8.13,9.95
48381,2023,0.03,8.27
48382,2023,6.42,8.97
48383,2023,-2.18,7.59
48386,2023,12.51,10.45
48390,2023,5.91,9.41
48393,2023,2.51,8.81
48401,2021,19.23,6.26
48412,2023,2.41,10.01
48413,2023,-1.09,9.69
48414,2023,10.39,10.62
48415,2023,7.83,11.14
48416,2023,17.74,12.24
48417,2023,13.34,14.7
48418,2023,6.02,10.71
48419,2022,12.49,11.3
48420,2023,5.53,9.81
48421,2023,-0.15,8.79
48422,2023,12.76,16.14
48423,2023,12.14,11.36
48427,2022,48.84,23.93
48428,2023,10.61,13.63
48429,2023,-6.14,7.99
48430,2023,5.73,9.55
48433,2023,4.58,9.8
48435,2023,-1.08,10.69
48436,2023,3.7,10.19
48437,2021,32.66,10.71
48438,2023,12.84,11.63
48439,2023,4.89,10.34
48440,2020,5.83,-10.4
48441,2023,19.07,15.12
48442,2023,5.49,9.59
48444,2023,6.96,9.81
48445,2021,45.67,5.12
48446,2023,0.35,7.78
48449,2023,-9.13,9.53
48450,2023,26.7,18.31
48451,2023,3.1,9.52
48453,2023,1.19,6.3
48454,2022,8.05,15.21
48455,2023,3.41,9.45
48457,2023,7.32,12.3
48458,2023,4.4,10.71
48460,2022,24.69,10.66
48461,2023,10.12,10.29
48462,2023,3.66,9.85
48463,2023,2.13,13.94
48464,2023,24.22,14.37
48466,2023,18.3,18.56
48467,2023,48.67,23.91
48468,2021,6.83,2.93
48469,2022,13.39,8.28
48471,2023,4.27,10.1
48472,2021,6.79,5.18
48473,2023,9.69,11.46
48475,2023,0.79,12.9
48476,2014,6.51,0.99
48503,2023,3.78,13.89
48504,2023,3.17,8.3
48505,2008,-5.11,-3.95
48506,2023,4.92,12.25
48507,2023,2.7,9.51
48509,2023,9.68,11.66
48519,2023,8.47,11.04
48529,2023,9.75,12.21
48532,2023,-1.34,9.9
48601,2023,8.18,10.58
48602,2023,20.27,14.69
48603,2023,10.47,11.15
48604,2023,6.82,14.23
48609,2023,8.35,11.12
48610,2023,25.22,16.76
48611,2023,1.09,13.23
48612,2023,9.36,11.04
48613,2021,29.09,20.28
48614,2021,3.06,6.23
48615,2023,-26.66,9.54
48616,2023,6.02,14.28
48617,2023,17.12,15.82
48618,2023,12.18,14.54
48621,2021,12.1,6.98
48622,2023,32.42,19.56
48623,2023,13.86,12.95
48624,2023,9.87,11.77
48625,2023,14.84,15.71
48626,2023,8.39,11.78
48628,2023,3.94,8.27
48629,2023,4.65,13.56
48631,2023,4.94,9.94
48632,2023,44.67,25.05
48634,2023,37.08,19.15
48635,2023,35.24,20.04
48636,2021,13.47,9.77
48637,2023,13.43,13.17
48638,2023,13.54,11.78
48640,2023,5.32,12.22
48642,2023,9.62,12.07
48647,2023,8.92,15.19
48649,2023,-22.96,11.69
48650,2023,-1.82,9.28
48651,2023,7.88,15.65
48652,2021,15.07,13.24
48653,2023,11.93,16.02
48654,2023,6.16,9.68
48655,2023,1.1,10.9
48656,2023,14.49,18.62
48657,2023,19.27,13.97
48658,2023,2.04,16.69
48659,2021,21.93,9.85
48661,2023,0.39,12.79
48662,2021,10.38,0.69
48701,2022,35.58,15.96
48703,2023,13.04,12.95
48706,2023,8.51,11.96
48708,2023,4.85,11.13
48722,2023,-15.02,7.66
48723,2023,1.35,8.26
48725,2023,23.55,19.22
48726,2023,-5.59,9.44
48727,2022,14.47,10.21
48729,2022,9.77,13.26
48730,2023,4.88,11.59
48731,2022,22.87,8.86
48732,2023,12.84,12.72
48733,2022,49.81,25.65
48734,2023,10.76,9.11
48737,2022,28.56,14.87
48738,2023,23.14,17.88
48739,2023,7.63,12.6
48740,2022,11.55,8.77
48741,2023,-6.57,7.95
48742,2021,-4.11,8.29
48744,2023,10.71,14.17
48745,2017,17.52,7.28
48746,2023,10.0,12.48
48747,2023,14.49,8.97
48748,2023,12.37,13.21
48749,2021,15.4,9.04
48750,2023,29.23,16.11
48755,2023,1.91,11.37
48756,2023,33.04,23.39
48757,2023,15.8,11.96
48759,2023,24.53,15.69
48760,2022,13.96,8.27
48761,2022,-9.16,2.52
48762,2022,21.33,8.51
48763,2023,4.49,12.17
48767,2021,17.32,8.82
48768,2023,1.53,11.56
48770,2022,36.77,13.31
48801,2023,7.63,11.49
48806,2021,-5.32,7.08
48808,2023,8.97,12.19
48809,2023,2.23,11.15
48811,2023,2.98,8.28
48813,2023,1.98,7.3
48815,2023,19.33,13.69
48817,2023,3.72,10.53
48818,2022,24.72,12.72
48819,2023,5.85,8.43
48820,2023,11.04,10.29
48821,2023,-3.98,6.79
48822,2023,4.27,9.42
48823,2023,4.8,8.77
48827,2023,3.84,8.02
48829,2023,4.36,12.35
48831,2022,2.38,4.09
48832,2021,11.88,11.27
48834,2022,5.25,8.39
48835,2022,21.15,14.59
48836,2023,11.44,10.35
48837,2023,1.81,7.03
48838,2023,5.8,11.44
48840,2023,7.26,9.37
48841,2021,-0.87,0.86
48842,2023,8.99,10.75
48843,2023,3.64,8.94
48846,2023,11.44,12.83
48847,2023,10.38,13.02
48848,2023,3.97,8.96
48849,2023,12.01,13.03
48850,2023,9.28,14.77
48851,2022,19.82,10.17
48854,2023,4.16,9.72
48855,2023,9.54,11.38
48857,2023,4.23,14.0
48858,2023,11.87,10.8
48860,2013,12.87,0.43
48861,2023,6.82,11.89
48864,2023,12.79,11.02
48865,2022,22.98,14.85
48866,2023,5.61,13.29
48867,2023,7.1,10.0
48871,2022,20.79,13.33
48872,2023,5.06,9.68
48873,2022,-0.05,9.52
48875,2023,3.99,10.25
48876,2023,9.32,9.78
48877,2023,6.07,11.59
48878,2022,28.2,12.89
48879,2023,10.28,11.16
48880,2023,-5.13,9.55
48881,2023,11.12,12.94
48883,2023,4.46,12.26
48884,2023,0.76,8.73
48885,2020,25.36,16.69
48886,2023,13.82,17.49
48888,2023,13.72,15.36
48889,2021,18.75,9.43
48890,2023,-18.25,3.07
48891,2022,14.66,12.0
48892,2023,11.26,10.05
48893,2023,13.51,14.18
48894,2022,6.92,8.05
48895,2023,6.27,8.46
48897,2022,11.3,9.27
48906,2023,12.22,11.4
48910,2023,15.07,12.27
48911,2023,4.04,8.58
48912,2023,10.55,11.1
48915,2023,8.85,8.8
48917,2023,6.13,9.27
49001,2023,11.2,12.66
49002,2023,2.83,10.9
49004,2023,4.28,12.66
49006,2023,7.03,12.32
49007,2023,5.5,11.42
49008,2023,8.6,12.25
49009,2023,4.23,10.54
49010,2023,11.25,12.08
49011,2023,10.8,14.13
49012,2023,5.7,10.28
49013,2023,28.94,20.76
49014,2023,4.07,10.0
49015,2023,8.6,11.97
49017,2023,3.55,12.88
49021,2023,0.84,11.66
49022,2023,4.82,10.49
49024,2023,5.91,10.61
49026,2023,34.51,21.85
49028,2023,17.04,16.92
49029,2022,25.14,11.77
49030,2022,29.14,12.59
49031,2023,7.83,12.54
49032,2022,23.04,11.32
49033,2023,33.11,15.38
49034,2023,9.3,12.14
49036,2023,4.23,11.71
49037,2023,6.34,13.49
49038,2023,9.67,12.88
49040,2023,14.32,9.69
49042,2023,3.54,12.43
49043,2022,20.0,15.39
49045,2023,-0.57,8.14
49046,2023,7.9,11.63
49047,2023,8.96,12.12
49048,2023,10.13,12.74
49050,2023,-9.85,8.6
49051,2023,6.5,11.54
49052,2022,10.27,15.75
49053,2023,8.72,10.65
49055,2023,11.53,12.31
49056,2023,27.85,17.88
49057,2023,6.45,13.7
49058,2023,7.02,12.13
49060,2023,6.68,14.19
49061,2022,28.72,14.91
49064,2023,1.77,12.15
49065,2023,14.49,13.33
49067,2023,11.62,13.61
49068,2023,8.24,9.92
49070,2023,-7.39,12.31
49071,2023,5.42,9.92
49072,2023,27.26,18.9
49073,2023,29.17,18.41
49076,2023,-8.61,10.07
49078,2023,6.94,11.65
49079,2023,8.25,10.68
49080,2023,5.52,11.33
49082,2023,10.32,11.79
49083,2023,3.94,10.85
49085,2023,11.07,10.89
49087,2023,3.29,9.42
49088,2023,9.32,10.65
49089,2021,11.37,11.47
49090,2023,13.3,14.32
49091,2023,7.92,10.82
49092,2022,2.64,13.52
49093,2023,16.52,12.84
49094,2023,-3.06,12.84
49095,2023,8.56,9.85
49096,2023,17.12,8.79
49097,2023,5.11,10.28
49098,2023,2.27,10.04
49099,2023,12.7,13.09
49101,2023,11.51,9.85
49102,2022,20.41,13.58
49103,2023,7.11,10.16
49106,2023,2.03,9.22
49107,2023,4.48,11.42
49111,2022,21.83,13.12
49112,2023,4.56,10.3
49113,2022,8.71,6.43
49115,2021,-0.58,3.66
49116,2021,2.82,0.16
49117,2023,9.15,12.58
49120,2023,7.25,12.55
49125,2023,33.41,13.93
49126,2022,25.84,12.98
49127,2023,6.12,10.35
49128,2023,13.56,12.53
49129,2023,-9.44,16.09
49130,2022,28.05,15.24
49201,2023,4.45,9.4
49202,2023,7.07,9.05
49203,2023,4.85,9.74
49220,2022,40.23,17.32
49221,2023,6.0,10.02
49224,2023,11.73,10.56
49227,2021,3.33,3.79
49228,2023,6.37,10.23
49229,2023,-1.32,10.02
49230,2023,9.79,10.25
49232,2023,-0.27,7.89
49233,2023,2.67,8.32
49234,2023,6.87,12.5
49235,2023,13.98,12.69
49236,2023,0.59,9.36
49237,2023,0.81,11.66
49238,2023,28.93,15.62
49240,2023,4.45,9.19
49241,2022,8.59,7.84
49242,2023,7.86,11.92
49245,2023,18.05,9.95
49246,2023,-1.68,5.58
49247,2023,-5.88,7.47
49248,2021,4.63,-1.53
49249,2023,4.06,8.53
49250,2023,6.33,10.29
49251,2023,-0.49,8.04
49252,2022,16.84,11.01
49253,2023,15.2,15.22
49254,2023,-7.57,6.54
49255,2022,-22.71,-1.25
49256,2023,5.07,10.25
49259,2023,14.36,14.95
49262,2022,13.22,12.61
49264,2023,14.54,12.73
49265,2023,11.67,10.74
49266,2023,30.88,12.33
49267,2023,5.74,10.07
49268,2023,0.74,7.63
49269,2023,19.34,12.59
49270,2023,7.08,7.94
49271,2023,9.01,14.79
49272,2023,6.8,12.3
49274,2023,0.42,8.47
49276,2023,14.76,15.81
49277,2023,7.78,10.56
49279,2022,10.49,3.93
49283,2023,-7.88,4.19
49284,2023,17.7,14.48
49285,2023,-0.34,7.62
49286,2023,1.85,9.41
49287,2023,-11.62,9.83
49288,2021,8.94,10.34
49301,2023,11.31,12.02
49302,2023,3.96,10.75
49303,2022,22.02,16.14
49304,2023,18.35,18.61
49305,2023,19.1,10.26
49306,2023,3.8,12.55
49307,2023,9.28,13.71
49309,2023,21.83,11.92
49310,2022,10.86,10.13
49315,2023,11.69,12.11
49316,2023,7.89,12.04
49318,2022,21.55,13.05
49319,2023,10.63,11.65
49321,2023,4.44,11.46
49322,2022,15.81,12.94
49323,2023,7.09,11.04
49325,2023,14.98,18.66
49326,2023,12.35,11.34
49327,2023,11.84,13.28
49328,2023,4.22,10.94
49329,2023,13.28,14.55
49330,2023,9.62,13.94
49331,2023,11.63,12.96
49332,2023,2.65,14.43
49333,2023,9.25,12.3
49336,2023,14.69,17.31
49337,2023,15.25,15.53
49338,2023,-1.44,12.59
49339,2023,4.12,9.26
49340,2023,32.78,16.62
49341,2023,6.97,12.19
49342,2022,6.61,13.29
49343,2023,9.9,11.52
49344,2023,16.79,13.49
49345,2023,11.83,13.56
49346,2023,9.77,14.84
49347,2023,-4.18,9.21
49348,2023,12.78,13.68
49349,2023,-0.26,8.73
49401,2023,10.06,11.84
49402,2023,23.79,13.64
49403,2023,14.61,12.71
49404,2023,8.96,11.99
49405,2022,26.26,14.42
49406,2022,16.57,9.37
49408,2023,13.2,14.69
49410,2023,82.94,36.65
49411,2023,25.24,17.89
49412,2023,8.63,11.84
49415,2023,6.32,13.01
49417,2023,3.27,11.55
49418,2023,9.19,12.39
49419,2023,14.11,13.63
49420,2023,16.69,12.51
49421,2023,12.55,11.69
49423,2023,10.31,13.07
49424,2023,8.41,12.41
49425,2023,16.97,17.09
49426,2023,5.99,11.34
49428,2023,10.0,13.31
49431,2023,7.54,14.04
49435,2023,13.6,15.07
49436,2022,26.46,14.66
49437,2023,20.19,16.39
49441,2023,13.14,15.32
49442,2023,13.52,15.18
49444,2023,2.99,12.28
49445,2023,8.54,13.24
49446,2023,60.02,30.79
49448,2023,14.02,14.96
49449,2023,3.47,14.72
49450,2022,29.08,16.02
49451,2023,17.61,15.29
49452,2022,19.51,15.23
49453,2023,9.72,12.42
49454,2023,20.48,13.28
49455,2023,9.41,15.57
49456,2023,12.04,11.79
49457,2023,7.62,12.56
49460,2023,2.36,10.18
49461,2023,7.16,11.47
49464,2023,10.86,13.31
49503,2023,8.93,14.28
49504,2023,10.41,13.77
49505,2023,10.42,13.75
49506,2023,6.79,11.44
49507,2023,8.45,14.5
49508,2023,5.04,12.02
49509,2023,7.54,13.07
49512,2023,6.47,11.42
49519,2023,9.93,14.21
49525,2023,9.4,12.59
49534,2023,10.17,12.18
49544,2023,16.78,15.33
49546,2023,11.69,12.4
49548,2023,12.07,14.07
49601,2023,11.09,14.38
49612,2022,11.98,7.29
49613,2022,72.66,29.68
49614,2023,15.76,17.45
49615,2023,11.42,18.23
49616,2022,39.29,17.11
49617,2023,0.34,11.7
49618,2021,15.84,11.16
49619,2021,11.4,8.52
49620,2023,4.67,11.16
49621,2023,3.82,15.0
49622,2023,-5.87,16.01
49625,2021,-1.19,7.61
49629,2023,15.92,19.48
49630,2022,44.03,19.24
49631,2023,-7.31,10.45
49632,2021,39.55,13.03
49633,2023,16.63,16.33
49635,2023,12.84,18.67
49636,2021,15.96,5.25
49637,2023,4.74,16.8
49638,2021,28.65,17.63
49639,2023,31.38,16.74
49640,2023,24.76,24.91
49643,2023,5.42,13.38
49644,2022,0.45,8.53
49645,2023,17.11,16.23
49646,2023,9.42,17.69
49648,2023,-14.69,7.02
49649,2023,9.51,14.74
49650,2023,24.01,18.72
49651,2023,14.99,15.18
49653,2022,28.96,16.7
49654,2021,20.45,11.89
49655,2023,22.0,15.04
49657,2023,7.58,13.82
49659,2023,12.67,19.07
49660,2023,14.55,15.04
49663,2023,10.77,16.84
49664,2022,25.68,14.87
49665,2023,9.45,16.36
49668,2023,29.77,19.98
49670,2022,14.85,9.4
49675,2022,5.05,10.11
49676,2023,27.07,21.04
49677,2023,4.05,12.34
49679,2021,12.06,9.31
49680,2023,40.2,18.96
49682,2023,20.89,20.46
49683,2023,19.64,17.46
49684,2023,12.33,14.88
49685,2023,11.04,15.0
49686,2023,10.49,15.52
49688,2022,21.84,12.96
49689,2022,21.49,11.87
49690,2023,8.34,13.61
49696,2023,10.79,14.89
49701,2021,14.68,7.87
49706,2023,5.66,11.8
49707,2023,7.74,13.8
49709,2023,17.45,19.75
49712,2023,16.05,21.38
49713,2022,21.21,13.06
49715,2022,17.59,8.86
49716,2021,-8.31,7.51
49718,2022,-9.88,8.79
49719,2023,25.86,16.2
49720,2023,9.25,14.14
49721,2023,13.63,14.75
49724,2021,5.58,5.86
49725,2022,10.58,7.6
49726,2022,6.21,5.86
49727,2023,7.65,14.74
49729,2023,-1.27,14.44
49730,2023,27.13,18.45
49733,2023,20.63,19.07
49735,2023,9.22,14.32
49738,2023,13.77,14.62
49740,2023,25.13,19.53
49743,2021,8.24,4.96
49744,2021,24.48,8.92
49746,2023,18.95,13.35
49747,2023,4.37,12.49
49749,2023,20.69,18.77
49751,2023,6.09,13.11
49753,2022,41.19,18.04
49755,2021,10.97,8.1
49756,2023,19.9,17.17
49759,2023,23.83,20.28
49765,2023,-8.69,16.49
49766,2022,49.44,20.12
49769,2021,24.09,9.64
49770,2023,16.77,16.25
49774,2023,-1.89,11.49
49776,2022,39.56,17.46
49777,2022,32.79,16.1
49779,2023,-12.06,14.89
49780,2023,15.25,15.99
49781,2022,22.44,9.73
49782,2022,12.47,17.04
49783,2023,8.84,12.44
49795,2023,10.8,16.79
49799,2023,21.61,20.07
49801,2023,12.67,13.1
49802,2023,3.91,14.03
49806,2021,15.77,4.49
49807,2023,26.83,14.13
49814,2023,2.15,11.33
49818,2022,20.62,10.87
49821,2013,-5.1,-5.21
49829,2023,1.65,9.96
49831,2021,10.46,-1.57
49835,2021,8.27,8.29
49837,2023,15.13,15.3
49841,2023,2.28,12.24
49849,2023,17.42,16.61
49853,2021,13.1,3.43
49854,2023,15.4,11.47
49855,2023,6.66,12.47
49858,2023,21.9,14.32
49861,2022,35.79,13.61
49862,2023,22.79,18.41
49866,2023,17.36,16.93
49868,2022,29.7,13.76
49870,2023,5.56,10.52
49876,2021,25.44,9.52
49878,2023,16.69,14.18
49880,2022,11.66,12.33
49885,2023,16.19,11.01
49887,2022,5.04,8.09
49892,2021,6.85,3.83
49893,2023,5.68,16.2
49895,2021,22.46,8.16
49896,2021,2.83,0.55
49905,2023,4.63,17.02
49908,2020,-0.6,-0.15
49911,2021,16.44,9.18
49913,2023,6.42,15.65
49916,2023,6.06,13.32
49920,2023,-0.58,12.88
49930,2023,14.74,14.71
49931,2023,7.71,12.84
49935,2023,23.82,16.44
49938,2023,2.6,14.91
49945,2022,9.6,5.22
49946,2023,-1.78,16.04
49950,2021,13.75,10.29
49953,2021,30.11,10.68
49968,2021,7.2,2.27
49969,2021,7.7,2.75
50002,2022,21.35,10.24
50003,2023,0.36,7.7
50007,2021,7.49,2.78
50009,2023,8.95,8.72
50010,2023,11.02,9.05
50014,2023,11.05,9.29
50020,2022,2.39,3.35
50021,2023,7.08,9.42
50022,2023,-1.36,8.49
50023,2023,7.38,9.45
50025,2021,5.57,3.32
50028,2023,22.99,12.21
50035,2023,5.3,8.18
50036,2023,8.95,8.67
50046,2022,8.05,5.44
50047,2023,9.07,9.52
50049,2023,2.55,15.34
50054,2023,10.87,13.68
50055,2021,-2.51,8.07
50056,2022,5.14,6.51
50058,2021,4.1,10.48
50061,2023,5.49,10.32
50063,2023,18.63,13.3
50069,2023,-0.49,10.29
50070,2021,8.74,3.18
50072,2023,6.04,11.93
50073,2023,3.99,8.94
50075,2021,-7.83,1.53
50105,2023,-4.22,7.13
50109,2023,5.89,10.74
50111,2023,6.42,8.64
50112,2023,6.82,8.75
50115,2022,13.37,9.26
50118,2022,21.78,11.04
50124,2023,0.21,8.56
50125,2023,6.08,9.68
50126,2023,22.01,12.49
50129,2023,21.82,12.28
50130,2023,19.93,12.92
50131,2023,10.33,10.48
50134,2023,21.0,9.02
50135,2022,2.57,3.26
50138,2023,8.52,10.9
50139,2022,34.05,23.91
50140,2022,17.89,8.9
50142,2021,-10.49,-0.55
50143,2021,8.54,3.86
50156,2023,5.76,8.75
50158,2023,11.71,10.31
50161,2023,6.9,7.57
50162,2022,12.27,12.2
50166,2023,-4.57,11.31
50168,2021,7.77,3.74
50169,2023,17.35,12.25
50170,2023,15.04,11.33
50171,2022,10.39,5.88
50201,2023,3.49,8.74
50207,2021,6.93,7.23
50208,2023,6.41,9.84
50210,2022,16.07,7.77
50211,2023,9.93,10.22
50212,2023,7.18,7.02
50213,2023,23.44,13.34
50214,2021,14.17,10.13
50216,2023,9.84,14.17
50219,2023,8.59,10.01
50220,2023,12.15,11.97
50225,2023,0.51,8.2
50226,2023,11.21,10.27
50228,2023,6.33,8.28
50229,2022,20.99,7.26
50230,2022,54.45,18.73
50233,2023,12.78,10.93
50236,2023,4.21,9.27
50237,2023,16.11,12.79
50240,2023,9.22,14.31
50244,2023,18.7,13.07
50247,2023,9.41,7.75
50248,2023,13.36,9.85
50249,2021,9.48,7.45
50250,2023,-20.24,5.93
50251,2021,5.44,4.51
50257,2021,19.93,5.91
50261,2023,-0.09,10.78
50263,2023,6.49,9.29
50265,2023,4.08,9.18
50266,2023,8.45,9.45
50273,2023,3.27,7.93
50276,2023,8.31,11.24
50310,2023,8.04,9.47
50311,2023,4.65,8.12
50312,2023,2.3,7.91
50313,2023,10.44,11.07
50314,2023,4.46,10.46
50315,2023,7.76,10.63
50316,2023,9.52,9.82
50317,2023,11.16,10.66
50320,2023,9.52,10.7
50321,2023,13.54,9.8
50322,2023,6.55,9.25
50323,2023,5.73,8.46
50324,2023,9.34,8.88
50325,2023,7.78,10.23
50327,2023,7.35,9.16
50401,2023,7.82,9.37
50421,2023,27.38,13.89
50423,2023,6.9,11.72
50428,2023,5.15,11.79
50436,2023,0.53,9.05
50438,2023,5.42,10.87
50441,2023,15.3,10.86
50450,2023,-7.32,7.7
50456,2022,24.53,10.58
50458,2022,24.2,10.35
50459,2022,16.96,7.6
50461,2023,7.15,9.57
50468,2022,14.96,10.29
50469,2022,29.69,10.5
50472,2021,12.85,3.85
50475,2021,-1.3,4.24
50482,2021,1.12,0.86
50501,2023,2.37,6.3
50511,2023,0.41,5.26
50516,2022,12.01,4.52
50525,2023,20.64,8.33
50529,2022,21.75,4.99
50533,2022,12.19,8.65
50536,2023,9.06,8.17
50543,2022,-0.85,9.61
50548,2023,5.4,11.04
50554,2022,14.08,17.12
50563,2023,15.0,11.15
50568,2021,-9.68,5.97
50574,2021,8.66,6.92
50579,2023,10.16,16.51
50583,2021,13.96,-1.18
50588,2023,-2.14,7.59
50595,2023,14.24,13.4
50598,2020,11.48,15.6
50601,2021,-1.52,-6.69
50602,2022,-3.28,0.42
50604,2023,9.31,15.05
50613,2023,8.19,8.95
50616,2023,-1.65,4.05
50619,2023,-19.72,4.27
50621,2021,-2.65,-0.61
50622,2023,6.91,7.11
50624,2023,-5.68,4.54
50626,2022,19.73,10.69
50627,2023,13.96,10.48
50629,2021,8.3,4.15
50630,2021,-4.15,7.91
50634,2022,9.0,5.62
50635,2023,-22.78,7.13
50636,2022,12.85,6.2
50638,2023,8.37,8.59
50643,2023,13.92,10.18
50644,2023,7.49,7.42
50645,2021,-9.51,3.18
50647,2022,14.45,6.07
50648,2023,-9.28,2.95
50651,2023,6.74,8.3
50658,2023,21.84,11.28
50659,2023,-1.06,8.65
50660,2021,10.64,5.53
50662,2023,11.75,7.65
50665,2023,2.25,9.14
50666,2021,-1.78,-0.36
50667,2021,6.48,3.43
50668,2021,11.28,9.98
50669,2023,20.05,12.79
50670,2021,2.64,3.32
50674,2023,-4.28,4.09
50675,2021,-3.07,2.68
50676,2022,-5.13,1.39
50677,2023,14.8,9.76
50682,2022,14.36,4.45
50701,2023,8.68,8.98
50702,2023,13.53,9.23
50703,2023,12.61,8.45
50707,2023,10.67,10.39
50801,2023,0.87,6.9
50833,2021,10.36,4.88
50841,2021,24.68,7.04
50849,2021,-1.87,4.09
50864,2021,-3.23,2.35
51001,2022,6.38,7.66
51002,2023,1.68,6.91
51003,2023,5.14,10.37
51005,2023,29.53,14.21
51007,2021,20.92,6.15
51012,2023,-2.41,8.44
51022,2021,7.65,3.05
51023,2023,6.43,9.46
51024,2022,14.41,5.58
51025,2022,30.88,10.27
51026,2021,9.23,3.94
51027,2022,13.22,6.45
51028,2022,11.94,9.03
51030,2022,14.61,9.49
51031,2023,10.15,10.81
51034,2021,21.09,5.6
51035,2022,3.37,3.53
51036,2021,7.24,0.38
51038,2022,2.33,5.62
51039,2023,7.61,11.54
51040,2022,8.48,6.84
51041,2023,12.22,11.68
51046,2021,6.06,8.13
51050,2023,-6.42,5.9
51052,2022,3.79,8.45
51054,2023,4.22,7.74
51055,2021,19.0,11.68
51103,2023,12.79,13.91
51104,2023,5.41,9.88
51105,2023,27.51,18.86
51106,2023,5.58,9.57
51108,2023,16.23,13.03
51109,2023,8.89,11.01
51201,2023,9.39,10.91
51234,2021,1.81,11.78
51235,2021,14.25,6.72
51237,2021,0.64,2.34
51238,2022,2.48,6.0
51239,2023,-13.26,2.61
51240,2023,-6.87,9.23
51241,2023,1.03,8.24
51246,2022,20.74,7.91
51247,2023,21.21,11.87
51248,2022,-1.24,2.05
51249,2023,21.48,16.79
51250,2023,11.02,8.13
51301,2023,7.3,8.55
51331,2021,11.13,4.57
51334,2023,1.84,10.06
51338,2014,-7.63,-4.44
51346,2023,17.53,11.6
51347,2023,5.47,10.7
51351,2023,19.27,13.94
51355,2021,5.04,11.18
51358,2021,14.07,4.27
51360,2023,13.14,11.49
51401,2023,3.66,6.72
51442,2023,19.4,13.58
51443,2022,17.05,6.41
51445,2021,0.79,0.03
51449,2022,51.9,14.86
51450,2021,6.05,6.91
51455,2021,16.53,5.25
51458,2007,-7.63,2.24
51461,2022,49.46,8.5
51466,2012,17.15,4.36
51501,2023,13.02,11.24
51503,2023,8.31,9.89
51510,2023,3.03,12.07
51521,2023,15.53,17.39
51525,2023,29.8,14.57
51526,2023,22.71,11.84
51529,2022,9.17,6.28
51534,2023,1.25,9.85
51535,2022,-1.38,6.39
51537,2023,-8.09,4.85
51542,2022,10.22,6.39
51546,2023,18.97,12.97
51548,2021,10.7,3.9
51551,2023,7.82,7.38
51553,2022,4.45,6.2
51555,2023,6.86,13.24
51559,2023,3.0,7.79
51560,2023,14.56,9.42
51561,2022,14.79,9.5
51566,2023,10.32,12.3
51570,2022,28.23,10.92
51571,2022,26.33,15.96
51573,2022,57.2,26.43
51575,2023,6.97,9.14
51576,2023,16.76,12.48
51577,2022,18.96,10.6
51579,2023,13.83,12.79
51601,2023,9.68,11.73
51632,2022,7.23,5.66
51638,2022,23.06,13.95
51640,2021,21.24,9.19
51652,2022,26.18,22.84
51653,2022,22.97,11.28
52001,2023,5.2,8.6
52002,2023,4.78,8.49
52003,2023,2.96,8.12
52031,2022,21.93,8.77
52032,2021,0.49,3.42
52033,2023,3.6,7.58
52037,2022,10.54,12.75
52039,2022,3.91,5.49
52040,2023,13.48,9.69
52041,2021,6.86,2.25
52042,2021,0.33,2.61
52043,2021,0.39,-2.33
52045,2022,11.04,7.2
52046,2022,26.87,11.55
52049,2021,-6.42,-2.22
52052,2022,26.28,10.56
52053,2021,12.41,4.0
52054,2021,-4.36,-0.78
52057,2023,11.64,10.13
52060,2023,13.73,12.57
52065,2021,3.44,8.78
52068,2023,10.37,9.04
52069,2022,28.3,9.18
52070,2021,-4.98,1.3
52073,2022,15.16,7.78
52076,2023,22.43,14.86
52078,2021,16.72,-1.65
52079,2021,3.36,1.43
52101,2023,8.32,10.52
52132,2022,32.23,14.73
52136,2023,1.67,5.54
52151,2021,-0.17,-1.03
52161,2021,3.34,3.38
52162,2021,-2.17,-0.01
52165,2021,14.4,6.48
52172,2022,24.72,11.88
52175,2021,-1.43,2.91
52201,2022,39.47,14.0
52202,2023,9.51,8.71
52203,2022,11.58,3.02
52205,2023,13.47,10.5
52206,2023,16.12,12.37
52208,2023,-3.46,7.87
52209,2021,-1.96,0.77
52211,2021,12.67,8.23
52213,2023,2.05,7.61
52214,2023,28.49,12.58
52216,2023,9.22,9.61
52218,2023,1.1,6.67
52223,2023,-1.39,10.3
52224,2022,23.84,11.38
52227,2023,8.34,11.34
52228,2023,6.86,8.24
52233,2023,7.61,8.56
52235,2021,-0.08,3.96
52236,2021,-1.34,-1.36
52237,2022,32.03,12.04
52240,2023,7.05,8.02
52241,2023,6.19,8.53
52245,2023,8.3,8.07
52246,2023,8.97,7.58
52247,2023,-2.89,6.46
52249,2021,31.16,11.38
52253,2023,4.58,7.2
52255,2022,-4.08,-2.57
52301,2023,39.73,14.23
52302,2023,6.69,9.53
52306,2022,-16.26,5.62
52310,2023,0.79,5.79
52314,2023,21.78,14.08
52315,2023,-4.91,5.23
52317,2023,9.33,8.43
52318,2014,12.8,4.06
52320,2021,24.41,2.31
52322,2023,23.55,9.76
52324,2023,8.48,9.73
52325,2021,19.34,7.53
52327,2023,2.79,8.49
52328,2023,-0.09,6.73
52329,2021,-4.14,-4.26
52330,2022,20.21,7.62
52332,2023,18.76,11.97
52333,2023,11.48,9.22
52336,2023,17.95,10.83
52337,2022,12.49,6.38
52338,2023,27.27,11.07
52339,2023,-5.08,6.87
52340,2023,-1.45,5.28
52341,2022,19.34,12.01
52342,2021,17.71,5.57
52345,2022,2.25,4.36
52346,2021,3.7,2.2
52349,2023,13.1,10.66
52351,2023,16.55,10.89
52352,2022,27.02,12.94
52353,2023,4.1,9.23
52356,2021,1.32,3.24
52358,2023,13.88,8.74
52361,2023,1.47,6.2
52402,2023,7.1,8.89
52403,2023,7.78,8.53
52404,2023,8.06,8.97
52405,2023,8.02,8.74
52411,2023,5.46,6.97
52501,2023,6.94,9.37
52531,2022,14.25,9.94
52537,2021,4.33,3.8
52544,2022,6.26,8.25
52553,2022,11.62,16.66
52556,2023,0.31,6.61
52577,2023,12.48,11.26
52591,2023,12.93,14.57
52601,2023,4.39,6.75
52623,2023,-0.19,3.57
52627,2022,16.36,8.47
52632,2023,-0.64,8.59
52637,2023,4.24,4.58
52639,2017,-13.38,-4.75
52640,2022,39.79,18.42
52641,2023,26.7,11.98
52645,2022,0.29,4.34
52653,2022,16.15,7.65
52655,2023,-10.29,6.14
52722,2023,7.71,9.06
52726,2023,8.04,8.51
52728,2020,10.51,1.86
52729,2021,-7.46,0.38
52730,2023,8.74,9.5
52732,2023,3.87,8.45
52738,2022,10.62,5.01
52742,2023,5.38,9.02
52745,2021,7.95,6.54
52746,2022,2.38,3.46
52747,2022,9.15,6.33
52748,2023,7.68,8.25
52749,2021,9.34,7.79
52750,2021,6.84,3.79
52751,2022,20.21,7.63
52753,2023,4.08,7.92
52754,2021,1.09,2.32
52755,2022,14.67,6.41
52756,2023,28.64,16.2
52761,2023,1.32,7.34
52766,2021,27.15,10.93
52768,2022,7.99,8.98
52772,2023,9.56,12.46
52773,2022,17.94,11.44
52776,2023,9.96,8.83
52777,2022,21.88,9.44
52778,2023,9.86,5.91
52802,2023,0.04,5.86
52803,2023,5.7,6.56
52804,2023,6.44,8.07
52806,2023,6.06,8.78
52807,2023,5.47,7.38
53001,2022,-2.51,3.3
53002,2022,9.23,6.8
53004,2023,-7.45,5.84
53005,2023,9.48,10.66
53006,2022,18.53,10.44
53007,2022,14.12,7.56
53010,2023,13.97,9.35
53011,2023,9.87,9.79
53012,2023,13.04,11.32
53013,2023,16.17,12.61
53014,2023,13.49,14.48
53015,2022,24.78,11.0
53017,2023,17.48,10.96
53018,2023,16.18,12.29
53019,2022,28.72,12.84
53020,2023,5.49,12.65
53021,2023,13.42,13.26
53022,2023,10.51,10.64
53023,2022,1.69,6.07
53024,2023,10.36,9.93
53027,2023,12.36,11.76
53029,2023,11.1,10.86
53032,2023,21.59,15.62
53033,2023,4.17,8.3
53034,2022,12.35,10.34
53035,2022,23.56,10.65
53036,2023,12.77,12.42
53037,2023,4.98,9.74
53038,2023,12.43,10.71
53039,2023,34.01,17.24
53040,2023,6.22,11.02
53042,2023,26.44,17.83
53044,2023,6.01,8.33
53045,2023,9.32,10.58
53046,2022,6.76,6.76
53048,2023,21.02,12.27
53049,2023,-0.09,9.02
53050,2023,16.6,13.56
53051,2023,11.0,10.74
53057,2023,13.31,11.16
53058,2023,25.95,16.11
53059,2023,-4.34,12.17
53061,2023,7.26,11.39
53063,2022,27.64,11.3
53065,2023,29.19,15.17
53066,2023,11.41,12.4
53069,2021,4.24,4.91
53070,2023,8.36,9.75
53072,2023,8.0,10.26
53073,2023,9.18,9.87
53074,2023,12.37,9.28
53075,2023,3.68,8.09
53076,2023,13.99,11.94
53078,2022,4.34,5.35
53079,2022,28.88,11.66
53080,2023,8.12,7.88
53081,2023,17.98,15.09
53083,2023,12.87,13.37
53085,2023,9.7,10.75
53086,2023,14.49,11.43
53089,2023,12.91,11.64
53090,2023,9.89,11.14
53091,2023,-12.67,10.36
53092,2023,1.88,7.48
53093,2022,10.38,7.98
53094,2023,7.0,11.15
53095,2023,5.3,10.62
53097,2023,7.28,9.81
53098,2023,4.12,10.08
53103,2023,4.76,10.15
53104,2023,2.34,6.75
53105,2023,6.67,10.38
53108,2023,3.11,10.97
53110,2023,11.9,12.38
53114,2023,16.37,11.69
53115,2023,12.63,13.66
53118,2023,9.23,9.96
53119,2023,2.71,9.36
53120,2023,9.95,12.37
53121,2023,11.45,10.97
53122,2023,12.26,10.13
53125,2023,36.24,19.92
53126,2023,0.59,8.49
53128,2023,7.38,10.18
53129,2023,15.38,11.59
53130,2023,5.52,8.71
53132,2023,9.71,10.39
53137,2023,10.93,10.35
53139,2023,33.86,13.48
53140,2023,5.86,9.32
53142,2023,6.85,10.0
53143,2023,6.76,9.6
53144,2023,3.12,8.44
53146,2023,12.32,11.48
53147,2023,16.49,14.32
53149,2023,9.12,10.53
53150,2023,6.11,9.01
53151,2023,11.05,10.5
53153,2023,2.92,11.02
53154,2023,10.24,9.81
53156,2023,8.2,9.75
53158,2023,6.61,8.67
53167,2012,-5.57,-4.04
53168,2023,7.31,11.66
53170,2023,11.11,12.25
53172,2023,9.96,12.31
53177,2023,-0.53,7.21
53178,2023,3.77,9.05
53179,2023,11.07,9.7
53181,2023,12.76,11.69
53182,2023,9.27,11.7
53183,2023,13.3,11.55
53184,2023,14.2,13.22
53185,2023,8.39,10.76
53186,2023,9.09,10.88
53188,2023,11.46,11.17
53189,2023,7.38,9.99
53190,2023,8.4,10.07
53191,2023,4.81,13.12
53202,2022,16.36,7.49
53204,2023,6.93,11.46
53206,2022,-1.32,-4.09
53207,2023,12.04,11.72
53208,2023,17.68,13.48
53209,2023,13.97,12.14
53210,2023,10.42,10.38
53211,2023,11.42,10.29
53212,2023,3.2,8.77
53213,2023,13.25,11.34
53214,2023,10.47,12.04
53215,2023,9.39,12.76
53216,2023,4.46,12.03
53217,2023,10.33,10.7
53218,2023,9.16,14.1
53219,2023,13.84,12.95
53220,2023,9.19,11.5
53221,2023,13.03,11.95
53222,2023,10.69,11.59
53223,2023,10.7,13.24
53224,2023,8.7,11.42
53225,2023,5.11,11.49
53226,2023,9.38,10.21
53227,2023,16.37,13.37
53228,2023,9.72,11.2
53235,2023,19.02,15.73
53402,2023,13.15,12.29
53403,2023,18.81,13.58
53404,2023,0.27,9.07
53405,2023,11.73,11.45
53406,2023,12.97,11.62
53502,2023,4.12,9.72
53503,2023,5.2,11.14
53504,2022,13.23,7.01
53506,2021,26.15,12.84
53507,2023,22.94,14.0
53508,2023,13.81,12.78
53510,2021,7.99,3.98
53511,2023,7.36,13.13
53515,2023,12.35,10.67
53516,2023,12.83,14.4
53517,2023,-2.19,6.06
53518,2021,11.36,16.19
53520,2023,2.26,11.32
53521,2023,12.59,12.03
53522,2021,2.84,2.51
53523,2023,10.27,12.46
53525,2023,18.24,14.01
53526,2021,13.47,4.92
53527,2023,13.15,11.33
53528,2023,13.67,11.48
53529,2023,7.25,11.01
53530,2023,-1.9,9.66
53531,2023,8.56,9.87
53532,2023,8.5,10.91
53533,2023,11.06,11.6
53534,2023,7.75,10.74
53536,2023,8.28,10.27
53537,2022,1.0,7.94
53538,2023,14.64,12.19
53543,2021,5.58,1.02
53544,2021,-6.26,-0.25
53545,2023,12.38,13.33
53546,2023,7.75,11.9
53548,2023,12.92,13.12
53549,2023,7.35,12.11
53550,2022,32.61,13.59
53551,2023,12.22,10.94
53555,2023,16.06,12.71
53556,2022,12.56,8.48
53558,2023,14.55,11.93
53559,2023,6.34,10.06
53560,2023,5.58,7.31
53561,2023,9.87,10.31
53562,2023,8.06,9.61
53563,2023,8.06,11.59
53565,2023,17.41,15.43
53566,2023,7.58,12.06
53570,2023,20.81,16.84
53572,2023,9.46,10.38
53573,2023,1.09,13.17
53574,2023,14.44,13.64
53575,2023,10.19,11.1
53576,2023,11.8,13.79
53577,2022,16.59,9.64
53578,2023,6.41,11.43
53579,2023,-2.6,8.77
53581,2023,9.77,11.2
53582,2023,23.24,16.06
53583,2023,1.3,9.35
53585,2022,5.69,7.78
53586,2021,-0.11,5.92
53587,2022,22.99,17.78
53588,2023,15.45,12.66
53589,2023,7.54,10.78
53590,2023,6.81,10.4
53593,2023,11.14,10.76
53594,2023,21.47,13.81
53597,2023,7.53,10.3
53598,2023,6.96,9.87
53703,2023,5.4,10.11
53704,2023,9.81,11.8
53705,2023,11.64,12.22
53711,2023,8.56,11.55
53713,2023,8.52,11.09
53714,2023,11.33,12.63
53715,2023,13.5,9.39
53716,2023,11.99,12.31
53717,2023,11.01,11.46
53718,2023,8.13,11.38
53719,2023,10.85,11.88
53726,2023,22.47,10.85
53803,2022,13.06,11.63
53805,2023,-8.06,9.53
53806,2021,20.71,7.44
53807,2023,-4.17,6.53
53808,2021,12.18,5.24
53809,2023,-11.4,4.46
53811,2022,11.13,7.53
53812,2021,8.94,4.34
53813,2023,21.97,11.84
53818,2023,4.89,7.82
53820,2021,9.89,6.02
53821,2023,17.79,12.07
53901,2023,12.35,11.28
53910,2023,4.32,10.43
53911,2023,18.5,14.94
53913,2023,12.15,12.0
53916,2023,10.09,10.83
53919,2022,25.63,10.89
53920,2021,20.97,21.01
53922,2021,3.14,1.93
53923,2023,19.56,12.38
53924,2022,26.02,6.26
53925,2023,7.14,8.7
53926,2021,5.47,3.85
53929,2022,10.27,8.2
53930,2022,9.42,6.65
53932,2023,5.12,10.77
53933,2022,7.28,9.03
53934,2023,-4.36,8.46
53936,2022,37.15,14.05
53937,2021,-12.29,-3.47
53941,2023,15.47,16.88
53943,2021,-0.01,8.92
53944,2022,0.71,5.66
53946,2023,7.35,12.79
53948,2023,-0.43,10.33
53949,2023,4.73,13.9
53950,2023,9.09,14.34
53951,2022,5.92,6.35
53952,2023,10.38,15.72
53954,2023,14.13,11.54
53955,2023,5.15,9.58
53956,2023,15.99,15.47
53959,2023,4.32,13.14
53960,2023,6.06,9.7
53961,2021,18.98,9.66
53963,2023,20.05,13.82
53964,2023,3.52,10.15
53965,2023,17.0,15.71
53968,2022,15.38,10.74
54001,2023,28.24,20.74
54002,2023,6.78,12.21
54003,2022,8.74,8.78
54004,2023,15.2,13.69
54005,2023,1.37,11.57
54006,2022,22.3,12.79
54007,2023,4.41,10.14
54009,2023,2.84,13.31
54011,2023,9.27,12.73
54013,2023,-9.11,4.6
54014,2023,12.53,11.0
54015,2023,7.0,10.95
54016,2023,4.09,9.33
54017,2023,4.51,10.53
54020,2023,11.5,13.09
54021,2023,11.64,12.18
54022,2023,5.75,10.1
54023,2023,6.35,7.94
54024,2023,22.32,14.02
54025,2023,13.53,12.35
54026,2023,3.66,9.98
54027,2022,13.88,9.2
54028,2023,23.23,17.48
54082,2022,6.45,6.66
54101,2023,27.25,18.54
54102,2022,9.18,14.18
54104,2022,23.36,15.49
54106,2023,3.54,12.08
54107,2023,32.97,17.39
54110,2023,18.26,14.85
54111,2022,21.75,11.5
54112,2023,11.43,12.22
54113,2023,13.19,12.49
54114,2023,31.03,19.58
54115,2023,9.8,11.68
54121,2023,-6.82,10.2
54124,2023,19.34,16.14
54126,2023,34.04,18.51
54128,2021,12.55,8.44
54129,2023,7.91,11.42
54130,2023,20.08,14.86
54135,2021,18.88,5.45
54136,2023,18.01,13.4
54137,2022,24.95,16.42
54138,2022,11.01,9.6
54139,2023,2.69,14.27
54140,2023,14.48,13.68
54141,2023,35.08,19.64
54143,2023,9.4,13.34
54149,2023,30.55,17.45
54151,2023,20.73,15.57
54153,2023,15.77,14.29
54154,2023,7.98,12.33
54155,2023,12.74,13.32
54156,2022,47.07,16.85
54157,2023,18.3,13.28
54159,2022,14.67,11.5
54161,2022,11.63,7.7
54162,2023,5.82,10.97
54165,2023,3.25,12.2
54166,2023,15.46,14.14
54169,2023,21.49,14.77
54170,2023,4.72,8.45
54171,2023,15.84,14.42
54173,2023,5.98,11.32
54174,2023,9.41,14.6
54175,2022,29.61,12.46
54177,2022,30.69,14.55
54180,2023,10.5,11.58
54201,2023,2.8,12.35
54202,2022,35.39,14.6
54204,2022,28.51,13.63
54205,2023,32.28,18.38
54208,2023,16.97,15.5
54209,2022,20.06,12.05
54210,2022,20.2,12.7
54211,2013,-9.19,-2.44
54212,2021,9.34,5.92
54213,2022,13.8,9.61
54214,2020,-1.19,0.88
54216,2023,20.06,13.79
54217,2023,12.45,14.48
54220,2023,20.59,15.54
54227,2023,21.7,15.28
54228,2023,26.5,15.47
54229,2023,19.42,15.38
54230,2022,17.33,8.35
54232,2021,-3.0,-9.42
54234,2021,15.58,6.73
54235,2023,15.04,16.0
54241,2023,20.11,17.07
54245,2023,20.81,12.8
54246,2021,6.74,5.64
54247,2022,18.24,9.21
54301,2023,13.33,13.25
54302,2023,16.66,14.61
54303,2023,15.25,13.36
54304,2023,15.31,14.39
54311,2023,12.96,13.75
54313,2023,10.23,12.53
54401,2023,13.2,11.84
54403,2023,8.14,11.23
54405,2023,25.68,16.07
54406,2023,20.01,11.58
54407,2021,18.59,7.94
54408,2021,14.28,8.55
54409,2023,2.99,6.93
54410,2021,-1.04,3.23
54411,2022,22.25,9.66
54412,2021,5.94,3.6
54414,2022,24.12,11.02
54420,2021,10.74,2.14
54421,2022,14.07,9.97
54423,2023,11.61,10.14
54424,2022,29.06,13.06
54425,2021,12.94,5.65
54426,2022,5.88,5.14
54427,2021,18.68,8.84
54428,2022,10.85,9.64
54433,2022,11.81,7.41
54435,2022,9.6,8.55
54436,2022,51.3,15.95
54437,2022,20.0,9.41
54440,2022,1.09,3.14
54441,2023,22.18,14.21
54442,2021,9.23,4.9
54443,2022,16.37,8.51
54446,2023,13.07,10.93
54448,2023,9.98,9.31
54449,2023,9.91,9.8
54451,2023,-0.8,9.54
54452,2023,11.23,11.85
54454,2021,1.62,2.54
54455,2023,6.27,10.25
54456,2023,3.28,7.89
54457,2023,6.92,12.9
54459,2022,0.54,13.02
54460,2021,11.39,6.05
54463,2021,8.59,1.95
54465,2021,9.59,5.58
54466,2023,3.63,11.56
54467,2023,12.42,10.85
54469,2023,17.55,15.82
54470,2022,22.18,10.53
54471,2021,-1.04,1.45
54473,2023,18.58,16.05
54474,2023,5.06,11.74
54475,2021,2.25,3.82
54476,2023,8.55,11.36
54479,2022,17.72,9.77
54480,2021,9.28,1.54
54481,2023,11.69,12.05
54482,2023,23.0,13.92
54484,2021,7.45,4.7
54486,2021,21.15,6.36
54487,2023,12.92,13.26
54488,2021,19.31,7.73
54489,2022,20.54,12.12
54490,2021,6.61,0.92
54491,2022,7.08,4.62
54493,2021,-2.7,7.96
54494,2023,13.79,13.3
54495,2023,18.89,15.08
54498,2021,6.71,5.47
54499,2023,57.35,21.31
54501,2023,6.77,13.25
54511,2021,2.9,-8.53
54512,2021,5.42,3.36
54514,2021,5.67,4.51
54519,2021,10.79,5.42
54520,2021,14.05,5.54
54521,2023,12.91,17.97
54529,2022,17.13,10.21
54531,2022,25.56,11.65
54534,2022,9.54,6.42
54538,2022,1.51,1.49
54539,2022,20.95,11.65
54540,2022,37.66,15.04
54545,2021,7.78,5.67
54548,2023,3.57,11.19
54550,2021,16.78,2.35
54552,2023,13.39,17.66
54554,2022,-12.25,3.36
54555,2023,13.97,14.61
54556,2021,29.11,9.67
54557,2022,43.08,15.33
54558,2023,29.97,18.41
54562,2023,15.93,13.49
54566,2021,14.68,8.7
54568,2023,25.65,14.18
54601,2023,10.14,11.74
54603,2023,6.84,10.81
54610,2021,7.04,6.69
54612,2022,24.03,10.94
54613,2022,15.17,8.44
54614,2023,10.7,9.96
54615,2023,22.53,15.42
54616,2022,0.52,5.34
54618,2022,2.84,2.8
54619,2021,3.17,5.12
54621,2021,7.56,2.13
54622,2023,8.17,12.76
54623,2023,-2.0,9.49
54624,2022,3.7,7.41
54626,2015,0.75,-2.54
54627,2021,6.84,2.52
54629,2022,6.02,7.66
54630,2022,13.32,7.7
54631,2021,2.12,3.87
54632,2021,4.67,1.58
54634,2023,-8.32,11.6
54635,2021,-3.26,-2.69
54636,2023,12.09,11.3
54638,2022,49.9,19.39
54639,2021,10.31,5.4
54642,2021,3.64,1.33
54644,2022,17.5,9.51
54646,2023,19.33,17.82
54648,2021,24.28,10.26
54650,2023,8.67,9.68
54653,2021,13.4,8.09
54656,2023,6.29,10.58
54658,2023,7.68,12.66
54659,2021,15.73,8.58
54660,2023,0.04,7.71
54661,2023,3.97,11.32
54664,2022,41.08,15.49
54665,2023,23.0,15.29
54666,2023,45.57,21.2
54667,2023,8.94,11.8
54669,2023,7.29,11.28
54670,2021,8.17,8.95
54701,2023,9.4,11.35
54703,2023,12.67,12.77
54720,2023,7.44,11.8
54721,2022,19.01,14.21
54722,2023,-1.2,10.92
54723,2022,5.09,5.26
54724,2023,2.56,9.15
54725,2022,4.55,8.04
54726,2022,9.63,7.67
54727,2023,13.88,11.26
54728,2023,2.45,11.53
54729,2023,11.48,12.54
54730,2023,3.44,11.9
54732,2023,5.96,15.35
54733,2021,17.3,8.18
54734,2021,5.1,9.62
54736,2023,10.33,12.75
54738,2023,11.01,12.59
54739,2023,16.85,13.62
54740,2022,12.13,9.56
54742,2023,3.11,12.51
54745,2022,6.73,5.13
54747,2022,0.29,3.69
54748,2022,15.74,9.6
54749,2023,22.77,13.31
54750,2021,17.1,9.0
54751,2023,8.29,12.35
54754,2021,19.21,11.37
54755,2023,10.55,12.59
54757,2023,8.2,10.98
54758,2023,5.61,11.85
54759,2022,8.67,7.51
54761,2023,14.56,14.48
54762,2021,23.41,11.66
54763,2021,23.04,5.25
54767,2023,1.53,8.42
54768,2023,5.36,10.24
54769,2021,13.21,4.81
54770,2022,22.21,12.0
54771,2023,5.41,10.98
54772,2021,19.62,9.33
54773,2023,4.96,7.58
54801,2023,15.58,16.52
54805,2021,21.88,7.97
54806,2023,13.96,13.13
54810,2023,14.84,17.32
54812,2023,10.55,17.27
54814,2022,22.15,8.35
54817,2022,12.1,11.5
54819,2021,9.09,7.05
54820,2021,3.66,5.11
54821,2022,-2.26,-1.29
54822,2023,15.59,14.86
54824,2023,-9.46,8.95
54826,2022,28.41,12.95
54829,2023,11.26,15.1
54830,2023,25.34,18.89
54836,2022,-3.27,3.78
54837,2023,-9.54,9.21
54838,2023,-14.4,7.44
54840,2023,9.63,13.74
54843,2023,15.73,14.94
54847,2023,-1.44,6.35
54848,2022,21.06,15.1
54849,2023,19.51,15.5
54850,2021,5.8,4.8
54853,2023,16.99,15.86
54854,2022,26.74,12.12
54856,2021,10.65,8.38
54858,2023,20.71,15.79
54859,2022,22.06,14.44
54864,2021,11.83,5.58
54868,2023,5.99,10.6
54870,2023,39.17,18.18
54871,2022,33.11,14.63
54872,2023,10.22,11.16
54873,2023,6.97,11.99
54874,2023,8.65,12.13
54875,2021,15.84,7.73
54876,2023,14.9,7.92
54880,2023,10.24,13.4
54888,2022,0.44,5.92
54889,2023,1.96,12.88
54891,2022,29.4,14.51
54893,2023,16.75,15.21
54895,2021,28.17,10.26
54896,2022,26.5,16.94
54901,2023,9.57,11.32
54902,2023,9.85,12.61
54904,2023,8.73,12.14
54909,2023,23.85,15.86
54911,2023,14.92,13.4
54913,2023,12.31,11.03
54914,2023,10.63,12.55
54915,2023,14.79,13.24
54921,2021,5.51,4.22
54922,2021,9.54,8.22
54923,2023,18.96,12.85
54927,2021,9.21,4.53
54929,2023,15.35,13.26
54930,2021,-2.46,-0.09
54932,2023,26.44,14.23
54935,2023,14.86,13.5
54937,2023,12.83,12.15
54940,2023,-1.43,9.24
54941,2022,15.18,11.74
54942,2023,9.93,11.04
54943,2022,34.26,13.74
54944,2023,12.36,13.12
54945,2023,12.48,8.9
54947,2023,8.78,11.09
54949,2023,11.13,17.28
54950,2022,13.61,9.5
54952,2023,13.62,12.89
54956,2023,11.26,12.18
54960,2023,3.55,11.32
54961,2023,3.99,10.57
54962,2022,13.06,8.2
54963,2023,11.26,12.57
54964,2022,15.29,9.55
54965,2022,9.12,9.79
54966,2023,26.87,20.94
54968,2023,25.08,13.8
54970,2022,12.5,10.94
54971,2023,7.32,11.81
54974,2022,12.54,8.65
54977,2022,12.89,8.56
54979,2023,30.35,20.29
54981,2023,5.53,11.09
54982,2023,19.29,15.49
54983,2023,9.21,13.13
54984,2023,23.28,16.33
54986,2023,7.16,11.32
55001,2023,-1.52,6.64
55003,2023,4.72,9.68
55005,2023,1.44,8.53
55006,2023,2.57,9.39
55007,2023,16.1,12.52
55008,2023,2.56,9.37
55009,2023,8.63,11.06
55011,2023,1.93,8.94
55012,2023,1.1,8.61
55013,2023,3.92,9.91
55014,2023,7.65,9.98
55016,2023,2.73,8.66
55017,2022,21.98,12.67
55018,2022,30.71,14.51
55019,2023,20.44,10.99
55020,2023,9.11,11.51
55021,2023,5.82,9.7
55024,2023,4.02,8.64
55025,2023,2.02,8.44
55026,2021,8.39,4.45
55027,2023,3.05,9.43
55030,2021,17.09,7.32
55031,2023,4.46,7.3
55032,2023,10.62,11.42
55033,2023,5.47,8.94
55037,2023,-1.42,9.12
55038,2023,6.01,8.95
55040,2023,7.93,11.24
55041,2023,7.28,11.87
55042,2023,2.13,8.03
55043,2023,3.26,9.56
55044,2023,2.63,8.27
55045,2023,3.46,11.04
55046,2023,9.16,8.8
55047,2023,28.98,18.4
55049,2023,9.35,11.79
55051,2023,10.04,10.15
55052,2022,21.91,10.03
55053,2022,3.73,7.55
55054,2023,5.88,7.86
55055,2023,-1.96,7.03
55056,2023,3.02,9.09
55057,2023,5.22,9.15
55060,2023,7.9,10.64
55063,2023,-0.82,11.15
55065,2023,8.3,11.76
55066,2023,6.04,9.55
55068,2023,3.93,8.53
55069,2023,6.05,11.61
55070,2023,8.67,11.03
55071,2023,6.13,9.94
55072,2023,13.17,10.85
55073,2023,5.65,11.17
55074,2023,3.35,9.63
55075,2023,5.37,8.11
55076,2023,1.2,8.42
55077,2023,3.54,8.33
55079,2023,6.57,11.59
55080,2023,8.55,10.49
55082,2023,4.42,9.01
55084,2023,2.12,10.0
55085,2021,11.86,8.23
55087,2020,18.77,8.17
55088,2022,2.64,7.45
55089,2023,19.53,15.45
55090,2021,2.68,9.72
55092,2023,0.15,8.07
55102,2023,0.97,6.49
55103,2023,4.7,7.41
55104,2023,-0.26,5.16
55105,2023,5.25,6.09
55106,2023,7.11,8.33
55107,2023,-1.1,6.22
55108,2023,-0.3,6.47
55109,2023,6.93,9.28
55110,2023,6.58,9.04
55112,2023,3.84,8.67
55113,2023,3.28,7.03
55114,2021,-1.5,0.29
55115,2023,1.42,6.69
55116,2023,4.07,6.57
55117,2023,0.54,7.42
55118,2023,3.11,7.39
55119,2023,2.34,7.92
55120,2023,1.97,6.67
55121,2023,5.05,8.03
55122,2023,3.89,9.37
55123,2023,5.97,8.98
55124,2023,0.55,7.74
55125,2023,2.75,8.62
55126,2023,2.41,7.46
55127,2023,3.35,8.22
55128,2023,4.1,8.39
55129,2023,-0.25,7.07
55130,2023,-1.89,6.27
55301,2023,3.75,8.49
55302,2023,-11.61,5.29
55303,2023,4.99,9.63
55304,2023,0.04,8.23
55305,2023,1.61,7.33
55306,2023,2.59,7.5
55307,2023,-3.84,5.27
55308,2023,-1.56,8.37
55309,2023,2.48,9.87
55311,2023,1.85,8.07
55312,2023,-8.04,5.18
55313,2023,1.83,8.69
55314,2021,9.05,7.31
55315,2023,-3.52,6.97
55316,2023,5.37,9.45
55317,2023,4.06,8.38
55318,2023,2.71,9.05
55319,2023,2.44,10.48
55320,2023,5.51,10.0
55321,2023,9.62,10.55
55322,2023,-0.63,6.76
55324,2023,16.74,15.75
55325,2023,1.57,8.94
55327,2023,-3.37,7.39
55328,2023,4.59,9.32
55329,2022,29.07,10.94
55330,2023,5.55,9.61
55331,2023,9.62,10.87
55332,2021,29.96,10.15
55334,2023,24.62,16.39
55335,2023,-16.02,2.51
55336,2023,12.09,9.75
55337,2023,1.08,8.25
55338,2022,12.19,7.72
55339,2023,9.5,10.62
55340,2023,-5.09,7.63
55341,2023,3.99,9.12
55342,2023,-2.97,10.38
55343,2023,4.98,7.3
55344,2023,2.28,7.97
55345,2023,4.55,9.02
55346,2023,2.46,7.66
55347,2023,1.11,8.11
55349,2023,14.92,13.91
55350,2023,7.91,10.69
55352,2023,5.17,8.84
55353,2023,-2.1,9.48
55354,2023,1.22,10.5
55355,2023,11.74,13.48
55356,2023,2.5,7.02
55357,2023,10.03,8.58
55358,2023,12.15,10.88
55359,2023,7.23,10.82
55360,2023,5.79,8.41
55362,2023,5.69,10.45
55363,2023,3.74,9.73
55364,2023,5.62,9.72
55367,2023,-4.0,3.27
55368,2023,13.27,11.93
55369,2023,1.4,8.03
55370,2022,25.77,11.65
55371,2023,4.03,10.28
55372,2023,3.41,9.01
55373,2023,4.73,8.95
55374,2023,1.23,7.83
55375,2023,3.65,9.01
55376,2023,6.38,8.88
55378,2023,3.14,8.97
55379,2023,3.57,8.41
55381,2023,6.6,10.5
55382,2023,10.46,11.47
55384,2023,3.36,8.08
55385,2021,4.62,3.07
55386,2023,3.66,8.17
55387,2023,-1.82,7.37
55388,2023,2.76,8.48
55389,2023,15.64,13.78
55390,2023,-0.65,6.19
55391,2023,5.27,8.5
55395,2023,10.16,12.53
55396,2023,10.05,8.21
55397,2023,16.88,11.7
55398,2023,7.81,12.13
55403,2023,13.4,9.6
55404,2023,-7.12,3.66
55405,2023,-2.58,3.85
55406,2023,0.7,4.97
55407,2023,1.44,4.77
55408,2023,1.89,4.2
55409,2023,2.98,4.87
55410,2023,4.2,5.64
55411,2023,-4.37,4.49
55412,2023,2.54,6.38
55413,2023,2.35,5.59
55414,2023,-7.47,1.94
55416,2023,-1.45,5.19
55417,2023,1.67,5.37
55418,2023,4.35,6.24
55419,2023,3.58,5.4
55420,2023,1.58,7.33
55421,2023,6.28,8.67
55422,2023,1.7,7.66
55423,2023,2.43,7.12
55424,2023,11.0,7.09
55425,2023,0.66,7.55
55426,2023,2.71,6.42
55427,2023,0.63,7.48
55428,2023,0.14,6.95
55429,2023,4.26,8.07
55430,2023,8.59,8.6
55431,2023,6.56,8.48
55432,2023,3.83,8.59
55433,2023,0.75,7.74
55434,2023,2.83,8.89
55435,2023,-0.63,7.42
55436,2023,4.84,6.92
55437,2023,2.36,7.11
55438,2023,3.96,8.79
55439,2023,4.11,9.16
55441,2023,-0.1,7.55
55442,2023,3.96,8.58
55443,2023,5.35,9.75
55444,2023,4.25,9.8
55445,2023,2.55,8.86
55446,2023,4.71,7.4
55447,2023,3.27,8.93
55448,2023,5.33,9.12
55449,2023,3.73,8.62
55604,2023,-1.75,9.72
55612,2021,1.37,5.18
55614,2023,12.28,13.75
55616,2023,-0.98,10.36
55702,2021,48.73,7.7
55705,2023,41.99,24.57
55706,2022,7.23,7.09
55707,2023,14.84,14.34
55709,2023,-5.33,6.4
55710,2022,13.93,9.41
55717,2021,-6.44,-3.37
55718,2023,12.89,13.0
55719,2023,12.59,10.79
55720,2023,17.1,13.07
55721,2023,2.64,11.18
55722,2022,24.98,11.47
55723,2023,39.95,18.08
55724,2021,7.42,6.46
55726,2022,3.06,10.28
55731,2023,2.3,12.86
55733,2023,18.52,15.38
55734,2023,10.0,14.35
55735,2023,-4.61,7.51
55736,2021,17.4,5.65
55741,2023,1.64,7.98
55744,2023,13.45,12.68
55746,2023,10.46,12.1
55750,2023,17.92,11.18
55751,2021,14.74,4.01
55760,2023,28.03,19.82
55767,2023,-16.27,7.56
55768,2022,7.27,7.1
55769,2023,7.51,7.2
55771,2022,11.49,13.16
55775,2022,31.43,16.34
55779,2023,10.18,8.59
55781,2022,5.43,8.1
55783,2023,19.78,15.02
55790,2021,2.72,2.18
55792,2023,12.98,10.54
55795,2021,11.94,5.13
55797,2022,19.97,12.41
55802,2022,7.49,9.02
55803,2023,9.06,11.15
55804,2023,5.83,10.29
55805,2023,13.13,11.33
55806,2023,5.35,9.81
55807,2023,5.99,10.73
55808,2023,19.58,12.4
55810,2023,3.36,8.66
55811,2023,6.18,10.12
55812,2023,4.37,8.93
55901,2023,3.28,8.82
55902,2023,5.73,8.92
55904,2023,6.41,10.09
55906,2023,1.79,8.15
55909,2021,15.6,6.7
55910,2022,-2.35,2.82
55912,2023,3.46,10.29
55917,2023,14.12,10.05
55918,2022,2.76,10.58
55919,2022,2.24,5.34
55920,2023,5.85,9.24
55921,2023,12.26,12.53
55923,2023,4.74,9.15
55924,2022,15.54,10.36
55925,2022,12.78,2.68
55926,2022,12.29,12.5
55927,2023,7.51,12.23
55929,2022,18.89,10.07
55932,2023,-7.51,7.53
55934,2023,5.56,9.56
55935,2023,3.04,7.26
55936,2023,6.71,9.9
55939,2023,12.41,12.87
55940,2023,3.67,6.94
55941,2021,6.77,4.34
55943,2023,24.75,14.84
55944,2023,1.55,8.71
55945,2021,1.52,2.76
55946,2023,4.81,10.73
55947,2023,13.75,10.62
55949,2023,18.43,14.92
55951,2022,34.82,17.04
55952,2023,1.78,9.8
55953,2020,8.67,7.45
55955,2023,6.35,8.61
55956,2022,10.97,5.98
55959,2023,17.72,10.79
55960,2023,11.57,12.74
55963,2023,-2.11,7.39
55964,2023,1.79,9.91
55965,2023,34.93,14.29
55967,2022,10.93,7.02
55969,2022,16.8,8.08
55970,2021,3.18,-9.21
55971,2023,7.78,10.57
55972,2023,6.67,9.57
55974,2023,-20.6,4.76
55975,2023,1.86,7.56
55976,2023,4.34,8.06
55979,2021,13.59,7.97
55981,2023,15.21,11.84
55983,2022,22.68,11.26
55985,2023,4.17,7.65
55987,2023,9.61,10.15
55991,2021,13.4,3.55
55992,2023,-0.78,8.76
56001,2023,6.92,9.12
56003,2023,6.56,9.53
56007,2023,7.24,9.4
56009,2021,-3.96,4.62
56010,2021,2.99,7.66
56011,2023,1.22,9.13
56013,2023,-17.29,6.95
56016,2022,21.47,11.38
56017,2023,18.11,13.08
56021,2022,13.57,8.54
56024,2023,25.2,13.63
56026,2023,4.59,6.14
56028,2021,9.37,4.82
56031,2023,6.77,8.31
56034,2021,-0.58,12.64
56036,2022,16.79,5.16
56037,2023,12.91,12.03
56041,2022,8.26,8.15
56044,2023,-14.11,4.94
56048,2023,11.58,9.29
56050,2022,24.41,9.37
56052,2021,4.82,5.53
56054,2022,12.86,13.02
56055,2023,2.82,9.76
56057,2023,12.7,11.02
56058,2023,-4.91,5.92
56062,2023,10.96,11.14
56063,2023,4.5,8.93
56065,2022,29.11,11.11
56068,2021,-8.56,-3.07
56069,2023,4.56,8.78
56071,2023,5.4,9.59
56072,2023,28.46,8.67
56073,2023,5.46,8.42
56074,2022,16.0,7.64
56080,2021,0.37,3.71
56081,2023,25.69,14.31
56082,2023,8.41,9.31
56085,2022,16.32,8.33
56087,2023,-1.28,11.74
56088,2023,12.86,11.33
56093,2023,9.78,11.32
56096,2023,15.81,13.7
56097,2023,-2.84,7.6
56098,2021,9.03,6.66
56101,2023,-6.76,7.6
56110,2021,-0.71,1.08
56128,2021,18.51,7.02
56131,2021,2.19,3.64
56138,2020,11.83,8.04
56143,2023,-6.07,6.87
56149,2021,15.94,4.14
56150,2022,20.84,11.12
56156,2023,5.56,9.74
56157,2021,10.88,2.34
56159,2023,6.76,12.42
56164,2023,6.33,11.45
56171,2023,-8.58,4.07
56172,2023,8.55,8.58
56175,2023,13.13,13.52
56176,2023,10.65,13.49
56178,2022,15.26,4.99
56181,2023,-4.3,9.78
56187,2023,3.77,10.01
56201,2023,4.97,9.28
56208,2021,-8.83,6.81
56209,2023,-0.78,7.53
56215,2023,-10.67,6.1
56220,2023,15.36,11.79
56222,2022,35.19,20.75
56223,2022,12.0,11.17
56228,2021,33.53,24.23
56229,2023,3.47,13.32
56232,2023,20.71,12.43
56241,2022,16.93,9.09
56243,2022,24.59,10.45
56244,2022,22.15,11.02
56251,2021,11.48,5.47
56252,2022,12.38,7.79
56253,2022,5.41,5.45
56256,2022,17.46,7.44
56258,2023,1.15,7.09
56264,2023,9.74,7.31
56265,2023,11.07,11.71
56266,2021,2.03,2.64
56267,2023,-2.65,6.71
56271,2022,39.96,16.85
56273,2023,19.87,14.47
56277,2023,50.87,14.29
56278,2023,12.3,12.79
56279,2022,13.82,8.75
56281,2021,9.37,9.07
56282,2022,6.12,7.24
56283,2023,8.37,5.37
56284,2021,5.0,4.21
56288,2023,17.52,13.19
56289,2022,63.79,24.0
56293,2022,5.45,2.36
56296,2021,8.85,3.39
56301,2023,8.55,10.3
56303,2023,8.57,11.27
56304,2023,5.67,11.02
56307,2023,6.39,10.17
56308,2023,9.19,12.29
56309,2022,29.58,13.35
56310,2023,15.95,14.26
56312,2023,-4.71,9.21
56314,2023,33.53,18.0
56315,2022,5.79,6.73
56316,2021,13.22,8.09
56318,2022,45.14,19.24
56319,2022,43.27,16.94
56320,2023,5.12,9.29
56324,2022,-4.93,4.19
56326,2022,14.64,10.99
56327,2022,11.34,9.34
56329,2023,9.79,11.04
56330,2023,7.99,7.75
56331,2022,13.2,9.01
56332,2022,9.63,6.36
56334,2023,1.86,9.57
56336,2022,13.04,7.7
56338,2023,8.44,11.64
56339,2022,-0.14,8.24
56340,2023,6.16,10.84
56342,2023,7.04,10.8
56343,2021,13.62,7.43
56345,2023,6.27,9.61
56347,2023,11.5,11.38
56349,2021,-2.39,-1.23
56352,2023,10.03,10.73
56353,2023,2.91,10.58
56354,2021,15.33,8.19
56355,2021,13.29,4.01
56357,2022,30.1,11.18
56358,2023,0.76,12.06
56359,2023,7.25,19.01
56360,2023,-2.02,13.47
56361,2022,23.12,11.57
56362,2023,9.94,10.65
56364,2023,12.98,11.9
56367,2023,5.36,10.92
56368,2023,8.05,11.61
56369,2022,8.14,3.66
56373,2023,-3.59,7.78
56374,2023,7.22,11.02
56375,2022,7.23,9.83
56377,2023,5.13,9.16
56378,2023,-0.77,9.93
56379,2023,9.08,10.77
56381,2023,10.91,11.78
56382,2022,2.05,6.29
56385,2021,2.2,17.4
56387,2023,4.68,10.69
56401,2023,9.02,12.18
56425,2023,1.7,12.75
56431,2023,9.51,13.5
56433,2022,23.16,14.41
56435,2023,1.21,11.65
56438,2023,-13.22,12.28
56441,2023,22.08,18.13
56442,2023,23.7,19.39
56443,2022,9.99,8.51
56444,2023,25.21,17.7
56446,2021,17.17,12.12
56447,2023,2.45,13.58
56448,2021,11.48,5.42
56449,2022,23.02,10.21
56450,2023,-9.24,13.76
56452,2023,14.28,14.34
56455,2023,18.17,12.05
56461,2023,2.82,8.24
56464,2023,-1.83,11.22
56465,2023,9.73,10.55
56466,2023,1.91,14.11
56467,2022,19.74,10.54
56468,2023,13.49,15.06
56469,2023,12.96,12.76
56470,2023,10.32,12.76
56472,2023,1.38,13.15
56473,2023,9.47,13.89
56474,2023,24.86,13.02
56475,2022,15.63,12.09
56477,2023,-11.2,3.93
56479,2023,-6.0,10.3
56481,2022,1.36,10.48
56482,2023,5.48,10.15
56484,2023,6.49,9.47
56501,2023,1.13,8.23
56510,2023,10.15,13.08
56511,2023,-12.97,4.85
56514,2023,4.02,8.35
56515,2023,9.68,11.22
56520,2023,2.03,8.4
56524,2021,4.02,-0.49
56527,2021,8.66,7.58
56528,2022,9.61,5.27
56529,2023,0.01,5.81
56531,2023,-5.56,9.87
56534,2021,2.17,7.74
56535,2022,22.0,9.35
56537,2023,6.82,8.98
56540,2022,18.07,12.05
56542,2021,3.48,4.6
56544,2023,1.27,8.09
56547,2023,24.3,16.76
56549,2023,1.42,7.0
56551,2022,17.52,10.5
56554,2023,6.42,10.62
56557,2022,40.5,9.91
56560,2023,5.49,7.52
56567,2023,14.09,9.37
56570,2022,20.89,8.45
56571,2023,5.93,8.99
56572,2023,8.56,11.48
56573,2023,18.38,13.07
56575,2021,4.85,-1.31
56576,2021,7.71,4.99
56578,2022,8.97,7.29
56579,2022,22.0,12.82
56580,2021,7.67,2.08
56586,2022,15.21,7.99
56587,2023,13.47,13.13
56588,2021,8.66,7.59
56589,2022,26.04,9.75
56601,2023,4.61,10.26
56621,2023,9.64,8.45
56623,2023,1.55,9.73
56628,2023,-9.97,14.15
56630,2021,14.82,6.7
56633,2023,-2.1,7.78
56636,2023,8.52,12.83
56647,2021,1.86,4.4
56649,2023,-3.47,10.36
56653,2023,-20.59,2.97
56655,2023,-2.85,14.41
56662,2023,10.04,15.88
56672,2023,31.6,20.49
56676,2021,17.67,6.82
56678,2021,1.13,0.59
56683,2022,-7.47,2.76
56701,2023,-1.74,5.09
56716,2023,-1.71,5.66
56721,2023,5.16,5.96
56723,2022,16.46,9.42
56736,2022,14.45,6.88
56750,2022,2.18,6.7
56751,2023,2.67,11.98
56762,2022,16.96,8.55
56763,2023,3.72,8.77
57001,2022,42.41,18.06
57002,2022,17.08,9.69
57003,2023,9.34,13.2
57004,2023,2.15,11.09
57005,2023,5.51,10.48
57006,2023,9.32,9.32
57012,2022,35.13,14.81
57013,2023,2.42,11.97
57015,2022,19.27,8.45
57016,2021,17.75,3.51
57017,2022,39.23,14.6
57018,2022,-13.3,6.83
57020,2023,19.84,18.37
57022,2023,5.65,12.26
57025,2023,5.72,8.48
57028,2022,13.15,12.18
57029,2021,10.43,6.4
57030,2023,-4.43,8.93
57032,2023,11.83,13.06
57033,2023,5.87,10.1
57035,2021,0.08,3.6
57038,2022,11.14,9.75
57039,2023,23.38,18.34
57042,2023,12.72,12.26
57048,2021,2.16,6.68
57049,2023,12.49,7.59
57053,2022,22.31,10.03
57055,2022,19.61,11.57
57058,2023,10.34,10.51
57064,2023,4.11,12.55
57068,2022,25.68,13.02
57069,2023,-0.21,8.16
57070,2023,8.31,15.55
57071,2022,46.11,18.4
57075,2022,27.57,12.09
57077,2022,20.68,10.5
57078,2023,7.41,10.64
57103,2023,5.75,11.58
57104,2023,5.95,11.95
57105,2023,8.33,12.05
57106,2023,6.21,11.35
57107,2023,3.2,11.33
57108,2023,3.44,9.95
57110,2023,3.73,10.68
57201,2023,11.84,11.13
57212,2021,9.64,4.88
57216,2022,34.64,21.5
57223,2021,13.43,8.1
57226,2022,28.1,17.39
57231,2022,35.71,6.26
57234,2021,7.0,7.43
57248,2021,18.28,6.45
57252,2023,11.37,9.67
57274,2023,19.07,12.39
57301,2023,5.31,10.92
57311,2021,2.06,6.52
57325,2023,5.55,11.14
57350,2023,6.69,8.53
57366,2021,8.82,2.28
57369,2022,16.81,7.77
57401,2023,11.27,10.51
57430,2022,14.09,9.28
57445,2023,11.29,12.13
57451,2021,15.27,6.8
57469,2021,7.27,0.85
57479,2022,3.2,4.32
57501,2023,2.17,9.24
57532,2022,6.42,4.99
57580,2022,31.93,15.15
57601,2023,-9.03,3.55
57701,2023,6.54,13.9
57702,2023,11.71,15.71
57703,2023,6.15,13.5
57717,2023,-0.21,12.14
57718,2023,4.9,14.18
57719,2023,-7.39,13.31
57730,2023,14.95,17.36
57732,2023,-9.46,14.09
57744,2023,26.74,17.43
57745,2022,8.41,7.87
57747,2023,14.84,15.94
57754,2023,4.34,18.12
57769,2023,25.81,21.9
57783,2023,9.69,15.49
57785,2023,5.9,16.79
57793,2022,48.35,21.79
58005,2022,16.14,5.92
58012,2023,9.53,10.06
58021,2021,5.99,8.19
58042,2023,34.73,14.64
58045,2022,15.1,6.75
58047,2023,2.87,7.82
58051,2023,-13.2,4.33
58054,2023,-3.89,7.17
58059,2023,0.16,5.36
58072,2023,-3.09,6.34
58075,2023,9.02,9.52
58078,2023,6.63,8.28
58081,2021,27.2,8.44
58102,2023,2.45,7.36
58103,2023,5.46,7.53
58104,2023,6.24,8.09
58201,2023,3.73,5.91
58203,2023,2.71,4.94
58220,2022,10.52,3.9
58237,2023,1.15,7.37
58249,2022,3.24,4.41
58251,2022,9.92,7.78
58257,2022,-1.34,3.32
58267,2023,7.61,6.54
58270,2021,33.08,12.22
58278,2022,9.91,5.18
58301,2023,5.61,6.9
58318,2022,7.37,4.53
58368,2022,-4.11,1.53
58401,2023,3.95,6.08
58421,2023,18.33,8.69
58474,2023,-17.77,3.32
58501,2023,7.51,6.98
58503,2023,7.46,7.48
58504,2023,6.74,7.12
58523,2022,1.23,1.78
58545,2023,1.54,3.18
58554,2023,6.59,8.21
58558,2021,2.43,2.23
58563,2022,2.75,5.55
58577,2023,6.9,6.31
58579,2022,21.51,8.22
58601,2023,3.7,3.84
58623,2022,4.7,2.49
58701,2023,-2.48,4.48
58703,2023,-0.15,4.13
58722,2023,6.38,6.55
58785,2023,3.79,4.59
58790,2022,2.55,5.46
58801,2023,5.29,5.04
58854,2023,4.22,4.12
59001,2022,45.46,16.43
59011,2022,12.87,13.52
59014,2022,14.71,14.03
59019,2023,2.64,11.73
59030,2021,2.1,4.74
59034,2022,1.65,5.11
59037,2022,20.41,9.83
59041,2022,22.23,12.0
59044,2023,4.12,12.72
59047,2023,6.45,15.93
59057,2023,-1.96,15.59
59063,2023,15.86,13.94
59068,2023,17.44,21.4
59070,2022,50.85,21.59
59072,2023,34.16,23.02
59079,2023,9.15,15.6
59088,2023,-4.86,12.58
59101,2023,5.56,12.92
59102,2023,6.45,12.67
59105,2023,5.02,12.84
59106,2023,3.29,11.05
59230,2023,12.21,9.54
59270,2023,13.9,8.95
59301,2023,14.94,10.75
59313,2023,6.63,2.94
59323,2023,7.56,14.94
59327,2022,3.94,6.22
59330,2023,-0.53,4.43
59401,2023,8.47,13.13
59404,2023,10.67,14.34
59405,2023,7.28,13.66
59412,2022,20.25,14.39
59421,2023,5.27,19.02
59422,2023,12.89,13.15
59425,2023,7.29,8.03
59427,2023,-0.29,13.91
59436,2023,-9.14,13.33
59442,2022,11.68,10.62
59457,2023,10.76,15.77
59472,2021,-0.19,-0.77
59474,2023,26.21,11.7
59485,2022,25.46,12.57
59487,2022,14.75,9.43
59501,2023,4.44,7.3
59538,2023,3.28,6.84
59601,2023,10.32,15.86
59602,2023,6.24,15.67
59632,2023,4.08,12.92
59634,2023,8.83,19.26
59635,2023,7.73,16.7
59638,2021,22.72,10.59
59639,2022,14.29,10.09
59644,2023,8.41,17.11
59645,2023,-0.36,17.44
59701,2023,10.18,16.56
59711,2023,15.04,22.51
59714,2023,3.1,17.26
59715,2023,9.57,16.55
59718,2023,4.71,16.27
59722,2023,4.04,17.11
59725,2023,12.21,13.69
59729,2023,11.6,17.02
59730,2021,24.58,13.32
59741,2023,-5.68,15.84
59749,2022,9.23,9.79
59752,2023,5.15,16.26
59758,2021,23.17,12.27
59759,2023,-5.96,14.45
59801,2023,4.37,15.44
59802,2023,5.42,17.19
59803,2023,10.58,16.29
59804,2023,5.22,15.71
59808,2023,3.48,16.56
59820,2022,28.05,17.13
59821,2022,24.43,15.71
59823,2022,32.25,17.03
59824,2021,7.66,7.66
59825,2023,5.89,15.12
59828,2023,16.69,20.75
59829,2023,5.92,20.97
59833,2023,8.85,19.13
59834,2023,10.98,15.77
59840,2023,8.88,18.42
59846,2021,20.66,8.79
59847,2023,4.51,16.29
59858,2021,19.24,12.35
59859,2023,25.08,18.92
59860,2023,2.21,17.75
59864,2023,7.11,17.57
59865,2022,5.14,11.82
59866,2021,23.74,11.02
59868,2022,49.69,20.93
59870,2023,1.69,17.21
59872,2023,14.55,18.82
59873,2022,30.34,19.68
59874,2021,11.17,8.35
59875,2023,-4.86,13.92
59901,2023,9.23,18.93
59911,2023,10.98,19.52
59912,2023,1.74,19.52
59917,2023,24.54,22.13
59920,2023,17.91,25.49
59922,2023,4.63,17.86
59923,2023,3.52,14.7
59925,2021,25.86,11.33
59932,2022,31.18,19.85
59935,2023,-13.34,9.71
59937,2023,-0.6,18.45
60002,2023,8.14,10.52
60004,2023,6.74,7.84
60005,2023,9.08,8.02
60007,2023,7.99,8.2
60008,2023,9.87,9.27
60010,2023,7.57,7.77
60012,2023,12.9,10.37
60013,2023,6.1,9.78
60014,2023,10.01,11.42
60015,2023,7.05,7.59
60016,2023,6.67,7.73
60018,2023,2.88,6.31
60020,2023,12.46,13.93
60021,2023,6.54,10.2
60022,2023,8.2,9.33
60025,2023,6.87,6.2
60026,2023,7.56,7.18
60029,2021,-2.83,-3.24
60030,2023,11.72,11.94
60031,2023,8.67,9.14
60033,2023,7.12,11.93
60034,2023,11.35,5.98
60035,2023,5.47,8.8
60040,2022,18.11,9.09
60041,2023,5.85,10.37
60042,2023,12.6,11.75
60043,2022,17.76,8.11
60044,2023,1.51,6.82
60045,2023,2.97,7.58
60046,2023,4.65,10.64
60047,2023,6.54,7.82
60048,2023,5.31,7.08
60050,2023,10.04,12.33
60051,2023,13.07,12.9
60053,2023,6.76,7.75
60056,2023,10.29,8.54
60060,2023,10.69,10.24
60061,2023,9.63,9.35
60062,2023,7.14,7.03
60064,2023,4.31,13.99
60067,2023,6.83,7.87
60068,2023,6.54,6.86
60069,2023,7.43,7.64
60070,2023,9.04,7.26
60071,2023,1.03,10.31
60072,2023,-7.99,7.71
60073,2023,12.34,13.48
60074,2023,8.91,9.31
60076,2023,9.42,8.78
60077,2023,15.79,10.88
60081,2023,2.62,9.12
60083,2023,8.56,8.68
60084,2023,6.55,10.76
60085,2023,15.25,13.88
60087,2023,10.21,12.65
60089,2023,9.67,9.75
60090,2023,8.07,9.11
60091,2023,5.85,6.57
60093,2023,11.09,7.13
60096,2023,13.42,14.21
60097,2023,5.5,9.07
60098,2023,14.29,12.37
60099,2023,9.03,13.08
60101,2023,5.91,9.27
60102,2023,10.91,11.89
60103,2023,7.82,9.71
60104,2023,-3.83,6.81
60106,2023,21.18,12.25
60107,2023,7.79,10.72
60108,2023,8.85,8.89
60109,2023,-1.38,11.38
60110,2023,10.84,12.62
60112,2023,20.65,13.62
60115,2023,14.83,12.85
60118,2023,9.76,11.83
60119,2023,6.43,9.86
60120,2023,6.28,10.25
60123,2023,8.52,11.11
60124,2023,9.96,11.97
60126,2023,4.86,6.51
60129,2021,8.13,8.39
60130,2023,-6.06,4.58
60131,2023,5.74,7.88
60133,2023,11.78,11.09
60134,2023,6.29,9.7
60135,2023,14.96,11.45
60136,2023,13.91,12.16
60137,2023,8.37,7.91
60139,2023,7.3,9.53
60140,2023,7.35,10.62
60142,2023,12.23,12.33
60143,2023,9.3,7.54
60145,2023,-5.64,9.35
60146,2023,1.35,6.99
60148,2023,7.45,7.91
60150,2023,1.47,11.27
60151,2023,3.62,8.36
60152,2023,4.67,9.63
60153,2023,9.21,11.67
60154,2023,2.27,6.97
60155,2023,-1.8,6.73
60156,2023,6.83,11.54
60157,2023,7.75,9.21
60160,2023,1.2,7.55
60162,2023,6.2,8.03
60163,2023,10.52,8.84
60164,2023,7.36,9.04
60165,2022,16.68,8.05
60169,2023,11.26,9.98
60171,2023,13.87,10.56
60172,2023,8.65,8.94
60173,2022,23.61,8.86
60174,2023,5.43,10.02
60175,2023,9.46,11.02
60176,2023,2.11,8.06
60177,2023,10.38,11.2
60178,2023,6.92,10.65
60180,2022,24.18,11.53
60181,2023,6.71,7.87
60184,2023,21.15,12.49
60185,2023,6.99,9.16
60187,2023,10.54,8.28
60188,2023,9.07,9.36
60189,2023,9.27,8.1
60190,2023,5.85,8.46
60191,2023,3.73,7.58
60192,2023,9.16,10.11
60193,2023,6.0,8.61
60194,2023,6.58,7.89
60195,2022,2.72,3.35
60201,2023,2.78,6.73
60202,2023,8.4,7.79
60203,2023,-3.48,5.07
60302,2023,3.28,5.78
60304,2023,6.29,6.62
60305,2023,8.22,6.45
60401,2023,5.43,10.49
60402,2023,5.65,7.98
60403,2023,19.67,13.64
60404,2023,6.66,10.44
60406,2023,0.37,11.23
60407,2023,-1.55,6.64
60408,2023,6.88,9.33
60409,2023,8.44,10.58
60410,2023,8.7,10.87
60411,2023,14.34,15.11
60415,2023,4.83,9.27
60416,2023,12.62,8.62
60417,2023,8.56,11.98
60418,2023,-2.01,6.79
60419,2023,2.18,10.38
60420,2023,17.61,10.39
60421,2023,19.81,13.09
60422,2023,4.86,10.78
60423,2023,8.5,9.81
60424,2023,23.51,11.96
60425,2023,-2.38,13.29
60426,2023,7.84,21.44
60428,2023,1.4,11.48
60429,2023,10.69,14.41
60430,2023,5.61,10.88
60431,2023,4.36,10.08
60432,2023,18.59,13.39
60433,2023,2.57,11.26
60435,2023,8.72,10.98
60436,2023,6.71,9.56
60438,2023,4.21,11.78
60439,2023,5.26,9.29
60440,2023,9.74,11.68
60441,2023,3.17,8.87
60442,2023,9.81,10.29
60443,2023,1.3,12.17
60444,2023,-1.85,7.35
60445,2023,2.67,11.14
60446,2023,6.62,10.89
60447,2023,11.15,12.4
60448,2023,7.74,9.72
60449,2023,4.93,11.76
60450,2023,8.36,8.22
60451,2023,9.45,9.72
60452,2023,8.71,10.43
60453,2023,3.33,8.42
60455,2023,8.14,8.8
60456,2023,4.7,12.15
60457,2023,3.99,8.66
60458,2023,2.89,7.87
60459,2023,9.16,9.11
60460,2023,0.85,10.7
60461,2023,7.24,11.47
60462,2023,4.88,8.67
60463,2023,6.66,8.18
60464,2023,3.42,9.68
60465,2023,6.09,8.94
60466,2023,16.38,18.21
60467,2023,10.6,10.02
60468,2023,14.81,11.4
60469,2023,17.74,14.17
60471,2023,1.61,9.74
60473,2023,-3.78,10.93
60474,2021,11.15,5.87
60475,2023,2.55,11.38
60476,2023,-1.55,12.32
60477,2023,5.34,9.12
60478,2023,8.99,13.85
60479,2022,25.84,7.88
60480,2023,7.3,11.55
60481,2023,9.17,10.94
60482,2023,5.5,8.7
60484,2023,25.16,18.36
60487,2023,5.12,9.46
60490,2023,8.64,11.43
60491,2023,7.7,9.54
60501,2023,2.83,8.43
60502,2023,14.56,12.62
60503,2022,15.6,7.92
60504,2023,6.84,10.83
60505,2023,8.02,11.65
60506,2023,12.0,11.81
60510,2023,10.86,10.19
60511,2023,-2.88,4.32
60512,2023,-8.75,8.22
60513,2023,7.57,7.52
60514,2023,0.71,5.89
60515,2023,2.58,6.39
60516,2023,6.81,7.47
60517,2023,10.21,9.67
60518,2023,10.33,8.54
60520,2023,9.99,9.46
60521,2023,4.36,7.12
60523,2022,-5.85,2.18
60525,2023,4.69,6.93
60526,2023,2.29,5.56
60527,2023,3.43,6.66
60530,2022,24.74,13.07
60531,2023,7.43,6.46
60532,2023,10.71,9.42
60534,2023,-0.72,8.0
60537,2021,10.94,6.84
60538,2023,7.7,11.36
60540,2023,7.82,9.34
60541,2023,4.5,10.84
60542,2023,10.19,11.72
60543,2023,7.12,10.72
60544,2023,14.23,11.47
60545,2023,11.2,12.01
60546,2023,3.29,5.65
60548,2023,10.98,10.91
60549,2021,-0.77,3.45
60550,2022,4.53,1.32
60551,2023,4.73,7.74
60552,2023,5.19,7.47
60553,2021,8.5,8.51
60554,2023,18.08,13.8
60555,2023,14.55,10.84
60556,2023,13.18,9.91
60558,2023,6.34,6.2
60559,2023,6.28,7.22
60560,2023,11.24,11.17
60561,2023,12.17,8.46
60563,2023,6.86,8.84
60564,2023,11.7,11.4
60565,2023,10.39,10.91
60585,2023,15.62,13.76
60586,2023,10.17,11.81
60605,2011,-10.65,-7.79
60607,2022,2.02,6.94
60608,2023,4.1,5.99
60609,2023,8.02,7.62
60610,2013,16.23,4.69
60612,2023,4.51,7.06
60613,2022,8.2,4.24
60614,2023,-4.46,3.82
60615,2023,-10.9,1.05
60616,2023,-2.41,1.62
60617,2023,4.65,9.65
60618,2023,3.78,6.2
60619,2023,4.8,8.53
60620,2023,5.77,9.2
60621,2023,16.28,11.66
60622,2023,8.83,5.88
60623,2023,-4.09,9.6
60624,2023,8.58,9.0
60625,2023,3.11,6.14
60626,2023,16.92,10.91
60628,2023,9.71,11.6
60629,2023,8.19,9.05
60630,2023,5.44,7.26
60631,2023,3.4,4.61
60632,2023,4.48,7.55
60633,2023,10.71,9.99
60634,2023,3.87,6.64
60636,2023,-5.21,4.89
60637,2023,3.08,7.41
60638,2023,1.32,6.24
60639,2023,5.96,7.66
60640,2023,-5.11,4.38
60641,2023,2.85,7.22
60642,2021,2.33,2.16
60643,2023,-4.48,5.01
60644,2023,15.35,9.37
60645,2023,5.38,7.2
60646,2023,4.02,5.57
60647,2023,-2.06,4.89
60649,2023,-0.9,4.81
60651,2023,1.34,8.16
60652,2023,2.1,7.93
60653,2023,5.68,7.56
60655,2023,1.38,5.15
60656,2023,2.13,4.51
60657,2023,9.34,6.94
60659,2023,0.1,4.47
60660,2023,12.21,9.14
60706,2023,7.56,7.49
60707,2023,3.82,7.66
60712,2023,4.25,5.94
60714,2023,8.76,7.6
60803,2023,5.43,9.06
60804,2023,-4.52,4.72
60805,2023,2.98,9.11
60827,2023,12.38,14.96
60901,2023,6.46,10.04
60911,2022,12.85,9.57
60913,2022,6.83,6.32
60914,2023,5.51,9.44
60915,2023,13.04,11.78
60921,2021,19.47,11.28
60922,2023,-2.49,11.01
60924,2022,-0.51,6.98
60927,2022,7.44,5.92
60930,2022,14.65,11.67
60935,2022,24.59,10.6
60936,2023,-2.34,5.33
60938,2022,8.97,12.08
60940,2023,22.11,14.75
60941,2023,-1.3,8.34
60942,2023,-25.62,2.8
60948,2021,7.8,5.9
60950,2023,3.99,9.6
60954,2023,3.94,9.91
60955,2021,13.49,10.74
60957,2023,3.07,8.19
60963,2022,12.54,12.4
60964,2023,14.75,11.13
60970,2023,13.78,8.68
61001,2021,1.6,5.57
61006,2021,3.86,1.36
61008,2023,8.19,10.9
61010,2023,8.07,8.71
61011,2023,-5.15,8.06
61012,2022,23.67,9.51
61014,2021,-2.89,7.58
61015,2023,-3.7,7.51
61016,2023,5.84,11.01
61018,2021,16.87,5.05
61019,2023,9.1,10.63
61020,2023,12.15,11.68
61021,2023,10.12,9.98
61024,2023,5.88,9.4
61025,2023,-1.83,4.97
61028,2021,7.55,8.14
61030,2023,-6.28,5.3
61031,2023,21.33,11.55
61032,2023,3.02,7.5
61036,2023,-4.57,5.96
61038,2022,16.55,8.72
61039,2020,3.38,-0.35
61041,2021,9.87,5.16
61046,2021,15.16,3.3
61047,2021,8.65,1.95
61048,2023,-16.56,9.4
61049,2021,9.09,3.88
61051,2021,16.58,4.4
61052,2022,9.8,7.2
61053,2021,18.52,7.38
61054,2023,-12.12,6.0
61060,2022,2.69,6.9
61061,2023,8.91,11.54
61062,2021,13.14,3.78
61063,2023,6.16,7.89
61064,2023,-10.22,4.2
61065,2023,15.68,12.72
61067,2021,23.38,10.34
61068,2023,11.31,11.34
61070,2022,23.55,7.69
61071,2023,5.82,8.34
61072,2023,9.52,11.23
61073,2023,11.45,12.0
61074,2021,5.7,21.7
61075,2021,12.27,8.64
61078,2021,-9.22,-2.89
61080,2023,8.25,11.42
61081,2023,3.21,6.3
61084,2023,9.17,9.37
61085,2022,11.05,7.19
61087,2022,9.05,10.08
61088,2023,11.5,11.14
61101,2023,13.05,13.46
61102,2023,6.35,11.76
61103,2023,9.48,12.41
61104,2023,7.29,10.37
61107,2023,8.94,12.19
61108,2023,15.0,14.44
61109,2023,11.6,12.62
61111,2023,8.94,11.87
61114,2023,6.18,11.59
61115,2023,12.13,12.83
61201,2023,10.48,8.91
61230,2022,23.13,11.54
61231,2023,18.76,9.8
61232,2021,5.59,3.52
61233,2022,6.06,8.85
61234,2022,28.08,9.69
61235,2023,10.62,7.63
61238,2023,-1.91,3.37
61240,2023,8.3,9.77
61241,2023,4.49,7.93
61242,2023,-2.23,5.11
61244,2023,3.49,7.42
61250,2022,14.28,6.33
61252,2023,-1.07,5.67
61254,2023,7.46,8.09
61256,2023,18.46,8.47
61257,2022,5.5,1.75
61259,2021,14.86,5.46
61261,2021,-3.0,-6.84
61264,2023,4.3,7.12
61265,2023,6.58,7.47
61270,2023,-1.61,7.22
61273,2023,-2.22,9.11
61275,2023,8.97,10.76
61277,2022,4.0,6.02
61279,2021,25.6,5.86
61281,2023,-10.29,2.74
61282,2023,2.42,6.91
61283,2022,34.65,9.41
61284,2023,-3.19,1.66
61285,2022,8.19,4.07
61301,2023,3.22,8.54
61310,2023,3.48,7.43
61318,2021,18.74,-2.86
61319,2021,9.14,2.71
61325,2021,12.38,3.32
61326,2021,17.17,7.85
61327,2021,13.87,5.9
61329,2022,35.68,16.6
61330,2021,2.82,1.23
61341,2023,0.69,9.17
61342,2023,29.43,15.14
61348,2023,35.71,11.73
61349,2021,14.49,2.62
61350,2023,7.7,8.59
61353,2023,16.75,13.43
61354,2023,4.39,8.67
61356,2023,4.35,8.28
61360,2023,26.33,12.3
61361,2022,15.79,6.95
61362,2023,1.96,10.84
61364,2023,1.83,6.32
61367,2021,13.15,4.4
61368,2021,23.25,3.0
61370,2021,8.7,5.13
61373,2022,12.75,7.21
61375,2021,17.45,4.68
61376,2021,3.93,4.39
61377,2021,-2.22,-1.8
61379,2022,1.67,3.58
61401,2023,4.4,7.16
61410,2023,15.93,4.17
61412,2022,5.29,2.16
61413,2021,-2.49,1.79
61415,2021,-6.66,-0.05
61422,2021,20.33,5.4
61423,2013,-4.96,-1.29
61427,2022,23.63,8.27
61428,2022,-7.27,0.24
61430,2022,40.76,13.41
61434,2023,8.7,4.98
61443,2023,8.52,9.94
61448,2023,2.86,5.38
61450,2021,7.28,-1.46
61455,2023,6.27,5.27
61462,2023,0.11,2.68
61465,2022,18.82,20.04
61467,2021,13.74,3.82
61472,2021,13.76,8.69
61486,2022,-8.85,-3.75
61488,2023,7.33,4.35
61490,2021,5.8,9.22
61517,2023,-10.89,0.12
61520,2023,7.26,7.19
61523,2023,10.4,8.04
61525,2023,11.28,9.02
61526,2020,0.99,7.61
61528,2023,8.14,8.09
61529,2023,1.09,2.98
61530,2023,5.3,6.6
61531,2023,-6.1,4.88
61533,2023,10.44,12.3
61534,2022,-0.29,3.04
61535,2023,20.6,10.88
61536,2023,2.59,5.85
61537,2023,14.25,9.52
61540,2023,15.98,10.17
61542,2023,0.4,7.19
61546,2023,12.42,7.69
61547,2023,-3.7,6.43
61548,2023,-1.87,6.48
61550,2023,4.19,7.37
61554,2023,5.12,7.2
61559,2023,4.6,9.47
61560,2022,-10.36,3.43
61561,2022,16.86,9.26
61565,2022,-2.37,6.17
61568,2023,-0.33,6.41
61569,2021,-3.66,2.06
61571,2023,9.93,8.13
61572,2021,-5.83,6.39
61603,2023,18.29,12.23
61604,2023,10.82,10.2
61605,2019,-4.38,-2.18
61606,2023,3.76,8.15
61607,2023,1.49,4.74
61610,2023,10.45,7.79
61611,2023,7.32,7.36
61614,2023,8.46,9.17
61615,2023,11.01,8.3
61616,2023,9.16,11.23
61701,2023,8.83,11.1
61704,2023,10.1,12.73
61705,2023,4.7,10.44
61723,2023,7.32,11.45
61725,2023,10.45,10.28
61726,2023,12.21,14.52
61727,2023,7.63,9.99
61728,2022,24.65,10.84
61729,2021,12.37,6.01
61732,2023,1.56,8.84
61733,2022,41.63,13.54
61734,2022,15.95,6.57
61736,2023,2.47,11.05
61738,2023,15.81,12.25
61739,2022,25.9,9.2
61740,2022,-0.37,5.35
61741,2021,-0.79,-2.59
61742,2022,18.05,7.92
61744,2023,2.43,10.51
61745,2023,3.61,9.89
61747,2021,2.29,5.73
61748,2023,2.48,8.11
61752,2023,13.92,11.07
61753,2023,17.49,11.99
61754,2023,-7.57,11.36
61755,2023,-0.24,6.63
61756,2023,-4.23,9.31
61759,2023,7.29,7.64
61760,2023,25.53,10.79
61761,2023,11.3,12.57
61764,2023,-3.51,6.03
61770,2021,28.53,7.97
61771,2021,15.94,6.35
61774,2022,28.61,8.87
61776,2021,2.79,3.19
61801,2023,1.99,9.36
61802,2023,12.41,11.82
61813,2022,-21.83,0.34
61814,2021,-9.58,-2.12
61817,2023,12.39,6.54
61818,2023,22.29,8.55
61820,2023,10.28,10.79
61821,2023,8.79,10.06
61822,2023,-1.68,9.02
61832,2023,0.21,7.47
61833,2021,-8.59,2.49
61834,2023,-0.06,6.64
61840,2021,-3.36,0.56
61841,2022,-0.54,2.36
61842,2023,7.49,12.3
61843,2023,-11.3,9.86
61846,2023,-13.58,4.9
61847,2021,3.08,2.79
61849,2022,20.74,9.59
61853,2023,8.87,10.57
61854,2022,4.23,3.44
61856,2023,5.26,8.81
61858,2022,7.19,6.52
61859,2023,31.4,9.96
61863,2023,-6.72,3.95
61864,2023,16.89,8.58
61865,2021,3.17,1.53
61866,2023,2.29,7.76
61872,2021,20.73,10.49
61873,2023,6.01,9.3
61874,2023,38.6,12.99
61875,2021,12.31,11.95
61877,2023,23.22,9.61
61878,2023,-10.19,2.56
61880,2023,-6.99,3.6
61883,2023,0.41,12.41
61884,2021,8.0,4.09
61910,2023,14.84,9.71
61911,2022,36.61,12.48
61912,2021,22.85,8.72
61913,2022,3.32,8.5
61914,2021,8.11,3.85
61919,2021,10.79,4.2
61920,2023,8.26,9.37
61924,2022,14.02,4.74
61925,2021,10.64,1.4
61933,2021,28.22,9.64
61937,2022,20.2,13.8
61938,2023,3.24,9.14
61942,2021,-7.32,1.18
61943,2023,-6.99,4.56
61944,2023,-1.52,5.7
61951,2023,6.87,5.99
61953,2023,9.0,9.11
61956,2023,4.28,5.18
62001,2021,6.82,4.49
62002,2023,3.19,8.12
62009,2023,-18.56,3.36
62010,2023,3.31,7.44
62012,2023,6.54,8.72
62014,2023,27.66,16.78
62016,2023,-1.89,4.17
62017,2020,-2.75,2.71
62018,2022,11.06,5.66
62021,2022,1.66,3.04
62022,2021,1.45,2.32
62024,2023,7.1,8.95
62025,2023,8.12,8.68
62031,2021,22.94,8.19
62033,2023,4.28,11.45
62034,2023,12.97,9.27
62035,2023,9.15,9.44
62037,2022,0.66,2.93
62040,2023,4.5,9.29
62044,2022,1.37,2.41
62046,2022,35.19,13.78
62049,2023,2.71,10.87
62052,2023,21.03,11.38
62056,2023,10.1,9.44
62061,2021,6.34,3.83
62062,2023,7.59,10.2
62063,2021,2.2,-1.44
62067,2022,10.47,6.15
62069,2023,37.75,12.98
62074,2022,20.36,8.09
62075,2022,-9.95,0.16
62082,2021,-13.63,-1.65
62084,2021,-7.51,8.88
62086,2021,8.64,8.37
62088,2023,-4.9,8.59
62092,2022,12.19,9.71
62095,2023,4.92,7.65
62097,2023,9.2,11.67
62203,2013,2.83,1.15
62206,2023,-5.46,5.97
62208,2023,15.65,14.86
62214,2021,3.62,-1.26
62215,2022,14.49,8.27
62216,2022,29.61,11.72
62218,2022,7.35,5.06
62220,2023,7.11,9.26
62221,2023,9.99,11.35
62223,2023,9.9,11.92
62226,2023,4.8,10.08
62230,2023,15.67,10.16
62231,2023,-0.53,9.29
62232,2023,42.32,16.54
62233,2023,-12.76,7.31
62234,2023,9.35,9.69
62236,2023,5.44,9.18
62237,2022,6.82,4.17
62239,2023,15.72,8.9
62240,2022,29.41,13.66
62241,2014,-11.8,-1.44
62243,2023,15.78,10.98
62244,2021,10.18,5.05
62245,2021,15.9,2.31
62246,2023,28.83,11.49
62248,2021,4.21,-0.41
62249,2023,10.4,10.34
62254,2023,15.73,11.49
62255,2021,9.63,7.23
62257,2021,7.25,3.36
62258,2023,3.64,8.77
62260,2023,9.25,9.58
62262,2021,-1.13,1.21
62263,2023,15.19,8.7
62264,2023,2.72,3.97
62265,2023,15.0,9.35
62269,2023,10.28,11.12
62271,2021,5.85,2.06
62274,2023,44.91,18.24
62275,2022,4.39,5.0
62277,2013,1.95,-2.24
62278,2023,8.79,8.81
62281,2022,23.21,10.83
62282,2021,-5.86,2.37
62285,2023,9.82,9.57
62286,2023,-3.88,2.04
62288,2021,-1.84,1.9
62293,2023,16.76,8.44
62294,2023,12.55,11.0
62295,2023,1.53,9.43
62298,2023,5.02,8.4
62301,2023,5.51,8.37
62305,2023,5.44,8.07
62312,2022,-5.42,1.91
62320,2021,8.57,2.95
62321,2023,18.67,9.24
62326,2022,7.66,4.24
62338,2021,10.22,-1.0
62340,2021,-4.1,4.35
62341,2022,16.75,8.49
62347,2021,11.54,8.49
62351,2021,4.5,3.62
62353,2023,3.77,7.89
62360,2021,24.16,11.71
62363,2023,1.86,7.6
62376,2021,12.77,6.93
62379,2021,5.17,1.17
62401,2023,7.58,9.07
62411,2023,4.02,8.67
62420,2023,19.13,10.98
62423,2021,1.43,3.66
62424,2021,-0.84,10.52
62428,2023,11.01,12.08
62439,2023,-11.48,5.46
62440,2021,32.67,7.75
62441,2023,1.82,6.78
62442,2021,17.29,11.38
62447,2022,-0.68,3.88
62448,2022,19.03,8.46
62449,2021,7.15,3.95
62450,2023,-6.03,6.38
62451,2021,0.06,1.43
62454,2023,-0.48,2.61
62467,2021,8.14,3.53
62468,2023,29.23,13.3
62471,2023,8.53,7.55
62501,2023,-7.58,2.98
62513,2021,20.16,11.79
62515,2022,-10.95,1.34
62520,2022,15.97,8.21
62521,2023,6.96,8.68
62522,2023,9.91,9.58
62526,2023,9.71,9.91
62530,2023,15.48,10.89
62531,2022,-0.49,0.44
62533,2021,-1.88,4.08
62535,2023,9.79,9.64
62536,2022,18.73,7.49
62539,2022,12.69,5.39
62540,2022,10.38,2.64
62544,2023,-3.96,7.4
62545,2022,2.85,2.41
62546,2021,-11.66,1.41
62548,2023,10.92,13.69
62549,2023,7.57,7.17
62550,2022,23.18,10.33
62554,2022,29.13,14.56
62557,2023,20.32,6.51
62558,2023,1.81,6.56
62560,2021,3.38,1.24
62561,2023,7.47,7.65
62563,2023,9.7,8.98
62565,2023,12.29,7.87
62567,2020,-7.34,1.9
62568,2023,6.89,8.96
62573,2022,5.56,6.84
62611,2021,19.14,3.02
62612,2023,13.14,8.43
62613,2023,-3.05,7.31
62615,2023,13.41,9.69
62618,2022,15.84,4.67
62621,2021,-5.39,-0.22
62625,2021,12.58,3.55
62626,2023,-0.09,3.01
62628,2021,5.27,4.9
62629,2023,7.02,8.84
62634,2023,-1.48,5.22
62638,2021,14.88,5.03
62640,2023,20.89,8.41
62642,2023,7.44,11.18
62644,2022,2.67,4.18
62650,2023,15.0,8.62
62656,2023,-0.25,5.38
62661,2022,-27.57,-7.68
62664,2021,-3.62,4.6
62668,2022,25.86,12.76
62670,2023,3.16,4.88
62674,2022,6.06,-4.12
62675,2023,4.77,7.08
62677,2023,2.6,7.76
62681,2022,2.19,2.68
62684,2023,10.03,9.19
62685,2021,6.69,2.65
62690,2023,6.7,7.48
62691,2022,7.59,2.55
62692,2022,29.23,9.39
62693,2022,11.04,7.67
62694,2021,6.1,1.55
62702,2023,6.93,8.14
62703,2023,7.38,7.55
62704,2023,7.24,8.77
62707,2023,7.05,5.02
62711,2023,8.33,9.0
62712,2023,1.82,8.38
62801,2023,20.86,15.22
62812,2023,-1.49,4.73
62814,2013,-2.62,-2.18
62821,2023,3.83,5.96
62822,2022,50.53,5.96
62830,2017,-0.5,4.43
62832,2023,1.24,5.89
62837,2023,-11.15,5.4
62839,2023,29.3,19.62
62859,2023,9.27,11.52
62863,2023,9.63,6.03
62864,2023,9.5,9.93
62865,2021,8.27,4.33
62869,2022,18.24,8.42
62870,2021,14.12,2.83
62881,2023,15.21,12.33
62888,2021,16.28,3.52
62890,2022,-5.81,5.89
62896,2023,0.89,5.93
62898,2021,5.15,7.01
62901,2023,1.91,8.0
62902,2023,5.87,10.63
62903,2021,9.23,3.15
62906,2023,22.33,13.33
62907,2021,23.39,5.02
62910,2014,5.4,5.21
62917,2021,3.67,0.7
62918,2023,7.09,8.89
62920,2023,15.9,7.23
62922,2023,16.65,11.21
62924,2021,12.23,4.37
62930,2023,21.06,7.0
62935,2021,10.12,1.82
62939,2023,18.12,9.9
62946,2023,17.64,9.81
62948,2023,9.56,7.37
62951,2023,10.96,8.96
62952,2022,-7.37,-3.43
62958,2022,8.38,4.32
62959,2023,9.75,10.08
62960,2023,7.62,6.71
62966,2023,7.6,7.94
62972,2021,14.57,6.93
62974,2021,0.19,1.43
62995,2023,8.25,7.92
63005,2023,8.7,8.09
63010,2023,11.1,10.05
63011,2023,13.44,11.88
63012,2023,-0.75,4.69
63013,2022,16.82,10.41
63014,2021,13.76,10.5
63015,2023,11.86,11.75
63016,2023,3.74,9.31
63017,2023,8.33,9.17
63019,2023,8.88,12.53
63020,2023,5.85,9.89
63021,2023,5.19,9.03
63023,2023,16.5,12.05
63025,2023,3.62,9.2
63026,2023,1.59,8.36
63028,2023,6.99,9.66
63031,2023,8.85,12.14
63033,2023,3.38,9.98
63034,2023,23.52,16.08
63036,2021,23.76,7.33
63037,2023,4.17,7.19
63038,2023,9.44,6.93
63039,2021,53.55,17.39
63040,2023,6.95,9.66
63041,2021,-1.79,4.14
63042,2023,9.37,12.12
63043,2023,6.0,10.13
63044,2023,11.11,13.31
63048,2023,11.3,11.93
63049,2023,12.06,12.34
63050,2023,4.46,9.5
63051,2023,9.09,10.23
63052,2023,7.66,9.02
63055,2022,20.51,10.58
63056,2022,25.38,8.89
63060,2022,26.67,10.49
63068,2023,13.27,11.95
63069,2023,5.88,11.1
63070,2023,29.21,16.79
63072,2023,18.7,11.57
63074,2023,13.3,12.74
63077,2023,12.98,13.21
63080,2023,24.53,15.79
63084,2023,15.94,11.99
63088,2023,14.79,12.54
63089,2023,5.76,8.09
63090,2023,7.02,9.79
63091,2021,2.71,9.84
63104,2023,4.32,7.54
63105,2023,10.73,7.73
63107,2014,4.9,0.5
63108,2023,-0.66,5.48
63109,2023,9.99,10.3
63110,2023,8.28,9.46
63111,2023,6.58,9.22
63112,2023,0.11,6.2
63113,2022,29.62,13.8
63114,2023,11.65,12.47
63115,2018,-8.02,-7.28
63116,2023,5.36,9.21
63117,2023,7.08,8.7
63118,2023,5.38,8.88
63119,2023,8.05,9.16
63121,2023,4.07,11.24
63122,2023,5.23,8.84
63123,2023,10.72,10.96
63124,2023,-4.86,4.17
63125,2023,10.25,10.34
63126,2023,8.34,9.24
63127,2023,7.06,8.37
63128,2023,6.33,8.21
63129,2023,3.63,9.01
63130,2023,6.29,8.41
63131,2023,6.76,8.56
63132,2023,5.72,8.65
63133,2013,6.74,4.05
63134,2023,8.89,12.48
63135,2023,7.91,10.9
63136,2023,10.35,13.14
63137,2023,0.75,8.17
63138,2023,-4.63,6.52
63139,2023,7.21,9.5
63141,2023,28.45,13.57
63143,2023,13.4,11.21
63144,2023,2.93,7.62
63146,2023,11.27,10.74
63147,2023,-11.01,12.15
63301,2023,8.92,11.11
63303,2023,7.38,11.19
63304,2023,6.45,10.64
63332,2022,14.15,8.29
63334,2022,13.46,10.47
63341,2023,5.14,9.96
63343,2023,-2.2,7.57
63344,2021,5.82,2.85
63347,2022,15.94,12.35
63348,2023,9.86,11.52
63349,2022,12.45,8.77
63351,2021,-5.71,6.79
63353,2022,9.55,7.41
63357,2023,0.94,8.01
63361,2023,-6.63,6.55
63362,2023,-4.33,8.78
63366,2023,10.94,11.74
63367,2023,-5.69,11.48
63368,2023,12.65,12.27
63369,2022,16.01,7.85
63373,2021,29.4,12.97
63376,2023,11.14,11.35
63377,2023,9.6,13.59
63379,2023,1.84,9.69
63382,2021,14.92,14.67
63383,2023,17.58,13.74
63385,2023,11.02,12.87
63389,2023,-4.53,9.7
63390,2023,8.94,12.3
63401,2023,10.63,11.46
63435,2022,9.86,6.17
63456,2022,10.64,5.92
63459,2023,0.05,11.68
63461,2023,4.36,10.44
63468,2013,26.36,4.19
63501,2023,10.98,10.43
63552,2023,15.9,13.07
63565,2021,9.46,6.98
63601,2023,7.72,9.58
63624,2022,-7.33,3.62
63627,2023,-7.05,8.27
63628,2023,-7.77,8.92
63640,2023,8.39,12.69
63645,2023,-0.61,4.18
63650,2022,-2.04,11.58
63664,2023,18.53,14.66
63670,2023,3.58,13.22
63673,2022,20.88,10.43
63701,2023,6.04,9.81
63703,2023,6.99,10.03
63730,2022,35.45,15.67
63732,2020,-4.83,-7.47
63736,2023,-8.06,9.12
63740,2023,-8.24,7.89
63755,2023,3.14,8.6
63764,2022,7.81,6.1
63766,2022,9.26,8.44
63769,2022,-3.16,2.96
63771,2022,9.02,6.75
63775,2023,11.43,8.39
63780,2023,-3.34,11.15
63785,2021,8.17,0.15
63801,2023,11.26,10.2
63825,2022,12.45,9.09
63830,2022,-6.26,4.26
63834,2021,3.04,0.85
63841,2023,-8.67,7.88
63845,2022,-2.18,2.88
63857,2023,14.82,8.98
63863,2022,31.47,13.18
63869,2021,1.44,3.2
63873,2022,-4.25,-0.02
63901,2023,9.75,11.04
64011,2023,0.81,11.68
64012,2023,9.75,12.94
64014,2023,9.35,11.72
64015,2023,9.73,12.51
64016,2023,9.0,10.53
64018,2023,-2.33,8.6
64019,2022,11.29,10.4
64020,2022,15.34,11.55
64024,2023,10.09,12.47
64029,2023,7.42,11.47
64030,2023,9.25,13.73
64034,2023,3.63,10.82
64037,2023,8.14,12.47
64040,2023,-2.29,9.01
64048,2023,4.76,13.49
64050,2023,10.05,13.47
64052,2023,12.0,14.37
64053,2023,19.29,16.39
64054,2023,15.67,15.64
64055,2023,8.6,12.48
64056,2023,10.33,12.32
64057,2023,8.79,10.91
64058,2023,9.22,12.52
64060,2023,5.04,10.63
64061,2023,10.3,15.67
64062,2023,6.75,11.33
64063,2023,9.36,12.57
64064,2023,5.58,11.52
64067,2023,8.37,12.07
64068,2023,9.8,11.93
64070,2023,6.35,9.65
64074,2021,11.33,4.87
64075,2023,6.85,12.39
64076,2023,3.94,12.05
64077,2023,6.99,8.18
64078,2023,7.66,12.53
64079,2023,1.38,10.11
64080,2023,8.53,11.18
64081,2023,6.32,10.8
64082,2023,4.44,11.1
64083,2023,7.01,12.24
64084,2023,16.02,14.18
64085,2023,9.27,11.35
64086,2023,6.81,12.1
64088,2022,14.16,12.21
64089,2023,5.43,10.41
64093,2023,5.23,12.0
64097,2021,17.34,13.1
64098,2023,2.96,10.14
64108,2023,0.41,13.16
64109,2023,16.54,12.0
64110,2023,6.02,10.7
64111,2023,10.11,9.52
64112,2023,15.61,12.68
64113,2023,6.02,8.89
64114,2023,7.02,10.49
64116,2023,12.01,12.95
64117,2023,15.86,13.48
64118,2023,9.19,12.74
64119,2023,9.96,13.15
64123,2023,6.62,16.23
64124,2023,22.73,16.08
64127,2023,19.94,13.85
64128,2023,1.6,18.2
64129,2023,10.17,16.32
64130,2023,2.91,17.66
64131,2023,4.68,8.86
64132,2023,-4.7,18.38
64133,2023,15.3,14.91
64134,2023,8.91,12.83
64136,2023,24.39,15.55
64137,2023,6.7,10.76
64138,2023,8.96,13.57
64139,2023,1.81,12.33
64145,2023,3.26,8.47
64146,2023,3.18,11.0
64149,2021,12.29,3.34
64150,2023,17.19,14.22
64151,2023,10.3,13.06
64152,2023,4.21,11.1
64153,2023,11.15,12.43
64154,2023,-3.18,9.38
64155,2023,10.45,12.3
64156,2023,9.4,11.12
64157,2023,9.72,13.63
64158,2022,11.38,9.72
64167,2021,1.93,5.71
64401,2022,6.02,6.81
64424,2022,-4.23,6.36
64429,2023,7.21,12.06
64436,2021,15.63,4.43
64439,2022,21.49,12.52
64443,2022,28.91,14.1
64444,2022,4.25,7.13
64448,2022,28.72,13.6
64454,2023,14.54,13.16
64465,2023,4.11,12.85
64468,2023,11.92,12.83
64469,2021,8.93,7.06
64477,2023,15.65,15.18
64485,2023,10.04,10.79
64490,2022,14.25,8.19
64492,2022,19.28,13.0
64501,2023,9.44,7.53
64503,2023,18.21,12.13
64504,2023,-4.21,5.81
64505,2023,18.34,13.62
64506,2023,7.08,11.55
64507,2023,-1.34,8.5
64601,2023,0.56,11.36
64628,2022,9.75,5.8
64633,2023,40.87,16.54
64640,2023,10.6,11.89
64644,2022,23.71,15.35
64671,2022,20.06,13.08
64683,2023,10.28,11.53
64701,2023,6.24,11.81
64720,2023,16.57,15.12
64725,2022,11.91,10.0
64730,2023,15.34,13.44
64734,2023,16.77,14.6
64735,2023,1.86,10.75
64739,2022,22.66,12.39
64742,2023,10.63,13.7
64744,2023,13.24,15.91
64746,2023,32.87,15.2
64747,2023,3.38,12.95
64755,2022,18.9,12.18
64759,2023,14.87,14.89
64772,2023,3.65,10.72
64776,2022,22.79,12.62
64801,2023,8.34,13.53
64804,2023,7.85,11.98
64831,2023,-2.67,10.46
64834,2023,4.93,12.02
64835,2023,18.01,11.12
64836,2023,12.95,14.24
64840,2023,11.37,20.79
64844,2022,9.17,7.61
64850,2023,5.18,12.08
64855,2023,6.99,12.38
64862,2023,15.24,19.04
64865,2023,11.74,10.99
64870,2023,7.21,12.86
65010,2023,10.03,11.42
65011,2022,19.61,14.35
65013,2022,18.55,9.75
65014,2021,10.71,10.4
65016,2022,28.34,13.36
65017,2021,10.38,10.64
65018,2023,10.04,12.18
65020,2023,12.58,17.2
65023,2023,6.17,15.67
65026,2023,3.01,12.2
65032,2022,3.72,3.73
65035,2022,30.95,12.89
65037,2023,4.04,17.4
65039,2023,-3.33,9.13
65040,2022,-3.75,5.3
65041,2023,23.99,19.28
65043,2023,11.33,12.74
65046,2021,19.82,8.24
65047,2022,22.79,16.45
65049,2023,2.18,14.38
65051,2023,17.73,14.04
65052,2023,3.89,12.43
65053,2022,5.91,4.41
65058,2021,7.81,5.99
65059,2021,10.1,5.26
65063,2023,40.26,21.08
65065,2023,5.82,13.19
65066,2023,-9.08,7.91
65072,2023,6.29,11.31
65074,2023,-4.04,9.52
65075,2021,10.47,9.41
65076,2021,8.97,4.15
65078,2022,54.87,21.46
65079,2023,0.93,16.19
65080,2021,7.55,4.04
65081,2023,-15.98,20.95
65082,2021,4.06,2.96
65084,2023,35.01,26.79
65085,2022,3.23,3.37
65101,2023,13.1,13.95
65109,2023,12.55,13.44
65201,2023,5.1,9.57
65202,2023,8.54,12.84
65203,2023,9.65,11.72
65231,2023,18.51,19.78
65233,2023,22.39,15.0
65240,2023,4.09,9.4
65243,2022,6.84,8.15
65248,2023,15.51,10.16
65251,2023,6.51,11.37
65255,2023,-5.82,9.12
65256,2023,19.19,12.18
65259,2021,17.55,3.94
65262,2021,15.2,12.87
65265,2023,1.03,9.3
65270,2023,8.36,12.29
65274,2022,11.97,7.59
65275,2021,16.34,2.34
65279,2023,22.98,15.06
65284,2023,5.45,12.86
65301,2023,7.4,11.71
65324,2023,14.99,17.39
65325,2022,25.02,9.0
65326,2023,4.35,18.95
65332,2022,6.51,1.87
65336,2023,13.09,14.27
65337,2013,7.87,1.11
65338,2022,29.43,12.18
65340,2023,3.95,9.87
65350,2022,10.03,2.49
65355,2023,20.19,19.8
65360,2023,29.35,19.6
65401,2023,8.94,12.21
65441,2023,8.72,11.31
65452,2022,32.25,14.66
65453,2023,11.75,14.25
65459,2023,31.33,16.89
65483,2023,-2.2,9.28
65486,2023,15.43,9.42
65536,2023,8.17,14.57
65542,2022,27.51,11.53
65548,2023,13.96,16.28
65556,2023,-5.6,6.6
65559,2023,3.59,8.69
65560,2023,21.41,17.71
65565,2022,12.02,10.06
65583,2023,20.62,12.07
65584,2023,14.52,10.76
65591,2021,36.12,11.74
65604,2023,35.59,19.83
65605,2023,7.48,13.62
65608,2023,-1.14,9.98
65610,2023,2.06,14.97
65611,2022,9.82,10.06
65612,2022,29.12,13.8
65613,2023,9.02,15.37
65616,2023,8.11,15.18
65617,2022,13.22,9.27
65619,2023,6.85,13.68
65622,2023,15.39,14.23
65624,2022,50.91,16.41
65625,2023,-1.49,8.79
65631,2023,21.71,17.56
65632,2022,-10.83,1.66
65633,2022,17.39,13.33
65644,2022,22.31,15.09
65648,2023,10.48,13.2
65649,2022,54.55,19.68
65652,2023,13.59,14.74
65653,2023,13.55,15.44
65656,2023,3.82,18.32
65663,2023,-5.87,10.85
65667,2021,7.98,1.83
65669,2023,11.02,15.72
65672,2023,12.72,16.62
65679,2023,10.57,14.99
65681,2023,-5.62,15.11
65686,2023,1.34,14.84
65689,2023,35.91,21.57
65704,2022,28.25,15.13
65705,2022,21.92,11.94
65706,2023,9.76,15.51
65707,2022,6.95,6.58
65708,2023,8.74,12.22
65710,2022,14.3,12.15
65711,2023,4.91,12.63
65712,2023,9.06,12.92
65713,2023,-9.24,8.55
65714,2023,9.86,15.33
65721,2023,5.33,13.07
65722,2021,5.29,4.4
65723,2023,6.31,9.34
65725,2023,8.27,13.3
65737,2023,7.11,12.84
65738,2023,9.1,15.51
65739,2021,10.6,6.44
65740,2022,41.41,19.65
65742,2023,3.49,12.63
65746,2023,18.4,16.87
65747,2023,38.16,22.36
65753,2023,-2.43,12.7
65754,2021,6.08,5.48
65757,2023,14.86,14.66
65769,2022,11.6,8.89
65770,2023,6.74,15.79
65771,2022,35.59,14.55
65775,2023,11.95,14.19
65781,2023,12.46,14.03
65785,2023,18.55,18.85
65786,2021,20.23,9.04
65787,2022,-6.53,5.38
65789,2021,-1.9,4.14
65791,2017,0.05,0.23
65793,2023,-1.25,12.39
65802,2023,10.35,14.64
65803,2023,12.02,14.66
65804,2023,7.93,13.03
65806,2023,7.51,14.54
65807,2023,7.2,12.53
65809,2023,3.25,11.94
65810,2023,6.2,12.71
66002,2023,9.95,11.02
66006,2023,9.59,10.26
66007,2023,7.58,12.48
66012,2023,13.43,13.27
66013,2023,11.61,9.53
66018,2023,15.21,15.34
66020,2022,29.58,15.23
66021,2023,13.08,12.17
66025,2023,7.06,10.3
66030,2023,3.24,9.13
66032,2023,18.24,20.25
66040,2022,6.76,6.42
66042,2008,-8.64,2.75
66043,2023,6.32,11.83
66044,2023,9.89,10.74
66046,2023,6.3,11.26
66047,2023,8.19,11.65
66048,2023,6.6,10.03
66049,2023,10.11,10.83
66050,2022,13.61,8.01
66052,2022,23.16,15.38
66053,2023,7.08,11.65
66054,2023,-3.82,16.96
66061,2023,10.23,12.01
66062,2023,6.74,11.0
66064,2023,3.25,10.64
66066,2023,-9.58,6.78
66067,2023,7.83,11.55
66070,2023,-7.19,8.43
66071,2023,7.32,11.36
66073,2023,24.41,14.52
66075,2022,-0.49,-3.23
66076,2023,21.33,16.98
66078,2021,1.9,5.03
66079,2021,4.58,4.25
66083,2023,5.88,11.44
66085,2023,17.39,12.23
66086,2023,8.43,10.96
66087,2022,36.41,10.28
66088,2023,0.17,11.66
66090,2022,13.4,7.65
66092,2023,7.75,12.41
66101,2023,14.79,15.63
66102,2023,7.67,12.89
66103,2023,9.53,13.09
66104,2023,6.86,14.3
66106,2023,14.86,14.12
66109,2023,6.56,11.76
66111,2023,9.45,14.06
66112,2023,8.67,12.86
66202,2023,4.89,10.72
66203,2023,9.83,11.53
66204,2023,7.24,10.87
66205,2023,8.97,10.48
66206,2023,13.01,9.7
66207,2023,7.41,9.96
66208,2023,3.84,9.38
66209,2023,-2.34,9.19
66210,2023,4.41,8.69
66211,2021,15.5,5.07
66212,2023,8.49,12.02
66213,2023,10.28,9.85
66214,2023,2.04,10.41
66215,2023,2.72,10.24
66216,2023,10.11,12.09
66217,2023,32.09,17.99
66218,2023,16.13,12.93
66219,2023,15.75,13.32
66220,2022,15.75,8.47
66221,2023,11.18,9.09
66223,2023,3.05,9.84
66224,2023,0.57,8.56
66226,2023,11.75,11.96
66227,2023,13.55,12.57
66401,2022,9.81,9.34
66402,2023,-3.52,9.54
66409,2023,19.09,12.95
66413,2021,14.6,11.4
66414,2023,-6.63,6.29
66434,2023,20.92,13.55
66436,2023,13.86,10.09
66439,2021,-7.37,-6.46
66440,2022,17.92,8.43
66441,2023,12.74,10.64
66451,2021,6.27,3.73
66502,2023,6.95,7.31
66503,2023,5.57,7.81
66508,2021,16.69,7.5
66509,2022,15.33,10.23
66512,2023,-2.07,10.35
66514,2021,5.79,11.9
66521,2014,35.02,12.41
66523,2023,21.97,14.86
66524,2023,14.03,15.35
66531,2022,19.46,9.52
66533,2021,16.44,6.91
66534,2021,3.05,2.63
66535,2022,7.89,5.08
66536,2023,9.64,12.28
66537,2021,13.57,7.43
66539,2022,8.57,7.12
66542,2023,7.97,12.48
66546,2022,22.79,11.63
66547,2023,6.15,9.19
66549,2021,17.85,12.2
66604,2023,9.71,10.45
66605,2023,12.12,13.02
66606,2023,12.52,12.37
66607,2022,19.01,4.2
66608,2023,10.74,12.34
66609,2023,9.84,13.23
66610,2023,15.03,11.77
66611,2023,14.37,12.65
66614,2023,6.87,11.18
66615,2023,7.81,10.68
66616,2023,15.49,17.56
66617,2023,8.44,11.05
66618,2023,-0.58,9.6
66619,2021,19.36,4.69
66701,2023,8.57,9.91
66713,2023,16.71,13.85
66720,2023,3.43,4.32
66725,2022,2.72,8.91
66739,2023,7.49,12.85
66743,2021,12.58,-6.66
66749,2022,8.82,7.29
66762,2023,14.58,11.51
66763,2023,-14.17,7.91
66801,2023,10.67,10.04
66839,2023,-7.54,6.56
66856,2021,6.85,4.64
66861,2023,14.22,15.27
66901,2023,8.04,9.81
67001,2023,16.85,12.06
67002,2023,23.39,13.97
67005,2023,-0.45,10.6
67010,2023,8.9,11.66
67013,2023,1.43,12.89
67017,2023,16.32,13.01
67020,2021,25.01,9.48
67025,2023,11.74,17.06
67026,2023,5.28,8.54
67030,2023,6.46,14.66
67031,2021,10.08,5.55
67037,2023,5.87,9.59
67039,2023,7.16,10.64
67042,2023,7.77,11.97
67050,2023,16.23,11.52
67052,2023,0.15,9.02
67056,2023,8.94,8.81
67058,2023,52.31,12.39
67060,2023,9.32,9.43
67062,2023,13.83,11.83
67063,2023,-19.42,3.97
67067,2023,6.61,11.58
67068,2023,10.32,7.52
67101,2023,24.09,12.8
67107,2022,14.77,7.31
67108,2022,18.66,10.5
67110,2023,3.99,9.84
67114,2023,5.6,9.69
67117,2021,-0.69,-2.34
67119,2022,-11.2,2.33
67120,2022,12.05,5.2
67124,2023,8.16,6.9
67133,2023,4.53,10.83
67135,2023,3.21,10.1
67144,2022,7.99,6.88
67146,2021,2.23,3.54
67147,2023,7.71,10.81
67149,2021,27.91,12.98
67152,2023,-17.27,4.64
67154,2016,0.13,4.24
67156,2023,5.58,8.26
67203,2023,10.13,11.28
67204,2023,14.74,12.01
67205,2023,8.14,12.23
67206,2023,6.07,9.38
67207,2023,8.57,12.71
67208,2023,10.89,12.57
67209,2023,10.34,11.93
67210,2023,13.51,9.47
67211,2023,2.61,11.26
67212,2023,8.64,11.09
67213,2023,18.26,15.55
67214,2023,10.75,14.46
67215,2023,9.93,11.65
67216,2023,18.96,15.29
67217,2023,9.89,12.3
67218,2023,3.37,11.63
67219,2023,9.98,9.55
67220,2023,12.89,12.01
67223,2021,8.3,7.86
67226,2023,13.56,13.29
67230,2023,15.86,12.36
67235,2023,23.98,11.6
67301,2023,-0.87,10.45
67333,2021,23.25,14.05
67337,2023,2.41,5.93
67357,2023,5.87,10.02
67401,2023,5.86,9.02
67410,2023,4.22,6.9
67416,2021,11.33,6.74
67420,2023,18.31,7.88
67422,2023,-2.42,8.51
67428,2021,-2.89,-1.23
67431,2022,-14.24,1.45
67432,2023,-4.82,5.51
67439,2023,-0.67,8.09
67443,2022,-11.88,-1.03
67449,2021,9.96,10.77
67456,2023,-19.43,2.9
67457,2021,9.17,4.7
67460,2023,2.76,5.66
67467,2020,12.36,5.9
67480,2021,16.49,9.44
67501,2023,2.19,9.42
67502,2023,2.84,9.3
67505,2023,17.96,14.43
67522,2021,1.27,2.9
67526,2022,-5.75,-1.32
67530,2023,1.24,6.92
67543,2022,7.04,9.42
67544,2022,3.0,4.48
67546,2023,6.94,4.49
67550,2023,-7.1,8.99
67554,2023,2.27,5.52
67561,2021,6.41,-2.92
67570,2021,-14.66,-1.69
67579,2023,3.93,13.47
67601,2023,8.91,8.95
67637,2023,8.28,8.27
67663,2021,-3.37,10.83
67665,2023,9.82,5.0
67671,2021,-5.18,5.51
67701,2023,-2.74,8.79
67735,2023,-5.82,6.33
67748,2022,13.23,8.22
67756,2022,21.56,10.74
67801,2023,10.63,13.92
67835,2022,12.75,6.78
67846,2023,2.9,9.54
67851,2023,12.32,10.63
67860,2022,-4.87,4.87
67861,2021,-0.13,3.3
67871,2023,24.79,16.39
67876,2022,9.45,6.81
67877,2022,4.1,7.74
67880,2023,3.47,5.64
67901,2023,6.39,8.66
67951,2023,4.47,4.64
68002,2023,-1.92,7.61
68003,2023,20.98,10.83
68005,2023,8.71,11.87
68007,2023,6.05,10.06
68008,2023,11.09,11.8
68015,2022,7.7,10.07
68017,2023,3.33,12.57
68022,2023,7.66,10.51
68023,2022,6.25,7.94
68025,2023,6.66,10.05
68028,2023,9.37,11.06
68031,2023,-2.09,9.36
68034,2022,19.35,8.37
68037,2023,3.6,8.12
68041,2021,-4.73,1.58
68045,2022,19.89,9.95
68046,2023,9.06,10.8
68047,2022,2.99,2.98
68048,2023,13.32,13.04
68057,2021,12.03,6.7
68059,2023,3.43,8.03
68061,2023,-7.95,6.07
68064,2023,13.3,11.41
68065,2022,9.16,8.68
68066,2023,25.52,17.1
68069,2023,-0.58,9.25
68073,2023,11.05,10.56
68104,2023,8.46,11.57
68105,2023,16.88,12.35
68106,2023,10.67,11.62
68107,2023,11.22,11.79
68108,2023,16.54,12.69
68110,2022,-0.34,12.63
68111,2023,8.89,16.79
68112,2023,17.53,13.93
68114,2023,6.94,11.96
68116,2023,9.41,11.97
68117,2023,10.49,10.74
68118,2023,7.79,11.07
68122,2023,8.4,11.77
68123,2023,7.38,10.94
68124,2023,8.58,11.52
68127,2023,9.72,11.87
68128,2023,9.45,11.84
68130,2023,9.25,11.84
68131,2023,-1.72,10.95
68132,2023,6.05,10.46
68133,2023,7.89,10.73
68134,2023,10.57,11.54
68135,2023,5.82,11.13
68136,2023,10.89,11.5
68137,2023,8.93,11.68
68138,2023,7.19,11.6
68142,2023,2.13,12.69
68144,2023,5.5,10.85
68147,2023,13.51,12.71
68152,2023,7.93,11.64
68154,2023,13.05,11.43
68157,2023,11.18,13.0
68164,2023,5.27,11.01
68301,2022,23.22,11.12
68305,2023,0.03,7.33
68310,2023,9.15,11.22
68317,2023,22.33,13.74
68331,2022,3.66,3.95
68333,2023,-1.2,11.96
68336,2021,21.41,10.16
68339,2023,5.35,9.97
68347,2023,2.53,11.45
68349,2022,33.55,14.67
68352,2023,16.59,10.51
68355,2022,2.32,0.26
68358,2023,17.49,13.23
68359,2021,12.34,3.43
68360,2022,42.54,19.83
68361,2022,21.1,9.98
68366,2022,6.01,8.11
68368,2022,4.85,5.85
68371,2023,8.31,11.54
68372,2023,10.59,10.69
68402,2022,18.81,8.76
68404,2022,3.27,4.33
68405,2023,3.0,8.83
68407,2022,33.47,10.62
68409,2022,19.15,14.47
68410,2023,13.47,12.09
68418,2022,13.37,8.87
68423,2022,19.01,7.87
68428,2023,-2.17,10.45
68430,2021,11.43,5.84
68434,2023,10.13,12.51
68446,2022,27.83,13.97
68454,2021,8.86,6.21
68455,2021,9.91,4.5
68456,2022,13.44,6.57
68461,2021,-2.52,4.83
68462,2023,10.16,11.87
68463,2023,18.16,12.95
68465,2023,12.43,11.1
68467,2023,8.81,11.02
68502,2023,6.72,10.91
68503,2023,9.62,11.7
68504,2023,10.32,11.7
68505,2023,10.37,12.11
68506,2023,7.25,11.47
68507,2023,11.22,11.61
68508,2023,9.95,12.75
68510,2023,7.1,11.56
68512,2023,11.81,11.42
68516,2023,8.87,11.39
68517,2022,15.4,6.27
68520,2022,15.96,7.31
68521,2023,8.31,10.84
68522,2023,5.87,10.28
68523,2023,17.4,14.79
68524,2023,9.26,12.72
68526,2021,4.81,2.23
68527,2021,6.98,4.81
68528,2023,14.35,13.28
68532,2021,6.28,4.09
68601,2023,6.73,10.29
68620,2023,10.48,9.82
68632,2023,3.67,9.44
68642,2022,22.91,8.15
68649,2022,4.8,8.21
68651,2021,2.41,5.05
68661,2023,17.5,11.38
68666,2022,-6.38,3.56
68701,2023,9.78,9.84
68713,2021,10.01,5.55
68715,2022,18.55,10.23
68730,2022,-4.26,2.38
68731,2023,-1.06,11.9
68739,2022,16.84,5.08
68756,2021,-2.66,3.91
68763,2023,17.22,9.39
68767,2023,6.51,9.36
68769,2021,17.3,8.25
68770,2022,21.72,13.97
68776,2023,3.2,10.52
68779,2023,4.44,4.75
68787,2023,6.74,13.93
68788,2023,7.91,9.62
68801,2023,9.05,11.24
68803,2023,5.21,11.1
68812,2022,21.04,-0.16
68818,2023,16.16,12.29
68822,2023,11.2,6.73
68824,2022,25.13,12.64
68826,2023,4.08,10.85
68832,2022,19.54,7.99
68836,2023,4.46,9.15
68840,2023,11.69,7.42
68843,2022,16.7,9.05
68845,2023,7.03,9.36
68847,2023,-2.43,7.08
68850,2023,12.19,12.33
68862,2022,32.38,16.76
68866,2022,17.29,11.13
68869,2021,9.29,5.27
68873,2023,5.16,8.41
68876,2021,15.06,6.91
68883,2022,21.12,11.02
68901,2023,3.01,9.15
68924,2022,6.88,4.69
68937,2022,20.97,11.91
68949,2023,13.35,12.36
68955,2022,11.03,8.49
68959,2023,-11.86,7.22
68979,2023,11.34,7.61
69001,2023,11.86,13.39
69033,2022,1.33,2.54
69101,2023,6.87,9.43
69130,2023,17.08,12.7
69138,2023,10.28,9.21
69140,2022,24.6,24.6
69143,2022,44.66,17.69
69145,2022,20.28,16.05
69153,2023,-0.08,6.9
69162,2023,6.44,12.03
69165,2022,11.2,6.08
69201,2022,11.22,7.21
69210,2022,0.56,7.6
69301,2023,4.38,6.67
69336,2022,17.32,5.71
69337,2023,10.85,10.42
69341,2023,10.67,9.87
69348,2021,1.9,3.32
69356,2021,16.74,5.43
69357,2023,-4.7,11.27
69358,2022,55.44,26.08
69361,2023,5.6,8.84
70001,2023,1.6,6.14
70002,2023,-1.17,6.02
70003,2023,-0.49,6.14
70005,2023,2.21,6.64
70006,2023,-2.61,7.07
70030,2023,7.03,7.87
70031,2022,12.11,7.14
70032,2023,-2.87,8.26
70036,2021,-2.27,0.54
70037,2023,-2.03,3.82
70039,2022,11.12,5.98
70040,2019,3.87,3.81
70043,2023,-4.96,6.89
70047,2023,-2.13,4.39
70051,2021,32.69,11.78
70052,2021,2.88,2.67
70053,2023,-0.78,4.68
70056,2023,3.11,7.72
70057,2021,2.73,4.28
70058,2023,-3.56,7.38
70062,2023,1.22,7.08
70065,2023,1.32,6.98
70067,2022,34.78,14.93
70068,2023,5.78,7.96
70070,2023,1.61,5.68
70071,2022,16.91,9.72
70072,2023,5.71,8.88
70075,2023,-6.14,8.3
70079,2023,6.14,7.14
70084,2022,13.3,8.7
70085,2022,20.64,7.94
70087,2023,-2.58,7.76
70090,2023,-4.88,4.98
70092,2023,3.24,8.56
70094,2023,8.31,11.77
70113,2022,15.64,15.64
70114,2023,-6.08,4.16
70115,2023,-3.61,3.34
70116,2023,1.73,4.0
70117,2023,2.31,5.81
70118,2023,-4.59,3.93
70119,2023,-0.9,4.84
70121,2023,-7.53,2.56
70122,2023,-0.48,6.38
70123,2023,2.42,6.76
70124,2023,-1.14,4.06
70125,2023,1.3,4.9
70126,2023,-2.03,3.64
70127,2023,11.7,10.2
70128,2023,-6.09,6.17
70129,2023,3.9,5.63
70130,2023,-0.05,4.73
70131,2023,-0.88,7.55
70301,2023,4.61,6.12
70339,2023,22.51,6.44
70341,2021,-23.94,-7.49
70342,2023,8.83,3.04
70343,2023,5.19,5.03
70344,2021,-10.7,3.23
70345,2023,-8.71,2.39
70346,2023,-13.51,0.4
70354,2021,8.67,-0.03
70359,2023,-0.84,6.55
70360,2023,5.52,5.89
70363,2023,-9.12,3.19
70364,2023,1.58,5.01
70372,2021,1.24,2.19
70373,2021,-0.76,-0.76
70374,2023,3.52,3.92
70380,2023,-1.13,2.96
70390,2023,15.11,11.27
70392,2022,6.31,4.13
70394,2023,-2.18,5.14
70395,2023,0.29,4.22
70401,2023,7.47,11.59
70403,2023,6.12,8.86
70420,2023,0.91,7.21
70422,2023,-15.02,2.29
70426,2022,15.87,6.72
70427,2023,-1.09,5.28
70431,2023,7.19,11.34
70433,2023,5.59,9.17
70435,2023,4.57,8.81
70437,2023,6.55,8.83
70438,2023,5.43,8.91
70443,2023,5.49,8.71
70444,2022,4.51,4.15
70445,2023,11.73,9.95
70446,2023,-4.45,5.71
70447,2023,7.37,9.93
70448,2023,0.47,8.05
70449,2021,6.15,1.75
70452,2023,1.51,7.51
70454,2023,4.85,8.67
70455,2022,34.6,20.18
70458,2023,2.08,9.35
70460,2023,-3.06,6.5
70461,2023,-2.48,6.6
70462,2023,-6.18,5.32
70466,2023,-0.39,9.04
70471,2023,12.06,10.77
70501,2023,0.92,5.63
70503,2023,-2.49,4.86
70506,2023,4.22,5.94
70507,2023,10.37,7.5
70508,2023,4.81,5.87
70510,2023,3.7,2.65
70512,2023,1.53,4.12
70517,2023,-1.16,5.32
70518,2023,-1.1,5.59
70520,2023,3.82,7.9
70525,2023,17.59,8.62
70526,2023,2.4,4.14
70528,2021,-7.48,2.2
70529,2023,3.78,6.06
70533,2023,13.61,14.08
70535,2023,-5.45,2.84
70538,2023,6.87,-0.35
70542,2022,18.29,9.46
70543,2022,12.17,4.58
70544,2022,0.87,2.24
70546,2023,-12.83,3.4
70548,2023,12.74,6.94
70554,2022,0.14,-1.31
70555,2023,11.34,7.09
70560,2023,7.03,4.67
70563,2023,2.85,6.33
70570,2023,-7.42,1.56
70577,2021,1.7,-0.64
70578,2023,0.44,5.0
70582,2023,2.35,4.58
70583,2023,1.67,7.08
70584,2023,0.75,4.49
70586,2023,8.56,4.96
70589,2022,-4.14,3.19
70591,2023,14.11,6.88
70592,2023,1.44,5.71
70601,2023,-7.65,2.3
70605,2023,1.82,4.68
70607,2023,5.31,7.93
70611,2023,-2.29,3.86
70615,2022,8.79,6.67
70633,2022,9.28,6.55
70634,2023,-0.09,6.4
70647,2023,-4.62,3.09
70648,2022,10.67,4.04
70652,2022,8.92,5.52
70657,2023,-11.67,2.59
70663,2023,-2.45,4.0
70665,2023,-4.53,2.54
70668,2022,19.74,11.44
70669,2023,12.42,6.72
70706,2023,1.29,5.35
70710,2023,22.04,13.36
70711,2023,-0.03,6.35
70714,2023,-6.82,5.33
70719,2022,-3.87,0.27
70722,2022,11.41,7.85
70726,2023,2.62,7.15
70729,2021,4.01,1.74
70730,2022,17.04,6.55
70734,2023,22.25,8.66
70737,2023,3.12,6.47
70739,2023,5.4,7.05
70744,2023,15.68,11.8
70748,2022,12.85,7.04
70749,2021,12.71,8.47
70754,2023,-1.36,5.16
70755,2022,9.17,11.07
70760,2022,2.6,4.13
70762,2021,2.75,2.75
70763,2022,6.12,4.1
70764,2023,-8.96,1.82
70767,2023,9.92,6.68
70769,2023,1.92,7.58
70770,2023,13.24,7.18
70774,2023,-1.07,6.37
70775,2023,4.34,8.86
70776,2023,23.06,14.79
70777,2023,6.02,6.78
70778,2022,11.64,5.53
70783,2023,2.72,8.71
70785,2023,9.7,8.97
70788,2022,-0.5,5.36
70791,2023,-2.74,3.96
70802,2023,3.35,4.02
70805,2023,8.73,7.93
70806,2023,-5.13,2.77
70807,2022,28.65,16.31
70808,2023,-1.51,3.38
70809,2023,7.68,7.23
70810,2023,3.38,6.79
70811,2023,8.55,12.58
70812,2023,5.86,12.98
70814,2023,5.86,7.18
70815,2023,4.48,7.52
70816,2023,1.13,6.11
70817,2023,3.42,7.98
70818,2023,5.51,7.37
70819,2022,10.84,6.68
70820,2023,-1.55,5.83
71006,2023,2.51,5.89
71007,2019,-24.92,-1.39
71023,2022,-20.87,3.51
71032,2021,11.4,2.33
71033,2022,4.14,6.28
71037,2023,0.87,5.07
71040,2022,20.61,8.78
71047,2023,7.83,7.45
71051,2021,5.01,1.34
71052,2021,-10.86,-1.0
71055,2023,3.27,5.1
71060,2021,-3.49,4.38
71064,2022,77.95,16.68
71075,2021,13.72,7.27
71078,2023,11.75,10.31
71104,2023,5.82,5.79
71105,2023,4.45,5.11
71106,2023,2.74,4.07
71107,2023,-1.58,6.51
71108,2022,29.68,13.29
71109,2022,4.04,5.69
71111,2023,3.29,7.15
71112,2023,12.28,8.69
71115,2023,1.31,5.88
71118,2023,4.54,7.21
71119,2023,-0.39,6.36
71129,2023,11.14,9.05
71201,2023,6.09,6.89
71202,2023,8.24,4.85
71203,2023,5.22,7.16
71220,2023,2.69,4.95
71225,2023,5.66,6.67
71226,2021,5.44,2.45
71227,2022,7.68,8.11
71232,2022,1.45,4.92
71234,2023,11.41,5.94
71235,2022,14.58,5.87
71238,2022,8.45,5.19
71241,2023,4.9,6.14
71251,2022,14.1,9.27
71263,2023,14.78,11.35
71268,2022,6.4,3.78
71269,2023,-13.64,1.26
71270,2023,5.83,6.32
71280,2023,0.17,3.61
71282,2022,1.47,3.26
71291,2023,0.92,5.43
71292,2023,15.31,10.39
71295,2022,14.1,6.0
71301,2023,3.0,4.86
71302,2022,-2.01,1.54
71303,2023,3.07,5.94
71322,2022,34.17,11.92
71327,2022,31.06,12.64
71328,2023,1.05,5.78
71334,2022,27.71,10.22
71341,2022,9.93,8.59
71342,2022,3.59,4.72
71346,2022,1.13,4.81
71350,2022,10.8,7.37
71351,2022,2.96,3.96
71355,2021,8.12,4.01
71360,2023,3.11,6.45
71362,2022,7.96,7.61
71373,2023,7.62,2.75
71403,2023,-4.87,4.78
71405,2023,8.4,6.74
71409,2023,10.06,11.92
71417,2022,5.18,2.62
71418,2022,17.66,9.85
71423,2022,17.42,8.67
71429,2021,16.32,5.33
71433,2022,11.9,2.84
71439,2021,16.5,6.31
71446,2023,-9.46,3.99
71449,2023,11.9,10.63
71457,2023,9.28,7.96
71463,2022,-12.15,11.36
71467,2023,5.33,7.45
71483,2022,7.72,3.11
71485,2023,2.31,7.76
71486,2022,11.75,5.1
71601,2017,25.36,8.08
71602,2023,5.94,8.49
71603,2023,9.36,10.99
71635,2023,-2.84,6.32
71639,2022,11.93,8.01
71646,2021,-5.53,0.35
71653,2022,-6.65,0.81
71654,2022,0.89,3.04
71655,2023,8.64,8.11
71665,2021,2.97,4.64
71667,2022,8.91,8.47
71671,2023,-18.01,5.14
71701,2023,9.4,12.1
71730,2023,5.6,6.47
71753,2023,1.64,6.01
71801,2023,-7.42,8.34
71822,2023,10.74,9.06
71832,2023,2.9,7.67
71852,2022,-7.88,3.33
71854,2023,-2.09,8.3
71901,2023,4.56,12.39
71909,2023,22.74,15.84
71913,2023,11.63,13.61
71923,2023,18.01,13.51
71929,2023,1.7,9.06
71953,2023,5.12,13.47
71957,2022,22.39,15.21
71964,2023,1.04,9.92
71968,2023,1.26,11.78
72002,2023,5.72,9.58
72007,2023,7.2,11.48
72010,2022,11.6,8.42
72011,2022,16.03,9.42
72012,2023,4.21,9.18
72015,2023,12.94,12.57
72016,2023,20.23,10.49
72019,2023,8.52,9.94
72022,2023,6.19,9.41
72023,2023,10.39,11.13
72024,2022,11.02,6.39
72031,2023,11.26,10.56
72032,2023,7.18,9.94
72034,2023,6.93,10.72
72042,2022,6.62,6.74
72044,2022,28.82,14.44
72046,2022,13.81,10.69
72047,2022,5.14,12.25
72058,2023,8.81,11.6
72065,2023,10.57,10.34
72067,2022,25.81,14.1
72076,2023,13.86,12.91
72081,2023,21.72,15.53
72086,2023,15.74,14.96
72088,2016,14.06,4.86
72103,2023,14.21,13.17
72104,2023,-2.46,9.14
72106,2023,6.98,7.85
72110,2023,7.7,9.11
72112,2022,6.63,3.44
72113,2023,8.47,11.35
72116,2023,4.71,9.29
72117,2023,58.14,25.72
72118,2023,6.96,11.76
72120,2023,4.43,9.54
72121,2021,16.28,0.32
72122,2021,-1.77,-2.3
72126,2023,-15.54,6.41
72127,2023,46.17,15.45
72131,2022,12.18,7.45
72132,2022,13.64,4.94
72135,2023,6.22,10.67
72142,2022,18.27,11.2
72143,2023,10.53,11.2
72150,2023,4.84,11.95
72153,2021,9.27,3.77
72160,2023,0.75,5.19
72173,2023,9.28,9.69
72176,2023,3.52,9.68
72202,2022,45.17,17.08
72204,2023,8.22,11.57
72205,2023,10.81,8.88
72206,2023,10.96,12.56
72207,2023,4.33,7.4
72209,2023,10.68,9.12
72210,2023,-0.04,5.69
72211,2023,6.9,10.65
72212,2023,8.01,9.25
72223,2023,12.31,10.75
72227,2023,2.43,9.28
72301,2023,8.28,11.37
72315,2023,-0.47,6.77
72335,2022,-4.97,4.14
72342,2021,13.37,4.71
72348,2021,33.07,17.58
72364,2023,8.81,10.84
72370,2022,13.86,8.71
72390,2021,6.09,3.13
72396,2023,1.8,10.22
72401,2023,8.14,10.73
72404,2023,1.88,7.92
72405,2023,2.52,9.21
72416,2023,7.04,7.1
72417,2023,4.12,8.63
72432,2022,12.58,7.38
72442,2022,7.79,6.86
72450,2023,5.77,9.8
72455,2023,-5.24,8.47
72472,2023,11.63,10.7
72476,2021,0.36,2.51
72501,2023,3.39,9.03
72512,2022,28.82,19.96
72521,2022,22.09,11.35
72529,2023,4.83,12.81
72530,2022,35.03,16.07
72542,2022,5.7,3.92
72543,2023,0.06,9.81
72560,2023,28.48,15.45
72581,2021,16.1,5.48
72601,2023,7.66,14.44
72616,2023,0.67,11.52
72619,2023,6.87,15.2
72631,2023,7.13,12.33
72632,2023,7.33,12.04
72634,2023,14.81,15.74
72635,2023,-3.48,11.11
72638,2022,32.48,13.1
72642,2022,10.36,9.17
72651,2021,21.0,2.08
72653,2023,8.74,13.4
72658,2023,19.49,18.34
72662,2023,0.71,14.44
72687,2023,14.95,13.58
72701,2023,12.69,15.63
72703,2023,9.32,15.16
72704,2023,12.29,16.8
72712,2023,22.43,18.94
72713,2023,16.02,19.71
72714,2022,1.64,12.4
72715,2023,7.26,19.13
72718,2023,5.28,15.39
72719,2023,11.49,16.96
72722,2023,2.03,17.25
72727,2023,-4.42,11.57
72730,2023,12.18,15.39
72732,2023,18.56,18.89
72734,2023,23.42,19.25
72736,2023,6.18,17.14
72738,2022,32.33,14.47
72740,2023,11.37,15.2
72744,2023,7.65,15.83
72745,2023,10.36,15.91
72751,2023,12.39,19.29
72753,2023,-2.91,11.66
72756,2023,17.13,19.59
72758,2023,11.31,16.78
72761,2023,14.26,15.99
72762,2023,9.41,16.52
72764,2023,11.31,15.81
72774,2023,19.05,20.52
72801,2023,5.55,9.5
72802,2023,7.55,9.48
72823,2023,7.57,13.52
72830,2023,6.39,9.77
72834,2023,13.78,11.72
72837,2023,8.6,12.81
72846,2022,4.84,5.14
72847,2022,-11.98,2.44
72855,2022,20.36,7.84
72858,2022,1.56,4.76
72901,2023,8.44,11.62
72903,2023,9.89,12.12
72904,2023,33.6,18.71
72908,2023,13.66,13.41
72916,2023,9.95,11.9
72921,2023,11.07,14.34
72923,2023,13.29,14.71
72927,2023,15.51,12.92
72933,2023,13.63,15.92
72936,2023,2.19,10.79
72937,2023,26.52,8.92
72940,2021,17.36,17.84
72941,2023,-0.45,10.54
72946,2022,34.01,21.44
72947,2022,3.83,10.82
72949,2023,9.73,11.69
72952,2023,2.58,15.15
72956,2023,12.86,14.53
72959,2023,18.87,14.8
73003,2023,11.59,12.84
73007,2023,32.53,15.9
73008,2023,2.8,8.3
73010,2023,4.66,11.85
73012,2023,2.33,9.88
73013,2023,9.58,11.15
73018,2023,2.33,9.88
73020,2023,2.64,10.45
73025,2023,-2.99,7.94
73026,2023,-3.92,8.63
73030,2023,14.49,11.77
73034,2023,5.09,10.07
73036,2023,3.43,11.64
73044,2023,6.94,12.14
73045,2023,16.11,13.58
73049,2023,3.97,11.78
73051,2023,-1.53,4.75
73052,2022,11.65,12.55
73054,2023,8.47,11.45
73055,2023,14.37,12.06
73064,2023,8.66,10.43
73065,2023,3.15,11.3
73068,2023,4.43,10.6
73069,2023,7.36,9.89
73071,2023,14.99,11.52
73072,2023,5.33,10.38
73075,2023,4.49,9.79
73077,2023,-10.97,4.39
73078,2023,0.89,10.61
73080,2023,5.38,12.0
73084,2023,3.7,11.72
73086,2023,9.62,12.1
73089,2023,8.39,11.0
73093,2023,23.83,13.08
73096,2023,2.39,4.71
73099,2023,9.72,11.98
73103,2023,15.52,10.9
73105,2023,-4.7,9.99
73106,2023,-1.59,9.98
73107,2023,3.74,8.74
73109,2023,9.14,14.46
73110,2023,10.64,13.23
73111,2023,3.86,15.37
73112,2023,10.13,10.43
73114,2023,10.5,13.99
73115,2023,16.85,16.08
73116,2023,12.47,11.02
73118,2023,1.43,6.63
73119,2023,-15.29,11.33
73120,2023,4.53,9.55
73121,2023,22.1,14.98
73122,2023,9.33,10.88
73127,2023,2.15,9.35
73128,2023,13.76,11.03
73130,2023,13.85,11.54
73131,2022,23.78,11.55
73132,2023,10.51,11.06
73134,2022,17.04,10.63
73135,2023,14.57,13.9
73139,2023,7.33,8.8
73142,2023,-3.2,5.31
73149,2022,8.92,4.72
73150,2023,2.77,11.24
73151,2021,23.09,4.91
73159,2023,8.51,12.39
73160,2023,10.39,11.49
73162,2023,5.75,11.71
73165,2023,40.35,22.01
73169,2022,26.7,10.54
73170,2023,7.97,11.03
73179,2023,7.27,12.72
73401,2023,10.95,12.89
73439,2023,18.69,17.61
73446,2023,-4.93,9.7
73449,2023,12.83,13.33
73501,2023,-13.4,8.04
73505,2023,9.34,9.36
73507,2023,-5.36,5.75
73521,2023,3.8,8.75
73527,2023,0.02,7.6
73533,2023,2.37,9.55
73538,2023,1.69,7.54
73572,2021,15.64,3.81
73601,2023,4.24,7.06
73632,2022,21.77,14.98
73644,2023,2.8,6.31
73701,2023,-0.66,4.97
73703,2023,8.09,6.28
73717,2023,2.84,4.85
73750,2023,8.39,6.52
73762,2022,20.03,9.4
73801,2023,4.92,3.65
73942,2023,7.89,7.43
74003,2023,4.79,12.18
74006,2023,6.85,11.6
74008,2023,-0.61,10.14
74010,2023,14.13,12.25
74011,2023,8.94,12.7
74012,2023,7.26,12.0
74014,2023,14.89,13.77
74015,2023,23.35,14.18
74016,2023,45.47,18.82
74017,2023,13.12,12.67
74019,2023,8.12,12.19
74020,2023,18.36,14.77
74021,2023,6.34,12.36
74023,2023,11.92,10.57
74029,2023,7.23,9.86
74033,2023,11.46,14.0
74036,2023,5.64,11.8
74037,2023,18.64,14.62
74039,2022,-2.58,6.3
74041,2022,19.39,10.65
74044,2023,8.27,14.88
74047,2023,16.83,14.12
74048,2022,24.47,10.6
74053,2023,10.61,11.33
74055,2023,9.6,12.5
74059,2023,-3.54,8.81
74061,2022,32.48,13.64
74063,2023,8.11,11.89
74066,2023,8.84,14.64
74070,2023,10.18,12.48
74073,2023,14.29,11.68
74074,2023,5.3,8.89
74075,2023,7.72,9.57
74079,2022,10.52,6.75
74080,2023,-4.06,11.53
74104,2023,4.31,10.92
74105,2023,11.14,11.11
74106,2023,10.31,12.83
74107,2023,9.74,12.69
74108,2023,-2.94,15.85
74110,2023,17.92,20.55
74112,2023,4.94,11.34
74114,2023,11.7,11.88
74115,2023,5.78,11.65
74116,2022,6.81,10.95
74119,2023,-4.35,5.68
74120,2023,8.96,10.06
74127,2023,16.27,14.85
74128,2023,1.51,10.13
74129,2023,7.12,13.53
74131,2023,-6.49,8.56
74132,2023,13.47,11.71
74133,2023,1.83,10.83
74134,2023,25.0,16.52
74135,2023,5.23,10.81
74136,2023,12.7,11.54
74137,2023,5.85,10.01
74145,2023,8.27,13.36
74146,2023,14.86,14.82
74301,2023,3.59,9.74
74331,2022,21.74,10.44
74337,2022,7.07,7.0
74343,2023,9.79,16.0
74344,2023,12.33,16.21
74346,2023,17.74,15.3
74352,2022,17.16,13.11
74354,2023,11.07,8.62
74361,2023,14.46,14.47
74370,2021,3.37,3.0
74401,2023,10.96,11.16
74403,2023,14.51,14.03
74421,2023,-7.08,10.5
74426,2023,0.9,10.93
74429,2023,8.38,11.77
74432,2023,18.65,16.39
74434,2023,20.84,14.21
74437,2022,24.84,11.16
74441,2022,18.64,11.81
74447,2023,-0.42,7.67
74450,2021,33.57,15.05
74451,2023,33.08,19.62
74462,2022,32.7,12.82
74464,2023,5.67,11.72
74467,2023,-5.69,10.86
74501,2023,15.03,9.86
74601,2023,8.46,10.83
74604,2023,7.13,9.08
74631,2022,17.47,9.83
74701,2023,3.3,11.07
74728,2023,-12.32,11.87
74730,2022,41.32,15.79
74745,2022,6.47,7.51
74801,2023,-2.66,11.05
74804,2023,5.83,8.73
74820,2023,4.72,9.26
74834,2023,6.17,7.93
74848,2022,16.92,20.65
74851,2023,12.65,10.56
74855,2022,29.24,13.84
74857,2023,11.51,12.06
74868,2023,15.74,13.23
74873,2022,34.97,13.76
74902,2022,0.45,8.67
74948,2023,-9.37,8.38
74953,2023,-4.39,10.81
74954,2023,5.58,11.8
74955,2023,8.42,13.27
74960,2021,4.5,0.37
75001,2023,8.7,13.73
75002,2023,3.38,15.0
75006,2023,4.82,12.65
75007,2023,6.07,13.58
75009,2023,12.14,17.6
75010,2023,4.15,13.09
75013,2023,13.21,16.16
75019,2023,5.69,12.85
75020,2023,3.82,13.89
75021,2023,9.48,16.33
75022,2023,6.97,14.2
75023,2023,4.6,14.58
75024,2023,6.01,15.38
75025,2023,4.13,14.99
75028,2023,2.83,12.89
75032,2023,2.15,13.39
75033,2023,20.55,19.61
75034,2023,9.56,17.07
75035,2023,1.92,15.63
75036,2023,11.87,15.91
75038,2023,-12.88,7.12
75040,2023,6.29,13.57
75041,2023,5.21,12.96
75042,2023,6.77,13.48
75043,2023,7.41,14.31
75044,2023,7.66,13.95
75048,2023,4.33,14.2
75050,2023,1.38,11.75
75051,2023,11.1,14.77
75052,2023,3.75,13.38
75056,2023,6.48,14.13
75057,2023,12.45,12.82
75058,2023,-0.13,17.14
75060,2023,10.57,14.06
75061,2023,9.73,13.71
75062,2023,7.06,13.02
75063,2022,14.67,8.72
75065,2023,3.41,12.36
75067,2023,3.25,12.76
75068,2023,6.37,15.5
75069,2023,4.66,13.57
75070,2023,1.49,15.66
75071,2023,9.38,17.1
75072,2023,5.95,17.51
75074,2023,4.4,14.09
75075,2023,3.21,13.31
75076,2023,2.76,15.78
75077,2023,4.65,13.02
75078,2023,13.82,16.76
75080,2023,5.76,12.13
75081,2023,4.69,12.41
75082,2023,4.57,13.53
75087,2023,5.5,14.47
75088,2023,0.24,12.83
75089,2023,5.03,13.8
75090,2023,2.79,13.79
75092,2023,6.89,14.41
75093,2023,6.9,15.08
75094,2023,4.09,13.67
75098,2023,5.84,14.69
75103,2023,0.44,12.63
75104,2023,4.42,14.29
75109,2023,-0.82,15.33
75110,2023,13.68,16.17
75114,2023,7.56,14.04
75115,2023,6.83,13.95
75116,2023,5.7,14.09
75117,2023,16.53,14.06
75119,2023,6.04,14.33
75124,2023,16.58,18.52
75125,2023,14.98,15.3
75126,2023,-0.69,12.88
75134,2023,12.15,17.12
75135,2023,8.99,14.36
75137,2023,5.96,12.92
75140,2023,-7.84,10.93
75142,2023,4.37,14.63
75143,2023,-0.92,15.63
75144,2023,-14.27,9.63
75146,2023,6.44,13.2
75147,2023,2.18,12.78
75148,2023,-2.12,10.39
75149,2023,7.13,15.26
75150,2023,5.08,13.86
75152,2023,5.09,16.52
75154,2023,4.02,14.22
75156,2023,13.08,17.69
75158,2023,17.12,16.59
75159,2023,8.8,14.93
75160,2023,4.82,14.2
75161,2023,10.87,16.19
75163,2022,-18.46,4.98
75165,2023,1.99,13.58
75166,2023,10.19,14.58
75167,2023,3.44,13.81
75169,2023,8.09,14.03
75173,2023,6.26,14.23
75180,2023,2.61,12.99
75181,2023,-0.64,13.26
75182,2023,15.65,13.63
75189,2023,5.77,14.64
75203,2023,6.74,13.07
75204,2023,-2.17,10.34
75205,2022,44.42,16.01
75206,2023,7.45,11.94
75208,2023,6.22,10.37
75209,2023,11.24,12.73
75211,2023,6.32,11.97
75212,2023,-7.84,11.94
75214,2023,7.31,11.43
75215,2023,26.26,23.45
75216,2023,12.94,16.82
75217,2023,1.04,12.65
75218,2023,6.84,11.72
75219,2023,-1.87,9.52
75220,2023,11.07,12.85
75223,2023,5.59,10.74
75224,2023,6.11,12.16
75225,2022,16.23,8.95
75227,2023,3.16,12.17
75228,2023,1.75,11.14
75229,2023,8.33,11.88
75230,2023,0.52,9.73
75231,2023,10.38,12.97
75232,2023,7.85,14.07
75233,2023,9.43,13.9
75234,2023,4.74,11.46
75235,2023,8.61,12.97
75236,2023,5.85,12.46
75238,2023,6.34,11.35
75240,2023,14.08,15.33
75241,2023,16.05,18.88
75243,2023,7.92,13.01
75244,2023,10.43,11.86
75248,2023,7.22,12.04
75249,2023,-1.95,11.4
75252,2023,5.75,13.61
75253,2023,3.05,14.73
75254,2023,0.01,8.73
75287,2023,6.61,13.56
75401,2023,-2.08,14.74
75402,2023,-0.64,12.07
75407,2023,12.54,17.37
75409,2023,-2.38,13.25
75410,2022,25.85,14.17
75414,2023,3.44,13.33
75418,2023,0.72,14.91
75422,2022,8.75,13.9
75423,2023,-9.26,11.89
75424,2023,5.25,17.4
75428,2023,-4.28,10.95
75440,2023,-1.55,10.45
75442,2023,0.38,14.02
75452,2023,2.25,13.31
75453,2023,0.12,12.18
75454,2021,5.17,7.38
75455,2023,8.47,11.97
75457,2023,29.3,22.2
75459,2023,9.67,16.19
75460,2023,13.42,14.36
75462,2023,10.91,13.77
75472,2022,11.55,14.42
75473,2022,25.33,12.1
75474,2023,9.23,15.84
75480,2022,10.28,10.07
75482,2023,1.94,13.32
75490,2023,8.34,14.1
75491,2023,-1.46,10.53
75494,2023,-0.3,15.53
75495,2023,6.47,14.28
75496,2023,11.47,18.51
75497,2023,22.47,18.53
75501,2023,8.92,13.18
75503,2023,8.07,11.59
75551,2023,8.88,15.89
75561,2022,18.85,7.2
75570,2022,22.62,10.87
75601,2023,9.25,12.34
75602,2023,3.73,12.03
75603,2022,24.13,10.69
75604,2023,2.72,12.41
75605,2023,7.1,12.28
75633,2023,10.8,11.2
75640,2022,16.95,12.0
75644,2023,16.32,13.87
75645,2023,11.54,14.94
75647,2023,8.36,10.39
75650,2023,20.05,16.26
75652,2023,29.23,13.39
75654,2023,17.69,15.26
75657,2022,4.63,5.61
75662,2023,8.25,11.87
75670,2023,11.37,12.21
75672,2023,10.99,10.53
75686,2023,21.92,13.33
75692,2023,3.85,10.6
75693,2023,15.39,15.76
75701,2023,7.59,13.42
75702,2023,13.8,16.26
75703,2023,6.64,12.27
75704,2023,13.81,16.44
75706,2023,11.54,14.46
75707,2023,1.39,11.59
75709,2023,13.94,16.21
75750,2022,15.75,13.71
75751,2023,1.88,12.82
75752,2022,11.64,10.3
75754,2022,30.78,16.1
75755,2023,-3.4,11.43
75757,2023,15.41,14.68
75758,2023,8.15,15.39
75762,2023,10.5,14.68
75763,2023,11.47,12.59
75765,2023,0.24,11.17
75766,2023,11.83,14.21
75771,2023,11.25,14.22
75773,2023,0.58,10.91
75783,2023,8.05,13.96
75785,2023,-3.22,9.41
75789,2023,-2.82,16.43
75790,2023,-1.36,15.44
75791,2023,5.32,13.33
75801,2023,14.35,14.91
75803,2023,20.29,16.12
75835,2023,-5.29,10.0
75840,2023,8.12,13.79
75859,2021,4.06,3.49
75901,2023,-3.9,9.63
75904,2023,9.54,12.66
75935,2023,8.25,11.76
75941,2023,19.14,15.15
75948,2022,17.74,12.89
75949,2023,2.25,11.23
75951,2023,20.95,11.5
75961,2023,28.3,16.81
75964,2023,11.99,13.54
75965,2023,7.36,11.63
76001,2023,3.51,13.22
76002,2023,2.13,13.4
76006,2023,-2.23,12.11
76008,2023,2.73,12.86
76009,2023,7.26,14.91
76010,2023,-0.41,13.02
76011,2023,10.32,13.21
76012,2023,3.49,12.74
76013,2023,7.51,13.36
76014,2023,5.55,15.46
76015,2023,-3.52,12.06
76016,2023,1.0,12.95
76017,2023,4.14,12.96
76018,2023,2.25,13.55
76020,2023,4.19,13.19
76021,2023,4.84,12.62
76022,2023,2.66,12.24
76023,2023,7.56,14.24
76028,2023,2.69,13.33
76031,2023,7.28,13.69
76033,2023,4.39,13.8
76034,2023,2.82,11.43
76036,2023,-1.85,12.91
76039,2023,4.87,12.04
76040,2023,5.66,14.12
76043,2023,7.33,13.13
76044,2023,1.5,12.54
76048,2023,12.07,16.05
76049,2023,7.76,15.84
76050,2023,6.91,12.74
76051,2023,5.38,12.78
76052,2023,9.42,14.77
76053,2023,1.91,12.39
76054,2023,2.23,12.36
76058,2023,5.32,13.69
76059,2023,0.39,12.97
76060,2023,11.21,14.32
76063,2023,2.23,13.17
76064,2023,-9.57,14.29
76065,2023,6.24,13.98
76066,2023,15.05,17.11
76067,2023,1.56,13.53
76071,2022,22.16,12.05
76073,2023,10.23,16.08
76078,2023,7.4,15.11
76082,2023,-1.07,12.0
76084,2023,12.13,14.05
76085,2023,5.41,14.95
76086,2023,3.71,13.28
76087,2023,6.74,13.61
76088,2023,8.01,14.87
76092,2023,15.23,15.94
76093,2023,2.75,11.91
76103,2023,1.69,14.09
76104,2023,4.03,12.41
76105,2022,23.69,21.0
76106,2023,11.67,16.53
76107,2023,-6.32,4.68
76108,2023,5.07,14.59
76109,2023,6.66,10.16
76110,2023,10.16,12.44
76111,2023,3.37,12.3
76112,2023,5.03,13.11
76114,2023,-1.87,11.12
76115,2023,-20.71,19.2
76116,2023,6.19,11.15
76117,2023,4.34,13.5
76118,2023,2.52,12.71
76119,2023,13.55,15.23
76120,2023,2.62,14.36
76123,2023,2.61,14.73
76126,2023,-0.57,11.7
76131,2023,1.67,14.67
76132,2023,1.73,12.88
76133,2023,4.83,12.96
76134,2023,1.7,13.55
76135,2023,0.2,12.47
76137,2023,0.77,13.5
76140,2023,4.94,14.82
76148,2023,0.08,13.1
76179,2023,2.54,12.59
76180,2023,2.68,12.11
76182,2023,3.86,13.52
76201,2023,4.84,11.72
76205,2023,4.48,14.31
76207,2023,-0.95,13.46
76208,2023,0.64,13.38
76209,2023,3.71,12.77
76210,2023,3.74,14.2
76225,2022,16.82,10.44
76226,2023,9.1,14.05
76227,2023,6.76,13.76
76230,2023,14.35,17.27
76233,2023,1.96,14.14
76234,2023,5.25,12.67
76240,2023,7.26,15.62
76244,2023,2.94,15.47
76247,2023,3.68,13.07
76248,2023,3.4,13.16
76249,2023,7.29,14.61
76250,2021,4.14,4.13
76252,2022,10.95,10.84
76255,2023,-1.35,13.02
76258,2023,4.68,14.08
76259,2023,0.66,12.03
76262,2023,3.41,11.87
76266,2023,1.65,10.82
76270,2021,16.99,16.99
76271,2023,12.17,12.97
76272,2023,11.31,15.4
76273,2023,8.19,15.75
76301,2023,-3.88,7.46
76302,2023,6.44,13.52
76305,2022,21.56,13.49
76306,2023,12.17,15.44
76308,2023,3.72,11.02
76309,2023,-1.12,9.51
76310,2023,4.95,11.54
76354,2023,1.39,10.41
76365,2023,9.27,16.68
76367,2023,4.63,11.25
76384,2023,8.9,11.6
76401,2023,8.28,15.1
76426,2023,-5.53,12.33
76431,2023,31.51,21.27
76437,2022,14.88,10.81
76442,2023,10.61,12.68
76446,2023,3.96,12.64
76448,2023,15.14,12.44
76449,2021,21.95,9.37
76450,2023,13.73,17.48
76458,2022,14.37,10.5
76462,2023,18.39,19.39
76476,2023,7.18,12.28
76487,2022,29.6,14.55
76501,2023,6.57,15.48
76502,2023,0.61,14.33
76504,2023,-2.24,14.77
76513,2023,8.14,15.56
76520,2023,25.08,21.83
76522,2023,6.48,16.02
76527,2022,16.66,13.93
76528,2023,1.36,12.98
76530,2022,24.38,13.32
76534,2022,37.9,17.62
76537,2022,14.01,11.32
76539,2023,5.36,15.75
76542,2023,7.37,14.67
76543,2023,10.63,18.54
76548,2023,2.24,12.15
76549,2023,3.29,16.22
76550,2023,20.3,18.39
76557,2022,19.43,14.79
76559,2022,17.34,17.34
76567,2023,3.68,15.38
76571,2023,-2.05,14.98
76574,2023,-8.93,13.98
76577,2023,7.28,19.28
76579,2023,13.34,13.89
76624,2023,-5.14,11.75
76630,2022,23.46,15.19
76633,2023,7.88,12.61
76634,2023,5.22,15.4
76638,2023,4.55,12.79
76642,2022,17.16,12.99
76643,2023,6.25,13.31
76645,2023,13.96,15.67
76651,2023,14.19,17.12
76655,2023,10.5,13.48
76657,2023,6.14,12.4
76667,2023,-9.43,7.13
76682,2022,18.9,10.7
76689,2023,33.2,23.66
76691,2023,11.17,16.81
76692,2023,12.36,16.56
76705,2023,10.41,14.33
76706,2023,9.09,13.77
76707,2023,3.66,14.27
76708,2023,6.73,13.69
76710,2023,2.81,12.65
76712,2023,3.47,12.55
76801,2023,9.35,13.89
76802,2023,11.08,17.75
76825,2023,11.63,10.37
76901,2023,6.27,10.29
76903,2023,3.69,9.89
76904,2023,2.34,9.02
76905,2023,-0.29,8.97
77003,2023,1.15,7.11
77004,2023,7.95,7.4
77005,2023,-11.21,3.1
77006,2023,2.5,4.08
77007,2023,2.91,4.8
77008,2023,5.03,6.33
77009,2023,6.48,7.57
77011,2023,8.69,11.79
77013,2022,7.23,10.32
77014,2015,23.95,3.04
77015,2023,2.84,12.11
77016,2023,11.93,11.28
77017,2023,-9.7,8.48
77018,2023,4.93,8.46
77019,2023,5.16,4.45
77020,2022,2.45,1.6
77021,2023,9.12,10.57
77022,2023,8.5,11.65
77023,2023,4.33,9.21
77024,2021,11.06,2.54
77025,2023,7.04,3.57
77027,2022,17.32,5.76
77029,2023,1.93,9.18
77030,2023,1.75,3.62
77031,2013,14.06,0.97
77033,2023,17.76,16.4
77034,2023,8.62,13.25
77035,2023,8.65,8.19
77036,2022,15.7,8.98
77037,2023,14.49,14.57
77038,2023,-5.28,10.91
77039,2022,20.39,12.6
77040,2023,2.04,9.8
77041,2023,4.54,12.8
77042,2021,5.14,8.46
77043,2023,13.11,11.26
77044,2023,-1.37,6.45
77045,2023,4.16,12.8
77047,2023,12.88,14.63
77048,2023,9.25,12.61
77049,2022,27.57,12.99
77051,2023,20.65,14.84
77053,2022,21.22,13.27
77055,2023,8.08,6.87
77056,2023,-2.27,3.13
77057,2023,30.25,6.46
77058,2021,17.67,8.58
77059,2022,14.35,17.26
77060,2014,6.29,1.91
77061,2023,6.82,10.84
77062,2021,18.11,3.41
77063,2023,-0.11,6.49
77064,2021,6.0,8.78
77065,2023,5.43,14.04
77066,2022,45.23,15.82
77067,2013,11.71,-3.36
77068,2022,26.44,11.96
77069,2021,4.49,3.94
77070,2023,2.54,12.78
77071,2022,41.19,15.85
77072,2016,12.17,7.4
77073,2013,-9.77,10.77
77074,2023,11.79,10.35
77075,2023,12.74,12.97
77076,2023,23.24,16.45
77077,2022,10.33,6.94
77079,2023,13.03,10.31
77080,2023,5.9,8.99
77081,2022,-2.51,1.04
77082,2021,26.43,13.32
77083,2021,15.05,10.42
77084,2023,30.49,14.83
77085,2022,-7.19,5.31
77086,2013,2.38,3.67
77087,2023,1.82,14.59
77088,2023,3.24,14.93
77089,2023,10.14,10.96
77090,2021,12.69,9.09
77091,2023,15.04,16.63
77092,2023,5.71,8.46
77093,2023,15.78,9.56
77094,2021,3.77,7.54
77095,2023,7.21,15.27
77096,2023,8.58,5.34
77098,2023,5.66,4.08
77099,2016,15.53,7.95
77301,2023,-3.32,12.34
77302,2023,18.14,10.87
77303,2023,1.85,13.16
77304,2023,2.73,11.21
77306,2022,34.44,16.59
77316,2023,13.79,13.7
77318,2023,51.11,22.01
77320,2023,-1.45,8.13
77327,2023,13.66,12.29
77328,2023,13.72,13.48
77331,2022,9.42,9.62
77336,2023,3.03,10.0
77338,2023,41.47,19.8
77339,2022,20.98,18.54
77340,2023,3.4,7.98
77345,2023,2.19,13.48
77346,2022,8.12,13.67
77351,2023,-12.52,5.2
77354,2023,-3.46,8.43
77355,2023,7.43,14.4
77356,2023,4.93,15.25
77357,2023,2.67,10.51
77358,2022,11.14,9.57
77362,2022,29.27,16.57
77365,2023,16.42,15.41
77372,2023,4.94,14.46
77373,2023,0.41,9.4
77375,2023,1.25,10.15
77377,2023,17.16,13.44
77378,2023,8.99,12.56
77379,2023,6.95,14.5
77380,2023,15.25,16.54
77381,2023,13.07,14.03
77382,2023,8.56,12.97
77384,2023,2.68,16.85
77385,2023,5.1,13.86
77386,2023,-1.73,11.85
77388,2023,5.14,14.76
77389,2023,13.22,15.59
77396,2023,5.35,16.73
77401,2023,-1.53,7.43
77406,2023,9.28,16.23
77407,2021,18.55,10.39
77414,2023,3.23,8.3
77418,2023,15.33,14.49
77422,2023,4.41,8.13
77423,2023,14.24,18.8
77426,2022,14.43,8.87
77429,2023,1.74,11.41
77430,2021,13.65,5.58
77433,2023,23.32,17.68
77435,2023,5.44,7.7
77437,2023,11.16,10.14
77441,2022,13.4,9.52
77445,2023,48.33,23.38
77447,2023,12.57,12.04
77449,2021,6.27,5.2
77450,2023,-13.3,10.92
77459,2023,-10.78,8.21
77461,2023,13.87,15.25
77465,2023,8.25,14.99
77469,2023,2.7,11.74
77471,2023,14.89,15.44
77474,2023,13.16,13.0
77477,2023,0.02,9.51
77478,2023,-1.25,4.99
77479,2023,42.31,18.33
77480,2023,-6.06,7.07
77484,2023,3.57,10.22
77485,2022,11.69,9.77
77486,2022,18.32,9.31
77488,2023,7.02,9.75
77489,2021,6.94,-0.24
77493,2023,6.88,12.98
77494,2023,5.66,12.83
77498,2023,9.45,18.63
77502,2023,8.21,12.01
77503,2023,8.58,9.31
77504,2023,15.3,11.94
77505,2023,12.97,11.71
77506,2023,-18.71,10.85
77510,2023,2.75,10.11
77511,2023,11.93,12.24
77514,2022,-3.7,-3.7
77515,2023,2.67,7.5
77517,2023,2.71,10.1
77518,2023,9.13,6.76
77520,2023,5.27,11.23
77521,2023,11.94,11.79
77523,2023,6.87,9.94
77530,2023,13.97,14.65
77531,2023,-0.91,6.89
77532,2023,7.26,9.69
77534,2023,9.05,11.5
77535,2023,3.89,9.37
77536,2023,7.85,11.02
77539,2023,1.98,11.39
77541,2023,-2.01,14.48
77545,2021,-10.97,0.97
77546,2023,21.74,14.11
77547,2023,0.98,8.6
77550,2023,4.04,14.06
77551,2023,2.19,12.57
77554,2023,15.67,19.71
77562,2023,-3.23,13.53
77563,2023,0.46,9.32
77565,2023,-9.76,7.83
77566,2023,4.3,8.06
77568,2023,4.52,9.8
77571,2023,5.93,8.71
77573,2023,3.89,9.85
77575,2023,1.71,6.47
77578,2023,13.26,13.34
77581,2023,7.02,11.34
77583,2023,-3.48,7.7
77584,2023,5.78,11.29
77586,2023,10.64,11.36
77587,2022,36.38,19.32
77590,2023,2.92,10.88
77591,2023,3.48,8.57
77598,2021,12.01,8.02
77611,2023,2.95,7.39
77612,2023,-3.59,6.32
77619,2023,12.01,9.5
77625,2022,7.19,6.12
77627,2023,6.1,8.05
77630,2023,5.46,8.39
77632,2023,1.08,8.28
77640,2022,-2.52,5.08
77642,2023,16.92,12.55
77651,2023,-1.64,6.01
77656,2023,-0.24,7.21
77657,2023,6.24,7.3
77659,2023,4.12,8.0
77662,2023,3.65,7.9
77665,2023,-1.53,8.21
77702,2021,18.39,4.82
77705,2023,7.48,7.96
77706,2023,2.69,6.41
77707,2023,5.56,7.52
77708,2023,-2.21,6.41
77713,2023,5.97,8.45
77801,2023,14.92,11.17
77802,2023,9.59,11.75
77803,2023,7.23,11.78
77807,2023,13.73,10.25
77808,2023,-7.95,8.97
77830,2023,14.03,15.3
77833,2023,5.59,10.86
77836,2023,11.16,13.17
77840,2023,16.91,13.09
77845,2023,10.57,10.92
77856,2022,20.08,11.75
77859,2022,19.57,15.15
77861,2022,17.73,9.81
77864,2023,-2.16,12.72
77868,2023,1.67,12.24
77901,2023,9.26,11.06
77904,2023,9.76,9.32
77905,2023,16.98,17.27
77954,2022,12.26,8.2
77957,2023,5.98,8.31
77963,2023,8.09,12.77
77964,2022,1.67,3.17
77968,2022,15.79,8.32
77979,2023,-4.12,5.7
77984,2023,16.65,15.7
77995,2022,21.0,15.27
78002,2021,-8.67,8.07
78003,2023,15.0,12.86
78006,2023,9.48,14.12
78009,2023,13.71,11.98
78013,2023,5.82,7.77
78015,2022,23.92,12.19
78016,2023,6.86,14.27
78023,2023,4.09,11.16
78026,2022,16.2,9.24
78028,2023,3.74,13.1
78041,2023,4.84,9.71
78043,2022,4.83,4.2
78045,2023,11.42,11.38
78046,2023,3.75,9.09
78056,2023,13.77,14.06
78063,2023,3.1,13.01
78064,2023,1.95,9.87
78065,2023,-0.87,17.76
78070,2023,-6.22,10.89
78101,2023,-0.88,8.74
78102,2023,8.36,7.4
78108,2023,5.17,12.68
78109,2023,0.42,12.83
78114,2023,9.54,11.46
78121,2023,1.29,10.49
78123,2021,9.34,5.07
78124,2023,10.38,17.39
78130,2023,2.18,12.7
78132,2023,9.96,15.88
78133,2023,-8.5,9.43
78148,2023,3.46,11.27
78152,2023,-6.02,19.3
78154,2023,2.22,12.24
78155,2023,10.68,14.01
78163,2023,7.53,15.6
78201,2023,3.8,9.61
78202,2023,2.58,8.97
78204,2023,-5.49,7.5
78207,2022,36.94,16.66
78209,2023,4.65,8.39
78210,2023,-0.47,9.56
78211,2022,12.83,14.25
78212,2023,4.75,8.36
78213,2023,7.89,11.61
78214,2023,12.43,14.21
78216,2023,6.16,11.12
78217,2023,1.07,9.98
78218,2023,2.88,11.62
78219,2023,6.38,12.78
78220,2023,-1.56,10.17
78221,2023,15.02,14.19
78222,2023,5.88,12.23
78223,2023,-5.97,7.76
78224,2023,-15.56,10.44
78227,2023,10.74,12.45
78228,2023,-1.5,9.73
78229,2023,21.55,12.74
78230,2023,3.62,11.35
78231,2023,8.71,12.71
78232,2023,3.83,10.75
78233,2023,3.18,12.27
78237,2023,3.03,9.34
78238,2023,2.69,11.46
78239,2023,2.16,11.72
78240,2023,3.73,12.88
78242,2023,4.69,11.21
78244,2023,3.26,12.06
78245,2023,2.71,11.66
78247,2023,4.26,12.19
78248,2023,-10.19,11.68
78249,2023,2.6,11.45
78250,2023,4.76,12.46
78251,2023,1.49,12.17
78253,2022,17.14,10.55
78254,2023,5.38,14.07
78255,2023,-0.83,11.95
78256,2013,5.55,0.36
78258,2022,30.68,11.57
78259,2023,-2.37,10.2
78260,2023,1.87,10.19
78261,2021,10.52,5.64
78263,2022,16.27,8.54
78266,2023,-3.82,11.97
78332,2023,9.54,8.48
78336,2023,12.25,10.6
78362,2023,4.03,9.92
78363,2023,5.38,10.59
78372,2023,-3.15,9.55
78373,2023,10.24,17.67
78374,2023,5.75,8.89
78380,2023,6.58,9.01
78382,2023,8.47,12.41
78383,2023,3.98,11.67
78387,2023,7.3,10.29
78404,2023,2.71,11.56
78410,2023,6.54,10.13
78411,2023,6.31,11.62
78412,2023,-3.21,8.51
78413,2023,3.89,10.41
78414,2023,4.17,10.19
78415,2023,3.09,11.0
78418,2023,2.32,9.74
78501,2023,11.28,14.19
78503,2022,8.24,12.2
78504,2023,11.7,12.95
78516,2023,26.68,14.67
78520,2023,16.02,16.41
78521,2023,15.33,15.38
78526,2023,8.94,13.8
78537,2022,20.42,13.88
78539,2023,16.16,12.77
78541,2023,20.96,14.52
78542,2023,10.87,15.82
78550,2023,9.72,12.44
78552,2023,15.78,14.18
78557,2022,30.15,14.22
78559,2022,17.77,16.47
78566,2023,13.14,15.18
78570,2023,10.12,13.7
78572,2023,5.79,11.39
78573,2023,21.19,15.99
78574,2023,9.94,12.08
78575,2023,13.31,11.93
78577,2023,15.97,14.17
78578,2023,18.44,15.62
78582,2022,9.49,10.66
78586,2023,25.6,17.57
78589,2023,9.3,13.31
78596,2023,11.62,14.74
78597,2022,24.57,13.6
78599,2023,13.46,16.9
78602,2023,1.29,16.02
78605,2023,-6.15,13.66
78606,2022,16.33,12.3
78610,2023,-2.5,14.79
78611,2023,5.16,15.09
78612,2023,0.86,16.08
78613,2023,-10.05,14.46
78615,2022,60.15,33.65
78616,2022,22.18,14.09
78617,2022,21.07,14.56
78619,2023,-19.04,15.53
78620,2023,1.38,16.34
78621,2023,-6.03,11.36
78623,2023,-0.08,18.19
78624,2023,-0.6,13.54
78626,2023,6.9,16.43
78628,2023,0.3,15.52
78629,2023,48.07,22.58
78633,2023,-2.21,15.55
78634,2023,1.19,17.37
78636,2023,0.87,16.87
78638,2022,15.7,7.26
78639,2023,-9.89,14.06
78640,2023,-8.57,15.06
78641,2023,-5.52,15.34
78642,2023,4.22,18.4
78643,2023,5.58,15.68
78644,2023,10.92,18.81
78645,2023,2.81,18.45
78648,2023,5.38,12.72
78652,2023,-3.9,13.85
78653,2022,39.81,20.62
78654,2023,4.54,14.95
78655,2023,17.78,16.02
78657,2021,20.86,11.42
78660,2023,-2.39,16.43
78664,2023,-7.91,15.32
78665,2023,-4.47,15.17
78666,2023,3.14,14.86
78669,2023,6.49,17.9
78676,2023,1.66,15.36
78681,2023,-10.69,13.99
78702,2023,-2.99,9.54
78703,2023,15.38,14.4
78704,2023,-8.24,14.89
78705,2023,21.98,15.83
78717,2022,41.54,19.55
78721,2023,-0.35,8.83
78722,2023,-8.7,9.0
78723,2023,-6.29,10.8
78724,2023,-7.18,13.04
78726,2022,59.55,29.8
78727,2023,-8.32,12.14
78728,2023,-6.91,11.74
78729,2023,-8.43,13.42
78730,2021,29.62,15.86
78731,2023,-2.67,10.46
78732,2022,11.48,12.26
78733,2023,2.28,13.68
78734,2023,-0.23,14.05
78735,2022,26.67,16.29
78736,2023,-4.08,14.15
78737,2023,-6.11,15.99
78738,2023,-11.97,14.8
78739,2022,25.92,17.83
78741,2023,-15.16,9.98
78744,2023,-6.19,13.58
78745,2023,-4.24,12.81
78746,2023,-4.02,10.07
78747,2022,13.14,19.75
78748,2023,-7.81,13.53
78749,2023,-6.47,13.55
78750,2023,-7.34,13.13
78751,2023,4.8,12.74
78752,2023,-11.78,9.21
78753,2023,-4.95,14.1
78754,2022,25.56,15.28
78756,2023,1.04,11.36
78757,2023,-2.53,10.6
78758,2023,-6.79,11.94
78759,2023,-5.87,13.78
78801,2023,0.02,9.11
78840,2023,5.6,10.16
78852,2023,8.7,9.77
78861,2023,0.9,10.7
78934,2023,18.38,12.64
78942,2023,10.62,14.13
78945,2023,12.79,13.73
78947,2022,17.34,10.63
78950,2022,16.78,7.71
78956,2023,14.74,17.36
78957,2023,5.86,16.03
78962,2022,14.33,8.59
79007,2023,8.02,7.9
79014,2022,-9.2,2.28
79015,2023,6.46,10.23
79022,2023,8.8,8.14
79029,2023,5.29,8.13
79036,2023,27.72,17.65
79045,2023,4.76,11.0
79065,2023,9.52,9.75
79068,2023,13.85,11.88
79070,2023,-2.96,3.67
79072,2023,7.03,10.99
79102,2023,-1.95,7.12
79103,2023,13.4,13.69
79106,2023,8.8,11.52
79107,2023,-0.69,9.53
79108,2023,2.98,9.59
79109,2023,3.56,10.19
79110,2023,14.16,12.94
79118,2023,5.65,10.64
79119,2023,5.06,9.63
79121,2023,7.06,10.39
79124,2023,3.89,10.26
79311,2023,13.79,10.34
79316,2023,23.24,15.29
79323,2021,10.56,5.17
79329,2023,22.98,15.75
79331,2023,-11.23,2.96
79336,2023,5.07,9.67
79339,2023,-15.58,10.98
79360,2023,9.71,8.04
79363,2023,3.71,7.72
79364,2023,21.17,16.03
79366,2011,3.58,-0.88
79382,2023,-1.97,8.6
79403,2023,32.17,15.69
79407,2023,8.4,12.44
79410,2023,2.06,10.04
79411,2023,-1.52,15.34
79412,2023,9.47,12.79
79413,2023,0.94,9.07
79414,2023,3.45,10.86
79415,2023,12.65,10.11
79416,2023,4.25,10.24
79423,2023,1.73,9.02
79424,2023,2.66,8.86
79510,2023,-8.73,7.8
79536,2023,15.57,9.95
79549,2023,11.02,7.46
79556,2023,15.05,12.97
79562,2023,16.83,13.07
79601,2023,1.13,9.16
79602,2023,8.06,10.74
79603,2023,24.88,17.57
79605,2023,7.54,9.86
79606,2023,2.58,9.71
79701,2023,11.54,6.66
79703,2023,-0.4,2.45
79705,2023,6.56,5.07
79706,2023,3.29,5.29
79707,2023,1.59,2.93
79714,2023,0.4,3.14
79720,2023,6.11,6.72
79735,2023,-7.29,7.07
79756,2023,12.05,3.57
79758,2023,0.11,5.37
79761,2023,5.41,3.12
79762,2023,3.85,2.9
79763,2023,5.78,2.97
79764,2023,-0.67,3.4
79765,2023,0.28,0.86
79821,2022,22.31,13.41
79830,2023,10.4,9.65
79835,2022,18.38,12.99
79902,2023,17.81,12.58
79903,2023,13.44,15.72
79904,2023,10.46,12.41
79905,2022,12.1,10.71
79907,2023,5.6,11.97
79911,2023,3.72,12.01
79912,2023,11.32,13.2
79915,2023,5.47,10.05
79922,2023,12.34,14.49
79924,2023,14.27,14.01
79925,2023,5.77,9.83
79927,2023,12.33,14.18
79928,2023,12.93,13.48
79930,2023,7.24,14.86
79932,2023,12.76,13.37
79934,2023,11.3,13.34
79935,2023,17.2,13.79
79936,2023,12.74,13.79
79938,2023,9.71,12.73
80002,2023,1.91,11.7
80003,2023,3.46,11.3
80004,2023,3.27,11.41
80005,2023,-0.15,10.49
80007,2023,-5.08,8.6
80010,2023,1.66,10.43
80011,2023,1.37,9.75
80012,2023,0.75,10.37
80013,2023,-0.61,10.33
80014,2023,-0.24,11.01
80015,2023,0.05,10.41
80016,2023,-2.45,7.84
80017,2023,-0.46,10.4
80018,2023,-0.25,10.73
80020,2023,1.85,10.7
80021,2023,0.04,10.93
80022,2023,3.71,12.77
80023,2023,-6.55,7.36
80026,2023,3.33,10.75
80027,2023,1.55,9.63
80030,2023,3.68,11.68
80031,2023,1.04,10.9
80033,2023,5.88,12.15
80102,2023,2.89,12.19
80103,2023,0.95,12.11
80104,2023,5.8,11.7
80105,2023,-11.45,6.08
80106,2023,-1.6,9.26
80107,2023,2.57,10.65
80108,2023,1.47,11.95
80109,2022,23.24,11.41
80110,2023,-0.25,9.58
80111,2023,-5.16,8.61
80112,2023,3.71,11.46
80113,2023,1.13,9.8
80116,2023,0.57,10.56
80117,2023,4.27,11.06
80118,2023,1.19,11.44
80120,2023,0.78,10.03
80121,2023,3.74,11.18
80122,2023,2.47,10.67
80123,2023,3.94,11.4
80124,2023,1.47,10.31
80125,2023,-0.35,10.44
80126,2023,1.11,12.23
80127,2023,-0.17,11.05
80128,2023,0.85,10.43
80129,2023,-1.5,10.68
80130,2023,-7.05,7.4
80131,2022,29.32,12.33
80132,2023,1.78,10.3
80133,2023,-2.37,9.06
80134,2023,0.18,11.38
80135,2023,9.05,9.55
80136,2023,1.05,9.56
80137,2021,11.9,6.2
80138,2023,1.08,10.16
80203,2023,-3.37,5.77
80204,2023,-0.37,8.69
80205,2023,-0.18,7.97
80206,2023,3.16,9.15
80207,2023,-0.73,8.68
80209,2023,3.12,8.67
80210,2023,4.99,9.3
80211,2023,3.98,9.32
80212,2023,2.43,9.57
80214,2023,2.06,10.1
80215,2023,3.1,10.88
80216,2023,-0.29,11.72
80218,2023,7.56,8.91
80219,2023,1.28,10.38
80220,2023,1.28,8.58
80221,2023,-1.57,9.69
80222,2023,1.6,9.8
80223,2023,1.34,8.76
80224,2023,2.76,9.93
80226,2023,-0.45,9.55
80227,2023,2.15,10.98
80228,2023,1.14,11.23
80229,2023,-0.77,9.52
80230,2021,4.75,3.65
80231,2023,0.69,10.05
80232,2023,1.96,11.25
80233,2023,0.65,10.03
80234,2023,-1.59,9.96
80235,2023,5.17,9.66
80236,2023,1.83,11.26
80237,2023,3.12,10.1
80238,2022,11.02,7.46
80239,2023,2.26,9.74
80241,2023,0.81,10.78
80246,2023,8.17,13.15
80247,2023,2.16,8.34
80249,2023,-1.82,9.77
80260,2023,3.81,10.36
80301,2023,9.26,11.93
80302,2023,1.95,9.54
80303,2023,7.43,10.77
80304,2023,-5.19,7.98
80305,2023,4.2,10.3
80401,2023,2.32,11.35
80403,2023,3.71,11.36
80420,2023,-8.82,15.13
80421,2023,2.04,11.31
80422,2023,0.33,11.09
80424,2023,-0.31,12.28
80425,2021,13.68,14.63
80427,2022,21.4,10.34
80428,2021,3.82,-1.62
80433,2023,5.59,11.97
80435,2023,15.05,14.82
80436,2022,15.62,14.01
80439,2023,3.1,11.24
80440,2023,5.61,14.78
80442,2022,37.8,19.5
80443,2022,25.01,8.95
80444,2022,25.18,13.96
80446,2022,24.29,13.15
80447,2023,-18.11,16.87
80449,2021,20.44,11.12
80452,2023,5.37,13.52
80453,2021,18.87,10.7
80454,2023,16.59,14.56
80455,2022,8.08,10.47
80456,2022,3.95,15.02
80457,2022,14.4,13.34
80459,2023,23.08,18.56
80461,2023,10.55,17.77
80465,2023,0.81,11.17
80466,2023,-5.14,8.29
80467,2022,13.02,9.64
80470,2023,1.93,13.15
80474,2022,5.44,12.29
80475,2021,21.13,11.03
80478,2022,21.7,15.55
80480,2021,15.09,11.95
80481,2023,-6.58,8.43
80482,2022,0.8,4.66
80483,2022,27.9,16.97
80487,2023,26.09,18.74
80498,2023,10.53,14.5
80501,2023,2.27,9.84
80503,2023,1.22,10.42
80504,2023,2.59,10.06
80510,2021,14.98,8.7
80512,2023,21.5,16.87
80513,2023,-0.4,10.12
80514,2023,3.48,9.15
80516,2023,-1.51,10.15
80517,2023,4.96,11.62
80520,2023,5.18,10.84
80521,2023,5.31,10.61
80524,2023,7.77,11.73
80525,2023,6.37,11.35
80526,2023,7.78,12.27
80528,2022,3.07,4.14
80530,2023,7.3,10.68
80534,2023,4.87,10.56
80535,2023,13.93,14.37
80536,2022,23.18,13.14
80537,2023,1.07,10.05
80538,2023,1.21,9.72
80540,2023,2.61,12.08
80542,2022,12.35,10.21
80543,2023,4.55,10.43
80545,2022,23.2,11.77
80546,2021,12.12,8.3
80547,2023,5.04,10.48
80549,2023,5.39,11.72
80550,2023,5.55,11.36
80601,2023,0.58,9.96
80602,2023,0.99,9.99
80603,2023,-0.89,9.69
80610,2023,5.94,10.26
80615,2023,3.08,10.33
80620,2023,4.43,11.0
80621,2023,-7.71,6.72
80623,2022,15.12,6.42
80631,2023,2.79,9.99
80634,2023,2.85,9.84
80640,2023,-0.87,12.13
80642,2023,1.58,8.15
80643,2023,9.99,11.63
80644,2023,12.07,14.32
80645,2023,-1.39,9.67
80648,2023,6.97,9.55
80650,2022,13.92,8.59
80651,2023,-6.51,6.78
80654,2022,17.52,8.44
80701,2023,7.36,12.46
80720,2022,28.93,10.64
80723,2023,1.49,9.64
80728,2022,8.44,10.67
80731,2022,32.0,17.22
80734,2023,10.85,14.53
80751,2023,4.01,11.35
80758,2023,-0.71,8.17
80759,2023,8.84,12.69
80807,2023,2.57,9.85
80808,2023,12.32,12.94
80809,2023,11.68,13.26
80813,2023,25.79,18.64
80814,2023,4.86,11.76
80816,2023,-1.34,13.53
80817,2023,-5.44,9.64
80819,2022,24.84,16.69
80820,2022,9.94,9.52
80827,2021,10.07,7.76
80828,2023,1.96,10.87
80829,2023,7.24,10.66
80831,2023,-1.89,10.46
80836,2021,11.45,1.92
80863,2023,2.42,12.37
80864,2021,15.12,6.58
80903,2023,3.86,10.56
80904,2023,-2.23,10.04
80905,2023,2.58,12.42
80906,2023,1.67,10.69
80907,2023,1.02,10.07
80908,2023,1.81,9.68
80909,2023,-1.09,10.18
80910,2023,4.44,13.36
80911,2023,-1.47,10.43
80915,2023,-3.15,10.34
80916,2023,-5.07,9.45
80917,2023,-1.31,10.36
80918,2023,-1.02,11.02
80919,2023,0.04,11.14
80920,2023,-0.59,10.89
80921,2023,-0.34,12.61
80922,2023,-2.75,10.75
80923,2023,-2.09,10.37
80924,2021,21.54,4.67
80925,2023,1.31,9.83
80926,2022,21.58,9.21
80930,2021,7.9,6.6
80951,2023,1.38,12.28
81001,2023,2.96,14.21
81003,2023,5.49,16.57
81004,2023,0.1,13.29
81005,2023,-2.75,10.8
81006,2023,3.06,11.25
81007,2023,-2.98,10.6
81008,2023,-6.58,10.47
81019,2022,4.74,12.53
81022,2021,11.78,18.11
81023,2023,2.82,10.36
81039,2023,3.24,20.45
81050,2023,14.39,15.28
81052,2023,7.43,13.49
81054,2023,9.67,18.98
81055,2021,17.31,7.68
81067,2023,-12.05,7.01
81069,2023,12.06,12.51
81082,2023,19.66,16.66
81089,2023,5.49,12.37
81101,2023,15.03,15.7
81122,2023,6.02,13.62
81130,2022,17.88,15.96
81132,2022,8.04,8.28
81137,2023,-1.63,9.51
81144,2023,19.99,14.58
81147,2023,5.5,15.97
81154,2022,-7.16,3.76
81201,2023,8.44,14.97
81211,2023,-0.14,13.09
81212,2023,1.35,10.52
81223,2023,10.6,12.47
81224,2021,4.49,1.2
81225,2021,16.97,11.18
81226,2023,10.64,10.45
81230,2023,10.28,14.65
81233,2021,1.98,4.06
81235,2022,24.26,9.41
81236,2022,24.27,13.11
81240,2023,-0.93,12.56
81242,2022,22.25,13.54
81252,2023,7.04,13.95
81301,2023,7.14,13.9
81303,2023,16.03,12.78
81321,2023,12.93,14.17
81323,2023,11.08,15.98
81326,2023,27.4,17.02
81327,2021,26.89,11.44
81328,2023,-0.45,12.6
81401,2023,5.68,13.23
81403,2023,14.05,15.49
81410,2023,0.93,9.61
81413,2023,6.57,14.32
81415,2023,16.82,15.9
81416,2023,10.38,13.59
81418,2023,-8.34,10.38
81419,2023,3.72,10.35
81423,2022,32.56,10.96
81425,2023,14.54,15.0
81427,2022,34.13,13.08
81428,2023,10.76,13.5
81432,2023,14.51,16.88
81433,2022,35.67,17.3
81435,2013,-8.65,-0.71
81501,2023,4.36,12.98
81503,2023,7.6,13.92
81504,2023,4.36,12.05
81505,2023,9.85,12.88
81506,2023,5.05,10.49
81507,2023,7.69,11.99
81520,2023,11.61,13.95
81521,2023,-2.19,9.32
81523,2022,8.75,9.66
81524,2022,11.32,9.11
81526,2023,3.29,13.38
81527,2023,6.8,11.68
81601,2023,10.98,13.66
81611,2011,-3.92,2.03
81620,2021,7.58,3.16
81621,2022,39.44,16.69
81623,2023,17.87,15.26
81624,2022,24.74,15.08
81625,2023,3.8,11.06
81631,2023,11.88,16.42
81632,2021,23.88,8.13
81635,2022,13.2,10.26
81637,2023,-2.86,9.49
81639,2023,15.14,16.78
81641,2023,16.32,14.7
81643,2022,9.39,12.63
81645,2021,0.47,7.75
81647,2023,4.79,10.23
81648,2023,-0.51,3.46
81650,2023,13.97,15.16
81652,2023,7.84,13.06
81654,2013,26.16,4.25
81657,2013,-0.62,-3.58
82001,2023,2.36,8.99
82007,2023,-1.77,8.95
82009,2023,1.92,8.71
82053,2022,14.8,9.13
82055,2021,-1.62,5.26
82070,2023,6.35,9.8
82072,2023,5.84,10.71
82082,2022,28.42,12.85
82201,2023,1.77,7.96
82240,2023,6.31,10.61
82301,2023,-3.09,3.39
82331,2023,15.93,15.57
82401,2023,17.35,13.73
82410,2022,26.72,14.36
82414,2023,7.72,14.5
82426,2022,4.03,7.76
82431,2023,-9.63,8.33
82435,2023,9.69,14.07
82443,2023,7.4,11.15
82501,2023,7.28,13.44
82513,2023,12.48,21.87
82520,2023,9.37,13.16
82601,2023,5.02,8.58
82604,2023,7.17,8.85
82609,2023,3.83,7.85
82633,2023,2.05,5.13
82636,2023,6.45,8.49
82637,2023,3.4,11.37
82701,2023,3.74,4.12
82716,2023,6.73,9.04
82718,2023,7.16,8.36
82721,2023,6.08,14.37
82727,2021,14.65,5.19
82729,2022,18.52,8.86
82732,2022,-0.82,5.52
82801,2023,3.08,11.64
82832,2022,14.09,11.0
82834,2023,-5.85,9.81
82836,2022,21.11,13.27
82839,2022,24.18,13.16
82842,2022,30.88,13.9
82901,2023,5.29,6.41
82930,2023,1.15,12.34
82935,2023,8.69,7.53
82937,2022,0.44,7.48
82939,2022,14.21,10.44
82941,2023,6.9,13.92
83001,2021,5.19,4.98
83014,2021,7.27,-3.07
83101,2023,1.22,10.83
83110,2023,-2.29,13.43
83113,2022,15.54,13.41
83118,2022,6.04,13.27
83127,2022,34.11,17.34
83201,2023,3.03,16.16
83202,2023,4.35,14.76
83204,2023,3.53,16.38
83210,2022,46.29,30.96
83211,2023,-6.15,17.48
83213,2021,24.28,12.94
83221,2023,-2.36,14.07
83236,2022,16.99,12.85
83237,2022,30.04,19.29
83241,2022,14.1,13.85
83245,2023,-11.02,12.13
83246,2021,26.22,14.36
83250,2023,-0.38,12.39
83251,2022,24.84,19.62
83252,2023,-11.09,15.79
83254,2023,-5.59,15.5
83255,2021,34.02,16.77
83262,2021,26.64,12.42
83263,2023,2.59,16.99
83274,2023,4.13,15.97
83276,2023,-6.82,12.58
83286,2022,38.48,17.65
83301,2023,-1.56,15.56
83313,2023,8.85,17.66
83316,2023,-6.39,14.4
83318,2023,0.06,14.13
83328,2023,6.92,16.72
83330,2023,3.08,18.75
83332,2023,16.21,15.8
83333,2023,9.15,17.78
83334,2022,31.49,25.69
83336,2023,5.97,15.89
83338,2023,-0.56,15.54
83341,2023,10.46,18.89
83347,2022,33.57,19.47
83350,2023,6.24,15.88
83352,2023,11.55,18.85
83355,2023,0.64,14.99
83401,2023,-3.39,14.01
83402,2023,-1.17,14.08
83404,2023,-3.49,14.99
83406,2023,-6.02,12.85
83420,2023,10.34,18.92
83422,2022,39.76,20.51
83427,2023,-13.81,12.3
83429,2022,47.59,24.97
83434,2022,30.06,17.7
83440,2023,-0.06,13.69
83442,2023,-0.85,12.31
83443,2022,27.07,16.13
83445,2023,-5.43,15.79
83448,2023,-6.75,14.9
83455,2023,3.91,18.11
83467,2023,6.3,16.67
83501,2023,2.64,13.82
83522,2022,16.21,18.15
83530,2023,8.47,16.51
83536,2023,-8.07,9.14
83537,2021,19.94,14.06
83544,2023,7.22,14.57
83605,2023,-2.42,14.42
83607,2023,1.9,14.16
83611,2023,2.23,18.6
83612,2022,17.84,18.4
83615,2023,-21.08,13.45
83616,2023,8.41,17.03
83617,2023,1.43,14.01
83619,2023,-3.54,14.74
83622,2022,42.38,20.49
83626,2022,54.03,28.6
83628,2023,-17.35,12.81
83629,2023,-4.31,13.62
83634,2023,-10.69,10.84
83638,2023,9.75,19.7
83639,2023,-4.91,15.45
83641,2023,-6.41,17.48
83642,2023,-8.68,14.44
83644,2023,-5.01,14.59
83646,2023,-3.11,13.6
83647,2023,1.89,15.62
83651,2023,-3.18,13.74
83654,2022,20.03,19.24
83655,2023,-0.79,14.94
83660,2023,-2.91,15.52
83661,2023,-3.26,15.92
83669,2022,25.92,17.34
83672,2023,15.13,20.02
83676,2023,-2.33,15.53
83686,2023,-1.1,14.59
83687,2023,-0.82,15.44
83702,2023,-3.3,10.1
83703,2023,-4.54,12.04
83704,2023,-4.88,11.78
83705,2023,-4.45,12.21
83706,2023,-7.04,11.21
83709,2023,0.6,12.91
83712,2023,-5.23,10.74
83713,2023,-5.54,12.47
83714,2023,-4.05,13.91
83716,2023,-4.11,12.14
83801,2023,-1.43,15.74
83804,2023,2.66,18.01
83805,2023,3.82,17.53
83810,2021,21.84,15.94
83811,2022,29.19,17.96
83813,2023,-10.32,6.73
83814,2023,4.28,17.51
83815,2023,-4.4,14.36
83822,2022,31.68,21.32
83823,2022,15.72,16.02
83832,2023,-0.9,11.83
83833,2022,21.1,13.85
83835,2023,2.37,14.65
83836,2022,6.9,14.76
83837,2023,16.74,27.39
83839,2022,20.52,17.64
83843,2023,4.76,13.82
83845,2022,31.47,24.88
83847,2022,29.16,13.87
83849,2023,5.05,22.4
83850,2023,-12.46,15.87
83854,2023,-0.17,14.62
83855,2023,-0.82,13.83
83856,2023,-6.25,12.5
83858,2023,-8.47,11.98
83860,2023,-4.17,16.64
83861,2023,8.37,17.94
83864,2023,-3.89,15.08
83869,2023,6.73,16.16
83871,2023,-2.63,15.66
83872,2022,24.64,19.34
83873,2023,38.02,25.44
83876,2021,20.43,15.09
84003,2023,-4.55,12.61
84004,2023,4.23,13.63
84005,2023,-2.95,12.27
84006,2021,24.39,24.39
84009,2023,-1.24,12.51
84010,2023,-2.03,11.56
84013,2022,12.47,13.61
84014,2023,0.55,11.83
84015,2023,-1.04,13.59
84017,2023,4.41,11.04
84020,2023,1.53,12.4
84025,2023,3.7,13.43
84028,2021,21.14,13.45
84029,2023,-0.34,12.2
84032,2023,2.71,14.42
84033,2022,14.29,13.69
84036,2023,-1.09,11.93
84037,2023,-0.04,12.92
84040,2023,0.0,13.07
84041,2023,0.68,14.01
84042,2023,0.81,13.27
84043,2023,-0.96,13.07
84044,2023,0.28,12.74
84045,2023,-2.32,12.35
84047,2023,1.17,12.99
84049,2023,13.34,13.45
84050,2023,4.88,15.46
84054,2023,1.38,12.64
84055,2022,30.19,13.63
84057,2023,3.27,14.9
84058,2023,0.04,12.83
84059,2023,1.41,13.89
84060,2021,4.72,4.47
84062,2023,1.07,13.33
84065,2023,2.31,13.11
84066,2023,11.0,16.51
84067,2023,-1.92,12.77
84070,2023,0.87,12.96
84071,2023,-6.48,11.34
84074,2023,-0.11,13.27
84075,2023,-0.4,12.49
84078,2023,14.34,15.62
84081,2023,0.68,12.66
84084,2023,3.15,13.72
84087,2023,-1.64,12.24
84088,2023,-1.25,12.47
84092,2023,1.36,13.52
84093,2023,2.54,13.61
84094,2023,1.81,13.74
84095,2023,1.66,12.92
84096,2023,-2.78,11.55
84097,2023,0.3,12.4
84098,2023,10.56,18.54
84101,2023,-11.23,8.79
84102,2023,3.35,11.07
84103,2023,3.54,10.83
84104,2023,-0.41,13.69
84105,2023,-0.51,10.17
84106,2023,0.75,11.5
84107,2023,-1.71,11.86
84108,2023,3.53,10.99
84109,2023,3.16,11.78
84111,2023,-3.6,10.88
84115,2023,-4.04,10.11
84116,2023,-0.31,11.78
84117,2023,9.25,14.41
84118,2023,1.65,13.76
84119,2023,-2.22,12.68
84120,2023,-1.48,13.04
84121,2023,3.9,13.46
84123,2023,2.32,13.14
84124,2023,4.97,13.35
84128,2023,-1.28,12.3
84129,2023,1.2,13.28
84301,2021,22.16,10.69
84302,2023,0.41,14.11
84305,2022,19.09,14.44
84307,2022,18.96,14.33
84309,2022,29.34,15.11
84310,2023,1.37,17.1
84311,2021,17.92,9.69
84312,2023,-0.64,15.01
84314,2022,34.92,18.94
84315,2023,-0.29,12.26
84317,2023,-3.4,13.26
84318,2023,-5.27,14.46
84319,2023,-0.49,14.41
84320,2023,-4.36,13.59
84321,2023,-0.25,14.79
84324,2021,23.53,11.56
84325,2023,5.2,15.22
84326,2023,-2.46,13.02
84327,2022,14.1,13.25
84328,2023,3.73,14.83
84332,2023,-2.07,14.92
84333,2023,21.87,21.96
84335,2023,1.11,15.82
84337,2023,1.64,14.29
84339,2023,7.89,15.83
84340,2023,-0.12,12.38
84341,2023,1.74,15.43
84401,2023,-0.25,14.71
84403,2023,0.34,14.43
84404,2023,1.82,14.3
84405,2023,1.9,13.86
84414,2023,-1.01,12.87
84501,2023,3.75,17.09
84511,2023,9.36,13.48
84526,2023,15.81,17.94
84528,2022,19.65,9.66
84532,2023,10.74,17.02
84535,2023,19.23,18.24
84537,2022,13.85,17.08
84542,2021,23.01,14.46
84601,2023,0.69,13.67
84604,2023,6.61,15.14
84606,2023,-1.2,13.52
84620,2022,24.24,16.82
84622,2022,18.13,16.83
84624,2023,19.52,21.74
84627,2023,5.1,17.45
84629,2023,28.49,18.94
84631,2022,19.38,12.52
84632,2022,17.88,16.4
84633,2022,23.33,16.02
84634,2023,5.73,14.49
84642,2023,-0.77,12.94
84645,2023,19.06,16.62
84646,2022,26.66,20.48
84647,2023,-2.73,14.12
84648,2023,-2.42,13.04
84651,2023,0.67,13.24
84653,2023,0.58,13.29
84654,2023,1.08,15.17
84655,2023,1.46,14.55
84660,2023,0.05,13.26
84662,2023,9.91,15.85
84663,2023,-0.47,13.2
84664,2023,2.44,12.8
84701,2023,2.78,15.63
84711,2022,23.48,20.01
84713,2023,-1.11,13.08
84720,2023,3.98,16.27
84721,2023,-1.11,14.4
84722,2022,39.2,23.03
84737,2023,0.54,13.79
84738,2023,5.92,16.65
84741,2023,-3.71,12.47
84745,2023,8.49,18.75
84746,2022,18.92,17.24
84747,2021,6.93,6.2
84751,2023,6.84,13.81
84754,2023,3.79,15.94
84757,2022,13.24,13.94
84759,2022,6.61,12.68
84761,2023,14.68,20.35
84765,2023,1.88,15.56
84770,2023,0.93,15.03
84774,2023,3.24,15.96
84780,2023,-2.11,13.85
84781,2022,23.96,15.35
84782,2023,17.43,16.19
84783,2022,24.39,15.56
84790,2023,-2.21,13.92
85003,2023,4.72,14.47
85004,2022,11.48,14.97
85006,2023,-2.53,12.89
85007,2023,5.39,13.94
85008,2023,2.05,15.27
85009,2023,3.54,15.82
85012,2023,5.98,14.73
85013,2023,2.56,13.61
85014,2023,5.18,14.68
85015,2023,1.57,14.27
85016,2023,3.06,13.82
85017,2023,2.15,15.5
85018,2023,8.49,14.07
85019,2023,-0.33,14.35
85020,2023,0.14,13.15
85021,2023,1.59,13.67
85022,2023,0.05,13.92
85023,2023,-1.35,14.71
85024,2023,3.89,15.13
85027,2023,0.99,15.49
85028,2023,3.47,14.59
85029,2023,1.14,15.24
85031,2023,2.09,15.94
85032,2023,0.04,14.54
85033,2023,0.47,16.6
85035,2023,3.86,18.19
85037,2023,-1.6,16.29
85040,2023,12.6,19.16
85041,2023,-0.14,16.98
85042,2023,-1.36,16.18
85043,2023,9.14,15.04
85044,2023,-1.65,13.92
85045,2021,21.87,10.63
85048,2023,-0.79,11.64
85050,2023,0.22,13.96
85051,2023,2.82,15.84
85053,2023,-1.53,14.25
85054,2021,22.69,8.77
85083,2022,6.95,10.33
85085,2023,4.05,15.83
85086,2023,5.59,15.26
85087,2023,3.21,15.69
85118,2023,-5.54,15.11
85119,2023,6.57,15.3
85120,2023,0.29,15.01
85122,2023,1.63,18.59
85123,2023,2.45,16.57
85128,2023,0.56,17.67
85131,2022,35.91,24.24
85132,2023,10.08,19.45
85137,2022,25.83,20.3
85138,2022,34.14,20.28
85139,2023,-2.01,13.87
85140,2023,-2.31,14.4
85142,2023,-0.62,14.73
85143,2022,21.73,16.3
85144,2023,2.32,13.12
85173,2023,5.52,19.66
85193,2022,10.24,18.78
85194,2023,-6.19,13.3
85201,2023,-0.28,14.49
85202,2023,0.43,14.16
85203,2023,0.68,14.7
85204,2023,1.19,14.49
85205,2023,-0.55,13.63
85206,2023,-4.96,13.07
85207,2023,0.31,14.82
85208,2023,-2.49,13.42
85209,2023,10.61,18.14
85210,2023,-0.57,14.55
85212,2023,5.12,16.68
85213,2023,1.09,14.2
85215,2023,0.19,14.54
85224,2023,-2.09,12.88
85225,2023,-0.33,14.44
85226,2023,-0.05,14.16
85233,2023,-2.08,14.84
85234,2023,1.42,14.24
85248,2023,5.1,13.72
85249,2023,1.48,13.9
85250,2023,2.92,17.03
85251,2023,4.71,14.54
85253,2022,-2.74,3.22
85254,2023,5.16,15.76
85255,2022,14.11,10.36
85257,2023,2.68,15.88
85258,2022,12.18,11.38
85259,2023,3.28,16.34
85260,2023,7.77,16.37
85262,2023,0.13,13.19
85263,2023,-2.43,10.95
85266,2023,-3.35,7.27
85268,2023,0.71,14.1
85281,2023,-0.08,13.09
85282,2023,2.07,13.6
85283,2023,1.29,13.98
85284,2023,-2.77,11.4
85286,2023,-0.73,11.47
85288,2023,4.27,15.07
85295,2022,24.59,16.93
85296,2023,11.95,15.72
85297,2023,3.61,16.76
85298,2023,-3.06,13.65
85301,2023,-1.78,14.49
85302,2023,-1.19,14.65
85303,2023,4.2,16.25
85304,2023,0.88,14.94
85305,2023,8.46,18.08
85306,2023,0.79,14.79
85307,2023,5.59,15.5
85308,2023,2.99,15.15
85310,2023,2.01,15.32
85321,2023,18.79,13.65
85323,2023,12.0,19.02
85324,2023,8.01,16.3
85326,2023,2.88,15.96
85331,2023,4.04,14.56
85335,2023,-5.08,15.73
85336,2023,6.46,15.77
85338,2023,-1.21,13.86
85339,2023,3.43,15.13
85340,2023,1.1,14.58
85342,2022,43.73,20.69
85344,2022,17.78,12.85
85345,2023,0.09,15.3
85350,2022,19.97,13.36
85351,2023,-0.88,12.9
85353,2023,7.21,17.02
85354,2023,-2.67,15.24
85355,2023,-6.76,11.86
85356,2022,13.23,12.6
85361,2023,8.82,16.01
85363,2023,-0.2,17.55
85364,2023,5.55,15.0
85365,2023,5.8,14.61
85367,2023,3.12,14.04
85373,2023,-3.11,13.23
85374,2023,-13.6,9.29
85375,2023,-0.86,12.25
85377,2023,3.5,14.13
85378,2023,-7.26,15.4
85379,2022,20.25,16.55
85381,2023,2.2,15.02
85382,2023,1.37,14.45
85383,2023,6.64,14.12
85387,2023,5.9,13.09
85388,2022,21.93,18.43
85390,2023,7.15,13.75
85392,2023,-7.04,14.74
85395,2023,-8.76,7.88
85396,2023,0.59,15.29
85501,2023,11.26,15.46
85541,2023,1.21,14.35
85543,2022,8.81,9.28
85544,2023,2.51,17.03
85546,2023,5.18,12.17
85552,2023,17.78,15.2
85602,2023,7.08,14.95
85603,2023,0.15,13.66
85607,2023,21.06,17.03
85611,2021,15.49,12.98
85614,2023,1.52,10.24
85615,2023,3.54,11.15
85616,2023,7.91,12.18
85619,2021,5.59,5.46
85621,2023,1.36,11.3
85622,2022,19.84,15.04
85623,2023,31.55,26.19
85625,2023,6.68,18.73
85629,2023,6.57,12.16
85630,2023,8.52,14.39
85631,2023,15.03,20.78
85635,2023,7.44,12.91
85637,2022,17.05,13.11
85638,2023,36.71,19.91
85641,2023,8.64,14.73
85643,2023,-4.61,9.8
85645,2022,-0.77,12.52
85646,2021,21.35,7.36
85648,2023,3.14,13.6
85650,2023,-1.36,10.47
85653,2023,17.37,17.03
85658,2023,0.41,14.12
85701,2023,5.06,10.06
85704,2023,4.72,13.39
85705,2023,12.05,17.23
85706,2023,10.55,17.03
85710,2023,2.63,13.64
85711,2023,5.06,14.75
85712,2023,7.49,14.64
85713,2023,8.57,16.04
85714,2023,12.82,15.26
85715,2023,1.04,12.95
85716,2023,10.86,15.82
85718,2023,7.7,13.43
85719,2023,4.92,13.58
85730,2023,8.22,15.04
85735,2023,-2.95,12.19
85736,2023,3.61,13.25
85737,2023,8.55,14.83
85739,2023,13.49,17.5
85741,2023,3.12,13.42
85742,2023,6.51,13.87
85743,2023,12.25,16.15
85745,2023,7.61,14.79
85746,2023,3.69,14.42
85747,2023,4.8,13.87
85748,2023,8.3,15.53
85749,2023,4.98,12.99
85750,2023,10.24,12.55
85755,2022,7.38,8.17
85756,2023,10.14,17.82
85757,2023,12.38,15.22
85901,2023,4.37,17.9
85925,2023,0.51,17.29
85928,2021,20.47,10.7
85929,2023,5.67,17.16
85931,2022,35.96,22.41
85933,2023,9.4,17.94
85935,2023,11.46,19.18
85936,2022,28.77,13.7
85937,2023,10.57,16.28
85938,2022,20.7,14.58
85939,2023,5.4,16.31
86001,2023,8.38,15.81
86004,2023,4.79,14.35
86005,2023,8.39,16.39
86017,2023,4.17,17.7
86018,2022,26.87,15.7
86024,2022,32.2,18.35
86025,2023,2.85,15.97
86040,2023,-3.66,6.65
86046,2023,7.55,18.06
86047,2023,0.76,16.04
86301,2023,3.56,12.07
86303,2023,2.08,12.8
86305,2023,1.56,11.9
86314,2023,1.8,13.29
86315,2022,13.75,13.53
86322,2023,-2.39,13.35
86323,2023,7.06,14.11
86324,2023,-5.86,13.49
86325,2023,9.07,15.09
86326,2023,6.66,14.74
86327,2023,2.87,12.38
86332,2022,8.2,11.15
86333,2023,14.25,18.25
86334,2023,11.12,18.66
86335,2023,-2.14,13.42
86336,2023,11.05,18.31
86351,2023,21.62,16.7
86401,2023,-2.86,12.51
86403,2023,1.05,15.32
86404,2023,2.24,14.03
86406,2023,-2.06,13.44
86409,2023,-1.22,12.19
86413,2023,-5.93,10.38
86426,2023,-1.49,11.58
86429,2023,4.01,12.97
86432,2023,1.49,13.3
86440,2023,-1.23,13.43
86442,2023,2.29,15.32
87001,2021,19.28,4.01
87002,2023,6.97,14.88
87004,2023,-3.4,15.59
87008,2023,10.47,12.79
87010,2021,11.16,0.81
87015,2023,3.28,11.73
87020,2023,9.81,7.78
87025,2023,7.64,11.81
87031,2023,11.05,13.03
87035,2021,-10.24,10.73
87042,2023,16.1,11.51
87043,2023,4.98,9.38
87047,2023,3.25,11.27
87048,2023,7.89,10.01
87059,2023,1.91,9.7
87068,2023,6.72,13.28
87083,2023,12.47,16.23
87102,2023,7.7,13.12
87104,2023,6.03,11.02
87105,2023,5.57,11.95
87106,2023,6.26,10.59
87107,2023,9.29,11.73
87108,2023,8.67,12.5
87109,2023,9.36,12.13
87110,2023,8.42,12.62
87111,2023,8.38,11.51
87112,2023,11.76,13.25
87113,2023,6.33,12.41
87114,2023,9.89,13.37
87120,2023,9.21,13.42
87121,2023,10.36,14.68
87122,2023,3.92,9.01
87123,2023,8.4,12.58
87124,2023,10.02,14.31
87144,2023,8.43,13.1
87301,2023,6.39,7.81
87401,2023,10.75,10.42
87402,2023,5.93,8.48
87410,2023,5.97,9.19
87413,2023,8.0,10.16
87415,2021,20.52,9.5
87417,2022,11.72,9.32
87501,2023,10.04,12.36
87505,2023,7.68,12.1
87506,2023,5.47,10.65
87507,2023,5.4,11.83
87508,2023,3.57,10.36
87513,2022,26.07,13.33
87529,2023,12.83,13.69
87532,2023,5.82,10.2
87540,2022,15.73,12.85
87544,2023,10.29,13.35
87547,2023,16.04,12.71
87557,2023,-7.16,5.46
87571,2023,18.65,14.02
87701,2023,9.26,11.49
87710,2022,33.97,19.4
87740,2023,6.33,11.28
87801,2023,-5.94,9.33
87901,2023,36.58,18.63
87935,2022,3.99,9.39
88001,2023,13.41,15.27
88005,2023,11.0,14.18
88007,2023,12.48,12.96
88008,2023,11.24,10.59
88011,2023,4.31,11.6
88012,2023,9.47,13.78
88021,2022,14.97,9.18
88030,2023,21.01,15.18
88044,2023,15.4,17.69
88047,2022,13.24,11.02
88061,2023,11.58,12.14
88101,2023,8.34,8.78
88130,2023,2.18,5.61
88201,2023,2.22,6.74
88203,2023,-3.99,5.91
88210,2023,-1.64,4.09
88220,2023,8.3,4.82
88240,2023,4.49,5.27
88242,2023,13.86,8.05
88260,2023,5.33,6.06
88310,2023,4.33,9.26
88312,2022,10.05,9.7
88317,2023,3.92,13.67
88337,2022,23.39,14.08
88345,2023,14.73,15.75
88352,2022,8.67,4.34
88401,2022,3.32,4.55
88415,2021,0.22,0.77
89002,2023,0.1,11.74
89004,2021,8.78,5.06
89005,2023,-2.96,10.06
89011,2023,3.69,12.01
89012,2023,0.65,10.28
89014,2023,-1.95,10.0
89015,2023,-0.26,11.5
89021,2023,-6.77,10.01
89027,2023,-7.83,8.42
89029,2023,3.17,13.76
89030,2023,6.2,13.79
89031,2023,-2.66,10.69
89032,2023,2.58,12.62
89040,2022,15.88,11.81
89044,2022,14.94,10.72
89048,2023,-4.93,10.61
89052,2023,-2.2,10.69
89060,2023,-8.59,11.15
89061,2022,21.81,17.73
89074,2023,2.98,10.83
89081,2023,6.99,15.92
89084,2021,24.84,16.63
89101,2023,1.74,13.6
89102,2023,5.3,12.94
89103,2023,-1.78,11.36
89104,2023,8.42,14.35
89106,2023,5.79,14.51
89107,2023,0.34,12.78
89108,2023,5.85,13.86
89110,2023,2.14,13.05
89113,2023,3.55,13.82
89115,2023,7.72,15.54
89117,2023,-2.48,10.48
89118,2023,1.99,12.12
89119,2023,11.17,15.0
89120,2023,-0.24,11.77
89121,2023,2.31,12.23
89122,2023,10.16,15.55
89123,2023,-1.52,10.63
89124,2021,6.06,1.87
89128,2023,-0.31,12.28
89129,2023,-3.62,10.9
89130,2023,-4.39,9.88
89131,2023,11.67,14.42
89134,2023,-0.98,9.5
89135,2022,8.06,12.43
89138,2021,15.17,12.1
89139,2023,-2.84,10.07
89141,2022,22.39,12.87
89142,2023,-10.43,11.01
89143,2022,33.94,14.43
89144,2021,12.04,10.56
89145,2023,0.88,12.39
89146,2023,3.25,13.47
89147,2023,0.05,11.99
89148,2023,-4.5,10.37
89149,2023,-0.87,9.96
89156,2023,-1.13,11.86
89169,2023,13.46,16.88
89178,2021,9.59,9.59
89183,2023,14.65,14.31
89301,2023,2.27,13.9
89403,2023,-4.69,9.42
89406,2023,-2.12,11.43
89408,2023,-5.43,8.77
89410,2023,0.64,11.83
89411,2021,9.69,3.39
89415,2022,7.24,8.21
89419,2021,18.85,12.68
89423,2023,0.48,11.87
89429,2023,13.66,11.85
89430,2021,12.66,4.64
89431,2023,0.41,11.05
89433,2022,17.14,13.12
89434,2023,-0.9,10.03
89436,2023,-1.33,9.78
89439,2021,7.23,4.99
89440,2022,22.18,11.0
89441,2023,-3.64,10.19
89444,2023,-1.49,10.49
89445,2023,-0.36,10.31
89447,2023,1.91,11.51
89448,2021,10.64,4.98
89449,2022,7.96,10.62
89451,2022,31.42,11.61
89460,2023,-1.7,10.46
89502,2023,-1.99,10.34
89503,2023,-1.58,11.04
89506,2023,0.08,10.47
89508,2023,1.09,12.47
89509,2023,2.53,10.68
89510,2023,-26.52,4.95
89511,2023,0.66,12.13
89512,2023,-7.97,8.92
89519,2023,-8.82,9.69
89521,2023,1.46,11.79
89523,2023,-2.27,11.39
89701,2023,-0.42,10.64
89703,2023,4.47,11.29
89704,2023,12.56,14.18
89705,2023,3.79,11.46
89706,2023,2.32,11.84
89801,2023,2.51,9.19
89815,2022,17.05,13.07
89820,2023,-4.35,6.21
89822,2022,25.54,4.83
89883,2022,20.71,10.57
90001,2023,7.62,11.0
90002,2023,3.26,9.58
90003,2023,7.84,10.25
90004,2023,47.47,22.23
90005,2021,-4.49,-2.63
90006,2022,11.17,7.02
90007,2023,-4.65,5.83
90008,2023,9.67,8.15
90011,2023,6.59,8.44
90012,2022,4.3,9.01
90015,2021,8.42,10.83
90016,2023,0.2,7.68
90018,2023,2.44,7.47
90019,2023,13.56,11.75
90020,2021,-2.73,8.09
90022,2023,3.89,9.11
90023,2023,3.31,10.73
90024,2021,1.55,3.76
90025,2021,-5.88,-1.2
90026,2023,5.65,7.32
90027,2023,-1.06,4.45
90028,2021,5.2,6.14
90029,2023,4.45,6.49
90031,2023,2.7,10.1
90032,2023,2.14,9.61
90033,2023,4.91,9.7
90034,2023,9.79,5.33
90035,2022,20.14,6.38
90036,2022,-16.66,-6.77
90037,2023,1.55,6.96
90038,2021,13.2,3.65
90039,2023,0.97,6.1
90040,2023,0.47,7.47
90041,2023,13.35,11.69
90042,2023,6.93,9.94
90043,2023,0.9,8.6
90044,2023,1.0,8.44
90045,2023,14.8,9.9
90046,2023,-0.29,8.1
90047,2023,0.61,8.93
90048,2021,9.2,-0.17
90049,2021,-7.08,-4.51
90056,2023,2.42,9.86
90057,2021,3.42,6.37
90059,2023,4.43,10.21
90061,2023,-0.88,7.64
90062,2023,3.03,7.38
90063,2023,7.84,10.5
90064,2022,6.3,-0.96
90065,2023,5.05,9.51
90066,2023,15.26,8.67
90068,2023,11.53,4.91
90069,2021,13.74,-2.43
90077,2022,21.08,8.53
90201,2023,4.01,9.23
90210,2021,-3.15,-3.75
90211,2021,16.26,10.54
90212,2012,6.9,-2.68
90220,2023,0.57,8.76
90221,2023,4.58,10.01
90222,2023,2.2,10.52
90230,2023,12.07,9.44
90232,2022,-6.99,-4.61
90240,2023,1.27,8.72
90241,2023,8.89,11.29
90242,2023,1.11,8.71
90245,2023,46.17,13.09
90247,2023,5.94,10.04
90248,2023,9.31,11.33
90249,2023,2.91,8.68
90250,2023,0.57,7.44
90254,2022,4.88,-2.11
90255,2023,0.75,9.51
90260,2023,2.81,8.47
90262,2023,8.3,10.76
90265,2021,-0.76,4.67
90266,2022,15.67,-1.71
90270,2023,11.05,10.83
90272,2021,9.84,4.79
90274,2022,2.07,-4.5
90275,2023,13.78,10.72
90277,2023,-8.23,3.31
90278,2023,9.26,8.63
90280,2023,5.29,8.98
90290,2023,-6.06,6.18
90291,2021,-10.16,-7.6
90292,2021,-10.92,4.99
90293,2021,0.54,-10.62
90301,2023,-2.88,4.54
90302,2023,-1.44,6.31
90303,2023,-0.83,7.75
90304,2023,4.16,7.66
90305,2023,6.01,8.94
90402,2021,0.84,-1.82
90403,2021,4.76,4.52
90404,2021,-2.92,-6.09
90405,2021,-4.58,-14.26
90501,2023,3.17,9.57
90502,2023,10.01,11.71
90503,2023,14.76,11.21
90504,2023,6.54,9.32
90505,2023,13.29,10.56
90601,2023,0.31,8.62
90602,2023,1.23,10.06
90603,2023,4.26,10.24
90604,2023,1.78,9.11
90605,2023,1.25,8.84
90606,2023,4.21,10.1
90620,2023,5.42,10.56
90621,2023,6.29,11.0
90623,2023,10.08,11.45
90630,2023,7.58,11.33
90631,2023,3.62,9.88
90638,2023,3.98,10.17
90640,2023,5.5,9.17
90650,2023,2.86,9.71
90660,2023,4.94,9.48
90670,2023,0.89,9.48
90680,2023,12.73,13.59
90701,2023,1.52,8.62
90703,2023,7.33,9.18
90704,2021,0.7,10.06
90706,2023,4.46,10.12
90710,2023,4.76,9.71
90712,2023,3.26,9.29
90713,2023,2.29,9.1
90715,2023,9.5,10.45
90716,2023,15.66,11.07
90717,2023,0.8,6.11
90720,2023,8.27,8.8
90723,2023,0.55,8.2
90731,2023,5.9,9.67
90732,2023,4.23,8.58
90740,2023,8.2,10.3
90744,2023,3.33,10.06
90745,2023,4.55,9.27
90746,2023,-2.76,7.22
90755,2022,12.41,7.77
90802,2022,16.54,10.69
90803,2023,13.93,12.52
90804,2023,-0.88,9.06
90805,2023,2.73,9.61
90806,2023,3.9,9.8
90807,2023,6.26,10.31
90808,2023,5.32,9.64
90810,2023,5.65,10.16
90813,2023,-1.52,9.59
90814,2023,-1.25,6.94
90815,2023,0.47,8.48
91001,2023,6.17,10.72
91006,2023,4.2,10.97
91007,2023,3.5,9.27
91008,2022,9.9,5.09
91010,2023,3.18,9.19
91011,2022,1.63,2.76
91016,2023,4.03,9.77
91020,2023,15.33,10.56
91024,2023,32.02,17.07
91030,2023,40.04,21.68
91040,2023,1.69,9.44
91042,2023,1.89,8.69
91101,2021,6.2,5.72
91103,2023,8.35,11.74
91104,2023,8.21,10.04
91105,2023,38.56,15.82
91106,2023,19.31,13.11
91107,2023,3.41,9.87
91108,2021,-9.79,-12.0
91201,2023,-5.08,8.01
91202,2023,5.28,10.84
91203,2022,1.58,3.37
91204,2022,23.05,10.72
91205,2023,-9.8,5.73
91206,2023,10.56,10.61
91207,2023,12.03,12.08
91208,2023,-1.2,6.69
91214,2023,5.66,9.81
91301,2023,10.35,11.12
91302,2023,14.99,14.61
91303,2023,5.19,10.97
91304,2023,4.26,10.35
91306,2023,2.6,10.16
91307,2023,2.81,10.37
91311,2023,1.89,10.28
91316,2023,8.2,10.81
91320,2023,3.16,9.42
91321,2023,1.01,9.67
91324,2023,6.12,12.93
91325,2023,9.33,12.18
91326,2023,3.67,10.48
91331,2023,5.06,9.92
91335,2023,2.84,10.37
91340,2023,0.32,8.87
91342,2023,3.03,10.11
91343,2023,1.79,10.31
91344,2023,4.03,11.07
91345,2023,-6.75,8.08
91350,2023,-0.86,9.56
91351,2023,8.01,11.76
91352,2023,5.67,9.95
91354,2023,0.78,9.64
91355,2023,4.52,10.17
91356,2023,6.57,9.81
91360,2023,6.56,10.67
91361,2022,28.74,10.31
91362,2023,6.5,8.92
91364,2023,2.94,10.14
91367,2023,0.28,9.77
91377,2023,7.77,9.47
91381,2022,21.39,10.41
91384,2023,0.55,9.65
91387,2023,-1.95,10.17
91390,2023,3.11,10.8
91401,2023,2.07,7.45
91402,2023,4.74,10.06
91403,2023,-1.1,9.18
91405,2023,0.45,9.05
91406,2023,5.23,10.28
91411,2023,0.49,7.17
91423,2023,17.78,10.25
91436,2022,14.28,5.86
91501,2023,10.15,11.63
91502,2021,11.96,8.15
91504,2023,8.6,11.4
91505,2023,3.29,8.82
91506,2023,10.15,10.97
91601,2023,10.64,11.06
91602,2023,8.33,6.84
91604,2022,16.31,2.46
91605,2023,2.84,9.4
91606,2023,0.13,8.98
91607,2023,18.14,10.87
91701,2023,3.44,11.25
91702,2023,2.79,10.77
91706,2023,1.8,9.35
91709,2023,7.32,11.41
91710,2023,5.33,11.67
91711,2023,3.87,10.42
91722,2023,4.24,11.04
91723,2023,4.6,9.44
91724,2023,2.39,9.96
91730,2023,3.02,11.21
91731,2023,6.5,9.82
91732,2023,0.6,9.18
91733,2023,-0.21,8.89
91737,2023,3.17,10.19
91739,2023,5.34,11.41
91740,2023,4.72,10.44
91741,2023,3.26,9.29
91744,2023,0.38,9.59
91745,2023,2.12,9.42
91746,2023,3.63,10.53
91748,2023,4.46,9.09
91750,2023,2.07,9.97
91752,2023,3.76,12.92
91754,2023,7.23,9.84
91755,2023,-2.21,7.92
91761,2023,1.47,11.43
91762,2023,-0.13,11.0
91763,2023,5.87,11.75
91764,2023,5.2,11.98
91765,2023,6.62,11.36
91766,2023,0.66,10.48
91767,2023,2.01,10.8
91768,2023,-1.72,10.41
91770,2023,-3.97,6.97
91773,2023,5.66,9.43
91775,2023,8.78,9.84
91776,2023,6.94,7.87
91780,2023,4.33,8.05
91784,2023,3.39,10.36
91786,2023,2.09,10.16
91789,2023,7.14,10.14
91790,2023,2.94,10.54
91791,2023,0.64,9.38
91792,2023,3.09,10.17
91801,2023,6.88,10.48
91803,2023,7.7,10.57
91901,2023,7.55,11.19
91902,2023,2.06,11.67
91905,2023,-7.89,15.77
91906,2023,18.94,11.34
91910,2023,7.24,12.04
91911,2023,3.95,11.68
91913,2023,12.18,13.88
91914,2021,13.98,7.45
91915,2021,12.44,7.49
91916,2023,6.29,11.53
91917,2021,6.69,-0.41
91932,2023,7.6,13.09
91935,2023,5.88,12.55
91941,2023,10.21,13.27
91942,2023,1.24,11.53
91945,2023,5.9,12.07
91950,2023,4.46,11.88
91962,2023,-3.63,9.09
91977,2023,4.06,12.01
91978,2023,8.98,12.49
92003,2023,5.39,15.58
92004,2023,14.16,16.73
92007,2022,-8.54,-2.31
92008,2023,11.35,10.69
92009,2022,8.22,5.35
92010,2023,4.18,10.96
92011,2022,57.15,20.97
92014,2022,-3.35,-2.47
92019,2023,7.37,12.85
92020,2023,6.31,12.6
92021,2023,3.48,11.99
92024,2023,22.68,15.3
92025,2023,6.24,14.16
92026,2023,4.62,12.55
92027,2023,2.38,12.51
92028,2023,5.25,12.39
92029,2023,4.27,13.66
92036,2023,6.65,12.96
92037,2021,-7.62,-4.28
92040,2023,7.17,12.23
92054,2023,7.08,12.81
92056,2023,7.4,14.7
92057,2023,7.69,13.65
92058,2023,4.9,15.59
92061,2021,19.2,7.63
92064,2023,7.15,13.64
92065,2023,1.71,11.36
92069,2023,4.14,12.66
92070,2022,6.46,5.79
92071,2023,5.51,12.4
92075,2021,-2.88,-2.82
92078,2023,3.17,12.75
92081,2023,5.95,14.57
92082,2023,6.9,12.63
92083,2023,5.78,14.0
92084,2023,7.12,13.97
92086,2022,14.73,15.71
92091,2011,-0.54,3.49
92101,2021,19.18,13.2
92102,2023,2.36,11.18
92103,2023,7.88,8.68
92104,2023,-2.46,9.34
92105,2023,10.63,13.29
92106,2023,28.32,17.5
92107,2023,16.06,11.63
92109,2022,11.54,3.36
92110,2023,14.48,13.52
92111,2023,9.62,12.82
92113,2023,1.85,11.79
92114,2023,6.98,12.9
92115,2023,6.41,13.35
92116,2023,4.94,13.2
92117,2023,10.27,13.13
92118,2021,-6.01,-5.36
92119,2023,3.17,12.35
92120,2023,5.59,12.28
92121,2021,1.75,-0.22
92122,2023,4.83,10.61
92123,2023,3.8,12.23
92124,2023,8.45,11.02
92126,2023,6.16,13.17
92127,2022,26.82,12.61
92128,2022,22.4,10.97
92129,2023,15.23,14.56
92130,2022,-0.74,-0.17
92131,2023,7.68,14.28
92139,2023,4.32,11.91
92154,2023,5.23,11.86
92173,2023,-3.1,8.57
92201,2023,6.09,17.99
92203,2023,11.8,19.28
92210,2022,31.91,15.95
92211,2023,-3.06,12.99
92220,2023,0.12,13.35
92223,2023,1.72,12.9
92225,2023,2.87,11.98
92227,2023,3.79,10.1
92230,2022,16.89,11.47
92231,2023,4.19,10.27
92234,2023,1.63,14.18
92236,2023,10.76,16.45
92240,2023,4.88,17.31
92241,2023,17.06,18.74
92243,2023,3.76,10.59
92249,2023,15.29,13.35
92250,2022,17.72,11.22
92251,2023,8.26,11.47
92252,2023,-7.94,18.58
92253,2023,6.11,16.42
92256,2023,4.07,14.46
92260,2023,4.44,14.91
92262,2023,-3.96,15.29
92264,2023,1.89,14.84
92270,2023,-4.44,9.01
92274,2023,22.26,19.38
92276,2023,-7.63,12.88
92277,2023,5.75,20.6
92284,2023,-2.39,18.34
92285,2023,-0.5,24.02
92301,2023,6.13,16.4
92305,2023,-9.38,7.66
92307,2023,1.56,12.7
92308,2023,0.35,13.42
92311,2023,8.67,17.2
92313,2023,7.33,12.5
92314,2023,-1.36,15.62
92315,2023,-4.89,15.65
92316,2023,4.88,13.21
92320,2023,-3.79,10.18
92322,2023,3.76,16.71
92324,2023,2.43,12.43
92325,2023,-0.25,14.53
92333,2023,-4.54,13.15
92335,2023,1.09,11.42
92336,2023,3.04,11.94
92337,2023,3.79,12.21
92339,2023,-5.9,9.96
92342,2022,9.17,9.26
92344,2023,4.22,12.36
92345,2023,3.62,14.0
92346,2023,1.54,11.83
92352,2023,5.59,17.34
92354,2023,9.02,12.38
92356,2023,4.66,13.79
92358,2022,12.69,11.71
92359,2023,-0.46,11.88
92363,2023,-24.84,14.48
92371,2023,5.04,12.97
92372,2023,4.19,12.89
92373,2023,0.51,8.42
92374,2023,2.66,11.75
92376,2023,0.65,11.45
92377,2023,3.27,11.5
92378,2023,-7.05,18.38
92382,2023,0.18,15.25
92385,2022,23.9,22.0
92386,2023,-2.78,16.43
92391,2023,2.58,12.5
92392,2023,3.38,14.4
92394,2023,5.3,15.06
92395,2023,8.12,16.09
92397,2022,10.23,11.11
92399,2023,5.23,12.18
92404,2023,4.91,13.77
92405,2023,7.19,14.07
92407,2023,4.8,13.57
92408,2023,1.4,15.36
92410,2023,-1.23,11.62
92411,2023,13.08,16.07
92501,2023,8.36,12.92
92503,2023,4.56,12.83
92504,2023,5.0,11.99
92505,2023,4.37,12.3
92506,2023,1.33,11.16
92507,2023,2.67,12.19
92508,2023,2.37,11.46
92509,2023,2.42,11.44
92530,2023,5.27,14.02
92532,2022,15.9,12.89
92536,2021,-0.22,9.91
92539,2023,-0.65,6.29
92543,2023,5.79,13.49
92544,2023,3.23,14.06
92545,2023,3.77,14.32
92548,2023,1.97,9.65
92549,2023,-0.06,12.45
92551,2023,8.28,15.36
92553,2023,1.16,14.05
92555,2023,-0.3,12.07
92557,2023,3.64,13.35
92561,2022,11.56,6.57
92562,2023,3.6,12.98
92563,2023,0.04,12.64
92567,2023,1.76,12.86
92570,2023,6.0,14.02
92571,2023,2.01,13.08
92582,2023,4.5,14.33
92583,2023,4.6,14.78
92584,2023,5.32,13.34
92585,2023,1.26,12.88
92586,2023,2.32,12.42
92587,2023,-5.28,13.33
92590,2021,8.16,6.05
92591,2023,0.16,12.75
92592,2023,3.49,12.77
92595,2023,6.61,13.45
92596,2023,-0.1,12.21
92602,2022,8.6,4.85
92603,2021,1.76,2.18
92604,2023,28.47,16.91
92606,2021,8.7,4.48
92610,2022,12.4,9.21
92612,2021,-9.71,-0.34
92614,2021,2.15,5.43
92617,2021,3.5,3.07
92618,2012,-6.94,-0.77
92620,2023,22.64,12.78
92624,2022,19.32,10.45
92625,2013,2.61,2.54
92626,2023,9.13,11.38
92627,2023,10.04,10.93
92629,2023,24.5,16.57
92630,2023,8.76,12.44
92646,2023,9.88,10.61
92647,2023,9.72,11.62
92648,2023,15.46,9.57
92649,2023,11.91,12.65
92651,2022,24.15,6.28
92653,2023,10.76,13.24
92655,2023,14.58,12.22
92656,2022,0.04,1.5
92660,2021,-3.77,-4.67
92661,2021,-10.85,-1.19
92663,2021,-11.91,1.59
92672,2023,10.51,12.16
92673,2021,7.07,3.62
92675,2023,19.48,15.57
92676,2023,0.57,6.51
92677,2023,15.16,13.85
92679,2022,6.83,6.05
92683,2023,7.8,11.63
92688,2023,18.25,14.37
92691,2023,14.91,13.53
92692,2023,15.29,13.08
92694,2021,14.67,13.45
92701,2023,4.67,9.63
92703,2023,6.8,11.29
92704,2023,4.36,9.82
92705,2023,10.42,11.41
92706,2023,5.34,10.67
92707,2023,4.4,9.5
92708,2023,10.26,11.67
92780,2023,12.15,11.73
92782,2021,-4.23,-7.74
92801,2023,5.71,11.28
92802,2023,6.25,10.41
92804,2023,6.04,10.73
92805,2023,5.32,10.73
92806,2023,9.12,11.04
92807,2023,6.01,10.37
92808,2023,3.58,7.26
92821,2023,2.22,9.44
92823,2022,12.58,7.43
92831,2023,4.34,10.74
92832,2023,3.31,9.95
92833,2023,6.79,11.1
92835,2023,10.73,11.72
92840,2023,7.76,11.08
92841,2023,-2.01,8.75
92843,2023,4.41,11.27
92844,2023,9.99,10.92
92845,2023,4.57,10.29
92860,2023,5.67,12.47
92861,2022,8.82,1.96
92865,2023,6.45,10.81
92866,2023,17.3,12.62
92867,2023,6.35,10.72
92868,2023,-1.96,8.68
92869,2023,11.01,11.5
92870,2023,4.03,10.93
92878,2023,6.27,12.93
92879,2023,5.99,12.76
92880,2023,3.48,12.19
92881,2023,-0.19,11.48
92882,2023,4.59,12.37
92883,2023,0.51,12.22
92886,2023,5.61,11.08
92887,2023,2.51,10.93
93001,2023,9.33,12.52
93003,2023,5.52,10.21
93004,2023,2.3,9.63
93010,2023,7.99,10.54
93012,2023,1.14,8.99
93013,2023,8.36,12.53
93015,2023,4.92,10.22
93021,2023,-0.6,9.32
93022,2023,7.7,11.21
93023,2023,5.88,13.21
93030,2023,2.54,10.05
93033,2023,5.4,10.9
93035,2023,3.88,11.13
93036,2023,3.76,10.16
93040,2022,14.42,7.93
93041,2023,6.91,10.62
93060,2023,1.12,9.25
93063,2023,2.38,9.8
93065,2023,5.23,10.67
93066,2022,28.37,12.59
93067,2020,21.84,15.02
93101,2023,27.53,16.18
93103,2023,-8.19,12.9
93105,2022,14.32,5.01
93108,2021,-22.99,-12.85
93109,2021,0.34,-1.54
93110,2022,34.01,11.5
93111,2022,13.31,7.41
93117,2023,13.89,14.21
93202,2022,9.8,15.43
93203,2022,13.45,11.08
93204,2022,8.24,8.5
93210,2023,7.29,12.62
93212,2023,7.18,11.98
93215,2023,3.17,10.83
93219,2021,-10.06,17.18
93221,2023,1.2,10.59
93222,2011,-15.14,-17.48
93223,2023,12.97,16.89
93225,2023,-1.4,10.41
93230,2023,3.72,10.93
93235,2023,-8.63,15.31
93238,2022,16.21,12.47
93240,2023,-0.98,11.07
93241,2022,16.13,9.83
93242,2023,10.61,14.87
93243,2021,12.29,5.27
93245,2023,4.47,11.28
93247,2023,16.6,15.33
93250,2023,10.41,13.08
93256,2022,0.03,11.12
93257,2023,8.91,12.53
93263,2023,4.66,11.58
93265,2023,-10.16,7.7
93267,2023,17.54,14.69
93268,2023,18.48,15.06
93270,2023,1.53,14.12
93271,2023,1.33,9.69
93274,2023,5.14,12.91
93277,2023,6.57,12.33
93280,2023,8.77,13.81
93285,2022,16.03,10.3
93286,2023,15.81,15.39
93291,2023,2.03,11.24
93292,2023,5.13,12.76
93301,2023,1.47,9.41
93304,2023,5.83,13.01
93305,2023,4.26,13.01
93306,2023,6.01,13.27
93307,2023,9.24,14.83
93308,2023,5.37,13.03
93309,2023,5.7,12.36
93311,2023,2.59,11.74
93312,2023,3.98,11.31
93313,2023,2.93,12.35
93314,2023,1.76,10.44
93401,2023,9.21,8.49
93402,2023,3.84,10.89
93405,2023,8.02,10.87
93420,2023,9.57,11.39
93422,2023,5.55,10.85
93426,2021,-6.52,4.52
93427,2023,9.33,12.57
93428,2023,6.18,9.92
93430,2023,24.58,13.97
93432,2022,6.45,5.61
93433,2023,3.62,11.64
93434,2023,7.95,14.31
93436,2023,1.39,10.89
93440,2023,8.26,11.28
93441,2021,-3.89,-1.73
93442,2023,7.52,10.61
93444,2023,11.26,12.37
93445,2023,9.94,12.88
93446,2023,5.79,11.89
93449,2023,15.3,12.54
93451,2023,18.06,14.29
93453,2022,16.96,10.2
93454,2023,7.87,12.72
93455,2023,7.49,12.33
93458,2023,3.93,12.33
93460,2023,13.25,13.65
93461,2022,23.01,12.53
93463,2023,7.1,12.5
93465,2023,11.6,10.13
93501,2023,3.3,17.48
93505,2023,0.68,16.43
93510,2023,-0.74,8.05
93513,2023,-5.93,4.9
93514,2023,6.39,14.02
93517,2023,-19.04,0.2
93527,2022,7.43,8.35
93529,2021,23.24,12.45
93531,2021,10.51,2.19
93532,2023,-3.64,8.38
93534,2023,2.69,13.9
93535,2023,3.99,13.86
93536,2023,-0.38,10.78
93543,2023,8.15,13.34
93544,2022,17.08,11.79
93545,2022,14.61,9.86
93546,2023,-0.13,11.49
93550,2023,6.85,13.99
93551,2023,-1.11,10.38
93552,2023,2.3,12.6
93553,2023,-5.34,4.89
93555,2023,3.79,7.66
93560,2023,4.07,13.89
93561,2023,4.12,11.44
93591,2023,3.97,14.77
93601,2022,11.57,11.04
93602,2023,18.78,12.6
93604,2022,46.19,16.89
93609,2023,-18.05,11.34
93610,2023,7.38,14.02
93611,2023,4.23,11.53
93612,2023,0.97,11.63
93614,2023,4.13,10.22
93615,2021,9.15,7.86
93618,2023,6.63,11.47
93619,2023,1.63,9.89
93620,2023,-1.23,8.4
93622,2023,8.08,12.61
93625,2023,1.42,8.72
93626,2023,10.54,12.64
93630,2023,0.47,10.14
93631,2023,3.3,11.0
93635,2023,-2.51,9.68
93636,2023,3.35,12.13
93637,2023,2.68,12.06
93638,2023,2.09,11.97
93640,2023,23.18,16.29
93643,2023,3.68,11.76
93644,2023,1.17,11.18
93646,2023,-18.5,5.26
93647,2023,33.58,17.39
93648,2023,7.93,13.82
93650,2023,-0.42,14.04
93651,2023,-9.61,7.81
93653,2022,25.12,11.57
93654,2023,2.61,11.61
93656,2023,-8.82,8.37
93657,2023,0.08,11.66
93660,2022,19.65,17.23
93662,2023,6.33,13.3
93664,2022,22.67,14.58
93667,2023,-0.47,7.99
93669,2022,16.83,18.76
93675,2023,-4.26,8.59
93701,2022,17.76,20.65
93702,2023,7.43,15.06
93703,2023,2.4,12.06
93704,2023,3.55,12.08
93705,2023,5.69,12.56
93706,2023,19.96,18.27
93710,2023,4.02,12.55
93711,2023,3.33,10.32
93720,2023,2.04,10.25
93722,2023,1.65,11.74
93723,2023,-2.18,10.05
93725,2023,2.95,11.82
93726,2023,9.99,13.53
93727,2023,2.03,11.53
93728,2023,-0.76,12.91
93730,2023,4.36,10.18
93737,2023,4.65,11.04
93901,2023,-0.08,8.93
93905,2023,6.02,12.28
93906,2023,2.94,10.44
93907,2023,-0.62,9.93
93908,2023,17.04,13.47
93923,2022,19.06,8.0
93924,2023,11.11,11.79
93925,2022,19.17,12.19
93926,2023,25.03,16.92
93927,2023,1.79,10.98
93930,2023,-0.24,10.03
93933,2023,2.43,9.42
93940,2023,6.31,9.86
93950,2023,9.35,10.21
93953,2021,6.54,-2.36
93955,2023,6.02,9.82
93960,2023,3.54,11.49
93962,2022,12.86,9.59
94002,2022,-1.02,-3.44
94005,2023,-9.43,3.95
94010,2022,-18.13,-8.43
94014,2023,0.79,3.98
94015,2023,3.01,4.68
94018,2023,13.4,12.46
94019,2023,5.71,3.36
94020,2022,7.06,2.3
94022,2021,-2.4,3.33
94024,2021,2.16,7.8
94025,2023,7.45,7.7
94027,2013,7.42,4.77
94028,2021,-5.0,-0.53
94030,2022,16.6,-0.52
94037,2022,16.62,7.32
94038,2022,-8.89,-2.07
94040,2022,1.58,3.59
94041,2022,-2.25,-5.75
94043,2021,-1.89,-1.15
94044,2023,2.54,6.46
94061,2023,10.57,8.24
94062,2022,14.53,1.02
94063,2023,1.01,5.63
94065,2021,-3.39,4.88
94066,2023,-0.44,3.62
94070,2022,-2.97,-7.76
94080,2023,1.25,4.05
94085,2023,-13.04,0.78
94086,2022,-0.17,-5.47
94087,2022,-10.73,-4.36
94089,2023,9.2,7.26
94107,2022,4.42,0.21
94110,2023,-6.6,2.87
94112,2023,-1.46,2.56
94114,2021,-5.25,-2.84
94115,2021,-20.13,-0.51
94116,2023,1.97,3.29
94117,2021,7.3,7.64
94118,2021,-2.81,0.14
94121,2023,18.35,7.05
94122,2023,13.48,6.79
94123,2013,-5.78,0.9
94124,2023,-13.27,-0.36
94127,2023,15.62,3.78
94131,2023,34.05,12.72
94132,2023,12.17,5.83
94134,2023,-3.57,3.13
94301,2021,7.68,6.31
94303,2023,0.88,6.28
94305,2013,6.2,5.12
94306,2022,0.67,-13.03
94401,2023,18.78,7.63
94402,2021,-10.8,-9.86
94403,2023,8.74,9.19
94404,2022,-3.18,-3.84
94501,2023,3.07,8.64
94502,2023,9.5,8.08
94503,2023,-4.84,7.04
94505,2023,-2.55,8.82
94506,2021,-0.08,-7.54
94507,2021,-6.61,-5.98
94508,2022,-5.48,-0.16
94509,2023,-3.71,8.9
94510,2023,2.35,8.47
94511,2022,17.04,10.68
94513,2023,-3.91,9.17
94514,2022,5.55,7.33
94515,2023,-3.22,1.23
94517,2023,9.28,10.95
94518,2023,-0.47,7.85
94519,2023,-16.27,9.03
94520,2023,-2.97,7.76
94521,2023,0.6,8.25
94523,2023,6.77,9.67
94525,2023,-3.13,8.17
94526,2022,8.07,0.85
94530,2023,5.86,7.93
94531,2023,-4.0,8.64
94533,2023,-0.54,9.18
94534,2023,1.24,9.0
94536,2023,11.42,9.68
94538,2023,16.74,11.67
94539,2022,-1.47,-5.17
94541,2023,-1.82,7.54
94542,2023,15.29,12.88
94544,2023,0.11,8.1
94545,2023,-2.26,8.79
94546,2023,5.78,10.3
94547,2023,-1.53,8.75
94549,2023,-6.44,8.07
94550,2023,1.68,10.82
94551,2023,3.2,10.56
94552,2022,12.18,5.83
94553,2023,-0.93,7.67
94555,2023,14.91,10.2
94556,2022,10.27,0.88
94558,2023,3.84,8.65
94559,2023,3.15,7.49
94560,2023,3.17,9.79
94561,2023,-2.68,9.48
94563,2023,3.97,11.89
94564,2023,-2.83,8.07
94565,2023,-3.57,8.86
94566,2023,8.87,7.15
94567,2021,22.8,5.96
94568,2023,5.26,11.71
94571,2023,-0.38,8.47
94572,2023,3.52,8.06
94574,2023,-6.24,1.55
94577,2023,0.87,7.25
94578,2023,0.33,7.97
94579,2023,-6.98,5.35
94580,2023,7.02,9.8
94582,2021,-4.51,-2.86
94583,2023,12.92,9.59
94585,2023,-3.02,9.1
94586,2021,36.48,3.5
94587,2023,11.14,12.85
94588,2023,17.51,9.32
94589,2023,-0.83,8.63
94590,2023,-4.06,7.4
94591,2023,-1.88,8.34
94592,2022,8.9,7.38
94595,2023,12.32,8.15
94596,2022,11.5,3.11
94597,2023,11.22,10.1
94598,2023,20.66,10.38
94599,2021,4.82,5.98
94601,2023,-5.95,3.98
94602,2023,-1.25,5.14
94603,2023,-10.79,3.41
94605,2023,-1.23,6.22
94606,2023,-10.19,2.14
94607,2023,-12.01,-0.29
94608,2023,-0.78,4.01
94609,2023,-7.4,1.46
94610,2023,-1.65,4.19
94611,2023,4.62,5.5
94618,2023,30.16,12.31
94619,2023,-0.28,6.5
94621,2023,-3.48,4.03
94702,2023,-6.37,2.63
94703,2023,-3.01,5.21
94704,2021,6.97,-1.56
94705,2022,31.2,5.07
94706,2023,1.26,4.62
94707,2023,23.89,6.24
94708,2023,-2.99,3.42
94709,2022,9.59,-0.73
94710,2023,13.42,7.39
94801,2023,-8.88,5.73
94803,2023,-3.0,7.92
94804,2023,-1.31,6.89
94805,2023,-2.35,6.22
94806,2023,0.25,8.15
94901,2023,1.23,7.14
94903,2023,9.42,8.48
94904,2022,41.9,7.27
94920,2021,-7.77,4.97
94923,2021,12.49,6.72
94924,2021,-7.0,8.15
94925,2022,-10.45,-5.48
94928,2023,0.54,6.39
94930,2023,14.89,11.8
94931,2023,5.43,7.39
94933,2022,23.07,14.14
94937,2015,2.64,8.45
94938,2022,25.29,13.37
94939,2021,0.33,1.96
94941,2023,11.66,8.48
94945,2023,8.22,9.3
94947,2023,-0.35,6.77
94949,2023,-8.18,6.0
94951,2023,-17.63,2.01
94952,2023,-0.01,8.62
94954,2023,1.44,7.74
94957,2013,8.5,5.12
94960,2023,-1.12,8.02
94963,2021,24.64,4.6
94965,2021,7.61,3.59
94970,2013,23.37,5.39
94973,2022,8.44,4.02
95002,2022,19.58,11.18
95003,2023,1.97,10.15
95004,2023,-5.69,6.59
95005,2023,-0.67,8.05
95006,2023,-1.44,7.23
95007,2022,8.79,9.02
95008,2023,-1.91,-0.31
95010,2022,26.08,9.22
95012,2023,3.98,10.04
95014,2022,5.13,3.39
95018,2023,-2.18,7.11
95019,2023,-6.13,10.11
95020,2023,-0.72,9.47
95023,2023,-3.43,8.28
95030,2021,0.52,0.63
95032,2022,12.66,-0.91
95033,2023,-3.15,6.89
95035,2023,14.7,11.53
95037,2023,5.52,10.04
95041,2021,10.83,3.48
95045,2023,0.45,7.45
95046,2023,3.03,11.4
95050,2023,17.94,8.24
95051,2023,6.0,4.63
95054,2022,16.73,4.85
95060,2023,5.59,10.26
95062,2023,1.28,8.58
95065,2023,0.89,7.26
95066,2023,5.01,9.01
95070,2022,-0.46,0.37
95073,2023,21.95,12.72
95076,2023,-0.61,9.4
95110,2023,6.06,6.69
95111,2023,-0.47,7.69
95112,2023,4.42,7.92
95116,2023,4.22,8.75
95117,2022,8.46,0.45
95118,2023,8.95,8.83
95119,2023,-0.03,9.68
95120,2023,49.12,14.75
95121,2023,1.64,9.47
95122,2023,0.0,8.02
95123,2023,7.53,9.73
95124,2023,23.23,8.37
95125,2023,9.0,8.43
95126,2023,17.42,11.08
95127,2023,0.4,8.0
95128,2023,3.54,7.43
95129,2022,-1.94,-4.98
95130,2022,4.06,-4.1
95131,2023,14.62,7.1
95132,2023,5.45,7.71
95133,2023,13.41,11.95
95134,2021,-2.48,-4.83
95135,2022,-0.44,-4.02
95136,2023,8.36,8.89
95138,2023,18.84,14.87
95139,2023,17.03,11.09
95148,2023,10.83,10.4
95202,2022,12.16,15.49
95203,2023,-3.91,8.52
95204,2023,-5.74,8.4
95205,2023,-0.09,12.08
95206,2023,-0.5,11.01
95207,2023,3.87,11.99
95209,2023,-1.71,9.56
95210,2023,0.72,11.22
95212,2023,0.38,10.92
95215,2023,4.15,12.58
95219,2023,4.94,10.82
95220,2023,-6.27,6.05
95222,2023,-8.8,6.11
95223,2023,-2.84,10.05
95224,2021,26.61,10.1
95225,2021,14.4,4.02
95227,2022,3.34,12.1
95228,2022,17.11,12.62
95231,2022,10.63,7.59
95236,2023,-1.58,7.04
95237,2023,1.33,9.35
95240,2023,1.1,9.5
95242,2023,-1.14,8.9
95245,2022,-3.56,1.29
95246,2022,15.48,9.07
95247,2023,4.61,14.01
95249,2023,-3.47,10.32
95252,2023,-0.83,9.14
95254,2021,19.21,10.96
95255,2022,4.14,7.24
95258,2023,14.46,12.99
95301,2023,0.14,11.26
95304,2023,1.26,10.73
95306,2021,14.87,1.86
95307,2023,2.19,10.56
95310,2022,10.41,8.5
95311,2023,4.04,6.57
95315,2023,-1.26,12.08
95316,2023,-1.15,9.2
95319,2021,-5.45,-18.24
95320,2023,-3.62,9.21
95321,2023,-2.59,11.32
95322,2023,3.6,12.14
95323,2022,14.73,11.12
95324,2023,5.47,9.43
95326,2023,-1.39,9.95
95327,2023,2.01,8.78
95328,2023,0.92,9.31
95329,2022,8.28,12.4
95330,2023,-2.68,11.36
95333,2022,12.73,12.42
95334,2023,-5.52,10.22
95335,2023,-6.62,11.42
95336,2023,-2.65,10.16
95337,2023,-4.76,10.2
95338,2023,-9.77,7.18
95340,2023,0.77,11.17
95341,2023,1.6,12.58
95345,2021,23.55,4.83
95346,2023,0.47,9.96
95348,2023,0.47,11.64
95350,2023,-0.35,9.83
95351,2023,4.18,12.74
95354,2023,-3.14,10.35
95355,2023,-1.44,9.74
95356,2023,2.13,9.93
95357,2023,2.1,11.26
95358,2023,0.19,11.51
95360,2023,1.35,10.36
95361,2023,0.33,9.61
95363,2023,-0.08,9.91
95365,2022,22.25,11.8
95366,2023,1.62,9.93
95367,2023,-2.89,9.4
95368,2023,3.6,10.99
95370,2023,5.43,8.86
95372,2022,25.63,12.95
95374,2022,13.93,9.41
95376,2023,-4.27,10.25
95377,2023,-3.9,10.88
95379,2023,-11.28,5.1
95380,2023,3.99,10.68
95382,2023,2.61,10.46
95383,2023,0.95,10.24
95386,2023,-4.15,8.16
95388,2023,-2.94,10.79
95391,2023,4.06,14.84
95401,2023,-0.33,7.23
95403,2023,5.42,7.83
95404,2023,2.78,6.98
95405,2023,2.21,6.47
95407,2023,-0.85,6.54
95409,2023,5.73,7.25
95410,2021,17.98,7.31
95415,2021,4.97,3.43
95419,2021,14.58,6.6
95421,2023,38.89,13.04
95422,2023,5.04,11.54
95423,2023,-15.75,6.01
95425,2023,4.39,6.17
95426,2022,-5.65,7.6
95436,2023,-2.95,7.26
95437,2023,4.37,10.24
95439,2021,6.21,6.44
95441,2021,12.94,1.81
95442,2022,6.13,4.82
95444,2022,6.02,5.15
95445,2022,-3.88,4.32
95446,2023,-2.31,7.78
95448,2023,0.1,6.93
95449,2022,4.08,8.15
95451,2023,-1.62,5.19
95452,2023,2.92,7.98
95453,2023,6.05,9.52
95456,2021,12.26,10.34
95457,2023,7.92,12.45
95458,2022,26.65,14.39
95459,2021,17.82,5.61
95460,2022,22.69,10.31
95461,2023,-15.55,0.16
95462,2023,8.33,13.17
95464,2022,-0.41,6.1
95465,2022,11.81,6.52
95467,2021,11.77,4.81
95469,2022,-18.51,2.02
95470,2023,-5.04,4.96
95472,2023,9.08,9.82
95476,2023,0.49,6.34
95482,2023,-3.8,5.03
95485,2022,-1.78,1.19
95490,2023,-6.98,3.69
95492,2023,3.55,5.98
95501,2023,6.97,12.65
95503,2023,0.43,10.45
95519,2023,5.09,11.04
95521,2023,3.83,11.78
95524,2023,9.98,10.01
95525,2021,10.78,7.81
95528,2022,-4.15,4.49
95531,2023,3.56,12.31
95536,2022,10.54,7.76
95540,2023,8.7,10.23
95542,2022,2.96,8.18
95547,2022,20.92,10.17
95549,2022,17.61,14.52
95551,2022,13.59,10.23
95562,2023,-5.79,9.8
95567,2023,-18.55,7.01
95570,2023,0.54,11.11
95589,2023,0.25,13.03
95601,2022,9.8,7.65
95602,2023,-1.72,8.49
95603,2023,-1.43,8.31
95605,2023,2.66,11.16
95608,2023,-1.0,8.84
95610,2023,-1.84,9.74
95612,2022,-1.4,7.6
95614,2023,-15.15,7.91
95616,2023,-0.52,6.82
95618,2023,-1.47,7.14
95619,2023,0.88,8.69
95620,2023,-0.6,7.96
95621,2023,-0.68,9.58
95623,2023,-1.18,7.12
95624,2023,-0.78,10.5
95626,2023,0.01,10.32
95627,2022,21.31,12.01
95628,2023,-0.4,9.08
95629,2022,12.6,10.57
95630,2023,0.84,9.03
95631,2023,-5.08,7.12
95632,2023,0.51,9.32
95633,2023,-8.6,6.46
95634,2022,9.54,9.32
95635,2022,12.18,9.51
95636,2022,10.52,9.6
95638,2022,19.15,10.95
95640,2023,0.41,9.44
95641,2022,-2.37,7.18
95642,2023,2.12,8.37
95648,2023,0.16,9.93
95650,2023,1.4,9.32
95651,2022,-3.11,9.79
95655,2021,18.78,8.79
95658,2023,4.67,10.35
95659,2022,24.6,14.63
95660,2023,-6.29,8.79
95661,2023,-2.77,9.01
95662,2023,1.04,9.4
95663,2023,8.28,9.93
95664,2022,30.6,13.61
95665,2023,1.38,8.33
95666,2023,-3.32,8.29
95667,2023,0.33,8.32
95668,2021,8.6,7.33
95669,2022,15.1,8.46
95670,2023,-0.9,10.53
95672,2023,-2.9,9.78
95673,2023,-0.01,10.86
95674,2021,2.73,1.65
95677,2023,-0.23,9.44
95678,2023,-2.34,8.96
95681,2023,7.0,12.34
95682,2023,-0.45,8.86
95683,2022,17.79,8.17
95684,2023,-7.79,7.37
95685,2023,-0.62,7.02
95687,2023,-1.13,8.39
95688,2023,-1.91,8.01
95689,2023,-8.75,3.72
95690,2021,12.22,4.9
95691,2023,-1.52,9.13
95692,2023,-0.15,9.6
95693,2023,-1.13,6.53
95694,2023,0.5,8.3
95695,2023,-3.02,8.47
95703,2022,11.02,7.93
95709,2023,-4.64,6.54
95713,2023,-1.65,7.22
95722,2023,0.2,8.47
95726,2023,-4.6,8.24
95742,2023,-2.49,8.95
95746,2023,9.23,11.9
95747,2023,-3.57,8.48
95757,2023,-1.61,10.94
95758,2023,-2.58,10.49
95762,2023,-0.3,9.45
95765,2023,-2.59,8.89
95776,2023,-2.11,8.64
95811,2023,6.99,7.01
95814,2022,10.74,9.66
95815,2023,1.15,11.04
95816,2023,-1.02,4.74
95817,2023,-1.13,9.08
95818,2023,2.98,7.14
95819,2023,2.38,6.39
95820,2023,-0.24,10.41
95821,2023,0.99,9.21
95822,2023,-2.71,9.11
95823,2023,2.31,11.98
95824,2023,7.87,13.52
95825,2023,-7.08,8.37
95826,2023,-2.61,9.06
95827,2023,0.41,10.78
95828,2023,-0.52,11.13
95829,2023,-2.85,10.08
95830,2021,8.91,14.65
95831,2023,-0.16,8.44
95832,2023,1.04,11.51
95833,2023,-1.32,10.25
95834,2023,-2.09,10.13
95835,2023,-2.75,10.16
95838,2023,2.65,11.67
95841,2023,0.72,10.36
95842,2023,-2.49,9.26
95843,2023,-3.18,10.42
95864,2023,2.69,8.97
95901,2023,0.68,10.31
95912,2023,-10.09,6.41
95916,2021,10.68,4.04
95917,2023,-4.84,8.53
95918,2023,-0.05,7.6
95919,2022,40.88,17.98
95926,2023,-0.17,5.71
95928,2023,-2.17,5.6
95932,2023,1.01,9.18
95938,2023,-4.13,5.47
95942,2023,-4.78,4.04
95945,2023,0.8,7.9
95946,2023,-3.04,6.25
95947,2022,50.07,21.37
95948,2023,-1.62,8.82
95949,2023,-2.04,7.57
95951,2022,5.06,8.48
95953,2023,2.42,10.77
95954,2023,4.0,4.23
95959,2023,-3.16,6.19
95961,2023,-1.84,11.01
95962,2022,7.82,12.67
95963,2023,-7.11,5.01
95965,2023,-4.2,6.39
95966,2023,-2.7,7.13
95968,2022,13.02,10.97
95969,2023,2.8,6.91
95971,2023,-1.99,8.65
95973,2023,-3.37,4.9
95975,2023,-16.86,2.25
95977,2023,-14.37,7.87
95982,2023,-3.7,8.0
95987,2023,8.73,10.03
95988,2023,0.94,9.22
95991,2023,-1.05,9.59
95993,2023,-0.69,8.29
96001,2023,2.87,9.69
96002,2023,1.44,9.1
96003,2023,1.33,8.53
96007,2023,-0.24,8.92
96008,2023,-8.26,5.75
96013,2023,1.75,11.39
96019,2023,4.61,9.33
96020,2021,12.94,-0.26
96021,2023,-12.92,6.58
96022,2023,-0.85,7.67
96025,2023,-9.46,6.07
96027,2023,-0.07,8.15
96028,2022,12.92,9.75
96032,2022,16.2,10.26
96035,2022,15.8,12.66
96047,2021,0.8,2.21
96051,2023,7.74,7.39
96055,2023,-0.64,9.09
96056,2022,10.66,8.77
96057,2022,44.48,21.02
96059,2021,9.74,16.22
96062,2022,10.76,8.58
96064,2023,-5.77,10.52
96067,2023,11.44,13.48
96069,2022,9.6,9.27
96073,2023,0.24,7.38
96080,2023,-3.35,7.72
96087,2021,10.47,5.62
96088,2023,-7.54,5.63
96093,2023,5.98,5.1
96094,2023,2.08,10.46
96096,2022,2.98,7.19
96097,2023,0.92,10.86
96101,2023,-2.05,13.35
96103,2023,8.61,13.89
96107,2022,2.29,5.13
96114,2023,-8.62,3.22
96118,2021,8.89,4.89
96120,2022,12.56,8.31
96122,2023,-4.06,9.88
96130,2023,1.36,5.69
96137,2023,2.09,9.61
96140,2023,-2.98,9.08
96141,2021,27.64,12.41
96142,2022,11.58,10.61
96143,2021,20.09,9.46
96145,2023,-7.82,11.05
96146,2021,7.04,5.63
96148,2022,10.44,12.86
96150,2023,0.29,11.87
96161,2023,-0.3,13.28
96701,2023,7.68,8.0
96704,2023,-9.33,13.28
96706,2023,9.05,11.27
96707,2023,-6.81,7.75
96708,2022,17.37,9.93
96712,2022,20.67,8.26
96717,2022,3.09,3.15
96720,2023,6.3,12.76
96722,2010,-9.88,-6.79
96725,2021,28.36,12.23
96727,2021,15.71,5.74
96730,2021,-8.21,-2.6
96731,2022,14.95,6.39
96732,2023,12.89,14.25
96734,2023,15.53,12.12
96738,2022,23.87,16.16
96740,2023,7.89,14.66
96741,2023,3.08,10.3
96743,2023,25.7,19.9
96744,2023,12.09,10.12
96746,2023,10.22,12.59
96749,2022,20.73,10.4
96750,2022,11.64,8.04
96753,2023,17.13,16.32
96754,2022,16.35,11.11
96756,2022,17.45,9.32
96761,2023,6.67,10.1
96762,2021,15.22,5.31
96766,2023,23.93,17.23
96768,2023,10.39,13.63
96778,2023,10.05,15.59
96779,2022,25.17,14.35
96782,2023,6.05,8.16
96786,2023,6.36,9.32
96789,2023,-6.14,7.7
96790,2022,12.03,6.19
96791,2023,-3.45,7.78
96792,2023,0.04,10.02
96793,2023,11.05,14.37
96795,2022,5.89,2.47
96797,2023,-0.63,9.47
96813,2022,-3.62,-0.35
96815,2022,-0.98,-1.62
96816,2023,6.68,8.56
96817,2023,9.83,8.02
96818,2023,-4.89,5.12
96819,2023,4.23,5.97
96821,2022,15.93,6.1
96822,2022,12.43,3.0
96825,2023,8.34,11.61
96826,2021,-1.15,-2.06
97002,2023,1.97,8.86
97003,2023,0.62,10.18
97004,2023,-0.08,9.33
97005,2023,-1.3,8.68
97006,2023,1.66,10.09
97007,2023,1.25,10.69
97008,2023,0.33,10.3
97009,2023,-0.17,9.41
97011,2022,42.01,16.9
97013,2023,5.65,10.27
97014,2022,12.65,9.59
97015,2023,-3.19,9.42
97016,2023,-11.58,9.79
97017,2023,4.09,9.44
97018,2023,-11.8,6.95
97019,2023,7.07,10.9
97021,2022,10.32,11.85
97022,2023,0.04,10.53
97023,2023,3.59,9.49
97024,2023,5.7,10.29
97026,2023,2.18,10.12
97027,2023,3.6,10.95
97028,2021,23.33,13.93
97030,2023,0.22,8.73
97031,2023,4.27,11.79
97032,2023,3.52,9.57
97034,2023,7.91,10.84
97035,2023,5.69,10.75
97037,2021,19.17,13.66
97038,2023,2.69,10.11
97040,2021,15.82,9.82
97041,2022,20.35,11.04
97042,2023,-2.69,9.56
97045,2023,1.01,9.74
97048,2023,5.91,12.9
97049,2023,21.18,17.59
97051,2023,1.98,9.34
97053,2023,-0.65,8.08
97054,2022,18.49,11.17
97055,2023,-3.51,8.25
97056,2023,1.24,8.99
97058,2023,3.98,12.37
97060,2023,0.39,9.28
97062,2023,1.58,10.8
97064,2023,6.69,12.39
97067,2023,-1.3,14.29
97068,2023,2.3,10.69
97070,2023,2.63,9.15
97071,2023,5.92,10.76
97078,2023,-2.51,9.44
97080,2023,0.84,9.21
97086,2023,-2.09,8.19
97089,2023,-0.65,9.08
97101,2023,9.64,12.81
97102,2022,20.94,16.77
97103,2023,5.32,14.41
97106,2023,-1.34,6.5
97107,2023,14.58,14.23
97108,2022,10.03,15.19
97109,2021,11.55,4.71
97110,2023,11.9,18.03
97111,2023,0.79,9.2
97112,2022,33.22,17.44
97113,2023,6.66,11.03
97114,2023,2.18,11.29
97115,2023,4.62,9.86
97116,2023,4.73,10.24
97118,2022,16.57,16.25
97119,2023,9.43,10.59
97121,2023,0.82,13.02
97123,2023,0.33,9.41
97124,2023,-0.72,9.08
97127,2023,6.6,10.68
97128,2023,4.7,10.77
97130,2023,1.98,15.37
97131,2023,-3.54,11.7
97132,2023,-2.2,8.85
97133,2023,-4.47,7.06
97135,2023,22.53,19.16
97136,2023,-1.53,15.29
97137,2022,14.42,12.67
97138,2023,2.11,12.8
97140,2023,-1.28,9.74
97141,2023,5.45,13.58
97146,2023,4.45,13.49
97148,2023,-4.65,6.17
97149,2022,21.0,16.08
97201,2023,-5.25,4.49
97202,2023,-2.72,5.38
97203,2023,-4.39,5.63
97205,2022,11.8,2.39
97206,2023,-1.74,6.33
97210,2023,-4.43,3.42
97211,2023,-0.82,5.66
97212,2023,2.39,6.61
97213,2023,-1.96,5.83
97214,2023,-1.79,4.74
97215,2023,-2.39,6.14
97216,2023,-2.14,6.41
97217,2023,-1.16,5.66
97218,2023,-5.26,6.25
97219,2023,-1.17,7.69
97220,2023,-0.02,7.4
97221,2023,-0.5,7.35
97222,2023,-1.58,8.35
97223,2023,0.78,10.15
97224,2023,1.42,9.95
97225,2023,2.99,8.59
97227,2023,-9.83,3.23
97229,2023,4.56,10.11
97230,2023,-0.02,8.53
97231,2023,4.28,11.25
97232,2023,-2.23,5.36
97233,2023,-0.14,7.72
97236,2023,-0.69,7.85
97239,2023,-4.69,5.23
97266,2023,-1.93,7.14
97267,2023,-0.05,8.86
97301,2023,3.66,11.29
97302,2023,2.2,10.37
97303,2023,2.56,11.43
97304,2023,1.33,10.42
97305,2023,5.78,11.57
97306,2023,2.49,10.46
97317,2023,0.03,10.63
97321,2023,2.11,11.15
97322,2023,2.67,10.83
97324,2022,-7.72,6.51
97325,2023,2.85,11.35
97327,2023,9.69,11.86
97330,2023,3.96,10.58
97333,2023,7.34,11.63
97338,2023,3.66,11.68
97341,2023,1.15,15.14
97344,2021,1.71,9.66
97346,2022,0.17,12.43
97347,2022,7.56,10.62
97348,2022,13.54,13.28
97351,2023,1.75,11.03
97352,2023,-1.22,11.2
97355,2023,4.67,11.43
97358,2022,19.32,15.87
97360,2023,10.29,15.29
97361,2023,5.08,12.85
97362,2023,7.34,10.86
97364,2022,10.68,11.01
97365,2023,3.89,13.13
97366,2022,17.69,16.1
97367,2023,1.02,13.94
97368,2022,9.15,13.28
97370,2023,0.2,11.53
97374,2023,-1.65,9.87
97375,2022,12.98,10.72
97376,2023,-16.77,7.44
97377,2022,2.72,5.16
97378,2023,0.96,12.71
97380,2023,7.32,16.0
97381,2023,6.28,11.54
97383,2023,0.4,10.52
97385,2023,0.25,11.62
97386,2023,3.46,12.98
97389,2022,31.34,17.03
97390,2022,12.3,9.72
97391,2023,5.71,13.56
97392,2023,1.7,9.76
97394,2023,0.07,10.94
97396,2023,6.67,13.1
97401,2023,0.66,10.58
97402,2023,1.93,10.32
97403,2023,9.75,12.36
97404,2023,2.0,11.15
97405,2023,3.36,11.78
97408,2023,6.17,11.49
97410,2022,20.0,12.64
97411,2023,5.55,15.84
97413,2022,9.5,11.47
97415,2023,7.8,12.9
97417,2022,9.83,10.44
97419,2022,26.88,13.02
97420,2023,1.89,11.21
97423,2023,13.47,12.77
97424,2023,2.51,10.61
97426,2023,7.09,12.43
97431,2023,-3.42,9.14
97434,2021,17.13,11.19
97435,2021,31.94,17.64
97436,2021,20.7,13.16
97437,2023,5.23,9.3
97438,2021,19.7,10.0
97439,2023,5.61,11.82
97442,2022,24.26,13.41
97443,2022,22.91,11.88
97444,2023,1.61,13.51
97446,2023,-2.36,9.18
97448,2023,4.51,10.8
97449,2022,12.66,14.02
97452,2022,13.39,11.04
97453,2022,14.48,15.11
97454,2022,18.05,11.35
97455,2023,-9.97,8.86
97456,2023,-2.67,10.79
97457,2023,7.75,15.22
97458,2023,9.41,14.8
97459,2023,4.26,11.54
97461,2022,4.41,6.94
97462,2023,-9.17,5.8
97463,2023,-8.46,11.19
97465,2023,-18.35,6.28
97467,2023,15.62,18.22
97469,2022,30.78,16.8
97470,2023,4.19,11.03
97471,2023,3.78,11.09
97477,2023,2.42,11.53
97478,2023,0.35,10.73
97479,2023,10.27,12.88
97486,2021,7.01,7.83
97487,2023,8.15,12.91
97488,2022,47.39,20.72
97489,2023,-1.41,9.94
97492,2021,12.21,2.31
97495,2023,-13.71,9.53
97496,2023,12.29,14.09
97497,2022,10.45,15.46
97498,2023,9.15,12.14
97499,2022,13.94,12.8
97501,2023,-2.16,9.15
97502,2023,0.6,9.13
97503,2023,-0.49,10.73
97504,2023,-2.54,8.26
97520,2023,-1.03,5.35
97523,2023,-18.19,6.83
97524,2023,-3.22,8.49
97525,2023,-6.65,7.93
97526,2023,0.57,9.38
97527,2023,-1.12,9.6
97530,2023,-1.79,9.42
97532,2023,2.04,12.08
97535,2023,10.93,14.61
97536,2022,18.18,10.57
97537,2023,-0.25,8.27
97538,2023,-8.24,10.49
97539,2022,14.3,11.9
97540,2023,-2.91,7.59
97541,2021,11.3,4.72
97543,2022,-0.24,6.71
97544,2022,-1.39,5.06
97601,2023,0.05,11.29
97603,2023,3.36,12.05
97623,2022,14.97,12.8
97624,2023,-8.05,13.08
97630,2023,-2.91,9.18
97701,2023,-0.79,13.51
97702,2023,1.14,13.97
97703,2023,5.56,13.41
97707,2023,-1.81,14.62
97720,2023,4.85,14.42
97734,2023,-8.84,9.36
97738,2023,10.83,12.67
97739,2023,-1.55,14.99
97741,2023,2.59,12.08
97753,2023,5.63,14.39
97754,2023,1.27,12.24
97756,2023,1.03,14.36
97759,2023,4.68,15.02
97760,2023,11.25,17.46
97801,2023,8.11,11.97
97813,2022,29.64,18.25
97814,2023,-0.37,14.02
97818,2023,1.76,8.63
97824,2023,7.99,14.16
97827,2022,19.02,11.23
97828,2023,3.49,16.97
97836,2022,19.79,11.69
97838,2023,-1.03,10.26
97844,2023,9.25,15.48
97845,2023,9.1,16.14
97846,2022,20.27,11.28
97850,2023,7.19,12.57
97862,2023,4.23,12.02
97868,2023,-22.76,13.02
97875,2023,7.74,15.32
97876,2021,10.3,5.41
97882,2023,3.74,11.62
97883,2023,5.26,12.77
97885,2022,8.85,14.45
97913,2023,1.95,12.74
97914,2023,0.01,14.57
97918,2023,24.04,19.91
98001,2023,-0.77,10.96
98002,2023,2.16,10.51
98003,2023,0.95,11.6
98004,2021,-12.28,-5.47
98005,2023,-2.29,6.46
98006,2023,7.24,13.03
98007,2023,20.41,14.76
98008,2023,12.32,10.56
98010,2023,7.68,13.91
98011,2023,6.22,12.97
98012,2023,-1.3,13.21
98014,2023,-4.25,10.53
98019,2023,2.0,11.55
98020,2023,-1.05,9.57
98021,2023,4.89,13.24
98022,2023,-0.85,10.37
98023,2023,-0.77,11.78
98024,2023,-8.76,11.54
98026,2023,0.14,11.56
98027,2023,4.53,11.93
98028,2023,1.95,12.16
98029,2022,20.32,9.06
98030,2023,-1.47,11.42
98031,2023,-2.03,11.43
98032,2023,-2.09,11.1
98033,2023,8.02,10.94
98034,2023,4.35,12.55
98036,2023,4.06,11.86
98037,2023,-0.85,11.28
98038,2023,-2.9,11.18
98039,2014,20.59,9.25
98040,2022,-7.76,-3.78
98042,2023,1.88,12.17
98043,2023,-2.26,10.32
98045,2023,2.02,11.55
98047,2023,-3.02,11.57
98051,2023,0.64,9.72
98052,2023,9.6,11.67
98053,2023,3.4,12.42
98055,2023,-0.91,10.36
98056,2023,0.2,10.46
98057,2023,-1.37,9.61
98058,2023,-1.52,11.28
98059,2023,2.97,11.8
98065,2023,-6.59,11.01
98068,2021,25.47,9.37
98070,2023,3.25,9.79
98072,2023,6.22,12.4
98074,2023,7.0,11.03
98075,2023,10.15,12.33
98077,2023,5.68,12.7
98087,2023,5.33,12.93
98092,2023,1.5,12.32
98102,2023,-8.35,5.99
98103,2023,-0.37,5.18
98105,2023,6.03,6.24
98106,2023,2.68,7.92
98107,2023,0.61,5.3
98108,2023,-2.31,6.81
98109,2023,-6.19,3.93
98110,2023,3.41,10.12
98112,2023,1.84,4.56
98115,2023,1.17,7.05
98116,2023,4.22,7.69
98117,2023,-2.57,5.61
98118,2023,-0.56,7.4
98119,2023,1.82,4.92
98122,2023,1.64,3.54
98125,2023,-2.43,6.57
98126,2023,3.1,7.28
98133,2023,-1.84,8.03
98136,2023,3.9,7.7
98144,2023,-6.55,4.25
98146,2023,-2.22,8.98
98148,2023,5.6,10.99
98155,2023,2.16,10.13
98166,2023,4.12,9.83
98168,2023,0.49,9.72
98177,2023,0.78,9.16
98178,2023,-1.08,8.83
98188,2023,1.03,9.79
98198,2023,2.26,11.94
98199,2023,4.1,7.67
98201,2023,0.41,10.62
98203,2023,2.95,12.33
98204,2023,5.69,13.73
98208,2023,0.76,12.77
98220,2021,16.04,10.22
98221,2023,2.93,12.5
98223,2023,1.84,12.32
98225,2023,-1.27,10.39
98226,2023,-0.08,12.21
98229,2023,2.44,13.1
98230,2023,-0.09,9.97
98232,2023,16.13,18.64
98233,2023,-0.64,12.26
98236,2023,4.67,13.23
98237,2023,-0.82,11.43
98239,2023,6.26,11.49
98240,2023,20.72,14.17
98241,2023,18.04,18.21
98244,2022,15.23,11.36
98245,2023,17.46,16.83
98247,2023,-2.86,8.95
98248,2023,-0.29,10.83
98249,2023,9.89,14.15
98250,2023,11.9,13.28
98251,2023,-12.64,9.01
98252,2023,2.53,12.4
98253,2023,18.64,16.43
98257,2023,-15.53,8.32
98258,2023,3.29,12.6
98260,2023,-6.3,12.8
98261,2022,4.04,8.9
98262,2022,29.25,17.6
98264,2023,4.64,11.05
98266,2023,1.66,12.7
98270,2023,3.95,12.83
98271,2023,1.76,12.67
98272,2023,0.38,10.97
98273,2023,4.26,12.37
98274,2023,5.81,12.16
98275,2023,-4.1,10.7
98276,2023,1.06,7.5
98277,2023,2.49,10.83
98281,2023,-9.53,9.65
98282,2023,11.57,14.35
98284,2023,4.65,12.89
98290,2023,4.87,13.18
98292,2023,-1.38,10.62
98294,2023,12.67,14.63
98295,2023,-3.01,9.3
98296,2023,4.87,12.28
98303,2021,23.83,13.06
98310,2023,-2.77,9.1
98311,2023,-1.53,8.56
98312,2023,2.14,10.85
98320,2022,46.17,19.87
98321,2023,4.27,11.42
98323,2021,14.19,9.01
98325,2022,31.47,17.09
98327,2022,13.01,10.94
98328,2023,-0.06,10.63
98329,2023,-3.86,10.1
98331,2023,1.24,12.58
98332,2023,-1.1,11.45
98333,2023,2.55,11.55
98335,2023,5.07,12.49
98337,2023,10.75,12.9
98338,2023,2.1,11.25
98339,2023,6.78,14.98
98340,2023,-18.49,6.05
98342,2022,14.18,10.25
98345,2013,13.28,-1.73
98346,2023,-15.58,6.18
98349,2023,10.19,11.5
98351,2021,0.66,3.13
98354,2023,5.65,11.97
98356,2023,2.85,13.03
98358,2022,13.41,9.38
98359,2023,2.17,13.67
98360,2023,2.14,11.21
98361,2021,17.04,12.48
98362,2023,4.46,12.8
98363,2023,-3.39,12.5
98365,2023,-0.57,8.93
98366,2023,-0.17,10.35
98367,2023,2.98,11.79
98368,2023,5.4,13.13
98370,2023,1.77,10.98
98371,2023,1.19,10.8
98372,2023,-0.64,9.87
98373,2023,0.43,10.45
98374,2023,-0.47,10.4
98375,2023,-4.73,9.83
98376,2021,11.59,12.05
98377,2022,53.71,23.57
98380,2023,-4.22,10.27
98382,2023,5.71,12.82
98383,2023,4.89,11.11
98387,2023,0.72,10.62
98388,2023,-0.59,11.47
98390,2023,1.05,11.34
98391,2023,0.47,11.82
98392,2023,-3.88,9.98
98394,2022,18.34,15.64
98396,2022,27.12,15.0
98403,2023,7.74,12.29
98404,2023,0.73,10.19
98405,2023,-2.26,10.18
98406,2023,5.26,11.82
98407,2023,0.38,10.83
98408,2023,-1.05,10.1
98409,2023,0.26,10.66
98418,2023,0.18,9.77
98422,2023,1.65,10.95
98424,2022,9.87,11.43
98443,2023,5.48,12.7
98444,2023,-3.88,10.11
98445,2023,1.24,11.1
98446,2023,1.95,11.23
98465,2023,1.35,11.26
98466,2023,-2.81,9.6
98467,2023,5.46,13.7
98498,2023,4.36,12.15
98499,2023,0.14,10.93
98501,2023,2.53,11.2
98502,2023,-0.78,11.56
98503,2023,3.92,12.71
98506,2023,5.94,12.27
98512,2023,0.22,11.31
98513,2023,3.56,13.28
98516,2023,-3.65,10.84
98520,2023,2.64,14.64
98524,2023,-4.84,15.91
98528,2023,3.6,11.63
98531,2023,-2.18,11.19
98532,2023,3.03,12.47
98537,2023,-2.56,15.54
98541,2023,6.09,12.76
98546,2023,0.46,14.21
98547,2022,20.2,16.51
98548,2023,8.75,19.07
98550,2023,6.28,16.02
98557,2023,-8.4,11.46
98563,2023,-7.49,11.52
98564,2023,-10.64,11.35
98568,2023,34.7,18.73
98569,2023,-1.86,13.83
98570,2023,-0.22,12.07
98576,2023,-0.58,13.28
98577,2023,5.87,12.54
98579,2023,-1.09,11.26
98580,2023,10.14,13.58
98584,2023,1.84,11.53
98586,2022,-0.28,5.87
98588,2022,17.15,13.35
98589,2023,2.18,13.4
98591,2023,-2.23,9.47
98592,2023,14.13,14.04
98595,2023,10.46,17.78
98596,2023,6.73,13.66
98597,2023,1.12,11.12
98601,2023,-0.05,8.72
98603,2022,14.34,15.01
98604,2023,-0.32,10.16
98605,2021,8.32,9.79
98606,2023,3.79,12.31
98607,2023,1.34,11.92
98610,2023,16.58,18.25
98611,2023,2.15,12.66
98612,2023,21.16,16.24
98617,2022,8.0,8.74
98620,2023,0.59,10.52
98624,2023,6.0,11.24
98625,2023,-4.62,8.76
98626,2023,0.45,10.58
98629,2023,15.29,14.7
98631,2023,2.21,16.06
98632,2023,-0.94,10.44
98635,2023,12.76,18.45
98638,2023,23.84,17.76
98639,2023,7.11,14.15
98640,2023,6.53,13.64
98642,2023,-1.56,11.04
98644,2022,23.4,21.12
98645,2023,-9.42,8.33
98648,2023,7.87,12.96
98649,2022,11.06,11.12
98650,2021,20.03,8.32
98651,2021,4.99,5.5
98660,2023,2.89,10.58
98661,2023,1.65,10.48
98662,2023,2.46,11.23
98663,2023,4.84,10.84
98664,2023,3.76,11.53
98665,2023,4.9,11.18
98671,2023,5.72,12.46
98672,2023,9.24,14.7
98674,2023,2.75,10.52
98675,2023,1.44,11.34
98682,2023,-0.58,10.41
98683,2023,2.72,11.93
98684,2023,2.3,10.98
98685,2023,1.17,10.95
98686,2023,1.82,11.37
98801,2023,3.81,11.93
98802,2023,4.21,10.45
98812,2021,18.8,5.88
98815,2023,-0.63,12.43
98816,2023,7.63,15.49
98822,2023,-19.86,5.41
98823,2023,9.01,15.92
98826,2023,5.28,14.11
98828,2023,24.48,23.42
98831,2022,30.22,15.85
98837,2023,7.84,14.66
98840,2023,12.72,15.17
98841,2023,0.47,11.96
98843,2021,17.33,0.2
98844,2023,35.44,16.81
98846,2022,26.93,18.83
98847,2023,-7.88,7.93
98848,2023,7.7,13.71
98851,2023,-0.14,11.54
98855,2023,-2.21,12.37
98856,2023,15.19,16.38
98857,2022,29.36,23.98
98858,2023,8.75,8.84
98862,2022,27.99,17.12
98901,2023,0.21,9.33
98902,2023,5.93,11.05
98903,2023,1.0,9.46
98908,2023,1.38,9.13
98922,2023,5.48,13.96
98923,2022,32.77,11.61
98926,2023,0.59,11.61
98930,2023,4.09,12.24
98932,2022,10.28,7.01
98934,2023,6.94,11.89
98935,2022,9.64,5.29
98936,2023,4.96,11.39
98937,2023,6.21,8.92
98940,2021,29.77,13.95
98941,2023,-2.77,10.74
98942,2023,7.9,11.03
98943,2022,4.29,10.42
98944,2023,2.08,10.15
98947,2022,13.68,15.33
98948,2023,2.48,10.71
98951,2023,4.28,12.78
98953,2023,12.43,11.95
99001,2023,0.49,12.83
99003,2023,0.5,11.06
99004,2023,-1.86,12.22
99005,2023,4.74,13.46
99006,2023,-4.05,12.41
99009,2023,7.17,17.69
99012,2022,14.93,16.0
99016,2023,3.73,12.92
99019,2023,8.13,13.28
99021,2023,7.18,13.76
99022,2023,-3.4,11.88
99023,2022,7.04,11.1
99025,2023,-11.12,10.6
99026,2023,5.58,14.13
99027,2023,9.11,14.76
99029,2022,30.12,18.5
99030,2022,19.56,13.5
99031,2022,5.47,11.58
99036,2023,-2.6,10.86
99037,2023,-1.45,12.47
99101,2023,4.95,12.82
99109,2023,11.88,17.79
99110,2022,19.41,19.09
99111,2023,9.18,12.37
99113,2021,9.2,4.54
99114,2023,1.19,11.94
99119,2022,37.78,20.81
99122,2023,0.95,17.24
99123,2023,-2.06,13.07
99141,2023,-0.58,12.66
99148,2023,-13.15,14.17
99156,2023,6.15,14.74
99159,2023,24.02,22.9
99161,2023,1.7,13.33
99163,2023,6.04,11.8
99166,2022,-6.61,8.49
99169,2023,-23.47,15.77
99171,2023,-12.99,-2.93
99181,2022,46.99,17.1
99201,2023,1.66,14.04
99202,2023,3.96,14.79
99203,2023,0.55,12.09
99204,2023,1.03,11.64
99205,2023,0.06,13.22
99206,2023,-1.79,12.61
99207,2023,1.72,14.46
99208,2023,-0.54,13.29
99212,2023,4.19,14.46
99216,2023,5.43,14.04
99217,2023,3.25,15.52
99218,2023,7.87,15.03
99223,2023,-1.11,12.36
99224,2023,-1.86,11.94
99301,2023,1.59,11.56
99320,2023,5.76,12.26
99323,2023,-4.27,10.38
99324,2023,2.98,12.76
99326,2023,18.52,18.95
99328,2023,3.68,13.39
99336,2023,4.43,11.78
99337,2023,-3.35,10.47
99338,2023,4.85,12.34
99344,2023,16.23,16.05
99347,2023,-12.04,14.22
99350,2023,5.35,11.44
99352,2023,2.83,11.54
99353,2023,-0.99,10.23
99354,2023,4.41,12.22
99360,2022,18.34,12.87
99361,2023,10.34,15.1
99362,2023,1.1,12.85
99402,2022,11.47,9.09
99403,2023,2.02,12.24
99501,2022,3.16,1.6
99502,2023,4.38,5.65
99503,2022,11.93,5.76
99504,2023,6.92,7.04
99507,2023,6.89,7.17
99508,2023,7.29,6.98
99515,2023,2.8,6.33
99516,2023,2.65,6.04
99517,2023,4.52,6.68
99518,2023,0.98,5.03
99556,2023,4.33,10.03
99567,2023,6.36,7.1
99577,2023,2.68,7.15
99603,2023,19.16,14.52
99610,2021,6.34,0.02
99611,2023,9.94,9.99
99615,2023,16.65,12.16
99623,2023,10.16,10.79
99645,2023,9.92,11.61
99654,2023,3.39,9.5
99664,2023,-4.93,10.42
99669,2023,8.39,12.09
99672,2023,2.15,13.31
99701,2023,0.04,4.93
99705,2023,4.94,8.2
99709,2023,7.93,8.24
99712,2023,4.43,7.24
99801,2023,6.72,8.77
99824,2022,1.04,1.96
99835,2023,35.16,16.18
99901,2023,3.74,7.46
