rank,tier,zip,state,owner,units,listings,fhfa_a1
1,A,77494,TX,30247,44520,606,9.95
2,A,78660,TX,29818,44399,474,-4.2
3,A,32162,FL,29376,37824,253,-5.03
4,A,77449,TX,27716,40773,445,56.96
5,A,77573,TX,27212,37188,344,3.2
6,A,77433,TX,26802,34420,723,2.91
7,A,77429,TX,26477,33137,355,0.61
8,A,78641,TX,25515,33118,608,-0.48
9,A,63376,MO,24584,30718,92,4.4
10,A,77479,TX,24564,30680,377,10.33
11,A,78130,TX,24486,40810,788,-3.41
12,A,79936,TX,24113,36825,100,3.83
13,A,27587,NC,23666,30571,453,1.82
14,A,85142,AZ,23654,27701,351,2.25
15,A,10314,NY,23446,33554,166,7.34
16,A,95747,CA,23263,29457,258,0.65
17,A,79938,TX,23251,29818,487,-0.12
18,A,73099,OK,23122,32654,570,1.27
19,A,92336,CA,22981,28489,174,2.04
20,A,77584,TX,22936,32579,232,8.03
21,A,34953,FL,22833,28131,437,-1.01
22,A,77459,TX,22743,28071,589,-10.5
23,A,80134,CO,22566,28663,440,4.33
24,A,30040,GA,22487,27642,386,7.75
25,A,85383,AZ,22371,25570,384,1.91
26,A,30024,GA,22278,29306,356,2.49
27,A,30041,GA,22091,27027,446,-0.9
28,A,78245,TX,22029,32219,531,-2.29
29,A,34787,FL,22017,33141,655,-2.44
30,A,46307,IN,22010,26081,277,2.07
31,A,78613,TX,21791,34198,246,-3.75
32,A,77084,TX,21733,39087,325,29.85
33,A,77379,TX,21654,30004,415,-5.52
34,A,11234,NY,21652,35167,201,5.77
35,A,33411,FL,21544,30063,411,1.92
36,A,08831,NJ,21380,24898,259,5.09
37,A,75035,TX,21312,29198,394,-0.96
38,A,77346,TX,21307,26650,368,11.14
39,A,44060,OH,21163,27276,100,3.08
40,A,83646,ID,21137,26829,254,-1.34
41,A,29072,SC,21092,26951,311,4.0
42,A,79928,TX,20962,24841,806,2.01
43,A,44256,OH,20962,26740,113,8.09
44,A,60629,IL,20957,36283,40,4.02
45,A,30052,GA,20897,26768,426,-0.11
46,A,66062,KS,20870,29350,236,2.09
47,A,87120,NM,20823,27432,138,0.4
48,A,37013,TN,20745,41112,282,1.19
49,A,30127,GA,20726,25289,301,5.65
50,A,02360,MA,20596,28598,193,4.0
51,A,34293,FL,20526,28344,450,-8.07
52,A,78254,TX,20514,25493,451,-3.45
53,A,30188,GA,20509,26759,312,1.99
54,A,37075,TN,20505,29600,392,1.54
55,A,76028,TX,20468,27928,278,-1.07
56,A,30043,GA,20446,30251,309,3.04
57,A,80015,CO,20410,25482,207,-3.4
58,A,29681,SC,20405,25079,275,2.79
59,A,60634,IL,20399,29344,59,7.21
60,A,08753,NJ,20316,27900,215,4.22
61,A,75052,TX,20277,33386,135,-3.67
62,A,95630,CA,20183,30106,156,1.63
63,A,22193,VA,19824,25121,110,3.58
64,A,45011,OH,19774,28470,106,6.5
65,A,76179,TX,19766,26227,402,-0.69
66,A,23464,VA,19710,29267,117,3.3
67,A,80013,CO,19706,26692,178,0.89
68,A,30044,GA,19633,32206,235,2.32
69,A,32259,FL,19601,23235,340,0.96
70,A,37042,TN,19587,35433,612,1.18
71,A,92592,CA,19580,25878,221,-1.61
72,A,43123,OH,19556,27876,148,3.62
73,A,28269,NC,19521,33124,277,1.22
74,A,23322,VA,19431,22386,227,4.45
75,A,34711,FL,19409,28127,350,4.45
76,A,32174,FL,19386,26303,396,3.14
77,A,97229,OR,19314,28312,350,0.68
78,A,87121,NM,19295,26118,56,3.67
79,A,76063,TX,19273,28105,229,1.28
80,A,75126,TX,19249,24316,743,2.66
81,A,37122,TN,19247,25608,406,-1.37
82,A,77407,TX,19218,25284,355,18.54
83,A,55044,MN,19209,22519,292,1.05
84,A,78572,TX,19167,32696,336,10.12
85,A,28078,NC,19057,27659,301,3.83
86,A,30062,GA,19023,24178,205,2.29
87,A,37064,TN,18916,25302,478,3.28
88,A,30004,GA,18877,25485,313,7.56
89,A,87114,NM,18755,28038,121,1.58
90,A,37027,TN,18746,23745,372,8.43
91,A,80016,CO,18745,24227,271,-3.88
92,A,93065,CA,18687,26260,153,1.86
93,A,38401,TN,18640,28470,493,3.6
94,A,99301,WA,18482,27700,263,0.87
95,A,85308,AZ,18461,26540,188,2.22
96,A,77406,TX,18447,22096,534,26.32
97,A,11746,NY,18416,22528,112,7.82
98,A,77845,TX,18404,31464,494,-0.49
99,A,60618,IL,18361,41053,38,6.36
100,A,75068,TX,18275,23499,456,-3.1
101,A,90650,CA,18256,27346,56,2.96
102,A,23456,VA,18229,22071,173,7.12
103,A,75002,TX,18226,24174,228,-1.36
104,A,94565,CA,18214,31173,114,-0.55
105,A,28027,NC,18202,31450,230,-0.15
106,A,66061,KS,18153,24744,201,3.71
107,A,98012,WA,18111,28174,237,0.17
108,A,30349,GA,18077,34176,286,4.62
109,A,91709,CA,18059,26282,134,2.43
110,A,37128,TN,18043,29190,357,-2.18
111,A,80504,CO,18037,23359,236,-1.75
112,A,15601,PA,18020,25978,96,4.81
113,A,77095,TX,17998,26429,226,6.81
114,A,94513,CA,17964,22546,167,-1.8
115,A,77469,TX,17947,22854,436,5.02
116,A,60453,IL,17940,23115,143,4.67
117,A,89031,NV,17901,25182,220,-0.24
118,A,95648,CA,17861,22095,219,1.43
119,A,28173,NC,17849,20801,311,4.74
120,A,83709,ID,17839,22262,113,0.74
121,A,08527,NJ,17789,21755,257,8.13
122,A,21234,MD,17770,29575,116,0.35
123,A,80634,CO,17754,25802,263,-0.05
124,A,30022,GA,17719,24330,214,6.26
125,A,32137,FL,17680,24717,649,-2.89
126,A,48044,MI,17671,20031,82,3.84
127,A,77386,TX,17668,22778,357,-0.15
128,A,38654,MS,17668,21437,273,2.71
129,A,45140,OH,17667,22684,82,5.21
130,A,84043,UT,17621,23408,123,2.21
131,A,77450,TX,17615,26259,235,-2.47
132,A,30075,GA,17602,22190,192,-1.67
133,A,11758,NY,17588,19297,79,7.75
134,A,63021,MO,17541,22982,93,3.63
135,A,87124,NM,17530,23027,182,1.82
136,A,78640,TX,17519,25236,432,-4.88
137,A,27526,NC,17503,22612,421,0.64
138,A,30135,GA,17441,23823,344,-3.03
139,A,35242,AL,17353,25247,198,6.29
140,A,28277,NC,17340,30100,265,0.34
141,A,59901,MT,17255,25154,378,3.04
142,A,29732,SC,17255,24926,233,2.74
143,A,44077,OH,17250,24928,80,5.18
144,A,76244,TX,17244,26098,194,1.22
145,A,43026,OH,17238,25671,101,2.95
146,A,77375,TX,17236,25452,352,10.57
147,A,78253,TX,17216,24095,659,15.57
148,A,11375,NY,17214,35415,304,4.99
149,A,30066,GA,17197,23632,211,3.49
150,A,92563,CA,17155,24020,182,2.22
151,A,78542,TX,17136,25198,367,4.47
152,A,98391,WA,17110,20573,311,3.67
153,A,17331,PA,17093,23528,137,6.11
154,A,75071,TX,17086,23861,527,-2.35
155,A,91342,CA,17073,26403,115,3.33
156,A,29483,SC,17045,23133,342,3.11
157,A,22407,VA,17042,23305,173,0.62
158,A,32940,FL,17027,21433,270,6.43
159,A,14580,NY,17016,24355,56,7.87
160,A,60617,IL,16997,35031,98,5.95
161,A,27284,NC,16995,25168,178,2.57
162,A,84404,UT,16979,23907,225,3.26
163,A,20772,MD,16951,19658,159,2.93
164,A,92677,CA,16949,27527,162,8.1
165,A,23112,VA,16944,21511,149,3.05
166,A,92345,CA,16940,27247,166,3.19
167,A,85338,AZ,16935,23748,315,3.76
168,A,44035,OH,16935,29637,95,3.51
169,A,20147,VA,16899,25474,112,-9.01
170,A,20878,MD,16875,25297,138,3.4
171,A,79912,TX,16851,33856,139,3.54
172,A,60638,IL,16837,21636,59,4.86
173,A,85032,AZ,16830,30386,189,0.77
174,A,84015,UT,16822,23058,164,-0.43
175,A,11236,NY,16816,37002,59,9.56
176,A,30281,GA,16811,29546,271,-2.07
177,A,29651,SC,16801,21738,254,2.88
178,A,30101,GA,16790,21788,316,-1.54
179,A,87111,NM,16784,28192,112,2.84
180,A,84096,UT,16774,21168,394,1.16
181,A,85225,AZ,16764,28930,111,2.18
182,A,27610,NC,16740,29245,280,-0.51
183,A,17603,PA,16732,28142,96,4.06
184,A,45040,OH,16725,21977,109,4.43
185,A,63129,MO,16698,21945,90,0.5
186,A,30016,GA,16686,21223,230,-0.7
187,A,63366,MO,16678,21204,76,4.85
188,A,19120,PA,16659,25730,109,4.7
189,A,85326,AZ,16656,22417,328,3.05
190,A,73013,OK,16641,22971,280,4.36
191,A,19067,PA,16606,21792,67,5.28
192,A,74012,OK,16598,26069,145,1.07
193,A,30047,GA,16581,22691,200,-2.87
194,A,27703,NC,16545,27122,374,4.26
195,A,77373,TX,16527,23619,358,17.08
196,A,43130,OH,16501,26434,103,5.21
197,A,70726,LA,16491,24925,251,2.26
198,A,15642,PA,16478,20299,77,7.11
199,A,94558,CA,16477,27402,252,-1.52
200,A,45069,OH,16452,21727,89,4.07
201,A,34221,FL,16441,24812,317,-19.94
202,A,34135,FL,16417,30904,453,-8.42
203,A,98682,WA,16411,24288,204,1.51
204,A,27519,NC,16406,24758,179,5.71
205,A,75098,TX,16403,22080,289,-3.58
206,A,85364,AZ,16356,31867,139,3.22
207,A,60016,IL,16331,25613,78,4.59
208,A,78521,TX,16312,29576,145,0.71
209,A,92503,CA,16302,25802,95,2.55
210,A,32068,FL,16291,21830,240,2.28
211,A,75056,TX,16283,28102,225,-1.28
212,A,32218,FL,16269,27895,256,-0.73
213,A,65203,MO,16254,27157,184,5.43
214,A,23320,VA,16234,26131,163,3.25
215,A,85365,AZ,16230,26353,225,-0.91
216,A,39110,MS,16205,18305,264,3.01
217,A,33186,FL,16201,24397,168,1.72
218,A,93722,CA,16187,27615,122,2.32
219,A,96706,HI,16185,24305,222,5.74
220,A,33647,FL,16182,27960,282,5.92
221,A,63123,MO,16175,23208,76,3.45
222,A,20148,VA,16169,20413,137,11.23
223,A,32164,FL,16137,22902,411,-2.54
224,A,92223,CA,16107,20579,170,3.52
225,A,19446,PA,16096,24983,75,7.57
226,A,28655,NC,16094,24542,183,2.53
227,A,20744,MD,16080,21014,101,5.09
228,A,92646,CA,16066,22195,80,5.1
229,A,55304,MN,16047,17318,170,2.17
230,A,78045,TX,16031,21669,180,3.97
231,A,48103,MI,16029,25511,152,3.61
232,A,34997,FL,15996,22192,257,-1.68
233,A,48439,MI,15995,22101,125,5.08
234,A,06010,CT,15994,26726,74,6.73
235,A,22554,VA,15968,20861,199,6.11
236,A,32163,FL,15957,20061,122,-3.92
237,A,32828,FL,15937,25728,180,-12.99
238,A,38017,TN,15928,20850,329,-2.31
239,A,83642,ID,15905,22700,218,3.99
240,A,37066,TN,15903,25939,502,3.29
241,A,93536,CA,15898,24407,268,-1.1
242,A,33024,FL,15896,26552,220,-1.39
243,A,19335,PA,15893,20276,81,5.08
244,A,32765,FL,15884,23389,168,-2.71
245,A,20774,MD,15881,21747,150,2.29
246,A,29720,SC,15837,22106,304,0.82
247,A,29485,SC,15835,23382,310,7.01
248,A,46143,IN,15833,23417,220,4.81
249,A,92630,CA,15833,24390,163,1.14
250,A,29073,SC,15820,20239,166,1.6
251,A,73160,OK,15682,25055,166,3.39
252,A,94112,CA,15681,24530,24,3.68
253,A,55124,MN,15662,21894,166,1.45
254,A,60632,IL,15658,28860,26,5.19
255,A,22192,VA,15656,21290,100,-0.69
256,A,33458,FL,15636,23121,185,1.11
257,A,97045,OR,15632,21702,179,0.85
258,A,60004,IL,15629,21181,65,4.86
259,A,97702,OR,15620,23318,432,-0.86
260,A,60614,IL,15614,38089,81,4.01
261,A,76227,TX,15598,20970,679,0.19
262,A,60073,IL,15584,20864,66,10.11
263,A,08757,NJ,15583,19302,289,9.6
264,A,95624,CA,15580,20740,83,-0.2
265,A,29464,SC,15565,26829,219,5.22
266,A,95758,CA,15565,22755,84,-1.76
267,A,28215,NC,15558,25350,271,0.73
268,A,27410,NC,15543,26279,167,2.72
269,A,45424,OH,15533,21557,88,5.19
270,A,93727,CA,15529,25919,121,4.12
271,A,19720,DE,15523,24262,58,3.18
272,A,14094,NY,15519,23283,87,5.09
273,A,34748,FL,15518,25740,358,3.32
274,A,33437,FL,15518,21809,328,34.51
275,A,94568,CA,15504,24737,154,-8.4
276,A,19124,PA,15500,27014,146,15.55
277,A,63303,MO,15498,21448,82,5.43
278,A,91710,CA,15489,23911,71,2.16
279,A,60056,IL,15477,23202,58,8.19
280,A,83301,ID,15457,24466,288,1.43
281,A,43015,OH,15454,23287,161,5.76
282,A,29445,SC,15451,23194,175,4.07
283,A,92880,CA,15444,20743,74,2.27
284,A,30064,GA,15425,19076,216,6.92
285,A,40475,KY,15404,28118,199,4.22
286,A,89052,NV,15384,26456,327,-9.07
287,A,41042,KY,15368,23640,71,1.21
288,A,37129,TN,15363,24548,286,-1.08
289,A,43055,OH,15304,27046,107,4.73
290,A,29588,SC,15268,22223,375,4.26
291,A,33322,FL,15263,21024,412,1.55
292,A,95687,CA,15249,24283,98,0.34
293,A,19709,DE,15232,17819,186,-1.94
294,A,70737,LA,15229,20720,210,3.76
295,A,87144,NM,15223,18261,231,1.36
296,A,99208,WA,15213,24273,209,3.77
297,A,45840,OH,15199,25396,88,3.76
298,A,30263,GA,15185,23792,304,1.24
299,A,78681,TX,15181,20817,193,-0.92
300,A,83686,ID,15149,20283,193,3.56
301,A,92071,CA,15137,21732,79,1.35
302,A,27529,NC,15127,22089,183,-2.36
303,A,30115,GA,15105,19016,304,-0.98
304,A,32034,FL,15085,21768,491,-1.53
305,A,98208,WA,15069,22534,98,-0.77
306,A,92562,CA,15054,22362,225,0.77
307,A,19380,PA,15054,21490,54,6.38
308,A,37211,TN,15051,34650,322,1.24
309,A,29579,SC,15048,24320,604,-10.78
310,A,63385,MO,15047,17997,227,4.14
311,A,55901,MN,15046,24852,186,2.97
312,A,28227,NC,15041,23179,201,-0.34
313,A,60657,IL,15040,42246,79,18.15
314,A,28451,NC,15019,19672,399,2.07
315,A,85249,AZ,15010,17489,155,3.95
316,A,45601,OH,14977,23358,76,3.08
317,A,55303,MN,14973,20317,140,2.22
318,A,23454,VA,14955,24253,107,3.72
319,A,19382,PA,14955,21798,65,4.78
320,A,85345,AZ,14948,24273,115,2.05
321,A,45013,OH,14937,21734,95,2.77
322,A,79424,TX,14920,22800,263,0.71
323,A,33414,FL,14901,23111,383,-3.38
324,A,77493,TX,14899,20552,937,1.97
325,A,60630,IL,14893,23393,36,5.83
326,A,23462,VA,14876,29729,125,4.95
327,A,78665,TX,14875,24678,267,3.48
328,A,20854,MD,14875,17119,104,3.74
329,A,33436,FL,14874,23744,243,-5.51
330,A,27713,NC,14871,26266,168,-4.54
331,A,60402,IL,14828,25111,66,7.11
332,A,07083,NJ,14825,20792,70,7.97
333,A,85351,AZ,14824,20414,333,-8.5
334,A,32092,FL,14821,18403,398,7.29
335,A,75115,TX,14820,22054,140,0.32
336,A,77083,TX,14815,23872,162,13.7
337,A,63301,MO,14813,22687,96,3.96
338,A,43230,OH,14811,26170,69,3.57
339,A,33810,FL,14804,21836,208,2.94
340,A,33463,FL,14793,22696,237,-7.61
341,A,37043,TN,14770,22221,530,4.57
342,A,89129,NV,14761,21941,247,3.2
343,A,33064,FL,14758,26641,384,1.0
344,A,93535,CA,14753,23917,171,1.49
345,A,60647,IL,14729,41975,53,3.48
346,A,32225,FL,14726,23289,140,0.12
347,A,80538,CO,14724,21923,226,0.06
348,A,34655,FL,14712,20444,232,-1.28
349,A,32210,FL,14708,29198,236,-0.71
350,A,70769,LA,14705,17557,180,4.01
351,A,08054,NJ,14695,19966,128,6.82
352,A,07470,NJ,14691,19396,95,7.21
353,A,84074,UT,14688,18128,223,0.01
354,A,47130,IN,14686,22602,240,-0.46
355,A,78155,TX,14674,21791,446,-1.1
356,A,19320,PA,14669,21199,69,5.75
357,A,43065,OH,14659,17468,125,0.98
358,A,40601,KY,14649,24224,126,1.34
359,A,29910,SC,14648,21169,374,0.74
360,A,92584,CA,14648,18480,186,2.85
361,A,60010,IL,14643,17621,126,8.39
362,A,30157,GA,14640,18804,300,0.98
363,A,60148,IL,14618,21744,81,8.34
364,A,95123,CA,14617,25023,86,-1.78
365,A,43701,OH,14615,25785,127,7.65
366,A,48197,MI,14606,28649,79,4.37
367,A,93063,CA,14581,20220,110,0.52
368,A,80127,CO,14578,17507,132,0.33
369,A,30809,GA,14564,18920,280,-0.03
370,A,08081,NJ,14563,18361,130,5.46
371,A,08873,NJ,14562,22142,97,4.78
372,A,44130,OH,14561,23819,57,5.9
373,A,78046,TX,14558,19601,220,-0.83
374,A,95762,CA,14548,17285,216,0.08
375,A,28025,NC,14542,23759,186,3.67
376,A,92683,CA,14541,29075,52,3.66
377,A,78745,TX,14533,31246,286,-1.81
378,A,22191,VA,14524,26127,133,0.19
379,A,15301,PA,14521,24001,111,0.65
380,A,78247,TX,14487,19904,199,1.79
381,A,85710,AZ,14483,28463,142,2.98
382,A,27265,NC,14477,22526,149,0.97
383,A,28601,NC,14475,23400,221,2.62
384,A,91331,CA,14475,23926,63,0.94
385,A,70301,LA,14470,20993,164,2.21
386,A,11706,NY,14458,21435,75,6.11
387,A,33433,FL,14456,23056,303,-2.55
388,A,85374,AZ,14438,21982,199,-0.11
389,A,85122,AZ,14429,24238,258,-0.7
390,A,32725,FL,14429,19177,185,-1.22
391,A,94536,CA,14418,26338,80,-7.89
392,A,23185,VA,14416,22879,187,6.12
393,A,92509,CA,14406,20929,71,2.25
394,A,78250,TX,14387,20503,152,2.87
395,A,93312,CA,14378,19089,96,0.14
396,A,80525,CO,14363,25144,175,-1.19
397,A,37087,TN,14362,21800,334,4.13
398,A,23452,VA,14346,23455,95,6.67
399,A,63304,MO,14346,16665,82,4.54
400,A,33908,FL,14336,32067,670,-12.46
401,A,80022,CO,14331,19929,270,-5.49
402,A,75072,TX,14316,18618,235,5.29
403,A,59102,MT,14311,22706,121,0.42
404,A,19111,PA,14306,27518,87,1.98
405,A,75028,TX,14289,18189,129,-0.96
406,A,93619,CA,14287,17019,169,1.17
407,A,07726,NJ,14279,16822,94,2.43
408,A,27406,NC,14276,28080,111,5.26
409,A,32907,FL,14269,17761,290,-2.52
410,A,77546,TX,14266,19600,203,-0.79
411,A,48843,MI,14255,19001,116,6.78
412,A,14450,NY,14255,19054,31,8.37
413,A,33418,FL,14244,21573,343,-0.35
414,A,15317,PA,14235,18803,106,4.67
415,A,29730,SC,14232,26209,210,0.78
416,A,60014,IL,14228,18135,69,4.64
417,A,94587,CA,14215,21923,54,7.21
418,A,85375,AZ,14209,19340,196,-4.6
419,A,08234,NJ,14197,17728,127,4.7
420,A,15237,PA,14189,19332,66,3.04
421,A,21222,MD,14188,24054,116,-1.04
422,A,78109,TX,14183,19279,516,0.43
423,A,34609,FL,14169,18426,270,-0.68
424,A,28110,NC,14168,20236,207,3.27
425,A,37174,TN,14165,19631,357,0.62
426,A,89131,NV,14165,18463,199,-1.23
427,A,29486,SC,14164,19452,456,-2.39
428,A,85205,AZ,14150,23473,108,-0.14
429,A,10306,NY,14143,21299,120,4.98
430,A,29466,SC,14138,18125,203,8.43
431,A,30114,GA,14128,22259,313,4.54
432,A,87105,NM,14127,20263,51,-1.09
433,A,27615,NC,14125,20681,143,0.64
434,A,78748,TX,14124,25694,174,-4.07
435,A,89148,NV,14115,25232,265,1.11
436,A,85248,AZ,14097,20013,176,-12.09
437,A,32708,FL,14089,20348,132,2.2
438,A,93306,CA,14081,23789,165,5.68
439,A,75217,TX,14078,25534,114,1.85
440,A,34744,FL,14072,22800,286,-4.85
441,A,77521,TX,14067,25131,252,-6.48
442,A,53711,WI,14066,23500,94,5.5
443,A,85254,AZ,14056,21469,220,4.82
444,A,39503,MS,14048,22533,231,4.14
445,A,75040,TX,14036,21629,146,-1.16
446,A,43068,OH,14023,25294,89,4.29
447,A,34983,FL,14018,17799,215,1.08
448,A,44212,OH,14017,19101,46,6.91
449,A,14224,NY,14017,19286,43,6.79
450,A,29576,SC,13991,22097,447,-4.49
451,A,32712,FL,13977,17601,258,3.48
452,A,33319,FL,13951,25046,629,-6.02
453,A,19148,PA,13951,22944,174,2.45
454,A,90631,CA,13939,23390,81,5.5
455,A,11743,NY,13931,16138,96,4.36
456,A,32703,FL,13929,22033,160,-1.61
457,A,19403,PA,13925,19720,46,3.92
458,A,97206,OR,13916,22348,134,1.62
459,A,29229,SC,13913,20939,202,9.82
460,A,38305,TN,13910,22950,258,0.03
461,A,98042,WA,13908,17365,144,0.94
462,A,75154,TX,13903,17170,180,0.24
463,A,80020,CO,13901,21607,145,1.42
464,A,37343,TN,13885,19031,180,0.15
465,A,98115,WA,13883,24966,151,2.18
466,A,08053,NJ,13877,20090,93,8.3
467,A,30506,GA,13875,18876,339,4.21
468,A,29526,SC,13874,20301,460,2.29
469,A,33578,FL,13870,25850,289,-4.95
470,A,23188,VA,13834,20194,203,4.42
471,A,30518,GA,13833,19435,345,-1.76
472,A,14120,NY,13821,20367,41,8.18
473,A,75007,TX,13815,21347,155,-0.93
474,A,30252,GA,13808,16400,337,4.19
475,A,92154,CA,13803,23832,74,-0.52
476,A,98258,WA,13802,18397,179,3.15
477,A,63368,MO,13799,17315,119,8.73
478,A,60462,IL,13782,17335,68,3.03
479,A,71913,AR,13773,25441,587,3.73
480,A,08724,NJ,13765,17799,114,3.33
481,A,96797,HI,13756,21327,66,5.3
482,A,85041,AZ,13753,19729,115,-5.72
483,A,36695,AL,13751,21269,178,2.37
484,A,21740,MD,13750,27002,185,1.66
485,A,14150,NY,13743,20152,39,7.69
486,A,85140,AZ,13742,17349,283,2.92
487,A,92886,CA,13740,17624,98,3.16
488,A,63122,MO,13738,17763,80,2.89
489,A,84790,UT,13735,20956,450,0.68
490,A,60564,IL,13731,16166,82,3.55
491,A,94553,CA,13730,19626,78,-1.19
492,A,32771,FL,13714,24062,261,-4.27
493,A,33023,FL,13705,22450,143,3.07
494,A,37167,TN,13703,23694,258,0.42
495,A,35758,AL,13700,20322,194,2.11
496,A,60047,IL,13699,15877,78,6.64
497,A,96744,HI,13697,18695,106,5.62
498,A,46350,IN,13694,19576,110,6.27
499,A,32246,FL,13687,26083,146,7.34
500,A,42701,KY,13686,23565,246,3.39
501,A,30132,GA,13683,18016,331,-3.34
502,A,97405,OR,13683,20395,144,0.47
503,A,28645,NC,13682,21558,188,2.32
504,A,31088,GA,13681,24167,142,4.47
505,A,30736,GA,13676,17327,184,1.99
506,A,27502,NC,13673,17607,171,2.8
507,A,60804,IL,13667,26738,27,2.25
508,A,94509,CA,13666,24048,91,-2.76
509,A,63017,MO,13663,18726,97,4.22
510,A,01844,MA,13663,19496,54,6.93
511,A,89123,NV,13658,25246,233,2.08
512,A,48066,MI,13653,22116,104,2.43
513,A,78577,TX,13644,26568,227,1.13
514,A,48170,MI,13637,18184,83,7.01
515,A,67401,KS,13626,22434,90,4.46
516,A,40324,KY,13612,20570,139,3.14
517,A,77581,TX,13610,18285,133,2.17
518,A,36117,AL,13607,24181,222,4.73
519,A,46037,IN,13602,17334,118,11.46
520,A,55330,MN,13593,16796,139,1.94
521,A,23434,VA,13590,21764,253,5.0
522,A,32244,FL,13580,26250,204,0.52
523,A,78574,TX,13565,18309,203,3.54
524,A,37040,TN,13560,24628,421,3.75
525,A,32159,FL,13557,19670,190,-0.77
526,A,46074,IN,13553,17118,196,6.63
527,A,78610,TX,13537,17271,263,-3.57
528,A,19143,PA,13535,31391,227,6.9
529,A,46385,IN,13530,16071,166,4.63
530,A,63026,MO,13530,18051,48,4.3
531,A,94533,CA,13519,25539,123,-0.28
532,A,87507,NM,13518,21272,141,1.58
533,A,85086,AZ,13507,17213,204,0.41
534,A,29803,SC,13499,17920,282,11.18
535,A,93230,CA,13489,23149,122,4.54
536,A,37421,TN,13464,23978,309,2.02
537,A,48188,MI,13453,16885,90,6.32
538,A,27520,NC,13449,18540,215,3.52
539,A,80550,CO,13448,17140,283,0.05
540,A,36535,AL,13446,18755,312,4.82
541,A,30519,GA,13445,18734,334,2.65
542,A,83854,ID,13445,20440,155,1.19
543,A,08816,NJ,13443,17242,115,5.64
544,A,30058,GA,13434,23671,288,1.1
545,A,19701,DE,13430,17368,49,3.33
546,A,73170,OK,13428,16658,178,-0.44
547,A,95608,CA,13422,27312,129,1.81
548,A,48154,MI,13409,15330,36,5.19
549,A,31907,GA,13408,25710,143,3.02
550,A,78504,TX,13405,21417,402,2.82
551,A,60643,IL,13392,19541,83,2.36
552,A,60641,IL,13389,27377,39,4.07
553,A,75149,TX,13388,21058,167,-2.48
554,A,33175,FL,13385,17787,121,4.66
555,A,85212,AZ,13378,16576,230,-4.98
556,A,92129,CA,13360,18993,62,-1.48
557,A,92024,CA,13356,21566,104,-13.08
558,A,32738,FL,13353,16965,141,1.04
559,A,60586,IL,13352,14536,75,4.09
560,A,80126,CO,13351,16304,136,1.3
561,A,39047,MS,13350,16706,182,3.7
562,A,85204,AZ,13348,24536,60,-0.39
563,A,32825,FL,13345,22360,114,-1.91
564,A,91910,CA,13337,28432,51,2.09
565,A,43147,OH,13332,16267,120,4.3
566,A,55125,MN,13332,17682,100,0.89
567,A,30144,GA,13331,22843,192,0.06
568,A,52302,IA,13326,18153,106,2.81
569,A,93274,CA,13323,24493,97,5.22
570,A,37221,TN,13316,20323,232,5.84
571,A,84065,UT,13314,15734,128,3.25
572,A,60062,IL,13312,17892,76,7.2
573,A,48183,MI,13312,18095,63,6.05
574,A,92126,CA,13300,26146,74,-4.56
575,A,79924,TX,13299,23009,84,3.23
576,A,92128,CA,13297,21308,156,-18.72
577,A,33025,FL,13296,30260,305,9.28
578,A,22003,VA,13289,19497,85,1.16
579,A,79705,TX,13288,20021,206,3.22
580,A,74055,OK,13280,19539,202,2.56
581,A,85138,AZ,13272,18215,374,33.59
582,A,19020,PA,13271,23471,54,1.68
583,A,68516,NE,13270,19549,201,4.07
584,A,34746,FL,13269,25533,803,6.17
585,A,75043,TX,13262,23439,180,-1.09
586,A,98223,WA,13262,18224,120,4.22
587,A,89436,NV,13259,18819,164,0.35
588,A,92399,CA,13255,19382,109,2.64
589,A,30253,GA,13253,22889,321,1.61
590,A,29621,SC,13240,18960,274,5.17
591,A,49341,MI,13240,15070,87,5.02
592,A,94591,CA,13227,20543,102,-2.66
593,A,76131,TX,13216,18145,213,-2.03
594,A,32526,FL,13201,18478,210,0.61
595,A,80229,CO,13200,20130,139,-1.23
596,A,76137,TX,13191,24118,124,-1.91
597,A,44646,OH,13190,20817,58,4.44
598,A,27603,NC,13181,24030,216,-1.63
599,A,17112,PA,13177,16026,67,0.48
600,A,27360,NC,13165,20987,132,1.78
601,A,93257,CA,13165,25020,99,3.31
602,A,85209,AZ,13163,21921,105,-7.78
603,A,17543,PA,13157,18762,35,8.09
604,A,27613,NC,13154,20099,107,2.39
605,A,30039,GA,13152,16463,179,2.68
606,A,91911,CA,13146,27533,56,3.35
607,A,49423,MI,13137,19019,71,4.29
608,A,77396,TX,13127,20532,140,3.83
609,A,08844,NJ,13127,16168,107,4.71
610,A,93551,CA,13115,17940,201,-1.9
611,A,34120,FL,13107,17778,523,-2.58
612,A,92056,CA,13107,20514,86,-1.1
613,A,29687,SC,13103,18606,172,2.79
614,A,11756,NY,13093,14169,84,7.68
615,A,34668,FL,13092,23883,318,-0.43
616,A,29707,SC,13091,15156,246,2.96
617,A,30680,GA,13090,17680,299,3.51
618,A,92376,CA,13084,22716,68,0.65
619,A,60089,IL,13081,16551,67,5.93
620,A,60440,IL,13063,17750,52,5.88
621,A,32566,FL,13061,17893,337,-1.13
622,A,75189,TX,13056,15331,405,0.84
623,A,78108,TX,13055,16215,343,8.51
624,A,92692,CA,13055,18005,105,5.92
625,A,18974,PA,13043,17970,72,4.12
626,A,02155,MA,13038,25893,90,4.7
627,A,74014,OK,13036,15500,218,1.07
628,A,94550,CA,13035,18390,77,-4.03
629,A,29223,SC,13026,24142,186,-1.45
630,A,27540,NC,13025,16400,156,5.37
631,A,21117,MD,13020,26001,99,4.16
632,A,95355,CA,13020,22136,91,-1.75
633,A,34952,FL,13013,21844,281,-1.12
634,A,44691,OH,13013,19369,56,4.27
635,A,48706,MI,13012,18163,100,7.15
636,A,54115,WI,13003,20415,155,7.65
637,A,87123,NM,12995,20533,61,2.12
638,A,78633,TX,12991,14711,313,-0.91
639,A,30152,GA,12991,16974,165,3.2
640,A,43302,OH,12989,22483,117,3.65
641,A,78666,TX,12980,36354,424,-1.71
642,A,77044,TX,12980,18273,212,6.6
643,A,97219,OR,12972,18881,200,-0.95
644,A,19702,DE,12970,22149,65,1.58
645,A,77539,TX,12969,18725,256,3.86
646,A,60103,IL,12966,14995,37,5.2
647,A,30019,GA,12957,15415,334,3.26
648,A,34698,FL,12952,22016,265,0.85
649,A,73034,OK,12948,18727,318,6.07
650,A,48047,MI,12944,16765,86,5.02
651,A,20176,VA,12936,17044,109,3.05
652,A,12065,NY,12936,19506,67,5.41
653,A,17050,PA,12932,17164,70,6.55
654,A,60068,IL,12929,15999,63,7.34
655,A,93313,CA,12913,17232,92,-0.02
656,A,27107,NC,12912,20767,129,7.92
657,A,17055,PA,12903,18994,72,2.1
658,A,39564,MS,12902,18908,265,6.56
659,A,60620,IL,12902,30008,89,10.88
660,A,98034,WA,12893,22488,226,1.16
661,A,29715,SC,12890,16499,222,1.9
662,A,92057,CA,12890,19660,118,1.31
663,A,32724,FL,12888,18555,245,-2.33
664,A,55337,MN,12874,19695,109,2.98
665,A,32824,FL,12864,20453,184,5.72
666,A,20002,DC,12858,38459,353,-2.64
667,A,76542,TX,12858,21027,252,-2.29
668,A,28562,NC,12857,18812,206,3.83
669,A,37918,TN,12855,20228,167,1.57
670,A,23455,VA,12854,22286,110,6.0
671,A,27616,NC,12845,24282,188,-3.67
672,A,06082,CT,12844,17457,46,4.9
673,A,78628,TX,12825,17738,438,-2.49
674,A,91344,CA,12812,18424,88,2.85
675,A,60477,IL,12800,16261,67,5.98
676,A,33573,FL,12795,17168,348,-0.25
677,A,57106,SD,12785,21722,195,0.94
678,A,92114,CA,12783,18767,51,1.24
679,A,21042,MD,12778,15269,68,2.88
680,A,60625,IL,12778,33932,32,8.78
681,A,28117,NC,12767,21528,300,5.45
682,A,02780,MA,12764,22454,51,5.76
683,A,32955,FL,12762,19281,169,-1.51
684,A,44134,OH,12756,17436,34,3.22
685,A,46140,IN,12742,18167,133,7.7
686,A,99205,WA,12729,18791,151,2.51
687,A,48178,MI,12723,14402,128,5.15
688,A,47150,IN,12722,22834,169,6.92
689,A,33177,FL,12719,17124,125,0.67
690,A,73012,OK,12715,16172,300,-1.26
691,A,26554,WV,12713,19688,76,-0.08
692,A,33018,FL,12712,17871,143,2.47
693,A,31419,GA,12705,24862,240,0.93
694,A,60639,IL,12705,28656,20,4.32
695,A,33165,FL,12703,17813,87,4.1
696,A,29461,SC,12695,16444,200,1.34
697,A,97223,OR,12686,21428,100,-0.55
698,A,92882,CA,12685,20757,98,0.05
699,A,70065,LA,12671,21890,173,3.0
700,A,55369,MN,12658,16732,127,2.9
701,A,30331,GA,12648,27314,279,-1.78
702,A,98092,WA,12644,17532,144,3.31
703,A,98387,WA,12642,17151,161,6.24
704,A,14086,NY,12631,15486,40,6.08
705,A,80602,CO,12630,13834,172,0.4
706,A,30228,GA,12626,18069,245,1.81
707,A,85234,AZ,12624,17488,118,-0.24
708,A,18104,PA,12620,18686,59,6.47
709,A,60025,IL,12614,16815,57,6.98
710,A,60435,IL,12614,20162,47,2.29
711,A,91744,CA,12610,18852,53,2.44
712,A,78664,TX,12608,24259,197,-0.06
713,A,08094,NJ,12608,15878,102,5.79
714,A,14850,NY,12600,31772,119,5.94
715,A,76226,TX,12596,13668,381,7.06
716,A,22015,VA,12591,15132,49,2.12
717,A,45044,OH,12590,21645,99,4.06
718,A,01201,MA,12587,22566,105,-0.02
719,A,95020,CA,12587,20679,80,3.08
720,A,80537,CO,12581,20314,174,-1.72
721,A,85298,AZ,12577,14308,194,6.32
722,A,38002,TN,12575,15448,211,1.62
723,A,36532,AL,12556,17502,305,1.33
724,A,84081,UT,12556,15349,139,0.8
725,A,65807,MO,12551,28546,89,0.49
726,A,19460,PA,12548,18881,67,3.38
727,A,08080,NJ,12547,14746,56,5.83
728,A,15108,PA,12545,18179,70,2.61
729,A,78132,TX,12537,15356,444,6.26
730,A,75025,TX,12537,19288,130,-3.07
731,A,46360,IN,12536,21652,119,12.13
732,A,62040,IL,12529,18842,90,6.78
733,A,61265,IL,12526,20396,77,-0.15
734,A,80918,CO,12524,20447,168,0.19
735,A,28411,NC,12523,16978,126,6.84
736,A,29349,SC,12522,15118,234,6.37
737,A,77511,TX,12521,20499,186,3.96
738,A,33837,FL,12516,19082,623,27.58
739,A,44039,OH,12515,14441,58,7.61
740,A,40299,KY,12507,17567,121,3.35
741,A,40291,KY,12502,16894,128,-0.35
742,A,92234,CA,12501,23114,183,1.97
743,A,33917,FL,12499,18789,287,8.58
744,A,19966,DE,12481,19625,339,-0.99
745,A,60123,IL,12478,18129,46,4.89
746,A,52722,IA,12477,17460,122,5.43
747,A,97504,OR,12469,21290,286,2.67
748,A,27513,NC,12467,21204,103,-3.47
749,A,21061,MD,12467,23196,68,5.14
750,A,46123,IN,12462,16543,120,1.62
751,A,92708,CA,12462,19250,51,0.57
752,A,92691,CA,12457,16673,60,-1.45
753,A,07731,NJ,12451,14102,122,8.19
754,A,26003,WV,12435,20853,102,3.97
755,A,19711,DE,12425,20617,50,5.01
756,A,30907,GA,12416,22219,190,6.11
757,A,46033,IN,12410,14725,69,7.8
758,A,77089,TX,12409,19997,119,-6.13
759,A,30126,GA,12401,16972,202,-0.07
760,A,91913,CA,12401,17880,99,3.05
761,A,94015,CA,12400,22314,15,-1.94
762,A,27516,NC,12383,18684,165,1.09
763,A,89121,NV,12380,29012,236,1.4
764,A,34203,FL,12376,20709,161,3.04
765,A,77388,TX,12372,18924,213,-2.0
766,A,61554,IL,12367,18788,67,9.5
767,A,90275,CA,12363,16668,141,-6.24
768,A,14624,NY,12348,15865,24,6.79
769,A,33511,FL,12341,24579,160,0.91
770,A,22030,VA,12330,21758,79,1.49
771,A,11040,NY,12326,14608,81,7.99
772,A,21093,MD,12323,16313,91,2.54
773,A,19808,DE,12322,16037,38,4.86
774,A,41017,KY,12317,16569,96,3.25
775,A,85339,AZ,12305,15628,178,3.23
776,A,87031,NM,12300,16917,159,6.59
777,A,85396,AZ,12292,14581,348,-11.18
778,A,33029,FL,12291,14075,145,10.67
779,A,46112,IN,12288,15790,82,4.89
780,A,91335,CA,12287,25615,93,0.46
781,A,32746,FL,12284,20204,150,-1.07
782,A,32571,FL,12282,15041,248,0.73
783,A,49201,MI,12274,18102,103,5.61
784,A,07052,NJ,12267,18300,90,4.96
785,A,92545,CA,12262,17533,139,4.27
786,A,91730,CA,12262,26172,83,0.77
787,A,77583,TX,12253,14783,398,10.16
788,A,94544,CA,12253,23990,79,-2.39
789,A,27215,NC,12248,21854,165,1.76
790,A,16001,PA,12245,19757,101,5.13
791,A,60543,IL,12240,14327,89,5.72
792,A,60565,IL,12220,14369,61,6.52
793,A,91745,CA,12213,17143,80,-0.75
794,A,91977,CA,12213,20026,60,0.32
795,A,85382,AZ,12209,19796,151,-1.5
796,A,79423,TX,12206,18463,221,1.19
797,A,20735,MD,12202,13670,77,0.9
798,A,95670,CA,12200,22779,83,-4.26
799,A,55016,MN,12198,13953,128,1.61
800,A,37922,TN,12191,15390,145,2.59
801,A,75211,TX,12189,24103,92,-6.16
802,A,12603,NY,12189,17468,87,6.72
803,A,85296,AZ,12182,18065,137,0.83
804,A,34491,FL,12178,15474,297,-1.93
805,A,85208,AZ,12174,18699,84,2.63
806,A,78414,TX,12170,20121,346,-0.38
807,A,76210,TX,12165,16914,174,-4.14
808,A,98632,WA,12165,21787,146,0.94
809,A,46060,IN,12164,18887,95,2.43
810,A,11215,NY,12162,32197,102,-1.08
811,A,45231,OH,12162,17845,71,2.27
812,A,29412,SC,12159,18429,155,3.54
813,A,33928,FL,12157,20835,352,-6.89
814,A,47630,IN,12153,15620,137,6.07
815,A,82009,WY,12145,15361,154,6.1
816,A,85295,AZ,12145,19460,131,-1.83
817,A,54220,WI,12139,18942,117,4.3
818,A,75078,TX,12136,14409,439,-9.19
819,A,60619,IL,12135,33547,106,13.56
820,A,19464,PA,12132,19985,77,5.38
821,A,18966,PA,12130,14199,47,5.68
822,A,50023,IA,12116,17822,182,3.03
823,A,11772,NY,12116,18478,76,3.12
824,A,06614,CT,12109,14432,68,8.18
825,A,33012,FL,12106,25923,134,3.81
826,A,52404,IA,12100,19923,75,1.38
827,A,97080,OR,12099,17276,123,1.76
828,A,11757,NY,12096,15212,62,2.6
829,A,30721,GA,12095,19866,141,2.76
830,A,44720,OH,12094,17988,50,6.72
831,A,60608,IL,12086,32617,51,2.83
832,A,75070,TX,12083,24323,211,0.87
833,A,34481,FL,12081,14183,522,-7.11
834,A,65202,MO,12078,20342,112,5.0
835,A,80219,CO,12075,21729,131,-0.82
836,A,23323,VA,12071,15064,90,1.51
837,A,93550,CA,12064,23965,148,1.58
838,A,92026,CA,12051,19923,105,1.75
839,A,97756,OR,12047,18335,431,3.35
840,A,43551,OH,12047,19434,100,2.36
841,A,33710,FL,12044,16767,151,-1.09
842,A,52402,IA,12044,19848,41,3.02
843,A,60411,IL,12043,21382,118,3.13
844,A,93455,CA,12039,16087,70,4.68
845,A,34119,FL,12038,18251,358,-3.98
846,A,63011,MO,12031,14822,53,5.45
847,A,90805,CA,12029,28954,52,1.65
848,A,11357,NY,12027,16586,136,5.9
849,A,91761,CA,12023,18309,142,0.93
850,A,75165,TX,12016,18940,228,-1.89
851,A,30096,GA,12014,28903,170,4.46
852,A,77498,TX,12013,18236,180,-1.34
853,A,84041,UT,12013,19171,110,3.4
854,A,92028,CA,12009,17985,188,-1.02
855,A,55110,MN,12005,16156,83,0.76
856,A,40356,KY,12004,17934,154,2.92
857,A,55311,MN,12003,14284,138,3.1
858,A,37363,TN,12000,16584,283,4.12
859,A,19083,PA,11989,13752,33,6.79
860,A,47374,IN,11982,21553,121,8.01
861,A,29642,SC,11981,15323,137,4.03
862,A,87112,NM,11980,20083,58,4.21
863,A,29708,SC,11979,16296,222,2.12
864,A,21207,MD,11978,20974,80,1.14
865,A,27320,NC,11976,17876,108,11.86
866,A,23832,VA,11974,14292,101,2.82
867,A,33176,FL,11961,20309,170,4.66
868,A,21921,MD,11954,18782,82,8.92
869,A,06484,CT,11950,16578,73,4.47
870,A,92335,CA,11948,25861,57,6.02
871,A,55112,MN,11946,17956,77,3.72
872,A,10469,NY,11942,25082,36,1.72
873,A,49426,MI,11938,14020,58,4.74
874,A,97123,OR,11931,17685,176,0.71
875,A,21060,MD,11931,15988,78,1.95
876,A,30102,GA,11928,16144,148,3.59
877,A,33579,FL,11925,15143,287,45.92
878,A,19958,DE,11923,19410,304,1.62
879,A,15068,PA,11913,18319,104,8.74
880,A,93446,CA,11910,19786,156,2.21
881,A,40165,KY,11906,15622,112,2.23
882,A,91765,CA,11905,16056,129,5.85
883,A,55113,MN,11898,19075,78,3.11
884,A,53590,WI,11895,18292,78,3.98
885,A,95628,CA,11893,17417,101,1.63
886,A,85286,AZ,11891,18387,107,-1.81
887,A,95037,CA,11890,17185,108,6.37
888,A,11203,NY,11890,33434,78,7.4
889,A,60085,IL,11884,26781,32,6.66
890,A,10940,NY,11883,19930,117,6.66
891,A,33312,FL,11881,21332,225,2.16
892,A,93311,CA,11877,17797,149,2.94
893,A,75023,TX,11876,19621,132,-0.37
894,A,60506,IL,11876,18204,43,6.11
895,A,21701,MD,11873,18914,155,-0.19
896,A,23666,VA,11871,25117,113,3.86
897,A,89074,NV,11859,22310,208,-0.02
898,A,33160,FL,11858,33749,1721,37.32
899,A,75228,TX,11858,27329,177,-0.88
900,A,46514,IN,11858,17987,75,6.26
901,A,92530,CA,11857,18502,130,1.02
902,A,46237,IN,11854,17660,123,2.5
903,A,75150,TX,11852,24892,110,-2.22
904,A,06460,CT,11849,17800,83,6.41
905,A,44107,OH,11846,29101,88,6.16
906,A,53511,WI,11843,19372,73,4.25
907,A,23111,VA,11842,15773,72,6.71
908,A,30045,GA,11841,14266,229,2.87
909,A,98290,WA,11837,15348,118,0.63
910,A,70433,LA,11832,18712,271,0.21
911,A,45238,OH,11832,21834,68,3.03
912,A,90703,CA,11829,16160,37,0.5
913,A,98023,WA,11825,18777,128,-1.11
914,A,27295,NC,11819,16775,136,5.81
915,A,96720,HI,11816,19826,121,4.84
916,A,29710,SC,11815,15947,213,2.63
917,A,78028,TX,11811,19285,366,1.24
918,A,92346,CA,11808,18075,78,-1.97
919,A,90808,CA,11808,14803,43,-1.29
920,A,26508,WV,11806,16829,92,5.22
921,A,33844,FL,11801,22018,389,-14.32
922,A,95023,CA,11798,18043,106,0.67
923,A,60640,IL,11795,40850,59,7.17
924,A,98103,WA,11791,27857,175,0.75
925,A,76133,TX,11790,20080,113,-2.88
926,A,90660,CA,11788,17281,36,-0.08
927,A,60030,IL,11784,15006,69,4.91
928,A,37620,TN,11781,18119,129,-0.08
929,A,76065,TX,11779,15081,317,0.72
930,A,78006,TX,11777,16643,379,-0.75
931,A,28409,NC,11777,14821,138,2.55
932,A,84003,UT,11775,16441,189,3.98
933,A,76502,TX,11774,19497,417,0.41
934,A,92253,CA,11764,24679,349,-1.44
935,A,47909,IN,11762,18455,83,1.54
936,A,85331,AZ,11758,13680,196,-1.48
937,A,95828,CA,11757,18603,49,-0.77
938,A,77365,TX,11755,15442,267,6.68
939,A,44203,OH,11751,18198,45,0.15
940,A,60193,IL,11750,16478,65,6.68
941,A,02703,MA,11748,19014,47,4.17
942,A,33311,FL,11745,27330,357,-1.42
943,A,39042,MS,11743,14498,119,0.73
944,A,75093,TX,11732,20852,109,-1.81
945,A,88220,NM,11731,17692,107,5.43
946,A,40216,KY,11729,19257,99,3.49
947,A,48310,MI,11717,15399,60,3.23
948,A,78520,TX,11713,22543,154,4.71
949,A,11590,NY,11710,15497,74,4.61
950,A,28216,NC,11702,24902,214,3.24
951,A,29414,SC,11702,20209,183,2.46
952,A,85379,AZ,11694,16052,162,20.17
953,A,53066,WI,11694,16074,143,5.35
954,A,67212,KS,11693,19409,51,1.9
955,A,47906,IN,11686,28658,169,0.94
956,A,60137,IL,11675,15049,59,8.68
957,A,35226,AL,11671,14904,113,3.15
958,A,85705,AZ,11663,29145,69,4.19
959,A,78634,TX,11661,15322,321,1.13
960,A,21502,MD,11649,19562,142,4.3
961,A,30080,GA,11648,27081,258,-0.64
962,A,30189,GA,11647,16124,135,0.76
963,A,84009,UT,11645,12873,300,0.68
964,A,20110,VA,11641,16289,85,5.69
965,A,20902,MD,11637,18759,78,4.45
966,A,18103,PA,11637,19769,46,8.46
967,A,78249,TX,11636,24058,167,-1.12
968,A,34667,FL,11635,19651,372,-4.06
969,A,60067,IL,11626,16039,76,5.73
970,A,46038,IN,11623,17738,87,1.56
971,A,54601,WI,11623,22652,59,3.66
972,A,60451,IL,11620,12972,75,5.95
973,A,75087,TX,11618,15103,299,-3.5
974,A,91320,CA,11617,15509,94,4.04
975,A,34759,FL,11615,17391,411,66.61
976,A,98374,WA,11615,16645,179,2.58
977,A,21043,MD,11614,17978,82,1.85
978,A,40509,KY,11613,19802,128,2.09
979,A,92506,CA,11613,15407,82,-0.82
980,A,06902,CT,11607,30142,67,6.18
981,A,75104,TX,11604,17365,153,-2.23
982,A,92127,CA,11598,16641,108,26.9
983,A,98837,WA,11597,18651,214,1.54
984,A,29501,SC,11589,20713,214,8.83
985,A,98501,WA,11581,19969,142,3.19
986,A,33068,FL,11579,19760,227,1.63
987,A,40245,KY,11578,15226,106,2.62
988,A,76248,TX,11570,14749,130,1.31
989,A,78223,TX,11567,22278,221,-4.63
990,A,90638,CA,11564,15459,44,3.04
991,A,33196,FL,11561,17713,154,-0.82
992,A,62704,IL,11557,20706,49,7.85
993,A,32780,FL,11556,19984,262,0.12
994,A,23451,VA,11552,24897,247,1.99
995,A,02169,MA,11544,30198,92,2.75
996,A,14225,NY,11544,16253,45,5.07
997,A,55106,MN,11542,19974,98,3.22
998,A,60107,IL,11537,13476,30,3.98
999,A,93003,CA,11535,20734,68,1.9
1000,A,80516,CO,11534,13163,199,0.28
1001,B,28105,NC,11533,17906,100,3.32
1002,B,32404,FL,11528,18053,368,-0.74
1003,B,49120,MI,11528,15581,68,1.63
1004,B,60652,IL,11523,13709,30,7.08
1005,B,85614,AZ,11522,16985,254,28.08
1006,B,76108,TX,11522,18031,233,0.75
1007,B,85120,AZ,11522,17430,95,-0.31
1008,B,53081,WI,11520,20121,101,7.17
1009,B,77008,TX,11512,20709,335,2.67
1010,B,72762,AR,11509,17270,182,5.59
1011,B,89110,NV,11508,23701,155,3.47
1012,B,78526,TX,11508,18222,130,-1.57
1013,B,46062,IN,11505,15152,87,4.06
1014,B,21784,MD,11503,13664,63,3.11
1015,B,46368,IN,11502,16870,80,4.5
1016,B,36830,AL,11498,23146,352,4.7
1017,B,48236,MI,11496,13078,68,5.25
1018,B,76262,TX,11495,16260,192,5.53
1019,B,46901,IN,11479,18307,102,5.44
1020,B,33484,FL,11472,18884,392,1.53
1021,B,89521,NV,11465,16789,161,3.88
1022,B,83401,ID,11465,16026,135,-0.83
1023,B,08807,NJ,11465,14302,67,7.65
1024,B,77389,TX,11457,15138,233,6.3
1025,B,60540,IL,11455,16253,77,5.66
1026,B,45014,OH,11455,19926,51,4.24
1027,B,14534,NY,11447,12913,43,7.62
1028,B,08540,NJ,11438,19255,143,3.13
1029,B,77088,TX,11437,18500,214,-2.84
1030,B,98058,WA,11429,16399,98,-0.23
1031,B,60142,IL,11426,13194,73,8.56
1032,B,18951,PA,11424,14862,35,5.68
1033,B,30294,GA,11421,16191,137,-6.36
1034,B,70810,LA,11420,19195,245,4.96
1035,B,93611,CA,11417,16093,56,0.4
1036,B,95621,CA,11411,17284,83,0.02
1037,B,15235,PA,11410,16942,80,2.8
1038,B,98133,WA,11401,24730,151,-0.33
1039,B,37660,TN,11396,20405,133,6.36
1040,B,43207,OH,11396,21242,101,4.93
1041,B,70458,LA,11394,17026,253,5.47
1042,B,97402,OR,11394,23882,85,0.33
1043,B,30215,GA,11393,13447,189,1.17
1044,B,34608,FL,11390,15253,154,-1.89
1045,B,11385,NY,11389,40175,45,10.8
1046,B,84121,UT,11387,16669,108,2.58
1047,B,30034,GA,11386,20553,212,-3.61
1048,B,28104,NC,11386,12751,123,6.4
1049,B,01453,MA,11384,18895,55,5.56
1050,B,92392,CA,11380,18077,186,0.33
1051,B,75033,TX,11378,16717,260,-1.44
1052,B,89149,NV,11374,17376,250,2.68
1053,B,27205,NC,11374,15487,63,2.65
1054,B,17042,PA,11366,17067,97,8.07
1055,B,33904,FL,11364,20401,430,-6.62
1056,B,33076,FL,11363,13999,181,1.38
1057,B,30319,GA,11362,22411,229,1.94
1058,B,54703,WI,11359,19120,90,4.25
1059,B,46383,IN,11350,18343,100,2.95
1060,B,70605,LA,11346,17926,178,2.1
1061,B,07960,NJ,11346,18978,59,9.46
1062,B,46835,IN,11344,15945,56,4.58
1063,B,78233,TX,11343,19396,194,-4.5
1064,B,45385,OH,11339,17097,78,5.79
1065,B,94566,CA,11334,16698,76,-24.05
1066,B,78251,TX,11333,22945,130,-3.71
1067,B,93291,CA,11332,19866,183,2.1
1068,B,11801,NY,11331,13068,93,9.29
1069,B,99654,AK,11328,17006,143,3.75
1070,B,80014,CO,11325,19903,259,-2.42
1071,B,75077,TX,11323,14768,129,-1.41
1072,B,89506,NV,11313,17015,77,2.28
1073,B,33009,FL,11312,31020,1051,-7.5
1074,B,91350,CA,11310,13959,99,1.06
1075,B,96816,HI,11309,19818,80,-3.54
1076,B,95823,CA,11309,25465,76,0.57
1077,B,12866,NY,11293,20462,180,8.66
1078,B,94087,CA,11293,21429,26,-10.73
1079,B,19145,PA,11289,21295,176,6.98
1080,B,58503,ND,11289,15997,108,1.41
1081,B,94582,CA,11285,16531,71,-4.52
1082,B,37130,TN,11274,25838,164,3.55
1083,B,48042,MI,11274,12067,125,1.81
1084,B,49441,MI,11273,16491,114,6.57
1085,B,32958,FL,11272,15512,180,-1.68
1086,B,33033,FL,11271,21426,371,1.06
1087,B,21044,MD,11270,19776,70,0.09
1088,B,30120,GA,11263,16778,217,2.23
1089,B,40229,KY,11250,15772,83,2.3
1090,B,30813,GA,11248,18626,345,11.32
1091,B,08854,NJ,11244,18069,86,6.51
1092,B,28092,NC,11240,17332,110,4.28
1093,B,29063,SC,11237,14658,135,5.41
1094,B,63033,MO,11237,18637,115,2.48
1095,B,19149,PA,11237,20810,110,8.29
1096,B,19140,PA,11231,23104,131,10.76
1097,B,94110,CA,11231,30685,31,-0.29
1098,B,21401,MD,11229,19293,115,3.24
1099,B,28625,NC,11228,16917,139,3.15
1100,B,55082,MN,11227,15493,102,1.59
1101,B,95757,CA,11223,15853,63,-0.85
1102,B,12550,NY,11220,22204,114,4.43
1103,B,63116,MO,11217,22394,92,2.03
1104,B,28412,NC,11213,20704,216,-0.5
1105,B,30076,GA,11211,18169,158,3.07
1106,B,46217,IN,11207,14078,91,1.57
1107,B,32707,FL,11204,17499,81,3.99
1108,B,98006,WA,11203,14754,147,0.73
1109,B,78586,TX,11203,16145,113,0.95
1110,B,21014,MD,11201,14975,80,4.87
1111,B,84067,UT,11198,13425,87,2.56
1112,B,42301,KY,11197,19833,78,0.43
1113,B,21702,MD,11196,18677,112,0.52
1114,B,78258,TX,11190,20640,201,30.63
1115,B,20817,MD,11186,14363,127,3.34
1116,B,98584,WA,11185,17402,158,3.93
1117,B,30906,GA,11181,24663,200,4.56
1118,B,44095,OH,11174,15469,53,4.25
1119,B,91762,CA,11171,20163,105,0.15
1120,B,75013,TX,11162,18341,193,4.04
1121,B,57702,SD,11162,16786,136,1.15
1122,B,34683,FL,11160,15686,157,-4.86
1123,B,28079,NC,11152,14354,156,-2.18
1124,B,55024,MN,11148,12840,141,2.14
1125,B,28540,NC,11144,21466,152,8.05
1126,B,87110,NM,11143,19591,73,3.1
1127,B,48124,MI,11140,14787,63,5.78
1128,B,85746,AZ,11139,16345,83,-7.23
1129,B,95350,CA,11138,20327,74,2.71
1130,B,65109,MO,11133,18264,55,8.69
1131,B,85143,AZ,11131,15636,246,1.22
1132,B,42303,KY,11130,18055,89,6.87
1133,B,55372,MN,11127,12631,136,1.73
1134,B,78228,TX,11125,21397,103,-1.05
1135,B,55406,MN,11119,17439,46,2.61
1136,B,23060,VA,11115,14678,59,6.58
1137,B,95336,CA,11112,16889,102,-2.05
1138,B,34786,FL,11111,17702,239,7.71
1139,B,57701,SD,11111,20526,149,3.64
1140,B,21157,MD,11111,15466,68,0.74
1141,B,77354,TX,11109,15747,438,2.41
1142,B,21220,MD,11107,17960,114,6.37
1143,B,93277,CA,11107,19434,90,5.18
1144,B,48239,MI,11102,14869,58,4.52
1145,B,92688,CA,11099,16388,88,18.21
1146,B,29605,SC,11096,17013,217,4.37
1147,B,30269,GA,11095,16089,173,0.32
1148,B,30087,GA,11092,14274,144,1.25
1149,B,98026,WA,11091,15884,137,1.96
1150,B,11434,NY,11090,23787,58,2.74
1151,B,42101,KY,11089,26062,250,10.23
1152,B,33410,FL,11087,17830,188,-3.9
1153,B,80524,CO,11085,17548,164,-0.14
1154,B,78840,TX,11081,18438,259,-0.45
1155,B,77007,TX,11079,26281,404,-1.93
1156,B,85044,AZ,11078,18817,92,0.5
1157,B,64055,MO,11077,16900,72,1.68
1158,B,23831,VA,11071,15430,89,1.79
1159,B,14612,NY,11071,16063,28,4.91
1160,B,02148,MA,11070,28043,39,3.15
1161,B,33543,FL,11065,14197,274,-2.02
1162,B,89122,NV,11064,22033,175,3.06
1163,B,63010,MO,11063,14854,45,5.45
1164,B,96707,HI,11061,16554,160,2.77
1165,B,06457,CT,11061,22138,47,5.46
1166,B,32303,FL,11054,24864,176,3.56
1167,B,14609,NY,11053,19404,38,4.37
1168,B,60446,IL,11051,13986,38,2.85
1169,B,98038,WA,11047,13157,112,-2.66
1170,B,11566,NY,11046,11723,55,5.69
1171,B,89147,NV,11043,22831,198,2.39
1172,B,23231,VA,11019,17028,95,2.24
1173,B,32909,FL,11018,14278,376,-1.94
1174,B,76051,TX,11015,22529,96,-0.78
1175,B,43228,OH,11014,25623,70,0.76
1176,B,95831,CA,11013,20261,37,1.27
1177,B,23223,VA,11011,27141,123,2.18
1178,B,90280,CA,11011,25395,21,-3.04
1179,B,37803,TN,11010,14525,110,-0.5
1180,B,56560,MN,11007,19366,160,4.04
1181,B,35405,AL,11004,22260,138,1.57
1182,B,23321,VA,10993,14836,117,4.1
1183,B,07003,NJ,10985,21692,48,4.92
1184,B,28376,NC,10979,16834,217,-0.02
1185,B,07753,NJ,10970,16701,69,3.19
1186,B,32086,FL,10966,15696,199,0.5
1187,B,15001,PA,10958,16043,74,4.73
1188,B,99362,WA,10957,18022,197,3.88
1189,B,85395,AZ,10957,15710,162,19.44
1190,B,97703,OR,10956,16032,365,0.44
1191,B,83815,ID,10956,17031,126,5.36
1192,B,84010,UT,10954,16103,92,1.35
1193,B,30265,GA,10948,15331,188,4.47
1194,B,60031,IL,10944,14796,37,7.68
1195,B,55347,MN,10929,12143,109,1.73
1196,B,80233,CO,10928,18309,78,-1.67
1197,B,70817,LA,10923,14106,171,2.83
1198,B,44224,OH,10922,16826,37,3.7
1199,B,89002,NV,10910,13703,135,1.23
1200,B,30318,GA,10906,29993,409,-0.57
1201,B,83501,ID,10905,16143,108,1.49
1202,B,02816,RI,10903,14505,57,4.75
1203,B,95667,CA,10900,15647,146,-0.39
1204,B,32309,FL,10899,13719,98,5.12
1205,B,91706,CA,10899,18853,41,6.69
1206,B,28546,NC,10893,21387,251,4.06
1207,B,32168,FL,10892,16439,258,-0.29
1208,B,94122,CA,10891,24155,5,-15.05
1209,B,30068,GA,10888,13005,127,3.58
1210,B,30078,GA,10884,13784,157,1.93
1211,B,47905,IN,10882,18309,88,2.93
1212,B,11209,NY,10879,33286,141,2.04
1213,B,79109,TX,10867,20308,98,1.04
1214,B,80526,CO,10863,19463,126,0.82
1215,B,33032,FL,10859,19102,360,-2.93
1216,B,38016,TN,10851,20218,117,0.94
1217,B,96734,HI,10846,18208,108,6.11
1218,B,60120,IL,10845,17112,24,6.22
1219,B,93307,CA,10842,24349,95,2.92
1220,B,76049,TX,10838,13527,294,3.65
1221,B,37920,TN,10835,20180,189,2.62
1222,B,77382,TX,10831,13691,173,2.28
1223,B,89141,NV,10830,15010,235,21.68
1224,B,32935,FL,10829,20338,151,-7.43
1225,B,20120,VA,10827,14753,55,0.98
1226,B,20904,MD,10827,22366,53,4.97
1227,B,85224,AZ,10825,21559,90,-0.37
1228,B,24153,VA,10823,16387,107,2.18
1229,B,85282,AZ,10822,25667,118,1.8
1230,B,60613,IL,10817,31263,69,13.72
1231,B,75019,TX,10816,17455,110,-0.68
1232,B,46902,IN,10816,18004,105,4.47
1233,B,76549,TX,10814,21794,231,-5.34
1234,B,84770,UT,10813,21173,343,-1.51
1235,B,21236,MD,10813,16267,71,5.93
1236,B,80104,CO,10810,13945,261,-3.23
1237,B,83704,ID,10808,17776,69,3.27
1238,B,48073,MI,10807,17551,118,3.7
1239,B,20019,DC,10805,29244,159,-1.91
1240,B,33813,FL,10805,14787,152,-4.32
1241,B,74133,OK,10805,22638,130,3.43
1242,B,28056,NC,10803,14415,158,3.56
1243,B,78501,TX,10802,24807,203,0.05
1244,B,11580,NY,10801,13582,75,8.91
1245,B,53132,WI,10795,14073,74,4.14
1246,B,02864,RI,10794,14735,41,3.38
1247,B,76087,TX,10790,13290,286,1.54
1248,B,46220,IN,10790,17524,88,1.88
1249,B,75067,TX,10788,28990,127,-1.9
1250,B,90630,CA,10787,16544,48,2.9
1251,B,46227,IN,10784,26411,131,3.46
1252,B,43082,OH,10778,12915,47,2.62
1253,B,29909,SC,10777,12635,335,-2.4
1254,B,02151,MA,10777,23461,61,2.01
1255,B,27292,NC,10771,18749,146,1.1
1256,B,33179,FL,10769,21249,430,3.96
1257,B,93309,CA,10769,23546,109,1.64
1258,B,49221,MI,10768,17011,72,5.86
1259,B,98513,WA,10767,14533,138,2.6
1260,B,34990,FL,10763,13641,270,-0.02
1261,B,60622,IL,10760,27630,58,8.38
1262,B,17602,PA,10755,19472,51,2.08
1263,B,92870,CA,10752,17545,58,8.25
1264,B,27030,NC,10748,17296,91,0.1
1265,B,27127,NC,10746,18126,142,1.18
1266,B,92544,CA,10744,17568,118,0.32
1267,B,86442,AZ,10742,19581,200,2.92
1268,B,98604,WA,10735,13557,166,1.92
1269,B,94611,CA,10734,19014,52,-2.56
1270,B,93720,CA,10730,19738,113,1.97
1271,B,99504,AK,10726,17720,61,3.45
1272,B,81007,CO,10725,12678,322,-1.97
1273,B,86314,AZ,10720,16806,192,0.66
1274,B,33442,FL,10717,21595,404,-7.38
1275,B,30083,GA,10716,24282,136,-1.34
1276,B,27527,NC,10708,13179,216,4.07
1277,B,80004,CO,10703,15447,96,2.26
1278,B,97527,OR,10701,15481,199,1.99
1279,B,90745,CA,10696,16638,26,0.45
1280,B,79927,TX,10694,14284,94,-3.44
1281,B,01810,MA,10688,13803,67,3.43
1282,B,15102,PA,10686,14160,42,5.52
1283,B,98118,WA,10682,19831,116,0.87
1284,B,08012,NJ,10682,16192,76,5.49
1285,B,20155,VA,10677,12833,83,5.06
1286,B,85730,AZ,10675,16913,106,0.77
1287,B,30542,GA,10671,14711,280,1.95
1288,B,28734,NC,10665,18472,215,2.98
1289,B,80122,CO,10665,13180,115,2.1
1290,B,17404,PA,10664,15716,64,7.73
1291,B,30180,GA,10653,15447,353,1.35
1292,B,46410,IN,10644,17685,95,4.11
1293,B,19063,PA,10643,16128,58,1.92
1294,B,33308,FL,10637,23230,553,-0.32
1295,B,96003,CA,10635,19873,130,-0.94
1296,B,73072,OK,10633,20915,199,-2.18
1297,B,33415,FL,10632,20364,223,0.97
1298,B,76017,TX,10631,17211,96,-1.66
1299,B,89178,NV,10630,15900,162,10.0
1300,B,77356,TX,10621,14982,534,21.88
1301,B,89117,NV,10619,25494,253,-0.05
1302,B,80501,CO,10619,19173,97,0.04
1303,B,40272,KY,10619,15469,96,1.87
1304,B,70508,LA,10616,18677,206,-2.22
1305,B,12309,NY,10616,13623,45,4.37
1306,B,34986,FL,10614,14600,334,-2.14
1307,B,92407,CA,10612,19029,78,0.97
1308,B,37643,TN,10606,16344,89,4.34
1309,B,28226,NC,10604,16816,135,3.8
1310,B,95206,CA,10604,18792,59,-1.11
1311,B,07002,NJ,10604,30161,48,12.37
1312,B,08857,NJ,10602,16241,69,4.75
1313,B,49417,MI,10599,14709,83,5.24
1314,B,21045,MD,10599,15826,61,1.09
1315,B,34476,FL,10598,12754,306,-2.32
1316,B,60188,IL,10592,15710,46,5.63
1317,B,06516,CT,10589,21884,68,4.93
1318,B,97224,OR,10585,15938,168,-1.5
1319,B,94561,CA,10584,14251,98,-2.36
1320,B,63119,MO,10584,15627,42,4.45
1321,B,94560,CA,10582,15897,81,-2.17
1322,B,19147,PA,10581,20735,147,3.68
1323,B,06611,CT,10576,12468,48,5.7
1324,B,22405,VA,10570,13058,108,3.18
1325,B,45036,OH,10568,15036,152,4.73
1326,B,45373,OH,10567,15691,93,2.93
1327,B,32904,FL,10562,15117,148,0.93
1328,B,28314,NC,10557,24832,231,3.41
1329,B,45150,OH,10555,14432,84,4.29
1330,B,64118,MO,10553,19374,71,3.67
1331,B,33615,FL,10544,20543,220,0.92
1332,B,37876,TN,10540,18206,681,2.37
1333,B,43017,OH,10540,16819,87,-0.09
1334,B,60623,IL,10535,31300,20,3.5
1335,B,34232,FL,10533,17248,145,-0.96
1336,B,85233,AZ,10528,15080,89,4.05
1337,B,43040,OH,10523,14238,69,3.42
1338,B,33884,FL,10521,15876,291,-3.37
1339,B,11214,NY,10520,33341,96,-8.72
1340,B,21144,MD,10520,13456,60,3.6
1341,B,11554,NY,10514,12128,50,9.19
1342,B,30134,GA,10512,17233,169,2.72
1343,B,48146,MI,10509,15874,56,-5.4
1344,B,27612,NC,10508,21582,118,2.97
1345,B,64804,MO,10505,16844,146,2.59
1346,B,34761,FL,10502,14794,135,3.76
1347,B,06489,CT,10500,13496,37,10.66
1348,B,17402,PA,10495,14751,43,2.48
1349,B,97302,OR,10494,17888,159,3.73
1350,B,85745,AZ,10492,17662,131,2.37
1351,B,78154,TX,10491,15688,222,-1.47
1352,B,70570,LA,10491,17099,119,5.11
1353,B,91789,CA,10483,13486,101,1.63
1354,B,32578,FL,10477,14578,165,-2.52
1355,B,27106,NC,10469,22491,161,4.46
1356,B,94546,CA,10469,16398,42,-1.05
1357,B,94534,CA,10466,14249,73,-1.21
1358,B,94605,CA,10465,17686,83,-1.53
1359,B,94501,CA,10462,27117,53,-1.25
1360,B,75032,TX,10460,13453,323,-0.53
1361,B,48235,MI,10460,20946,154,3.58
1362,B,32818,FL,10460,18775,104,-5.4
1363,B,76513,TX,10459,16004,260,-2.98
1364,B,82001,WY,10458,17977,84,3.29
1365,B,16066,PA,10457,14359,114,8.77
1366,B,80031,CO,10456,15377,129,-1.0
1367,B,04401,ME,10452,20932,132,5.54
1368,B,85743,AZ,10447,12757,105,2.64
1369,B,95822,CA,10447,17479,40,-0.2
1370,B,30815,GA,10446,15741,133,-1.48
1371,B,21703,MD,10442,15773,103,2.46
1372,B,70454,LA,10441,14132,184,-2.63
1373,B,12180,NY,10441,25527,41,4.17
1374,B,59718,MT,10438,19765,314,-1.94
1375,B,48312,MI,10437,14282,77,5.3
1376,B,30701,GA,10434,16731,160,6.88
1377,B,33913,FL,10431,16026,423,-1.07
1378,B,60441,IL,10430,13249,49,4.25
1379,B,29745,SC,10427,13765,172,4.86
1380,B,30328,GA,10426,19878,242,3.04
1381,B,32065,FL,10425,14756,130,-6.68
1382,B,98367,WA,10420,12918,93,1.79
1383,B,76123,TX,10417,14095,157,-3.98
1384,B,32257,FL,10416,18465,111,-3.85
1385,B,85340,AZ,10412,13336,201,5.1
1386,B,20743,MD,10407,16521,114,6.06
1387,B,85706,AZ,10407,19095,55,7.48
1388,B,90250,CA,10407,34105,48,0.53
1389,B,77077,TX,10404,32911,221,-6.94
1390,B,85713,AZ,10401,19056,101,-0.5
1391,B,77070,TX,10400,23272,160,2.37
1392,B,91702,CA,10395,18218,67,-1.63
1393,B,62521,IL,10391,16169,79,6.52
1394,B,54729,WI,10389,15386,66,9.14
1395,B,59105,MT,10387,14198,122,3.66
1396,B,21208,MD,10386,16397,97,9.56
1397,B,95127,CA,10386,16823,39,0.92
1398,B,48060,MI,10385,18066,84,3.29
1399,B,44070,OH,10385,13953,47,6.83
1400,B,53402,WI,10383,15660,72,6.98
1401,B,88101,NM,10381,19798,209,2.66
1402,B,85206,AZ,10378,19078,97,0.22
1403,B,77489,TX,10376,13883,113,11.61
1404,B,60102,IL,10375,12076,45,4.28
1405,B,32822,FL,10369,27437,199,7.75
1406,B,78759,TX,10369,23843,120,-0.45
1407,B,06606,CT,10368,19002,52,4.52
1408,B,91766,CA,10367,20217,59,4.53
1409,B,08723,NJ,10365,14075,82,8.64
1410,B,33624,FL,10363,15838,103,3.29
1411,B,78260,TX,10362,12571,233,2.17
1412,B,33881,FL,10361,17948,242,-7.15
1413,B,28146,NC,10357,14111,125,1.54
1414,B,65804,MO,10356,20118,133,2.15
1415,B,21009,MD,10356,13106,72,4.06
1416,B,47401,IN,10355,21162,227,1.19
1417,B,92027,CA,10351,17768,73,0.39
1418,B,48642,MI,10350,14663,70,5.75
1419,B,59701,MT,10348,16834,170,3.3
1420,B,43615,OH,10344,19620,53,6.9
1421,B,33594,FL,10343,14067,100,1.47
1422,B,10463,NY,10342,30602,226,23.4
1423,B,55119,MN,10341,16806,75,1.62
1424,B,98503,WA,10338,18375,85,3.63
1425,B,43560,OH,10336,13107,85,7.91
1426,B,13027,NY,10323,15276,76,9.91
1427,B,42104,KY,10318,17619,187,3.21
1428,B,78653,TX,10313,12498,280,3.12
1429,B,35244,AL,10312,15189,199,2.27
1430,B,61704,IL,10311,16529,27,3.41
1431,B,98117,WA,10310,15230,95,1.69
1432,B,29680,SC,10308,13858,144,6.04
1433,B,07666,NJ,10307,13851,66,8.2
1434,B,49203,MI,10299,16999,94,4.83
1435,B,27858,NC,10298,26281,124,4.02
1436,B,99206,WA,10294,17339,109,1.13
1437,B,60423,IL,10293,11494,72,4.16
1438,B,77381,TX,10287,13709,131,-0.63
1439,B,94541,CA,10286,23217,82,0.24
1440,B,93711,CA,10283,16643,95,4.88
1441,B,94806,CA,10281,21360,59,2.07
1442,B,15236,PA,10279,14066,78,3.0
1443,B,80108,CO,10278,12801,259,-3.0
1444,B,80503,CO,10276,15508,160,0.28
1445,B,35803,AL,10276,13272,148,-0.31
1446,B,21229,MD,10271,20653,149,4.36
1447,B,54701,WI,10267,17932,61,5.07
1448,B,95835,CA,10266,15610,132,-2.12
1449,B,28306,NC,10265,17723,175,0.2
1450,B,95051,CA,10260,25152,54,-3.71
1451,B,85029,AZ,10259,19723,83,-1.98
1452,B,55117,MN,10259,17784,80,3.62
1453,B,75227,TX,10256,19605,111,-2.05
1454,B,85213,AZ,10256,15468,85,-1.38
1455,B,91701,CA,10256,13308,50,2.03
1456,B,34653,FL,10252,17752,161,-7.68
1457,B,32312,FL,10248,13039,150,-2.55
1458,B,06824,CT,10248,12690,66,7.54
1459,B,92571,CA,10247,14792,80,2.52
1460,B,11710,NY,10246,11717,51,8.7
1461,B,85042,AZ,10245,16139,116,0.82
1462,B,34231,FL,10240,19017,258,-8.11
1463,B,92037,CA,10236,19628,171,-7.61
1464,B,92040,CA,10235,16147,60,0.67
1465,B,39402,MS,10233,18780,190,3.3
1466,B,34243,FL,10230,16287,192,-1.94
1467,B,85226,AZ,10230,17406,64,1.21
1468,B,23235,VA,10230,14973,43,2.18
1469,B,77304,TX,10226,18462,323,0.37
1470,B,84120,UT,10223,14184,74,2.91
1471,B,11787,NY,10223,12147,64,6.06
1472,B,44870,OH,10220,19991,107,10.65
1473,B,98908,WA,10217,15496,142,3.51
1474,B,75216,TX,10217,20612,130,9.64
1475,B,34112,FL,10216,20626,379,10.32
1476,B,34472,FL,10216,14057,311,-1.2
1477,B,30005,GA,10215,14879,116,2.13
1478,B,27604,NC,10213,20828,181,2.79
1479,B,44312,OH,10213,14299,55,0.41
1480,B,71111,LA,10212,19563,182,3.93
1481,B,92504,CA,10210,17038,72,2.7
1482,B,08360,NJ,10208,16797,69,4.52
1483,B,77339,TX,10201,19104,169,21.01
1484,B,97478,OR,10196,15182,90,1.88
1485,B,84401,UT,10192,18615,172,2.68
1486,B,32792,FL,10185,24169,140,0.97
1487,B,19154,PA,10184,13296,34,3.76
1488,B,32127,FL,10180,15898,219,-0.91
1489,B,35173,AL,10180,12029,159,2.43
1490,B,21221,MD,10174,18364,77,8.82
1491,B,55423,MN,10162,16792,74,4.52
1492,B,43110,OH,10161,17352,89,1.83
1493,B,10305,NY,10158,16850,77,6.25
1494,B,92804,CA,10156,25451,55,4.33
1495,B,59101,MT,10150,18864,129,4.27
1496,B,27707,NC,10146,23528,156,2.1
1497,B,63125,MO,10146,14741,55,6.43
1498,B,58078,ND,10140,16416,103,3.15
1499,B,84660,UT,10137,13162,237,2.42
1500,B,50317,IA,10137,15193,127,1.2
1501,B,75036,TX,10132,11823,215,3.49
1502,B,08096,NJ,10132,15013,75,5.44
1503,B,93436,CA,10131,18928,66,5.65
1504,B,32073,FL,10125,17301,125,-3.4
1505,B,01970,MA,10118,20920,81,0.55
1506,B,44281,OH,10115,14298,35,4.9
1507,B,33470,FL,10110,11309,320,2.81
1508,B,77571,TX,10109,14428,159,5.13
1509,B,53151,WI,10109,14324,47,7.21
1510,B,61008,IL,10108,13406,32,10.47
1511,B,76522,TX,10107,17370,249,3.95
1512,B,97230,OR,10107,17190,113,-0.03
1513,B,21771,MD,10107,11401,47,2.58
1514,B,48313,MI,10107,14288,43,3.61
1515,B,06790,CT,10106,17109,78,8.03
1516,B,12020,NY,10105,15787,60,6.36
1517,B,15044,PA,10104,11285,63,4.29
1518,B,37312,TN,10100,15023,287,3.14
1519,B,33713,FL,10100,16192,131,-0.92
1520,B,77064,TX,10098,17358,89,6.02
1521,B,72120,AR,10095,15216,136,-1.45
1522,B,75044,TX,10095,17491,110,-2.91
1523,B,44122,OH,10093,17795,90,2.99
1524,B,92807,CA,10092,12985,52,5.52
1525,B,20009,DC,10091,31824,243,-5.31
1526,B,40214,KY,10088,20459,115,4.8
1527,B,17011,PA,10086,14999,45,3.12
1528,B,32043,FL,10079,13331,266,6.75
1529,B,34689,FL,10078,14193,209,0.95
1530,B,95376,CA,10072,17270,79,-0.97
1531,B,96701,HI,10067,15407,77,0.53
1532,B,92883,CA,10066,12821,163,-4.4
1533,B,48221,MI,10065,17452,175,7.27
1534,B,49504,MI,10065,18830,49,3.48
1535,B,11520,NY,10061,14912,85,5.15
1536,B,84095,UT,10056,13518,87,0.16
1537,B,30213,GA,10053,16933,214,-9.45
1538,B,63128,MO,10053,13569,49,2.05
1539,B,30338,GA,10052,17591,95,8.79
1540,B,62025,IL,10052,14347,81,9.54
1541,B,97124,OR,10050,22176,111,-0.65
1542,B,58104,ND,10049,21847,159,3.54
1543,B,27909,NC,10044,17591,169,11.48
1544,B,98370,WA,10044,13849,91,2.81
1545,B,92557,CA,10043,15748,50,-2.69
1546,B,95843,CA,10041,15207,55,0.7
1547,B,43221,OH,10040,15462,44,5.34
1548,B,01876,MA,10035,12212,27,2.58
1549,B,95688,CA,10034,14876,80,-1.67
1550,B,96822,HI,10032,19960,159,12.45
1551,B,95765,CA,10031,15147,95,1.04
1552,B,29455,SC,10028,17196,402,-1.52
1553,B,81005,CO,10026,13578,179,-1.72
1554,B,11420,NY,10026,14835,52,3.37
1555,B,96740,HI,10025,19119,309,7.36
1556,B,55449,MN,10023,11824,119,-1.2
1557,B,75080,TX,10022,19971,132,0.33
1558,B,55104,MN,10022,20358,54,2.94
1559,B,48127,MI,10022,14616,50,5.0
1560,B,83687,ID,10020,14484,129,4.88
1561,B,80221,CO,10017,15165,149,-3.94
1562,B,30236,GA,10016,19230,149,0.07
1563,B,77351,TX,10015,17934,299,-1.03
1564,B,98155,WA,10015,14526,82,0.84
1565,B,01701,MA,10015,13131,47,3.92
1566,B,30028,GA,10010,11720,235,-2.67
1567,B,90815,CA,10009,15908,53,4.18
1568,B,97526,OR,10007,15987,213,2.13
1569,B,84005,UT,10006,11949,380,1.02
1570,B,94526,CA,10006,12265,71,8.03
1571,B,85641,AZ,10000,11269,232,-0.03
1572,B,62269,IL,9997,14616,95,1.85
1573,B,95209,CA,9997,13923,61,-0.18
1574,B,19146,PA,9996,22182,215,6.72
1575,B,84118,UT,9990,12230,56,2.23
1576,B,27012,NC,9987,13107,123,3.69
1577,B,08021,NJ,9985,22195,113,7.55
1578,B,90042,CA,9985,22630,85,-1.82
1579,B,33155,FL,9984,16046,116,5.86
1580,B,60616,IL,9976,26912,96,2.87
1581,B,11793,NY,9974,10774,41,6.95
1582,B,92308,CA,9972,14995,156,-0.54
1583,B,80911,CO,9972,12516,116,-2.66
1584,B,35603,AL,9970,14509,158,0.55
1585,B,85048,AZ,9970,14369,95,-2.43
1586,B,38632,MS,9968,12073,142,0.15
1587,B,11413,NY,9967,14485,49,2.62
1588,B,33556,FL,9966,12333,197,-3.82
1589,B,10950,NY,9966,17531,183,7.44
1590,B,95337,CA,9965,14193,145,-0.81
1591,B,97501,OR,9964,19370,124,1.89
1592,B,44118,OH,9963,17849,104,3.33
1593,B,60707,IL,9961,16590,57,4.43
1594,B,06111,CT,9960,13334,20,5.98
1595,B,66614,KS,9954,15273,42,0.74
1596,B,72758,AR,9945,18145,198,6.53
1597,B,73505,OK,9945,22124,194,2.53
1598,B,94551,CA,9945,14475,83,-1.16
1599,B,78626,TX,9944,16866,272,-0.82
1600,B,44512,OH,9943,15770,70,3.82
1601,B,34219,FL,9942,12570,375,7.87
1602,B,87109,NM,9939,20826,72,4.01
1603,B,85742,AZ,9934,12725,111,3.45
1604,B,17701,PA,9934,20891,53,5.32
1605,B,98036,WA,9933,17228,99,1.02
1606,B,84037,UT,9928,11370,82,4.07
1607,B,94954,CA,9928,15147,26,0.04
1608,B,28278,NC,9926,13812,221,-6.71
1609,B,80831,CO,9922,11148,288,1.47
1610,B,81504,CO,9922,13042,139,5.29
1611,B,17202,PA,9920,12925,92,1.92
1612,B,98801,WA,9919,18034,107,2.71
1613,B,22153,VA,9918,11121,49,2.51
1614,B,83201,ID,9917,15885,151,0.89
1615,B,11779,NY,9915,14145,64,8.17
1616,B,33880,FL,9912,17055,145,-1.51
1617,B,46530,IN,9910,11939,72,3.05
1618,B,33313,FL,9909,25312,471,0.72
1619,B,44121,OH,9909,14916,75,1.43
1620,B,85050,AZ,9907,13000,101,-0.16
1621,B,08050,NJ,9907,14182,95,3.19
1622,B,22630,VA,9905,14465,143,4.89
1623,B,68116,NE,9904,13071,52,0.95
1624,B,80005,CO,9903,11397,98,1.22
1625,B,33993,FL,9894,13098,722,-6.74
1626,B,37076,TN,9890,19235,235,1.59
1627,B,17315,PA,9890,11442,49,10.86
1628,B,48116,MI,9889,12230,67,2.91
1629,B,60046,IL,9889,12544,38,6.38
1630,B,89135,NV,9888,14761,291,13.95
1631,B,60060,IL,9886,13827,65,7.84
1632,B,28348,NC,9885,14413,137,9.51
1633,B,89015,NV,9883,16812,173,1.69
1634,B,72450,AR,9883,16784,124,1.72
1635,B,94583,CA,9883,14208,86,-6.36
1636,B,77316,TX,9881,11879,558,2.21
1637,B,18940,PA,9875,11763,70,5.1
1638,B,99223,WA,9874,15252,113,2.31
1639,B,84062,UT,9874,14649,112,4.38
1640,B,64152,MO,9872,12525,96,4.68
1641,B,93308,CA,9868,21443,109,-0.55
1642,B,23234,VA,9863,18167,75,-1.82
1643,B,34758,FL,9862,14977,237,3.18
1644,B,95678,CA,9862,18594,64,-1.54
1645,B,91326,CA,9861,13670,114,1.51
1646,B,98685,WA,9855,11901,130,2.51
1647,B,08820,NJ,9855,13215,110,4.96
1648,B,94010,CA,9854,17834,43,-18.08
1649,B,60035,IL,9851,12376,51,4.54
1650,B,29407,SC,9849,18723,105,3.12
1651,B,33445,FL,9848,17584,250,2.58
1652,B,74011,OK,9846,12898,161,0.56
1653,B,94531,CA,9846,13888,87,-5.91
1654,B,72653,AR,9839,15123,196,2.7
1655,B,21113,MD,9839,16103,76,9.05
1656,B,80249,CO,9836,13375,103,-2.7
1657,B,29841,SC,9834,16474,146,7.03
1658,B,55378,MN,9829,11857,78,1.86
1659,B,22033,VA,9829,16057,72,4.16
1660,B,32837,FL,9828,21021,162,-2.26
1661,B,07047,NJ,9828,25024,113,16.28
1662,B,38655,MS,9824,25173,456,8.88
1663,B,08003,NJ,9821,12049,73,6.39
1664,B,99337,WA,9816,11725,136,1.7
1665,B,20721,MD,9816,11284,64,9.78
1666,B,92553,CA,9813,20175,41,1.99
1667,B,33062,FL,9806,23059,621,-5.88
1668,B,75074,TX,9806,19362,122,-0.74
1669,B,92324,CA,9806,19150,55,-0.11
1670,B,19038,PA,9802,11889,26,2.48
1671,B,17403,PA,9796,16490,65,2.49
1672,B,32003,FL,9793,11842,87,-2.39
1673,B,41051,KY,9793,11643,66,7.33
1674,B,11731,NY,9786,11073,37,6.83
1675,B,60525,IL,9785,12991,48,6.88
1676,B,72034,AR,9784,22523,135,3.55
1677,B,32757,FL,9782,14625,246,1.38
1678,B,12590,NY,9782,14563,81,3.58
1679,B,42420,KY,9782,17316,57,-0.88
1680,B,48322,MI,9780,13481,84,5.39
1681,B,18702,PA,9777,19738,56,-7.38
1682,B,46142,IN,9775,14396,70,3.21
1683,B,11510,NY,9775,11463,52,6.61
1684,B,88310,NM,9770,18112,156,8.86
1685,B,93906,CA,9770,18432,24,4.38
1686,B,27405,NC,9767,21762,124,3.87
1687,B,49508,MI,9764,16583,48,3.9
1688,B,97471,OR,9762,13356,129,0.86
1689,B,91362,CA,9758,14456,120,2.45
1690,B,37207,TN,9741,18698,296,2.63
1691,B,87401,NM,9741,17611,66,4.19
1692,B,53142,WI,9738,13787,61,7.27
1693,B,23229,VA,9738,14210,38,5.65
1694,B,97202,OR,9737,20097,86,-0.65
1695,B,40220,KY,9737,16019,57,6.15
1696,B,44133,OH,9727,14514,54,10.79
1697,B,27705,NC,9725,24108,114,1.52
1698,B,79763,TX,9724,15063,58,-0.81
1699,B,89523,NV,9722,16662,84,3.6
1700,B,33990,FL,9721,15483,189,-7.43
1701,B,60050,IL,9718,13399,45,5.82
1702,B,72756,AR,9717,17225,196,3.66
1703,B,80220,CO,9714,17675,195,0.88
1704,B,55434,MN,9714,12221,50,3.21
1705,B,45103,OH,9711,14928,54,6.86
1706,B,11364,NY,9710,14527,118,7.47
1707,B,11003,NY,9710,12641,47,6.77
1708,B,75703,TX,9709,20045,256,0.97
1709,B,28806,NC,9703,21185,223,1.22
1710,B,33178,FL,9702,21931,321,7.94
1711,B,44266,OH,9702,15036,27,2.78
1712,B,93561,CA,9701,13876,261,4.69
1713,B,32258,FL,9700,16257,111,2.82
1714,B,93033,CA,9699,17523,13,-0.03
1715,B,30084,GA,9698,15950,134,-2.86
1716,B,01826,MA,9694,12480,41,4.74
1717,B,48315,MI,9693,11252,87,6.66
1718,B,29615,SC,9688,19687,131,5.17
1719,B,32533,FL,9685,12035,187,1.1
1720,B,95148,CA,9682,12385,37,-6.4
1721,B,99507,AK,9680,14552,41,5.72
1722,B,28677,NC,9679,16096,202,6.66
1723,B,47421,IN,9672,13112,99,1.33
1724,B,08822,NJ,9672,12274,62,10.0
1725,B,80138,CO,9671,12752,151,2.56
1726,B,53188,WI,9670,14703,88,6.79
1727,B,34606,FL,9668,14009,174,-2.23
1728,B,02038,MA,9668,12889,33,3.22
1729,B,97701,OR,9666,19020,240,-0.42
1730,B,33417,FL,9664,20450,354,-8.43
1731,B,32927,FL,9664,11843,88,0.07
1732,B,49525,MI,9663,12577,48,4.55
1733,B,80003,CO,9662,14193,119,2.12
1734,B,03079,NH,9661,13511,39,5.83
1735,B,80920,CO,9659,14631,154,-0.5
1736,B,36526,AL,9657,14074,269,-2.94
1737,B,36330,AL,9651,16963,242,5.61
1738,B,48198,MI,9651,17379,62,6.34
1739,B,33903,FL,9650,15400,184,-4.96
1740,B,87505,NM,9650,18733,169,2.54
1741,B,48423,MI,9645,15248,70,4.28
1742,B,60609,IL,9641,26122,37,-2.79
1743,B,92211,CA,9640,20152,393,2.46
1744,B,48446,MI,9640,12797,57,6.34
1745,B,64119,MO,9633,13515,57,2.85
1746,B,79707,TX,9632,16654,178,1.64
1747,B,07410,NJ,9629,12392,45,10.97
1748,B,78749,TX,9628,16554,82,-6.18
1749,B,11803,NY,9619,10794,49,7.68
1750,B,33823,FL,9617,15383,206,1.84
1751,B,91311,CA,9613,14879,106,4.1
1752,B,46614,IN,9613,12995,58,4.8
1753,B,58201,ND,9609,20277,95,5.25
1754,B,56401,MN,9607,16038,140,5.06
1755,B,98021,WA,9607,12629,130,-0.17
1756,B,79907,TX,9607,17505,38,5.18
1757,B,76182,TX,9604,11845,98,0.59
1758,B,46342,IN,9603,13774,90,6.21
1759,B,28792,NC,9602,18121,184,1.29
1760,B,11572,NY,9601,10811,68,6.01
1761,B,57103,SD,9598,15326,78,2.01
1762,B,32570,FL,9597,15387,162,-0.24
1763,B,98366,WA,9597,15391,87,3.29
1764,B,90066,CA,9595,26591,87,-7.39
1765,B,33905,FL,9590,17337,273,-4.88
1766,B,08332,NJ,9589,15063,120,4.32
1767,B,46239,IN,9583,12284,128,1.68
1768,B,80241,CO,9580,12724,98,1.74
1769,B,78209,TX,9576,22771,320,1.38
1770,B,14127,NY,9574,13412,43,11.16
1771,B,33702,FL,9573,16240,177,-4.94
1772,B,77015,TX,9569,19961,86,0.18
1773,B,18045,PA,9564,12250,38,4.38
1774,B,99336,WA,9563,20915,123,4.36
1775,B,65721,MO,9562,13467,125,3.66
1776,B,60007,IL,9560,13580,37,4.41
1777,B,07036,NJ,9556,16911,75,6.82
1778,B,94066,CA,9556,16736,35,1.2
1779,B,92618,CA,9555,26470,269,-7.06
1780,B,60651,IL,9554,22885,25,2.8
1781,B,75060,TX,9553,15538,67,-0.04
1782,B,29577,SC,9550,22630,1048,6.07
1783,B,07747,NJ,9550,13134,70,6.54
1784,B,45039,OH,9548,11616,63,7.3
1785,B,95973,CA,9547,15836,69,1.23
1786,B,95111,CA,9547,16303,28,3.42
1787,B,27302,NC,9544,14997,166,-0.76
1788,B,78744,TX,9544,20035,138,-2.54
1789,B,23669,VA,9544,17589,107,6.02
1790,B,89011,NV,9539,15505,508,10.16
1791,B,45324,OH,9538,19729,68,6.3
1792,B,10309,NY,9535,12770,57,11.77
1793,B,86409,AZ,9534,14616,122,3.12
1794,B,28205,NC,9533,24605,249,3.2
1795,B,74063,OK,9533,12823,69,2.53
1796,B,60201,IL,9533,18890,49,5.53
1797,B,90620,CA,9532,13579,40,0.69
1798,B,30214,GA,9530,12680,245,1.26
1799,B,98607,WA,9527,12667,201,-2.69
1800,B,11704,NY,9524,13406,42,5.39
1801,B,34110,FL,9522,18394,337,-2.16
1802,B,97303,OR,9522,15740,110,2.03
1803,B,31061,GA,9518,19323,210,-0.64
1804,B,50265,IA,9516,15104,117,1.43
1805,B,76904,TX,9515,16812,254,0.25
1806,B,98277,WA,9512,17694,136,5.39
1807,B,08055,NJ,9510,11103,77,5.93
1808,B,76020,TX,9506,13355,208,-1.92
1809,B,80601,CO,9506,13885,161,-0.07
1810,B,27614,NC,9501,14834,129,7.69
1811,B,89134,NV,9499,12897,252,9.34
1812,B,92675,CA,9498,12801,73,-9.59
1813,B,98229,WA,9493,14392,102,-0.86
1814,B,11207,NY,9492,38030,81,10.35
1815,B,29316,SC,9490,12202,188,-0.31
1816,B,53219,WI,9487,15661,61,4.56
1817,B,22901,VA,9486,17648,145,3.13
1818,B,77040,TX,9485,19197,109,-4.01
1819,B,19002,PA,9485,12607,47,5.38
1820,B,95060,CA,9484,20181,62,-3.9
1821,B,89130,NV,9482,13819,132,2.88
1822,B,32084,FL,9478,17839,336,0.07
1823,B,30316,GA,9476,18095,303,2.13
1824,B,37659,TN,9476,12798,127,2.96
1825,B,28273,NC,9469,19236,112,2.23
1826,B,79706,TX,9467,12368,141,6.47
1827,B,44111,OH,9466,19041,70,6.36
1828,B,78230,TX,9465,21191,136,-2.09
1829,B,97330,OR,9464,19957,106,0.74
1830,B,83607,ID,9462,11858,127,2.23
1831,B,92065,CA,9459,12774,99,2.56
1832,B,85635,AZ,9458,17138,111,3.53
1833,B,30606,GA,9456,22603,240,3.41
1834,B,27330,NC,9456,17026,151,4.21
1835,B,33317,FL,9454,13625,145,-2.15
1836,B,88240,NM,9453,16490,41,7.2
1837,B,11230,NY,9452,34269,114,9.1
1838,B,08005,NJ,9452,11671,98,8.77
1839,B,45342,OH,9450,15818,64,8.48
1840,B,97128,OR,9449,15291,144,1.16
1841,B,59404,MT,9448,11828,66,1.91
1842,B,70791,LA,9443,12112,150,-0.06
1843,B,75214,TX,9439,17474,158,6.31
1844,B,34275,FL,9438,13139,209,-1.01
1845,B,40207,KY,9436,14507,74,2.93
1846,B,94577,CA,9435,17681,30,-1.77
1847,B,48035,MI,9433,15615,75,4.8
1848,B,48228,MI,9430,22620,185,11.01
1849,B,95136,CA,9430,16535,62,-1.0
1850,B,49464,MI,9430,11001,47,6.11
1851,B,92203,CA,9429,14750,195,-1.34
1852,B,29640,SC,9429,14096,118,3.58
1853,B,01801,MA,9429,16982,34,4.16
1854,B,95662,CA,9428,13028,52,0.07
1855,B,48911,MI,9428,18069,49,4.64
1856,B,92679,CA,9426,10904,108,10.96
1857,B,50315,IA,9421,16579,115,1.32
1858,B,07030,NJ,9421,29985,107,-2.9
1859,B,80026,CO,9417,14209,98,2.26
1860,B,20170,VA,9412,14084,47,1.78
1861,B,91304,CA,9411,18875,86,-2.79
1862,B,53221,WI,9406,17126,40,7.16
1863,B,64133,MO,9400,16435,82,-0.51
1864,B,60098,IL,9398,13310,52,7.1
1865,B,22408,VA,9395,12438,87,3.44
1866,B,70068,LA,9393,13379,109,7.91
1867,B,70461,LA,9387,12900,195,1.89
1868,B,65714,MO,9381,13459,135,1.01
1869,B,55060,MN,9380,12631,95,4.36
1870,B,32608,FL,9374,25939,243,2.1
1871,B,60101,IL,9374,14145,38,6.12
1872,B,23225,VA,9371,21545,47,3.74
1873,B,77441,TX,9369,10615,421,19.48
1874,B,93012,CA,9368,14399,94,0.71
1875,B,16601,PA,9368,14992,57,12.95
1876,B,55122,MN,9367,13965,64,2.61
1877,B,92648,CA,9363,21609,95,7.34
1878,B,90047,CA,9361,18042,87,1.53
1879,B,29456,SC,9360,16136,106,2.1
1880,B,33193,FL,9356,16322,131,2.38
1881,B,01752,MA,9352,17370,51,3.55
1882,B,92307,CA,9349,13832,149,1.69
1883,B,17013,PA,9348,16065,72,1.68
1884,B,68135,NE,9344,10657,62,3.51
1885,B,15227,PA,9340,13952,75,-0.22
1886,B,43062,OH,9335,11979,63,1.05
1887,B,01821,MA,9334,11666,35,3.54
1888,B,33611,FL,9333,18682,224,1.63
1889,B,32937,FL,9332,13619,161,-0.45
1890,B,84106,UT,9330,16782,94,2.51
1891,B,85037,AZ,9329,16020,100,0.57
1892,B,22980,VA,9328,14711,96,7.22
1893,B,92570,CA,9328,15590,60,1.96
1894,B,89032,NV,9325,16514,132,0.53
1895,B,59602,MT,9325,12091,85,7.18
1896,B,68046,NE,9324,12849,156,2.75
1897,B,98031,WA,9322,14342,83,0.71
1898,B,20901,MD,9319,13783,50,1.5
1899,B,91387,CA,9318,14938,117,1.92
1900,B,08865,NJ,9318,14146,81,3.38
1901,B,29016,SC,9317,11958,195,1.39
1902,B,37323,TN,9316,12841,159,4.89
1903,B,29036,SC,9315,10910,182,4.62
1904,B,85283,AZ,9315,20620,97,0.65
1905,B,48150,MI,9315,10724,39,4.75
1906,B,70058,LA,9310,16063,127,2.31
1907,B,19047,PA,9301,13150,42,5.52
1908,B,06095,CT,9299,11904,23,5.95
1909,B,40241,KY,9295,13634,56,-0.25
1910,B,23139,VA,9294,10659,111,3.86
1911,B,06109,CT,9294,11833,26,9.16
1912,B,97306,OR,9292,14151,161,0.51
1913,B,60090,IL,9292,15960,39,6.99
1914,B,45005,OH,9291,13458,80,1.96
1915,B,84405,UT,9289,12645,82,4.04
1916,B,23602,VA,9287,18876,94,6.2
1917,B,92647,CA,9285,22340,45,3.81
1918,B,30014,GA,9281,16159,285,0.18
1919,B,33909,FL,9280,14051,418,-5.88
1920,B,70592,LA,9279,11583,243,-0.8
1921,B,93021,CA,9274,12103,62,3.29
1922,B,60134,IL,9271,11159,41,6.57
1923,B,95404,CA,9269,16850,108,3.96
1924,B,98003,WA,9268,20380,96,2.42
1925,B,44685,OH,9268,11422,69,6.79
1926,B,93314,CA,9267,11393,111,2.35
1927,B,48186,MI,9267,14543,59,7.93
1928,B,48823,MI,9264,23757,104,4.25
1929,B,85257,AZ,9263,16392,169,3.85
1930,B,74066,OK,9255,13736,60,8.16
1931,B,28270,NC,9254,12653,109,6.12
1932,B,76016,TX,9252,11609,126,0.82
1933,B,77536,TX,9241,12086,77,1.11
1934,B,65301,MO,9237,15096,79,12.01
1935,B,55128,MN,9237,12083,62,2.93
1936,B,03054,NH,9237,10581,29,2.83
1937,B,20165,VA,9233,12283,44,10.5
1938,B,48021,MI,9232,14124,91,2.63
1939,B,85756,AZ,9230,12772,71,-6.14
1940,B,54494,WI,9230,13110,39,5.73
1941,B,12804,NY,9228,13287,54,15.96
1942,B,32563,FL,9227,12883,189,2.11
1943,B,33435,FL,9226,20058,379,5.88
1944,B,55419,MN,9225,12119,46,2.64
1945,B,49548,MI,9222,13174,23,4.25
1946,B,95610,CA,9221,18277,77,0.78
1947,B,98225,WA,9220,24202,126,0.25
1948,B,61701,IL,9218,18038,49,3.7
1949,B,78704,TX,9214,29959,349,-0.91
1950,B,92404,CA,9205,19403,54,4.04
1951,B,98125,WA,9203,21493,105,3.09
1952,B,97404,OR,9203,13823,53,0.87
1953,B,37110,TN,9202,15079,158,6.11
1954,B,71360,LA,9199,15970,81,-0.06
1955,B,77471,TX,9197,17618,215,7.91
1956,B,22101,VA,9191,11316,133,-1.54
1957,B,77535,TX,9190,12037,259,-3.98
1958,B,11355,NY,9185,32049,223,21.97
1959,B,60515,IL,9182,12443,43,6.21
1960,B,20175,VA,9180,12695,82,5.23
1961,B,82604,WY,9180,11589,68,3.41
1962,B,40515,KY,9174,16031,71,4.05
1963,B,48917,MI,9173,15975,47,4.48
1964,B,55014,MN,9170,11163,46,1.63
1965,B,53215,WI,9170,21307,28,7.92
1966,B,98001,WA,9169,12369,57,1.87
1967,B,78221,TX,9167,14939,124,-17.37
1968,B,30909,GA,9165,24005,182,2.72
1969,B,19904,DE,9165,16047,100,1.97
1970,B,29045,SC,9164,11643,188,0.59
1971,B,02920,RI,9163,15052,43,5.2
1972,B,96825,HI,9162,11956,126,4.2
1973,B,30705,GA,9160,13114,93,8.38
1974,B,37601,TN,9158,18153,103,4.32
1975,B,29607,SC,9156,22288,204,8.24
1976,B,48910,MI,9156,17119,86,5.61
1977,B,30223,GA,9153,15647,207,5.68
1978,B,34772,FL,9152,11673,307,9.5
1979,B,11735,NY,9145,11435,41,7.57
1980,B,80439,CO,9143,11137,245,0.17
1981,B,32514,FL,9143,19117,129,-5.85
1982,B,97211,OR,9143,15106,69,0.83
1983,B,76001,TX,9140,12038,96,-0.38
1984,B,85027,AZ,9140,17458,76,1.28
1985,B,55418,MN,9138,14859,61,1.87
1986,B,92260,CA,9137,21659,243,-2.42
1987,B,95008,CA,9135,20013,66,3.68
1988,B,14226,NY,9134,13282,32,5.59
1989,B,03038,NH,9133,14207,39,9.02
1990,B,20112,VA,9131,9598,54,2.79
1991,B,77532,TX,9130,12327,259,-7.37
1992,B,27530,NC,9130,17796,123,3.43
1993,B,52601,IA,9125,14107,123,3.89
1994,B,90640,CA,9125,20438,45,7.13
1995,B,50310,IA,9124,14162,96,1.29
1996,B,24019,VA,9119,12373,77,3.47
1997,B,43035,OH,9114,12595,80,9.44
1998,B,10598,NY,9113,10994,82,8.67
1999,B,30038,GA,9111,17061,169,-4.17
2000,B,75248,TX,9109,18531,169,1.78
2001,B,10465,NY,9109,17200,85,7.98
2002,B,37664,TN,9105,13914,105,-1.06
2003,B,39452,MS,9101,12267,71,-12.47
2004,B,83713,ID,9101,12019,55,2.42
2005,B,85033,AZ,9100,16691,56,0.38
2006,B,19115,PA,9099,15071,42,4.63
2007,B,95403,CA,9097,17504,88,-1.44
2008,B,02889,RI,9097,11947,49,5.81
2009,B,78589,TX,9096,12393,168,-0.65
2010,B,70816,LA,9096,21024,139,4.48
2011,B,21227,MD,9096,14260,41,4.58
2012,B,73401,OK,9094,16349,210,2.0
2013,B,34684,FL,9093,14308,200,-12.73
2014,B,53072,WI,9090,12594,80,5.11
2015,B,42240,KY,9089,18663,155,5.18
2016,B,37214,TN,9088,15526,138,-1.2
2017,B,83605,ID,9086,14197,118,2.56
2018,B,86406,AZ,9083,14846,233,0.46
2019,B,89084,NV,9082,13211,227,24.63
2020,B,85541,AZ,9081,15908,276,-0.21
2021,B,37072,TN,9081,14377,153,1.24
2022,B,55033,MN,9079,11884,65,3.57
2023,B,37934,TN,9077,10702,123,2.66
2024,B,27253,NC,9076,14821,131,4.12
2025,B,11210,NY,9075,22817,77,-1.35
2026,B,50401,IA,9074,14746,131,1.8
2027,B,36301,AL,9073,17872,153,0.19
2028,B,72764,AR,9073,20781,111,4.68
2029,B,95691,CA,9070,14826,58,0.16
2030,B,60076,IL,9061,11908,38,5.59
2031,B,86004,AZ,9060,16550,169,1.58
2032,B,98512,WA,9060,13216,94,-2.48
2033,B,97267,OR,9058,12983,68,1.56
2034,B,19805,DE,9056,17281,78,1.8
2035,B,28461,NC,9054,14435,336,3.27
2036,B,48309,MI,9052,11635,63,4.98
2037,B,92867,CA,9052,13693,39,1.25
2038,B,48162,MI,9049,12698,37,6.81
2039,B,48174,MI,9048,13124,48,2.0
2040,B,92555,CA,9046,12337,75,-6.92
2041,B,18042,PA,9046,17932,47,12.99
2042,B,23608,VA,9045,18448,113,1.38
2043,B,08902,NJ,9045,15892,79,6.55
2044,B,77047,TX,9042,13288,148,12.73
2045,B,76092,TX,9041,9886,156,8.09
2046,B,48306,MI,9039,10202,75,4.15
2047,B,91367,CA,9038,20577,149,3.33
2048,B,07840,NJ,9033,12974,46,4.38
2049,B,32539,FL,9030,12642,233,-0.32
2050,B,64015,MO,9029,13147,71,3.07
2051,B,70001,LA,9026,19103,119,3.45
2052,B,37814,TN,9026,15287,109,3.12
2053,B,55987,MN,9026,15312,52,4.27
2054,B,27834,NC,9023,27368,172,2.94
2055,B,60655,IL,9023,11277,36,5.22
2056,B,90706,CA,9023,24499,32,6.52
2057,B,20852,MD,9022,23023,155,-3.58
2058,B,79762,TX,9020,17259,154,4.63
2059,B,55417,MN,9020,11556,42,2.94
2060,B,84414,UT,9017,10578,134,1.99
2061,B,19114,PA,9016,14703,56,3.93
2062,B,60631,IL,9012,12757,30,4.02
2063,B,76901,TX,9006,13783,174,6.39
2064,B,72956,AR,9006,14119,91,7.4
2065,B,13126,NY,9005,15668,58,-0.32
2066,B,98338,WA,9002,11336,102,3.8
2067,B,27217,NC,8998,16392,90,1.6
2068,B,27511,NC,8995,14359,83,0.03
2069,B,06810,CT,8994,22128,63,-0.66
2070,B,32779,FL,8992,11644,112,6.3
2071,B,15401,PA,8992,15598,73,5.18
2072,B,43204,OH,8991,19286,123,-0.26
2073,B,20016,DC,8990,15457,155,-2.69
2074,B,55422,MN,8989,13082,68,3.47
2075,B,11412,NY,8989,12821,54,2.71
2076,B,60467,IL,8989,10055,48,3.04
2077,B,07039,NJ,8988,10684,90,5.26
2078,B,77327,TX,8986,12967,325,-2.73
2079,B,30165,GA,8982,17159,156,0.74
2080,B,30032,GA,8981,20676,288,-4.16
2081,B,84045,UT,8979,11273,385,1.52
2082,B,53150,WI,8978,10546,42,6.32
2083,B,50322,IA,8976,13293,99,3.49
2084,B,35749,AL,8975,10364,266,-1.31
2085,B,75075,TX,8975,16262,111,0.18
2086,B,40004,KY,8974,13090,107,4.76
2087,B,23236,VA,8968,10839,51,2.89
2088,B,32327,FL,8964,11730,160,-4.38
2089,B,08817,NJ,8964,17260,89,4.53
2090,B,91343,CA,8964,18891,68,4.02
2091,B,55448,MN,8963,10847,51,3.65
2092,B,11373,NY,8962,34797,117,3.06
2093,B,85750,AZ,8961,13654,136,1.08
2094,B,22701,VA,8960,13770,125,5.25
2095,B,98662,WA,8959,14609,110,2.15
2096,B,63052,MO,8958,10823,50,3.72
2097,B,85718,AZ,8949,15138,163,1.15
2098,B,46131,IN,8946,13151,70,4.72
2099,B,46845,IN,8945,10709,88,3.78
2100,B,77355,TX,8944,11279,212,8.72
2101,B,11204,NY,8943,27498,46,7.23
2102,B,55129,MN,8940,11465,130,1.5
2103,B,43512,OH,8939,12665,37,3.72
2104,B,89139,NV,8938,15206,166,2.54
2105,B,53546,WI,8936,12816,40,8.96
2106,B,33541,FL,8935,14159,146,-4.22
2107,B,89509,NV,8935,18290,95,1.88
2108,B,28405,NC,8934,17073,109,6.4
2109,B,47304,IN,8933,14303,86,6.17
2110,B,38671,MS,8932,15565,82,5.21
2111,B,07748,NJ,8929,10446,37,6.2
2112,B,86401,AZ,8923,13662,185,1.99
2113,B,08205,NJ,8923,11660,127,11.59
2114,B,97304,OR,8922,14547,169,2.79
2115,B,75034,TX,8921,23836,216,5.58
2116,B,93292,CA,8920,15028,100,2.75
2117,B,68104,NE,8920,16330,75,1.31
2118,B,38018,TN,8919,15110,145,1.95
2119,B,48329,MI,8918,10249,52,3.29
2120,B,71291,LA,8916,15290,37,3.84
2121,B,55407,MN,8912,15979,57,3.07
2122,B,85301,AZ,8910,24019,94,-5.18
2123,B,97222,OR,8909,16910,57,0.99
2124,B,08087,NJ,8902,12982,133,0.57
2125,B,06811,CT,8901,12568,70,5.38
2126,B,22314,VA,8898,21154,138,0.06
2127,B,37379,TN,8897,12089,113,3.28
2128,B,27278,NC,8897,12328,106,6.43
2129,B,22602,VA,8894,11716,153,8.16
2130,B,28752,NC,8893,14141,132,0.35
2131,B,89113,NV,8891,16151,261,-5.71
2132,B,30248,GA,8890,11435,212,-3.17
2133,B,49546,MI,8887,13561,47,3.99
2134,B,33703,FL,8884,12331,267,-3.97
2135,B,39759,MS,8882,23418,151,7.79
2136,B,53217,WI,8882,12301,67,4.96
2137,B,32583,FL,8878,11169,189,-2.97
2138,B,32720,FL,8878,13962,138,-0.1
2139,B,76034,TX,8877,9600,80,1.85
2140,B,33134,FL,8875,18136,179,2.19
2141,B,46236,IN,8871,10168,67,2.66
2142,B,21742,MD,8870,14099,111,5.19
2143,B,58504,ND,8870,12479,63,3.14
2144,B,80132,CO,8869,10413,226,-0.73
2145,B,88012,NM,8868,12704,189,3.37
2146,B,55416,MN,8864,19197,118,2.68
2147,B,50701,IA,8862,14530,71,1.52
2148,B,61107,IL,8860,13711,33,9.86
2149,B,50021,IA,8856,12463,238,2.95
2150,B,77073,TX,8856,14989,96,-9.76
2151,B,53105,WI,8852,12995,78,8.64
2152,B,74008,OK,8850,12447,301,7.98
2153,B,44004,OH,8848,15262,84,3.7
2154,B,48080,MI,8848,11424,78,3.89
2155,B,24112,VA,8845,15999,113,6.87
2156,B,43420,OH,8837,13876,39,2.68
2157,B,38135,TN,8836,11166,78,0.61
2158,B,14626,NY,8834,13717,29,1.46
2159,B,78244,TX,8832,12978,158,-1.77
2160,B,60516,IL,8830,11912,33,4.63
2161,B,29150,SC,8827,17658,153,7.15
2162,B,70122,LA,8826,17131,154,-3.96
2163,B,11414,NY,8826,12223,94,15.28
2164,B,60110,IL,8826,12297,22,8.56
2165,B,49505,MI,8824,14197,34,2.28
2166,B,98902,WA,8822,17723,80,1.96
2167,B,73162,OK,8822,12454,77,2.63
2168,B,39532,MS,8821,15466,117,-0.45
2169,B,43229,OH,8818,23290,30,3.19
2170,B,44805,OH,8817,13248,35,5.18
2171,B,35811,AL,8816,12314,220,0.47
2172,B,97301,OR,8815,21419,130,1.38
2173,B,58701,ND,8815,16267,59,0.78
2174,B,32503,FL,8811,14419,169,4.01
2175,B,54401,WI,8811,14230,28,8.96
2176,B,89081,NV,8810,14166,122,9.08
2177,B,90266,CA,8810,14945,71,15.69
2178,B,75048,TX,8807,10445,116,1.26
2179,B,02368,MA,8806,13091,42,5.3
2180,B,38506,TN,8804,13018,158,4.25
2181,B,92220,CA,8798,13258,151,10.22
2182,B,85741,AZ,8795,14985,53,0.22
2183,B,45459,OH,8790,13988,54,4.83
2184,B,06410,CT,8789,10463,32,4.6
2185,B,78232,TX,8787,16369,127,3.6
2186,B,60048,IL,8787,10826,50,6.61
2187,B,24502,VA,8786,18576,136,3.08
2188,B,33156,FL,8784,13215,266,8.69
2189,B,33570,FL,8784,14049,234,6.17
2190,B,53214,WI,8783,17530,33,6.25
2191,B,08046,NJ,8780,11482,106,7.67
2192,B,92694,CA,8779,12424,129,14.67
2193,B,98312,WA,8779,14450,118,6.19
2194,B,21146,MD,8779,10329,52,3.23
2195,B,80923,CO,8776,12905,134,1.86
2196,B,20815,MD,8776,14192,123,-3.84
2197,B,32507,FL,8775,19131,440,-4.57
2198,B,46203,IN,8775,18057,250,0.14
2199,B,29209,SC,8774,16520,141,1.04
2200,B,11372,NY,8773,26613,170,9.65
2201,B,37086,TN,8773,13282,128,-0.76
2202,B,98661,WA,8772,22291,118,0.68
2203,B,94523,CA,8772,14585,49,0.57
2204,B,59715,MT,8770,17116,184,7.34
2205,B,43537,OH,8767,13071,43,2.84
2206,B,27103,NC,8766,17884,133,3.25
2207,B,60646,IL,8765,11636,35,5.14
2208,B,92805,CA,8764,23195,66,0.59
2209,B,23453,VA,8763,13056,58,6.41
2210,B,37830,TN,8762,15110,107,2.48
2211,B,32250,FL,8760,14935,192,2.42
2212,B,20169,VA,8759,9511,89,-1.65
2213,B,85367,AZ,8756,16265,179,7.37
2214,B,63146,MO,8756,15555,77,4.88
2215,B,44515,OH,8755,13992,44,4.66
2216,B,49855,MI,8754,15779,80,5.91
2217,B,55443,MN,8753,12275,82,-0.33
2218,B,60544,IL,8752,10553,55,3.04
2219,B,90049,CA,8751,18684,220,-6.89
2220,B,60074,IL,8750,14953,57,6.38
2221,B,23435,VA,8746,13386,179,9.05
2222,B,32506,FL,8746,16625,133,7.22
2223,B,78240,TX,8745,27713,161,2.2
2224,B,37209,TN,8743,21421,374,1.54
2225,B,97603,OR,8742,13568,122,1.87
2226,B,49418,MI,8742,12801,45,3.91
2227,B,29212,SC,8740,13374,104,-5.35
2228,B,33055,FL,8737,12112,59,6.27
2229,B,80129,CO,8735,12674,83,0.96
2230,B,48071,MI,8735,14690,61,2.39
2231,B,68022,NE,8726,12521,240,1.43
2232,B,48135,MI,8725,11395,43,2.22
2233,B,29440,SC,8724,13845,170,9.95
2234,B,48067,MI,8724,13714,122,3.03
2235,B,95826,CA,8724,16712,44,-0.73
2236,B,92115,CA,8723,23448,96,0.14
2237,B,91786,CA,8723,20094,76,3.65
2238,B,95370,CA,8722,13985,139,0.06
2239,B,48126,MI,8721,16919,42,3.05
2240,B,75009,TX,8719,9943,463,-3.56
2241,B,95382,CA,8718,14167,47,1.87
2242,B,50266,IA,8716,18481,255,2.12
2243,B,16509,PA,8716,12900,28,8.94
2244,B,77515,TX,8715,13127,219,-2.52
2245,B,21811,MD,8713,15439,176,4.49
2246,B,27609,NC,8712,19740,139,3.66
2247,B,06360,CT,8711,17739,66,7.74
2248,B,85051,AZ,8709,16818,70,0.21
2249,B,48433,MI,8707,10597,55,7.0
2250,B,77066,TX,8706,12156,111,45.21
2251,B,71854,AR,8703,16882,113,0.15
2252,B,99645,AK,8698,12021,111,7.88
2253,B,43004,OH,8698,11343,66,3.79
2254,B,60015,IL,8693,10657,53,7.28
2255,B,60714,IL,8689,11867,25,3.69
2256,B,32778,FL,8687,12720,183,-4.06
2257,B,78602,TX,8684,13485,330,-3.93
2258,B,89511,NV,8681,13628,113,4.57
2259,B,91773,CA,8678,12363,63,2.09
2260,B,34223,FL,8673,14484,257,-12.16
2261,B,57108,SD,8671,13933,184,1.8
2262,B,11550,NY,8669,19579,59,8.25
2263,B,19131,PA,8664,22826,127,10.72
2264,B,55446,MN,8664,10852,91,4.74
2265,B,02302,MA,8664,12828,34,2.32
2266,B,85711,AZ,8663,19774,109,2.11
2267,B,60563,IL,8660,16911,73,5.72
2268,B,95966,CA,8657,13667,145,-2.26
2269,B,92084,CA,8656,15712,73,2.64
2270,B,61032,IL,8654,14685,82,11.47
2271,B,63114,MO,8654,15747,60,8.01
2272,B,58554,ND,8651,13066,63,4.77
2273,B,85323,AZ,8650,14953,135,13.12
2274,B,27455,NC,8650,12822,120,7.01
2275,B,47933,IN,8647,12254,63,2.68
2276,B,80017,CO,8645,14810,143,-1.32
2277,B,95682,CA,8644,12126,91,3.09
2278,B,11354,NY,8641,22979,352,-2.98
2279,B,56308,MN,8641,14350,109,4.02
2280,B,24073,VA,8638,14248,86,4.53
2281,B,98404,WA,8638,13174,63,1.43
2282,B,37931,TN,8634,12770,105,5.71
2283,B,78738,TX,8633,11907,262,-5.52
2284,B,42141,KY,8633,14385,116,-1.94
2285,B,81212,CO,8632,12918,235,3.3
2286,B,40511,KY,8632,14963,61,10.91
2287,B,77018,TX,8627,13335,273,2.07
2288,B,02760,MA,8627,12359,34,4.12
2289,B,27597,NC,8626,11440,217,3.42
2290,B,21133,MD,8625,12785,34,5.66
2291,B,37849,TN,8622,11465,81,4.08
2292,B,27545,NC,8618,12781,92,2.79
2293,B,84119,UT,8617,16811,120,-2.01
2294,B,38501,TN,8616,19158,159,3.26
2295,B,24551,VA,8615,10844,96,2.16
2296,B,34114,FL,8614,16381,383,34.88
2297,B,32216,FL,8614,19796,155,4.73
2298,B,33496,FL,8613,12084,182,11.01
2299,B,32812,FL,8613,15007,109,-3.16
2300,B,53095,WI,8613,12741,65,2.8
2301,B,33604,FL,8611,17053,174,3.5
2302,B,29673,SC,8611,12585,144,5.8
2303,B,57401,SD,8607,15016,73,1.48
2304,B,19026,PA,8607,13643,46,7.41
2305,B,85132,AZ,8606,11901,190,2.09
2306,B,34208,FL,8602,17056,157,-1.14
2307,B,78023,TX,8602,10050,115,3.89
2308,B,97006,OR,8600,19383,121,-0.46
2309,B,60504,IL,8600,15029,74,4.94
2310,B,12401,NY,8599,16914,74,1.97
2311,B,11763,NY,8599,10001,46,6.89
2312,B,29926,SC,8593,12642,190,10.86
2313,B,80909,CO,8593,16572,116,1.3
2314,B,29550,SC,8592,13913,104,5.42
2315,B,75089,TX,8591,11951,168,-4.11
2316,B,36608,AL,8590,17690,146,7.58
2317,B,30033,GA,8588,15164,145,-0.05
2318,B,02886,RI,8588,13669,32,1.68
2319,B,85388,AZ,8586,10880,178,22.13
2320,B,49428,MI,8584,10312,26,3.23
2321,B,80112,CO,8582,16874,141,4.09
2322,B,90044,CA,8579,28770,43,-1.68
2323,B,06770,CT,8579,13156,37,4.75
2324,B,53593,WI,8577,12583,63,2.91
2325,B,60645,IL,8577,18143,36,5.81
2326,B,92821,CA,8571,15232,41,-2.4
2327,B,33617,FL,8570,21912,151,1.94
2328,B,29625,SC,8569,13716,177,1.35
2329,B,60510,IL,8569,11234,37,6.79
2330,B,77338,TX,8565,17667,154,0.11
2331,B,80027,CO,8565,13248,120,-0.26
2332,B,78041,TX,8565,16760,77,12.31
2333,B,49024,MI,8561,13232,66,3.51
2334,B,48161,MI,8560,12015,53,3.92
2335,B,12302,NY,8559,12406,40,5.53
2336,B,64801,MO,8553,17460,109,4.11
2337,B,70056,LA,8551,15784,99,-2.67
2338,B,34639,FL,8550,11026,93,2.81
2339,B,95993,CA,8547,13174,76,-1.26
2340,B,29154,SC,8544,13159,116,2.8
2341,B,07013,NJ,8544,12005,38,6.46
2342,B,91770,CA,8542,17704,39,8.57
2343,B,70403,LA,8541,13577,108,5.35
2344,B,46804,IN,8539,12959,42,1.65
2345,B,70808,LA,8537,18833,131,4.55
2346,B,98074,WA,8535,10220,137,5.01
2347,B,48371,MI,8532,9928,39,3.29
2348,B,45429,OH,8529,12806,36,4.08
2349,B,63367,MO,8527,10884,105,0.72
2350,B,28213,NC,8526,20484,133,1.23
2351,B,60133,IL,8525,11573,39,3.74
2352,B,11725,NY,8525,9452,27,9.9
2353,B,35007,AL,8523,10634,89,6.76
2354,B,94928,CA,8521,17449,39,1.73
2355,B,08755,NJ,8520,11318,129,0.25
2356,B,72019,AR,8518,11926,145,2.14
2357,B,34743,FL,8518,13307,103,3.01
2358,B,91354,CA,8518,11258,82,-1.89
2359,B,98335,WA,8513,11457,95,4.34
2360,B,60013,IL,8513,9906,32,6.01
2361,B,75605,TX,8511,16425,147,3.67
2362,B,48858,MI,8508,19396,86,5.75
2363,B,61614,IL,8507,13870,45,7.58
2364,B,77082,TX,8505,24994,177,26.92
2365,B,07712,NJ,8505,19321,124,5.6
2366,B,60174,IL,8504,13115,51,4.84
2367,B,94025,CA,8503,16259,40,14.79
2368,B,12303,NY,8503,12533,29,7.54
2369,B,37604,TN,8502,19334,102,5.34
2370,B,68701,NE,8501,13806,86,3.18
2371,B,49315,MI,8501,9527,54,6.0
2372,B,33183,FL,8499,12734,108,-1.52
2373,B,93422,CA,8499,13702,52,4.76
2374,B,22310,VA,8499,11116,51,3.4
2375,B,80021,CO,8498,17353,75,0.66
2376,B,76052,TX,8497,10050,257,3.0
2377,B,53405,WI,8495,11509,47,6.68
2378,B,30512,GA,8491,13464,318,4.35
2379,B,34957,FL,8488,17269,260,-5.4
2380,B,34202,FL,8488,12543,215,41.9
2381,B,85119,AZ,8488,13462,62,3.05
2382,B,96817,HI,8487,21489,86,5.93
2383,B,83634,ID,8486,10480,173,7.22
2384,B,68601,NE,8485,12963,136,3.57
2385,B,60175,IL,8484,9170,44,5.77
2386,B,33180,FL,8483,21112,860,43.68
2387,B,67037,KS,8479,12680,84,3.9
2388,B,88011,NM,8478,15160,184,2.11
2389,B,76036,TX,8477,11807,201,4.68
2390,B,93552,CA,8477,11329,70,-1.85
2391,B,84075,UT,8475,9575,91,1.81
2392,B,81301,CO,8473,16548,336,4.32
2393,B,92869,CA,8473,11918,45,2.16
2394,B,60487,IL,8473,9293,24,4.86
2395,B,33462,FL,8470,15911,193,-0.44
2396,B,70663,LA,8466,12767,83,0.25
2397,B,06880,CT,8465,10348,77,12.41
2398,B,68521,NE,8464,15657,95,1.7
2399,B,72712,AR,8461,16245,322,-1.4
2400,B,61401,IL,8459,15449,78,6.81
2401,B,19468,PA,8459,11560,45,-1.71
2402,B,89014,NV,8457,18062,131,0.28
2403,B,34974,FL,8456,13850,127,3.54
2404,B,45248,OH,8456,9729,50,5.84
2405,B,08302,NJ,8454,16038,104,11.63
2406,B,97477,OR,8454,16572,54,4.88
2407,B,49316,MI,8450,9673,74,4.95
2408,B,32832,FL,8449,13031,217,12.5
2409,B,54880,WI,8448,14325,39,5.33
2410,B,85392,AZ,8447,14481,80,-7.09
2411,B,66212,KS,8447,15217,42,7.05
2412,B,15146,PA,8446,13508,60,0.54
2413,B,92649,CA,8445,15178,81,14.4
2414,B,76112,TX,8437,19077,100,1.87
2415,B,86301,AZ,8435,13863,186,0.77
2416,B,36116,AL,8431,20007,136,6.21
2417,B,17022,PA,8428,12950,33,4.64
2418,B,95361,CA,8426,12913,83,3.57
2419,B,98445,WA,8425,12546,97,1.39
2420,B,72601,AR,8423,13790,185,1.85
2421,B,77072,TX,8422,20371,157,11.62
2422,B,22032,VA,8421,9988,40,2.61
2423,B,52405,IA,8421,12283,27,3.72
2424,B,13090,NY,8421,12591,21,5.08
2425,B,47403,IN,8418,16271,127,0.85
2426,B,48336,MI,8416,12296,58,3.86
2427,B,77357,TX,8415,12638,263,2.76
2428,B,92020,CA,8413,20311,88,1.84
2429,B,85739,AZ,8412,9858,109,9.49
2430,B,45503,OH,8412,15458,64,2.77
2431,B,78573,TX,8405,13339,245,5.58
2432,B,63901,MO,8405,15478,129,3.09
2433,B,37115,TN,8403,19845,184,-0.68
2434,B,97321,OR,8403,11790,105,2.07
2435,B,03104,NH,8402,15715,40,7.82
2436,B,85297,AZ,8401,11146,134,-6.01
2437,B,43214,OH,8397,14343,32,1.27
2438,B,77833,TX,8396,13261,147,2.54
2439,B,72076,AR,8393,17780,125,6.92
2440,B,92069,CA,8392,15687,63,-1.38
2441,B,22315,VA,8392,11660,49,1.78
2442,B,02072,MA,8392,11346,33,6.15
2443,B,32547,FL,8389,16112,152,-3.8
2444,B,45042,OH,8389,12324,41,10.35
2445,B,19151,PA,8388,15084,54,6.76
2446,B,10475,NY,8388,19333,1,12.09
2447,B,94952,CA,8387,14794,35,2.14
2448,B,59405,MT,8386,15260,51,3.45
2449,B,02124,MA,8386,21264,47,10.22
2450,B,32808,FL,8384,21291,149,0.32
2451,B,59601,MT,8384,15937,86,3.7
2452,B,90220,CA,8380,14067,35,3.2
2453,B,37160,TN,8378,14130,179,2.04
2454,B,46544,IN,8377,13661,36,3.16
2455,B,98087,WA,8373,16625,106,1.07
2456,B,92374,CA,8373,15038,64,1.67
2457,B,47274,IN,8371,13590,78,6.4
2458,B,32080,FL,8370,16658,372,3.36
2459,B,44883,OH,8370,12823,26,3.91
2460,B,37055,TN,8369,12160,170,5.59
2461,B,48085,MI,8368,9330,60,2.85
2462,B,93420,CA,8367,13823,67,4.07
2463,B,95307,CA,8367,13221,23,4.17
2464,B,44514,OH,8365,10368,86,4.66
2465,B,45066,OH,8365,9747,64,3.47
2466,B,60156,IL,8364,10150,29,6.7
2467,B,07860,NJ,8361,11473,69,4.65
2468,B,48092,MI,8361,11052,51,0.52
2469,B,28560,NC,8360,14165,163,2.22
2470,B,95472,CA,8360,12595,48,1.4
2471,B,62301,IL,8357,15295,64,5.58
2472,B,21075,MD,8356,13191,66,2.13
2473,B,15010,PA,8355,12620,72,7.17
2474,B,85353,AZ,8353,12500,111,1.44
2475,B,72143,AR,8351,14948,109,1.34
2476,B,94941,CA,8348,13860,25,8.75
2477,B,91750,CA,8347,12928,48,1.18
2478,B,20886,MD,8346,13024,78,20.07
2479,B,48867,MI,8345,12660,56,7.07
2480,B,32605,FL,8342,11651,130,2.53
2481,B,65536,MO,8339,13156,92,7.47
2482,B,92879,CA,8339,14919,58,0.46
2483,B,73071,OK,8334,19192,140,-0.7
2484,B,14424,NY,8334,14482,72,10.31
2485,B,34771,FL,8333,10978,373,-0.02
2486,B,17268,PA,8333,12693,92,4.51
2487,B,29609,SC,8332,14840,148,1.0
2488,B,92262,CA,8330,19940,393,0.46
2489,B,46304,IN,8329,11521,66,4.58
2490,B,27712,NC,8326,9686,78,-0.93
2491,B,34285,FL,8325,16081,211,-7.02
2492,B,72704,AR,8325,14098,206,2.37
2493,B,32207,FL,8320,18866,134,-0.07
2494,B,32223,FL,8318,10639,78,-1.73
2495,B,34736,FL,8317,10029,172,-1.93
2496,B,32221,FL,8316,11650,102,-0.14
2497,B,84092,UT,8316,9942,96,1.57
2498,B,75069,TX,8314,16958,155,-1.01
2499,B,91941,CA,8314,13250,64,3.33
2500,B,91711,CA,8311,13219,75,5.65
2501,B,23803,VA,8308,19826,145,9.49
2502,B,49686,MI,8306,13261,164,4.33
2503,B,20715,MD,8306,9168,54,4.02
2504,B,55109,MN,8304,13376,67,0.26
2505,B,30549,GA,8303,10673,301,1.91
2506,B,78227,TX,8303,16008,95,-2.6
2507,B,14223,NY,8303,10586,21,1.48
2508,B,15101,PA,8300,11240,36,6.54
2509,B,55038,MN,8298,9355,92,-1.14
2510,B,98502,WA,8295,15550,103,1.78
2511,B,49015,MI,8294,12522,58,2.63
2512,B,27517,NC,8290,13015,151,6.05
2513,B,46234,IN,8288,10929,62,6.46
2514,B,17325,PA,8283,12021,93,0.71
2515,B,19135,PA,8283,14323,75,8.5
2516,B,76119,TX,8283,16697,75,3.09
2517,B,96782,HI,8280,12699,33,-2.49
2518,B,92591,CA,8279,14779,170,2.18
2519,B,83714,ID,8279,11672,160,-0.74
2520,B,62526,IL,8278,16425,62,3.65
2521,B,31406,GA,8267,15424,122,1.62
2522,B,28590,NC,8267,11793,91,7.81
2523,B,48348,MI,8266,9151,59,3.41
2524,B,48088,MI,8266,9633,44,3.19
2525,B,66502,KS,8262,20700,109,4.89
2526,B,30067,GA,8259,21168,161,0.72
2527,B,11228,NY,8259,16336,41,2.32
2528,B,62002,IL,8253,14832,83,7.81
2529,B,31909,GA,8250,17486,66,6.35
2530,B,40065,KY,8249,12943,78,2.17
2531,B,80631,CO,8245,18871,98,0.06
2532,B,13502,NY,8245,15337,42,8.14
2533,B,03051,NH,8245,10080,33,5.96
2534,B,55123,MN,8243,10260,58,0.23
2535,B,39466,MS,8242,12870,95,4.75
2536,B,98271,WA,8242,12040,77,1.3
2537,B,19119,PA,8240,13909,63,5.32
2538,B,33569,FL,8235,10571,113,-15.3
2539,B,25801,WV,8234,15185,108,10.2
2540,B,92395,CA,8231,16394,137,1.32
2541,B,10308,NY,8231,11093,80,11.33
2542,B,33629,FL,8229,11237,175,11.6
2543,B,33596,FL,8227,10455,91,2.49
2544,B,99577,AK,8226,10854,66,7.53
2545,B,78753,TX,8217,25345,85,-2.66
2546,B,92236,CA,8214,12629,38,1.38
2547,B,92508,CA,8211,10356,62,3.39
2548,B,95661,CA,8211,13832,33,1.33
2549,B,72032,AR,8208,14255,88,1.93
2550,B,73020,OK,8207,9857,118,5.32
2551,B,44236,OH,8207,9388,31,3.06
2552,B,55912,MN,8206,12443,92,8.33
2553,B,82901,WY,8203,12696,76,7.19
2554,B,06074,CT,8203,10133,32,8.14
2555,B,93555,CA,8201,14401,129,3.26
2556,B,43119,OH,8200,11666,38,0.43
2557,B,60409,IL,8199,16868,117,0.45
2558,B,47802,IN,8196,14682,73,8.79
2559,B,84123,UT,8192,14716,58,0.99
2560,B,20853,MD,8192,10028,35,-1.01
2561,B,92626,CA,8188,20643,49,-12.29
2562,B,77904,TX,8185,12822,112,-0.13
2563,B,78418,TX,8184,16171,548,4.71
2564,B,02130,MA,8184,18802,75,6.94
2565,B,71112,LA,8183,14248,83,2.81
2566,B,35640,AL,8182,11023,82,-0.46
2567,B,02919,RI,8182,11993,52,10.83
2568,B,74006,OK,8181,11820,91,3.43
2569,B,14215,NY,8178,19203,79,7.65
2570,B,42001,KY,8177,14815,101,4.26
2571,B,60124,IL,8177,8806,62,1.69
2572,B,48195,MI,8174,13033,22,4.54
2573,B,53406,WI,8172,11634,81,11.43
2574,B,33328,FL,8171,10731,121,-1.62
2575,B,43614,OH,8171,14651,30,6.27
2576,B,34109,FL,8170,16027,246,1.76
2577,B,89183,NV,8169,16250,160,-9.83
2578,B,18360,PA,8168,12743,55,7.42
2579,B,94555,CA,8166,12110,41,-10.53
2580,B,27105,NC,8165,18130,91,2.46
2581,B,48045,MI,8164,12401,88,5.48
2582,B,32835,FL,8162,19377,246,3.1
2583,B,93635,CA,8162,14835,93,0.17
2584,B,08610,NJ,8162,12363,53,9.05
2585,B,11050,NY,8161,12329,42,0.36
2586,B,46254,IN,8160,17955,69,2.56
2587,B,38138,TN,8157,10747,130,-0.94
2588,B,61604,IL,8150,13341,54,8.21
2589,B,97502,OR,8149,11717,96,3.9
2590,B,78415,TX,8148,15465,187,-1.63
2591,B,19150,PA,8148,10868,42,2.78
2592,B,60431,IL,8146,9368,49,6.76
2593,B,19116,PA,8146,14166,35,3.68
2594,B,44131,OH,8143,8861,29,4.75
2595,B,34982,FL,8140,12356,153,0.5
2596,B,44143,OH,8138,11879,52,6.49
2597,B,43050,OH,8136,13416,59,4.44
2598,B,13601,NY,8134,18653,135,1.25
2599,B,96792,HI,8133,15516,222,-1.46
2600,B,30238,GA,8133,14899,164,-9.57
2601,B,44601,OH,8133,14532,78,6.46
2602,B,60169,IL,8130,13114,52,7.91
2603,B,60560,IL,8128,10022,92,6.25
2604,B,40219,KY,8124,16699,57,4.99
2605,B,77049,TX,8121,12618,84,31.85
2606,B,18704,PA,8120,14531,39,7.93
2607,B,50501,IA,8117,13198,79,2.86
2608,B,39180,MS,8117,14397,68,-1.17
2609,B,85304,AZ,8116,10547,67,-1.65
2610,B,76002,TX,8115,10030,59,-1.06
2611,B,11570,NY,8113,11368,50,1.3
2612,B,77345,TX,8111,9860,121,-7.99
2613,B,61832,IL,8110,16390,52,11.88
2614,B,01020,MA,8110,14154,19,5.87
2615,B,37355,TN,8109,12288,104,2.2
2616,B,46947,IN,8109,12113,57,4.31
2617,B,48603,MI,8104,13367,46,2.69
2618,B,46815,IN,8104,11060,34,0.95
2619,B,32713,FL,8102,10013,98,0.71
2620,B,91767,CA,8102,15653,58,6.65
2621,B,33610,FL,8101,17995,178,-1.33
2622,B,80916,CO,8100,15464,130,2.08
2623,B,55021,MN,8100,12421,98,3.84
2624,B,26101,WV,8098,14134,67,0.97
2625,B,71909,AR,8097,10563,273,16.9
2626,B,19064,PA,8096,8839,16,6.43
2627,B,80817,CO,8095,11649,146,-0.72
2628,B,60051,IL,8093,10210,62,4.88
2629,B,98056,WA,8091,15609,96,2.55
2630,B,54449,WI,8091,12455,42,8.62
2631,B,94134,CA,8090,13232,27,4.69
2632,B,52806,IA,8087,12092,35,1.9
2633,B,97086,OR,8086,13440,149,-0.63
2634,B,19355,PA,8084,11815,68,5.62
2635,B,33162,FL,8082,16719,178,7.32
2636,B,47203,IN,8081,11149,58,3.73
2637,B,67217,KS,8077,13477,41,2.47
2638,B,60452,IL,8077,10557,38,6.15
2639,B,78541,TX,8075,17669,150,-5.64
2640,B,37205,TN,8073,12612,194,-3.31
2641,B,98802,WA,8072,12516,114,2.46
2642,B,46321,IN,8072,9786,59,2.06
2643,B,11379,NY,8070,15237,44,5.75
2644,B,80922,CO,8069,11355,139,-0.62
2645,B,37172,TN,8066,12253,147,3.47
2646,B,71203,LA,8065,17178,49,6.05
2647,B,77523,TX,8063,10448,189,4.54
2648,B,11419,NY,8063,13607,36,6.58
2649,B,77662,TX,8060,11820,86,-1.71
2650,B,03062,NH,8060,12042,34,3.35
2651,B,60538,IL,8058,10729,22,5.36
2652,B,64114,MO,8055,13463,74,1.01
2653,B,33547,FL,8053,10162,131,-13.35
2654,B,63755,MO,8052,10867,63,4.81
2655,B,78213,TX,8051,18184,106,-0.01
2656,B,24060,VA,8050,22797,112,4.34
2657,B,49507,MI,8048,13773,57,7.09
2658,B,01845,MA,8048,12010,39,2.81
2659,B,33598,FL,8046,9710,225,26.06
2660,B,32205,FL,8046,16188,182,0.03
2661,B,84780,UT,8044,12922,380,-0.91
2662,B,20001,DC,8043,26728,245,4.75
2663,B,37801,TN,8042,12254,105,1.78
2664,B,55904,MN,8039,12984,71,1.99
2665,B,45365,OH,8030,12610,69,6.16
2666,B,35601,AL,8029,15168,108,-3.53
2667,B,89128,NV,8026,16840,190,1.98
2668,B,98272,WA,8026,10313,94,1.27
2669,B,95240,CA,8025,17304,66,0.78
2670,B,97420,OR,8021,12967,111,-3.24
2671,B,85023,AZ,8021,14765,68,-1.11
2672,B,28443,NC,8016,11276,216,0.18
2673,B,34446,FL,8014,9588,182,10.48
2674,B,23228,VA,8014,16724,47,6.91
2675,B,78723,TX,8013,17065,176,1.41
2676,B,94903,CA,8013,12708,42,-2.68
2677,B,79118,TX,8012,11116,95,2.02
2678,B,20747,MD,8012,17271,78,2.79
2679,B,46311,IN,8012,9128,60,0.59
2680,B,76116,TX,8009,25808,113,3.39
2681,B,90277,CA,8008,18229,68,-21.18
2682,B,02536,MA,8008,12151,53,-2.53
2683,B,78734,TX,8005,10885,272,0.75
2684,B,14617,NY,8005,9747,18,8.67
2685,B,18062,PA,8002,10353,30,5.42
2686,B,32967,FL,8001,12358,307,-2.77
2687,B,92596,CA,8001,10225,140,3.1
2688,B,22309,VA,7994,13082,81,0.81
2689,B,46375,IN,7994,10064,72,4.93
2690,B,22152,VA,7992,9779,51,0.41
2691,B,60202,IL,7991,15024,36,6.18
2692,B,70364,LA,7990,12423,121,-4.09
2693,B,70094,LA,7990,13683,82,-0.65
2694,B,42003,KY,7990,14132,77,3.53
2695,B,78621,TX,7987,10671,202,7.61
2696,B,94598,CA,7987,10735,42,0.91
2697,B,11901,NY,7986,13126,62,4.7
2698,B,33325,FL,7984,11052,110,10.16
2699,B,60660,IL,7984,23508,56,13.71
2700,B,16510,PA,7984,10354,20,13.29
2701,B,33756,FL,7983,15474,226,2.31
2702,B,37774,TN,7983,10020,173,-3.29
2703,B,23233,VA,7981,13184,58,2.48
2704,B,29582,SC,7980,27559,927,12.24
2705,B,53186,WI,7979,15066,45,5.21
2706,B,76126,TX,7978,10598,141,1.68
2707,B,98110,WA,7978,10728,108,2.12
2708,B,99801,AK,7977,13045,62,6.4
2709,B,63130,MO,7976,14106,47,2.34
2710,B,95409,CA,7975,12499,85,-0.15
2711,B,80917,CO,7972,13656,120,1.48
2712,B,45211,OH,7972,17169,61,4.17
2713,B,28304,NC,7971,16424,144,0.89
2714,B,95833,CA,7969,16751,66,-0.01
2715,B,72401,AR,7966,19328,159,4.29
2716,B,11358,NY,7966,13806,66,-0.35
2717,B,95603,CA,7963,12538,87,2.24
2718,B,97322,OR,7963,14867,79,-0.25
2719,B,60656,IL,7962,12840,23,4.77
2720,B,46322,IN,7959,10791,40,2.55
2721,B,18944,PA,7959,10107,32,1.76
2722,B,44221,OH,7958,14379,34,3.91
2723,B,40701,KY,7957,13305,109,3.33
2724,B,01867,MA,7956,9895,24,5.93
2725,B,33326,FL,7954,12679,212,8.45
2726,B,96002,CA,7952,13685,86,1.75
2727,B,60181,IL,7952,12485,27,8.79
2728,B,52501,IA,7950,13654,106,0.21
2729,B,44109,OH,7950,19588,65,6.04
2730,B,68506,NE,7948,13044,65,3.18
2731,B,06040,CT,7946,15550,32,4.96
2732,B,90713,CA,7945,9615,22,2.2
2733,B,47362,IN,7944,12523,75,1.3
2734,B,82601,WY,7943,12967,74,5.3
2735,B,64012,MO,7941,12722,59,4.11
2736,B,20720,MD,7939,8658,57,1.5
2737,B,14616,NY,7937,12281,18,5.47
2738,B,07110,NJ,7936,11981,43,7.29
2739,B,07430,NJ,7934,10058,51,8.46
2740,B,60438,IL,7933,12230,88,0.81
2741,B,17015,PA,7932,10025,45,6.34
2742,B,04240,ME,7931,16852,66,8.67
2743,B,44313,OH,7930,14054,55,3.26
2744,B,63379,MO,7928,10464,64,1.69
2745,B,30161,GA,7927,14924,189,-0.01
2746,B,33455,FL,7926,11681,149,4.86
2747,B,48105,MI,7925,16773,110,0.16
2748,B,17046,PA,7924,13570,63,3.17
2749,B,30030,GA,7921,14672,124,1.16
2750,B,71730,AR,7919,13774,70,1.01
2751,B,12533,NY,7915,9419,81,4.34
2752,B,32211,FL,7915,15250,77,-2.69
2753,B,80239,CO,7915,13892,67,0.35
2754,B,08648,NJ,7912,12217,67,7.05
2755,B,74137,OK,7911,12402,94,5.06
2756,B,73533,OK,7910,12969,137,13.7
2757,B,63136,MO,7908,22059,237,0.91
2758,B,16823,PA,7905,11679,42,6.61
2759,B,44149,OH,7905,8632,32,4.02
2760,B,51106,IA,7904,11681,70,2.76
2761,B,62221,IL,7903,12460,63,7.08
2762,B,49085,MI,7902,11468,74,2.92
2763,B,14043,NY,7901,11743,30,3.05
2764,B,02860,RI,7900,21467,23,6.33
2765,B,72701,AR,7899,20057,234,1.29
2766,B,20601,MD,7896,10560,93,5.65
2767,B,48382,MI,7895,8857,66,4.42
2768,B,78133,TX,7891,11208,496,-3.34
2769,B,02132,MA,7889,11967,36,3.3
2770,B,31024,GA,7877,12532,297,6.31
2771,B,28081,NC,7877,12400,102,3.68
2772,B,20707,MD,7877,15146,94,7.49
2773,B,53209,WI,7876,21466,114,7.87
2774,B,60901,IL,7876,15357,50,1.07
2775,B,48192,MI,7876,11441,48,8.33
2776,B,84321,UT,7875,17213,149,2.34
2777,B,70360,LA,7875,12283,141,4.48
2778,B,73064,OK,7874,10285,191,-0.2
2779,B,78516,TX,7874,12469,122,20.32
2780,B,19141,PA,7874,16290,59,1.6
2781,B,37716,TN,7873,11461,71,-0.27
2782,B,22042,VA,7873,12598,70,3.61
2783,B,78539,TX,7872,15759,151,1.29
2784,B,98311,WA,7870,11019,58,-0.08
2785,B,75232,TX,7869,11421,52,1.03
2786,B,53719,WI,7868,16160,54,3.16
2787,B,30082,GA,7866,12036,134,-1.95
2788,B,28681,NC,7866,11524,56,7.78
2789,B,92672,CA,7865,17487,74,-18.02
2790,B,96001,CA,7861,14370,112,-0.74
2791,B,92240,CA,7860,15977,172,3.05
2792,B,91107,CA,7860,14137,56,1.93
2793,B,46526,IN,7857,12570,45,6.23
2794,B,10304,NY,7856,17524,91,6.26
2795,B,44024,OH,7856,9560,43,3.01
2796,B,19803,DE,7854,8900,27,2.4
2797,B,73112,OK,7853,16413,125,-3.55
2798,B,19136,PA,7853,13841,86,5.13
2799,B,33811,FL,7848,10869,111,-0.97
2800,B,95820,CA,7847,14254,65,0.69
2801,B,98642,WA,7845,9736,202,3.13
2802,B,35022,AL,7845,10538,119,2.31
2803,B,87107,NM,7844,13441,77,3.89
2804,B,23834,VA,7841,11493,60,5.31
2805,B,78201,TX,7838,18661,134,3.3
2806,B,29566,SC,7832,13437,440,5.86
2807,B,33803,FL,7832,15086,110,-3.09
2808,B,84040,UT,7831,9454,68,3.11
2809,B,78596,TX,7827,15824,209,5.46
2810,B,85629,AZ,7827,10393,167,9.75
2811,B,76048,TX,7825,12737,318,1.88
2812,B,27028,NC,7825,11096,82,4.81
2813,B,11220,NY,7824,30897,50,6.26
2814,B,94121,CA,7824,19742,9,18.04
2815,B,94804,CA,7821,16659,53,3.96
2816,B,95401,CA,7821,14281,43,3.31
2817,B,94070,CA,7820,11958,33,-2.93
2818,B,52240,IA,7818,17035,88,5.68
2819,B,94901,CA,7816,16412,56,6.48
2820,B,48906,MI,7813,12180,54,2.15
2821,B,08075,NJ,7809,12092,57,8.8
2822,B,75022,TX,7807,9491,124,2.61
2823,B,92543,CA,7807,15225,95,2.61
2824,B,10541,NY,7806,9614,53,5.97
2825,B,34613,FL,7805,10532,147,4.16
2826,B,37215,TN,7804,11281,221,2.98
2827,B,33016,FL,7804,16158,93,1.13
2828,B,07601,NJ,7802,21405,88,12.08
2829,B,01757,MA,7801,11833,30,3.8
2830,B,45241,OH,7801,11131,21,11.69
2831,B,76021,TX,7800,15410,58,-0.67
2832,B,39120,MS,7799,14963,146,6.7
2833,B,75062,TX,7799,18718,77,0.6
2834,B,79915,TX,7799,14139,26,3.34
2835,B,01886,MA,7797,9181,32,3.14
2836,B,01880,MA,7795,11513,33,3.36
2837,B,06877,CT,7794,9848,58,9.04
2838,B,91214,CA,7794,11092,50,5.28
2839,B,61108,IL,7793,12650,21,7.98
2840,B,33991,FL,7790,11563,295,-4.15
2841,B,16602,PA,7788,13171,66,8.75
2842,B,61571,IL,7787,10273,26,4.63
2843,B,48134,MI,7786,9579,15,5.06
2844,B,27312,NC,7783,10613,161,9.73
2845,B,34113,FL,7782,16461,348,0.32
2846,B,95207,CA,7782,20300,94,-5.43
2847,B,61822,IL,7781,11923,86,2.37
2848,B,32806,FL,7780,12529,121,-0.49
2849,B,70448,LA,7780,10372,116,0.09
2850,B,46158,IN,7780,10051,52,5.75
2851,B,97132,OR,7779,12411,97,4.2
2852,B,20111,VA,7778,12066,46,2.19
2853,B,71901,AR,7775,14952,193,3.05
2854,B,34104,FL,7773,16062,221,8.34
2855,B,80304,CO,7773,11717,174,1.16
2856,B,33870,FL,7773,13933,158,-1.91
2857,B,33133,FL,7771,17235,287,7.23
2858,B,19901,DE,7771,15443,76,-1.49
2859,B,48081,MI,7767,9669,49,3.06
2860,B,37923,TN,7764,14238,72,2.36
2861,B,68164,NE,7763,12514,37,1.68
2862,B,11374,NY,7761,21197,180,7.73
2863,B,60459,IL,7761,10012,38,6.52
2864,B,38583,TN,7760,11158,136,4.01
2865,B,64155,MO,7759,11016,67,2.89
2866,B,85335,AZ,7758,11896,48,-3.33
2867,B,91790,CA,7754,13318,39,3.84
2868,B,40503,KY,7751,13437,32,4.46
2869,B,33309,FL,7748,14783,229,-0.72
2870,B,11967,NY,7745,8922,80,3.89
2871,B,74501,OK,7743,13223,130,3.6
2872,B,91351,CA,7739,10641,56,-2.41
2873,B,02186,MA,7738,9447,37,4.39
2874,B,44146,OH,7737,15270,38,8.11
2875,B,91942,CA,7736,18488,57,3.27
2876,B,12901,NY,7736,15426,51,12.25
2877,B,97305,OR,7732,15219,78,4.19
2878,B,79720,TX,7731,13309,144,5.41
2879,B,32141,FL,7729,9400,115,-0.94
2880,B,98375,WA,7727,10761,107,3.53
2881,B,84107,UT,7725,17287,118,3.37
2882,B,44202,OH,7725,9612,53,7.65
2883,B,97236,OR,7721,13736,89,0.64
2884,B,45247,OH,7720,10066,29,4.92
2885,B,90065,CA,7716,17197,90,4.11
2886,B,32926,FL,7715,10796,75,1.94
2887,B,03820,NH,7715,15460,65,7.07
2888,B,76240,TX,7713,12412,215,4.92
2889,B,44136,OH,7711,11019,28,-1.56
2890,B,48390,MI,7710,10995,76,5.67
2891,B,75119,TX,7709,11738,105,-2.38
2892,B,34788,FL,7705,11294,77,4.45
2893,B,85302,AZ,7703,15767,73,3.44
2894,B,23061,VA,7701,10045,82,7.6
2895,B,11365,NY,7701,16626,63,0.78
2896,B,60053,IL,7701,9546,43,9.77
2897,B,96080,CA,7700,13008,116,-0.34
2898,B,61821,IL,7697,13751,42,5.22
2899,B,92660,CA,7696,17144,128,-3.77
2900,B,60439,IL,7695,8962,59,5.28
2901,B,19977,DE,7694,9899,111,4.25
2902,B,19139,PA,7693,23896,168,0.09
2903,B,29203,SC,7691,18815,92,-1.17
2904,B,70601,LA,7690,16811,112,-10.95
2905,B,34205,FL,7687,16610,162,-9.15
2906,B,88007,NM,7687,10262,109,2.89
2907,B,52403,IA,7687,10759,53,5.59
2908,B,37919,TN,7686,15499,121,0.2
2909,B,55105,MN,7686,12045,38,5.28
2910,B,66049,KS,7683,15405,77,4.41
2911,B,30342,GA,7680,16147,133,1.04
2912,B,95632,CA,7678,10521,69,0.42
2913,B,90045,CA,7678,17981,67,3.48
2914,B,28086,NC,7674,11307,107,5.53
2915,B,02043,MA,7672,10059,65,3.57
2916,B,28658,NC,7671,10958,98,0.04
2917,B,55076,MN,7671,9525,44,1.1
2918,B,46176,IN,7668,12724,69,9.63
2919,B,79925,TX,7668,16272,45,-2.76
2920,B,28374,NC,7666,10532,213,3.33
2921,B,29527,SC,7665,11447,158,0.05
2922,B,80023,CO,7665,10647,143,-4.45
2923,B,98029,WA,7665,12667,127,20.43
2924,B,44406,OH,7661,9231,59,7.21
2925,B,70634,LA,7658,11300,99,-2.68
2926,B,04330,ME,7658,13017,78,0.29
2927,B,83835,ID,7657,10110,154,6.03
2928,B,95356,CA,7657,11802,51,0.34
2929,B,95695,CA,7654,15201,34,-0.22
2930,B,13501,NY,7652,17071,45,-1.21
2931,B,70517,LA,7650,11884,77,1.35
2932,B,88201,NM,7649,11738,88,4.5
2933,B,49707,MI,7643,11974,78,-0.24
2934,B,91104,CA,7642,14381,29,2.9
2935,B,43085,OH,7640,10961,38,6.38
2936,B,03103,NH,7640,16166,24,1.85
2937,B,30327,GA,7639,10442,141,4.97
2938,B,28602,NC,7638,12941,90,1.76
2939,B,98683,WA,7637,14352,94,2.74
2940,B,76712,TX,7636,11704,177,3.01
2941,B,60605,IL,7635,20478,94,-10.65
2942,B,67502,KS,7634,10868,35,5.87
2943,B,98292,WA,7632,10110,80,1.77
2944,B,64083,MO,7630,10058,105,3.55
2945,B,92673,CA,7630,10005,50,7.05
2946,B,03301,NH,7630,14486,26,4.92
2947,B,20871,MD,7629,8915,58,-4.61
2948,B,86305,AZ,7625,10920,245,0.07
2949,B,98597,WA,7625,10108,169,6.38
2950,B,97203,OR,7625,13462,94,1.05
2951,B,33614,FL,7623,19660,114,10.77
2952,B,21237,MD,7623,13171,48,2.09
2953,B,91801,CA,7622,21702,61,-0.57
2954,B,19144,PA,7621,23583,112,12.47
2955,B,77706,TX,7616,14963,163,0.08
2956,B,10512,NY,7616,9874,73,5.69
2957,B,33625,FL,7613,12025,73,1.78
2958,B,77075,TX,7613,13267,65,2.09
2959,B,50010,IA,7613,14732,57,2.32
2960,B,40258,KY,7612,11568,58,5.34
2961,B,94588,CA,7612,12496,47,-2.57
2962,B,48076,MI,7611,11016,44,1.64
2963,B,58501,ND,7611,13445,43,8.26
2964,B,01923,MA,7610,11405,20,5.96
2965,B,50263,IA,7609,11323,298,-1.02
2966,B,76903,TX,7609,14169,95,9.04
2967,B,29690,SC,7608,10318,138,5.21
2968,B,11722,NY,7606,10824,43,8.24
2969,B,78382,TX,7605,13048,602,-1.44
2970,B,91016,CA,7604,16171,47,8.48
2971,B,98926,WA,7603,14900,119,0.46
2972,B,75061,TX,7602,20187,57,-0.04
2973,B,40047,KY,7601,8975,83,6.78
2974,B,78750,TX,7599,12186,90,-0.88
2975,B,36582,AL,7591,10409,66,-4.98
2976,B,85737,AZ,7589,10574,94,1.02
2977,B,19713,DE,7589,12803,25,5.54
2978,B,85747,AZ,7588,10105,156,1.87
2979,B,93215,CA,7587,13207,32,5.62
2980,B,77093,TX,7584,14671,51,9.21
2981,B,70115,LA,7583,18134,127,1.18
2982,B,28211,NC,7582,15061,141,3.52
2983,B,22556,VA,7582,9976,85,5.73
2984,B,47025,IN,7582,9595,51,1.4
2985,B,55426,MN,7581,12099,71,1.46
2986,B,78717,TX,7580,14508,114,41.13
2987,B,52732,IA,7580,12911,62,2.6
2988,B,90230,CA,7579,14198,85,-2.92
2989,B,79932,TX,7577,11237,169,4.53
2990,B,46725,IN,7577,10435,32,0.75
2991,B,32789,FL,7576,12945,170,-0.57
2992,B,67846,KS,7575,13135,121,5.26
2993,B,32750,FL,7574,10541,53,0.52
2994,B,90712,CA,7573,10170,21,2.73
2995,B,78754,TX,7571,13195,111,11.64
2996,B,90731,CA,7570,24477,47,1.48
2997,B,36067,AL,7569,11481,55,-2.11
2998,B,98221,WA,7566,12177,145,8.82
2999,B,33772,FL,7566,12340,94,-0.29
3000,B,30277,GA,7565,8385,88,6.01
3001,B,31210,GA,7564,15768,144,5.26
3002,B,78737,TX,7563,8895,96,-3.07
3003,B,92595,CA,7563,10366,65,3.27
3004,B,78731,TX,7562,14939,106,0.12
3005,B,95821,CA,7560,16403,62,2.81
3006,B,48169,MI,7560,9045,60,3.93
3007,B,28150,NC,7559,13482,159,-1.96
3008,B,11768,NY,7559,8581,47,3.04
3009,B,75904,TX,7558,14829,125,5.42
3010,B,33584,FL,7557,10906,88,2.28
3011,B,78015,TX,7554,8412,134,8.31
3012,B,12601,NY,7554,17972,74,8.26
3013,B,33056,FL,7553,12155,59,1.64
3014,B,85387,AZ,7551,8707,292,2.16
3015,B,45420,OH,7551,12391,39,6.42
3016,B,57201,SD,7550,12304,89,3.21
3017,B,19082,PA,7550,16775,71,-3.02
3018,B,91406,CA,7550,19650,65,2.86
3019,B,44460,OH,7548,11595,53,5.99
3020,B,44663,OH,7547,11702,24,6.55
3021,B,48237,MI,7544,13036,43,4.62
3022,B,97266,OR,7543,13863,110,-3.44
3023,B,95121,CA,7541,9918,16,0.3
3024,B,31313,GA,7540,17590,417,11.14
3025,B,18901,PA,7538,11431,47,4.29
3026,B,80908,CO,7536,8475,290,5.55
3027,B,90505,CA,7530,15202,31,-5.84
3028,B,30548,GA,7527,9030,318,2.0
3029,B,72404,AR,7527,12518,132,1.81
3030,B,98532,WA,7526,10300,91,1.62
3031,B,52804,IA,7526,11986,39,-0.15
3032,B,32128,FL,7523,10155,137,1.58
3033,B,44067,OH,7518,9201,24,3.98
3034,B,22485,VA,7517,10318,107,6.29
3035,B,33619,FL,7516,15360,126,1.22
3036,B,98516,WA,7516,11600,115,-0.73
3037,B,93004,CA,7516,11661,22,2.92
3038,B,29170,SC,7515,9547,72,5.92
3039,B,75407,TX,7513,10095,379,-0.03
3040,B,91915,CA,7513,10813,45,12.49
3041,B,37138,TN,7512,9905,174,3.6
3042,B,77055,TX,7511,17845,247,2.49
3043,B,28906,NC,7510,12992,333,7.56
3044,B,71107,LA,7510,13636,66,6.35
3045,B,11762,NY,7510,7783,19,8.42
3046,B,21804,MD,7508,16736,117,5.31
3047,B,10977,NY,7507,17339,89,0.97
3048,B,75088,TX,7506,10168,157,-2.01
3049,B,78261,TX,7506,9541,156,-1.5
3050,B,30092,GA,7506,16525,88,0.53
3051,B,19152,PA,7506,13715,63,1.98
3052,B,37804,TN,7503,10569,81,-1.38
3053,B,34652,FL,7502,14700,392,-10.38
3054,B,83221,ID,7501,9985,71,4.37
3055,B,01803,MA,7501,10468,25,2.22
3056,B,71603,AR,7499,13997,121,-1.75
3057,B,80109,CO,7497,9598,147,-2.66
3058,B,70123,LA,7494,14297,109,0.38
3059,B,98248,WA,7494,10576,97,1.14
3060,B,66208,KS,7494,9572,56,3.36
3061,B,11727,NY,7493,11851,81,4.43
3062,B,48093,MI,7490,10480,51,3.32
3063,B,10562,NY,7490,12745,37,7.9
3064,B,11720,NY,7489,9407,49,3.4
3065,B,95380,CA,7487,15682,43,3.38
3066,B,98684,WA,7485,14355,87,1.78
3067,B,43054,OH,7485,11577,66,4.43
3068,B,97212,OR,7485,12064,45,-0.32
3069,B,12553,NY,7482,11150,61,6.63
3070,B,28112,NC,7480,11021,123,3.0
3071,B,46628,IN,7478,12266,82,5.74
3072,B,94114,CA,7478,18686,18,-5.19
3073,B,66109,KS,7476,10206,80,2.86
3074,B,84084,UT,7476,10628,52,1.34
3075,B,33487,FL,7470,13644,249,0.59
3076,B,84057,UT,7470,12246,72,3.29
3077,B,33912,FL,7469,12078,167,30.8
3078,B,76180,TX,7469,16138,76,0.93
3079,B,33830,FL,7466,11989,101,4.06
3080,B,48328,MI,7466,11938,55,4.45
3081,B,11791,NY,7464,8316,81,2.61
3082,B,44483,OH,7464,12469,55,6.67
3083,B,02891,RI,7464,12660,53,6.22
3084,B,90262,CA,7456,15497,14,11.78
3085,B,29801,SC,7455,13543,205,10.46
3086,B,74017,OK,7455,12038,86,3.0
3087,B,54501,WI,7451,12754,41,9.41
3088,B,95864,CA,7450,10286,55,1.8
3089,B,32963,FL,7449,12344,299,-8.09
3090,B,92505,CA,7449,15324,38,2.1
3091,B,06437,CT,7448,9773,60,2.49
3092,B,94404,CA,7446,15166,44,-3.28
3093,B,47725,IN,7443,7861,74,2.64
3094,B,60002,IL,7443,10526,61,4.26
3095,B,19438,PA,7442,9572,31,2.9
3096,B,82801,WY,7438,11968,204,8.84
3097,B,31410,GA,7438,10263,149,3.83
3098,B,46825,IN,7437,13597,42,6.11
3099,B,44708,OH,7436,11758,50,4.49
3100,B,86326,AZ,7434,12243,87,9.81
3101,B,60061,IL,7434,11649,50,7.74
3102,B,77578,TX,7431,9939,212,17.65
3103,B,85203,AZ,7431,14020,68,3.08
3104,B,79602,TX,7423,11127,90,7.63
3105,B,90604,CA,7422,12103,31,4.22
3106,B,28803,NC,7421,18322,281,3.11
3107,B,69101,NE,7420,13662,96,2.85
3108,B,85259,AZ,7419,10864,95,1.8
3109,B,48091,MI,7418,12919,89,4.27
3110,B,49445,MI,7413,9109,53,7.23
3111,B,18902,PA,7411,8260,41,6.42
3112,B,89048,NV,7410,11571,167,0.44
3113,B,77566,TX,7410,12277,146,-0.17
3114,B,22406,VA,7408,10025,95,3.42
3115,B,08520,NJ,7404,11271,66,3.73
3116,B,04106,ME,7403,12849,45,4.25
3117,B,49022,MI,7402,14484,74,7.67
3118,B,70435,LA,7398,8970,104,-1.69
3119,B,33472,FL,7394,8864,119,9.02
3120,B,07450,NJ,7394,9166,25,9.86
3121,B,35611,AL,7390,13709,235,5.98
3122,B,58601,ND,7386,13619,85,5.87
3123,B,64014,MO,7386,11068,74,3.73
3124,B,90803,CA,7384,18516,95,3.97
3125,B,80403,CO,7384,8983,94,5.77
3126,B,27534,NC,7381,15158,103,-0.65
3127,B,32966,FL,7380,11887,178,4.89
3128,B,73044,OK,7379,10050,175,13.93
3129,B,42431,KY,7377,12569,89,4.75
3130,B,15090,PA,7374,9699,47,7.09
3131,B,01089,MA,7374,13095,15,1.27
3132,B,17406,PA,7373,9357,57,9.87
3133,B,46516,IN,7372,14137,53,4.76
3134,B,30046,GA,7371,14356,126,1.96
3135,B,44138,OH,7367,10024,28,6.14
3136,B,96150,CA,7363,23472,191,-0.63
3137,B,45356,OH,7362,11353,54,6.17
3138,B,90605,CA,7359,11377,24,0.63
3139,B,60561,IL,7356,9549,40,6.66
3140,B,06066,CT,7355,14335,24,1.56
3141,B,76548,TX,7354,12657,128,-0.72
3142,B,48176,MI,7354,9076,78,2.67
3143,B,95301,CA,7354,13250,42,0.19
3144,B,33408,FL,7352,13490,285,0.56
3145,B,44125,OH,7350,12849,45,3.34
3146,B,64081,MO,7342,10778,61,3.88
3147,B,60139,IL,7340,11882,24,11.49
3148,B,30117,GA,7338,15313,137,0.0
3149,B,78746,TX,7337,11897,142,-6.09
3150,B,91006,CA,7337,11291,99,-2.87
3151,B,84094,UT,7335,9715,56,2.97
3152,B,45236,OH,7332,12385,32,3.92
3153,B,33967,FL,7331,11685,116,-3.76
3154,B,20659,MD,7328,8546,41,10.74
3155,B,11729,NY,7324,9104,29,7.83
3156,B,92105,CA,7322,23862,57,3.9
3157,B,80234,CO,7320,12814,93,-2.15
3158,B,27591,NC,7319,10109,187,-0.52
3159,B,28739,NC,7316,11083,212,-0.14
3160,B,32097,FL,7315,9941,170,-3.69
3161,B,31763,GA,7308,10984,111,3.17
3162,B,37743,TN,7307,11203,104,8.85
3163,B,32208,FL,7306,15218,157,1.33
3164,B,45215,OH,7304,13735,45,8.43
3165,B,60172,IL,7304,9401,32,4.95
3166,B,07006,NJ,7303,10183,27,8.19
3167,B,25526,WV,7301,9906,26,3.8
3168,B,78239,TX,7300,10639,149,0.42
3169,B,54650,WI,7298,11166,36,3.98
3170,B,48442,MI,7297,9722,29,6.56
3171,B,98053,WA,7296,8707,104,-5.37
3172,B,74403,OK,7295,12779,93,-2.92
3173,B,53045,WI,7295,10061,61,1.33
3174,B,32405,FL,7294,13585,176,1.51
3175,B,34654,FL,7293,10372,135,-0.52
3176,B,84128,UT,7293,8442,46,2.13
3177,B,78218,TX,7292,15462,126,3.04
3178,B,08731,NJ,7292,9663,79,5.0
3179,B,85755,AZ,7291,9723,118,-15.99
3180,B,48114,MI,7291,8223,46,3.69
3181,B,77080,TX,7288,17394,187,-1.78
3182,B,13850,NY,7286,10427,33,6.56
3183,B,94602,CA,7285,13072,40,-1.54
3184,B,66213,KS,7284,13678,28,0.35
3185,B,11001,NY,7283,8923,43,7.35
3186,B,14217,NY,7283,11280,20,4.81
3187,B,55345,MN,7280,8834,62,2.85
3188,B,33334,FL,7278,14314,211,0.45
3189,B,33542,FL,7278,13600,104,-1.68
3190,B,98498,WA,7278,12842,93,1.64
3191,B,53027,WI,7278,10091,55,5.97
3192,B,90807,CA,7278,13345,33,1.33
3193,B,34601,FL,7276,12276,117,1.98
3194,B,07424,NJ,7276,11243,47,9.35
3195,B,20020,DC,7275,26376,181,4.87
3196,B,02861,RI,7275,11928,25,4.83
3197,B,01604,MA,7272,18166,43,5.12
3198,B,77642,TX,7271,16234,38,5.58
3199,B,80130,CO,7270,9468,86,-1.27
3200,B,90746,CA,7262,8802,23,5.61
3201,B,92651,CA,7261,13913,168,24.53
3202,B,43232,OH,7261,20211,69,4.93
3203,B,68134,NE,7258,13920,33,0.1
3204,B,48220,MI,7254,12003,94,3.96
3205,B,19973,DE,7253,10725,79,10.55
3206,B,18052,PA,7249,12193,31,6.9
3207,B,85043,AZ,7248,11564,66,2.66
3208,B,28052,NC,7246,15561,195,1.04
3209,B,68123,NE,7246,12963,42,0.91
3210,B,34108,FL,7244,15211,383,-5.98
3211,B,04074,ME,7244,10561,55,4.91
3212,B,17257,PA,7242,11528,71,5.24
3213,B,65810,MO,7241,10022,107,0.25
3214,B,60115,IL,7241,18175,32,8.8
3215,B,49456,MI,7240,9776,97,4.82
3216,B,33510,FL,7238,12006,78,1.11
3217,B,48212,MI,7238,14739,60,15.0
3218,B,93657,CA,7238,11677,36,2.44
3219,B,40342,KY,7235,10001,77,4.42
3220,B,95492,CA,7234,10013,43,-0.48
3221,B,98144,WA,7231,16381,115,0.15
3222,B,19125,PA,7226,13055,172,2.55
3223,B,68144,NE,7226,11209,25,3.65
3224,B,33351,FL,7225,13843,130,0.19
3225,B,84047,UT,7225,17221,97,1.75
3226,B,28001,NC,7224,12847,146,2.57
3227,B,98273,WA,7224,11991,66,5.69
3228,B,41091,KY,7222,8148,107,2.29
3229,B,84117,UT,7219,11316,99,6.39
3230,B,33763,FL,7216,11638,193,-2.91
3231,B,95242,CA,7216,11190,79,1.54
3232,B,46052,IN,7210,9935,51,8.12
3233,B,17408,PA,7207,10294,32,3.2
3234,B,92243,CA,7204,15908,36,9.41
3235,B,99207,WA,7200,13673,93,-0.97
3236,B,38134,TN,7198,15685,57,-0.57
3237,B,75701,TX,7197,14630,179,4.05
3238,B,77005,TX,7196,10564,62,-7.57
3239,B,12010,NY,7196,13436,40,27.99
3240,B,78237,TX,7194,12998,83,7.76
3241,B,38834,MS,7193,13211,71,1.64
3242,B,95901,CA,7192,13861,110,1.18
3243,B,42071,KY,7192,14174,74,4.01
3244,B,20602,MD,7189,10899,63,0.61
3245,B,76008,TX,7186,8127,226,2.5
3246,B,98362,WA,7185,11829,93,3.13
3247,B,89431,NV,7184,16858,43,2.91
3248,B,44001,OH,7184,8547,39,11.95
3249,B,53222,WI,7182,11765,74,5.24
3250,B,98116,WA,7182,14652,73,2.13
3251,B,27539,NC,7180,9096,95,-1.04
3252,B,65401,MO,7176,14395,102,4.99
3253,B,98037,WA,7175,12032,59,1.7
3254,B,78114,TX,7173,9212,161,13.44
3255,B,78412,TX,7173,16874,130,-4.26
3256,B,19132,PA,7171,17402,207,25.94
3257,B,32129,FL,7171,11991,101,0.5
3258,B,40223,KY,7171,10387,59,8.55
3259,B,32459,FL,7167,17700,882,8.24
3260,B,95330,CA,7165,8883,125,-0.91
3261,B,80907,CO,7165,13250,102,-0.89
3262,B,47302,IN,7165,12625,67,4.1
3263,B,45239,OH,7165,12985,57,2.55
3264,B,23518,VA,7163,13911,98,-1.32
3265,B,55427,MN,7163,10788,70,2.7
3266,B,75024,TX,7162,20362,116,-3.05
3267,B,28120,NC,7159,10590,86,0.56
3268,B,77065,TX,7158,17110,74,-2.06
3269,B,97140,OR,7155,9540,96,1.37
3270,B,68901,NE,7155,11809,75,3.27
3271,B,91791,CA,7153,11315,54,-0.25
3272,B,80209,CO,7152,16045,135,0.96
3273,B,31312,GA,7147,8803,180,2.01
3274,B,33897,FL,7146,13291,447,27.97
3275,B,60615,IL,7146,24997,96,5.58
3276,B,61350,IL,7145,10853,71,7.78
3277,B,37135,TN,7144,7818,189,-9.22
3278,B,91780,CA,7144,11953,47,7.43
3279,B,58801,ND,7142,17095,71,5.39
3280,B,77586,TX,7140,10419,152,-3.39
3281,B,07871,NJ,7140,8367,65,9.33
3282,B,80226,CO,7138,14742,95,-0.22
3283,B,98002,WA,7138,15279,59,1.43
3284,B,08861,NJ,7136,21032,39,11.41
3285,B,31322,GA,7134,12647,235,3.57
3286,B,95961,CA,7132,10417,106,0.67
3287,B,92270,CA,7130,14936,308,-5.4
3288,B,64151,MO,7130,12452,74,4.92
3289,B,17110,PA,7129,12246,69,5.1
3290,B,22182,VA,7129,10285,42,12.2
3291,B,92337,CA,7129,9730,30,4.69
3292,B,33028,FL,7128,9297,46,15.52
3293,B,98075,WA,7127,8303,109,-5.54
3294,B,48507,MI,7127,13923,69,5.23
3295,B,99203,WA,7126,9742,100,3.6
3296,B,29020,SC,7123,11324,99,3.53
3297,B,29617,SC,7122,11599,131,1.08
3298,B,42503,KY,7121,11588,139,-3.62
3299,B,85009,AZ,7121,14873,46,-1.13
3300,B,49509,MI,7120,10611,21,5.19
3301,B,40403,KY,7118,11008,102,4.44
3302,B,08060,NJ,7117,10198,62,2.37
3303,B,95003,CA,7112,11728,92,0.69
3304,B,78210,TX,7111,14410,197,0.26
3305,B,37615,TN,7110,9946,72,2.38
3306,B,85053,AZ,7109,12003,59,-1.15
3307,B,18411,PA,7108,9375,44,3.9
3308,B,33441,FL,7101,15225,204,0.04
3309,B,35160,AL,7099,13147,76,0.92
3310,B,79761,TX,7098,13591,54,4.61
3311,B,77545,TX,7097,9018,83,-12.11
3312,B,30224,GA,7096,11457,118,0.89
3313,B,22551,VA,7095,8709,113,-8.02
3314,B,95340,CA,7095,13553,88,1.15
3315,B,74105,OK,7094,14531,120,2.8
3316,B,95377,CA,7094,9907,82,-5.25
3317,B,60914,IL,7093,10763,48,3.17
3318,B,85210,AZ,7092,16292,58,-0.09
3319,B,06488,CT,7090,8826,87,3.19
3320,B,92629,CA,7089,13493,71,-1.72
3321,B,60099,IL,7087,12085,37,10.34
3322,B,36303,AL,7086,14622,98,6.8
3323,B,84116,UT,7082,14487,34,1.04
3324,B,34134,FL,7081,15051,379,-8.93
3325,B,85085,AZ,7081,12737,147,5.56
3326,B,11435,NY,7080,21180,72,4.75
3327,B,84109,UT,7080,9829,49,3.0
3328,B,18301,PA,7079,11125,99,7.31
3329,B,84044,UT,7079,9057,80,1.65
3330,B,48375,MI,7077,10223,39,3.59
3331,B,97520,OR,7076,13964,193,-3.2
3332,B,75081,TX,7076,14662,115,1.56
3333,B,60018,IL,7076,10350,20,9.31
3334,B,83402,ID,7073,11983,97,2.9
3335,B,28613,NC,7069,10222,63,5.43
3336,B,37303,TN,7068,11460,130,3.34
3337,B,77657,TX,7067,9044,101,7.0
3338,B,95991,CA,7066,15234,65,2.97
3339,B,49444,MI,7065,11635,73,9.82
3340,B,78617,TX,7065,9201,68,25.62
3341,B,94024,CA,7063,8486,13,2.16
3342,B,11422,NY,7062,10694,31,2.62
3343,B,91302,CA,7061,10235,164,-9.96
3344,B,66221,KS,7060,8656,105,11.69
3345,B,40218,KY,7060,14697,49,1.71
3346,B,11714,NY,7059,7925,46,7.67
3347,B,14072,NY,7058,9053,23,6.48
3348,B,91364,CA,7054,10969,117,-5.18
3349,B,65101,MO,7054,11962,43,2.88
3350,B,31522,GA,7051,12241,358,7.37
3351,B,91301,CA,7051,9394,98,-10.21
3352,B,94545,CA,7051,10439,28,2.02
3353,B,11367,NY,7050,15693,146,5.61
3354,B,44319,OH,7050,9950,39,9.23
3355,B,19608,PA,7044,9169,24,5.86
3356,B,95949,CA,7043,8644,85,1.65
3357,B,48317,MI,7043,12936,52,1.48
3358,B,38801,MS,7042,13717,67,2.89
3359,B,84093,UT,7042,8005,48,5.18
3360,B,07080,NJ,7041,8433,45,8.22
3361,B,91307,CA,7038,8964,71,2.95
3362,B,02474,MA,7038,12541,29,-1.29
3363,B,11010,NY,7038,8577,27,3.39
3364,B,70471,LA,7031,10341,107,-0.26
3365,B,98665,WA,7029,11894,100,1.18
3366,B,77385,TX,7027,9820,172,1.01
3367,B,49601,MI,7027,10734,91,6.47
3368,B,95829,CA,7027,9412,52,2.67
3369,B,29611,SC,7024,14620,129,5.12
3370,B,35111,AL,7023,7893,88,1.56
3371,B,60491,IL,7022,7846,36,3.37
3372,B,83814,ID,7015,14314,247,-1.24
3373,B,07701,NJ,7015,11082,32,12.25
3374,B,41005,KY,7012,9463,46,4.41
3375,B,27560,NC,7011,17764,101,-8.54
3376,B,98146,WA,7011,10986,60,2.45
3377,B,90504,CA,7011,12328,24,2.76
3378,B,79416,TX,7010,16094,153,0.39
3379,B,76708,TX,7009,11241,205,-0.32
3380,B,37921,TN,7009,12969,89,3.38
3381,B,08721,NJ,7009,9343,66,7.37
3382,B,76401,TX,7006,13826,147,6.16
3383,B,34677,FL,7005,10056,144,0.29
3384,B,21001,MD,7003,11010,79,0.4
3385,B,30296,GA,7002,10780,81,-7.74
3386,B,33066,FL,7001,10418,251,-4.15
3387,B,89107,NV,7000,13844,107,-0.62
3388,B,54901,WI,7000,15381,79,6.77
3389,B,23703,VA,6999,10856,72,4.56
3390,B,89138,NV,6998,9069,255,15.71
3391,B,75208,TX,6994,13655,126,-2.56
3392,B,91356,CA,6994,12715,114,-1.38
3393,B,72802,AR,6994,9687,87,3.04
3394,B,02904,RI,6994,14483,47,-0.04
3395,B,40059,KY,6992,8400,123,9.71
3396,B,60585,IL,6992,7723,74,3.98
3397,B,48314,MI,6991,9286,31,6.21
3398,B,70706,LA,6990,8561,110,-1.89
3399,B,19971,DE,6989,16948,169,30.44
3400,B,60187,IL,6989,10619,25,8.4
3401,B,33782,FL,6988,10581,92,-1.74
3402,B,53213,WI,6987,12591,36,4.8
3403,B,33612,FL,6986,21228,98,3.41
3404,B,92703,CA,6985,14644,28,2.82
3405,B,50131,IA,6984,9975,123,3.93
3406,B,98022,WA,6982,9828,85,0.64
3407,B,98004,WA,6980,20977,247,-12.26
3408,B,97035,OR,6979,11822,151,0.38
3409,B,53545,WI,6975,11170,40,7.04
3410,B,45242,OH,6973,9587,45,5.25
3411,B,35801,AL,6970,11225,94,0.95
3412,B,44857,OH,6969,10579,28,4.6
3413,B,11741,NY,6969,9310,21,7.13
3414,B,92109,CA,6966,26503,104,11.61
3415,B,92373,CA,6966,14501,66,1.58
3416,B,11378,NY,6966,14522,29,6.04
3417,B,30008,GA,6965,12477,88,2.28
3418,B,35023,AL,6964,9879,132,-0.15
3419,B,08037,NJ,6963,9682,48,7.23
3420,B,49036,MI,6962,11663,78,4.12
3421,B,93637,CA,6962,12918,49,-0.33
3422,B,85381,AZ,6957,11393,58,-2.23
3423,B,42718,KY,6956,11289,92,-0.68
3424,B,95503,CA,6956,10738,70,3.5
3425,B,32796,FL,6955,9670,125,-3.59
3426,B,97401,OR,6952,24220,75,5.78
3427,B,40383,KY,6950,10431,74,-1.39
3428,B,29575,SC,6949,16761,369,8.05
3429,B,35126,AL,6947,8581,74,0.07
3430,B,94062,CA,6947,10496,40,14.79
3431,B,48182,MI,6946,8637,38,4.56
3432,B,98626,WA,6944,10642,65,5.09
3433,B,29505,SC,6943,10647,82,6.09
3434,B,07724,NJ,6943,10424,56,1.26
3435,B,23503,VA,6942,15350,108,1.83
3436,B,89103,NV,6939,25470,298,-1.32
3437,B,76012,TX,6935,11538,87,-0.25
3438,B,34465,FL,6934,9466,199,-1.84
3439,B,76107,TX,6934,17957,158,2.72
3440,B,17036,PA,6934,9812,29,8.66
3441,B,21225,MD,6931,14434,88,6.38
3442,B,84078,UT,6929,11222,127,-0.41
3443,B,68803,NE,6929,11188,78,2.54
3444,B,44105,OH,6928,17528,96,2.79
3445,B,17815,PA,6926,12661,38,4.54
3446,B,75604,TX,6923,13579,119,3.22
3447,B,98177,WA,6923,8178,44,0.26
3448,B,95746,CA,6922,8183,75,3.18
3449,B,81401,CO,6921,10782,195,7.26
3450,B,29646,SC,6921,12316,70,2.48
3451,B,47715,IN,6919,14451,55,0.96
3452,B,75063,TX,6916,18747,123,15.02
3453,B,77530,TX,6915,10579,48,1.54
3454,B,89434,NV,6915,11680,47,5.4
3455,B,15239,PA,6915,8885,43,3.24
3456,B,53220,WI,6913,12547,30,8.55
3457,B,97071,OR,6912,10595,103,3.43
3458,B,64086,MO,6912,9992,82,4.67
3459,B,28786,NC,6911,12064,132,-2.61
3460,B,97030,OR,6910,16500,87,0.58
3461,B,62703,IL,6909,14320,35,-0.24
3462,B,77057,TX,6908,25231,279,-15.81
3463,B,64157,MO,6907,7684,70,-0.75
3464,B,93030,CA,6905,15966,20,4.78
3465,B,56303,MN,6903,11760,76,1.76
3466,B,60706,IL,6903,9720,34,8.84
3467,B,92707,CA,6902,14767,22,13.98
3468,B,91722,CA,6900,10340,43,4.67
3469,B,33544,FL,6893,10277,102,4.0
3470,B,55317,MN,6892,8731,61,4.64
3471,B,96007,CA,6892,10755,58,0.38
3472,B,61109,IL,6892,11829,26,6.66
3473,B,21244,MD,6890,15006,27,3.78
3474,B,15212,PA,6889,15937,133,0.35
3475,B,46235,IN,6889,14804,94,3.13
3476,B,06851,CT,6888,12142,36,7.37
3477,B,96818,HI,6887,19719,102,-8.84
3478,B,32817,FL,6887,13747,57,-0.91
3479,B,15241,PA,6887,8680,46,1.36
3480,B,28787,NC,6886,10863,132,0.03
3481,B,37148,TN,6886,9919,130,1.1
3482,B,75241,TX,6886,11151,90,2.0
3483,B,78043,TX,6885,14263,59,-10.67
3484,B,97754,OR,6882,9985,245,4.06
3485,B,75092,TX,6880,13117,202,-3.89
3486,B,79606,TX,6880,13191,61,4.93
3487,B,81001,CO,6877,13651,188,-0.6
3488,B,46818,IN,6877,8512,99,5.43
3489,B,07652,NJ,6877,8898,69,2.33
3490,B,48089,MI,6876,13597,118,3.25
3491,B,39443,MS,6873,10036,31,8.24
3492,B,16506,PA,6871,10309,25,9.82
3493,B,98008,WA,6869,10048,85,-2.48
3494,B,34442,FL,6868,9852,166,24.88
3495,B,33073,FL,6868,12708,95,25.56
3496,B,53090,WI,6868,9247,45,8.73
3497,B,78642,TX,6867,8399,288,0.78
3498,B,63090,MO,6867,9745,104,1.74
3499,B,78259,TX,6865,11087,101,2.22
3500,B,98531,WA,6865,11070,100,1.59
3501,B,53140,WI,6865,14065,35,2.03
3502,B,33545,FL,6863,8961,249,22.89
3503,B,33936,FL,6861,10820,259,-5.9
3504,B,31525,GA,6859,12373,166,4.1
3505,B,27549,NC,6856,11326,126,0.63
3506,B,70815,LA,6855,12060,88,-2.39
3507,B,97838,OR,6855,10166,71,6.69
3508,B,85024,AZ,6849,11032,74,-0.45
3509,B,77520,TX,6847,14411,121,2.88
3510,B,39046,MS,6846,12909,110,1.75
3511,B,19406,PA,6846,14181,45,5.43
3512,B,32209,FL,6845,17706,224,-7.78
3513,B,33781,FL,6843,12370,90,4.04
3514,B,01852,MA,6842,15363,51,2.69
3515,B,92801,CA,6841,19519,40,6.01
3516,B,01887,MA,6841,8032,27,6.89
3517,B,94803,CA,6840,10038,37,-1.38
3518,B,27893,NC,6837,18383,121,5.28
3519,B,48837,MI,6837,8638,28,4.47
3520,B,86323,AZ,6835,8541,93,3.23
3521,B,48331,MI,6835,9297,42,2.44
3522,B,34715,FL,6833,8877,138,4.76
3523,B,88005,NM,6833,12039,81,-1.46
3524,B,32934,FL,6833,7987,55,9.14
3525,B,98671,WA,6832,9090,119,2.65
3526,B,02908,RI,6826,17160,24,4.14
3527,B,32726,FL,6822,11168,93,9.01
3528,B,01945,MA,6821,8899,39,6.36
3529,B,34741,FL,6817,22043,227,-4.97
3530,B,07302,NJ,6816,30163,191,7.3
3531,B,45322,OH,6815,9266,33,5.05
3532,B,35633,AL,6814,9025,79,8.33
3533,B,91732,CA,6810,15995,43,0.68
3534,B,34286,FL,6807,8753,204,-4.37
3535,B,49301,MI,6806,7383,35,7.11
3536,B,75234,TX,6805,13775,108,0.78
3537,B,33060,FL,6803,15653,215,0.94
3538,B,29649,SC,6801,11966,129,-3.74
3539,B,68137,NE,6801,10834,31,0.42
3540,B,32763,FL,6800,11897,88,0.46
3541,B,75181,TX,6799,8300,107,-4.34
3542,B,83705,ID,6799,13228,45,4.5
3543,B,20007,DC,6798,13583,137,-1.7
3544,B,33770,FL,6798,13417,109,-0.29
3545,B,30306,GA,6797,12182,118,1.56
3546,B,37067,TN,6796,14087,124,-4.3
3547,B,77301,TX,6793,12854,205,0.74
3548,B,76148,TX,6793,8481,68,1.89
3549,B,96813,HI,6792,13511,172,-3.37
3550,B,33126,FL,6791,19725,117,1.16
3551,B,19014,PA,6788,8177,25,7.42
3552,B,42066,KY,6787,10793,70,6.94
3553,B,48327,MI,6787,9864,39,-0.03
3554,B,98282,WA,6785,8832,161,-0.36
3555,B,76110,TX,6785,12497,77,2.44
3556,B,33020,FL,6784,22508,377,4.54
3557,B,97233,OR,6784,14844,75,2.89
3558,B,23860,VA,6783,12254,96,3.81
3559,B,30240,GA,6782,12782,122,3.65
3560,B,92585,CA,6781,8447,73,10.74
3561,B,33761,FL,6779,9829,115,1.9
3562,B,93304,CA,6778,16380,63,4.69
3563,B,30012,GA,6775,12400,150,-1.03
3564,B,85281,AZ,6774,32475,122,-1.38
3565,B,11552,NY,6773,7736,37,9.89
3566,B,17057,PA,6773,10513,24,8.83
3567,B,86303,AZ,6772,12255,213,0.52
3568,B,94563,CA,6770,7547,34,4.91
3569,B,37206,TN,6769,14323,185,4.89
3570,B,79934,TX,6769,10884,134,2.21
3571,B,97220,OR,6768,12177,60,3.4
3572,B,95945,CA,6767,13051,67,-0.04
3573,B,38116,TN,6765,18526,67,4.22
3574,B,85712,AZ,6764,18215,100,-1.26
3575,B,61115,IL,6764,8983,19,6.06
3576,B,32024,FL,6763,8554,70,4.94
3577,B,59714,MT,6761,10043,117,-0.89
3578,B,77478,TX,6759,9168,98,13.97
3579,B,44511,OH,6754,9470,34,7.7
3580,B,87508,NM,6750,7782,114,-5.29
3581,B,36109,AL,6747,11273,143,-2.78
3582,B,76013,TX,6747,14431,84,-1.21
3583,B,45371,OH,6745,9301,66,4.51
3584,B,73159,OK,6743,13618,62,-3.42
3585,B,76140,TX,6741,10705,112,3.39
3586,B,45030,OH,6741,8756,29,3.86
3587,B,92586,CA,6740,10059,108,-2.87
3588,B,77590,TX,6740,14419,103,3.95
3589,B,28570,NC,6740,10819,70,4.3
3590,B,44102,OH,6739,22984,121,13.27
3591,B,24012,VA,6739,13455,81,5.14
3592,B,48346,MI,6739,10157,46,5.12
3593,B,20109,VA,6738,15673,48,3.31
3594,B,74021,OK,6735,8705,83,-0.86
3595,B,32810,FL,6733,14849,94,-5.97
3596,B,79701,TX,6733,11393,49,6.89
3597,B,23238,VA,6731,12256,41,2.7
3598,B,70363,LA,6730,10449,61,8.87
3599,B,85749,AZ,6729,8619,76,1.08
3600,B,33426,FL,6724,12500,169,-3.07
3601,B,71037,LA,6723,8554,55,-2.07
3602,B,45102,OH,6723,9923,37,7.31
3603,B,45255,OH,6719,10181,44,4.29
3604,B,80207,CO,6717,9291,86,-1.06
3605,B,85028,AZ,6717,8642,64,0.15
3606,B,02066,MA,6716,8032,42,11.08
3607,B,60502,IL,6714,8695,55,4.73
3608,B,77627,TX,6712,9970,38,0.14
3609,B,99502,AK,6710,9931,35,4.28
3610,B,65775,MO,6709,11310,126,3.38
3611,B,68801,NE,6709,11684,52,2.02
3612,B,78217,TX,6708,16179,135,5.92
3613,B,95616,CA,6708,19944,68,-2.54
3614,B,07032,NJ,6706,15340,28,11.12
3615,B,78216,TX,6705,22138,121,-3.78
3616,B,95834,CA,6705,13531,78,1.39
3617,B,48234,MI,6704,15688,134,23.16
3618,B,83404,ID,6703,9606,101,-0.98
3619,B,72223,AR,6702,12279,167,4.74
3620,B,24523,VA,6700,9729,71,6.48
3621,B,03110,NH,6700,8185,48,2.26
3622,B,92835,CA,6700,9644,40,3.69
3623,B,95407,CA,6699,13371,55,0.53
3624,B,07751,NJ,6699,7567,35,6.7
3625,B,90601,CA,6698,11161,32,8.78
3626,B,53913,WI,6698,10444,30,1.47
3627,B,66215,KS,6697,11945,33,3.21
3628,B,80232,CO,6694,9594,69,-1.73
3629,B,48108,MI,6694,12508,56,1.08
3630,B,16335,PA,6694,12547,37,5.1
3631,B,47172,IN,6693,8537,59,-0.17
3632,B,17356,PA,6693,9212,50,5.81
3633,B,96815,HI,6691,22804,802,-0.42
3634,B,98106,WA,6690,12107,80,0.78
3635,B,94590,CA,6689,16500,70,-3.61
3636,B,45133,OH,6688,10586,67,2.18
3637,B,38301,TN,6687,15769,98,1.79
3638,B,60045,IL,6684,7939,51,7.71
3639,B,44135,OH,6683,12035,35,9.13
3640,B,17225,PA,6681,8132,43,5.13
3641,B,70119,LA,6680,21595,112,0.66
3642,B,62305,IL,6676,8344,33,13.1
3643,B,04062,ME,6675,8695,52,1.4
3644,B,32177,FL,6674,11549,105,0.0
3645,B,21158,MD,6674,8818,31,-2.29
3646,B,72715,AR,6672,8367,313,5.12
3647,B,02895,RI,6669,19443,54,7.98
3648,B,84070,UT,6667,12212,60,3.96
3649,B,06708,CT,6665,13061,64,7.01
3650,B,11747,NY,6664,7871,43,4.57
3651,B,89701,NV,6662,11447,62,-0.63
3652,B,89502,NV,6662,20781,48,-2.39
3653,B,14227,NY,6661,10476,19,4.36
3654,B,03833,NH,6660,9789,57,3.03
3655,B,75042,TX,6659,11791,69,-0.67
3656,B,40031,KY,6659,8507,58,4.83
3657,B,07040,NJ,6658,8981,26,5.19
3658,B,07621,NJ,6656,9677,31,7.83
3659,B,02478,MA,6654,10811,51,-7.7
3660,B,70785,LA,6653,8555,74,3.29
3661,B,01720,MA,6652,8937,43,2.38
3662,B,98368,WA,6651,9739,66,-0.86
3663,B,98168,WA,6650,13338,61,2.01
3664,B,30341,GA,6644,15347,109,-1.72
3665,B,27577,NC,6643,10744,165,-1.8
3666,B,21209,MD,6643,12086,55,2.06
3667,B,98112,WA,6642,11670,75,-5.46
3668,B,53916,WI,6642,11001,43,5.44
3669,B,23513,VA,6641,13040,64,6.11
3670,B,11360,NY,6639,9874,122,0.17
3671,B,91604,CA,6638,15900,140,10.88
3672,B,63139,MO,6636,12187,55,2.48
3673,B,63640,MO,6636,11381,53,3.93
3674,B,14020,NY,6636,10930,29,2.16
3675,B,76705,TX,6635,12107,115,1.08
3676,B,90026,CA,6635,28632,58,2.4
3677,B,39073,MS,6635,8707,34,-2.48
3678,B,95204,CA,6634,12354,61,-3.54
3679,B,27501,NC,6633,9104,155,3.11
3680,B,90732,CA,6632,9526,56,0.91
3681,B,53589,WI,6632,9014,50,6.6
3682,B,34473,FL,6631,9313,475,5.66
3683,B,67204,KS,6631,9424,36,5.87
3684,B,33139,FL,6629,30166,895,-8.14
3685,B,76082,TX,6629,8576,191,-1.36
3686,B,95838,CA,6629,12400,53,-3.47
3687,B,43209,OH,6626,12689,49,3.01
3688,B,21214,MD,6625,9096,48,0.35
3689,B,89142,NV,6622,11708,82,2.18
3690,B,68136,NE,6621,7700,73,-0.55
3691,B,53083,WI,6621,9336,47,7.59
3692,B,77632,TX,6620,9568,77,7.13
3693,B,89406,NV,6620,10872,51,2.84
3694,B,90221,CA,6620,12854,19,7.49
3695,B,74464,OK,6619,13502,83,6.33
3696,B,78570,TX,6619,10701,76,7.54
3697,B,46563,IN,6619,10031,39,5.14
3698,B,39212,MS,6618,12738,178,17.44
3699,B,92122,CA,6617,21349,92,-21.68
3700,B,88203,NM,6616,12089,70,-3.66
3701,B,80204,CO,6614,18378,211,-0.68
3702,B,21239,MD,6614,12621,52,0.61
3703,B,90501,CA,6614,15867,46,-2.07
3704,B,11783,NY,6614,7320,29,8.06
3705,B,28083,NC,6613,11925,88,1.16
3706,B,33971,FL,6611,8802,379,-4.72
3707,B,11937,NY,6610,14277,215,-5.64
3708,B,94619,CA,6609,10348,37,-4.12
3709,B,23237,VA,6609,9862,29,1.04
3710,B,34292,FL,6607,10559,116,34.31
3711,B,14051,NY,6606,8424,40,7.43
3712,B,62650,IL,6604,11213,25,7.25
3713,B,55447,MN,6603,8997,64,3.18
3714,B,36575,AL,6602,8488,53,8.49
3715,B,77320,TX,6601,12135,125,6.93
3716,B,15644,PA,6601,9272,54,5.8
3717,B,95032,CA,6601,11146,35,12.68
3718,B,55309,MN,6600,7541,52,4.17
3719,B,35475,AL,6599,7843,98,2.46
3720,B,70131,LA,6598,12070,124,-5.01
3721,B,98011,WA,6598,12424,107,4.29
3722,B,95482,CA,6595,13143,95,-1.19
3723,B,95219,CA,6595,11817,89,6.58
3724,B,54235,WI,6589,11835,134,1.96
3725,B,14618,NY,6589,9003,36,4.53
3726,B,06107,CT,6586,8305,19,4.57
3727,B,50320,IA,6585,9317,59,2.75
3728,B,90242,CA,6584,12756,14,5.26
3729,B,22801,VA,6582,15820,68,2.17
3730,B,32226,FL,6581,7707,124,8.42
3731,B,40505,KY,6581,12026,32,2.65
3732,B,19605,PA,6581,8100,26,4.51
3733,B,55331,MN,6579,8275,106,1.62
3734,B,63020,MO,6579,8922,42,3.26
3735,B,90247,CA,6579,17076,33,-0.93
3736,B,53029,WI,6578,8717,63,5.93
3737,B,79605,TX,6577,12795,35,0.65
3738,B,34482,FL,6576,9553,217,-3.3
3739,B,18020,PA,6573,7940,29,3.89
3740,B,83716,ID,6572,9032,127,2.34
3741,B,22903,VA,6572,17642,84,-1.75
3742,B,24541,VA,6569,14506,133,7.69
3743,B,47546,IN,6569,10080,36,9.47
3744,B,15905,PA,6567,9907,37,3.05
3745,B,36801,AL,6566,11363,192,7.52
3746,B,30458,GA,6566,19769,162,1.72
3747,B,60093,IL,6566,7833,34,8.87
3748,B,75901,TX,6565,11290,98,6.68
3749,B,67801,KS,6565,11116,97,2.33
3750,B,95135,CA,6562,7835,73,-1.27
3751,B,23114,VA,6562,8655,59,4.79
3752,B,21409,MD,6560,7541,50,1.21
3753,B,31008,GA,6559,8432,94,1.22
3754,B,75238,TX,6558,14332,83,1.5
3755,B,37091,TN,6556,9963,129,7.14
3756,B,61021,IL,6556,10110,54,10.22
3757,B,98466,WA,6553,12773,50,-0.52
3758,B,39211,MS,6551,11334,101,0.68
3759,B,70611,LA,6551,8971,67,0.78
3760,B,14845,NY,6551,9370,44,0.09
3761,B,31326,GA,6550,9465,139,6.07
3762,B,12203,NY,6549,14755,19,0.73
3763,B,06053,CT,6547,14995,16,4.43
3764,B,44142,OH,6546,8302,14,11.75
3765,B,30655,GA,6545,10212,175,3.61
3766,B,87108,NM,6545,19153,43,3.09
3767,B,32277,FL,6543,14025,80,-5.76
3768,B,15136,PA,6541,11551,75,12.25
3769,B,22180,VA,6540,10013,60,7.13
3770,B,32119,FL,6539,12629,159,-8.38
3771,B,78410,TX,6539,10798,134,-1.63
3772,B,74019,OK,6537,8170,49,4.32
3773,B,65616,MO,6536,16419,674,3.5
3774,B,33404,FL,6533,15990,329,-6.74
3775,B,98407,WA,6533,10545,80,3.14
3776,B,95660,CA,6532,11433,42,-0.8
3777,B,98040,WA,6529,10454,79,32.77
3778,B,63005,MO,6527,7322,43,3.27
3779,B,80915,CO,6526,9434,78,-2.21
3780,B,44057,OH,6524,8474,41,7.94
3781,B,20646,MD,6519,8263,101,2.28
3782,B,13045,NY,6517,12420,35,11.52
3783,B,91352,CA,6515,13119,36,-2.87
3784,B,14526,NY,6513,8231,16,8.4
3785,B,33774,FL,6511,10388,107,-7.87
3786,B,13069,NY,6509,10593,29,7.82
3787,B,98371,WA,6508,9937,91,0.66
3788,B,30311,GA,6505,17041,177,-0.58
3789,B,49503,MI,6505,19017,69,6.53
3790,B,18976,PA,6503,8238,28,7.65
3791,B,72113,AR,6501,12260,97,5.13
3792,B,85716,AZ,6501,19025,96,-2.22
3793,B,30344,GA,6499,17586,165,-5.56
3794,B,70607,LA,6499,13692,117,-11.81
3795,B,20716,MD,6498,9492,82,7.23
3796,B,93638,CA,6497,12821,58,4.19
3797,B,78620,TX,6496,7929,220,6.47
3798,B,23601,VA,6496,12593,47,2.24
3799,B,68130,NE,6495,8427,39,1.29
3800,B,30121,GA,6494,11175,117,2.09
3801,B,23430,VA,6494,7961,89,4.9
3802,B,07065,NJ,6493,12811,47,3.81
3803,B,28152,NC,6482,11134,101,-0.41
3804,B,89104,NV,6479,16704,101,0.68
3805,B,38127,TN,6475,17560,230,1.77
3806,B,78739,TX,6474,7127,54,26.12
3807,B,30060,GA,6473,15036,116,0.17
3808,B,60154,IL,6473,7376,27,4.61
3809,B,97062,OR,6471,11659,52,0.54
3810,B,60140,IL,6470,7325,55,7.17
3811,B,72116,AR,6469,10556,73,0.16
3812,B,99516,AK,6469,7544,60,2.54
3813,B,98406,WA,6467,10748,47,3.16
3814,B,28804,NC,6466,11716,218,3.69
3815,B,94580,CA,6466,9067,12,1.45
3816,B,11691,NY,6465,23400,43,5.84
3817,B,04011,ME,6463,9440,44,3.75
3818,B,40330,KY,6461,9559,75,1.0
3819,B,55412,MN,6460,9676,85,2.3
3820,B,34211,FL,6458,9943,336,-2.51
3821,B,60443,IL,6457,8672,52,-2.96
3822,B,85118,AZ,6453,9042,127,5.61
3823,B,01040,MA,6451,17057,18,2.89
3824,B,43113,OH,6450,10461,41,2.78
3825,B,34471,FL,6448,12071,169,0.37
3826,B,75503,TX,6448,11464,143,1.37
3827,B,97013,OR,6448,9152,68,2.77
3828,B,46205,IN,6447,14756,149,2.93
3829,B,29210,SC,6446,19592,89,5.03
3830,B,33145,FL,6444,12773,125,6.64
3831,B,32807,FL,6443,13906,78,0.91
3832,B,10473,NY,6442,23234,46,7.52
3833,B,81004,CO,6441,12597,189,-4.5
3834,B,75662,TX,6437,9474,88,5.09
3835,B,77303,TX,6436,9516,175,5.79
3836,B,32117,FL,6436,14392,158,-8.18
3837,B,10301,NY,6435,16631,118,3.2
3838,B,46373,IN,6435,6616,118,3.53
3839,B,43612,OH,6433,13409,46,7.44
3840,B,30540,GA,6432,11136,381,6.84
3841,B,21078,MD,6432,8760,82,-0.73
3842,B,30013,GA,6431,11138,157,-3.24
3843,B,38053,TN,6431,10674,76,0.4
3844,B,06001,CT,6430,8238,29,3.93
3845,B,85653,AZ,6426,8070,121,19.03
3846,B,29678,SC,6425,11742,133,-0.2
3847,B,60626,IL,6423,26812,27,-0.34
3848,B,34769,FL,6421,11070,130,-3.39
3849,B,27565,NC,6420,10903,89,-2.49
3850,B,92583,CA,6420,10397,53,-0.72
3851,B,33486,FL,6419,9583,111,6.15
3852,B,62864,IL,6415,11105,67,3.34
3853,B,39565,MS,6414,7732,44,1.96
3854,B,57105,SD,6413,10550,86,0.2
3855,B,40741,KY,6413,10344,83,1.1
3856,B,30528,GA,6412,10669,224,0.3
3857,B,41001,KY,6411,7387,38,1.09
3858,B,64138,MO,6410,11273,63,5.93
3859,B,88001,NM,6410,16985,56,-1.03
3860,B,37216,TN,6408,9574,157,-1.23
3861,B,43213,OH,6408,17069,49,1.34
3862,B,55376,MN,6407,7128,101,0.71
3863,B,83442,ID,6406,7738,83,4.66
3864,B,70563,LA,6406,8663,56,-0.86
3865,B,43402,OH,6406,14784,26,4.78
3866,B,15122,PA,6404,9121,44,4.66
3867,B,89145,NV,6403,10878,132,2.56
3868,B,45805,OH,6403,10560,64,7.32
3869,B,37857,TN,6401,9749,77,-3.01
3870,B,70460,LA,6399,9223,99,4.28
3871,B,23701,VA,6398,10318,71,-0.47
3872,B,91752,CA,6398,10634,38,0.71
3873,B,98201,WA,6397,15196,62,3.7
3874,B,54452,WI,6397,9181,26,6.8
3875,B,30276,GA,6396,7171,131,4.21
3876,B,34987,FL,6394,8619,406,4.55
3877,B,30339,GA,6393,21303,165,19.66
3878,B,75287,TX,6393,30143,84,-2.47
3879,B,70118,LA,6390,15464,115,0.88
3880,B,70520,LA,6390,9011,75,0.82
3881,B,33067,FL,6386,8994,119,-4.75
3882,B,66104,KS,6385,11088,82,6.23
3883,B,17078,PA,6385,9602,31,9.27
3884,B,28208,NC,6381,17842,215,2.77
3885,B,08204,NJ,6381,13101,78,9.63
3886,B,08109,NJ,6381,9314,36,6.16
3887,B,93401,CA,6380,14363,61,2.84
3888,B,74037,OK,6378,8811,105,10.32
3889,B,72703,AR,6377,17202,132,0.54
3890,B,08690,NJ,6377,8068,34,7.75
3891,B,75224,TX,6375,12438,34,-1.97
3892,B,40422,KY,6373,10627,105,0.04
3893,B,99354,WA,6373,10807,82,5.19
3894,B,23227,VA,6373,13351,24,1.56
3895,B,33172,FL,6371,16103,105,23.94
3896,B,29644,SC,6369,9401,119,4.71
3897,B,56301,MN,6369,13511,101,2.84
3898,B,28262,NC,6365,23449,100,1.97
3899,B,30274,GA,6363,14299,113,3.73
3900,B,11219,NY,6363,27973,31,-4.89
3901,B,76018,TX,6355,8842,42,-0.01
3902,B,70809,LA,6353,13872,154,0.88
3903,B,06514,CT,6351,11388,49,1.69
3904,B,49058,MI,6351,8337,36,3.07
3905,B,31069,GA,6349,9389,139,4.13
3906,B,46706,IN,6349,8336,31,7.6
3907,B,87002,NM,6348,9210,51,3.06
3908,B,95351,CA,6348,13631,36,-1.87
3909,B,76053,TX,6347,12803,45,1.84
3910,B,90011,CA,6346,25119,14,-0.45
3911,B,73107,OK,6345,12621,106,-5.23
3912,B,73110,OK,6344,15826,93,1.96
3913,B,55744,MN,6340,9733,55,5.5
3914,B,71270,LA,6339,14238,78,3.82
3915,B,93454,CA,6339,12413,45,1.95
3916,B,06002,CT,6338,9544,16,9.61
3917,B,72002,AR,6334,8071,86,0.31
3918,B,76033,TX,6333,10962,153,1.75
3919,B,30116,GA,6333,9186,119,-2.37
3920,B,19006,PA,6327,8691,55,-1.14
3921,B,21801,MD,6326,12140,95,7.55
3922,B,23693,VA,6326,9155,49,3.42
3923,B,40517,KY,6326,18306,40,5.24
3924,B,01056,MA,6326,8984,37,5.29
3925,B,44023,OH,6324,7679,18,11.47
3926,B,28607,NC,6323,16726,188,7.54
3927,B,11776,NY,6323,8707,59,5.84
3928,B,45822,OH,6323,9868,19,5.28
3929,B,30324,GA,6322,18232,220,6.68
3930,B,55906,MN,6322,8798,94,3.22
3931,B,91741,CA,6322,9267,51,3.47
3932,B,91950,CA,6322,19049,25,3.01
3933,B,93704,CA,6315,12165,63,2.94
3934,B,45177,OH,6313,9870,51,6.7
3935,B,94530,CA,6313,11404,22,-0.89
3936,B,39350,MS,6312,9774,35,-1.4
3937,B,60008,IL,6312,9282,33,2.77
3938,B,38024,TN,6311,11561,92,9.15
3939,B,46970,IN,6311,10177,52,2.02
3940,B,34695,FL,6310,8025,86,-1.43
3941,B,39426,MS,6310,7720,86,-3.02
3942,B,43616,OH,6310,8901,36,-0.38
3943,B,07093,NJ,6307,27451,175,26.52
3944,B,60178,IL,6307,9151,45,5.16
3945,B,53185,WI,6306,8211,60,11.65
3946,B,60473,IL,6305,7969,82,2.81
3947,B,02149,MA,6304,18541,30,4.89
3948,B,19422,PA,6303,8179,30,10.89
3949,B,48082,MI,6301,7461,55,5.84
3950,B,11421,NY,6300,12776,48,-2.69
3951,B,61081,IL,6297,9753,33,5.3
3952,B,95131,CA,6297,10270,28,14.11
3953,B,46733,IN,6297,8307,22,4.45
3954,B,97338,OR,6289,9109,150,1.16
3955,B,95210,CA,6288,12623,34,0.13
3956,B,49017,MI,6286,9701,49,4.2
3957,B,48083,MI,6285,10437,42,3.73
3958,B,80121,CO,6284,7501,53,0.51
3959,B,15216,PA,6284,11194,40,2.88
3960,B,55127,MN,6281,7825,76,1.41
3961,B,49519,MI,6281,11693,12,6.82
3962,B,75051,TX,6280,14139,44,2.79
3963,B,98199,WA,6278,10737,87,2.12
3964,B,41501,KY,6276,11343,64,-1.13
3965,B,19018,PA,6276,10201,32,0.84
3966,B,75771,TX,6275,9241,254,-1.29
3967,B,29340,SC,6275,9889,66,7.31
3968,B,77447,TX,6274,7903,323,-2.97
3969,B,07950,NJ,6273,8460,37,3.71
3970,B,99224,WA,6272,10559,143,0.35
3971,B,98332,WA,6270,7897,94,10.36
3972,B,49319,MI,6266,7150,15,7.5
3973,B,92394,CA,6265,10217,96,-2.43
3974,B,06037,CT,6264,7894,18,8.05
3975,B,75218,TX,6263,10443,96,4.03
3976,B,75409,TX,6259,8558,269,1.61
3977,B,55803,MN,6256,8690,35,7.99
3978,B,60607,IL,6254,16540,106,1.68
3979,B,68107,NE,6252,10253,29,6.87
3980,B,53403,WI,6250,11876,57,7.27
3981,B,22802,VA,6250,11957,29,7.64
3982,B,46528,IN,6250,8495,28,10.21
3983,B,98204,WA,6247,18914,84,-3.49
3984,B,15106,PA,6247,10039,35,-3.28
3985,B,84737,UT,6246,9320,413,2.93
3986,B,02818,RI,6243,8623,57,3.77
3987,B,66801,KS,6242,13008,70,0.47
3988,B,66030,KS,6240,9319,65,4.93
3989,B,98422,WA,6238,8321,77,4.11
3990,B,93023,CA,6237,9310,79,1.8
3991,B,47803,IN,6237,9516,71,5.36
3992,B,10801,NY,6237,16912,51,7.97
3993,B,99623,AK,6236,9084,155,5.32
3994,B,60803,IL,6236,9563,30,7.74
3995,B,46222,IN,6234,15782,91,9.89
3996,B,65201,MO,6233,21239,120,0.8
3997,B,28334,NC,6229,10339,145,0.83
3998,B,85262,AZ,6228,8552,261,-0.79
3999,B,84032,UT,6227,9929,437,4.2
4000,B,28036,NC,6227,8339,121,12.1
4001,B,99403,WA,6227,9192,76,4.89
4002,B,44052,OH,6227,13673,56,2.69
4003,B,28209,NC,6226,13410,101,4.9
4004,B,02906,RI,6226,13468,44,-0.88
4005,B,32536,FL,6225,9379,160,-0.95
4006,B,90723,CA,6225,14585,21,-4.85
4007,B,46356,IN,6224,7290,83,2.11
4008,B,55343,MN,6223,14111,71,2.44
4009,B,33983,FL,6220,9114,151,-17.49
4010,B,80910,CO,6220,13940,131,-3.18
4011,B,08002,NJ,6220,9967,47,7.39
4012,B,49684,MI,6219,10959,137,1.73
4013,B,39465,MS,6218,8854,74,-1.21
4014,B,59106,MT,6215,8164,173,-0.3
4015,B,53211,WI,6215,16346,50,5.08
4016,B,31093,GA,6214,13275,71,9.43
4017,B,07901,NJ,6212,9477,21,-2.2
4018,B,28630,NC,6211,9220,64,-0.14
4019,B,28139,NC,6210,8953,108,7.62
4020,B,28379,NC,6210,11540,63,8.58
4021,B,02359,MA,6210,7173,16,5.4
4022,B,77340,TX,6209,15230,133,4.07
4023,B,77034,TX,6209,14188,52,-2.82
4024,B,47712,IN,6209,10795,35,7.27
4025,B,92604,CA,6208,10405,44,25.47
4026,B,46580,IN,6205,8873,50,3.59
4027,B,84105,UT,6205,10953,40,3.34
4028,B,97225,OR,6202,12219,68,1.45
4029,B,93705,CA,6202,13408,56,4.16
4030,B,98230,WA,6201,9395,198,13.98
4031,B,67203,KS,6201,14851,38,11.18
4032,B,29860,SC,6200,7887,126,5.62
4033,B,32751,FL,6200,10730,98,5.76
4034,B,44022,OH,6200,7228,57,12.03
4035,B,33777,FL,6197,8375,100,-5.37
4036,B,32060,FL,6195,9233,53,-11.7
4037,B,83647,ID,6193,9695,81,6.61
4038,B,67601,KS,6191,11168,66,5.42
4039,B,04072,ME,6190,9619,44,8.5
4040,B,02745,MA,6187,10649,21,2.56
4041,B,60659,IL,6186,14748,27,3.72
4042,B,30017,GA,6184,8097,121,-0.71
4043,B,78758,TX,6184,25745,90,-6.81
4044,B,07011,NJ,6184,14198,31,5.04
4045,B,61244,IL,6181,10135,43,9.19
4046,B,73010,OK,6180,7770,177,3.7
4047,B,19607,PA,6179,10177,23,3.37
4048,B,80904,CO,6178,11578,133,-1.96
4049,B,80007,CO,6174,6600,113,1.05
4050,B,77087,TX,6174,12400,27,7.18
4051,B,32819,FL,6172,14689,199,8.83
4052,B,77318,TX,6169,8654,361,-6.18
4053,B,64064,MO,6169,7870,85,2.18
4054,B,21076,MD,6168,9553,62,0.66
4055,B,37938,TN,6167,7208,76,5.46
4056,B,15801,PA,6167,10083,59,0.02
4057,B,48813,MI,6167,8174,35,6.55
4058,B,14468,NY,6167,7245,29,10.44
4059,B,75455,TX,6166,10272,141,-0.4
4060,B,77053,TX,6166,9716,47,10.19
4061,B,37821,TN,6163,10897,87,4.68
4062,B,60087,IL,6162,10047,11,7.69
4063,B,70582,LA,6157,9122,35,6.84
4064,B,90606,CA,6157,8982,20,4.18
4065,B,47250,IN,6156,10534,84,5.42
4066,B,77045,TX,6154,10802,78,-0.98
4067,B,48854,MI,6151,7853,26,7.86
4068,B,30088,GA,6150,11627,115,0.15
4069,B,02909,RI,6150,18602,21,4.45
4070,B,31404,GA,6149,14427,160,0.28
4071,B,60559,IL,6148,11105,23,10.04
4072,B,47720,IN,6145,7285,26,5.31
4073,B,46221,IN,6140,11120,78,-0.36
4074,B,18201,PA,6140,13318,35,7.98
4075,B,02910,RI,6140,9319,14,6.61
4076,B,64850,MO,6138,10004,74,4.55
4077,B,99705,AK,6134,9091,109,3.12
4078,B,48624,MI,6134,11073,92,4.83
4079,B,77092,TX,6128,16158,121,-2.48
4080,B,73132,OK,6127,12592,85,3.64
4081,B,08034,NJ,6127,8108,35,3.06
4082,B,30141,GA,6124,9151,105,2.92
4083,B,01606,MA,6122,9427,21,1.31
4084,B,28712,NC,6120,10714,192,4.55
4085,B,53089,WI,6116,7856,51,4.55
4086,B,38555,TN,6114,10104,108,7.11
4087,B,95602,CA,6114,8132,94,-0.33
4088,B,81507,CO,6113,7256,120,0.07
4089,B,89408,NV,6113,9039,62,2.6
4090,B,77059,TX,6110,6668,66,14.32
4091,B,60805,IL,6109,7707,29,3.33
4092,B,36207,AL,6108,9260,82,4.03
4093,B,77004,TX,6107,18321,285,-2.55
4094,B,68154,NE,6104,10846,43,1.97
4095,B,34691,FL,6102,12265,174,-4.26
4096,B,33860,FL,6102,9649,76,1.21
4097,B,32408,FL,6101,17018,705,0.79
4098,B,63131,MO,6101,6674,36,-1.41
4099,B,31602,GA,6100,15201,125,1.63
4100,B,60649,IL,6099,28249,80,8.4
4101,B,85901,AZ,6098,12437,346,2.79
4102,B,33407,FL,6098,15147,173,5.84
4103,B,95818,CA,6097,11301,42,-0.46
4104,B,78724,TX,6096,9696,85,-1.06
4105,B,33755,FL,6095,11872,139,1.09
4106,B,37069,TN,6093,7200,109,7.32
4107,B,10552,NY,6093,10143,49,11.48
4108,B,89027,NV,6090,9972,201,-0.04
4109,B,83202,ID,6090,8866,96,-0.92
4110,B,98373,WA,6090,11113,80,5.82
4111,B,11701,NY,6090,9544,40,6.73
4112,B,61111,IL,6090,10248,22,6.63
4113,B,33708,FL,6088,13211,352,-3.92
4114,B,76010,TX,6086,20508,48,-5.81
4115,B,78222,TX,6085,9668,157,-5.1
4116,B,77016,TX,6085,11131,115,-0.47
4117,B,70124,LA,6085,8919,113,-0.82
4118,B,28075,NC,6082,6840,87,0.77
4119,B,55420,MN,6081,9638,29,3.64
4120,B,98107,WA,6079,16538,117,-0.2
4121,B,60513,IL,6078,8025,17,3.87
4122,B,52803,IA,6077,10427,52,4.25
4123,B,33898,FL,6076,10080,115,-4.06
4124,B,97055,OR,6076,7931,99,4.47
4125,B,59801,MT,6075,15814,59,-0.82
4126,B,93458,CA,6075,14433,16,10.22
4127,B,34233,FL,6074,9427,98,-10.3
4128,B,35802,AL,6073,12359,86,3.93
4129,B,98126,WA,6072,10824,70,1.44
4130,B,87506,NM,6071,8475,148,-0.74
4131,B,35080,AL,6069,7081,76,3.25
4132,B,15217,PA,6069,12582,59,5.53
4133,B,15205,PA,6069,12241,45,5.78
4134,B,31021,GA,6067,12517,109,4.03
4135,B,07307,NJ,6066,18762,150,-1.52
4136,B,98686,WA,6066,8348,148,3.77
4137,B,29418,SC,6066,12334,72,-2.06
4138,B,92311,CA,6063,13707,104,2.14
4139,B,85215,AZ,6063,9146,102,-3.06
4140,B,30310,GA,6061,14033,281,-1.96
4141,B,27537,NC,6060,10764,40,3.25
4142,B,44128,OH,6059,14184,58,5.25
4143,B,48386,MI,6057,7680,57,0.09
4144,B,07735,NJ,6056,8411,67,8.18
4145,B,32905,FL,6055,12635,134,1.7
4146,B,63141,MO,6055,9381,52,4.13
4147,B,30233,GA,6054,9191,132,-2.74
4148,B,83702,ID,6050,12771,63,4.15
4149,B,07054,NJ,6050,12497,33,7.08
4150,B,29671,SC,6049,8371,63,-0.52
4151,B,15206,PA,6048,17004,77,3.97
4152,B,06067,CT,6048,9300,20,2.65
4153,B,76039,TX,6043,17862,58,-3.34
4154,B,64836,MO,6042,10241,72,5.27
4155,B,30507,GA,6041,9496,119,7.76
4156,B,12078,NY,6041,11668,63,3.79
4157,B,55057,MN,6039,8494,72,4.6
4158,B,76134,TX,6038,10514,53,4.32
4159,B,53597,WI,6038,8323,51,1.89
4160,B,76117,TX,6038,12793,47,0.96
4161,B,34951,FL,6036,8305,149,9.9
4162,B,88030,NM,6036,10812,67,-1.86
4163,B,72903,AR,6034,12079,86,3.86
4164,B,75252,TX,6033,14592,84,-1.56
4165,B,35055,AL,6030,10664,137,-0.44
4166,B,55437,MN,6030,9059,31,4.43
4167,B,30577,GA,6028,10067,128,11.47
4168,B,33323,FL,6026,9356,134,3.8
4169,B,92532,CA,6026,8476,76,-5.17
4170,B,59808,MT,6024,9938,89,-1.51
4171,B,36870,AL,6024,7951,68,-2.07
4172,B,47404,IN,6020,12101,93,3.43
4173,B,28732,NC,6018,8181,119,-4.17
4174,B,91384,CA,6018,7254,54,1.93
4175,B,77014,TX,6016,13166,86,23.93
4176,B,48864,MI,6016,9903,61,5.1
4177,B,43078,OH,6016,8904,34,6.18
4178,B,96161,CA,6014,18558,306,-0.05
4179,B,10990,NY,6013,8394,82,4.92
4180,B,66209,KS,6013,8683,48,24.42
4181,B,85284,AZ,6013,7589,32,-0.34
4182,B,37914,TN,6008,9861,95,3.47
4183,B,08210,NJ,6007,8374,47,3.72
4184,B,77803,TX,6006,10586,150,6.85
4185,B,75082,TX,6006,13194,61,2.08
4186,B,33142,FL,6003,22275,72,-6.02
4187,B,62298,IL,6003,7562,21,6.79
4188,B,99515,AK,6002,8137,18,3.63
4189,B,20876,MD,6001,9079,43,-0.11
4190,B,78727,TX,6000,14863,84,0.33
4191,B,93940,CA,6000,15451,72,-2.22
4192,B,78747,TX,5996,8860,130,14.73
4193,B,01830,MA,5996,11159,33,6.32
4194,B,53716,WI,5996,8668,19,5.64
4195,B,01602,MA,5995,10483,26,3.14
4196,B,30605,GA,5994,18387,181,4.41
4197,B,57078,SD,5994,9172,60,2.43
4198,B,62711,IL,5994,7885,37,6.72
4199,B,98105,WA,5993,20582,98,4.22
4200,B,01749,MA,5992,8560,36,7.46
4201,B,22150,VA,5991,9695,19,-1.64
4202,B,10461,NY,5990,20418,33,5.46
4203,B,64093,MO,5989,11708,97,3.64
4204,B,22963,VA,5989,7107,91,-7.41
4205,B,01832,MA,5989,10735,36,9.75
4206,B,55075,MN,5989,8460,28,-1.43
4207,B,99212,WA,5988,9496,76,-0.15
4208,B,45701,OH,5988,13230,56,6.34
4209,B,17552,PA,5984,8684,25,11.61
4210,B,76208,TX,5983,9440,88,-1.44
4211,B,67114,KS,5983,9382,60,6.54
4212,B,06513,CT,5983,17006,38,12.09
4213,B,54022,WI,5978,9033,77,2.84
4214,B,37917,TN,5976,14216,132,4.72
4215,B,94589,CA,5976,9826,41,2.42
4216,B,79119,TX,5974,9839,121,1.8
4217,B,45440,OH,5973,10055,52,3.28
4218,B,94043,CA,5973,14756,37,-1.94
4219,B,02081,MA,5971,7663,38,3.83
4220,B,48504,MI,5969,12464,73,11.86
4221,B,25414,WV,5968,8263,87,-2.14
4222,B,33563,FL,5966,10794,68,-3.12
4223,B,22043,VA,5966,10316,56,4.5
4224,B,33525,FL,5964,8700,150,-2.31
4225,B,20653,MD,5964,11696,42,8.02
4226,B,46218,IN,5963,15343,176,1.28
4227,B,06825,CT,5961,7875,38,5.33
4228,B,31605,GA,5960,9642,126,-3.35
4229,B,56201,MN,5960,10441,91,-1.41
4230,B,56537,MN,5958,9498,65,-0.4
4231,B,08015,NJ,5958,7864,46,4.15
4232,B,45662,OH,5958,12955,41,10.72
4233,B,90064,CA,5957,12897,68,-1.62
4234,B,06801,CT,5955,7907,25,6.46
4235,B,61550,IL,5955,8053,15,7.21
4236,B,97003,OR,5950,11258,88,-3.8
4237,B,52317,IA,5949,9125,114,-2.01
4238,B,50009,IA,5949,8829,107,-0.36
4239,B,94610,CA,5949,17926,31,20.0
4240,B,98444,WA,5948,13762,55,3.59
4241,B,42103,KY,5942,10339,110,1.59
4242,B,97601,OR,5941,10936,210,2.18
4243,B,49014,MI,5941,9314,37,0.24
4244,B,01950,MA,5939,8298,59,10.78
4245,B,18015,PA,5938,12867,41,5.25
4246,B,33069,FL,5937,16052,327,3.81
4247,B,28467,NC,5935,8098,351,-4.23
4248,B,07631,NJ,5935,12047,79,4.17
4249,B,95112,CA,5935,22969,46,-0.16
4250,B,07730,NJ,5935,6713,15,6.76
4251,B,75094,TX,5934,6716,73,-2.73
4252,B,92008,CA,5933,13102,59,0.88
4253,B,77568,TX,5932,8950,209,1.82
4254,B,32804,FL,5931,10127,96,5.95
4255,B,48051,MI,5931,7255,50,5.4
4256,B,27896,NC,5930,8496,67,0.6
4257,B,53538,WI,5930,8444,40,3.79
4258,B,32803,FL,5929,12225,89,0.07
4259,B,21286,MD,5929,10100,51,-0.71
4260,B,24503,VA,5925,8755,74,1.42
4261,B,31548,GA,5922,9516,153,4.34
4262,B,33801,FL,5920,15365,127,-2.88
4263,B,08085,NJ,5920,7424,42,5.87
4264,B,33469,FL,5919,8284,151,-1.18
4265,B,92054,CA,5917,18113,80,0.27
4266,B,84025,UT,5917,7417,65,0.92
4267,B,95212,CA,5916,8299,44,-2.1
4268,B,19008,PA,5916,7252,19,4.41
4269,B,29488,SC,5912,9847,97,7.45
4270,B,72104,AR,5911,9771,72,-3.95
4271,B,60637,IL,5908,26717,82,19.5
4272,B,23838,VA,5908,6299,72,3.52
4273,B,06820,CT,5908,7567,28,16.99
4274,B,37932,TN,5907,9141,112,3.72
4275,B,71292,LA,5907,10257,28,3.58
4276,B,37015,TN,5905,8366,91,0.9
4277,B,68502,NE,5902,11936,49,4.72
4278,B,08550,NJ,5902,7839,22,5.52
4279,B,75160,TX,5901,8895,139,-4.27
4280,B,28147,NC,5900,10095,83,3.93
4281,B,53705,WI,5900,12796,32,5.42
4282,B,34116,FL,5899,11081,68,-11.24
4283,B,38119,TN,5897,10521,99,-2.65
4284,B,58703,ND,5895,10643,52,5.58
4285,B,57703,SD,5893,7476,122,2.47
4286,B,01904,MA,5892,7322,30,3.41
4287,B,48304,MI,5891,7165,69,6.34
4288,B,17201,PA,5890,12749,52,1.88
4289,B,46324,IN,5888,9427,17,-2.53
4290,B,44137,OH,5887,10076,38,9.26
4291,B,11581,NY,5886,7423,44,6.84
4292,B,49331,MI,5886,7208,25,0.7
4293,B,98275,WA,5885,8492,64,2.87
4294,B,02809,RI,5884,9670,39,2.32
4295,B,65738,MO,5878,8878,86,2.87
4296,B,27006,NC,5876,7268,48,4.08
4297,B,48072,MI,5874,7068,32,6.31
4298,B,48820,MI,5872,7002,18,5.32
4299,B,06840,CT,5870,7668,59,4.35
4300,B,06468,CT,5869,6573,58,2.57
4301,B,11754,NY,5869,7078,27,6.18
4302,B,93905,CA,5866,14534,15,4.89
4303,B,95842,CA,5865,12275,62,-4.36
4304,B,92011,CA,5864,10159,30,58.1
4305,B,94022,CA,5862,8151,35,-1.53
4306,B,20784,MD,5862,10773,30,2.0
4307,B,53012,WI,5862,8073,28,3.32
4308,B,40228,KY,5861,7629,48,-0.18
4309,B,91325,CA,5859,13668,47,-7.23
4310,B,48324,MI,5858,6637,56,10.06
4311,B,11429,NY,5856,8601,37,-0.39
4312,B,28144,NC,5855,12655,139,2.71
4313,B,93035,CA,5854,12025,133,2.57
4314,B,76234,TX,5852,8047,129,2.13
4315,B,33935,FL,5850,8905,270,2.78
4316,B,33477,FL,5850,10986,208,31.29
4317,B,80010,CO,5850,15394,69,0.68
4318,B,95363,CA,5849,8641,72,12.58
4319,B,77025,TX,5846,15752,141,8.0
4320,B,92887,CA,5846,7218,47,-0.4
4321,B,74114,OK,5844,8128,66,2.49
4322,B,23692,VA,5843,7799,49,4.73
4323,B,89503,NV,5843,13938,44,3.38
4324,B,48326,MI,5842,12219,32,6.46
4325,B,85648,AZ,5840,7425,137,0.85
4326,B,63801,MO,5840,10013,67,1.57
4327,B,48075,MI,5840,10757,55,2.88
4328,B,31047,GA,5839,7243,93,5.09
4329,B,79106,TX,5839,13385,78,-2.74
4330,B,27592,NC,5839,7065,56,-1.13
4331,B,99016,WA,5836,8004,91,-0.8
4332,B,98664,WA,5836,9656,74,2.88
4333,B,41011,KY,5836,14490,66,4.55
4334,B,32095,FL,5834,6997,178,-6.22
4335,B,32901,FL,5831,13241,105,0.59
4336,B,95819,CA,5830,8936,17,1.91
4337,B,39562,MS,5827,7717,31,6.0
4338,B,96821,HI,5824,7462,39,14.85
4339,B,48302,MI,5823,6960,68,0.57
4340,B,07060,NJ,5821,16154,74,7.9
4341,B,02138,MA,5821,16132,55,3.67
4342,B,60636,IL,5821,14363,53,15.46
4343,B,33141,FL,5820,21793,550,7.46
4344,B,32176,FL,5818,10329,277,-1.81
4345,B,47834,IN,5818,8451,36,5.16
4346,B,85719,AZ,5817,21707,91,-1.08
4347,B,24179,VA,5817,8573,51,9.55
4348,B,93245,CA,5817,12995,44,4.62
4349,B,60430,IL,5812,7662,67,5.85
4350,B,29568,SC,5809,8131,318,10.16
4351,B,02871,RI,5809,8044,65,9.52
4352,B,66106,KS,5807,9226,30,8.63
4353,B,94401,CA,5807,13798,28,-9.79
4354,B,17109,PA,5807,11808,20,9.1
4355,B,11501,NY,5805,9174,26,1.15
4356,B,02190,MA,5802,8601,16,2.21
4357,B,27263,NC,5798,8938,47,3.97
4358,B,94578,CA,5798,14819,20,0.18
4359,B,53172,WI,5797,9150,31,6.6
4360,B,32548,FL,5794,14040,276,2.23
4361,B,03801,NH,5793,11448,98,4.95
4362,B,25427,WV,5793,7193,52,2.5
4363,B,39305,MS,5793,9547,49,3.54
4364,B,94585,CA,5793,9849,27,-1.41
4365,B,06032,CT,5792,8539,25,8.9
4366,B,34984,FL,5790,7254,156,1.51
4367,B,55305,MN,5790,10463,76,3.61
4368,B,29706,SC,5789,8850,84,5.29
4369,B,84098,UT,5787,9854,401,-5.51
4370,B,85658,AZ,5787,7752,169,2.88
4371,B,97078,OR,5784,9292,42,-4.53
4372,B,19473,PA,5780,6801,19,1.68
4373,B,33460,FL,5779,14769,131,1.86
4374,B,33712,FL,5776,13055,104,-2.51
4375,B,93001,CA,5776,14705,71,-2.89
4376,B,19804,DE,5773,8075,16,4.64
4377,B,07746,NJ,5772,6115,47,3.01
4378,B,80110,CO,5770,10804,68,-3.45
4379,B,46619,IN,5769,8823,20,-2.76
4380,B,32311,FL,5768,10166,89,-4.13
4381,B,55429,MN,5768,10529,43,2.35
4382,B,19465,PA,5768,7490,25,4.94
4383,B,44641,OH,5765,8412,22,8.76
4384,B,61073,IL,5763,7397,25,8.07
4385,B,25705,WV,5761,9909,54,5.05
4386,B,80487,CO,5760,13231,352,0.49
4387,B,80528,CO,5759,8986,120,2.8
4388,B,28312,NC,5758,8706,76,8.41
4389,B,57110,SD,5757,9178,228,3.33
4390,B,49048,MI,5754,10440,41,1.47
4391,B,48879,MI,5754,7521,23,2.51
4392,B,78729,TX,5752,15717,70,0.04
4393,B,45502,OH,5750,7073,29,4.16
4394,B,70380,LA,5749,9739,64,-9.59
4395,B,90210,CA,5748,9714,242,-2.94
4396,B,23606,VA,5748,13186,57,3.25
4397,B,46224,IN,5748,16912,25,3.92
4398,B,35661,AL,5747,8911,108,4.91
4399,B,93726,CA,5747,15744,55,6.33
4400,B,94107,CA,5746,18798,46,4.47
4401,B,63049,MO,5742,7006,27,-6.38
4402,B,33013,FL,5741,9544,59,3.69
4403,B,92301,CA,5739,10069,83,0.1
4404,B,29205,SC,5739,12792,74,2.39
4405,B,04092,ME,5739,9404,38,4.05
4406,B,07834,NJ,5737,7122,34,4.98
4407,B,39702,MS,5733,9704,58,9.17
4408,B,91505,CA,5733,14258,28,2.22
4409,B,25701,WV,5732,12388,48,7.84
4410,B,68106,NE,5732,10935,36,3.23
4411,B,31204,GA,5728,15578,174,3.74
4412,B,10509,NY,5727,7839,46,2.65
4413,B,76310,TX,5726,8450,78,1.27
4414,B,19040,PA,5725,8277,17,8.3
4415,B,28328,NC,5724,10846,87,1.85
4416,B,40353,KY,5724,9876,62,2.1
4417,B,16117,PA,5724,7995,44,13.17
4418,B,53548,WI,5724,8894,36,6.08
4419,B,30307,GA,5722,10308,93,-1.11
4420,B,01721,MA,5721,7995,32,5.87
4421,B,37763,TN,5719,7659,62,8.76
4422,B,77505,TX,5718,8817,59,2.69
4423,B,07461,NJ,5718,7972,55,8.46
4424,B,43725,OH,5717,9667,49,6.48
4425,B,03102,NH,5716,15264,28,2.3
4426,B,60490,IL,5716,6523,28,3.09
4427,B,34470,FL,5715,10121,130,2.48
4428,B,03842,NH,5714,9978,64,1.02
4429,B,95405,CA,5713,9664,43,-0.48
4430,B,98506,WA,5713,9041,41,2.5
4431,B,23224,VA,5711,18201,50,4.8
4432,B,48125,MI,5711,8791,47,7.55
4433,B,61938,IL,5710,10299,31,6.6
4434,B,19142,PA,5708,12943,85,9.38
4435,B,93612,CA,5706,14362,26,0.07
4436,B,11563,NY,5705,8088,40,6.37
4437,B,33981,FL,5704,7808,388,8.13
4438,B,87501,NM,5703,10480,148,-4.43
4439,B,02649,MA,5703,10522,109,3.45
4440,B,28659,NC,5702,9647,38,4.8
4441,B,36507,AL,5701,8615,62,12.82
4442,B,40222,KY,5701,10953,34,4.48
4443,B,60194,IL,5701,8325,30,5.97
4444,B,32541,FL,5700,16390,698,5.24
4445,B,60419,IL,5700,9006,93,9.91
4446,B,35674,AL,5696,8945,93,5.74
4447,B,82007,WY,5696,9542,46,0.33
4448,B,31601,GA,5694,14345,87,-3.05
4449,B,78411,TX,5694,10497,67,-0.87
4450,B,92551,CA,5693,8574,45,0.02
4451,B,86426,AZ,5692,7709,131,3.06
4452,B,72206,AR,5692,10080,86,9.16
4453,B,22508,VA,5689,6420,121,-2.88
4454,B,41102,KY,5686,8780,42,1.35
4455,B,90810,CA,5682,10294,20,0.54
4456,B,77035,TX,5680,15662,135,2.65
4457,B,29420,SC,5679,9537,86,-2.94
4458,B,93105,CA,5678,11401,38,14.15
4459,B,13905,NY,5675,13774,40,12.1
4460,B,64082,MO,5674,6735,92,8.91
4461,B,93444,CA,5674,8406,48,4.8
4462,B,90019,CA,5673,26203,73,-5.02
4463,B,94601,CA,5670,17454,32,-6.03
4464,B,75159,TX,5669,7192,80,2.68
4465,B,07733,NJ,5669,6318,44,8.53
4466,B,91011,CA,5667,7059,30,1.8
4467,B,43140,OH,5666,8419,33,5.2
4468,B,92081,CA,5665,11075,43,0.51
4469,B,37217,TN,5664,14168,91,-3.01
4470,B,54017,WI,5663,7807,92,2.87
4471,B,02790,MA,5661,7523,48,9.83
4472,B,01748,MA,5660,6907,52,6.02
4473,B,63084,MO,5660,8511,52,8.95
4474,B,20877,MD,5660,13599,43,6.96
4475,B,35406,AL,5659,8291,113,3.33
4476,B,72211,AR,5657,12009,62,0.81
4477,B,11224,NY,5654,21354,70,13.32
4478,B,44089,OH,5654,8012,62,14.73
4479,B,74701,OK,5650,11059,132,0.44
4480,B,06451,CT,5650,11004,20,7.73
4481,B,92029,CA,5649,7976,46,-4.49
4482,B,12144,NY,5649,10474,33,4.57
4483,B,29369,SC,5648,6453,133,4.64
4484,B,32308,FL,5648,11838,74,1.93
4485,B,64030,MO,5648,11869,42,0.99
4486,B,30315,GA,5646,15458,202,4.17
4487,B,44053,OH,5644,9529,31,8.05
4488,B,47111,IN,5643,7011,111,4.21
4489,B,76706,TX,5641,16600,195,-2.64
4490,B,50125,IA,5641,8039,56,3.71
4491,B,06804,CT,5640,7063,43,4.79
4492,B,22039,VA,5640,5856,14,5.21
4493,B,28327,NC,5635,7874,106,-2.32
4494,B,77043,TX,5633,11197,120,12.62
4495,B,34747,FL,5632,22016,1150,-4.66
4496,B,15666,PA,5632,7730,19,18.08
4497,B,78242,TX,5630,11326,70,9.92
4498,B,35010,AL,5628,10648,120,3.76
4499,B,30179,GA,5628,7064,85,-1.9
4500,B,66604,KS,5628,10820,46,4.61
4501,B,56501,MN,5627,10271,127,5.97
4502,B,35040,AL,5627,7576,113,5.71
4503,B,97070,OR,5626,11275,135,-1.26
4504,B,38133,TN,5626,8336,69,0.12
4505,B,56073,MN,5626,7629,31,1.76
4506,B,08618,NJ,5625,15284,84,4.09
4507,B,19342,PA,5624,8183,43,9.55
4508,B,14830,NY,5622,9324,32,-3.19
4509,B,62035,IL,5621,7145,20,8.4
4510,B,53144,WI,5620,10731,45,6.64
4511,B,77302,TX,5619,7040,237,39.39
4512,B,95959,CA,5619,8840,83,2.91
4513,B,92082,CA,5618,6973,63,-0.63
4514,B,98405,WA,5618,11645,48,2.32
4515,B,32931,FL,5617,10763,192,0.93
4516,B,51104,IA,5616,9119,49,4.58
4517,B,77384,TX,5614,11658,172,8.34
4518,B,97439,OR,5614,9056,141,2.54
4519,B,93060,CA,5614,10935,47,-0.86
4520,B,53024,WI,5613,8598,63,5.31
4521,B,76266,TX,5612,7211,88,-5.31
4522,B,64029,MO,5611,8185,42,2.86
4523,B,95776,CA,5607,8410,33,-1.13
4524,B,31794,GA,5606,11748,74,0.94
4525,B,15057,PA,5606,6833,32,5.23
4526,B,83858,ID,5601,7660,122,5.76
4527,B,43611,OH,5600,8854,31,8.71
4528,B,83864,ID,5599,9909,237,1.97
4529,B,38139,TN,5598,5895,79,3.97
4530,B,02067,MA,5597,6660,40,2.09
4531,B,85757,AZ,5596,6894,92,3.88
4532,B,29307,SC,5593,8946,125,-3.02
4533,B,17044,PA,5591,10167,19,8.74
4534,B,22546,VA,5589,7086,130,10.33
4535,B,30009,GA,5588,9168,180,11.52
4536,B,34685,FL,5588,7924,86,-13.22
4537,B,33409,FL,5582,13715,146,0.26
4538,B,18707,PA,5582,6554,26,4.18
4539,B,53121,WI,5581,8397,63,6.72
4540,B,95618,CA,5581,10898,38,-3.65
4541,B,63025,MO,5580,6726,48,-5.96
4542,B,45895,OH,5579,7963,19,2.66
4543,B,34240,FL,5578,7570,123,10.44
4544,B,37321,TN,5577,8947,56,6.83
4545,B,44140,OH,5576,6311,29,3.66
4546,B,60644,IL,5575,20619,16,35.59
4547,B,33125,FL,5574,22496,122,7.16
4548,B,55431,MN,5574,8483,31,-0.69
4549,B,36066,AL,5573,9201,44,7.12
4550,B,01075,MA,5573,7597,41,3.35
4551,B,17070,PA,5573,7487,27,3.2
4552,B,16505,PA,5572,8407,18,9.34
4553,B,55398,MN,5570,6292,92,2.12
4554,B,07042,NJ,5570,11682,27,11.26
4555,B,92860,CA,5569,7073,47,3.7
4556,B,05403,VT,5568,9565,63,-0.17
4557,B,33566,FL,5567,8224,52,11.85
4558,B,90039,CA,5564,13332,51,13.84
4559,B,25404,WV,5563,9973,31,12.7
4560,B,77033,TX,5559,10228,158,16.24
4561,B,99338,WA,5557,6909,161,2.11
4562,B,10530,NY,5555,6795,45,7.89
4563,B,71457,LA,5554,12086,76,-1.58
4564,B,98274,WA,5554,7868,76,0.74
4565,B,80534,CO,5552,7137,163,0.42
4566,B,79107,TX,5552,12346,62,27.33
4567,B,54751,WI,5552,10517,37,4.4
4568,B,50208,IA,5549,8919,105,1.02
4569,B,16365,PA,5549,8861,34,-1.93
4570,B,12477,NY,5547,9483,77,1.55
4571,B,44126,OH,5547,8099,13,5.55
4572,B,20782,MD,5546,13312,56,-0.2
4573,B,89156,NV,5544,10413,79,6.33
4574,B,68007,NE,5543,6268,140,4.67
4575,B,30286,GA,5543,10903,119,3.76
4576,B,30720,GA,5543,10731,101,4.26
4577,B,18049,PA,5543,7659,34,3.9
4578,B,83843,ID,5542,12089,69,1.53
4579,B,77069,TX,5541,9399,136,5.26
4580,B,11021,NY,5541,8705,75,43.99
4581,B,29206,SC,5541,9460,73,3.12
4582,B,89144,NV,5539,8684,123,12.91
4583,B,20132,VA,5538,6309,44,4.85
4584,B,92316,CA,5538,8349,24,5.56
4585,B,32669,FL,5536,7054,140,11.51
4586,B,94124,CA,5536,11780,35,-0.62
4587,B,92808,CA,5536,7768,33,7.14
4588,B,91737,CA,5534,8159,36,3.26
4589,B,66102,KS,5533,11481,60,3.8
4590,B,71118,LA,5532,10078,62,-0.58
4591,B,33872,FL,5531,7882,193,3.07
4592,B,74804,OK,5531,8860,111,1.7
4593,B,52245,IA,5531,10210,62,6.34
4594,B,11411,NY,5530,6775,36,-5.22
4595,B,23226,VA,5527,7827,24,2.55
4596,B,91390,CA,5525,6673,72,1.48
4597,B,43160,OH,5525,10012,50,6.36
4598,B,30107,GA,5524,6536,156,2.09
4599,B,33406,FL,5524,9426,67,-2.39
4600,B,21108,MD,5518,6526,39,-0.55
4601,B,28714,NC,5517,9719,194,3.41
4602,B,78732,TX,5516,7748,107,-3.15
4603,B,37412,TN,5511,10305,98,0.7
4604,B,33778,FL,5509,8130,58,-5.36
4605,B,29078,SC,5509,6796,57,5.81
4606,B,44144,OH,5509,9994,13,6.96
4607,B,33401,FL,5508,19051,327,8.9
4608,B,16002,PA,5506,6573,38,5.17
4609,B,08879,NJ,5504,9737,64,7.42
4610,B,67501,KS,5504,11075,34,2.07
4611,B,32960,FL,5501,11590,121,-2.04
4612,B,19968,DE,5500,7380,156,0.72
4613,B,25314,WV,5499,7328,55,4.2
4614,B,20151,VA,5499,6966,35,3.25
4615,B,46808,IN,5499,9298,33,3.73
4616,B,43452,OH,5490,10859,113,10.82
4617,B,28034,NC,5490,8085,53,-2.4
4618,B,12304,NY,5489,9438,21,8.83
4619,B,98520,WA,5487,9333,111,3.38
4620,B,30125,GA,5487,9562,81,1.29
4621,B,43606,OH,5487,11700,44,5.86
4622,B,31005,GA,5486,7514,101,0.93
4623,B,31721,GA,5484,8508,80,4.23
4624,B,22306,VA,5484,11514,51,0.89
4625,B,98264,WA,5483,8395,89,1.57
4626,B,75205,TX,5482,10577,76,38.13
4627,B,46774,IN,5482,7287,43,-0.24
4628,B,41076,KY,5481,7729,18,4.24
4629,B,53147,WI,5480,11455,157,7.77
4630,B,17025,PA,5479,7661,31,1.78
4631,B,28805,NC,5477,10737,108,-0.62
4632,B,11362,NY,5477,7634,59,3.48
4633,B,47303,IN,5477,11567,44,1.54
4634,B,46805,IN,5477,10742,30,2.21
4635,B,36542,AL,5476,18551,837,0.35
4636,B,83338,ID,5476,7606,85,13.53
4637,B,62223,IL,5476,7804,48,3.8
4638,B,46013,IN,5474,9062,49,3.65
4639,B,93534,CA,5472,16343,108,-7.45
4640,B,11417,NY,5472,9855,19,4.41
4641,B,68510,NE,5471,9871,38,-0.84
4642,B,14228,NY,5470,10601,22,5.92
4643,B,78702,TX,5469,14573,230,4.06
4644,B,47112,IN,5469,7390,35,4.81
4645,B,37127,TN,5468,7710,129,-0.17
4646,B,85031,AZ,5468,8816,25,-1.16
4647,B,36832,AL,5466,14136,153,6.69
4648,B,22025,VA,5465,6444,30,18.54
4649,B,07067,NJ,5465,6243,26,5.13
4650,B,90068,CA,5464,14662,161,-9.25
4651,B,22911,VA,5463,8254,131,7.76
4652,B,55362,MN,5462,7589,71,2.13
4653,B,87015,NM,5461,6593,41,0.3
4654,B,80113,CO,5459,11447,103,-0.44
4655,B,38242,TN,5459,9390,85,8.17
4656,B,46992,IN,5459,7654,33,3.77
4657,B,30011,GA,5458,7039,164,-2.56
4658,B,89120,NV,5453,9861,124,1.93
4659,B,48458,MI,5450,9136,43,5.51
4660,B,89403,NV,5449,6906,64,-0.22
4661,B,26505,WV,5448,19220,61,-2.15
4662,B,06897,CT,5448,6474,33,12.75
4663,B,55804,MN,5448,6720,29,4.51
4664,B,07740,NJ,5447,15208,128,5.07
4665,B,77401,TX,5444,6699,57,6.46
4666,B,98408,WA,5444,8418,49,0.73
4667,B,98119,WA,5443,15323,129,3.11
4668,B,29360,SC,5443,9521,58,1.93
4669,B,90720,CA,5441,8675,33,3.23
4670,B,35757,AL,5439,7177,110,-0.04
4671,B,48451,MI,5438,6005,58,11.04
4672,B,90025,CA,5437,24965,100,-6.72
4673,B,22066,VA,5437,5852,69,4.45
4674,B,29492,SC,5435,10069,155,34.17
4675,B,26104,WV,5434,8351,23,-3.44
4676,B,66441,KS,5433,12670,106,1.02
4677,B,29053,SC,5430,8787,18,-0.96
4678,B,13031,NY,5430,7414,17,12.55
4679,B,44820,OH,5429,7982,37,13.33
4680,B,33565,FL,5428,6926,84,8.84
4681,B,85266,AZ,5426,6454,110,-3.49
4682,B,20190,VA,5426,12180,81,12.82
4683,B,33609,FL,5425,9169,119,0.28
4684,B,92123,CA,5425,13108,36,-2.67
4685,B,91775,CA,5425,8905,27,0.78
4686,B,90002,CA,5423,13808,31,0.55
4687,B,57501,SD,5422,7851,56,6.71
4688,B,40206,KY,5421,11637,78,3.9
4689,B,27408,NC,5420,8043,58,5.2
4690,B,90024,CA,5417,20304,164,1.55
4691,B,07306,NJ,5416,24770,105,11.77
4692,B,44446,OH,5416,10476,36,3.34
4693,B,11030,NY,5414,6531,37,7.93
4694,B,29406,SC,5413,14542,79,-2.62
4695,B,19007,PA,5411,9675,43,6.24
4696,B,43056,OH,5410,7154,26,5.85
4697,B,01007,MA,5409,6569,28,8.39
4698,B,53575,WI,5408,7036,35,2.81
4699,B,49093,MI,5406,8512,64,9.23
4700,B,48130,MI,5403,6316,35,2.33
4701,B,40744,KY,5402,8159,79,1.78
4702,B,02726,MA,5398,6719,18,6.32
4703,B,55391,MN,5397,7445,122,5.88
4704,B,49431,MI,5396,9959,57,1.35
4705,B,02459,MA,5395,6828,43,-2.84
4706,B,12831,NY,5393,7228,39,13.3
4707,B,22312,VA,5392,11191,65,1.47
4708,B,53216,WI,5391,13556,80,4.68
4709,B,28326,NC,5390,9277,100,10.48
4710,B,72205,AR,5390,12187,92,0.61
4711,B,73003,OK,5389,9760,87,-1.67
4712,B,19015,PA,5389,7160,25,1.27
4713,B,32444,FL,5388,8632,121,3.82
4714,B,76543,TX,5388,15300,113,4.84
4715,B,85015,AZ,5388,17889,105,-0.89
4716,B,92083,CA,5387,11901,45,2.22
4717,B,46319,IN,5387,7904,18,3.65
4718,B,60164,IL,5387,7513,12,0.68
4719,B,60466,IL,5384,9103,97,-3.61
4720,B,79065,TX,5383,9114,84,3.23
4721,B,21085,MD,5383,7073,53,3.47
4722,B,82609,WY,5383,9184,50,0.53
4723,B,37377,TN,5382,6726,71,4.26
4724,B,28779,NC,5379,9551,110,1.42
4725,B,27518,NC,5378,9211,34,15.32
4726,B,05701,VT,5377,10528,62,1.16
4727,B,34420,FL,5375,8555,92,3.87
4728,B,48059,MI,5375,7324,42,-0.7
4729,B,32968,FL,5374,6630,96,-2.09
4730,B,78212,TX,5373,13399,154,-3.69
4731,B,06705,CT,5371,12222,31,7.65
4732,B,36360,AL,5368,9052,77,-3.16
4733,B,06854,CT,5368,12246,32,5.02
4734,B,75180,TX,5367,9238,43,0.06
4735,B,17821,PA,5366,8335,32,21.3
4736,B,78566,TX,5362,8275,66,1.51
4737,B,54476,WI,5362,8574,47,10.13
4738,B,90744,CA,5362,15536,20,1.62
4739,B,75454,TX,5356,6289,171,7.37
4740,B,50702,IA,5356,9722,36,1.29
4741,B,14564,NY,5356,7021,35,5.04
4742,B,72761,AR,5355,9101,175,3.94
4743,B,37311,TN,5355,12942,113,1.27
4744,B,85040,AZ,5355,11962,58,1.95
4745,B,60521,IL,5354,6528,47,0.75
4746,B,60192,IL,5354,6090,15,5.28
4747,B,33704,FL,5352,9037,113,-4.55
4748,B,30093,GA,5352,20303,103,-0.25
4749,B,75142,TX,5352,7699,91,3.26
4750,B,98321,WA,5351,6319,62,0.67
4751,B,73025,OK,5350,5633,122,11.51
4752,B,18302,PA,5350,8089,86,0.68
4753,B,55430,MN,5348,8098,48,2.09
4754,B,91792,CA,5347,9673,23,3.57
4755,B,94608,CA,5344,17956,60,-3.36
4756,B,34234,FL,5342,10257,121,0.5
4757,B,52002,IA,5342,7535,23,6.3
4758,B,50211,IA,5341,6469,142,-0.93
4759,B,55371,MN,5340,6838,48,3.1
4760,B,08361,NJ,5339,6760,43,1.36
4761,B,29341,SC,5338,8241,75,6.45
4762,B,93560,CA,5337,7458,74,4.81
4763,B,49770,MI,5335,10244,204,4.71
4764,B,24333,VA,5334,9029,56,4.35
4765,B,08691,NJ,5333,7322,50,6.37
4766,B,63126,MO,5333,6529,18,1.52
4767,B,78654,TX,5331,9764,302,-5.65
4768,B,49091,MI,5331,8732,41,8.51
4769,B,92116,CA,5330,17827,45,-1.05
4770,B,44830,OH,5328,8231,27,8.01
4771,B,43206,OH,5324,12758,132,1.31
4772,B,90680,CA,5324,10866,26,0.28
4773,B,76058,TX,5322,7851,60,-2.32
4774,B,29410,SC,5322,8501,41,5.76
4775,B,02806,RI,5322,6341,38,7.26
4776,B,91746,CA,5321,7315,15,1.62
4777,B,82414,WY,5320,8337,114,3.36
4778,B,02453,MA,5319,13163,31,2.01
4779,B,45208,OH,5317,8928,44,4.01
4780,B,06385,CT,5317,7407,18,7.03
4781,B,74134,OK,5316,9068,54,16.74
4782,B,02719,MA,5316,7777,21,6.91
4783,B,18938,PA,5314,6369,66,3.86
4784,B,29405,SC,5313,13058,118,-1.0
4785,B,95116,CA,5313,13987,40,0.1
4786,B,32836,FL,5310,10571,131,15.12
4787,B,30707,GA,5309,6957,67,5.7
4788,B,60417,IL,5308,6356,50,-2.84
4789,B,99216,WA,5307,12703,56,2.12
4790,B,45245,OH,5305,8897,49,5.88
4791,B,20745,MD,5304,13124,115,-1.53
4792,B,15147,PA,5304,8593,40,0.33
4793,B,48205,MI,5302,17102,215,6.69
4794,B,27525,NC,5302,7071,89,4.27
4795,B,29302,SC,5302,8169,82,1.47
4796,B,43064,OH,5301,6450,97,1.73
4797,B,92841,CA,5301,9813,19,1.14
4798,B,95348,CA,5300,12173,91,-0.84
4799,B,29657,SC,5300,6744,29,-0.82
4800,B,98372,WA,5299,10701,75,1.98
4801,B,12054,NY,5299,7221,19,8.24
4802,B,78255,TX,5297,6568,154,6.24
4803,B,64060,MO,5297,6641,66,1.31
4804,B,33523,FL,5295,8132,84,3.78
4805,B,95205,CA,5295,11722,41,4.96
4806,B,77019,TX,5293,14387,162,1.03
4807,B,54143,WI,5293,7526,53,3.17
4808,B,45243,OH,5293,6160,29,7.05
4809,B,28791,NC,5292,7268,98,1.57
4810,B,76114,TX,5292,10648,75,7.23
4811,B,27803,NC,5291,10079,100,1.5
4812,B,50036,IA,5291,7416,75,1.0
4813,B,02840,RI,5291,13515,74,7.63
4814,B,90034,CA,5291,29262,53,-2.17
4815,B,28539,NC,5290,8091,105,-1.46
4816,B,30656,GA,5285,6266,121,5.18
4817,B,99353,WA,5284,6592,109,1.32
4818,B,37748,TN,5284,8208,66,7.22
4819,B,46517,IN,5283,9915,27,2.63
4820,B,81521,CO,5281,6531,122,5.08
4821,B,11427,NY,5281,8435,51,6.52
4822,B,36265,AL,5278,9582,33,6.17
4823,B,71303,LA,5276,10388,52,3.7
4824,B,32413,FL,5274,16334,736,3.05
4825,B,37725,TN,5273,8606,142,3.51
4826,B,60542,IL,5273,7328,21,7.59
4827,B,64506,MO,5272,9820,53,7.12
4828,B,45638,OH,5272,9039,41,4.67
4829,B,07087,NJ,5271,27442,99,1.75
4830,B,94559,CA,5271,11599,83,-0.97
4831,B,63118,MO,5268,14770,98,1.4
4832,B,30517,GA,5267,6775,157,-3.38
4833,B,70806,LA,5263,14972,135,2.06
4834,B,02446,MA,5263,15298,66,-3.76
4835,B,36203,AL,5263,8032,34,5.46
4836,B,43227,OH,5260,10874,39,6.71
4837,B,71105,LA,5256,11139,88,-1.25
4838,B,34105,FL,5254,11654,172,3.16
4839,B,31705,GA,5254,12829,59,-10.13
4840,B,91504,CA,5254,10629,39,4.69
4841,B,48025,MI,5253,5866,49,7.72
4842,B,19013,PA,5252,15664,62,20.03
4843,B,92806,CA,5252,13144,20,5.08
4844,B,16701,PA,5250,7544,45,8.52
4845,B,06351,CT,5250,6864,22,-0.71
4846,B,36869,AL,5249,10372,38,-2.85
4847,B,86327,AZ,5248,6544,71,4.17
4848,B,23005,VA,5248,7639,64,-0.55
4849,B,91740,CA,5246,8314,27,2.59
4850,B,24017,VA,5244,11263,58,4.62
4851,B,77017,TX,5244,11281,51,9.67
4852,B,50325,IA,5241,7455,91,1.78
4853,B,70507,LA,5239,8133,62,-13.67
4854,B,06716,CT,5239,6337,31,5.84
4855,B,07026,NJ,5237,12234,20,7.15
4856,B,28043,NC,5235,9356,79,2.56
4857,B,74136,OK,5234,16375,83,1.01
4858,B,13903,NY,5234,8620,32,8.57
4859,B,33189,FL,5233,8901,78,8.46
4860,B,72209,AR,5232,13863,71,8.12
4861,B,02035,MA,5232,7414,20,4.17
4862,B,27021,NC,5231,7926,54,0.13
4863,B,36527,AL,5230,7621,115,-2.16
4864,B,74112,OK,5230,10524,47,4.67
4865,B,37188,TN,5229,6815,184,2.55
4866,B,08859,NJ,5229,9067,28,7.02
4867,B,03431,NH,5227,11168,25,5.08
4868,B,93710,CA,5226,12581,31,1.46
4869,B,44622,OH,5226,8228,20,0.96
4870,B,13820,NY,5225,10083,58,7.2
4871,B,79904,TX,5224,13571,35,4.12
4872,B,07480,NJ,5223,6239,86,7.24
4873,B,07508,NJ,5223,8608,23,11.73
4874,B,55411,MN,5222,10967,66,10.6
4875,B,62220,IL,5222,8784,58,3.61
4876,B,94564,CA,5222,7285,21,0.46
4877,B,37663,TN,5221,6679,60,0.35
4878,B,12110,NY,5221,8269,23,3.5
4879,B,90041,CA,5220,10425,26,5.54
4880,B,92706,CA,5220,10473,16,5.76
4881,B,13104,NY,5219,6575,27,7.16
4882,B,76247,TX,5218,6610,261,-1.94
4883,B,23120,VA,5215,5435,106,-0.68
4884,B,64052,MO,5215,10570,48,1.93
4885,B,60403,IL,5215,7884,25,12.69
4886,B,72058,AR,5213,7143,101,8.77
4887,B,95133,CA,5213,9378,28,-2.08
4888,B,95531,CA,5212,8708,87,1.88
4889,B,28574,NC,5212,8055,69,2.92
4890,B,29532,SC,5211,9641,55,4.51
4891,B,91606,CA,5210,16563,54,3.54
4892,B,03087,NH,5208,5753,37,0.86
4893,B,32169,FL,5206,12339,367,-3.98
4894,B,30345,GA,5206,10987,89,2.65
4895,B,04038,ME,5206,6527,29,3.19
4896,B,60653,IL,5202,18279,42,2.39
4897,B,02370,MA,5201,7046,23,5.02
4898,B,37912,TN,5200,10916,64,0.22
4899,B,46268,IN,5198,11904,52,11.53
4900,B,04005,ME,5195,11001,53,5.69
4901,B,10467,NY,5195,40582,49,-0.41
4902,B,18504,PA,5195,10017,33,-0.6
4903,B,89706,NV,5191,9107,17,3.87
4904,B,08062,NJ,5190,5796,37,2.09
4905,B,07506,NJ,5190,8033,19,5.64
4906,B,29379,SC,5189,9010,46,-1.31
4907,B,96749,HI,5188,7545,112,17.33
4908,B,90249,CA,5188,9292,24,3.54
4909,B,30504,GA,5186,10162,137,0.33
4910,B,28716,NC,5186,8590,82,6.96
4911,B,53227,WI,5186,11519,34,5.12
4912,B,19054,PA,5186,6630,11,5.01
4913,B,36693,AL,5185,8833,76,2.23
4914,B,54656,WI,5185,7630,32,11.69
4915,B,49037,MI,5184,9971,46,6.65
4916,B,29070,SC,5181,7733,47,3.22
4917,B,35120,AL,5180,6570,88,2.73
4918,B,97058,OR,5179,8797,66,2.19
4919,B,77477,TX,5179,13888,57,-0.87
4920,B,92831,CA,5179,13691,34,4.71
4921,B,92124,CA,5178,12004,24,-2.36
4922,B,07104,NJ,5176,21762,42,-14.58
4923,B,22603,VA,5174,7380,55,2.82
4924,B,32428,FL,5173,7475,103,7.13
4925,B,72713,AR,5171,10752,313,8.79
4926,B,30728,GA,5171,8225,82,5.04
4927,B,31503,GA,5171,9009,60,8.91
4928,B,15120,PA,5171,9514,58,-5.42
4929,B,93618,CA,5168,9040,28,9.13
4930,B,56377,MN,5165,8239,63,-2.03
4931,B,22205,VA,5164,6875,19,4.86
4932,B,02421,MA,5162,6913,48,-6.49
4933,B,75219,TX,5160,19190,277,0.27
4934,B,07304,NJ,5160,21211,76,8.21
4935,B,49783,MI,5160,9388,68,3.61
4936,B,34239,FL,5159,8044,162,-6.7
4937,B,08505,NJ,5159,7792,35,1.09
4938,B,01440,MA,5159,9600,28,0.2
4939,B,79413,TX,5157,9590,102,2.83
4940,B,76106,TX,5156,11543,39,4.53
4941,B,85650,AZ,5155,6639,53,-0.88
4942,B,96732,HI,5154,8728,54,-0.55
4943,B,68005,NE,5152,9778,29,7.63
4944,B,39520,MS,5147,8593,167,8.11
4945,B,85139,AZ,5147,7197,91,2.02
4946,B,11733,NY,5147,6547,46,5.98
4947,B,49829,MI,5147,8729,27,12.9
4948,B,28704,NC,5144,11514,161,-5.08
4949,B,41071,KY,5144,10883,118,3.49
4950,B,44709,OH,5142,9218,21,2.99
4951,B,27886,NC,5141,8916,51,11.9
4952,B,15012,PA,5141,7604,44,6.32
4953,B,02139,MA,5140,16930,35,1.46
4954,B,19518,PA,5140,6274,17,6.02
4955,B,84601,UT,5139,11673,92,2.26
4956,B,97424,OR,5139,7920,55,4.41
4957,B,33327,FL,5138,6600,91,23.52
4958,B,08638,NJ,5137,10148,47,2.2
4959,B,46814,IN,5136,5848,57,0.43
4960,B,65251,MO,5135,8260,55,5.26
4961,B,48223,MI,5133,11264,90,4.22
4962,B,95367,CA,5133,7579,43,2.96
4963,B,19010,PA,5131,8520,24,5.78
4964,B,33431,FL,5130,9005,119,-1.54
4965,B,57006,SD,5130,10773,57,-0.32
4966,B,18036,PA,5129,6099,30,4.76
4967,B,44017,OH,5129,7359,13,4.76
4968,B,19061,PA,5127,8381,36,5.69
4969,B,81501,CO,5126,11524,84,4.97
4970,B,33498,FL,5126,5840,62,1.71
4971,B,48362,MI,5125,6428,34,4.49
4972,B,71201,LA,5124,10352,39,-0.12
4973,B,06461,CT,5122,6093,19,3.45
4974,B,18102,PA,5121,18788,51,7.68
4975,B,44241,OH,5121,7756,23,7.85
4976,B,32903,FL,5119,7469,110,-4.81
4977,B,75212,TX,5118,9250,117,-6.84
4978,B,30312,GA,5117,15787,133,2.62
4979,B,78102,TX,5115,8865,86,8.73
4980,B,93654,CA,5114,9505,19,6.92
4981,B,67226,KS,5113,9256,78,0.32
4982,B,16125,PA,5113,8070,50,-1.07
4983,B,72118,AR,5112,10823,74,-2.58
4984,B,06704,CT,5112,12987,23,12.02
4985,B,90201,CA,5111,24989,8,-6.07
4986,B,53158,WI,5110,7181,61,4.38
4987,B,80603,CO,5109,5842,74,1.76
4988,B,15228,PA,5104,7776,33,-1.07
4989,B,91401,CA,5099,15785,55,-0.26
4990,B,33478,FL,5095,5771,84,1.39
4991,B,30122,GA,5095,11679,68,-0.03
4992,B,44305,OH,5094,10230,37,5.14
4993,B,98409,WA,5091,12136,44,2.48
4994,B,32433,FL,5089,8059,86,-5.69
4995,B,48240,MI,5089,7328,46,1.76
4996,B,29334,SC,5088,7424,81,9.47
4997,B,37771,TN,5087,7573,70,8.47
4998,B,11946,NY,5083,9098,98,-2.08
4999,B,46208,IN,5082,11619,127,4.7
5000,B,30643,GA,5080,8647,162,10.19
5001,C,70518,LA,5080,6724,100,0.12
5002,C,90069,CA,5078,15160,276,10.93
5003,C,34222,FL,5078,7931,52,-12.21
5004,C,10310,NY,5078,9909,31,8.66
5005,C,08028,NJ,5076,9006,32,1.22
5006,C,27344,NC,5076,8086,27,10.69
5007,C,66210,KS,5075,9700,26,3.83
5008,C,35016,AL,5073,7372,93,-0.44
5009,C,46303,IN,5072,6922,98,-0.59
5010,C,49068,MI,5072,6901,57,5.59
5011,C,79603,TX,5072,9960,21,-10.73
5012,C,90603,CA,5072,6659,15,3.13
5013,C,01520,MA,5071,5946,37,3.4
5014,C,74801,OK,5070,9749,85,2.72
5015,C,97215,OR,5070,7855,28,1.39
5016,C,65706,MO,5069,7070,59,6.47
5017,C,32011,FL,5069,6298,35,-6.07
5018,C,21774,MD,5068,5503,70,6.81
5019,C,27576,NC,5067,7911,141,4.26
5020,C,01851,MA,5066,11759,13,3.63
5021,C,30642,GA,5065,8299,288,-6.61
5022,C,91324,CA,5065,11408,39,4.39
5023,C,67218,KS,5064,11483,33,-0.58
5024,C,30106,GA,5061,9576,88,-1.74
5025,C,84054,UT,5060,7658,60,2.57
5026,C,28164,NC,5059,6387,74,5.14
5027,C,43812,OH,5059,8741,51,-0.1
5028,C,75146,TX,5059,9575,51,4.0
5029,C,01028,MA,5059,6051,27,7.43
5030,C,94030,CA,5055,8566,7,-1.03
5031,C,67207,KS,5054,12755,53,4.69
5032,C,18337,PA,5053,7615,129,9.33
5033,C,80222,CO,5051,11625,115,-1.42
5034,C,50323,IA,5050,5965,176,3.58
5035,C,55364,MN,5049,6740,102,6.34
5036,C,37354,TN,5049,7370,74,5.15
5037,C,30308,GA,5047,16007,238,1.6
5038,C,75156,TX,5046,8969,301,-3.29
5039,C,19057,PA,5046,6452,16,8.08
5040,C,48838,MI,5045,7461,38,7.03
5041,C,15025,PA,5043,7885,50,1.42
5042,C,27317,NC,5043,7276,29,5.38
5043,C,33187,FL,5042,5825,82,-0.1
5044,C,24210,VA,5042,8110,54,-3.75
5045,C,76710,TX,5039,12391,147,-0.19
5046,C,98383,WA,5039,9660,45,6.84
5047,C,77038,TX,5038,9134,29,7.99
5048,C,95358,CA,5037,8751,31,3.87
5049,C,07205,NJ,5037,7550,26,5.37
5050,C,02128,MA,5033,19124,127,19.3
5051,C,15116,PA,5033,6042,17,2.72
5052,C,06415,CT,5032,7019,27,8.9
5053,C,98136,WA,5031,8295,54,-1.11
5054,C,32217,FL,5030,9632,74,-4.59
5055,C,15243,PA,5030,6035,36,3.02
5056,C,91803,CA,5030,10439,27,-0.28
5057,C,91945,CA,5030,9715,26,0.56
5058,C,94519,CA,5030,7427,20,-2.33
5059,C,80215,CO,5029,9156,43,3.41
5060,C,33166,FL,5027,10838,137,8.51
5061,C,32505,FL,5027,12278,107,-7.43
5062,C,46637,IN,5027,8396,40,2.75
5063,C,97060,OR,5027,7823,39,1.17
5064,C,19090,PA,5027,8141,23,0.55
5065,C,54981,WI,5025,8253,64,10.92
5066,C,84103,UT,5023,13528,104,3.58
5067,C,83617,ID,5022,6981,102,2.13
5068,C,45432,OH,5021,6715,21,10.17
5069,C,37398,TN,5020,7772,180,6.3
5070,C,22601,VA,5020,13159,77,6.31
5071,C,55008,MN,5019,6851,69,5.18
5072,C,99669,AK,5018,8221,80,8.51
5073,C,38118,TN,5017,16317,93,1.48
5074,C,91405,CA,5017,19822,49,2.75
5075,C,44092,OH,5017,8258,33,4.44
5076,C,50312,IA,5016,8285,74,1.99
5077,C,75474,TX,5015,7115,103,7.54
5078,C,77380,TX,5014,16232,107,2.82
5079,C,91040,CA,5013,8237,41,-4.4
5080,C,73119,OK,5011,12008,58,-0.57
5081,C,89433,NV,5010,7531,13,18.55
5082,C,76009,TX,5007,7648,95,5.7
5083,C,49080,MI,5007,6582,25,-0.47
5084,C,80018,CO,5006,5919,131,1.94
5085,C,19462,PA,5005,6658,15,8.32
5086,C,48301,MI,5004,6131,51,4.83
5087,C,83703,ID,5003,7971,43,3.81
5088,C,31029,GA,5002,7006,89,1.92
5089,C,36618,AL,5001,7313,37,-13.34
5090,C,19802,DE,5000,11596,75,5.92
5091,C,53532,WI,4999,6375,57,5.15
5092,C,16105,PA,4999,7249,53,7.05
5093,C,32317,FL,4998,5817,85,-0.33
5094,C,23805,VA,4998,9272,43,0.53
5095,C,07059,NJ,4996,5924,40,3.85
5096,C,10804,NY,4996,5327,34,6.8
5097,C,18612,PA,4996,6713,26,8.3
5098,C,02476,MA,4996,8058,22,6.33
5099,C,07107,NJ,4995,16084,16,-10.09
5100,C,77006,TX,4994,16654,158,-5.6
5101,C,19425,PA,4993,5672,41,4.92
5102,C,18013,PA,4993,7401,16,6.9
5103,C,02914,RI,4991,10082,17,6.29
5104,C,21704,MD,4989,6230,54,2.61
5105,C,48846,MI,4987,7597,18,1.36
5106,C,80302,CO,4984,13556,174,-4.34
5107,C,32951,FL,4984,7720,124,-0.48
5108,C,94597,CA,4983,11262,52,-5.59
5109,C,38672,MS,4978,5999,86,-7.09
5110,C,75103,TX,4977,6967,92,0.29
5111,C,02771,MA,4977,6324,31,4.29
5112,C,80107,CO,4976,5387,154,3.14
5113,C,20017,DC,4976,9252,43,0.02
5114,C,44706,OH,4976,8003,26,8.78
5115,C,39560,MS,4974,8429,109,-6.32
5116,C,20905,MD,4974,5866,20,5.79
5117,C,47960,IN,4973,9757,108,1.34
5118,C,38571,TN,4972,6469,99,7.9
5119,C,11961,NY,4972,6142,31,5.71
5120,C,02905,RI,4972,10361,30,6.0
5121,C,08401,NJ,4971,20116,297,9.81
5122,C,94117,CA,4969,19709,7,7.33
5123,C,23220,VA,4968,16561,58,1.66
5124,C,06905,CT,4966,8726,34,6.8
5125,C,45320,OH,4965,7069,42,2.03
5126,C,60546,IL,4965,6913,14,5.05
5127,C,27504,NC,4964,7140,115,4.99
5128,C,44425,OH,4963,6614,19,3.36
5129,C,38372,TN,4959,8696,150,5.72
5130,C,37090,TN,4955,7665,154,2.05
5131,C,29388,SC,4954,7466,151,1.71
5132,C,40071,KY,4954,6264,53,2.16
5133,C,48532,MI,4953,9093,30,2.04
5134,C,46163,IN,4950,5476,45,2.04
5135,C,92371,CA,4948,6683,49,4.37
5136,C,45237,OH,4948,10976,31,1.76
5137,C,33140,FL,4947,16000,500,1.93
5138,C,46064,IN,4947,6158,53,5.21
5139,C,80214,CO,4946,13298,116,-1.1
5140,C,53143,WI,4944,9118,34,4.0
5141,C,80125,CO,4942,5377,154,-2.32
5142,C,34669,FL,4941,6747,75,0.07
5143,C,93907,CA,4940,7659,21,-4.29
5144,C,42164,KY,4939,7683,124,6.51
5145,C,02019,MA,4937,6555,23,5.43
5146,C,36541,AL,4936,6432,37,6.98
5147,C,04073,ME,4934,7772,32,3.57
5148,C,38930,MS,4931,10608,69,3.56
5149,C,19428,PA,4928,10032,39,8.51
5150,C,35773,AL,4924,5813,81,3.19
5151,C,27523,NC,4919,7730,88,16.75
5152,C,93901,CA,4919,11328,26,-3.28
5153,C,33805,FL,4917,11908,79,-2.48
5154,C,32222,FL,4917,7385,70,4.5
5155,C,32615,FL,4916,6908,104,9.37
5156,C,47129,IN,4916,9382,39,3.03
5157,C,15202,PA,4915,10555,40,4.6
5158,C,90291,CA,4914,16709,114,-10.01
5159,C,52003,IA,4914,5855,27,6.05
5160,C,73701,OK,4912,10924,49,5.37
5161,C,60463,IL,4912,5501,38,12.94
5162,C,34432,FL,4911,6899,171,6.07
5163,C,84097,UT,4910,7237,41,2.32
5164,C,01864,MA,4910,5920,34,3.71
5165,C,33168,FL,4909,6761,73,0.13
5166,C,01746,MA,4907,5774,19,4.32
5167,C,43605,OH,4905,11985,54,-7.1
5168,C,84115,UT,4903,13899,75,3.66
5169,C,60447,IL,4903,5429,35,6.8
5170,C,74135,OK,4901,10855,53,4.56
5171,C,94603,CA,4901,11199,37,-2.94
5172,C,94505,CA,4900,6136,91,-4.46
5173,C,24701,WV,4899,9419,51,-7.29
5174,C,77042,TX,4898,21252,175,5.17
5175,C,48340,MI,4897,12154,38,6.74
5176,C,20018,DC,4896,9753,84,4.42
5177,C,84014,UT,4896,5894,61,4.01
5178,C,01742,MA,4896,6659,54,0.62
5179,C,44321,OH,4895,6597,29,4.61
5180,C,76207,TX,4891,7657,132,3.07
5181,C,30071,GA,4890,9644,76,8.49
5182,C,48503,MI,4888,11823,76,-5.44
5183,C,80224,CO,4887,9200,96,-0.02
5184,C,73507,OK,4885,10504,104,4.95
5185,C,50014,IA,4883,14860,67,2.73
5186,C,43528,OH,4882,6946,47,-4.19
5187,C,90265,CA,4881,8642,328,-0.75
5188,C,97801,OR,4881,9033,53,6.68
5189,C,60104,IL,4879,6492,17,6.69
5190,C,33412,FL,4878,6614,177,1.58
5191,C,38478,TN,4876,8772,109,5.43
5192,C,98499,WA,4875,14683,60,1.04
5193,C,34610,FL,4872,6447,64,-8.46
5194,C,53115,WI,4871,8848,75,5.11
5195,C,48335,MI,4871,11964,26,2.26
5196,C,34117,FL,4870,5796,137,3.65
5197,C,37411,TN,4870,8807,79,0.46
5198,C,20015,DC,4869,6727,42,0.03
5199,C,56345,MN,4867,6761,58,1.74
5200,C,46214,IN,4867,11228,40,-0.94
5201,C,75460,TX,4865,11210,120,1.88
5202,C,44906,OH,4863,8613,39,5.67
5203,C,37179,TN,4858,5755,163,6.89
5204,C,46113,IN,4857,6390,53,0.5
5205,C,45227,OH,4856,9425,60,2.45
5206,C,29153,SC,4856,7083,59,14.27
5207,C,53226,WI,4856,8912,41,3.83
5208,C,34994,FL,4854,10086,165,-7.97
5209,C,95620,CA,4854,8179,43,-0.47
5210,C,76014,TX,4854,11274,32,-1.74
5211,C,01095,MA,4853,5678,42,5.83
5212,C,36609,AL,4851,12701,75,1.34
5213,C,97470,OR,4850,8872,93,1.65
5214,C,98108,WA,4850,9096,73,1.21
5215,C,91902,CA,4848,6277,29,-1.97
5216,C,46259,IN,4847,5108,54,5.11
5217,C,72315,AR,4847,10081,49,-4.1
5218,C,49660,MI,4845,7744,62,5.96
5219,C,94801,CA,4845,11012,39,-4.4
5220,C,37772,TN,4844,6186,69,2.19
5221,C,32114,FL,4843,17118,175,-4.71
5222,C,12508,NY,4843,8798,61,14.58
5223,C,48238,MI,4842,16341,169,18.53
5224,C,35473,AL,4841,8601,55,5.5
5225,C,02125,MA,4841,14999,43,8.38
5226,C,16648,PA,4841,6849,21,12.91
5227,C,28557,NC,4839,9168,85,8.56
5228,C,81503,CO,4838,6567,70,4.21
5229,C,35976,AL,4837,7472,217,2.07
5230,C,32839,FL,4837,24325,160,-0.42
5231,C,79110,TX,4837,7760,42,3.64
5232,C,15904,PA,4836,7243,16,12.1
5233,C,30241,GA,4835,10433,93,-6.3
5234,C,12534,NY,4833,9613,73,8.62
5235,C,47167,IN,4833,6547,62,6.09
5236,C,11780,NY,4833,5907,45,4.86
5237,C,31768,GA,4832,9820,56,10.99
5238,C,14218,NY,4832,9478,23,3.88
5239,C,70764,LA,4831,7419,35,6.19
5240,C,71006,LA,4827,6032,67,2.91
5241,C,36022,AL,4827,5960,50,6.47
5242,C,55374,MN,4826,5496,105,3.94
5243,C,31792,GA,4825,10875,115,4.72
5244,C,59803,MT,4825,6813,61,4.62
5245,C,33010,FL,4825,16456,42,2.35
5246,C,84104,UT,4825,8452,33,0.77
5247,C,97739,OR,4822,6929,214,2.86
5248,C,27370,NC,4821,6007,26,3.16
5249,C,46806,IN,4817,10282,59,11.09
5250,C,29906,SC,4816,11028,131,-0.6
5251,C,55102,MN,4816,11582,82,3.93
5252,C,23324,VA,4816,9834,59,2.2
5253,C,74344,OK,4811,8523,200,3.97
5254,C,73521,OK,4810,9975,65,-2.57
5255,C,03060,NH,4808,13003,18,8.01
5256,C,06615,CT,4805,7448,27,6.02
5257,C,78238,TX,4801,11726,64,3.21
5258,C,54868,WI,4799,7640,63,3.07
5259,C,34714,FL,4797,11651,228,30.59
5260,C,39209,MS,4797,12438,67,18.31
5261,C,77619,TX,4796,6885,28,9.69
5262,C,71953,AR,4795,6924,128,7.69
5263,C,87106,NM,4795,13893,68,4.31
5264,C,32025,FL,4794,9162,82,14.85
5265,C,28023,NC,4794,6490,47,6.65
5266,C,28584,NC,4793,7550,112,-3.98
5267,C,31407,GA,4792,9613,128,-12.74
5268,C,39553,MS,4791,7470,67,7.35
5269,C,25405,WV,4790,5917,38,-5.9
5270,C,66207,KS,4790,6455,20,4.93
5271,C,31558,GA,4789,9729,166,-7.1
5272,C,94507,CA,4789,5392,37,-6.61
5273,C,42134,KY,4787,8138,138,4.76
5274,C,43506,OH,4786,6940,27,6.31
5275,C,34452,FL,4784,6353,68,-1.07
5276,C,62629,IL,4784,6160,24,4.2
5277,C,45891,OH,4783,6679,28,-0.59
5278,C,21211,MD,4782,9056,55,1.98
5279,C,13901,NY,4780,10148,23,12.21
5280,C,10952,NY,4778,11743,79,2.6
5281,C,96826,HI,4777,16564,136,-1.3
5282,C,31707,GA,4776,12652,112,0.49
5283,C,46122,IN,4776,6405,57,2.69
5284,C,35967,AL,4776,7825,52,0.52
5285,C,44839,OH,4776,6786,47,13.37
5286,C,02532,MA,4775,7362,55,1.07
5287,C,90001,CA,4775,13998,12,15.36
5288,C,79407,TX,4771,11817,137,0.48
5289,C,53718,WI,4770,8408,36,3.99
5290,C,72022,AR,4769,7353,52,7.61
5291,C,91901,CA,4769,6593,50,0.7
5292,C,49401,MI,4768,9083,43,6.41
5293,C,19601,PA,4768,14024,29,3.72
5294,C,76067,TX,4767,8660,111,0.87
5295,C,72714,AR,4763,5931,158,1.76
5296,C,49721,MI,4763,8535,62,4.82
5297,C,38863,MS,4763,8394,28,-0.84
5298,C,89119,NV,4761,24756,156,4.83
5299,C,40160,KY,4761,9991,88,9.25
5300,C,92582,CA,4761,5858,68,1.99
5301,C,24141,VA,4761,10043,52,0.34
5302,C,67460,KS,4759,7097,60,12.43
5303,C,92377,CA,4758,5633,32,2.97
5304,C,33711,FL,4756,9522,188,-7.84
5305,C,76135,TX,4756,8148,87,0.01
5306,C,32606,FL,4756,11230,77,2.09
5307,C,13662,NY,4755,7785,66,-5.66
5308,C,49202,MI,4755,9598,53,8.79
5309,C,48189,MI,4755,6196,24,8.31
5310,C,48625,MI,4754,10903,98,10.48
5311,C,54636,WI,4754,6517,63,5.32
5312,C,11968,NY,4753,10444,201,3.49
5313,C,86001,AZ,4753,15364,133,1.26
5314,C,06084,CT,4753,5375,21,8.49
5315,C,35211,AL,4750,14302,91,3.73
5316,C,40361,KY,4749,8173,52,6.31
5317,C,45233,OH,4749,6001,25,-1.07
5318,C,75964,TX,4748,8314,31,2.36
5319,C,06117,CT,4748,6147,22,3.17
5320,C,44833,OH,4747,8278,34,5.52
5321,C,75402,TX,4746,8024,126,3.59
5322,C,33019,FL,4745,12453,623,-3.87
5323,C,67206,KS,4745,8310,42,-3.95
5324,C,22401,VA,4744,12270,76,2.35
5325,C,73018,OK,4743,9509,90,-2.04
5326,C,78801,TX,4742,8340,110,4.46
5327,C,43558,OH,4742,5703,23,4.94
5328,C,61520,IL,4741,7301,58,3.26
5329,C,32829,FL,4739,7432,96,-15.94
5330,C,24382,VA,4738,7682,60,5.03
5331,C,64131,MO,4738,11005,54,4.55
5332,C,13215,NY,4737,5925,26,0.06
5333,C,73115,OK,4735,9329,48,3.89
5334,C,40213,KY,4735,7730,25,1.9
5335,C,70043,LA,4734,8782,90,-4.67
5336,C,53073,WI,4734,6591,32,1.35
5337,C,39429,MS,4733,7459,50,9.03
5338,C,56003,MN,4732,6543,51,1.76
5339,C,48026,MI,4731,6778,20,4.68
5340,C,33054,FL,4730,10263,64,9.36
5341,C,01002,MA,4729,11089,45,3.83
5342,C,63104,MO,4728,10958,72,2.28
5343,C,21030,MD,4728,11341,46,9.64
5344,C,12208,NY,4727,11522,14,5.35
5345,C,43074,OH,4724,6204,58,2.34
5346,C,77328,TX,4723,6943,78,-0.59
5347,C,33444,FL,4722,10469,145,-1.44
5348,C,77063,TX,4721,22625,192,3.07
5349,C,99004,WA,4719,8992,90,5.13
5350,C,60426,IL,4717,10870,79,-0.14
5351,C,35901,AL,4716,9075,73,4.25
5352,C,37766,TN,4715,9721,116,-1.65
5353,C,75169,TX,4713,6558,100,5.36
5354,C,38611,MS,4713,7206,74,1.7
5355,C,45212,OH,4713,11027,38,3.63
5356,C,06416,CT,4711,6286,12,2.22
5357,C,77020,TX,4710,10054,142,5.27
5358,C,68028,NE,4710,5672,106,5.92
5359,C,91436,CA,4710,6288,93,14.53
5360,C,38572,TN,4709,6103,104,6.97
5361,C,20855,MD,4709,6141,22,6.32
5362,C,89508,NV,4707,5308,32,1.69
5363,C,63383,MO,4706,6523,62,6.2
5364,C,26041,WV,4706,7224,32,4.16
5365,C,11703,NY,4704,5665,26,4.31
5366,C,55444,MN,4701,5440,17,3.86
5367,C,80002,CO,4700,9960,66,-1.15
5368,C,44141,OH,4698,5998,22,6.09
5369,C,34288,FL,4696,6171,211,1.21
5370,C,82501,WY,4696,7882,82,4.64
5371,C,04605,ME,4696,9188,69,0.08
5372,C,48210,MI,4696,10576,22,10.49
5373,C,22151,VA,4695,5853,18,-0.95
5374,C,90003,CA,4692,18349,38,13.02
5375,C,84058,UT,4690,11749,54,-0.11
5376,C,18505,PA,4689,9996,41,11.63
5377,C,15229,PA,4689,6720,26,5.13
5378,C,37617,TN,4687,6188,37,7.53
5379,C,33483,FL,4686,9493,201,33.34
5380,C,60445,IL,4686,6228,23,4.42
5381,C,07628,NJ,4686,6781,20,6.82
5382,C,49001,MI,4685,9670,28,4.7
5383,C,95827,CA,4683,7922,30,-0.75
5384,C,96778,HI,4681,6814,181,5.71
5385,C,92344,CA,4680,6329,98,6.08
5386,C,60503,IL,4680,5167,36,1.13
5387,C,31516,GA,4679,6627,71,-5.4
5388,C,02915,RI,4679,7746,19,5.1
5389,C,92865,CA,4679,7188,19,5.14
5390,C,77550,TX,4678,15811,347,-9.1
5391,C,77640,TX,4678,9020,60,7.5
5392,C,29626,SC,4677,6443,56,6.43
5393,C,96022,CA,4676,6539,73,-1.59
5394,C,43545,OH,4674,6351,13,6.78
5395,C,89441,NV,4673,5314,55,1.73
5396,C,98903,WA,4673,6541,52,-0.07
5397,C,24426,VA,4673,7249,40,-2.24
5398,C,83644,ID,4672,5362,119,-2.84
5399,C,62208,IL,4672,8148,50,8.72
5400,C,06477,CT,4671,5388,23,6.04
5401,C,92587,CA,4668,6529,114,-13.49
5402,C,77090,TX,4667,19076,125,12.59
5403,C,66205,KS,4667,6470,40,4.1
5404,C,16803,PA,4667,12155,24,0.75
5405,C,70714,LA,4666,7278,46,-0.97
5406,C,76086,TX,4665,9689,84,-4.09
5407,C,89102,NV,4664,16964,100,6.21
5408,C,98188,WA,4663,12025,40,2.85
5409,C,59912,MT,4662,6831,78,0.93
5410,C,56379,MN,4661,7356,51,2.49
5411,C,02129,MA,4661,9987,50,23.39
5412,C,11788,NY,4661,5818,22,10.59
5413,C,43231,OH,4660,9005,12,4.25
5414,C,94089,CA,4659,9449,9,17.92
5415,C,35243,AL,4658,10027,48,4.68
5416,C,98310,WA,4658,9635,26,2.07
5417,C,28352,NC,4657,9803,75,17.46
5418,C,72212,AR,4656,5469,51,0.6
5419,C,95066,CA,4655,6733,39,-2.55
5420,C,38701,MS,4654,10640,57,5.68
5421,C,91733,CA,4654,11172,20,-3.6
5422,C,19604,PA,4653,10089,36,14.17
5423,C,38351,TN,4652,7909,58,10.53
5424,C,92405,CA,4651,9727,33,2.96
5425,C,37721,TN,4650,5844,36,7.2
5426,C,71055,LA,4647,8725,34,7.21
5427,C,43021,OH,4647,5082,26,8.35
5428,C,78612,TX,4646,5981,70,-5.77
5429,C,15501,PA,4642,7656,18,28.22
5430,C,46561,IN,4641,5580,30,3.82
5431,C,60304,IL,4641,6842,11,6.56
5432,C,55056,MN,4640,5696,73,0.7
5433,C,96746,HI,4640,8178,73,-0.78
5434,C,23505,VA,4639,13715,59,4.12
5435,C,45640,OH,4637,7064,55,-0.6
5436,C,06483,CT,4637,6436,26,9.5
5437,C,95138,CA,4636,5733,20,-6.49
5438,C,19943,DE,4635,5807,53,1.11
5439,C,06320,CT,4634,12528,26,7.02
5440,C,53208,WI,4632,13778,34,7.9
5441,C,68507,NE,4632,7144,28,-0.26
5442,C,68128,NE,4630,8136,17,2.76
5443,C,37874,TN,4629,7497,61,7.11
5444,C,91506,CA,4628,8530,23,2.03
5445,C,27546,NC,4626,7933,221,8.2
5446,C,97524,OR,4625,6216,108,5.49
5447,C,76308,TX,4623,9601,62,5.46
5448,C,48609,MI,4623,5494,18,3.31
5449,C,44320,OH,4621,9240,49,4.29
5450,C,92277,CA,4618,13657,215,-2.12
5451,C,44030,OH,4618,7211,28,3.98
5452,C,17362,PA,4617,5595,38,10.63
5453,C,01905,MA,4617,9583,24,2.9
5454,C,53714,WI,4616,7975,10,4.14
5455,C,12047,NY,4615,10963,20,6.63
5456,C,97005,OR,4614,12130,46,0.2
5457,C,48623,MI,4612,5495,42,8.17
5458,C,78374,TX,4610,8426,115,3.18
5459,C,72405,AR,4609,7049,97,3.52
5460,C,64050,MO,4602,10338,53,4.8
5461,C,44614,OH,4602,5961,21,6.02
5462,C,08110,NJ,4601,6738,34,4.53
5463,C,55436,MN,4600,6449,61,5.86
5464,C,68127,NE,4600,10435,18,1.82
5465,C,55040,MN,4599,5635,48,1.15
5466,C,74429,OK,4597,6457,80,4.07
5467,C,79072,TX,4595,10093,87,6.87
5468,C,02467,MA,4595,7293,56,9.26
5469,C,20639,MD,4595,5182,37,5.07
5470,C,48383,MI,4595,5066,26,6.27
5471,C,61920,IL,4594,9786,25,-0.3
5472,C,63042,MO,4591,9619,28,6.28
5473,C,03045,NH,4591,5521,20,4.15
5474,C,39571,MS,4590,6790,113,-7.01
5475,C,37813,TN,4588,7492,48,0.71
5476,C,02171,MA,4587,9513,30,6.98
5477,C,74115,OK,4586,9583,36,4.48
5478,C,91030,CA,4586,11040,27,23.37
5479,C,80925,CO,4584,5870,181,4.53
5480,C,16504,PA,4583,7038,16,7.24
5481,C,20740,MD,4581,13079,45,2.49
5482,C,89815,NV,4581,5448,35,7.74
5483,C,90802,CA,4576,25055,152,5.29
5484,C,74361,OK,4576,7437,69,12.7
5485,C,22553,VA,4574,5891,44,7.34
5486,C,95650,CA,4573,5234,37,4.22
5487,C,29303,SC,4570,10891,154,1.67
5488,C,90502,CA,4570,6899,41,1.93
5489,C,03303,NH,4570,6907,29,4.36
5490,C,32219,FL,4569,5780,130,16.93
5491,C,31632,GA,4569,5932,79,8.12
5492,C,27023,NC,4567,5471,65,9.41
5493,C,44260,OH,4566,5429,10,3.4
5494,C,31820,GA,4562,5343,57,-4.17
5495,C,34236,FL,4561,11661,356,29.33
5496,C,75401,TX,4560,9067,154,4.58
5497,C,77437,TX,4560,7322,49,8.99
5498,C,16508,PA,4560,7385,20,6.39
5499,C,33980,FL,4558,8108,154,-6.75
5500,C,76088,TX,4558,5573,103,-0.55
5501,C,35903,AL,4557,8338,60,2.21
5502,C,11702,NY,4557,5939,33,5.4
5503,C,13790,NY,4556,9585,31,1.62
5504,C,18444,PA,4554,5954,28,6.62
5505,C,01301,MA,4553,8761,12,10.31
5506,C,97089,OR,4551,4991,47,-1.66
5507,C,75707,TX,4550,6858,98,-4.09
5508,C,70070,LA,4549,5448,58,0.74
5509,C,71701,AR,4548,8834,94,11.32
5510,C,44420,OH,4547,7047,29,-1.12
5511,C,24501,VA,4546,12157,94,4.47
5512,C,42728,KY,4545,7510,39,-2.52
5513,C,02767,MA,4543,6089,26,2.65
5514,C,07044,NJ,4543,5997,24,9.84
5515,C,90059,CA,4543,10650,18,4.14
5516,C,21128,MD,4540,5811,40,-1.59
5517,C,25428,WV,4539,5399,59,4.37
5518,C,97333,OR,4539,10604,52,-0.26
5519,C,77023,TX,4537,11850,85,-2.89
5520,C,77056,TX,4536,15347,211,1.82
5521,C,42276,KY,4536,6799,59,5.75
5522,C,78121,TX,4535,5304,122,3.7
5523,C,35214,AL,4533,8048,53,-4.12
5524,C,83440,ID,4531,13845,125,1.26
5525,C,39367,MS,4531,6461,21,-0.36
5526,C,61114,IL,4530,6599,17,7.87
5527,C,82070,WY,4529,9838,74,1.26
5528,C,92102,CA,4528,15622,32,-1.19
5529,C,85350,AZ,4528,6421,25,0.73
5530,C,18466,PA,4525,7892,192,6.08
5531,C,29204,SC,4524,8687,61,8.32
5532,C,33776,FL,4523,5461,86,-3.98
5533,C,11726,NY,4521,6492,28,7.77
5534,C,18436,PA,4519,9747,151,2.92
5535,C,98363,WA,4516,7195,53,1.35
5536,C,30168,GA,4515,10405,59,-6.61
5537,C,67530,KS,4514,8759,61,14.13
5538,C,75951,TX,4513,7664,114,8.31
5539,C,17801,PA,4513,7519,22,-10.69
5540,C,15234,PA,4512,6733,26,5.06
5541,C,11212,NY,4512,34782,17,18.11
5542,C,90260,CA,4511,10787,20,-7.97
5543,C,94707,CA,4511,5377,9,-4.08
5544,C,64089,MO,4508,5471,34,2.25
5545,C,01778,MA,4506,5136,25,3.08
5546,C,90222,CA,4505,8874,21,3.63
5547,C,20124,VA,4504,4889,20,10.57
5548,C,35094,AL,4503,6502,67,-4.42
5549,C,72103,AR,4503,6078,27,-7.44
5550,C,33607,FL,4502,13158,93,3.58
5551,C,20882,MD,4502,4644,26,4.73
5552,C,29693,SC,4501,8002,99,3.81
5553,C,22181,VA,4499,5555,34,14.26
5554,C,77551,TX,4497,11184,281,4.31
5555,C,21666,MD,4496,5781,91,0.11
5556,C,30904,GA,4495,12558,129,3.22
5557,C,98065,WA,4495,5681,57,4.18
5558,C,67002,KS,4495,6006,52,-3.24
5559,C,06478,CT,4492,5091,29,7.78
5560,C,60406,IL,4492,9925,26,8.68
5561,C,29572,SC,4491,14313,704,-3.13
5562,C,72936,AR,4490,6019,61,5.46
5563,C,65613,MO,4487,7327,92,-2.13
5564,C,62656,IL,4485,7569,22,7.03
5565,C,35043,AL,4483,5126,98,-6.33
5566,C,75702,TX,4483,10273,62,-1.3
5567,C,97103,OR,4481,8007,75,4.08
5568,C,11778,NY,4481,5028,63,4.49
5569,C,30501,GA,4480,12916,126,2.57
5570,C,37083,TN,4480,6958,93,5.12
5571,C,11426,NY,4479,6813,32,4.49
5572,C,90806,CA,4479,13106,24,2.55
5573,C,30273,GA,4478,6548,57,2.63
5574,C,49047,MI,4476,8205,54,5.58
5575,C,70394,LA,4476,5986,33,-9.55
5576,C,01109,MA,4476,10786,25,4.51
5577,C,90008,CA,4475,16245,59,-9.57
5578,C,24015,VA,4473,7593,47,6.4
5579,C,27249,NC,4472,6391,62,5.25
5580,C,06903,CT,4472,5141,30,9.18
5581,C,17067,PA,4471,6155,24,24.93
5582,C,92110,CA,4470,13227,74,-15.29
5583,C,13066,NY,4470,5971,24,8.39
5584,C,39272,MS,4469,6197,33,-1.8
5585,C,06029,CT,4468,6726,17,6.78
5586,C,81623,CO,4465,7280,117,0.19
5587,C,55042,MN,4464,4987,49,-1.86
5588,C,05478,VT,4462,7205,62,5.72
5589,C,38901,MS,4461,8831,44,3.4
5590,C,16301,PA,4459,7648,40,10.49
5591,C,22308,VA,4459,4850,25,5.78
5592,C,32696,FL,4458,6133,72,0.65
5593,C,24739,WV,4458,6549,23,16.08
5594,C,06070,CT,4458,5899,21,7.32
5595,C,11767,NY,4458,4961,21,9.4
5596,C,33634,FL,4457,8219,64,-11.81
5597,C,29323,SC,4455,6266,103,-0.45
5598,C,78214,TX,4455,8447,78,-7.3
5599,C,59840,MT,4454,7287,126,-4.66
5600,C,77541,TX,4452,9292,329,2.31
5601,C,64080,MO,4451,5669,45,2.42
5602,C,08260,NJ,4450,23076,242,7.69
5603,C,35650,AL,4449,5989,45,0.22
5604,C,48118,MI,4448,5864,17,7.71
5605,C,97386,OR,4445,6339,72,1.47
5606,C,31032,GA,4445,5716,37,11.62
5607,C,77575,TX,4444,7059,50,7.56
5608,C,16323,PA,4442,7088,32,1.93
5609,C,49801,MI,4441,5927,27,5.87
5610,C,38114,TN,4438,12252,99,24.02
5611,C,11738,NY,4438,5888,25,6.99
5612,C,04090,ME,4437,9590,115,6.8
5613,C,42754,KY,4437,7375,90,4.09
5614,C,77067,TX,4437,11072,42,11.77
5615,C,07801,NJ,4437,9442,16,-2.11
5616,C,32766,FL,4436,5023,41,-0.19
5617,C,90062,CA,4435,10060,39,1.13
5618,C,75143,TX,4433,7088,159,-11.45
5619,C,84087,UT,4432,5254,30,0.17
5620,C,40444,KY,4431,6096,67,3.43
5621,C,50111,IA,4428,6345,116,-1.3
5622,C,48381,MI,4428,5588,54,4.64
5623,C,66226,KS,4428,5259,40,9.04
5624,C,40175,KY,4427,6630,61,4.24
5625,C,75602,TX,4426,8131,57,3.81
5626,C,39440,MS,4425,9035,64,9.5
5627,C,77503,TX,4425,8980,36,10.05
5628,C,30291,GA,4424,11434,88,-10.81
5629,C,02451,MA,4423,7852,18,4.34
5630,C,62568,IL,4422,6997,35,6.83
5631,C,19341,PA,4422,9209,18,6.1
5632,C,67042,KS,4421,7342,41,9.62
5633,C,18706,PA,4421,7675,27,9.66
5634,C,95252,CA,4420,5406,82,3.45
5635,C,29697,SC,4417,6130,50,0.48
5636,C,64130,MO,4415,10952,98,0.28
5637,C,22026,VA,4415,6648,66,-5.17
5638,C,14621,NY,4415,15013,30,4.76
5639,C,01118,MA,4415,5787,21,10.15
5640,C,80620,CO,4414,6794,61,-3.08
5641,C,98360,WA,4414,5328,61,8.72
5642,C,33184,FL,4412,6773,45,-0.26
5643,C,32439,FL,4411,6772,279,0.96
5644,C,07106,NJ,4411,13633,23,-4.03
5645,C,98109,WA,4410,23162,134,9.26
5646,C,77707,TX,4410,7312,77,-3.79
5647,C,33167,FL,4409,6978,99,1.96
5648,C,35045,AL,4409,6542,67,-2.13
5649,C,06401,CT,4409,8430,13,5.26
5650,C,03076,NH,4408,5174,21,6.69
5651,C,32305,FL,4406,8517,43,-2.27
5652,C,60131,IL,4406,6120,13,4.11
5653,C,27617,NC,4405,10522,75,34.36
5654,C,20746,MD,4404,14075,61,0.5
5655,C,66202,KS,4403,9308,29,2.32
5656,C,53212,WI,4402,15749,57,17.18
5657,C,95965,CA,4402,7846,50,6.49
5658,C,71115,LA,4400,7506,60,-2.16
5659,C,02152,MA,4399,8467,56,-1.24
5660,C,29662,SC,4398,6512,32,5.3
5661,C,29569,SC,4397,7504,115,1.97
5662,C,97459,OR,4396,6856,75,1.6
5663,C,07446,NJ,4395,5267,16,7.18
5664,C,10550,NY,4394,16865,22,5.79
5665,C,39475,MS,4392,5821,41,4.53
5666,C,18428,PA,4390,9606,157,13.22
5667,C,35750,AL,4389,5698,78,4.56
5668,C,66224,KS,4389,5156,45,-0.85
5669,C,08852,NJ,4388,6721,41,2.48
5670,C,70578,LA,4387,6563,40,7.16
5671,C,49307,MI,4385,7997,50,4.62
5672,C,48141,MI,4383,11497,60,9.45
5673,C,30153,GA,4381,7318,93,-1.68
5674,C,83669,ID,4380,5608,143,-9.23
5675,C,57783,SD,4379,8347,91,1.74
5676,C,36867,AL,4377,10782,69,-2.84
5677,C,34142,FL,4376,10002,274,34.08
5678,C,15226,PA,4374,6979,34,0.37
5679,C,33330,FL,4373,4944,60,-4.91
5680,C,61071,IL,4373,6612,22,3.57
5681,C,15238,PA,4372,6001,36,4.26
5682,C,77022,TX,4370,10717,123,1.11
5683,C,37073,TN,4369,5460,81,2.75
5684,C,46184,IN,4369,5290,42,9.33
5685,C,93702,CA,4369,13386,31,-3.66
5686,C,15857,PA,4368,6266,20,5.0
5687,C,75220,TX,4367,15589,99,3.14
5688,C,06511,CT,4366,24579,34,5.42
5689,C,97038,OR,4365,6423,43,0.6
5690,C,92845,CA,4365,5569,21,2.97
5691,C,28401,NC,4364,13017,167,3.31
5692,C,64134,MO,4364,9503,74,5.6
5693,C,98077,WA,4364,4865,47,9.56
5694,C,63080,MO,4364,6460,43,18.33
5695,C,64024,MO,4364,6165,33,-2.13
5696,C,35121,AL,4363,6747,49,-0.53
5697,C,95354,CA,4362,9797,39,0.53
5698,C,94960,CA,4362,6641,13,-13.6
5699,C,08872,NJ,4359,7837,36,6.5
5700,C,01569,MA,4359,5523,32,2.56
5701,C,93514,CA,4359,6942,16,8.15
5702,C,46714,IN,4359,6581,14,4.21
5703,C,02170,MA,4358,8471,10,0.7
5704,C,23093,VA,4357,6431,67,5.87
5705,C,30317,GA,4355,7220,99,3.28
5706,C,27040,NC,4353,5366,50,4.55
5707,C,75209,TX,4352,7498,108,-7.9
5708,C,13208,NY,4352,10325,16,3.52
5709,C,79360,TX,4350,5766,81,2.96
5710,C,19126,PA,4350,7490,23,14.01
5711,C,38804,MS,4349,7978,75,8.42
5712,C,93706,CA,4349,12239,24,21.22
5713,C,35645,AL,4347,5800,84,0.84
5714,C,44904,OH,4347,5956,34,7.51
5715,C,19023,PA,4346,9089,60,-1.45
5716,C,68505,NE,4346,7961,35,6.0
5717,C,93402,CA,4346,6586,25,0.77
5718,C,75762,TX,4345,6052,135,2.99
5719,C,72301,AR,4345,11298,85,17.34
5720,C,02911,RI,4345,6894,21,7.9
5721,C,30620,GA,4343,5524,92,-1.06
5722,C,75803,TX,4340,7046,72,7.53
5723,C,92227,CA,4339,9062,40,4.86
5724,C,13206,NY,4339,8460,15,3.68
5725,C,76111,TX,4335,8523,46,-6.86
5726,C,43950,OH,4335,6683,40,3.83
5727,C,30824,GA,4333,7548,79,7.14
5728,C,77048,TX,4332,8029,106,7.08
5729,C,45505,OH,4332,9365,47,3.17
5730,C,01570,MA,4331,8211,28,7.2
5731,C,37924,TN,4330,6052,79,2.51
5732,C,62294,IL,4330,6138,22,4.84
5733,C,11949,NY,4329,5162,44,5.74
5734,C,68048,NE,4328,5644,59,2.74
5735,C,94706,CA,4328,8386,21,-4.94
5736,C,86336,AZ,4327,8066,115,3.64
5737,C,07882,NJ,4327,6290,28,12.66
5738,C,19809,DE,4324,6531,17,-0.76
5739,C,27856,NC,4323,7122,49,0.8
5740,C,35180,AL,4322,5677,63,4.15
5741,C,55306,MN,4322,7088,39,3.91
5742,C,35150,AL,4321,8453,56,9.11
5743,C,35761,AL,4320,5522,134,6.47
5744,C,22046,VA,4320,7303,49,10.61
5745,C,30103,GA,4319,5726,75,2.5
5746,C,49008,MI,4318,7124,50,0.92
5747,C,24740,WV,4318,8069,39,-1.24
5748,C,80305,CO,4317,7263,43,-2.17
5749,C,32908,FL,4315,5140,217,-1.93
5750,C,28387,NC,4314,8731,133,-6.02
5751,C,24202,VA,4313,6270,44,5.23
5752,C,37618,TN,4311,6250,36,1.02
5753,C,24121,VA,4309,7407,141,1.19
5754,C,44041,OH,4308,7155,30,10.82
5755,C,73089,OK,4307,5040,101,-4.88
5756,C,19947,DE,4306,6972,101,1.03
5757,C,92614,CA,4306,12499,46,2.1
5758,C,08009,NJ,4305,5764,27,-0.04
5759,C,70529,LA,4304,6357,31,3.38
5760,C,60555,IL,4304,5894,19,8.4
5761,C,38558,TN,4302,5571,257,18.43
5762,C,33030,FL,4302,11217,150,5.67
5763,C,81147,CO,4300,9258,284,-4.63
5764,C,33559,FL,4300,7322,44,4.3
5765,C,29672,SC,4299,6483,81,18.67
5766,C,32827,FL,4296,7586,200,11.75
5767,C,35210,AL,4295,7204,57,4.53
5768,C,36854,AL,4293,7761,73,-0.39
5769,C,05468,VT,4288,5137,54,2.77
5770,C,92602,CA,4287,10245,86,8.47
5771,C,97051,OR,4287,6804,64,-3.24
5772,C,93725,CA,4286,6998,31,2.05
5773,C,44875,OH,4285,6211,10,3.94
5774,C,20650,MD,4282,6158,35,4.83
5775,C,83318,ID,4278,6786,63,-5.36
5776,C,48079,MI,4277,5403,34,4.96
5777,C,06096,CT,4277,5483,12,5.63
5778,C,93111,CA,4276,6724,24,2.88
5779,C,74070,OK,4275,6179,36,-1.07
5780,C,60558,IL,4274,4568,25,-0.95
5781,C,38635,MS,4273,6393,54,0.0
5782,C,03106,NH,4273,5679,20,4.22
5783,C,49333,MI,4269,5206,20,8.65
5784,C,15132,PA,4266,10511,72,10.48
5785,C,02144,MA,4266,11881,36,-2.85
5786,C,29365,SC,4265,5193,78,4.02
5787,C,60554,IL,4262,4797,28,9.9
5788,C,67010,KS,4262,5691,20,0.68
5789,C,21842,MD,4261,32684,500,-5.05
5790,C,24450,VA,4259,7650,57,8.21
5791,C,91607,CA,4259,14597,54,2.68
5792,C,35759,AL,4257,4785,173,3.4
5793,C,48033,MI,4257,9198,35,5.58
5794,C,76118,TX,4257,6584,35,-0.03
5795,C,14048,NY,4256,7506,31,-1.59
5796,C,19363,PA,4255,6247,49,4.16
5797,C,99006,WA,4253,5287,97,2.86
5798,C,65020,MO,4249,9962,226,4.33
5799,C,27522,NC,4249,5775,37,1.46
5800,C,73801,OK,4248,7046,47,2.4
5801,C,07203,NJ,4247,8430,43,0.65
5802,C,36201,AL,4244,9543,43,4.51
5803,C,02339,MA,4243,4974,25,3.93
5804,C,45377,OH,4243,6800,22,5.8
5805,C,28390,NC,4239,10204,133,10.61
5806,C,38060,TN,4237,5124,138,5.82
5807,C,80751,CO,4237,6864,69,5.32
5808,C,32220,FL,4236,5223,45,9.84
5809,C,59047,MT,4234,6710,89,-0.13
5810,C,77836,TX,4233,5990,77,16.88
5811,C,86413,AZ,4231,5759,33,2.19
5812,C,34461,FL,4230,5552,85,-4.69
5813,C,35115,AL,4230,6388,66,-0.97
5814,C,97239,OR,4228,9963,121,2.52
5815,C,68310,NE,4228,6963,53,7.73
5816,C,44314,OH,4227,9085,48,1.9
5817,C,80863,CO,4226,5734,141,-3.99
5818,C,87410,NM,4226,6402,32,3.67
5819,C,18640,PA,4225,8036,28,5.59
5820,C,30523,GA,4224,6764,146,6.1
5821,C,22203,VA,4223,14528,35,6.63
5822,C,61443,IL,4221,6613,19,5.4
5823,C,33982,FL,4218,6091,196,-0.38
5824,C,44306,OH,4218,10424,53,4.67
5825,C,12589,NY,4218,5871,39,4.93
5826,C,15209,PA,4218,6098,13,-0.84
5827,C,35401,AL,4217,19517,153,-8.5
5828,C,02769,MA,4213,4845,37,0.43
5829,C,48017,MI,4213,5827,19,4.71
5830,C,06424,CT,4210,5223,28,2.99
5831,C,28460,NC,4209,9134,353,-0.64
5832,C,27948,NC,4208,10143,154,-1.88
5833,C,94571,CA,4207,5525,103,-5.69
5834,C,37405,TN,4205,9959,172,0.18
5835,C,24201,VA,4205,8138,99,1.06
5836,C,36567,AL,4205,6054,73,0.59
5837,C,43031,OH,4204,5240,50,3.26
5838,C,08830,NJ,4204,6618,46,4.63
5839,C,39773,MS,4202,7278,67,-11.3
5840,C,27607,NC,4201,10698,70,-1.8
5841,C,52627,IA,4201,6134,46,5.8
5842,C,73008,OK,4201,8774,36,-0.51
5843,C,02333,MA,4198,5165,17,5.0
5844,C,61853,IL,4196,5338,62,6.45
5845,C,34731,FL,4196,6370,50,-1.16
5846,C,43952,OH,4196,8613,47,17.57
5847,C,02330,MA,4196,5048,16,4.32
5848,C,99163,WA,4195,14888,88,0.35
5849,C,34604,FL,4194,4948,76,2.66
5850,C,78669,TX,4193,5967,282,4.41
5851,C,48895,MI,4190,5019,20,-4.65
5852,C,02382,MA,4190,6031,19,4.95
5853,C,02189,MA,4190,6689,17,2.72
5854,C,48030,MI,4188,7149,66,-2.64
5855,C,42501,KY,4185,8039,65,10.87
5856,C,48043,MI,4184,7059,34,2.11
5857,C,95742,CA,4183,4941,88,1.8
5858,C,77074,TX,4183,15154,67,-10.57
5859,C,80549,CO,4182,5131,77,1.44
5860,C,74601,OK,4182,8924,47,0.42
5861,C,51103,IA,4181,6867,30,6.39
5862,C,02188,MA,4181,7166,9,5.9
5863,C,73142,OK,4178,7997,113,3.06
5864,C,11751,NY,4177,5246,24,7.59
5865,C,06604,CT,4174,12972,23,11.06
5866,C,33931,FL,4171,14561,426,-18.82
5867,C,60478,IL,4171,5761,59,5.89
5868,C,44056,OH,4170,4898,13,0.84
5869,C,48360,MI,4169,4951,30,7.21
5870,C,33540,FL,4168,5625,53,6.77
5871,C,64735,MO,4166,6620,80,-0.96
5872,C,19934,DE,4166,5318,32,10.96
5873,C,01940,MA,4159,5033,23,6.78
5874,C,88130,NM,4157,7985,54,5.81
5875,C,08534,NJ,4157,5107,40,7.26
5876,C,49345,MI,4156,5074,23,1.16
5877,C,08824,NJ,4154,4799,19,5.59
5878,C,94502,CA,4154,5012,13,6.91
5879,C,28650,NC,4152,5390,58,3.53
5880,C,74107,OK,4150,8566,36,8.2
5881,C,07009,NJ,4149,5107,25,1.48
5882,C,78741,TX,4148,24763,135,-2.03
5883,C,01730,MA,4148,5970,27,6.35
5884,C,64870,MO,4146,6796,45,6.84
5885,C,94115,CA,4146,19312,13,-20.19
5886,C,89060,NV,4143,5722,52,5.76
5887,C,66047,KS,4143,9368,44,7.04
5888,C,70452,LA,4143,5535,32,6.22
5889,C,38652,MS,4142,6977,63,2.47
5890,C,01835,MA,4142,5702,12,5.42
5891,C,48193,MI,4142,6775,11,3.33
5892,C,83001,WY,4141,8827,148,2.9
5893,C,49230,MI,4140,6108,54,3.72
5894,C,93923,CA,4139,7108,93,19.15
5895,C,72719,AR,4138,6989,175,5.45
5896,C,32754,FL,4138,5657,53,-3.29
5897,C,01507,MA,4136,5240,27,4.85
5898,C,06108,CT,4136,9963,13,6.46
5899,C,03031,NH,4131,4558,36,6.42
5900,C,53558,WI,4131,5414,15,5.41
5901,C,75965,TX,4127,8786,48,2.52
5902,C,28021,NC,4126,6306,56,14.34
5903,C,70526,LA,4125,8500,35,0.84
5904,C,66204,KS,4125,9292,22,5.73
5905,C,36619,AL,4124,6147,34,-0.51
5906,C,11356,NY,4122,9003,37,-4.95
5907,C,20872,MD,4122,4850,32,1.62
5908,C,07081,NJ,4122,6844,25,5.51
5909,C,61548,IL,4122,4671,18,1.52
5910,C,53129,WI,4122,6046,12,7.73
5911,C,46755,IN,4118,6857,32,4.88
5912,C,18643,PA,4118,6321,24,-8.62
5913,C,07922,NJ,4117,4474,22,3.86
5914,C,41094,KY,4116,5204,48,6.01
5915,C,95215,CA,4114,7367,23,-1.38
5916,C,92603,CA,4113,7895,58,1.85
5917,C,37650,TN,4113,6352,40,0.42
5918,C,11436,NY,4113,6617,31,-0.03
5919,C,34450,FL,4112,6642,80,0.22
5920,C,67060,KS,4112,5459,30,-2.74
5921,C,11782,NY,4111,6680,52,3.99
5922,C,48214,MI,4108,13279,111,2.95
5923,C,70037,LA,4108,6682,68,-3.61
5924,C,25704,WV,4108,6931,39,13.41
5925,C,78503,TX,4107,8090,105,7.05
5926,C,49079,MI,4107,6019,27,5.17
5927,C,36064,AL,4106,5075,94,-9.41
5928,C,74354,OK,4106,7502,94,-1.03
5929,C,98944,WA,4106,6806,51,12.95
5930,C,28532,NC,4104,8677,41,-2.71
5931,C,08251,NJ,4103,6716,52,2.15
5932,C,08070,NJ,4103,5802,42,5.06
5933,C,32301,FL,4102,17029,108,-1.08
5934,C,60191,IL,4102,5516,26,-0.81
5935,C,55301,MN,4101,4720,53,3.41
5936,C,20194,VA,4101,5784,25,0.35
5937,C,45056,OH,4100,9702,39,5.05
5938,C,16652,PA,4100,7259,22,10.41
5939,C,47170,IN,4099,6313,39,-1.71
5940,C,48184,MI,4099,7739,16,2.45
5941,C,60455,IL,4095,6834,21,2.83
5942,C,20607,MD,4094,4264,47,2.49
5943,C,07095,NJ,4093,8132,38,7.28
5944,C,19044,PA,4093,7144,28,5.88
5945,C,87544,NM,4089,6378,23,0.6
5946,C,86005,AZ,4087,8850,122,5.16
5947,C,78248,TX,4086,6003,68,-10.2
5948,C,72364,AR,4084,6415,59,7.67
5949,C,82435,WY,4082,5432,45,1.99
5950,C,37166,TN,4080,7199,147,2.14
5951,C,66071,KS,4080,5415,41,7.56
5952,C,07005,NJ,4076,6115,21,7.23
5953,C,97448,OR,4076,6150,21,1.22
5954,C,84655,UT,4075,4721,136,4.1
5955,C,66503,KS,4075,7855,67,-0.39
5956,C,38606,MS,4075,6279,41,17.82
5957,C,34448,FL,4074,6437,99,5.0
5958,C,01104,MA,4074,9562,19,11.64
5959,C,14513,NY,4074,6202,13,2.33
5960,C,19962,DE,4073,4730,31,6.37
5961,C,63628,MO,4072,6183,45,-1.67
5962,C,54409,WI,4072,6449,26,10.82
5963,C,45885,OH,4071,5734,25,4.13
5964,C,90037,CA,4071,18709,16,-2.55
5965,C,08226,NJ,4070,20905,227,7.91
5966,C,59870,MT,4070,5251,74,1.99
5967,C,82930,WY,4070,7143,37,4.42
5968,C,61705,IL,4067,5378,31,4.03
5969,C,60410,IL,4066,4673,55,3.39
5970,C,81321,CO,4065,6332,95,-1.11
5971,C,11694,NY,4062,9103,56,-5.7
5972,C,95448,CA,4056,7783,108,-1.32
5973,C,90621,CA,4056,11244,31,5.32
5974,C,01331,MA,4055,6050,30,4.3
5975,C,33896,FL,4053,11929,570,-10.88
5976,C,76643,TX,4053,6231,73,-1.52
5977,C,49242,MI,4050,6687,44,4.97
5978,C,06518,CT,4049,7285,50,11.51
5979,C,77423,TX,4048,5612,199,-7.74
5980,C,68133,NE,4048,5149,42,-0.78
5981,C,42211,KY,4047,7098,112,2.78
5982,C,41164,KY,4046,5953,20,9.25
5983,C,95030,CA,4045,5817,18,0.49
5984,C,85355,AZ,4044,4514,107,9.01
5985,C,12528,NY,4043,6332,34,3.94
5986,C,48160,MI,4041,5224,29,2.93
5987,C,53901,WI,4039,6550,33,5.88
5988,C,75757,TX,4038,5826,188,5.32
5989,C,80905,CO,4036,8933,91,1.85
5990,C,80640,CO,4036,4889,38,-3.52
5991,C,11790,NY,4036,4856,22,5.17
5992,C,48166,MI,4034,5387,26,9.74
5993,C,92014,CA,4033,6746,53,-3.38
5994,C,28315,NC,4032,6350,122,1.6
5995,C,32407,FL,4031,12163,403,1.23
5996,C,21620,MD,4030,6259,59,9.05
5997,C,02921,RI,4029,4823,32,2.74
5998,C,66206,KS,4029,4910,27,5.07
5999,C,85128,AZ,4028,6527,101,1.27
6000,C,47620,IN,4028,5803,31,8.3
6001,C,94019,CA,4028,5849,29,25.44
6002,C,07436,NJ,4028,4680,17,4.14
6003,C,84341,UT,4025,9287,64,-2.17
6004,C,35146,AL,4021,4820,72,2.78
6005,C,11951,NY,4021,5352,52,4.33
6006,C,75204,TX,4019,23304,172,-0.66
6007,C,33875,FL,4019,5655,63,2.63
6008,C,23502,VA,4019,8839,45,19.78
6009,C,02907,RI,4019,11474,10,20.5
6010,C,30474,GA,4018,7171,72,2.73
6011,C,43212,OH,4013,13506,42,5.52
6012,C,27203,NC,4013,9937,39,-4.63
6013,C,95501,CA,4012,10577,37,-3.94
6014,C,85019,AZ,4010,8127,40,-2.17
6015,C,02116,MA,4007,14110,150,3.23
6016,C,06831,CT,4007,5939,48,7.06
6017,C,11576,NY,4007,4552,43,5.75
6018,C,66046,KS,4005,9452,31,7.75
6019,C,91755,CA,4005,9316,24,-1.33
6020,C,37204,TN,4004,8095,142,-0.59
6021,C,44705,OH,4004,7955,35,8.5
6022,C,98007,WA,4002,12403,85,-7.35
6023,C,89118,NV,4000,10345,136,-3.85
6024,C,16635,PA,4000,5475,13,-5.09
6025,C,04345,ME,3999,5562,36,7.21
6026,C,65560,MO,3998,6355,64,13.73
6027,C,07853,NJ,3997,4309,24,2.69
6028,C,02053,MA,3997,4601,20,2.84
6029,C,67209,KS,3997,5381,19,2.8
6030,C,27260,NC,3994,11233,61,-6.78
6031,C,36426,AL,3994,7303,26,-1.15
6032,C,98674,WA,3993,5830,90,7.86
6033,C,77506,TX,3993,11973,47,-6.17
6034,C,81403,CO,3992,5355,109,4.12
6035,C,65355,MO,3987,8504,126,0.68
6036,C,90292,CA,3986,16878,136,-11.04
6037,C,61455,IL,3986,8682,86,2.15
6038,C,25411,WV,3985,6195,63,14.95
6039,C,37062,TN,3984,4962,135,4.74
6040,C,65265,MO,3984,6690,73,-0.27
6041,C,97408,OR,3984,6585,33,-1.27
6042,C,49457,MI,3983,4925,24,7.37
6043,C,18705,PA,3983,7268,17,6.17
6044,C,65270,MO,3981,7187,40,1.13
6045,C,45807,OH,3981,5109,25,8.48
6046,C,95824,CA,3980,9686,31,6.65
6047,C,21204,MD,3980,9529,21,-1.74
6048,C,21613,MD,3979,9331,159,3.01
6049,C,75773,TX,3979,6291,98,-0.74
6050,C,11577,NY,3979,4453,29,3.14
6051,C,91345,CA,3979,5672,20,2.28
6052,C,31906,GA,3977,11046,56,1.74
6053,C,19055,PA,3977,5089,20,7.51
6054,C,75751,TX,3976,7432,85,8.61
6055,C,29118,SC,3976,6742,71,2.97
6056,C,16127,PA,3976,5731,21,3.34
6057,C,80924,CO,3975,6154,160,21.54
6058,C,24055,VA,3975,6273,34,15.16
6059,C,63074,MO,3975,7523,17,10.26
6060,C,98579,WA,3974,5005,49,4.86
6061,C,19734,DE,3973,4689,61,4.92
6062,C,29902,SC,3970,7131,140,3.46
6063,C,36054,AL,3965,6265,20,2.32
6064,C,72543,AR,3963,7088,142,5.55
6065,C,29920,SC,3961,7045,176,-12.22
6066,C,99037,WA,3961,6189,64,-2.82
6067,C,20866,MD,3961,5142,18,1.9
6068,C,99712,AK,3960,6037,47,8.25
6069,C,41701,KY,3958,7596,28,-0.02
6070,C,26105,WV,3957,5861,34,9.34
6071,C,53563,WI,3957,4672,31,1.38
6072,C,32063,FL,3955,5408,48,13.21
6073,C,91103,CA,3955,9392,22,4.97
6074,C,33527,FL,3954,5768,33,2.66
6075,C,49306,MI,3950,4207,11,5.89
6076,C,02150,MA,3949,14162,45,2.29
6077,C,19956,DE,3949,6556,43,9.08
6078,C,08611,NJ,3947,11638,45,-7.31
6079,C,32055,FL,3946,7498,61,3.25
6080,C,33606,FL,3945,10918,105,15.23
6081,C,31030,GA,3945,7942,51,-4.49
6082,C,08889,NJ,3945,4449,23,6.95
6083,C,40204,KY,3944,8759,46,4.61
6084,C,49071,MI,3944,4415,19,-1.49
6085,C,19086,PA,3943,4570,22,5.63
6086,C,73026,OK,3942,4349,48,0.22
6087,C,44310,OH,3942,11074,34,10.17
6088,C,36027,AL,3940,7541,94,-3.08
6089,C,38556,TN,3938,6406,156,3.85
6090,C,11545,NY,3937,4686,56,6.02
6091,C,02052,MA,3937,4679,10,0.86
6092,C,01603,MA,3935,8504,18,7.98
6093,C,97113,OR,3934,5500,47,-1.05
6094,C,43609,OH,3933,10272,52,3.72
6095,C,30260,GA,3932,9858,97,-3.17
6096,C,95825,CA,3932,16803,73,1.32
6097,C,17222,PA,3932,5108,22,3.13
6098,C,93263,CA,3931,6489,50,2.55
6099,C,28217,NC,3930,13615,85,0.57
6100,C,32776,FL,3929,5022,61,4.01
6101,C,30747,GA,3929,7121,49,16.53
6102,C,93730,CA,3928,5266,59,-3.21
6103,C,33304,FL,3926,12367,472,-0.67
6104,C,39507,MS,3926,9032,157,2.96
6105,C,72901,AR,3926,10337,83,-5.6
6106,C,65809,MO,3924,4930,66,4.65
6107,C,17319,PA,3924,4386,8,-0.49
6108,C,02721,MA,3923,12358,26,-1.97
6109,C,60106,IL,3921,7704,17,7.7
6110,C,18407,PA,3919,7028,36,0.07
6111,C,25302,WV,3918,7676,50,6.82
6112,C,39339,MS,3918,6517,30,-8.87
6113,C,91208,CA,3918,6450,18,-1.68
6114,C,87104,NM,3917,6628,48,0.08
6115,C,53959,WI,3916,5930,36,5.43
6116,C,27892,NC,3915,6690,33,4.4
6117,C,33301,FL,3914,13955,341,20.91
6118,C,48341,MI,3914,8601,37,9.55
6119,C,87059,NM,3913,4436,38,0.87
6120,C,34972,FL,3911,7004,62,3.38
6121,C,27214,NC,3911,5992,41,-1.19
6122,C,32333,FL,3911,5162,29,0.47
6123,C,01527,MA,3910,5603,23,6.96
6124,C,60070,IL,3910,6353,21,2.53
6125,C,06357,CT,3909,6042,22,7.4
6126,C,07078,NJ,3908,4433,28,13.16
6127,C,01247,MA,3903,7859,38,12.67
6128,C,07079,NJ,3903,6131,22,9.65
6129,C,30110,GA,3902,5822,82,1.47
6130,C,35077,AL,3902,6045,67,6.27
6131,C,92113,CA,3902,14443,26,-1.46
6132,C,22303,VA,3901,8669,50,0.18
6133,C,37683,TN,3898,5870,57,-7.37
6134,C,07843,NJ,3898,4917,37,3.51
6135,C,98580,WA,3897,4743,38,3.55
6136,C,40769,KY,3897,7486,26,31.08
6137,C,19526,PA,3894,5240,13,13.58
6138,C,11950,NY,3892,5039,27,8.29
6139,C,93636,CA,3890,4759,120,3.86
6140,C,07974,NJ,3890,4995,9,9.62
6141,C,38261,TN,3889,7178,47,0.49
6142,C,72210,AR,3888,6876,38,9.08
6143,C,34453,FL,3887,5628,105,-7.63
6144,C,74467,OK,3887,6826,52,4.7
6145,C,48128,MI,3887,4589,10,7.29
6146,C,46615,IN,3885,7234,21,1.97
6147,C,77091,TX,3882,12501,316,5.01
6148,C,79124,TX,3880,4676,48,2.96
6149,C,07644,NJ,3880,9864,21,6.9
6150,C,72830,AR,3876,6802,81,1.78
6151,C,44026,OH,3876,4516,13,3.2
6152,C,61607,IL,3874,4887,14,4.26
6153,C,55092,MN,3873,4313,31,5.13
6154,C,60418,IL,3873,5331,21,14.41
6155,C,94805,CA,3872,6076,15,-4.25
6156,C,47119,IN,3871,4635,32,7.03
6157,C,63110,MO,3871,10260,31,2.02
6158,C,47006,IN,3871,5025,25,6.94
6159,C,60827,IL,3868,11481,55,7.02
6160,C,53210,WI,3867,11005,63,7.29
6161,C,33954,FL,3866,5099,122,0.37
6162,C,48144,MI,3866,4179,10,4.02
6163,C,93955,CA,3865,11150,28,-0.01
6164,C,97221,OR,3864,5593,61,1.61
6165,C,36093,AL,3864,4491,48,5.35
6166,C,56071,MN,3863,4773,37,3.83
6167,C,67301,KS,3862,6421,68,9.7
6168,C,64116,MO,3862,9691,34,2.14
6169,C,92612,CA,3861,16161,96,-9.46
6170,C,20186,VA,3861,6114,45,5.16
6171,C,37879,TN,3861,5534,38,-13.07
6172,C,07646,NJ,3860,6428,19,4.6
6173,C,15201,PA,3859,7970,80,3.03
6174,C,75791,TX,3857,5758,71,-0.11
6175,C,23836,VA,3856,5519,34,8.85
6176,C,72117,AR,3854,6691,52,3.32
6177,C,35223,AL,3854,4743,27,2.64
6178,C,31520,GA,3853,10619,102,4.48
6179,C,98467,WA,3852,6718,29,2.72
6180,C,32736,FL,3851,4445,71,0.46
6181,C,76132,TX,3851,13906,60,-2.45
6182,C,38063,TN,3851,7070,48,8.16
6183,C,80517,CO,3847,7043,175,0.37
6184,C,36606,AL,3847,9129,84,-1.06
6185,C,79905,TX,3847,9168,19,-5.36
6186,C,39213,MS,3846,10172,35,-2.33
6187,C,35404,AL,3845,11427,82,3.6
6188,C,77868,TX,3844,6510,75,3.66
6189,C,14502,NY,3844,4769,7,5.49
6190,C,33812,FL,3843,5516,48,6.66
6191,C,89423,NV,3843,4963,45,4.11
6192,C,38866,MS,3842,5399,61,1.31
6193,C,54467,WI,3840,6233,24,4.31
6194,C,97381,OR,3839,5882,74,-1.96
6195,C,95673,CA,3838,5426,19,0.11
6196,C,06482,CT,3836,4388,22,-0.98
6197,C,39470,MS,3833,5353,33,3.61
6198,C,30035,GA,3830,8731,118,0.61
6199,C,93305,CA,3830,11824,37,1.8
6200,C,35954,AL,3830,5646,28,9.88
6201,C,85390,AZ,3828,5702,155,2.95
6202,C,62966,IL,3828,7125,34,15.88
6203,C,02882,RI,3827,8870,69,4.85
6204,C,02917,RI,3827,5119,30,3.49
6205,C,95963,CA,3826,6270,23,8.48
6206,C,98329,WA,3825,4545,35,3.72
6207,C,75249,TX,3825,5188,34,3.0
6208,C,07438,NJ,3825,4486,30,3.76
6209,C,21046,MD,3825,6361,12,9.63
6210,C,05201,VT,3824,6941,31,-0.21
6211,C,49412,MI,3824,5143,26,2.96
6212,C,33534,FL,3819,6219,50,17.15
6213,C,71295,LA,3819,6151,19,36.25
6214,C,19036,PA,3817,5258,22,4.09
6215,C,66610,KS,3817,4010,19,2.59
6216,C,61764,IL,3817,6058,14,2.12
6217,C,92118,CA,3814,9521,123,-6.01
6218,C,68512,NE,3814,5898,24,5.03
6219,C,11415,NY,3812,9794,83,-12.55
6220,C,40484,KY,3812,5686,36,7.15
6221,C,93013,CA,3811,7640,43,11.36
6222,C,46807,IN,3811,7182,39,1.65
6223,C,25504,WV,3811,5492,27,5.64
6224,C,06475,CT,3810,5983,44,2.74
6225,C,34474,FL,3808,9207,88,-0.78
6226,C,01843,MA,3808,10968,7,3.77
6227,C,70665,LA,3807,5626,47,-1.93
6228,C,64056,MO,3803,6451,36,5.1
6229,C,48225,MI,3802,6271,88,6.08
6230,C,50138,IA,3801,5181,26,8.8
6231,C,60097,IL,3799,4446,39,10.24
6232,C,35453,AL,3798,5215,28,-1.97
6233,C,20695,MD,3797,4475,73,-4.76
6234,C,76054,TX,3797,4702,29,2.48
6235,C,48723,MI,3796,5175,29,-0.83
6236,C,56093,MN,3796,5216,25,-3.4
6237,C,18055,PA,3795,4946,16,3.72
6238,C,92411,CA,3793,7065,14,-2.75
6239,C,28469,NC,3792,8730,215,12.06
6240,C,75167,TX,3792,4298,101,3.1
6241,C,16428,PA,3792,5576,9,6.0
6242,C,62010,IL,3788,5163,17,8.11
6243,C,12561,NY,3787,7081,50,5.36
6244,C,33413,FL,3786,6217,69,-5.55
6245,C,39482,MS,3785,4760,57,1.69
6246,C,99901,AK,3785,6659,55,-6.25
6247,C,29936,SC,3783,6120,129,6.8
6248,C,85501,AZ,3783,6102,37,5.23
6249,C,67156,KS,3782,6392,49,5.25
6250,C,32148,FL,3781,5371,27,-0.32
6251,C,02143,MA,3780,12901,36,7.14
6252,C,24477,VA,3780,5037,25,2.63
6253,C,21769,MD,3777,4519,19,-1.08
6254,C,33972,FL,3776,5422,309,-4.2
6255,C,97056,OR,3775,5179,48,4.32
6256,C,25309,WV,3774,5867,19,2.61
6257,C,60130,IL,3773,7777,28,7.9
6258,C,23117,VA,3772,5537,136,7.72
6259,C,30601,GA,3772,11634,74,7.59
6260,C,92701,CA,3770,13470,46,0.85
6261,C,15218,PA,3768,7321,51,5.58
6262,C,50327,IA,3767,5077,49,3.18
6263,C,97216,OR,3767,7235,33,2.89
6264,C,60526,IL,3766,5474,6,5.16
6265,C,38019,TN,3765,6543,63,7.15
6266,C,52101,IA,3764,5611,23,3.78
6267,C,49696,MI,3762,5005,39,11.0
6268,C,18073,PA,3761,4266,18,8.16
6269,C,60436,IL,3757,7136,22,5.37
6270,C,64110,MO,3756,8655,52,5.97
6271,C,33974,FL,3755,5771,424,-3.22
6272,C,40211,KY,3755,11450,89,25.12
6273,C,05602,VT,3754,5961,30,4.9
6274,C,41056,KY,3754,6826,15,4.45
6275,C,15071,PA,3754,5285,14,0.21
6276,C,39525,MS,3753,4538,121,11.72
6277,C,53527,WI,3753,4732,34,3.25
6278,C,02093,MA,3753,4656,21,2.45
6279,C,32344,FL,3751,5988,42,6.95
6280,C,75647,TX,3750,5706,71,3.87
6281,C,53228,WI,3750,7180,19,4.87
6282,C,42642,KY,3749,6453,67,5.35
6283,C,92610,CA,3749,4809,31,4.55
6284,C,23221,VA,3749,7776,22,0.36
6285,C,75686,TX,3748,6003,99,5.39
6286,C,40217,KY,3748,6840,51,4.26
6287,C,64701,MO,3748,5988,33,1.76
6288,C,99202,WA,3747,8296,69,-1.29
6289,C,77651,TX,3743,5964,39,1.49
6290,C,08318,NJ,3743,4648,30,5.0
6291,C,11766,NY,3743,4040,30,7.06
6292,C,02554,MA,3741,10985,148,4.44
6293,C,14425,NY,3741,5414,16,3.75
6294,C,38821,MS,3740,5840,46,1.84
6295,C,53074,WI,3739,5859,47,3.79
6296,C,30204,GA,3739,5651,42,0.84
6297,C,53085,WI,3738,5308,35,5.25
6298,C,53965,WI,3737,6792,101,8.34
6299,C,85621,AZ,3737,8244,36,-4.24
6300,C,21029,MD,3735,4155,23,-3.66
6301,C,46582,IN,3732,7064,20,9.78
6302,C,34242,FL,3730,10418,336,-4.47
6303,C,54487,WI,3730,7200,56,15.44
6304,C,02631,MA,3729,8215,30,5.34
6305,C,87004,NM,3728,4916,24,-2.51
6306,C,01030,MA,3725,5199,7,4.19
6307,C,81601,CO,3722,6491,95,8.07
6308,C,29054,SC,3722,4950,62,17.17
6309,C,80030,CO,3722,6823,29,0.03
6310,C,04530,ME,3720,6162,30,1.95
6311,C,17870,PA,3719,5778,31,-2.73
6312,C,70047,LA,3718,5316,45,3.68
6313,C,01605,MA,3718,12757,26,5.8
6314,C,19312,PA,3718,4526,21,8.73
6315,C,47371,IN,3718,5458,12,-0.45
6316,C,67213,KS,3717,9788,31,2.3
6317,C,78728,TX,3717,13878,27,-3.71
6318,C,30297,GA,3716,11438,81,1.4
6319,C,28711,NC,3715,7563,143,1.42
6320,C,75654,TX,3712,5285,60,7.82
6321,C,02045,MA,3711,5733,51,4.57
6322,C,72012,AR,3708,6110,64,2.9
6323,C,75935,TX,3708,5753,36,5.9
6324,C,74955,OK,3707,6353,74,0.93
6325,C,66083,KS,3706,4677,82,6.76
6326,C,02126,MA,3705,9617,14,0.9
6327,C,17557,PA,3705,5460,13,3.28
6328,C,03909,ME,3704,7101,56,6.69
6329,C,24301,VA,3704,6554,43,14.29
6330,C,27944,NC,3703,6038,88,9.52
6331,C,28697,NC,3703,6038,36,13.77
6332,C,64057,MO,3703,6652,35,0.71
6333,C,38004,TN,3700,4398,49,4.95
6334,C,20708,MD,3700,11023,39,-2.33
6335,C,68147,NE,3700,4641,37,6.36
6336,C,60642,IL,3700,12144,36,9.32
6337,C,67230,KS,3697,4093,58,5.94
6338,C,28465,NC,3696,10482,231,3.28
6339,C,56031,MN,3696,5771,56,0.88
6340,C,28612,NC,3696,5449,35,24.37
6341,C,93280,CA,3696,6848,20,9.66
6342,C,70006,LA,3695,6645,63,-1.62
6343,C,96130,CA,3694,7193,83,3.31
6344,C,74401,OK,3694,7818,57,12.49
6345,C,38115,TN,3694,19179,47,1.96
6346,C,37909,TN,3694,8076,35,2.57
6347,C,93015,CA,3694,6196,30,4.08
6348,C,44044,OH,3694,4304,13,2.09
6349,C,08837,NJ,3693,7670,29,5.51
6350,C,45694,OH,3693,5397,21,2.04
6351,C,01462,MA,3691,4711,29,3.23
6352,C,29620,SC,3690,5705,47,8.22
6353,C,89703,NV,3690,5119,29,-1.79
6354,C,10924,NY,3687,5178,47,5.6
6355,C,18964,PA,3687,5686,13,4.13
6356,C,84066,UT,3686,5243,37,3.63
6357,C,97914,OR,3685,6730,64,0.07
6358,C,27863,NC,3684,5385,72,3.53
6359,C,33760,FL,3684,8779,72,-6.53
6360,C,63124,MO,3682,5410,27,8.39
6361,C,28516,NC,3681,7183,122,13.93
6362,C,33976,FL,3679,5339,271,-12.38
6363,C,95437,CA,3677,7654,60,-4.33
6364,C,12538,NY,3677,5609,51,3.48
6365,C,35951,AL,3677,5778,34,3.97
6366,C,13492,NY,3677,4983,21,13.7
6367,C,53534,WI,3676,5982,45,3.14
6368,C,94621,CA,3676,11078,37,-3.69
6369,C,11742,NY,3675,4610,13,2.28
6370,C,23707,VA,3674,7216,46,9.44
6371,C,91106,CA,3671,11809,54,9.5
6372,C,49512,MI,3671,8870,40,5.48
6373,C,36874,AL,3670,4502,58,1.04
6374,C,20732,MD,3670,4512,39,0.58
6375,C,99114,WA,3668,6154,62,-8.25
6376,C,02896,RI,3664,4759,24,4.97
6377,C,68122,NE,3663,4595,39,2.52
6378,C,33868,FL,3661,5197,64,20.06
6379,C,44905,OH,3661,5227,10,4.16
6380,C,49323,MI,3661,3920,7,7.78
6381,C,40108,KY,3660,5311,82,3.25
6382,C,08882,NJ,3659,5789,23,8.86
6383,C,55011,MN,3658,4060,39,-3.56
6384,C,48801,MI,3658,5408,31,0.16
6385,C,99344,WA,3657,5936,40,0.77
6386,C,70538,LA,3655,6428,46,16.82
6387,C,15066,PA,3655,6019,18,11.27
6388,C,72150,AR,3654,5359,67,4.85
6389,C,75670,TX,3654,7357,62,4.57
6390,C,77591,TX,3653,7465,101,6.54
6391,C,45415,OH,3651,5596,32,9.25
6392,C,57005,SD,3648,4693,53,3.27
6393,C,81505,CO,3647,5379,84,-0.13
6394,C,29403,SC,3646,13013,92,7.7
6395,C,14586,NY,3646,5108,5,5.09
6396,C,61068,IL,3643,6220,17,5.34
6397,C,93614,CA,3641,4875,94,-0.86
6398,C,87571,NM,3640,7038,122,-4.0
6399,C,79007,TX,3638,6671,58,3.51
6400,C,13815,NY,3638,6445,37,20.16
6401,C,95815,CA,3638,10527,27,9.19
6402,C,31206,GA,3637,11415,129,6.09
6403,C,45806,OH,3636,4792,18,3.09
6404,C,72207,AR,3635,5800,57,0.6
6405,C,15522,PA,3633,5752,20,2.05
6406,C,82935,WY,3632,5159,40,1.41
6407,C,19344,PA,3630,4813,8,11.68
6408,C,94702,CA,3629,8209,11,3.16
6409,C,93908,CA,3625,4543,29,-0.65
6410,C,32640,FL,3624,5353,51,0.46
6411,C,29520,SC,3623,6554,52,20.51
6412,C,81082,CO,3619,6121,141,-4.07
6413,C,28470,NC,3619,6123,116,-4.78
6414,C,60020,IL,3619,5523,32,7.3
6415,C,77037,TX,3619,5312,17,-3.4
6416,C,06106,CT,3616,16938,8,10.38
6417,C,39563,MS,3614,5717,29,0.3
6418,C,15037,PA,3614,4563,17,-1.95
6419,C,87301,NM,3612,7776,35,4.95
6420,C,64079,MO,3611,5515,50,6.53
6421,C,81625,CO,3610,5667,91,4.49
6422,C,95451,CA,3609,6295,93,-3.05
6423,C,08051,NJ,3609,4602,15,5.44
6424,C,44481,OH,3609,4743,10,11.17
6425,C,32425,FL,3608,5922,36,16.18
6426,C,45249,OH,3608,5740,21,6.8
6427,C,45410,OH,3607,8028,45,2.74
6428,C,50316,IA,3607,6002,45,0.89
6429,C,94920,CA,3607,5778,33,-8.61
6430,C,01879,MA,3606,4374,16,3.28
6431,C,28904,NC,3605,6561,143,4.89
6432,C,02140,MA,3605,11117,23,-3.04
6433,C,51401,IA,3604,5576,43,1.7
6434,C,32920,FL,3602,8872,136,-2.16
6435,C,32693,FL,3601,4908,56,-1.58
6436,C,87102,NM,3600,11346,61,9.79
6437,C,60545,IL,3600,4982,24,7.64
6438,C,71047,LA,3600,4578,15,0.97
6439,C,77531,TX,3599,7502,61,2.28
6440,C,84337,UT,3597,5111,84,2.9
6441,C,59401,MT,3596,6921,29,-2.29
6442,C,94123,CA,3596,14883,10,-6.2
6443,C,61525,IL,3595,4324,19,9.27
6444,C,12189,NY,3593,9887,13,21.75
6445,C,65026,MO,3592,5718,46,5.29
6446,C,55435,MN,3591,8218,48,5.08
6447,C,23072,VA,3591,5549,43,4.76
6448,C,98019,WA,3588,4090,53,5.13
6449,C,22835,VA,3588,6291,46,7.26
6450,C,15005,PA,3587,4470,22,-0.43
6451,C,98528,WA,3584,5455,42,4.37
6452,C,60033,IL,3583,5279,21,12.34
6453,C,02743,MA,3581,4139,18,3.31
6454,C,34434,FL,3579,4559,261,0.43
6455,C,79601,TX,3579,9422,34,3.83
6456,C,79902,TX,3578,9752,59,4.11
6457,C,92320,CA,3575,4156,24,-2.35
6458,C,08722,NJ,3573,4180,21,2.47
6459,C,29061,SC,3572,5479,78,7.13
6460,C,28168,NC,3572,4743,17,-9.48
6461,C,85006,AZ,3571,10607,56,1.1
6462,C,81006,CO,3570,4795,55,-2.44
6463,C,95341,CA,3568,9331,53,1.15
6464,C,55108,MN,3567,6938,18,4.49
6465,C,39183,MS,3566,6764,33,2.57
6466,C,94609,CA,3566,11915,17,3.12
6467,C,60950,IL,3564,5243,16,0.89
6468,C,67410,KS,3563,4781,34,3.25
6469,C,93108,CA,3562,5670,78,-22.95
6470,C,36106,AL,3561,7236,91,-2.55
6471,C,12188,NY,3561,5197,17,-2.83
6472,C,80421,CO,3560,4702,92,4.06
6473,C,28690,NC,3560,4754,31,0.65
6474,C,18634,PA,3560,6497,16,1.8
6475,C,60422,IL,3558,3894,35,5.98
6476,C,63012,MO,3558,4146,8,1.94
6477,C,60152,IL,3556,4715,23,4.57
6478,C,94063,CA,3556,12162,13,6.72
6479,C,32569,FL,3554,5795,88,4.54
6480,C,61072,IL,3554,4333,7,5.87
6481,C,44667,OH,3551,5381,12,3.89
6482,C,06418,CT,3551,6086,9,2.53
6483,C,99603,AK,3550,6251,70,-2.06
6484,C,30650,GA,3549,5723,84,7.04
6485,C,47001,IN,3549,4529,21,5.19
6486,C,07458,NJ,3546,4210,51,8.65
6487,C,60429,IL,3545,5969,53,7.72
6488,C,74129,OK,3544,7751,38,5.88
6489,C,23875,VA,3544,5013,15,4.16
6490,C,19104,PA,3543,23888,101,-7.19
6491,C,19970,DE,3540,8418,119,9.61
6492,C,02343,MA,3539,4268,18,3.04
6493,C,29645,SC,3538,5012,37,0.09
6494,C,75601,TX,3533,6545,56,-3.61
6495,C,90305,CA,3533,6499,27,-2.87
6496,C,90670,CA,3533,5814,12,9.09
6497,C,64127,MO,3532,8884,52,8.47
6498,C,28016,NC,3531,5805,71,0.75
6499,C,49720,MI,3528,6236,116,4.44
6500,C,33843,FL,3526,5930,55,-8.12
6501,C,01510,MA,3526,7017,27,7.07
6502,C,49240,MI,3525,4050,28,4.25
6503,C,73068,OK,3524,5115,71,0.87
6504,C,47122,IN,3524,4242,52,3.97
6505,C,72455,AR,3522,5858,77,14.23
6506,C,44615,OH,3522,5077,25,15.8
6507,C,80621,CO,3521,5110,62,3.17
6508,C,67211,KS,3521,9568,33,2.66
6509,C,12095,NY,3521,5808,30,5.83
6510,C,16407,PA,3518,5178,16,9.36
6511,C,76537,TX,3516,4538,220,14.29
6512,C,08048,NJ,3516,5024,22,7.66
6513,C,35004,AL,3515,4801,58,-6.55
6514,C,02356,MA,3515,4768,22,2.03
6515,C,61356,IL,3514,5120,19,7.94
6516,C,66618,KS,3514,3974,10,5.54
6517,C,92625,CA,3513,6802,78,-22.01
6518,C,45426,OH,3513,7476,18,0.22
6519,C,43953,OH,3512,5313,27,0.24
6520,C,29691,SC,3511,5518,39,5.84
6521,C,66085,KS,3509,4248,72,6.58
6522,C,11953,NY,3509,5848,50,7.25
6523,C,35620,AL,3509,4358,28,11.66
6524,C,37416,TN,3508,6598,55,1.56
6525,C,06019,CT,3507,4264,12,3.15
6526,C,59923,MT,3506,5295,75,19.28
6527,C,32091,FL,3506,6751,49,10.22
6528,C,71801,AR,3506,6900,42,-7.37
6529,C,74948,OK,3504,5358,42,8.22
6530,C,95490,CA,3502,6077,59,4.69
6531,C,76084,TX,3501,4011,97,2.1
6532,C,19444,PA,3501,4751,8,0.21
6533,C,90402,CA,3499,5731,57,0.81
6534,C,31539,GA,3499,6141,26,17.95
6535,C,59501,MT,3496,5790,65,7.7
6536,C,60449,IL,3496,3752,26,6.54
6537,C,95422,CA,3495,7890,86,1.56
6538,C,55409,MN,3495,5488,20,7.55
6539,C,97141,OR,3494,6367,71,-0.71
6540,C,33873,FL,3494,5655,33,-6.97
6541,C,10302,NY,3493,6927,22,4.07
6542,C,73065,OK,3491,4413,102,7.14
6543,C,48750,MI,3490,7074,100,4.2
6544,C,92354,CA,3490,8975,29,3.09
6545,C,94542,CA,3489,5232,19,2.88
6546,C,32136,FL,3487,5498,128,-4.07
6547,C,08812,NJ,3487,4916,36,6.48
6548,C,53202,WI,3486,18629,147,20.79
6549,C,19317,PA,3485,4212,33,7.58
6550,C,45833,OH,3483,4735,13,10.42
6551,C,76105,TX,3482,7667,60,5.86
6552,C,89410,NV,3482,5285,34,6.19
6553,C,14063,NY,3481,5861,54,-2.46
6554,C,77713,TX,3480,6636,73,7.94
6555,C,33513,FL,3480,5527,36,-6.22
6556,C,19390,PA,3480,4524,15,1.87
6557,C,12771,NY,3479,6163,48,5.08
6558,C,38618,MS,3478,4810,20,4.05
6559,C,90623,CA,3478,5191,11,4.33
6560,C,77554,TX,3477,10516,751,-1.23
6561,C,78224,TX,3476,7034,81,7.5
6562,C,06883,CT,3475,3845,30,5.86
6563,C,33149,FL,3474,7514,140,21.36
6564,C,77060,TX,3474,16660,33,59.99
6565,C,70647,LA,3474,4702,30,-5.33
6566,C,60464,IL,3474,4450,19,3.23
6567,C,47586,IN,3472,5197,56,3.2
6568,C,34949,FL,3471,8033,277,-7.52
6569,C,63841,MO,3468,6008,55,0.22
6570,C,19475,PA,3468,5154,19,0.79
6571,C,33767,FL,3467,8806,346,7.99
6572,C,88008,NM,3466,4364,246,1.35
6573,C,03275,NH,3465,4739,26,7.62
6574,C,08901,NJ,3462,17071,40,13.24
6575,C,46540,IN,3462,4245,20,-2.32
6576,C,20737,MD,3462,7218,17,-0.84
6577,C,10520,NY,3461,5425,28,-1.14
6578,C,88260,NM,3459,5474,12,4.07
6579,C,28457,NC,3458,4799,22,-2.45
6580,C,27701,NC,3456,13409,116,-0.07
6581,C,75758,TX,3456,5080,87,6.6
6582,C,68138,NE,3456,4889,29,0.56
6583,C,15370,PA,3456,5580,24,-8.49
6584,C,70754,LA,3456,4743,24,-0.95
6585,C,29829,SC,3455,4849,114,-8.88
6586,C,95368,CA,3455,4337,19,-5.1
6587,C,49738,MI,3454,7299,57,13.51
6588,C,46107,IN,3454,5755,30,4.29
6589,C,73139,OK,3454,8790,27,2.86
6590,C,38668,MS,3453,5301,34,5.62
6591,C,64503,MO,3453,5774,23,13.14
6592,C,26354,WV,3450,4678,14,-2.9
6593,C,61354,IL,3449,5111,11,6.29
6594,C,85087,AZ,3447,3794,56,2.21
6595,C,81101,CO,3447,6739,49,11.52
6596,C,44028,OH,3447,3907,26,4.23
6597,C,76301,TX,3446,7762,55,11.36
6598,C,62812,IL,3446,5582,14,-4.87
6599,C,75462,TX,3444,4717,51,2.87
6600,C,67220,KS,3443,6032,37,3.59
6601,C,35128,AL,3442,4635,52,-2.81
6602,C,07419,NJ,3442,4637,50,18.83
6603,C,92075,CA,3442,5994,46,-2.92
6604,C,21532,MD,3441,6044,55,-4.33
6605,C,93041,CA,3439,9083,65,3.13
6606,C,95320,CA,3435,5123,24,3.5
6607,C,81008,CO,3432,5302,96,4.73
6608,C,70525,LA,3432,5670,29,14.71
6609,C,38462,TN,3430,4711,62,0.68
6610,C,49408,MI,3427,4933,36,3.43
6611,C,29325,SC,3426,6385,62,9.17
6612,C,54806,WI,3425,5599,27,3.07
6613,C,37327,TN,3422,5319,82,2.85
6614,C,96021,CA,3422,5879,38,4.07
6615,C,23002,VA,3422,4615,30,4.98
6616,C,16415,PA,3422,3958,13,7.6
6617,C,81520,CO,3418,5411,41,9.27
6618,C,61801,IL,3418,13468,39,7.99
6619,C,39501,MS,3416,10565,108,6.26
6620,C,54603,WI,3416,7168,27,5.7
6621,C,28166,NC,3415,4423,141,0.49
6622,C,02347,MA,3415,4443,36,4.76
6623,C,56470,MN,3414,7478,73,8.03
6624,C,62946,IL,3414,5621,42,-1.01
6625,C,22827,VA,3413,4671,12,4.83
6626,C,34431,FL,3412,4744,144,-3.26
6627,C,28638,NC,3412,4961,26,2.96
6628,C,63132,MO,3412,6253,18,10.99
6629,C,77336,TX,3411,5138,132,-1.79
6630,C,33182,FL,3411,4245,21,3.16
6631,C,97027,OR,3411,5365,17,-0.63
6632,C,46534,IN,3410,5614,44,3.92
6633,C,60481,IL,3410,5553,35,9.34
6634,C,93950,CA,3409,8315,35,4.88
6635,C,08022,NJ,3407,3709,16,5.84
6636,C,43125,OH,3406,6206,23,5.28
6637,C,19609,PA,3406,4291,10,8.22
6638,C,68111,NE,3402,9729,67,-4.93
6639,C,45804,OH,3401,7108,32,13.19
6640,C,53120,WI,3399,4847,28,5.68
6641,C,48509,MI,3396,4166,19,6.53
6642,C,30025,GA,3395,4086,76,-0.38
6643,C,47012,IN,3393,4978,36,11.52
6644,C,02664,MA,3392,7185,30,6.21
6645,C,21787,MD,3392,4429,24,0.45
6646,C,65605,MO,3389,5299,55,1.92
6647,C,08004,NJ,3388,4238,26,0.16
6648,C,74033,OK,3385,4868,78,3.67
6649,C,22301,VA,3385,6400,23,3.57
6650,C,98250,WA,3382,5998,91,0.44
6651,C,32561,FL,3381,6591,151,2.23
6652,C,76657,TX,3379,4775,79,1.31
6653,C,65583,MO,3379,5836,72,17.27
6654,C,13148,NY,3378,5565,16,6.21
6655,C,49112,MI,3377,4631,28,1.24
6656,C,54451,WI,3376,5088,20,18.22
6657,C,84532,UT,3375,5658,133,-0.52
6658,C,35634,AL,3375,4959,48,6.51
6659,C,87048,NM,3375,4079,43,4.32
6660,C,40513,KY,3375,4734,27,7.18
6661,C,38852,MS,3374,5095,113,15.51
6662,C,18708,PA,3373,4174,16,-4.49
6663,C,16511,PA,3372,4861,6,7.88
6664,C,11598,NY,3368,4079,42,29.95
6665,C,28445,NC,3367,8832,200,2.22
6666,C,99026,WA,3367,3623,65,0.87
6667,C,47408,IN,3365,10456,48,5.59
6668,C,25401,WV,3364,6841,34,-2.82
6669,C,14843,NY,3361,6353,19,10.69
6670,C,63077,MO,3359,5392,19,8.77
6671,C,33154,FL,3358,10104,406,34.01
6672,C,49107,MI,3358,5096,28,-2.41
6673,C,62881,IL,3357,5032,19,12.47
6674,C,84029,UT,3356,4045,122,3.26
6675,C,60523,IL,3356,4601,32,-1.83
6676,C,48074,MI,3356,3809,9,0.29
6677,C,28721,NC,3352,5154,65,-3.52
6678,C,56431,MN,3352,7113,46,1.19
6679,C,55424,MN,3352,3845,34,5.08
6680,C,73109,OK,3352,8344,32,-9.52
6681,C,33137,FL,3351,15237,566,-6.6
6682,C,99218,WA,3351,6464,55,3.9
6683,C,45309,OH,3350,4849,23,4.75
6684,C,17003,PA,3349,4507,35,4.88
6685,C,33859,FL,3348,5739,62,-2.96
6686,C,11764,NY,3348,4605,35,7.41
6687,C,24592,VA,3347,6821,36,6.23
6688,C,07722,NJ,3346,3723,21,4.72
6689,C,53555,WI,3346,4523,20,0.34
6690,C,76504,TX,3344,11068,99,-4.73
6691,C,19123,PA,3343,10636,118,4.96
6692,C,66086,KS,3342,4205,43,3.79
6693,C,32038,FL,3341,4739,23,0.54
6694,C,72921,AR,3340,5287,47,2.99
6695,C,33602,FL,3339,11972,192,-3.06
6696,C,60083,IL,3339,3628,24,3.52
6697,C,79108,TX,3336,5079,23,0.69
6698,C,95540,CA,3335,6087,45,-0.64
6699,C,63348,MO,3333,4018,76,6.73
6700,C,07417,NJ,3333,3886,33,11.5
6701,C,29536,SC,3333,7264,23,4.98
6702,C,75494,TX,3331,5181,76,13.76
6703,C,40215,KY,3331,9070,50,2.78
6704,C,03878,NH,3330,5722,13,3.66
6705,C,11753,NY,3329,4132,51,12.65
6706,C,78945,TX,3328,5461,73,-5.58
6707,C,06078,CT,3328,4174,13,4.35
6708,C,77027,TX,3327,13286,115,-1.13
6709,C,33316,FL,3326,8946,297,31.24
6710,C,62896,IL,3326,5271,37,5.56
6711,C,43146,OH,3326,4000,13,1.15
6712,C,97367,OR,3325,8138,225,-4.32
6713,C,38106,TN,3325,11630,113,-5.9
6714,C,33150,FL,3323,12403,84,12.0
6715,C,76085,TX,3322,4027,107,-2.61
6716,C,40242,KY,3322,4963,13,4.76
6717,C,92225,CA,3321,7797,58,-2.57
6718,C,23508,VA,3321,7112,53,1.25
6719,C,08010,NJ,3321,4995,40,8.59
6720,C,71923,AR,3320,7087,97,5.75
6721,C,27801,NC,3318,9162,69,-16.35
6722,C,30054,GA,3318,4545,59,-6.62
6723,C,37764,TN,3317,4673,54,-0.8
6724,C,95816,CA,3314,11553,28,1.66
6725,C,30314,GA,3313,9900,168,-4.54
6726,C,19945,DE,3313,5823,96,10.07
6727,C,90048,CA,3312,13733,95,8.98
6728,C,31023,GA,3310,6423,38,-0.18
6729,C,33765,FL,3308,6873,42,-2.12
6730,C,59860,MT,3307,6760,101,-2.85
6731,C,22202,VA,3307,18110,57,1.05
6732,C,59711,MT,3306,6108,54,3.23
6733,C,80615,CO,3306,3684,35,-0.61
6734,C,38058,TN,3303,4113,47,1.03
6735,C,12182,NY,3303,7314,16,2.33
6736,C,30622,GA,3302,4336,69,6.42
6737,C,99005,WA,3302,3656,48,3.16
6738,C,55386,MN,3299,3670,32,1.71
6739,C,52556,IA,3298,6141,92,0.05
6740,C,83350,ID,3296,4939,50,12.1
6741,C,54457,WI,3296,5594,48,8.41
6742,C,07208,NJ,3296,12958,33,8.88
6743,C,02482,MA,3296,4249,31,9.29
6744,C,39828,GA,3295,6346,46,3.42
6745,C,32821,FL,3294,15061,190,21.51
6746,C,43103,OH,3294,4651,44,14.05
6747,C,48164,MI,3294,3625,13,7.59
6748,C,75231,TX,3291,21412,160,1.2
6749,C,35652,AL,3291,4758,50,-2.45
6750,C,74003,OK,3290,6812,49,6.91
6751,C,56187,MN,3290,5453,37,4.57
6752,C,23704,VA,3288,9538,71,7.87
6753,C,12571,NY,3286,4454,36,11.79
6754,C,85622,AZ,3284,4678,72,19.49
6755,C,23851,VA,3284,6063,62,14.39
6756,C,71109,LA,3284,9099,53,4.85
6757,C,52641,IA,3284,5326,51,-0.96
6758,C,46567,IN,3282,5849,36,10.07
6759,C,22443,VA,3280,5561,110,-3.74
6760,C,07981,NJ,3279,3723,6,4.53
6761,C,81506,CO,3278,5737,83,3.71
6762,C,14619,NY,3276,5891,6,3.92
6763,C,31533,GA,3274,7351,50,-10.59
6764,C,40033,KY,3271,5167,32,14.14
6765,C,44408,OH,3271,5079,23,12.48
6766,C,76309,TX,3270,6477,64,8.01
6767,C,50112,IA,3270,5018,52,10.71
6768,C,77488,TX,3270,6106,50,5.0
6769,C,02673,MA,3270,6596,28,-4.89
6770,C,29356,SC,3269,4434,97,2.69
6771,C,19078,PA,3266,4969,8,2.32
6772,C,23509,VA,3264,5920,47,4.81
6773,C,45648,OH,3264,4834,21,-2.48
6774,C,18229,PA,3263,4820,27,10.38
6775,C,58203,ND,3263,8395,13,3.76
6776,C,73501,OK,3262,9216,43,7.53
6777,C,38237,TN,3262,6754,34,5.69
6778,C,72173,AR,3258,4090,37,7.12
6779,C,62095,IL,3258,5186,20,-2.78
6780,C,95073,CA,3258,4722,18,-9.07
6781,C,97138,OR,3257,7785,120,2.64
6782,C,34428,FL,3257,5058,94,1.77
6783,C,15902,PA,3257,6281,30,26.05
6784,C,57107,SD,3256,4851,59,0.45
6785,C,28753,NC,3256,5381,44,-10.67
6786,C,98346,WA,3255,4259,48,3.26
6787,C,06110,CT,3255,5540,9,4.17
6788,C,25071,WV,3253,5078,16,11.42
6789,C,31757,GA,3252,4896,60,5.53
6790,C,95521,CA,3251,9797,34,-7.08
6791,C,53190,WI,3251,8331,32,4.85
6792,C,13078,NY,3251,3949,16,4.03
6793,C,66720,KS,3250,4958,41,0.74
6794,C,37807,TN,3249,4998,38,-2.65
6795,C,49461,MI,3249,4220,25,10.65
6796,C,33181,FL,3246,9401,282,26.19
6797,C,77563,TX,3246,4769,111,-2.12
6798,C,67337,KS,3246,5660,45,9.16
6799,C,11755,NY,3246,4146,28,5.76
6800,C,04736,ME,3244,4719,40,1.98
6801,C,39307,MS,3244,7363,18,11.96
6802,C,90715,CA,3244,6536,9,4.78
6803,C,33004,FL,3242,9427,132,0.15
6804,C,21090,MD,3240,4191,18,2.46
6805,C,98550,WA,3239,5373,64,7.95
6806,C,07112,NJ,3237,11779,21,7.65
6807,C,70512,LA,3236,4292,21,-0.3
6808,C,85305,AZ,3235,5977,57,0.67
6809,C,79029,TX,3235,5940,45,9.5
6810,C,79556,TX,3233,6238,69,8.2
6811,C,08232,NJ,3233,7136,46,12.95
6812,C,43964,OH,3232,4493,18,3.92
6813,C,28360,NC,3230,5092,14,-7.64
6814,C,23901,VA,3229,6561,69,6.28
6815,C,44119,OH,3229,6941,20,18.76
6816,C,56082,MN,3228,5149,31,5.75
6817,C,35768,AL,3225,5460,35,2.44
6818,C,86315,AZ,3224,4213,124,-0.41
6819,C,91108,CA,3224,4490,29,-9.79
6820,C,19933,DE,3223,4454,36,11.69
6821,C,19122,PA,3222,10139,91,9.15
6822,C,22942,VA,3221,4947,54,2.04
6823,C,28134,NC,3221,5299,37,-3.3
6824,C,17702,PA,3221,4533,11,0.85
6825,C,61065,IL,3220,3846,23,0.57
6826,C,46001,IN,3219,5065,31,3.42
6827,C,92314,CA,3218,9425,327,-1.51
6828,C,64111,MO,3218,12430,89,2.64
6829,C,49646,MI,3217,5652,42,22.89
6830,C,91602,CA,3216,10791,55,2.67
6831,C,45246,OH,3216,6289,16,5.2
6832,C,01550,MA,3213,7644,19,-2.01
6833,C,43410,OH,3213,4456,5,4.74
6834,C,33616,FL,3211,7068,93,-1.06
6835,C,40212,KY,3211,8061,93,4.44
6836,C,15906,PA,3207,5913,22,9.09
6837,C,48629,MI,3205,7248,90,13.97
6838,C,95425,CA,3204,4600,37,-2.93
6839,C,15658,PA,3204,4584,33,-3.5
6840,C,47670,IN,3204,5440,25,2.19
6841,C,61462,IL,3203,4800,42,-2.56
6842,C,52748,IA,3202,3913,51,8.8
6843,C,78219,TX,3202,6303,45,2.59
6844,C,71129,LA,3201,6523,26,-5.7
6845,C,28425,NC,3200,4910,53,-2.23
6846,C,28748,NC,3199,4908,75,9.55
6847,C,55439,MN,3199,3735,36,0.23
6848,C,95841,CA,3199,8817,33,0.87
6849,C,01062,MA,3199,4481,16,3.69
6850,C,81611,CO,3198,7564,268,3.91
6851,C,30546,GA,3198,6129,205,0.11
6852,C,07945,NJ,3198,3651,26,10.18
6853,C,41653,KY,3198,5361,23,-1.47
6854,C,74106,OK,3197,8341,50,7.47
6855,C,25541,WV,3197,4500,9,7.16
6856,C,82072,WY,3195,7834,28,4.57
6857,C,38320,TN,3194,4983,43,7.93
6858,C,76103,TX,3194,6040,27,4.19
6859,C,43351,OH,3194,4749,24,0.84
6860,C,02493,MA,3193,3814,46,38.83
6861,C,34237,FL,3192,9194,83,-0.46
6862,C,95640,CA,3190,4120,47,0.4
6863,C,29630,SC,3187,7662,52,-1.66
6864,C,77612,TX,3187,4211,30,18.36
6865,C,53963,WI,3186,4807,9,1.31
6866,C,89106,NV,3185,10906,56,2.04
6867,C,53037,WI,3184,4298,42,8.29
6868,C,44662,OH,3184,4069,7,7.71
6869,C,19352,PA,3182,3427,10,-3.02
6870,C,07828,NJ,3180,5970,20,2.43
6871,C,29127,SC,3179,4872,43,5.28
6872,C,24521,VA,3179,4592,40,-5.62
6873,C,89143,NV,3178,4341,74,33.97
6874,C,99019,WA,3177,5202,85,-2.98
6875,C,37381,TN,3176,5004,56,5.48
6876,C,30360,GA,3175,6065,35,4.2
6877,C,84050,UT,3172,3754,46,2.26
6878,C,32784,FL,3171,4971,70,-2.1
6879,C,28103,NC,3169,4516,38,7.11
6880,C,29670,SC,3167,4933,65,3.7
6881,C,32132,FL,3167,4266,46,-7.05
6882,C,33637,FL,3164,8402,53,-2.93
6883,C,10930,NY,3164,3647,51,3.75
6884,C,37760,TN,3163,5798,52,7.19
6885,C,12566,NY,3163,4454,45,2.02
6886,C,53549,WI,3163,4544,33,10.04
6887,C,76707,TX,3162,6678,96,7.77
6888,C,66002,KS,3162,5278,36,1.63
6889,C,36587,AL,3162,4616,17,8.79
6890,C,07921,NJ,3162,4072,16,8.26
6891,C,23664,VA,3160,4871,61,6.16
6892,C,49712,MI,3159,5075,60,5.3
6893,C,07932,NJ,3159,4880,18,12.26
6894,C,25312,WV,3159,4305,11,-10.76
6895,C,35805,AL,3158,10618,73,-3.23
6896,C,29322,SC,3158,4280,48,8.39
6897,C,08031,NJ,3155,5118,11,12.86
6898,C,44632,OH,3155,4066,11,6.41
6899,C,16146,PA,3154,7026,66,19.57
6900,C,55807,MN,3154,4572,16,6.31
6901,C,17104,PA,3153,8700,37,9.28
6902,C,48809,MI,3153,4612,20,-0.75
6903,C,76571,TX,3150,3742,120,0.93
6904,C,54615,WI,3149,4913,35,-3.72
6905,C,44090,OH,3149,4241,14,6.45
6906,C,15332,PA,3148,3878,19,-0.88
6907,C,28731,NC,3147,4417,87,-2.21
6908,C,02458,MA,3146,5238,23,19.48
6909,C,24084,VA,3146,5325,23,17.92
6910,C,72801,AR,3145,7530,43,2.3
6911,C,62454,IL,3145,4682,41,10.22
6912,C,50588,IA,3145,5040,39,2.02
6913,C,44471,OH,3145,5120,29,13.66
6914,C,16354,PA,3145,5216,22,-4.73
6915,C,74432,OK,3144,6496,215,7.88
6916,C,80903,CO,3144,8340,81,-2.19
6917,C,15207,PA,3144,5624,41,11.7
6918,C,53086,WI,3143,4003,39,6.47
6919,C,82633,WY,3143,4653,23,10.1
6920,C,77011,TX,3142,7366,76,3.1
6921,C,06239,CT,3142,4936,16,13.14
6922,C,70359,LA,3141,3768,30,-15.15
6923,C,31320,GA,3139,4631,107,3.87
6924,C,55340,MN,3139,3418,73,2.76
6925,C,07836,NJ,3139,4777,11,3.39
6926,C,72227,AR,3137,5700,43,-3.26
6927,C,75442,TX,3136,4060,109,4.22
6928,C,76692,TX,3134,5299,103,0.38
6929,C,97370,OR,3134,4302,27,-0.37
6930,C,33135,FL,3133,15922,65,-5.33
6931,C,19952,DE,3133,4446,34,-0.76
6932,C,07825,NJ,3133,3704,17,3.9
6933,C,72916,AR,3132,4720,87,4.48
6934,C,30329,GA,3132,14157,58,4.27
6935,C,19806,DE,3131,6638,35,4.76
6936,C,32550,FL,3130,14909,788,6.11
6937,C,07676,NJ,3130,3363,18,12.38
6938,C,93630,CA,3130,6265,15,6.15
6939,C,18222,PA,3129,3980,40,8.62
6940,C,69341,NE,3129,4648,28,7.17
6941,C,77058,TX,3127,11203,87,16.78
6942,C,15367,PA,3127,3367,24,-3.88
6943,C,90602,CA,3125,8514,16,2.26
6944,C,75644,TX,3124,5150,63,10.04
6945,C,20640,MD,3124,4272,38,-8.93
6946,C,07204,NJ,3122,5373,10,5.93
6947,C,62918,IL,3121,5001,43,7.24
6948,C,43338,OH,3121,4510,40,15.42
6949,C,75652,TX,3119,4994,49,1.78
6950,C,03825,NH,3119,3550,34,4.29
6951,C,63645,MO,3119,5200,29,0.56
6952,C,92241,CA,3119,6006,25,-4.07
6953,C,76354,TX,3118,5207,39,1.54
6954,C,31064,GA,3117,4264,89,2.16
6955,C,08835,NJ,3114,4538,22,6.03
6956,C,06071,CT,3114,3634,14,7.89
6957,C,92501,CA,3113,7488,31,2.46
6958,C,29812,SC,3113,5061,22,17.96
6959,C,14870,NY,3112,4691,24,3.72
6960,C,35058,AL,3110,4541,61,7.82
6961,C,07849,NJ,3109,3648,31,9.15
6962,C,08322,NJ,3108,3687,33,2.11
6963,C,92832,CA,3108,9170,18,0.9
6964,C,12953,NY,3106,5693,54,19.56
6965,C,37208,TN,3105,10793,240,3.04
6966,C,04976,ME,3104,4967,32,7.18
6967,C,53168,WI,3101,4072,23,5.67
6968,C,29571,SC,3100,6473,55,12.25
6969,C,21617,MD,3100,4218,49,4.46
6970,C,95713,CA,3099,4164,43,-2.16
6971,C,64078,MO,3099,3864,39,2.94
6972,C,06896,CT,3099,3672,27,4.78
6973,C,98569,WA,3098,5884,297,-3.39
6974,C,97479,OR,3097,4759,45,4.26
6975,C,06712,CT,3093,3546,11,-1.12
6976,C,21210,MD,3091,5416,20,1.54
6977,C,56353,MN,3090,4048,28,7.09
6978,C,76306,TX,3089,6529,47,5.63
6979,C,90232,CA,3087,7995,8,-7.0
6980,C,38570,TN,3086,4628,36,8.19
6981,C,13357,NY,3086,5101,31,-1.81
6982,C,39090,MS,3086,5351,28,4.3
6983,C,90302,CA,3085,11366,37,9.65
6984,C,38340,TN,3084,4542,37,8.46
6985,C,48612,MI,3083,5375,40,4.4
6986,C,07031,NJ,3082,6986,22,9.15
6987,C,72730,AR,3081,4017,52,3.43
6988,C,08512,NJ,3080,5237,33,14.78
6989,C,10510,NY,3080,3942,16,-4.17
6990,C,11366,NY,3078,4915,31,7.71
6991,C,27357,NC,3077,4016,43,-0.9
6992,C,77445,TX,3076,5810,84,12.3
6993,C,89101,NV,3074,18258,98,5.82
6994,C,01460,MA,3074,3858,14,2.59
6995,C,34614,FL,3073,3401,138,4.43
6996,C,93610,CA,3073,6029,53,15.02
6997,C,34436,FL,3073,4740,44,5.25
6998,C,95946,CA,3072,4337,74,0.82
6999,C,15632,PA,3071,3951,20,8.34
7000,C,08008,NJ,3069,16979,130,6.77
7001,C,95033,CA,3069,4305,64,3.62
7002,C,24522,VA,3067,4487,33,0.42
7003,C,37840,TN,3066,4189,14,1.59
7004,C,47446,IN,3065,3998,26,9.91
7005,C,07604,NJ,3065,4544,18,6.97
7006,C,46202,IN,3064,12297,147,3.95
7007,C,84738,UT,3064,4469,108,2.84
7008,C,62062,IL,3064,3638,14,4.58
7009,C,07876,NJ,3064,3348,11,5.2
7010,C,78336,TX,3063,6577,150,1.75
7011,C,01863,MA,3063,3677,20,8.74
7012,C,07642,NJ,3063,3479,13,4.12
7013,C,70802,LA,3062,13887,93,18.62
7014,C,73114,OK,3058,9311,58,9.3
7015,C,97426,OR,3058,4050,27,-1.14
7016,C,12061,NY,3058,4144,13,10.02
7017,C,29560,SC,3057,6236,29,11.65
7018,C,12586,NY,3056,4711,30,9.6
7019,C,36544,AL,3056,4535,22,-3.54
7020,C,35206,AL,3054,7967,88,-11.89
7021,C,99156,WA,3053,4981,60,8.01
7022,C,99021,WA,3053,3679,25,5.77
7023,C,64601,MO,3052,5219,35,-2.53
7024,C,32641,FL,3048,5876,36,-6.5
7025,C,70774,LA,3048,4412,32,1.59
7026,C,48604,MI,3048,4603,27,5.64
7027,C,76230,TX,3046,4937,82,12.04
7028,C,44890,OH,3046,4705,29,-2.92
7029,C,60633,IL,3044,5713,32,-2.2
7030,C,78559,TX,3043,5047,58,-7.94
7031,C,44444,OH,3043,4866,17,-0.06
7032,C,55355,MN,3041,4560,33,3.71
7033,C,76302,TX,3040,5333,36,1.78
7034,C,34688,FL,3039,3522,69,11.0
7035,C,44509,OH,3039,5581,40,6.08
7036,C,15024,PA,3038,3975,16,-1.61
7037,C,50035,IA,3035,3394,51,-0.48
7038,C,97457,OR,3034,4688,41,2.38
7039,C,75244,TX,3033,6346,52,2.73
7040,C,90245,CA,3033,7677,23,15.05
7041,C,08083,NJ,3032,3973,18,6.09
7042,C,33957,FL,3031,8525,313,-15.67
7043,C,18328,PA,3031,5171,67,20.89
7044,C,77098,TX,3030,10181,85,-6.75
7045,C,90293,CA,3029,7050,49,0.98
7046,C,60081,IL,3029,3436,27,11.72
7047,C,95357,CA,3028,4357,22,-1.08
7048,C,46405,IN,3028,4566,18,6.07
7049,C,29927,SC,3027,4563,173,23.91
7050,C,30666,GA,3027,3606,135,3.2
7051,C,27048,NC,3027,3808,23,6.7
7052,C,25901,WV,3026,4776,22,19.87
7053,C,95130,CA,3025,5019,8,4.05
7054,C,02813,RI,3024,5334,25,9.67
7055,C,19004,PA,3023,4453,32,8.22
7056,C,69301,NE,3023,4613,30,2.88
7057,C,15931,PA,3023,4214,12,3.02
7058,C,08030,NJ,3022,5470,30,4.78
7059,C,19560,PA,3021,3888,12,2.55
7060,C,55079,MN,3020,3377,18,5.77
7061,C,07463,NJ,3019,3486,11,5.11
7062,C,45405,OH,3017,11773,81,8.67
7063,C,97760,OR,3017,3701,60,-12.44
7064,C,01952,MA,3016,4981,38,3.2
7065,C,19153,PA,3016,5965,14,7.48
7066,C,48429,MI,3015,4059,12,3.81
7067,C,32179,FL,3014,5204,96,1.51
7068,C,23663,VA,3014,6246,34,-3.41
7069,C,37877,TN,3014,3865,27,0.02
7070,C,55328,MN,3012,3684,46,3.44
7071,C,37641,TN,3012,4077,21,10.18
7072,C,08629,NJ,3011,4559,13,13.99
7073,C,43076,OH,3009,4078,43,0.05
7074,C,76104,TX,3008,9605,70,-2.71
7075,C,11792,NY,3008,3343,33,6.92
7076,C,29172,SC,3007,4216,27,14.41
7077,C,35960,AL,3006,5607,70,0.41
7078,C,23504,VA,3005,9462,62,18.69
7079,C,15085,PA,3005,3866,7,7.93
7080,C,76015,TX,3004,7027,20,-1.74
7081,C,33035,FL,3003,6711,255,25.68
7082,C,33605,FL,3003,8994,92,-1.41
7083,C,47978,IN,3001,4355,20,15.33
7084,C,78404,TX,3000,6884,86,-2.51
7085,C,19530,PA,2998,4921,19,6.33
7086,C,76539,TX,2997,3718,44,-0.15
7087,C,98606,WA,2996,3538,37,1.05
7088,C,06605,CT,2996,10799,11,10.25
7089,C,37757,TN,2993,4830,39,-1.58
7090,C,12572,NY,2992,4785,41,8.82
7091,C,55352,MN,2992,3503,31,5.39
7092,C,29472,SC,2991,3989,47,1.87
7093,C,18032,PA,2990,4142,14,1.55
7094,C,75835,TX,2989,6157,91,11.3
7095,C,06480,CT,2989,3961,7,5.76
7096,C,74851,OK,2988,3844,36,-5.94
7097,C,01069,MA,2988,4192,18,7.73
7098,C,91731,CA,2988,8809,14,4.31
7099,C,93723,CA,2986,3886,41,-0.13
7100,C,44132,OH,2986,7586,21,-3.3
7101,C,89061,NV,2985,3909,132,23.06
7102,C,07062,NJ,2984,4960,30,2.6
7103,C,65619,MO,2984,4018,28,3.13
7104,C,07874,NJ,2984,3325,20,4.95
7105,C,63108,MO,2980,13208,85,2.2
7106,C,83316,ID,2980,4279,46,-1.59
7107,C,93221,CA,2979,5046,32,5.3
7108,C,28778,NC,2978,4865,34,-1.42
7109,C,20636,MD,2978,3906,19,2.73
7110,C,12549,NY,2977,3918,31,4.99
7111,C,64034,MO,2976,3269,50,1.08
7112,C,31808,GA,2976,3405,41,6.18
7113,C,07050,NJ,2972,13412,51,11.72
7114,C,97741,OR,2970,4777,139,4.43
7115,C,49329,MI,2969,3824,25,7.87
7116,C,04039,ME,2968,4265,14,0.14
7117,C,64154,MO,2967,6343,52,1.88
7118,C,70818,LA,2967,4358,50,3.12
7119,C,07885,NJ,2966,4947,27,6.65
7120,C,37367,TN,2965,4550,48,3.17
7121,C,36467,AL,2965,4865,45,-3.68
7122,C,73122,OK,2965,6128,26,2.07
7123,C,95304,CA,2962,5085,41,-4.08
7124,C,07512,NJ,2962,4002,25,5.6
7125,C,36561,AL,2960,16184,663,1.36
7126,C,19939,DE,2960,4252,52,13.75
7127,C,93247,CA,2959,5731,21,2.98
7128,C,47904,IN,2959,7776,17,8.06
7129,C,08203,NJ,2958,9340,86,11.86
7130,C,36551,AL,2958,4309,58,8.37
7131,C,53181,WI,2957,4479,31,3.86
7132,C,04730,ME,2956,4803,43,28.78
7133,C,78736,TX,2956,4539,35,1.62
7134,C,84664,UT,2955,3463,198,5.83
7135,C,70669,LA,2953,4425,30,-3.57
7136,C,60044,IL,2953,4599,15,3.39
7137,C,70775,LA,2952,4807,58,5.01
7138,C,02494,MA,2952,4254,23,7.39
7139,C,64468,MO,2951,6211,59,8.78
7140,C,06515,CT,2950,7531,12,-4.12
7141,C,55405,MN,2946,8724,42,0.23
7142,C,46173,IN,2946,4617,37,10.0
7143,C,39577,MS,2946,4542,20,-17.84
7144,C,06382,CT,2946,3987,7,4.73
7145,C,81230,CO,2945,5453,78,7.06
7146,C,53146,WI,2943,3073,11,5.0
7147,C,98823,WA,2942,4646,61,1.71
7148,C,60482,IL,2942,4777,16,15.39
7149,C,11740,NY,2942,3662,8,6.22
7150,C,97530,OR,2941,4260,86,-4.03
7151,C,76426,TX,2939,4435,97,-0.19
7152,C,63144,MO,2938,5159,62,3.11
7153,C,31791,GA,2936,5010,28,10.02
7154,C,28657,NC,2935,6249,141,5.64
7155,C,35907,AL,2934,3429,46,3.93
7156,C,01850,MA,2933,6028,15,4.04
7157,C,95360,CA,2932,4556,41,2.63
7158,C,36421,AL,2930,4769,58,2.61
7159,C,74728,OK,2929,5172,475,7.62
7160,C,01504,MA,2927,4079,11,3.88
7161,C,65708,MO,2926,5222,62,-0.77
7162,C,33332,FL,2925,3575,52,4.77
7163,C,53128,WI,2925,4053,37,7.35
7164,C,66007,KS,2920,3706,58,4.8
7165,C,70437,LA,2920,3451,39,11.78
7166,C,61301,IL,2920,4832,24,10.31
7167,C,32833,FL,2916,3892,53,-2.51
7168,C,15042,PA,2916,3714,18,10.13
7169,C,98922,WA,2913,5445,268,5.44
7170,C,43202,OH,2913,10055,22,2.39
7171,C,29161,SC,2913,5115,18,4.04
7172,C,45327,OH,2913,3764,16,2.81
7173,C,73601,OK,2908,4611,17,9.83
7174,C,02648,MA,2908,3476,16,2.03
7175,C,98418,WA,2908,4520,14,4.14
7176,C,28785,NC,2905,4831,86,5.48
7177,C,99320,WA,2905,3781,39,5.74
7178,C,60069,IL,2903,3846,24,3.83
7179,C,60416,IL,2903,3803,17,8.39
7180,C,03743,NH,2900,5850,28,8.83
7181,C,76655,TX,2899,3478,82,2.82
7182,C,38651,MS,2898,3296,63,5.96
7183,C,15131,PA,2898,4219,19,-7.34
7184,C,77068,TX,2897,4551,81,25.34
7185,C,08225,NJ,2897,3447,26,10.04
7186,C,73096,OK,2896,6408,52,3.98
7187,C,80816,CO,2895,4181,135,-6.29
7188,C,68118,NE,2894,3670,15,4.09
7189,C,19129,PA,2893,6228,33,3.97
7190,C,63040,MO,2892,3324,19,-0.55
7191,C,36111,AL,2890,5789,70,3.48
7192,C,32446,FL,2889,4523,49,-3.26
7193,C,30354,GA,2888,7274,111,1.95
7194,C,31401,GA,2887,11832,241,7.16
7195,C,33850,FL,2887,4947,89,8.6
7196,C,27377,NC,2887,4538,39,-0.66
7197,C,32456,FL,2886,6252,452,4.95
7198,C,32801,FL,2886,12133,128,5.7
7199,C,51534,IA,2886,3777,26,-0.4
7200,C,32134,FL,2885,5671,44,5.04
7201,C,74953,OK,2884,4755,53,-2.71
7202,C,72837,AR,2883,3988,21,5.6
7203,C,17316,PA,2882,3599,22,15.33
7204,C,01564,MA,2882,3298,13,-1.63
7205,C,20181,VA,2881,3301,33,5.97
7206,C,30536,GA,2879,4953,138,8.21
7207,C,07734,NJ,2879,5349,49,10.47
7208,C,98629,WA,2877,3547,66,0.8
7209,C,20851,MD,2877,5263,13,3.3
7210,C,27401,NC,2876,9650,63,2.58
7211,C,12414,NY,2876,5342,45,7.95
7212,C,53703,WI,2876,21025,40,-1.31
7213,C,85123,AZ,2875,4294,120,-4.66
7214,C,61856,IL,2874,3492,19,6.49
7215,C,24266,VA,2873,4188,26,10.81
7216,C,74023,OK,2870,5474,39,-2.64
7217,C,39573,MS,2869,3619,25,6.44
7218,C,70814,LA,2867,5126,30,-16.62
7219,C,80543,CO,2865,3281,36,-2.03
7220,C,40508,KY,2864,11458,58,-0.7
7221,C,79414,TX,2860,9219,58,-2.31
7222,C,23314,VA,2859,4150,48,1.41
7223,C,28345,NC,2859,5590,34,-4.64
7224,C,17020,PA,2859,3847,12,3.79
7225,C,32124,FL,2858,3483,179,30.7
7226,C,28777,NC,2858,4949,67,9.24
7227,C,31052,GA,2858,3418,40,1.91
7228,C,98611,WA,2856,3687,48,6.5
7229,C,90061,CA,2855,8300,17,6.18
7230,C,91932,CA,2854,10276,91,-1.72
7231,C,75038,TX,2853,15385,78,2.27
7232,C,33190,FL,2852,5578,88,15.28
7233,C,52411,IA,2852,2927,16,4.05
7234,C,48356,MI,2851,3315,26,4.22
7235,C,02338,MA,2848,3041,19,4.9
7236,C,46106,IN,2847,3593,37,1.68
7237,C,37212,TN,2846,8306,146,3.99
7238,C,60621,IL,2846,15348,27,17.23
7239,C,66043,KS,2844,3563,15,-1.56
7240,C,71108,LA,2843,8341,72,31.34
7241,C,76567,TX,2840,4184,66,-12.41
7242,C,02724,MA,2839,8808,21,1.65
7243,C,64834,MO,2838,3936,27,3.96
7244,C,52057,IA,2838,4049,23,2.31
7245,C,23168,VA,2837,3189,52,1.96
7246,C,72007,AR,2837,3799,40,-1.67
7247,C,08758,NJ,2837,3765,26,16.65
7248,C,27573,NC,2836,5748,46,-2.39
7249,C,19533,PA,2836,3217,7,4.49
7250,C,49740,MI,2835,6057,113,-3.32
7251,C,75783,TX,2833,3967,70,-5.04
7252,C,49083,MI,2831,3255,25,2.47
7253,C,95726,CA,2829,4586,78,0.21
7254,C,76205,TX,2828,8114,54,1.85
7255,C,06035,CT,2828,3201,15,3.84
7256,C,11716,NY,2828,3535,10,8.01
7257,C,27239,NC,2826,3920,30,12.19
7258,C,70811,LA,2825,5093,30,5.67
7259,C,71302,LA,2824,6213,26,-7.53
7260,C,17320,PA,2823,3454,17,-3.52
7261,C,08406,NJ,2822,7772,97,18.92
7262,C,27949,NC,2821,9001,106,7.94
7263,C,66227,KS,2821,3431,85,-5.49
7264,C,66012,KS,2819,3588,26,4.72
7265,C,55792,MN,2817,5628,32,13.79
7266,C,63362,MO,2816,3659,45,12.5
7267,C,45121,OH,2815,4243,20,19.81
7268,C,64076,MO,2814,3752,23,5.48
7269,C,02857,RI,2814,3549,16,5.87
7270,C,77625,TX,2812,4063,16,6.22
7271,C,38011,TN,2809,3726,16,-0.57
7272,C,93268,CA,2808,6289,47,-5.13
7273,C,55009,MN,2807,3654,29,-0.19
7274,C,61866,IL,2807,6280,14,6.75
7275,C,85344,AZ,2804,6815,54,17.58
7276,C,32348,FL,2804,5463,30,0.07
7277,C,14482,NY,2804,3889,5,-1.45
7278,C,94925,CA,2802,4147,9,-9.91
7279,C,77331,TX,2801,4992,104,11.25
7280,C,36853,AL,2800,6319,167,13.19
7281,C,62206,IL,2800,6586,81,-5.0
7282,C,98239,WA,2799,4062,68,-3.44
7283,C,93405,CA,2799,9687,31,3.65
7284,C,07001,NJ,2799,5693,22,13.4
7285,C,74960,OK,2799,4863,21,2.68
7286,C,97201,OR,2798,10748,136,1.14
7287,C,49327,MI,2798,3537,15,12.36
7288,C,96097,CA,2797,4737,58,3.21
7289,C,32054,FL,2797,4098,24,16.43
7290,C,19938,DE,2797,3246,16,-0.48
7291,C,64504,MO,2796,4431,27,8.99
7292,C,37037,TN,2794,3543,67,3.38
7293,C,71635,AR,2794,5415,26,0.72
7294,C,74873,OK,2792,4565,31,5.21
7295,C,04002,ME,2792,3684,25,2.26
7296,C,03811,NH,2792,3042,19,3.64
7297,C,21223,MD,2791,13034,307,-2.6
7298,C,77995,TX,2791,4777,47,3.26
7299,C,95969,CA,2790,3908,95,-1.43
7300,C,46016,IN,2790,9225,93,31.63
7301,C,13037,NY,2789,3987,24,14.17
7302,C,17363,PA,2789,3355,11,5.11
7303,C,43617,OH,2788,3248,10,8.63
7304,C,97411,OR,2787,4396,71,-1.57
7305,C,08530,NJ,2787,3816,36,0.71
7306,C,35127,AL,2786,3807,36,-0.31
7307,C,93101,CA,2786,13664,28,-5.51
7308,C,43608,OH,2784,6419,31,1.96
7309,C,47396,IN,2784,3297,17,10.07
7310,C,18034,PA,2784,3189,8,-2.59
7311,C,41129,KY,2783,4084,16,1.06
7312,C,79412,TX,2780,6480,66,-5.09
7313,C,27310,NC,2780,3034,34,6.44
7314,C,27409,NC,2779,9616,47,-7.88
7315,C,01516,MA,2779,3558,17,2.03
7316,C,31636,GA,2778,4989,46,4.79
7317,C,08071,NJ,2778,3984,16,4.45
7318,C,60458,IL,2777,5710,15,3.96
7319,C,04280,ME,2777,3277,7,10.42
7320,C,46819,IN,2777,4384,4,2.39
7321,C,62837,IL,2775,4157,49,19.6
7322,C,03885,NH,2774,3019,13,2.57
7323,C,36079,AL,2773,4610,44,9.8
7324,C,35653,AL,2772,4614,35,6.95
7325,C,22932,VA,2771,3925,66,14.82
7326,C,27542,NC,2771,4307,31,2.14
7327,C,35005,AL,2770,3628,26,6.15
7328,C,92313,CA,2769,4883,19,5.21
7329,C,37185,TN,2767,4853,50,14.37
7330,C,23607,VA,2766,10764,61,2.24
7331,C,08884,NJ,2766,3318,22,9.68
7332,C,21032,MD,2765,3252,24,1.69
7333,C,35125,AL,2765,4593,22,5.8
7334,C,90303,CA,2764,7354,14,-4.72
7335,C,61036,IL,2763,5187,99,13.52
7336,C,35179,AL,2760,3577,23,-10.4
7337,C,70345,LA,2759,3683,38,-19.04
7338,C,10992,NY,2758,3559,48,9.84
7339,C,28694,NC,2757,4805,73,11.27
7340,C,15211,PA,2756,6700,81,3.84
7341,C,14470,NY,2756,3436,7,10.62
7342,C,31639,GA,2755,4761,47,13.34
7343,C,65240,MO,2753,3903,27,-3.36
7344,C,74128,OK,2753,4954,15,0.39
7345,C,08104,NJ,2752,9821,49,23.23
7346,C,38068,TN,2750,4411,54,-2.03
7347,C,50801,IA,2746,4566,58,9.09
7348,C,57717,SD,2745,3832,31,-4.6
7349,C,08848,NJ,2745,3100,21,2.31
7350,C,11797,NY,2744,3194,30,2.29
7351,C,53551,WI,2743,4048,21,4.51
7352,C,48461,MI,2742,3245,16,8.5
7353,C,18330,PA,2741,3196,24,-0.72
7354,C,07650,NJ,2740,7612,31,13.1
7355,C,72753,AR,2739,4078,67,6.02
7356,C,77587,TX,2738,5549,21,-12.83
7357,C,66617,KS,2738,3422,13,-3.24
7358,C,44113,OH,2737,12554,105,10.18
7359,C,01230,MA,2737,5025,82,-6.51
7360,C,78362,TX,2737,4701,68,-6.31
7361,C,01543,MA,2736,3257,30,4.03
7362,C,04032,ME,2735,4133,18,6.54
7363,C,78942,TX,2731,4285,33,8.33
7364,C,08090,NJ,2731,3158,13,10.81
7365,C,66220,KS,2729,3035,58,8.36
7366,C,96708,HI,2728,4523,51,0.42
7367,C,29135,SC,2728,3990,12,6.96
7368,C,21231,MD,2727,9342,82,4.69
7369,C,39819,GA,2727,5750,49,-6.1
7370,C,28107,NC,2726,3594,35,9.48
7371,C,28713,NC,2725,5816,95,-12.12
7372,C,82240,WY,2723,4314,41,0.52
7373,C,92868,CA,2723,9105,23,2.84
7374,C,24219,VA,2722,4473,23,4.02
7375,C,57718,SD,2722,3182,20,14.7
7376,C,49349,MI,2721,4265,20,-4.25
7377,C,10579,NY,2720,3642,25,1.96
7378,C,48357,MI,2719,3340,21,27.72
7379,C,49038,MI,2718,5124,21,-0.83
7380,C,25560,WV,2718,3546,19,14.79
7381,C,59457,MT,2716,4710,77,-0.27
7382,C,50003,IA,2715,3680,64,2.41
7383,C,43028,OH,2715,3697,50,8.93
7384,C,62056,IL,2715,4095,25,-6.52
7385,C,76249,TX,2714,3375,73,4.8
7386,C,82834,WY,2714,3985,70,7.06
7387,C,92325,CA,2712,6692,130,-2.18
7388,C,80230,CO,2712,5672,32,5.08
7389,C,46783,IN,2712,3140,21,6.93
7390,C,74010,OK,2712,4607,14,10.7
7391,C,17584,PA,2711,4999,8,10.97
7392,C,05001,VT,2710,4932,22,-0.82
7393,C,60041,IL,2706,3621,21,7.05
7394,C,30531,GA,2705,4744,51,5.95
7395,C,02540,MA,2704,6200,48,-7.06
7396,C,37686,TN,2704,3790,34,-2.11
7397,C,55920,MN,2703,3294,53,2.86
7398,C,36081,AL,2702,7398,48,1.33
7399,C,90077,CA,2700,3677,115,20.62
7400,C,14472,NY,2700,3524,20,5.74
7401,C,77031,TX,2698,6906,33,14.06
7402,C,20166,VA,2698,5300,28,4.08
7403,C,65737,MO,2696,5340,178,3.37
7404,C,89451,NV,2696,7733,167,31.48
7405,C,07421,NJ,2696,3257,36,1.86
7406,C,49659,MI,2695,4586,43,4.66
7407,C,07018,NJ,2694,13107,27,7.62
7408,C,97707,OR,2693,8021,287,1.48
7409,C,22960,VA,2693,4711,65,8.04
7410,C,60022,IL,2692,3168,23,3.83
7411,C,98930,WA,2691,4910,61,0.55
7412,C,36105,AL,2689,5468,38,-0.64
7413,C,22044,VA,2689,5495,28,-3.11
7414,C,42602,KY,2688,4994,46,12.35
7415,C,53925,WI,2688,3766,18,8.03
7416,C,71449,LA,2687,5787,53,32.13
7417,C,44233,OH,2685,2880,12,8.73
7418,C,77598,TX,2683,13337,56,12.69
7419,C,91024,CA,2683,5113,27,12.75
7420,C,35986,AL,2680,3529,27,7.78
7421,C,60428,IL,2679,4138,45,5.87
7422,C,25064,WV,2679,5058,18,-4.23
7423,C,62832,IL,2679,4256,18,14.09
7424,C,29702,SC,2677,4220,17,3.5
7425,C,78101,TX,2676,3059,53,4.98
7426,C,11103,NY,2676,18833,20,13.64
7427,C,92007,CA,2675,4687,14,59.95
7428,C,71104,LA,2674,7160,72,-2.0
7429,C,32626,FL,2674,4358,46,-6.94
7430,C,22611,VA,2674,3855,22,7.29
7431,C,55115,MN,2673,3408,24,3.85
7432,C,31027,GA,2673,4643,20,8.87
7433,C,34433,FL,2672,3622,135,3.51
7434,C,84315,UT,2672,2754,20,0.53
7435,C,55976,MN,2671,3462,19,3.36
7436,C,33576,FL,2668,3067,125,28.13
7437,C,66606,KS,2668,5433,27,4.99
7438,C,81003,CO,2667,6233,87,4.23
7439,C,93505,CA,2666,5352,106,-3.07
7440,C,42330,KY,2666,4017,27,8.49
7441,C,08086,NJ,2666,3950,16,8.97
7442,C,06379,CT,2665,4216,11,14.27
7443,C,43566,OH,2664,3594,20,4.84
7444,C,44287,OH,2664,3250,18,6.49
7445,C,76667,TX,2663,4734,70,10.16
7446,C,45223,OH,2663,6765,33,4.74
7447,C,41139,KY,2663,3576,16,-3.69
7448,C,76044,TX,2659,3127,118,-2.86
7449,C,31501,GA,2658,6867,64,11.72
7450,C,24605,VA,2658,4187,19,6.16
7451,C,17345,PA,2656,3616,8,4.96
7452,C,04963,ME,2655,4279,52,-6.8
7453,C,13340,NY,2655,3427,14,6.22
7454,C,33920,FL,2654,3193,136,-0.84
7455,C,11692,NY,2654,8475,16,-11.01
7456,C,33170,FL,2652,4839,104,2.31
7457,C,72949,AR,2652,4179,48,1.93
7458,C,30755,GA,2652,4080,25,2.04
7459,C,74110,OK,2651,5992,34,16.7
7460,C,27017,NC,2651,4187,14,3.62
7461,C,54923,WI,2650,4137,32,10.46
7462,C,47441,IN,2650,4327,25,12.12
7463,C,67110,KS,2650,3394,20,1.74
7464,C,70130,LA,2648,10927,196,4.85
7465,C,29160,SC,2647,3595,14,1.53
7466,C,11752,NY,2647,3180,8,4.37
7467,C,46617,IN,2646,5502,51,4.34
7468,C,78231,TX,2646,4189,31,-3.37
7469,C,31082,GA,2646,4739,17,16.2
7470,C,07034,NJ,2645,4459,15,10.83
7471,C,12308,NY,2645,6442,12,-9.87
7472,C,48915,MI,2644,4768,41,2.77
7473,C,19021,PA,2643,3942,12,0.64
7474,C,51442,IA,2642,3772,33,-1.03
7475,C,29676,SC,2640,3657,78,61.24
7476,C,64429,MO,2640,4539,38,7.55
7477,C,21797,MD,2639,3006,28,-1.95
7478,C,68410,NE,2639,3781,11,2.64
7479,C,49419,MI,2639,2983,9,4.72
7480,C,86047,AZ,2638,4932,21,2.54
7481,C,65018,MO,2638,3558,9,13.16
7482,C,27822,NC,2637,3535,19,12.73
7483,C,72110,AR,2636,5021,37,9.37
7484,C,24171,VA,2635,4682,26,-10.73
7485,C,29201,SC,2633,12619,47,4.43
7486,C,13365,NY,2633,4066,40,9.9
7487,C,78009,TX,2631,3470,115,-4.0
7488,C,25413,WV,2631,3388,34,4.09
7489,C,93728,CA,2631,6878,28,-0.2
7490,C,70548,LA,2631,4637,19,-6.92
7491,C,77611,TX,2630,3989,44,-1.23
7492,C,75979,TX,2629,5019,61,-10.92
7493,C,39194,MS,2628,6722,21,4.54
7494,C,11104,NY,2627,13224,43,10.96
7495,C,31620,GA,2626,4803,23,10.33
7496,C,98660,WA,2625,7048,45,3.88
7497,C,68467,NE,2625,4249,35,4.17
7498,C,78657,TX,2624,5272,444,-7.81
7499,C,33853,FL,2624,5483,71,-8.29
7500,C,48457,MI,2624,3438,10,-0.98
7501,C,84319,UT,2623,3216,49,2.55
7502,C,95817,CA,2623,7014,29,-2.16
7503,C,50201,IA,2622,3806,17,9.2
7504,C,03865,NH,2622,3180,8,5.89
7505,C,71601,AR,2620,6573,45,-10.92
7506,C,49046,MI,2619,3672,18,2.15
7507,C,78721,TX,2618,4808,112,-7.46
7508,C,24175,VA,2618,3540,27,2.6
7509,C,17313,PA,2618,4649,7,8.42
7510,C,84004,UT,2617,3133,43,6.61
7511,C,48734,MI,2616,3827,27,6.7
7512,C,35660,AL,2613,5139,64,17.79
7513,C,35051,AL,2613,3480,38,7.68
7514,C,35068,AL,2613,3970,27,-15.86
7515,C,71225,LA,2612,3665,23,4.84
7516,C,81632,CO,2611,5529,100,27.42
7517,C,08201,NJ,2611,4286,28,4.73
7518,C,60915,IL,2611,4274,16,10.57
7519,C,63134,MO,2610,5675,41,24.14
7520,C,33127,FL,2609,11245,136,-2.11
7521,C,79911,TX,2609,3499,71,4.06
7522,C,90813,CA,2609,18603,32,10.0
7523,C,75650,TX,2606,4244,49,-1.77
7524,C,45403,OH,2606,7429,45,7.37
7525,C,17857,PA,2605,3721,12,-11.46
7526,C,27571,NC,2604,2975,70,-1.26
7527,C,74104,OK,2604,6367,38,4.65
7528,C,23103,VA,2604,2842,35,12.05
7529,C,85045,AZ,2604,2954,28,21.5
7530,C,26155,WV,2603,3775,18,12.06
7531,C,31709,GA,2602,6846,36,6.92
7532,C,98294,WA,2602,3144,31,-2.93
7533,C,37404,TN,2601,5887,91,1.65
7534,C,28754,NC,2600,4460,91,-0.36
7535,C,28301,NC,2598,8590,67,6.07
7536,C,35906,AL,2598,4743,29,0.59
7537,C,28771,NC,2597,4736,47,1.19
7538,C,48122,MI,2597,4693,12,2.08
7539,C,37080,TN,2596,3322,49,5.63
7540,C,38201,TN,2595,4124,55,7.22
7541,C,57719,SD,2594,4707,78,7.36
7542,C,30442,GA,2592,4397,28,8.34
7543,C,98841,WA,2590,4056,52,4.56
7544,C,97862,OR,2590,5245,33,4.22
7545,C,01568,MA,2590,2947,27,1.59
7546,C,28761,NC,2589,3864,88,-13.43
7547,C,11933,NY,2589,3704,41,5.88
7548,C,78726,TX,2588,6325,40,59.79
7549,C,42743,KY,2588,4177,39,34.35
7550,C,02025,MA,2588,3300,25,2.11
7551,C,41472,KY,2588,4074,23,1.47
7552,C,08270,NJ,2587,3717,18,1.39
7553,C,75215,TX,2586,8481,118,-0.87
7554,C,18644,PA,2586,3670,10,0.69
7555,C,88345,NM,2585,8844,366,-5.79
7556,C,90248,CA,2585,4249,13,-0.43
7557,C,47448,IN,2584,3995,32,8.33
7558,C,48438,MI,2584,2781,14,4.72
7559,C,55130,MN,2582,6368,25,7.62
7560,C,05753,VT,2581,4266,22,6.36
7561,C,76645,TX,2580,4559,53,6.44
7562,C,95119,CA,2577,3538,16,-2.97
7563,C,79830,TX,2575,4672,76,4.14
7564,C,46075,IN,2574,3423,53,10.24
7565,C,32531,FL,2573,3379,20,16.88
7566,C,83341,ID,2572,3028,69,3.04
7567,C,21084,MD,2572,2846,17,4.93
7568,C,38375,TN,2571,4162,44,-0.55
7569,C,43543,OH,2571,3555,18,10.96
7570,C,46809,IN,2571,4116,10,9.0
7571,C,01566,MA,2570,3041,20,7.79
7572,C,75057,TX,2570,7171,14,-1.32
7573,C,30187,GA,2565,3029,72,-3.38
7574,C,96067,CA,2565,4517,44,4.59
7575,C,66547,KS,2565,3419,19,9.31
7576,C,97009,OR,2564,3081,20,1.07
7577,C,72335,AR,2563,6513,39,-18.21
7578,C,22305,VA,2563,8028,21,0.26
7579,C,55616,MN,2561,4103,54,4.69
7580,C,47394,IN,2561,3689,21,-3.53
7581,C,37187,TN,2560,3523,37,2.32
7582,C,08734,NJ,2560,3028,24,3.77
7583,C,31701,GA,2556,9535,87,11.56
7584,C,48342,MI,2556,7559,38,7.69
7585,C,56374,MN,2555,3662,33,1.97
7586,C,20037,DC,2554,8828,118,-2.17
7587,C,75173,TX,2554,3040,115,3.14
7588,C,37203,TN,2553,16422,339,12.52
7589,C,49651,MI,2553,4968,38,9.09
7590,C,55344,MN,2553,7416,34,3.98
7591,C,63113,MO,2553,7400,22,19.26
7592,C,24148,VA,2552,3876,15,-2.51
7593,C,35217,AL,2548,6196,41,2.1
7594,C,38028,TN,2547,2789,41,1.16
7595,C,91411,CA,2547,10003,33,-1.74
7596,C,11023,NY,2547,3398,27,15.33
7597,C,98577,WA,2546,3240,40,8.17
7598,C,95006,CA,2546,3855,39,2.64
7599,C,53010,WI,2545,3420,21,6.61
7600,C,38965,MS,2545,4192,19,-3.7
7601,C,10920,NY,2545,2940,14,4.17
7602,C,33050,FL,2544,7314,254,-1.55
7603,C,49727,MI,2544,4075,44,-3.59
7604,C,48617,MI,2544,4087,10,7.32
7605,C,30529,GA,2543,4642,91,8.87
7606,C,21629,MD,2543,3972,40,2.56
7607,C,71078,LA,2543,3083,20,2.16
7608,C,03052,NH,2543,3063,14,0.61
7609,C,37146,TN,2540,3078,76,2.63
7610,C,35748,AL,2540,3207,40,7.15
7611,C,18848,PA,2540,4470,14,-6.78
7612,C,36375,AL,2539,3630,20,-0.32
7613,C,53118,WI,2538,3196,32,12.46
7614,C,04468,ME,2538,4664,13,1.1
7615,C,55336,MN,2538,3423,13,2.23
7616,C,11934,NY,2537,2819,37,9.23
7617,C,38008,TN,2536,4292,19,7.73
7618,C,98563,WA,2533,3657,27,2.42
7619,C,34950,FL,2532,8055,87,-0.84
7620,C,50595,IA,2532,4170,44,13.32
7621,C,28080,NC,2531,3182,34,7.7
7622,C,27572,NC,2531,2857,17,4.25
7623,C,77964,TX,2530,4395,18,32.51
7624,C,73165,OK,2529,2942,17,23.99
7625,C,55045,MN,2527,3001,28,3.3
7626,C,31643,GA,2526,4522,28,14.91
7627,C,32110,FL,2522,4102,45,-3.41
7628,C,08079,NJ,2521,5213,57,7.32
7629,C,44074,OH,2520,4038,14,-1.52
7630,C,17401,PA,2518,8202,23,9.44
7631,C,01220,MA,2517,4563,26,7.02
7632,C,65608,MO,2515,3804,40,2.56
7633,C,58301,ND,2515,5040,35,6.71
7634,C,47429,IN,2514,3082,42,2.89
7635,C,35824,AL,2513,4986,53,-0.9
7636,C,55302,MN,2513,3667,38,-0.18
7637,C,04938,ME,2513,4936,30,-3.04
7638,C,79070,TX,2512,4210,26,0.32
7639,C,46392,IN,2512,3135,19,2.72
7640,C,06281,CT,2512,3248,15,4.1
7641,C,44714,OH,2512,4458,9,16.32
7642,C,75076,TX,2511,4361,150,-1.32
7643,C,75789,TX,2511,3350,49,14.55
7644,C,89447,NV,2511,3878,17,10.15
7645,C,43201,OH,2510,17484,88,1.53
7646,C,83805,ID,2509,3497,65,2.2
7647,C,29330,SC,2509,3852,22,4.13
7648,C,54669,WI,2509,3246,7,11.1
7649,C,04084,ME,2504,3710,26,7.34
7650,C,56378,MN,2502,3835,21,3.31
7651,C,81211,CO,2500,4154,139,7.51
7652,C,38474,TN,2499,3687,44,7.88
7653,C,28202,NC,2498,11490,140,14.75
7654,C,93203,CA,2498,5005,7,4.61
7655,C,32340,FL,2497,4567,43,-7.03
7656,C,47553,IN,2497,3453,16,2.03
7657,C,29574,SC,2496,5003,26,-3.1
7658,C,30439,GA,2495,4426,26,-5.61
7659,C,48131,MI,2495,3838,15,11.39
7660,C,31036,GA,2494,4534,42,-3.68
7661,C,22815,VA,2494,3957,17,-1.96
7662,C,28040,NC,2493,3396,25,-10.59
7663,C,07063,NJ,2493,4119,19,7.83
7664,C,76258,TX,2492,3079,94,-3.33
7665,C,60136,IL,2491,3123,12,1.13
7666,C,53206,WI,2489,10077,62,25.23
7667,C,87020,NM,2489,4593,28,14.31
7668,C,04412,ME,2487,4565,22,0.47
7669,C,37330,TN,2485,3357,46,3.64
7670,C,22712,VA,2484,3207,23,-1.68
7671,C,65672,MO,2483,4696,137,0.54
7672,C,64128,MO,2483,6681,53,3.45
7673,C,05482,VT,2483,3596,17,3.4
7674,C,93546,CA,2482,10905,156,20.05
7675,C,71822,AR,2482,3836,13,7.03
7676,C,25271,WV,2482,4047,6,2.74
7677,C,37820,TN,2481,3485,20,0.4
7678,C,94931,CA,2481,4244,9,-1.09
7679,C,06471,CT,2481,2938,6,6.24
7680,C,11557,NY,2480,2792,37,3.77
7681,C,29130,SC,2480,3571,22,3.89
7682,C,42261,KY,2480,4168,17,3.65
7683,C,28730,NC,2479,3927,84,5.08
7684,C,54982,WI,2479,4409,48,6.96
7685,C,34291,FL,2478,3204,88,-5.8
7686,C,95683,CA,2478,2673,42,-17.64
7687,C,59330,MT,2474,3996,37,-1.05
7688,C,38103,TN,2473,8811,175,8.53
7689,C,93543,CA,2473,3750,44,7.27
7690,C,38344,TN,2473,4099,29,11.73
7691,C,95326,CA,2473,4211,21,-1.74
7692,C,07502,NJ,2471,4861,19,13.06
7693,C,76446,TX,2470,3591,23,1.1
7694,C,20833,MD,2469,2628,12,17.87
7695,C,16870,PA,2467,2958,19,2.55
7696,C,52333,IA,2466,2949,50,7.01
7697,C,29851,SC,2465,3974,20,15.55
7698,C,75785,TX,2463,3814,50,6.55
7699,C,37406,TN,2461,5894,59,1.3
7700,C,29842,SC,2461,3552,57,7.34
7701,C,06787,CT,2461,3341,6,8.48
7702,C,32304,FL,2459,23296,121,9.98
7703,C,93210,CA,2459,4883,31,10.32
7704,C,36264,AL,2458,3799,29,2.39
7705,C,66214,KS,2458,5652,5,6.23
7706,C,37186,TN,2457,4168,42,-0.36
7707,C,29835,SC,2456,3829,113,-14.91
7708,C,37742,TN,2456,2989,43,-2.41
7709,C,83860,ID,2455,3850,85,2.54
7710,C,79510,TX,2455,3552,24,6.42
7711,C,30633,GA,2454,3579,30,4.03
7712,C,45304,OH,2454,3146,16,10.2
7713,C,83263,ID,2452,3610,54,1.03
7714,C,65453,MO,2451,4333,45,25.53
7715,C,31510,GA,2450,4135,28,6.46
7716,C,06260,CT,2450,4289,21,8.46
7717,C,01834,MA,2450,2756,8,1.78
7718,C,70420,LA,2449,3027,36,-1.2
7719,C,18509,PA,2449,6017,12,-14.49
7720,C,60171,IL,2448,4456,12,4.18
7721,C,28428,NC,2447,6268,195,4.58
7722,C,49913,MI,2447,3990,29,-1.41
7723,C,38824,MS,2446,3642,8,-4.49
7724,C,37033,TN,2445,3848,52,4.42
7725,C,44255,OH,2445,3148,6,11.15
7726,C,65584,MO,2444,5184,47,8.25
7727,C,50022,IA,2444,4097,37,6.46
7728,C,74044,OK,2444,3369,16,10.65
7729,C,52205,IA,2443,3358,14,-1.1
7730,C,10468,NY,2442,29553,83,-19.76
7731,C,45335,OH,2442,3055,20,-0.94
7732,C,70116,LA,2441,9620,177,2.24
7733,C,84060,UT,2438,9160,338,4.86
7734,C,98848,WA,2437,5476,86,2.52
7735,C,22812,VA,2437,3570,9,2.62
7736,C,98826,WA,2436,5868,144,8.53
7737,C,08244,NJ,2434,5898,54,2.93
7738,C,85603,AZ,2432,4183,67,13.66
7739,C,28609,NC,2432,3264,43,-1.75
7740,C,95315,CA,2432,3601,10,4.97
7741,C,20616,MD,2431,2541,28,-1.73
7742,C,77003,TX,2430,6201,129,3.26
7743,C,29728,SC,2430,4363,40,-25.39
7744,C,37322,TN,2429,3749,40,11.14
7745,C,40069,KY,2428,3570,46,13.49
7746,C,93927,CA,2428,5037,11,6.91
7747,C,16866,PA,2426,4083,26,5.29
7748,C,51250,IA,2426,3254,21,4.97
7749,C,55070,MN,2424,2947,34,6.03
7750,C,72734,AR,2423,3395,62,5.13
7751,C,78616,TX,2422,3165,45,20.37
7752,C,39556,MS,2422,3222,42,20.5
7753,C,77840,TX,2421,25423,214,4.55
7754,C,65459,MO,2421,3323,23,2.28
7755,C,13224,NY,2421,3948,9,-2.29
7756,C,43215,OH,2419,13428,112,8.14
7757,C,73179,OK,2418,3038,67,-15.74
7758,C,60425,IL,2416,3526,39,12.53
7759,C,35673,AL,2414,3561,17,-5.79
7760,C,33876,FL,2412,3313,55,18.24
7761,C,37058,TN,2412,3840,48,-0.43
7762,C,03253,NH,2412,5111,47,4.02
7763,C,52353,IA,2411,3995,36,-3.3
7764,C,10504,NY,2410,2665,21,2.92
7765,C,07649,NJ,2410,2749,15,9.71
7766,C,78204,TX,2409,6210,76,8.66
7767,C,50220,IA,2409,3925,20,14.84
7768,C,44081,OH,2409,2749,14,3.02
7769,C,24557,VA,2408,4121,20,33.38
7770,C,54025,WI,2407,3141,29,0.69
7771,C,78266,TX,2405,2824,74,3.9
7772,C,39845,GA,2405,4568,50,7.1
7773,C,85354,AZ,2404,3024,93,4.17
7774,C,22172,VA,2401,3903,31,17.23
7775,C,01033,MA,2401,2768,9,7.16
7776,C,17569,PA,2401,2661,6,9.54
7777,C,32601,FL,2400,11204,68,1.74
7778,C,99027,WA,2400,2734,12,11.06
7779,C,07023,NJ,2400,2783,10,6.33
7780,C,75949,TX,2399,4131,37,-3.81
7781,C,84606,UT,2398,11428,57,4.95
7782,C,28333,NC,2397,4336,11,15.44
7783,C,98390,WA,2396,4836,28,-0.68
7784,C,85378,AZ,2396,4671,22,0.06
7785,C,98365,WA,2395,3164,70,3.36
7786,C,60096,IL,2393,2930,12,1.29
7787,C,98589,WA,2392,3122,25,4.15
7788,C,84036,UT,2391,3972,237,-1.7
7789,C,25430,WV,2389,3235,12,0.66
7790,C,48650,MI,2388,3036,19,-13.24
7791,C,31788,GA,2387,4390,20,18.08
7792,C,79103,TX,2386,3784,12,-0.93
7793,C,45430,OH,2385,3131,21,4.66
7794,C,53050,WI,2384,3120,13,13.62
7795,C,67052,KS,2383,3081,182,3.47
7796,C,33548,FL,2383,3023,27,8.37
7797,C,54963,WI,2383,3195,19,8.11
7798,C,49065,MI,2383,3559,11,2.42
7799,C,07028,NJ,2383,2629,5,8.5
7800,C,90033,CA,2382,13874,11,5.67
7801,C,42064,KY,2381,3886,20,-12.64
7802,C,70346,LA,2381,4275,15,6.85
7803,C,81052,CO,2379,4062,32,1.06
7804,C,40013,KY,2379,2571,21,6.01
7805,C,15204,PA,2378,3940,25,7.04
7806,C,28340,NC,2378,4250,14,4.27
7807,C,63016,MO,2377,2985,10,1.78
7808,C,65712,MO,2375,3555,34,-1.74
7809,C,82301,WY,2372,4108,39,-0.14
7810,C,32266,FL,2372,3792,28,5.35
7811,C,11789,NY,2372,2888,25,2.1
7812,C,97496,OR,2369,3510,28,-1.56
7813,C,43571,OH,2368,2965,14,2.86
7814,C,44270,OH,2366,3420,5,6.3
7815,C,49690,MI,2364,3476,44,-0.39
7816,C,30525,GA,2363,4762,135,3.85
7817,C,28768,NC,2362,3542,48,-4.53
7818,C,28586,NC,2362,3717,19,-0.22
7819,C,78648,TX,2361,3563,59,5.05
7820,C,26187,WV,2360,2921,9,24.37
7821,C,77480,TX,2359,3581,37,-9.54
7822,C,82401,WY,2357,3434,28,4.2
7823,C,95666,CA,2356,3740,82,-0.07
7824,C,08402,NJ,2356,6940,78,27.35
7825,C,06249,CT,2356,3210,9,9.14
7826,C,07630,NJ,2353,2641,9,5.08
7827,C,16502,PA,2353,7811,9,11.29
7828,C,08221,NJ,2352,2859,59,4.91
7829,C,20180,VA,2352,2702,29,5.93
7830,C,52742,IA,2352,3077,13,9.57
7831,C,17370,PA,2352,2769,12,-4.27
7832,C,28782,NC,2351,3718,53,-0.81
7833,C,46403,IN,2351,6317,30,2.37
7834,C,98327,WA,2350,4014,22,13.2
7835,C,02460,MA,2349,4171,20,6.83
7836,C,65781,MO,2348,3287,32,6.06
7837,C,32501,FL,2346,5505,84,8.28
7838,C,29401,SC,2345,5808,82,20.23
7839,C,75657,TX,2345,4140,59,-7.54
7840,C,31329,GA,2345,3444,45,3.66
7841,C,19801,DE,2345,9390,42,7.07
7842,C,21770,MD,2345,2448,20,2.66
7843,C,40210,KY,2343,7137,67,-11.78
7844,C,28675,NC,2343,3867,50,-1.93
7845,C,46069,IN,2343,3054,19,7.9
7846,C,15213,PA,2342,11349,59,8.02
7847,C,49053,MI,2342,2919,24,9.91
7848,C,40359,KY,2340,3331,20,-3.27
7849,C,03903,ME,2340,3092,13,10.85
7850,C,07727,NJ,2339,2951,22,6.83
7851,C,93510,CA,2338,2718,37,4.2
7852,C,04101,ME,2337,11510,64,15.37
7853,C,71342,LA,2337,3556,19,1.11
7854,C,06052,CT,2337,3731,11,8.41
7855,C,75570,TX,2336,3638,37,9.2
7856,C,98236,WA,2336,3489,32,8.14
7857,C,29385,SC,2336,3444,27,-0.86
7858,C,01775,MA,2336,2761,17,1.62
7859,C,63070,MO,2336,3234,9,-1.71
7860,C,72687,AR,2335,3458,54,9.44
7861,C,93930,CA,2334,4744,10,-1.8
7862,C,21875,MD,2332,3553,26,-6.59
7863,C,48421,MI,2331,2987,17,7.06
7864,C,33042,FL,2329,4835,109,2.53
7865,C,36460,AL,2329,4700,33,-2.0
7866,C,05443,VT,2329,3040,13,-2.75
7867,C,48821,MI,2329,2591,11,7.82
7868,C,75440,TX,2328,3431,67,5.02
7869,C,31087,GA,2327,5124,67,-0.46
7870,C,83856,ID,2327,3969,65,0.93
7871,C,13619,NY,2327,4649,54,-9.37
7872,C,16150,PA,2327,3384,6,-8.9
7873,C,27583,NC,2325,2748,15,6.17
7874,C,21716,MD,2324,2849,27,1.34
7875,C,99567,AK,2324,3156,21,0.74
7876,C,72560,AR,2323,4509,94,19.73
7877,C,48229,MI,2323,4156,19,15.35
7878,C,77013,TX,2323,6839,19,1.54
7879,C,94930,CA,2323,3729,11,-8.85
7880,C,01536,MA,2321,3230,19,0.07
7881,C,46327,IN,2321,4389,5,-6.02
7882,C,66218,KS,2317,2776,16,0.66
7883,C,27828,NC,2316,4006,38,-3.22
7884,C,92252,CA,2314,5201,142,-10.55
7885,C,90404,CA,2314,11499,32,-2.88
7886,C,98247,WA,2312,3257,29,2.18
7887,C,77030,TX,2311,7842,99,20.86
7888,C,28127,NC,2311,4690,77,1.13
7889,C,18508,PA,2311,5466,19,12.32
7890,C,14464,NY,2310,2907,11,6.18
7891,C,46320,IN,2308,6236,14,8.17
7892,C,07823,NJ,2307,3643,31,6.69
7893,C,18947,PA,2307,2703,17,6.01
7894,C,37331,TN,2305,3721,35,0.57
7895,C,06234,CT,2305,3219,13,8.43
7896,C,64132,MO,2303,6006,42,-4.07
7897,C,83861,ID,2302,3382,38,15.25
7898,C,53949,WI,2301,4088,33,5.21
7899,C,93212,CA,2300,4967,23,10.77
7900,C,53520,WI,2297,3188,19,6.23
7901,C,79922,TX,2297,3125,19,6.63
7902,C,08801,NJ,2297,2732,14,0.85
7903,C,73086,OK,2296,4259,49,19.81
7904,C,62088,IL,2296,3263,16,3.23
7905,C,77465,TX,2295,3793,87,-4.83
7906,C,27817,NC,2295,3537,21,33.76
7907,C,78202,TX,2294,5288,127,2.04
7908,C,20141,VA,2294,2650,19,6.5
7909,C,08093,NJ,2294,4473,15,16.59
7910,C,59725,MT,2292,3838,39,10.03
7911,C,95018,CA,2291,3029,19,3.66
7912,C,50707,IA,2290,3555,25,7.87
7913,C,39817,GA,2289,4943,24,4.71
7914,C,08036,NJ,2289,2601,12,-0.11
7915,C,18078,PA,2288,2731,32,7.85
7916,C,27051,NC,2286,3365,22,5.08
7917,C,85937,AZ,2285,3159,50,1.98
7918,C,45692,OH,2282,3782,27,12.17
7919,C,47872,IN,2279,3695,33,14.52
7920,C,63143,MO,2279,5089,10,2.92
7921,C,37029,TN,2278,2568,45,1.67
7922,C,32666,FL,2277,3398,45,5.53
7923,C,75203,TX,2276,6862,61,9.16
7924,C,97210,OR,2275,7910,91,-3.74
7925,C,77518,TX,2275,3950,39,-6.45
7926,C,44413,OH,2275,3351,12,-3.61
7927,C,37890,TN,2272,3423,40,2.72
7928,C,56329,MN,2272,2939,15,6.13
7929,C,03235,NH,2269,4021,17,9.02
7930,C,36549,AL,2268,3042,49,-13.42
7931,C,29601,SC,2267,8067,69,10.63
7932,C,28337,NC,2267,5176,36,8.05
7933,C,35222,AL,2267,4383,35,-1.26
7934,C,61270,IL,2267,2965,18,-7.78
7935,C,24065,VA,2266,2943,14,5.52
7936,C,60176,IL,2265,4423,17,12.41
7937,C,37722,TN,2264,3591,63,-1.84
7938,C,28097,NC,2264,3002,44,7.04
7939,C,28604,NC,2262,9148,418,0.58
7940,C,38059,TN,2261,3517,12,7.74
7941,C,19033,PA,2260,2987,11,2.3
7942,C,93428,CA,2259,4199,48,1.29
7943,C,53097,WI,2259,2477,24,6.37
7944,C,95631,CA,2258,2819,39,1.42
7945,C,01430,MA,2258,2892,12,2.25
7946,C,12834,NY,2258,2996,9,0.76
7947,C,80547,CO,2257,2843,92,3.75
7948,C,28320,NC,2257,3741,12,9.48
7949,C,75223,TX,2254,4872,47,4.66
7950,C,37030,TN,2254,3364,35,16.78
7951,C,38703,MS,2254,5155,15,-19.43
7952,C,76634,TX,2253,3660,59,3.62
7953,C,48519,MI,2253,3356,14,2.88
7954,C,54216,WI,2251,3030,15,7.71
7955,C,19506,PA,2251,2696,9,5.7
7956,C,02779,MA,2250,2428,11,7.52
7957,C,66219,KS,2248,7044,22,4.59
7958,C,65049,MO,2245,8049,349,8.56
7959,C,28705,NC,2244,3997,54,13.88
7960,C,01469,MA,2242,2707,9,5.46
7961,C,48202,MI,2241,10078,81,6.98
7962,C,36545,AL,2241,4439,25,2.17
7963,C,06870,CT,2241,2897,21,2.76
7964,C,96790,HI,2240,3592,34,7.34
7965,C,17751,PA,2240,3263,12,-4.58
7966,C,98936,WA,2240,2782,9,5.68
7967,C,06907,CT,2239,3701,15,7.02
7968,C,11971,NY,2237,3963,50,4.1
7969,C,78752,TX,2234,10929,70,2.12
7970,C,84332,UT,2233,2729,50,2.5
7971,C,55315,MN,2233,2504,35,2.41
7972,C,37184,TN,2233,2918,26,5.39
7973,C,11709,NY,2231,2803,18,-0.6
7974,C,29123,SC,2231,3339,16,24.5
7975,C,33430,FL,2230,7158,13,4.78
7976,C,08501,NJ,2228,2495,18,6.79
7977,C,17347,PA,2228,2493,5,18.09
7978,C,10707,NY,2227,4186,11,10.65
7979,C,12186,NY,2227,2718,5,4.22
7980,C,37046,TN,2226,2740,93,13.29
7981,C,65010,MO,2225,3092,33,1.24
7982,C,62821,IL,2225,3547,27,1.83
7983,C,63552,MO,2225,3720,22,7.15
7984,C,98625,WA,2224,2995,35,7.64
7985,C,86351,AZ,2223,4680,82,19.42
7986,C,55404,MN,2223,14372,58,10.33
7987,C,35953,AL,2223,3381,27,19.14
7988,C,48808,MI,2222,2938,9,-0.83
7989,C,02718,MA,2221,2612,11,4.94
7990,C,31031,GA,2221,3035,9,1.3
7991,C,97232,OR,2220,9594,33,1.21
7992,C,73075,OK,2219,4409,40,-4.66
7993,C,92342,CA,2218,3118,60,9.45
7994,C,06612,CT,2218,2646,22,4.14
7995,C,17368,PA,2218,3105,21,-5.1
7996,C,78619,TX,2217,2484,53,-15.05
7997,C,40203,KY,2216,10754,60,4.38
7998,C,93301,CA,2216,6202,28,-1.09
7999,C,40023,KY,2214,2377,40,2.81
8000,C,30710,GA,2214,2930,34,-2.46
8001,C,61240,IL,2213,2561,9,0.1
8002,C,62839,IL,2211,2960,16,4.5
8003,C,46795,IN,2210,3730,24,-5.03
8004,C,54114,WI,2209,5795,52,10.41
8005,C,37210,TN,2208,9201,111,-1.48
8006,C,46767,IN,2208,3209,4,-2.15
8007,C,68333,NE,2207,3306,17,1.11
8008,C,75182,TX,2205,2722,35,-0.68
8009,C,95694,CA,2205,3701,25,-6.17
8010,C,88401,NM,2204,3759,20,0.8
8011,C,49935,MI,2203,4610,48,14.0
8012,C,56265,MN,2202,3398,58,2.29
8013,C,74020,OK,2202,3425,27,6.87
8014,C,95203,CA,2200,5858,25,4.07
8015,C,45383,OH,2200,3193,9,8.16
8016,C,78229,TX,2199,19149,128,-2.66
8017,C,48003,MI,2199,2469,16,4.16
8018,C,23702,VA,2198,5278,33,-11.5
8019,C,28206,NC,2197,7094,60,14.69
8020,C,85307,AZ,2196,4957,42,0.35
8021,C,04937,ME,2195,3041,20,24.4
8022,C,46160,IN,2193,2804,25,3.13
8023,C,93644,CA,2192,3788,61,-6.82
8024,C,30683,GA,2192,3132,34,8.55
8025,C,55734,MN,2191,3516,29,4.28
8026,C,94574,CA,2189,4112,78,34.3
8027,C,30230,GA,2189,3971,48,-1.28
8028,C,35962,AL,2189,3417,22,1.65
8029,C,27557,NC,2188,3260,70,13.29
8030,C,24416,VA,2186,4037,35,-9.82
8031,C,39823,GA,2186,3800,23,-2.53
8032,C,60064,IL,2185,5801,7,-9.44
8033,C,77486,TX,2183,3124,70,-0.81
8034,C,70390,LA,2183,3272,13,1.71
8035,C,22473,VA,2182,3904,72,3.14
8036,C,28339,NC,2181,3245,41,7.07
8037,C,38562,TN,2181,3337,25,21.86
8038,C,52310,IA,2181,2937,6,5.32
8039,C,24101,VA,2180,3095,47,1.28
8040,C,49677,MI,2180,3452,15,17.87
8041,C,74036,OK,2178,2858,17,2.28
8042,C,92352,CA,2174,7515,462,-6.42
8043,C,08230,NJ,2173,2669,29,-4.75
8044,C,13214,NY,2172,3417,10,8.84
8045,C,29544,SC,2171,3013,28,1.75
8046,C,27371,NC,2170,3900,26,27.98
8047,C,45409,OH,2169,3458,27,5.54
8048,C,29661,SC,2169,3097,26,9.35
8049,C,23075,VA,2169,3796,17,8.49
8050,C,37048,TN,2167,2545,32,-1.91
8051,C,18510,PA,2166,5824,13,4.87
8052,C,15748,PA,2165,2987,9,-7.78
8053,C,03908,ME,2165,3169,5,5.1
8054,C,88242,NM,2164,2776,8,8.86
8055,C,86333,AZ,2161,3296,31,-3.12
8056,C,55359,MN,2160,2649,30,6.7
8057,C,99835,AK,2160,4080,18,-6.5
8058,C,53533,WI,2160,3557,14,5.75
8059,C,98260,WA,2159,3296,41,0.6
8060,C,07624,NJ,2159,2723,23,11.06
8061,C,20837,MD,2159,2470,22,0.3
8062,C,51566,IA,2158,3435,38,18.84
8063,C,76442,TX,2157,3482,57,4.96
8064,C,70129,LA,2155,3727,42,24.46
8065,C,72176,AR,2152,3598,56,-0.8
8066,C,17961,PA,2150,2907,13,1.51
8067,C,52544,IA,2149,4096,52,0.51
8068,C,91978,CA,2149,3340,8,16.24
8069,C,06333,CT,2148,2894,29,7.93
8070,C,86046,AZ,2146,3572,99,-7.47
8071,C,39232,MS,2146,4204,39,18.17
8072,C,80235,CO,2146,4448,36,4.51
8073,C,15223,PA,2145,3653,9,-2.29
8074,C,06057,CT,2145,2707,8,7.29
8075,C,35594,AL,2144,3557,33,-9.02
8076,C,73446,OK,2144,3516,25,-5.26
8077,C,64112,MO,2143,6047,67,1.51
8078,C,33034,FL,2142,6631,217,-3.29
8079,C,07603,NJ,2142,3203,13,8.16
8080,C,65037,MO,2140,5426,89,0.05
8081,C,01860,MA,2140,2851,9,3.71
8082,C,98596,WA,2139,2676,38,12.09
8083,C,95832,CA,2139,3334,25,-0.62
8084,C,01226,MA,2139,3013,18,3.71
8085,C,31331,GA,2138,3915,87,32.12
8086,C,48215,MI,2138,6044,48,-8.43
8087,C,48872,MI,2138,2793,12,3.05
8088,C,28762,NC,2136,3544,33,-2.26
8089,C,04841,ME,2135,4073,41,2.41
8090,C,66025,KS,2133,2862,19,8.2
8091,C,67133,KS,2133,2543,17,2.96
8092,C,39083,MS,2133,4320,11,-19.35
8093,C,01238,MA,2132,3069,19,-1.52
8094,C,63088,MO,2132,4209,13,6.31
8095,C,21163,MD,2132,2693,12,-3.38
8096,C,02830,RI,2132,2837,11,2.43
8097,C,30288,GA,2129,2967,34,-11.98
8098,C,75603,TX,2129,2983,14,-2.1
8099,C,37681,TN,2126,2709,18,-2.59
8100,C,98010,WA,2124,2540,57,4.04
8101,C,30662,GA,2122,3701,45,-0.13
8102,C,30566,GA,2121,3827,56,5.94
8103,C,42544,KY,2120,3665,49,25.51
8104,C,28901,NC,2120,3292,31,11.93
8105,C,92276,CA,2120,3757,12,-6.72
8106,C,75941,TX,2119,3047,22,20.32
8107,C,75948,TX,2118,4722,67,6.76
8108,C,18106,PA,2118,2737,6,4.42
8109,C,31302,GA,2116,3299,68,5.65
8110,C,78606,TX,2115,3408,105,-2.61
8111,C,55731,MN,2114,4954,81,1.96
8112,C,54720,WI,2113,3979,24,0.31
8113,C,68434,NE,2113,3499,15,2.33
8114,C,60135,IL,2113,2923,13,9.95
8115,C,34269,FL,2112,3221,62,-8.19
8116,C,93924,CA,2111,3001,43,-17.27
8117,C,83340,ID,2110,5836,88,-2.99
8118,C,27882,NC,2109,3898,69,3.43
8119,C,75763,TX,2109,2958,42,10.11
8120,C,78124,TX,2108,2674,103,14.56
8121,C,65622,MO,2108,3517,36,8.29
8122,C,46120,IN,2108,3045,15,5.0
8123,C,90304,CA,2108,7673,12,18.75
8124,C,81631,CO,2107,3137,93,10.81
8125,C,18074,PA,2107,2231,5,8.18
8126,C,06016,CT,2106,3078,10,4.91
8127,C,75235,TX,2104,9983,53,-10.97
8128,C,08886,NJ,2104,2250,12,12.24
8129,C,97537,OR,2103,3107,57,-0.5
8130,C,49285,MI,2103,2686,14,1.97
8131,C,53954,WI,2102,2898,10,10.46
8132,C,53955,WI,2101,2805,23,7.67
8133,C,43205,OH,2100,7303,71,3.32
8134,C,60173,IL,2100,6901,19,-8.6
8135,C,64137,MO,2099,4879,27,2.92
8136,C,21776,MD,2097,2378,22,7.62
8137,C,07033,NJ,2097,3058,14,-0.79
8138,C,27983,NC,2097,4061,9,8.51
8139,C,83801,ID,2095,2738,48,1.34
8140,C,78756,TX,2095,4943,28,-0.23
8141,C,62278,IL,2095,2763,13,11.7
8142,C,76043,TX,2094,2945,48,0.19
8143,C,36604,AL,2093,5032,49,-0.36
8144,C,54548,WI,2093,5096,44,12.53
8145,C,03254,NH,2093,5130,34,3.23
8146,C,47102,IN,2093,3245,10,7.63
8147,C,47567,IN,2092,2750,9,19.37
8148,C,36580,AL,2091,2932,35,7.21
8149,C,35031,AL,2091,3305,20,-5.71
8150,C,98815,WA,2089,3007,32,6.41
8151,C,72774,AR,2088,2882,33,1.5
8152,C,59847,MT,2087,2781,27,2.26
8153,C,26753,WV,2087,2689,5,7.87
8154,C,64156,MO,2086,3015,66,6.58
8155,C,01364,MA,2086,3435,16,13.77
8156,C,07432,NJ,2086,3112,7,5.03
8157,C,02568,MA,2085,5432,48,16.63
8158,C,48412,MI,2085,2335,14,1.45
8159,C,92397,CA,2083,3155,68,1.06
8160,C,82201,WY,2083,3539,32,3.73
8161,C,45879,OH,2083,3047,9,4.66
8162,C,80118,CO,2082,2273,52,1.4
8163,C,70710,LA,2082,2922,17,21.13
8164,C,85643,AZ,2081,3965,23,-4.43
8165,C,64058,MO,2080,2780,13,3.01
8166,C,37885,TN,2079,2971,64,4.11
8167,C,03894,NH,2079,4347,57,-1.36
8168,C,76201,TX,2079,13087,47,0.67
8169,C,43162,OH,2079,2736,11,2.6
8170,C,07422,NJ,2078,2528,36,4.14
8171,C,15330,PA,2078,2520,19,10.31
8172,C,56482,MN,2076,3387,25,-0.76
8173,C,76011,TX,2075,11991,57,7.62
8174,C,62951,IL,2075,2705,11,-4.92
8175,C,62549,IL,2075,2554,8,10.12
8176,C,30184,GA,2074,2666,31,8.75
8177,C,53119,WI,2073,2440,13,3.68
8178,C,19611,PA,2073,4555,8,8.81
8179,C,57064,SD,2070,2652,62,0.84
8180,C,23970,VA,2070,3987,25,-0.99
8181,C,32008,FL,2070,3397,23,0.82
8182,C,76050,TX,2070,2711,22,-2.33
8183,C,21853,MD,2067,4962,30,3.92
8184,C,28129,NC,2067,2565,22,-2.35
8185,C,14706,NY,2067,2828,13,20.72
8186,C,80530,CO,2064,2315,37,-1.88
8187,C,73049,OK,2063,2698,51,9.19
8188,C,95065,CA,2063,3090,14,-0.83
8189,C,75236,TX,2061,7439,27,7.19
8190,C,07850,NJ,2059,2722,6,0.09
8191,C,46936,IN,2058,2522,11,7.25
8192,C,46777,IN,2058,2794,6,3.47
8193,C,52537,IA,2057,2778,22,28.23
8194,C,72031,AR,2056,3755,27,8.16
8195,C,89169,NV,2053,14070,128,9.1
8196,C,64683,MO,2053,3836,16,-4.01
8197,C,28479,NC,2052,2737,66,26.51
8198,C,77859,TX,2051,3361,32,17.37
8199,C,80461,CO,2050,3762,76,4.63
8200,C,71052,LA,2050,4579,14,-10.53
8201,C,11942,NY,2049,3471,48,-2.47
8202,C,98948,WA,2049,3620,9,-7.98
8203,C,32112,FL,2048,3866,33,33.12
8204,C,56334,MN,2046,3327,30,-0.87
8205,C,46748,IN,2044,2521,39,7.6
8206,C,27350,NC,2044,2713,7,-0.13
8207,C,13733,NY,2043,2637,10,1.71
8208,C,12077,NY,2042,2742,5,12.03
8209,C,37036,TN,2040,2521,35,-10.15
8210,C,97394,OR,2039,3686,70,12.92
8211,C,01524,MA,2037,2448,10,3.21
8212,C,29511,SC,2036,2596,34,5.28
8213,C,54002,WI,2035,2636,18,7.5
8214,C,49021,MI,2035,2547,17,-1.96
8215,C,57730,SD,2033,3328,37,9.72
8216,C,87547,NM,2032,2304,17,-7.76
8217,C,76520,TX,2028,3247,47,32.01
8218,C,21851,MD,2028,3547,36,9.88
8219,C,11507,NY,2028,2432,22,-1.13
8220,C,49802,MI,2028,2768,7,6.39
8221,C,33031,FL,2027,2346,56,0.27
8222,C,56283,MN,2026,3089,28,13.56
8223,C,97423,OR,2022,2835,39,-2.27
8224,C,95388,CA,2022,3957,12,6.11
8225,C,84701,UT,2020,3345,39,3.82
8226,C,10927,NY,2020,4180,18,15.45
8227,C,62243,IL,2020,2537,9,12.84
8228,C,65065,MO,2018,8164,266,4.64
8229,C,04274,ME,2016,2794,12,4.5
8230,C,94041,CA,2016,7383,11,-2.25
8231,C,32465,FL,2015,3434,32,-8.09
8232,C,35670,AL,2015,3239,15,2.96
8233,C,76023,TX,2014,2614,47,-0.02
8234,C,64501,MO,2014,5598,35,-14.4
8235,C,74146,OK,2013,6138,12,-2.06
8236,C,02874,RI,2012,2565,17,8.97
8237,C,83638,ID,2011,7004,143,7.09
8238,C,80808,CO,2011,2631,76,2.3
8239,C,66749,KS,2008,3532,40,7.91
8240,C,12983,NY,2007,4664,27,9.79
8241,C,28090,NC,2005,3413,23,-3.35
8242,C,97392,OR,2005,2480,21,7.68
8243,C,19070,PA,2002,2707,14,10.04
8244,C,30292,GA,2001,2489,51,2.02
8245,C,20637,MD,2001,2208,26,1.06
8246,C,84049,UT,1997,3331,103,0.48
8247,C,65653,MO,1996,2894,43,29.75
8248,C,11560,NY,1994,2534,29,21.98
8249,C,98816,WA,1993,5398,151,-1.68
8250,C,60155,IL,1993,3231,4,5.04
8251,C,48450,MI,1992,4113,68,2.9
8252,C,20115,VA,1992,3134,35,12.93
8253,C,99141,WA,1991,3015,51,10.2
8254,C,15224,PA,1990,6380,38,-3.79
8255,C,07068,NJ,1989,2470,14,6.87
8256,C,02633,MA,1988,5425,49,7.78
8257,C,55373,MN,1988,2345,25,9.2
8258,C,34251,FL,1987,2323,25,-7.55
8259,C,17578,PA,1987,2632,4,15.55
8260,C,83455,ID,1986,3139,105,2.17
8261,C,48095,MI,1986,2086,32,8.46
8262,C,90056,CA,1985,3704,24,-1.58
8263,C,53508,WI,1985,2421,13,8.31
8264,C,37329,TN,1984,2650,32,11.7
8265,C,06791,CT,1983,2326,9,13.7
8266,C,81635,CO,1982,3066,62,3.18
8267,C,72855,AR,1982,2840,48,-0.71
8268,C,07764,NJ,1982,3030,26,11.62
8269,C,49451,MI,1982,2433,6,1.98
8270,C,02468,MA,1978,2038,18,-0.08
8271,C,43440,OH,1977,6605,77,23.67
8272,C,22664,VA,1977,4061,34,6.53
8273,C,33158,FL,1976,2236,36,0.03
8274,C,63147,MO,1976,4542,35,-17.95
8275,C,59828,MT,1976,2513,33,3.08
8276,C,87047,NM,1974,2392,36,2.82
8277,C,30173,GA,1974,2952,27,0.09
8278,C,13211,NY,1974,2624,5,1.18
8279,C,95005,CA,1973,2892,13,4.25
8280,C,21087,MD,1973,2250,9,5.01
8281,C,02461,MA,1972,2785,15,-11.6
8282,C,35614,AL,1971,3129,30,5.2
8283,C,07501,NJ,1971,13119,18,13.01
8284,C,79121,TX,1970,2953,27,3.86
8285,C,53177,WI,1970,2566,9,2.95
8286,C,62233,IL,1967,2946,16,-1.91
8287,C,06241,CT,1967,2841,11,11.13
8288,C,45345,OH,1967,2575,8,8.04
8289,C,27316,NC,1967,3101,6,2.73
8290,C,27510,NC,1964,7671,29,1.77
8291,C,44117,OH,1963,5320,16,14.14
8292,C,71334,LA,1962,4020,30,27.62
8293,C,30183,GA,1961,2731,108,7.12
8294,C,96088,CA,1961,2775,37,-2.96
8295,C,49779,MI,1961,2726,7,-15.25
8296,C,74108,OK,1959,3159,6,12.86
8297,C,75114,TX,1957,2416,141,-2.58
8298,C,07643,NJ,1957,4672,16,2.09
8299,C,36266,AL,1955,3399,20,16.14
8300,C,65079,MO,1954,6537,176,10.02
8301,C,49346,MI,1954,3179,56,3.55
8302,C,51537,IA,1954,2893,16,5.58
8303,C,06331,CT,1952,2311,6,4.16
8304,C,24441,VA,1951,2719,12,4.95
8305,C,12962,NY,1951,2412,11,10.61
8306,C,13142,NY,1950,3465,24,6.89
8307,C,03755,NH,1950,3612,22,6.48
8308,C,61252,IL,1950,2772,12,1.61
8309,C,49631,MI,1949,3704,27,3.74
8310,C,49649,MI,1947,2639,32,7.8
8311,C,45229,OH,1946,7813,31,0.19
8312,C,95327,CA,1946,3283,21,12.02
8313,C,36083,AL,1945,4598,12,32.18
8314,C,37020,TN,1944,2130,39,9.01
8315,C,33785,FL,1943,5863,164,-6.86
8316,C,06472,CT,1943,2337,3,15.26
8317,C,65610,MO,1941,2229,21,-2.43
8318,C,22939,VA,1941,2971,15,7.09
8319,C,19940,DE,1941,2711,14,4.33
8320,C,26525,WV,1941,2521,10,-10.32
8321,C,20759,MD,1940,2031,12,1.41
8322,C,52233,IA,1940,3123,12,4.93
8323,C,49420,MI,1939,2862,22,-1.1
8324,C,64062,MO,1939,2518,12,5.41
8325,C,48880,MI,1937,2722,9,-0.22
8326,C,64124,MO,1936,4914,26,17.84
8327,C,75166,TX,1933,2186,109,0.85
8328,C,97146,OR,1933,3449,45,-3.2
8329,C,34947,FL,1932,4691,88,-2.93
8330,C,25438,WV,1931,3025,91,12.67
8331,C,63357,MO,1930,2405,13,4.26
8332,C,33070,FL,1928,4366,108,0.04
8333,C,86324,AZ,1928,2593,40,13.65
8334,C,45381,OH,1927,2430,4,2.41
8335,C,70462,LA,1926,3042,52,42.32
8336,C,80422,CO,1925,2797,64,-1.26
8337,C,45817,OH,1924,2479,5,3.91
8338,C,03222,NH,1923,4071,17,5.53
8339,C,17921,PA,1922,2980,25,26.16
8340,C,48034,MI,1922,8634,16,9.72
8341,C,46711,IN,1919,2588,9,38.01
8342,C,56572,MN,1918,4191,46,7.62
8343,C,64037,MO,1918,3060,17,1.42
8344,C,43344,OH,1918,2684,11,16.08
8345,C,16841,PA,1917,2773,12,12.28
8346,C,01756,MA,1916,2226,7,-0.17
8347,C,12043,NY,1915,3292,11,23.42
8348,C,86325,AZ,1914,2914,46,-3.26
8349,C,06441,CT,1914,2199,8,4.81
8350,C,97467,OR,1913,2816,29,-0.97
8351,C,55808,MN,1913,2786,14,5.64
8352,C,77547,TX,1912,2928,23,12.79
8353,C,07657,NJ,1910,4192,10,12.31
8354,C,37380,TN,1909,2906,33,-5.08
8355,C,17103,PA,1909,5345,27,20.65
8356,C,46996,IN,1909,3053,25,12.6
8357,C,11952,NY,1908,2773,28,9.31
8358,C,63089,MO,1907,2354,5,20.16
8359,C,81144,CO,1905,2979,24,3.3
8360,C,76691,TX,1904,2573,25,8.6
8361,C,50047,IA,1904,2411,16,-2.98
8362,C,70374,LA,1903,2724,18,4.4
8363,C,49343,MI,1902,2528,4,1.97
8364,C,12570,NY,1901,2252,17,0.56
8365,C,24319,VA,1900,3100,13,-2.91
8366,C,92210,CA,1899,5025,93,31.71
8367,C,35117,AL,1898,2399,27,4.1
8368,C,30530,GA,1897,2964,32,-4.19
8369,C,46124,IN,1895,3118,9,1.11
8370,C,95222,CA,1893,2888,34,-5.65
8371,C,46765,IN,1893,2070,17,9.25
8372,C,53578,WI,1892,2779,20,9.56
8373,C,23487,VA,1891,2751,25,9.01
8374,C,49045,MI,1891,2855,15,6.09
8375,C,06807,CT,1889,2881,12,-5.04
8376,C,06359,CT,1889,2272,6,15.12
8377,C,46121,IN,1888,2281,28,-2.24
8378,C,01740,MA,1888,2083,11,0.5
8379,C,19032,PA,1885,2866,12,-1.54
8380,C,78026,TX,1884,2926,44,20.04
8381,C,29470,SC,1881,2370,55,-11.75
8382,C,44502,OH,1880,4354,21,13.03
8383,C,08533,NJ,1880,2625,18,4.59
8384,C,64759,MO,1879,3387,33,-8.0
8385,C,68142,NE,1879,2111,18,26.04
8386,C,81252,CO,1878,3886,207,-12.85
8387,C,98403,WA,1878,4863,21,6.77
8388,C,85012,AZ,1877,5269,50,2.94
8389,C,12025,NY,1877,3211,14,-8.31
8390,C,72081,AR,1877,2941,13,10.28
8391,C,98675,WA,1876,2292,23,7.5
8392,C,40162,KY,1876,2121,14,3.84
8393,C,53583,WI,1875,2525,14,3.2
8394,C,73538,OK,1874,2496,46,2.61
8395,C,39581,MS,1874,5411,24,-6.2
8396,C,21104,MD,1872,1985,15,12.39
8397,C,05491,VT,1865,2900,22,1.69
8398,C,95672,CA,1864,2064,29,1.68
8399,C,70431,LA,1864,2124,25,6.11
8400,C,55319,MN,1863,2144,39,-0.74
8401,C,04055,ME,1863,3455,35,4.76
8402,C,50314,IA,1863,4780,34,-1.12
8403,C,96704,HI,1862,3367,53,3.23
8404,C,65084,MO,1862,3006,20,28.23
8405,C,45171,OH,1860,2819,35,29.15
8406,C,08344,NJ,1860,2362,18,-6.54
8407,C,14590,NY,1859,3383,19,5.56
8408,C,27011,NC,1858,2589,18,8.92
8409,C,55071,MN,1858,2454,6,6.76
8410,C,85054,AZ,1857,6271,58,22.85
8411,C,08551,NJ,1857,2196,12,0.79
8412,C,41073,KY,1856,2915,30,6.67
8413,C,17922,PA,1856,2248,17,13.62
8414,C,12563,NY,1855,2276,23,3.2
8415,C,77864,TX,1854,3361,31,-0.03
8416,C,55388,MN,1854,2386,27,5.2
8417,C,50461,IA,1854,2564,12,6.13
8418,C,57033,SD,1854,2326,12,1.27
8419,C,40360,KY,1853,3255,27,-7.04
8420,C,12822,NY,1853,3246,22,11.0
8421,C,49756,MI,1852,4531,46,15.07
8422,C,03873,NH,1852,2293,21,2.36
8423,C,29479,SC,1851,2804,21,15.85
8424,C,32735,FL,1850,2457,19,9.44
8425,C,49028,MI,1849,2858,10,7.18
8426,C,87035,NM,1849,2884,7,-18.64
8427,C,72732,AR,1848,2834,44,8.33
8428,C,56101,MN,1848,2811,30,13.33
8429,C,64040,MO,1847,2621,28,6.17
8430,C,83544,ID,1847,2864,21,11.34
8431,C,12721,NY,1846,2876,34,4.76
8432,C,08084,NJ,1846,2574,9,-0.38
8433,C,34217,FL,1845,5940,224,27.24
8434,C,12498,NY,1845,2926,38,0.1
8435,C,95134,CA,1845,14688,7,-2.47
8436,C,04071,ME,1844,4004,34,4.15
8437,C,28124,NC,1844,2452,19,8.04
8438,C,10607,NY,1844,2291,14,4.4
8439,C,58854,ND,1842,4941,34,14.91
8440,C,02770,MA,1841,2135,17,4.28
8441,C,75640,TX,1840,2343,30,-1.46
8442,C,16833,PA,1840,2494,6,-3.07
8443,C,54201,WI,1839,2603,19,11.57
8444,C,41016,KY,1838,2958,21,6.99
8445,C,53130,WI,1837,3279,10,6.36
8446,C,61610,IL,1837,2550,8,7.53
8447,C,52340,IA,1834,2400,58,2.52
8448,C,81652,CO,1833,2223,36,1.91
8449,C,16915,PA,1832,3532,22,-0.07
8450,C,99109,WA,1830,2610,43,-12.5
8451,C,13309,NY,1829,2804,22,18.51
8452,C,32668,FL,1828,2440,20,-2.84
8453,C,51041,IA,1827,2565,31,4.68
8454,C,81621,CO,1826,3145,94,39.64
8455,C,48847,MI,1826,2490,12,13.6
8456,C,65686,MO,1825,3633,151,-1.39
8457,C,35212,AL,1825,5537,45,-1.98
8458,C,29451,SC,1823,4581,96,21.06
8459,C,55992,MN,1823,2365,22,-0.89
8460,C,89301,NV,1823,2959,22,3.39
8461,C,43072,OH,1821,2511,11,8.65
8462,C,08510,NJ,1819,1891,14,6.27
8463,C,39204,MS,1818,7613,82,20.16
8464,C,06105,CT,1818,11705,18,0.24
8465,C,39145,MS,1818,2457,14,-1.71
8466,C,19095,PA,1818,3841,12,9.17
8467,C,45387,OH,1818,2707,10,4.79
8468,C,29824,SC,1817,3079,26,1.53
8469,C,83445,ID,1817,2549,22,10.22
8470,C,11786,NY,1815,1951,13,5.35
8471,C,80116,CO,1814,1973,43,-4.04
8472,C,08559,NJ,1814,2198,17,10.96
8473,C,72529,AR,1813,3092,110,12.43
8474,C,03458,NH,1813,3610,37,9.55
8475,C,24066,VA,1813,2644,14,2.39
8476,C,83530,ID,1812,3001,28,-4.87
8477,C,56364,MN,1812,2301,10,18.06
8478,C,05672,VT,1811,4062,114,15.56
8479,C,51012,IA,1811,2889,27,7.67
8480,C,78002,TX,1810,2634,29,-7.35
8481,C,80514,CO,1810,2315,23,-1.7
8482,C,38756,MS,1810,3130,17,7.57
8483,C,90040,CA,1810,3376,5,19.83
8484,C,95665,CA,1809,2294,28,7.11
8485,C,61025,IL,1808,2216,13,4.48
8486,C,45865,OH,1808,2298,4,5.14
8487,C,80216,CO,1807,6924,47,-0.9
8488,C,79364,TX,1807,2949,26,-3.52
8489,C,07401,NJ,1805,2505,6,10.36
8490,C,38680,MS,1802,2949,25,4.64
8491,C,48726,MI,1802,2467,15,6.24
8492,C,35672,AL,1802,2675,14,2.15
8493,C,54110,WI,1800,2328,16,1.6
8494,C,71251,LA,1800,3681,9,6.9
8495,C,02825,RI,1800,2027,7,-0.17
8496,C,62684,IL,1800,1981,4,2.85
8497,C,21152,MD,1798,2542,20,0.91
8498,C,23936,VA,1798,2656,12,1.25
8499,C,97403,OR,1797,5146,26,4.99
8500,C,75125,TX,1796,2341,38,2.89
8501,C,70760,LA,1796,3383,15,-0.86
8502,C,08867,NJ,1796,2021,11,9.19
8503,C,75147,TX,1794,3302,80,4.58
8504,C,81413,CO,1794,3047,66,2.91
8505,C,42567,KY,1794,2772,17,6.48
8506,C,42437,KY,1794,3108,13,22.84
8507,C,43316,OH,1793,2712,6,2.22
8508,C,19602,PA,1792,7907,38,21.38
8509,C,18011,PA,1792,2185,4,4.16
8510,C,28478,NC,1791,2317,8,16.19
8511,C,80102,CO,1790,2098,70,3.11
8512,C,17579,PA,1790,2213,7,8.31
8513,C,49099,MI,1786,2719,11,-5.86
8514,C,65041,MO,1784,2961,22,-1.3
8515,C,52753,IA,1781,2489,27,4.65
8516,C,35739,AL,1781,2388,24,5.6
8517,C,23124,VA,1780,1892,60,5.08
8518,C,43331,OH,1780,3578,35,9.94
8519,C,49247,MI,1780,2457,12,7.1
8520,C,13159,NY,1780,2273,6,6.88
8521,C,29148,SC,1778,3726,37,8.52
8522,C,21111,MD,1778,1902,8,6.24
8523,C,47124,IN,1777,1930,17,9.07
8524,C,98844,WA,1776,3017,66,-3.91
8525,C,31811,GA,1776,2297,28,3.81
8526,C,30021,GA,1775,8416,29,3.27
8527,C,11024,NY,1775,2454,25,-10.41
8528,C,45220,OH,1775,7400,24,2.09
8529,C,10923,NY,1775,2909,15,15.49
8530,C,60957,IL,1775,2627,13,3.46
8531,C,52136,IA,1775,2611,8,3.28
8532,C,06237,CT,1775,2218,4,1.82
8533,C,32352,FL,1774,2756,8,4.4
8534,C,42717,KY,1772,3415,62,-3.58
8535,C,66018,KS,1772,2497,29,-0.52
8536,C,64108,MO,1770,6141,51,-5.38
8537,C,08809,NJ,1770,2353,11,5.36
8538,C,15626,PA,1769,2676,8,4.79
8539,C,59741,MT,1768,2330,34,-13.29
8540,C,30002,GA,1767,3197,14,-2.81
8541,C,48730,MI,1766,3536,31,17.55
8542,C,93445,CA,1764,3285,13,-8.05
8543,C,50129,IA,1763,2619,39,1.44
8544,C,19946,DE,1762,2307,19,6.14
8545,C,47040,IN,1761,2401,6,-5.91
8546,C,86335,AZ,1760,2767,22,6.48
8547,C,66211,KS,1760,2963,19,17.43
8548,C,28651,NC,1760,2690,14,-3.03
8549,C,22520,VA,1757,2996,69,-2.08
8550,C,46181,IN,1757,1959,17,3.73
8551,C,07041,NJ,1756,2843,16,10.58
8552,C,12446,NY,1755,2775,40,0.95
8553,C,17007,PA,1755,2238,8,6.46
8554,C,28789,NC,1754,4057,60,7.29
8555,C,14131,NY,1754,2198,10,-9.02
8556,C,22840,VA,1751,3642,26,19.86
8557,C,56544,MN,1750,2735,21,7.44
8558,C,51632,IA,1749,2818,28,-8.52
8559,C,03461,NH,1749,2388,22,5.47
8560,C,43526,OH,1749,2234,7,-3.65
8561,C,56288,MN,1748,2773,36,4.92
8562,C,72933,AR,1747,2555,21,-0.11
8563,C,21619,MD,1746,3002,66,-5.63
8564,C,54555,WI,1746,3553,32,1.13
8565,C,30113,GA,1746,2536,24,10.99
8566,C,67432,KS,1746,2741,19,-0.09
8567,C,23824,VA,1745,3267,25,23.11
8568,C,63023,MO,1745,2108,7,20.17
8569,C,17307,PA,1745,2450,6,-7.32
8570,C,42206,KY,1744,2305,21,3.18
8571,C,45402,OH,1742,6484,57,2.13
8572,C,45315,OH,1741,2125,12,4.54
8573,C,55719,MN,1740,2568,13,2.63
8574,C,65548,MO,1739,2779,28,24.69
8575,C,24368,VA,1738,2275,13,10.68
8576,C,08514,NJ,1737,2156,16,-0.16
8577,C,08730,NJ,1736,2093,11,10.44
8578,C,42347,KY,1735,2493,12,15.28
8579,C,26537,WV,1735,2717,8,13.92
8580,C,20634,MD,1734,2872,22,18.93
8581,C,26150,WV,1734,2720,3,-0.27
8582,C,37032,TN,1733,2259,21,-5.54
8583,C,50548,IA,1732,2556,38,1.66
8584,C,11980,NY,1732,2467,13,8.45
8585,C,83655,ID,1731,2106,18,0.82
8586,C,48471,MI,1730,2556,13,-3.09
8587,C,80435,CO,1729,7778,323,-5.29
8588,C,49920,MI,1729,3236,26,8.66
8589,C,38483,TN,1728,2589,48,-4.69
8590,C,79363,TX,1728,2233,25,2.3
8591,C,48137,MI,1728,2451,11,9.51
8592,C,04239,ME,1728,2171,9,9.13
8593,C,16827,PA,1728,2400,8,-2.56
8594,C,79339,TX,1727,3081,21,7.52
8595,C,46803,IN,1727,4634,13,-5.85
8596,C,28163,NC,1726,2138,20,0.86
8597,C,77565,TX,1725,3304,72,9.66
8598,C,70591,LA,1725,2247,15,-1.01
8599,C,10595,NY,1725,2543,4,3.77
8600,C,80106,CO,1724,1927,29,5.05
8601,C,35042,AL,1724,2735,17,-3.5
8602,C,94572,CA,1723,3156,9,-12.83
8603,C,54552,WI,1722,3602,31,14.89
8604,C,06043,CT,1722,2009,13,1.97
8605,C,49615,MI,1720,3575,77,-1.99
8606,C,95322,CA,1720,3785,11,6.0
8607,C,63334,MO,1719,2719,13,16.2
8608,C,28391,NC,1718,2414,13,15.24
8609,C,81657,CO,1717,7343,278,0.23
8610,C,50436,IA,1717,2534,33,-2.66
8611,C,19543,PA,1717,2075,5,5.93
8612,C,40380,KY,1716,2850,47,3.49
8613,C,84648,UT,1716,2358,38,0.0
8614,C,28305,NC,1713,3497,55,0.7
8615,C,46802,IN,1713,5831,38,1.78
8616,C,27807,NC,1712,2436,49,5.29
8617,C,45380,OH,1712,2280,8,-4.98
8618,C,49098,MI,1711,3032,15,12.17
8619,C,66901,KS,1710,2998,45,6.49
8620,C,75491,TX,1710,2353,41,11.24
8621,C,04473,ME,1709,3759,15,-1.35
8622,C,79323,TX,1709,2675,13,14.2
8623,C,93648,CA,1708,4066,8,4.69
8624,C,28356,NC,1707,2566,25,30.47
8625,C,43143,OH,1707,2378,12,2.78
8626,C,40143,KY,1706,2885,23,29.87
8627,C,95139,CA,1706,2190,9,-1.59
8628,C,37010,TN,1705,1897,25,11.39
8629,C,17931,PA,1704,2447,15,15.03
8630,C,81226,CO,1703,2620,62,-4.4
8631,C,80814,CO,1703,2435,58,-6.48
8632,C,47356,IN,1703,2369,7,13.07
8633,C,30559,GA,1702,3058,158,11.34
8634,C,32189,FL,1701,3619,22,16.45
8635,C,47635,IN,1701,2625,16,-8.25
8636,C,65793,MO,1700,2682,31,-7.75
8637,C,60468,IL,1700,2329,15,10.06
8638,C,10553,NY,1700,3801,8,1.45
8639,C,31415,GA,1699,5591,44,2.64
8640,C,21643,MD,1699,2323,15,-0.02
8641,C,51105,IA,1699,4197,10,0.23
8642,C,36278,AL,1698,3277,80,13.46
8643,C,48763,MI,1697,3007,20,-2.86
8644,C,56310,MN,1697,2203,16,2.28
8645,C,95446,CA,1696,3189,38,4.33
8646,C,04843,ME,1696,3276,31,-8.95
8647,C,10576,NY,1696,1974,24,0.77
8648,C,58047,ND,1695,1815,132,-3.09
8649,C,32732,FL,1695,2095,19,0.07
8650,C,24134,VA,1695,2627,13,9.74
8651,C,57022,SD,1695,2130,7,-1.87
8652,C,72476,AR,1694,3306,30,10.05
8653,C,30220,GA,1694,2168,24,7.78
8654,C,78962,TX,1693,2628,14,-1.12
8655,C,55972,MN,1693,2134,8,2.76
8656,C,37705,TN,1692,2449,21,13.56
8657,C,37336,TN,1691,2005,22,3.0
8658,C,23437,VA,1691,2126,17,4.62
8659,C,47462,IN,1691,1964,14,5.38
8660,C,98855,WA,1690,3120,52,5.43
8661,C,14787,NY,1690,2669,10,26.5
8662,C,12946,NY,1688,3923,90,18.25
8663,C,04358,ME,1688,2461,21,11.59
8664,C,77514,TX,1687,2585,34,11.37
8665,C,02466,MA,1687,3284,11,6.15
8666,C,23030,VA,1685,2225,7,18.47
8667,C,81435,CO,1684,5033,179,-7.44
8668,C,22727,VA,1684,2509,13,5.6
8669,C,23230,VA,1683,5066,21,1.38
8670,C,70343,LA,1683,2053,14,-5.79
8671,C,15909,PA,1682,2422,6,8.24
8672,C,60408,IL,1681,2162,7,2.17
8673,C,60954,IL,1680,2395,12,3.48
8674,C,74352,OK,1680,2791,12,10.89
8675,C,59864,MT,1679,2818,34,5.89
8676,C,16933,PA,1679,3131,14,-19.35
8677,C,36352,AL,1678,2370,30,9.45
8678,C,08068,NJ,1678,2888,15,-5.47
8679,C,28741,NC,1677,6089,183,20.7
8680,C,35116,AL,1675,2052,27,9.97
8681,C,42029,KY,1675,2923,10,4.72
8682,C,98024,WA,1673,2083,29,-7.36
8683,C,04989,ME,1673,2296,13,12.54
8684,C,72923,AR,1672,2608,21,21.13
8685,C,92861,CA,1672,1952,9,8.88
8686,C,55963,MN,1671,2218,24,9.38
8687,C,73150,OK,1671,2168,14,26.87
8688,C,62681,IL,1671,2505,10,14.45
8689,C,19074,PA,1671,2513,6,2.41
8690,C,73052,OK,1669,2789,13,13.72
8691,C,47320,IN,1669,2176,11,-1.27
8692,C,66616,KS,1669,2714,5,16.13
8693,C,31305,GA,1667,2715,44,8.62
8694,C,10457,NY,1667,27795,14,-2.5
8695,C,66064,KS,1666,2328,24,5.45
8696,C,90290,CA,1665,2678,72,-5.39
8697,C,02738,MA,1664,2468,28,4.77
8698,C,97352,OR,1664,2144,16,-0.52
8699,C,30901,GA,1662,8848,55,-11.87
8700,C,36744,AL,1662,3256,13,-8.5
8701,C,22560,VA,1661,3310,33,-0.45
8702,C,72416,AR,1660,2405,23,8.09
8703,C,60163,IL,1660,2039,6,-11.08
8704,C,74073,OK,1659,2258,14,10.52
8705,C,14837,NY,1659,2983,13,25.93
8706,C,30582,GA,1658,2936,113,10.44
8707,C,33956,FL,1658,3600,89,-10.16
8708,C,32565,FL,1658,2554,39,6.63
8709,C,47330,IN,1658,2240,20,-0.52
8710,C,54667,WI,1658,2085,9,1.3
8711,C,45764,OH,1657,3525,15,22.63
8712,C,72631,AR,1655,2892,80,0.74
8713,C,68131,NE,1655,7861,42,1.51
8714,C,49236,MI,1655,2042,8,6.34
8715,C,37616,TN,1654,2547,14,2.87
8716,C,38858,MS,1652,3048,5,-2.76
8717,C,22503,VA,1651,2811,36,7.14
8718,C,05450,VT,1650,2402,20,14.0
8719,C,85552,AZ,1650,2270,16,8.26
8720,C,93460,CA,1649,2724,54,9.65
8721,C,75124,TX,1649,2371,28,1.43
8722,C,37353,TN,1648,2081,15,1.4
8723,C,53070,WI,1648,2211,6,2.22
8724,C,78256,TX,1646,6592,44,8.28
8725,C,81137,CO,1646,2562,27,0.03
8726,C,01451,MA,1644,1939,23,4.27
8727,C,54024,WI,1642,2641,26,-4.03
8728,C,12518,NY,1642,2474,19,6.65
8729,C,75109,TX,1640,2210,36,-1.83
8730,C,13778,NY,1639,2702,14,-9.12
8731,C,08525,NJ,1638,2024,11,0.68
8732,C,33043,FL,1636,3003,76,1.09
8733,C,01240,MA,1635,3029,27,7.74
8734,C,70744,LA,1633,1996,8,12.56
8735,C,14514,NY,1633,2715,6,12.26
8736,C,38849,MS,1632,2245,21,3.94
8737,C,08049,NJ,1632,2289,16,3.17
8738,C,27235,NC,1631,2095,29,-2.68
8739,C,59917,MT,1630,2462,83,13.45
8740,C,32145,FL,1630,2482,23,8.92
8741,C,19567,PA,1630,2151,4,2.9
8742,C,64730,MO,1629,2986,20,5.98
8743,C,07416,NJ,1629,2837,13,5.88
8744,C,48218,MI,1628,3466,30,-9.05
8745,C,43938,OH,1628,2588,14,3.93
8746,C,01151,MA,1628,3959,7,0.46
8747,C,37752,TN,1627,2772,46,-8.83
8748,C,28371,NC,1627,2566,37,0.0
8749,C,08029,NJ,1627,2217,5,5.68
8750,C,85003,AZ,1625,6117,46,4.97
8751,C,98257,WA,1625,2385,29,-4.56
8752,C,01741,MA,1624,1787,17,3.09
8753,C,24651,VA,1624,2889,17,-5.0
8754,C,68528,NE,1624,2899,13,4.41
8755,C,47918,IN,1623,2546,16,25.86
8756,C,30558,GA,1621,2220,42,3.45
8757,C,67665,KS,1621,2510,29,9.88
8758,C,15232,PA,1620,6740,36,4.08
8759,C,68661,NE,1620,2439,8,10.93
8760,C,72632,AR,1619,2840,93,2.51
8761,C,78722,TX,1619,3278,29,0.06
8762,C,71467,LA,1619,2249,4,6.36
8763,C,90015,CA,1618,14635,97,11.41
8764,C,48656,MI,1618,3784,42,0.89
8765,C,29689,SC,1618,2652,29,5.27
8766,C,92356,CA,1617,3053,39,-5.6
8767,C,07632,NJ,1617,2029,24,-0.79
8768,C,42765,KY,1617,2688,19,4.65
8769,C,56387,MN,1616,3460,16,-0.19
8770,C,49709,MI,1615,3763,49,12.17
8771,C,40437,KY,1615,2043,16,2.43
8772,C,28555,NC,1613,2619,32,7.56
8773,C,95386,CA,1613,3179,13,9.05
8774,C,83330,ID,1612,2551,16,0.56
8775,C,28642,NC,1610,2653,23,-5.22
8776,C,16214,PA,1606,4113,12,3.58
8777,C,03452,NH,1605,2487,19,1.67
8778,C,49330,MI,1604,2055,6,0.88
8779,C,26378,WV,1604,2102,4,10.93
8780,C,55425,MN,1603,4671,17,-4.65
8781,C,64153,MO,1602,3088,25,1.95
8782,C,55069,MN,1602,2266,17,6.14
8783,C,45810,OH,1602,2811,14,10.3
8784,C,48463,MI,1602,1902,5,7.63
8785,C,85933,AZ,1598,5099,145,1.13
8786,C,52314,IA,1598,1949,27,-10.4
8787,C,54730,WI,1598,2364,8,4.52
8788,C,08825,NJ,1596,2139,13,0.88
8789,C,95722,CA,1595,1936,27,1.19
8790,C,43845,OH,1594,2141,5,0.3
8791,C,97374,OR,1593,2005,18,-1.67
8792,C,48418,MI,1593,1838,11,3.68
8793,C,80829,CO,1592,2920,51,0.23
8794,C,22842,VA,1592,3197,26,4.14
8795,C,28634,NC,1592,2333,10,8.86
8796,C,32130,FL,1590,2082,17,6.05
8797,C,92548,CA,1590,2350,7,11.3
8798,C,04222,ME,1590,1712,4,6.92
8799,C,92315,CA,1589,9861,439,-1.39
8800,C,80246,CO,1589,8148,36,-5.2
8801,C,42629,KY,1588,3286,70,-5.05
8802,C,26847,WV,1587,2812,12,15.1
8803,C,79536,TX,1586,2313,20,1.86
8804,C,60203,IL,1586,1772,5,4.64
8805,C,10502,NY,1585,2002,8,3.61
8806,C,87901,NM,1584,3981,39,18.49
8807,C,98251,WA,1584,2226,22,-3.59
8808,C,03861,NH,1582,1890,6,5.32
8809,C,90020,CA,1581,19119,50,-1.96
8810,C,59072,MT,1581,2344,35,1.07
8811,C,17814,PA,1581,2615,9,8.12
8812,C,37153,TN,1580,1941,47,1.62
8813,C,95614,CA,1580,1755,27,-2.21
8814,C,60461,IL,1580,2034,8,14.79
8815,C,77659,TX,1579,2099,22,6.15
8816,C,46721,IN,1578,2075,9,10.18
8817,C,44676,OH,1578,2041,5,4.09
8818,C,16433,PA,1578,2094,4,-3.82
8819,C,31774,GA,1577,2818,12,5.53
8820,C,53594,WI,1577,2308,7,0.34
8821,C,92382,CA,1576,4006,110,1.63
8822,C,72065,AR,1576,2370,31,0.1
8823,C,34484,FL,1575,2717,56,24.66
8824,C,38023,TN,1575,2135,10,9.01
8825,C,28751,NC,1574,4134,138,1.09
8826,C,65747,MO,1573,3245,73,18.05
8827,C,42262,KY,1573,3980,63,19.87
8828,C,75709,TX,1573,3113,42,3.51
8829,C,76305,TX,1573,2321,14,-4.9
8830,C,07755,NJ,1568,2411,41,15.61
8831,C,73527,OK,1567,2115,17,11.67
8832,C,35978,AL,1567,2305,9,-9.82
8833,C,65656,MO,1566,2534,47,11.66
8834,C,43135,OH,1566,1955,17,-9.35
8835,C,36277,AL,1566,2007,16,-2.05
8836,C,35054,AL,1565,2064,37,-10.21
8837,C,21632,MD,1565,2929,24,2.4
8838,C,70075,LA,1564,1889,28,3.08
8839,C,38468,TN,1564,2204,24,0.53
8840,C,62561,IL,1564,2437,3,-2.76
8841,C,66032,KS,1563,2156,22,-2.56
8842,C,47648,IN,1563,2147,4,-1.82
8843,C,37357,TN,1561,2300,35,18.19
8844,C,42348,KY,1560,2174,4,4.78
8845,C,78652,TX,1559,1773,26,-4.26
8846,C,65556,MO,1559,2332,18,37.09
8847,C,75158,TX,1558,1899,30,9.77
8848,C,14801,NY,1558,2360,12,-19.28
8849,C,80470,CO,1557,1967,47,-8.23
8850,C,06268,CT,1557,3938,10,10.94
8851,C,39740,MS,1556,2251,15,-2.58
8852,C,30725,GA,1555,1963,16,6.55
8853,C,78947,TX,1554,2240,31,-3.09
8854,C,97391,OR,1554,2478,31,8.98
8855,C,93640,CA,1554,3521,0,-5.87
8856,C,93625,CA,1553,2969,12,8.03
8857,C,22572,VA,1552,3039,21,17.01
8858,C,37031,TN,1550,1780,19,-0.85
8859,C,98576,WA,1550,1895,19,6.97
8860,C,28394,NC,1549,2383,76,24.12
8861,C,99672,AK,1549,2670,34,13.21
8862,C,56267,MN,1549,2809,12,8.15
8863,C,35959,AL,1548,3211,54,6.76
8864,C,54830,WI,1547,5022,60,-2.59
8865,C,49455,MI,1547,2733,18,12.6
8866,C,03872,NH,1546,2435,21,5.11
8867,C,44612,OH,1546,2296,10,7.35
8868,C,78025,TX,1545,2544,25,-4.27
8869,C,44072,OH,1545,2011,7,-0.85
8870,C,55812,MN,1543,3954,15,7.56
8871,C,04252,ME,1543,2046,10,1.19
8872,C,06784,CT,1542,1971,28,4.01
8873,C,24641,VA,1542,2830,23,9.47
8874,C,45769,OH,1542,2822,7,18.62
8875,C,29429,SC,1540,1753,27,33.4
8876,C,61362,IL,1537,2689,16,-14.11
8877,C,49682,MI,1535,2439,26,5.76
8878,C,65255,MO,1534,1928,18,4.89
8879,C,49765,MI,1532,2787,15,8.76
8880,C,47138,IN,1532,2077,10,8.56
8881,C,13849,NY,1532,2472,9,18.76
8882,C,46616,IN,1531,2824,14,2.41
8883,C,85356,AZ,1530,2781,38,-18.55
8884,C,72941,AR,1529,2043,27,5.02
8885,C,97004,OR,1529,1693,10,9.82
8886,C,99003,WA,1527,2115,25,0.35
8887,C,48739,MI,1525,4015,52,12.43
8888,C,98380,WA,1525,2123,25,6.85
8889,C,18810,PA,1525,2911,3,11.04
8890,C,79410,TX,1523,4736,62,2.71
8891,C,74048,OK,1521,2589,20,26.86
8892,C,63361,MO,1521,2253,11,4.04
8893,C,55363,MN,1520,2075,30,2.84
8894,C,04015,ME,1520,2982,26,7.67
8895,C,07627,NJ,1520,1746,21,19.0
8896,C,01468,MA,1520,1823,12,13.53
8897,C,04862,ME,1519,2065,27,5.56
8898,C,43061,OH,1519,1634,8,12.51
8899,C,37302,TN,1518,2139,66,13.12
8900,C,48041,MI,1517,1838,5,6.17
8901,C,08059,NJ,1516,2408,15,0.51
8902,C,42127,KY,1515,3107,23,28.31
8903,C,28594,NC,1511,6802,122,9.36
8904,C,29682,SC,1511,2115,32,4.93
8905,C,29059,SC,1510,2801,30,2.95
8906,C,56368,MN,1510,2312,21,8.82
8907,C,76448,TX,1509,2799,39,4.77
8908,C,06420,CT,1509,1785,6,2.19
8909,C,45612,OH,1507,2219,12,0.82
8910,C,12582,NY,1507,1735,9,5.73
8911,C,55709,MN,1506,2479,12,3.38
8912,C,41030,KY,1505,2293,6,-0.98
8913,C,61755,IL,1505,2013,4,1.84
8914,C,40208,KY,1503,6675,31,4.17
8915,C,47327,IN,1503,2093,15,-0.38
8916,C,56529,MN,1502,2018,21,5.12
8917,C,55923,MN,1502,1789,14,1.36
8918,C,59079,MT,1500,1647,14,23.38
8919,C,54230,WI,1500,1789,12,2.0
8920,C,53565,WI,1500,2026,7,4.23
8921,C,29142,SC,1499,2083,41,8.71
8922,C,54840,WI,1497,2770,17,12.72
8923,C,62285,IL,1497,1703,8,-5.24
8924,C,17752,PA,1496,2020,10,0.74
8925,C,24273,VA,1494,2690,28,-7.96
8926,C,33922,FL,1492,2925,79,-4.17
8927,C,12845,NY,1491,3441,68,0.45
8928,C,32440,FL,1491,2646,21,10.89
8929,C,93591,CA,1490,2124,25,-2.48
8930,C,08802,NJ,1490,1604,14,12.17
8931,C,38451,TN,1489,1733,26,8.56
8932,C,45856,OH,1489,1939,4,17.83
8933,C,32567,FL,1488,2112,19,-2.87
8934,C,48651,MI,1487,3825,43,7.52
8935,C,71282,LA,1487,3889,10,1.18
8936,C,38581,TN,1486,2010,19,8.4
8937,C,74848,OK,1486,3092,13,19.04
8938,C,35760,AL,1486,1935,12,4.46
8939,C,98359,WA,1486,1836,10,3.37
8940,C,95228,CA,1485,2572,98,6.21
8941,C,53103,WI,1484,1624,7,10.28
8942,C,12790,NY,1483,2827,51,22.74
8943,C,32431,FL,1483,2392,8,7.32
8944,C,55005,MN,1482,1750,14,-3.15
8945,C,16134,PA,1482,2715,11,4.1
8946,C,07827,NJ,1481,1854,31,10.16
8947,C,82941,WY,1480,2497,38,4.79
8948,C,20722,MD,1480,2307,16,-0.67
8949,C,97446,OR,1478,1887,9,-4.65
8950,C,30571,GA,1477,2501,67,25.52
8951,C,75693,TX,1477,2366,24,0.87
8952,C,07522,NJ,1477,7440,10,8.82
8953,C,13811,NY,1476,1854,7,20.9
8954,C,87557,NM,1475,2509,57,7.51
8955,C,52247,IA,1475,2047,6,3.5
8956,C,08103,NJ,1474,5384,35,-1.19
8957,C,23507,VA,1474,3530,22,0.93
8958,C,48453,MI,1473,2147,10,3.73
8959,C,27851,NC,1472,2215,2,7.25
8960,C,22849,VA,1471,2403,23,-3.9
8961,C,13308,NY,1471,2026,11,0.72
8962,C,55321,MN,1471,2033,7,-4.01
8963,C,47807,IN,1470,6805,20,3.15
8964,C,31822,GA,1469,2387,51,5.44
8965,C,46118,IN,1469,2026,12,-2.06
8966,C,56549,MN,1468,1866,20,-1.67
8967,C,45135,OH,1468,2046,3,16.05
8968,C,80645,CO,1467,1774,12,4.76
8969,C,30564,GA,1466,1934,25,1.28
8970,C,68157,NE,1465,2129,7,19.08
8971,C,30557,GA,1464,2602,44,15.6
8972,C,84339,UT,1464,1664,15,-1.6
8973,C,08853,NJ,1464,2057,12,6.45
8974,C,84310,UT,1463,2335,108,4.23
8975,C,75459,TX,1462,2448,33,7.49
8976,C,82443,WY,1462,2436,32,-2.89
8977,C,08242,NJ,1461,2083,18,6.93
8978,C,90029,CA,1460,14465,22,3.32
8979,C,95470,CA,1460,2392,22,9.42
8980,C,19127,PA,1459,3496,32,0.29
8981,C,46538,IN,1457,2783,26,-11.41
8982,C,51054,IA,1457,2028,15,1.77
8983,C,47126,IN,1455,1784,35,6.97
8984,C,47118,IN,1455,2085,5,-3.87
8985,C,06250,CT,1454,1882,7,2.02
8986,C,74451,OK,1453,2653,35,4.41
8987,C,62411,IL,1452,1932,9,19.28
8988,C,88312,NM,1451,3219,195,11.42
8989,C,02635,MA,1451,2200,20,12.96
8990,C,37811,TN,1451,2233,19,7.03
8991,C,19930,DE,1450,8884,51,17.34
8992,C,02657,MA,1448,4778,90,27.34
8993,C,31328,GA,1447,3490,130,1.93
8994,C,35444,AL,1447,1867,7,3.68
8995,C,43044,OH,1447,2054,4,1.24
8996,C,46148,IN,1446,2137,16,1.39
8997,C,02746,MA,1445,7640,5,29.84
8998,C,18517,PA,1445,2117,5,9.25
8999,C,03037,NH,1444,1832,16,0.81
9000,C,47639,IN,1444,1853,5,-6.51
9001,C,38469,TN,1443,1776,24,25.09
9002,C,67026,KS,1443,1756,14,-0.07
9003,C,84318,UT,1442,1597,37,6.92
9004,C,52068,IA,1442,1676,11,11.11
9005,C,28640,NC,1440,2832,45,-3.97
9006,C,71234,LA,1440,2057,6,11.24
9007,C,22851,VA,1439,2544,21,-4.19
9008,C,23310,VA,1438,3386,104,-1.64
9009,C,72131,AR,1438,2265,26,-9.91
9010,C,38363,TN,1438,2839,25,17.57
9011,C,08535,NJ,1438,1715,16,7.69
9012,C,78956,TX,1437,2723,25,9.82
9013,C,23015,VA,1436,1779,26,1.82
9014,C,18054,PA,1436,1834,6,6.22
9015,C,72417,AR,1435,2391,39,0.31
9016,C,56464,MN,1435,2532,36,-3.93
9017,C,91203,CA,1435,7503,17,4.27
9018,C,55927,MN,1435,1760,11,5.68
9019,C,45207,OH,1434,3008,40,17.05
9020,C,31028,GA,1433,2253,23,11.78
9021,C,28512,NC,1432,8944,152,0.46
9022,C,96791,HI,1431,2697,28,19.67
9023,C,35490,AL,1431,1928,23,-0.73
9024,C,42749,KY,1430,2473,25,8.76
9025,C,54739,WI,1430,1991,6,5.17
9026,C,47243,IN,1428,2206,24,5.75
9027,C,95685,CA,1428,2388,21,6.55
9028,C,74337,OK,1427,2019,10,12.62
9029,C,93953,CA,1426,2958,40,6.57
9030,C,86334,AZ,1426,1954,28,19.36
9031,C,24586,VA,1426,2192,5,-1.56
9032,C,37061,TN,1425,2280,17,14.18
9033,C,02702,MA,1423,1615,14,5.53
9034,C,27562,NC,1422,1678,38,18.45
9035,C,97535,OR,1422,2104,16,-15.24
9036,C,71280,LA,1422,2280,11,22.79
9037,C,06277,CT,1422,1816,8,14.63
9038,C,38868,MS,1422,2240,6,17.99
9039,C,44824,OH,1422,1824,3,4.03
9040,C,32064,FL,1421,3645,35,-13.34
9041,C,92823,CA,1421,1973,6,13.3
9042,C,48191,MI,1421,1685,3,15.82
9043,C,10925,NY,1420,2220,30,13.38
9044,C,59019,MT,1420,1905,17,-2.59
9045,C,49746,MI,1419,2689,20,-25.34
9046,C,02837,RI,1419,2473,15,3.35
9047,C,07457,NJ,1419,2038,10,15.07
9048,C,93427,CA,1418,2712,20,-3.76
9049,C,33194,FL,1418,1865,13,-0.6
9050,C,55020,MN,1417,1501,30,0.11
9051,C,74029,OK,1417,2488,10,-1.37
9052,C,49254,MI,1417,1805,5,-0.57
9053,C,03840,NH,1415,1686,21,7.61
9054,C,03034,NH,1415,1569,8,5.4
9055,C,24104,VA,1413,2526,57,13.11
9056,C,80651,CO,1413,1672,24,7.95
9057,C,95971,CA,1412,2699,20,9.07
9058,C,03257,NH,1412,2395,17,-6.93
9059,C,06417,CT,1412,2169,13,3.44
9060,C,38865,MS,1412,2052,5,43.89
9061,C,29847,SC,1411,2065,19,41.75
9062,C,66713,KS,1410,2297,32,5.67
9063,C,13068,NY,1410,2165,7,12.0
9064,C,07440,NJ,1409,1598,5,6.03
9065,C,61048,IL,1407,1740,4,10.74
9066,C,55805,MN,1406,5430,14,9.05
9067,C,66092,KS,1406,1811,7,8.95
9068,C,49868,MI,1405,2951,37,4.05
9069,C,36607,AL,1404,3175,21,8.9
9070,C,75497,TX,1402,1954,54,-5.99
9071,C,22844,VA,1400,2257,25,7.1
9072,C,73131,OK,1400,1541,22,-5.64
9073,C,29372,SC,1397,2127,18,1.42
9074,C,32328,FL,1396,3029,150,12.16
9075,C,95623,CA,1394,1737,20,-1.69
9076,C,06259,CT,1393,1838,11,3.75
9077,C,60456,IL,1393,1916,10,2.89
9078,C,04250,ME,1392,2038,6,12.96
9079,C,43542,OH,1391,1571,20,18.93
9080,C,44644,OH,1390,2295,23,2.41
9081,C,27921,NC,1389,2109,24,-7.07
9082,C,56013,MN,1389,2110,10,2.87
9083,C,92372,CA,1387,1924,41,-6.83
9084,C,65565,MO,1387,2598,19,-3.11
9085,C,66217,KS,1387,2820,11,26.19
9086,C,95383,CA,1386,3243,71,2.26
9087,C,55604,MN,1384,3412,24,-9.75
9088,C,37014,TN,1383,1444,36,39.41
9089,C,24517,VA,1383,2376,15,5.96
9090,C,49067,MI,1382,1977,12,-0.7
9091,C,25880,WV,1382,2334,10,9.13
9092,C,37640,TN,1381,2344,39,25.34
9093,C,59644,MT,1380,1976,34,-0.92
9094,C,76431,TX,1380,1698,30,-14.94
9095,C,24095,VA,1380,1954,25,-7.39
9096,C,08609,NJ,1379,5347,19,5.04
9097,C,57769,SD,1378,1670,30,4.08
9098,C,63845,MO,1376,2689,21,-2.3
9099,C,02715,MA,1375,1573,16,12.56
9100,C,11978,NY,1373,3936,81,9.5
9101,C,48063,MI,1373,1567,10,6.14
9102,C,23063,VA,1372,1941,21,-0.86
9103,C,98591,WA,1372,1617,13,8.36
9104,C,83676,ID,1370,1841,17,12.94
9105,C,52213,IA,1370,1677,7,2.78
9106,C,13326,NY,1369,2724,35,9.53
9107,C,35968,AL,1369,1968,21,-4.16
9108,C,29924,SC,1368,2205,17,-6.42
9109,C,49332,MI,1368,2529,12,8.74
9110,C,01005,MA,1367,1876,7,-3.06
9111,C,18249,PA,1366,1752,17,18.75
9112,C,12404,NY,1365,2512,18,0.15
9113,C,56055,MN,1365,1712,13,-0.52
9114,C,67101,KS,1364,2793,54,19.84
9115,C,83110,WY,1364,2053,31,13.78
9116,C,81425,CO,1364,2059,21,-3.66
9117,C,97462,OR,1364,1797,18,-12.75
9118,C,47043,IN,1363,2223,11,-0.21
9119,C,38006,TN,1360,2224,12,5.1
9120,C,04950,ME,1357,2755,20,-0.65
9121,C,98047,WA,1356,2389,12,0.7
9122,C,56360,MN,1355,2688,17,-6.22
9123,C,03741,NH,1355,2171,11,10.61
9124,C,01535,MA,1355,2163,8,3.97
9125,C,48064,MI,1354,1457,5,0.81
9126,C,95247,CA,1353,2604,55,-0.14
9127,C,18507,PA,1352,2362,9,9.8
9128,C,10928,NY,1352,2442,8,-6.05
9129,C,48757,MI,1352,1687,1,10.52
9130,C,01770,MA,1351,1575,16,14.61
9131,C,03809,NH,1350,2001,19,26.94
9132,C,45113,OH,1349,1729,12,4.35
9133,C,24124,VA,1345,2062,17,-0.83
9134,C,20622,MD,1345,1433,7,-1.36
9135,C,33036,FL,1344,3651,109,34.33
9136,C,32461,FL,1342,5860,415,19.38
9137,C,54983,WI,1340,1999,11,8.35
9138,C,03451,NH,1340,1880,7,7.02
9139,C,48647,MI,1338,3139,30,11.98
9140,C,30520,GA,1338,1895,23,0.75
9141,C,38257,TN,1337,2127,11,13.58
9142,C,93926,CA,1336,2454,1,12.77
9143,C,48441,MI,1335,2165,18,35.25
9144,C,50648,IA,1335,1700,14,8.5
9145,C,54121,WI,1335,3238,11,-10.83
9146,C,37870,TN,1334,2262,30,7.05
9147,C,10921,NY,1334,1630,16,7.19
9148,C,53531,WI,1334,1612,11,2.29
9149,C,20158,VA,1333,1610,18,-0.97
9150,C,25159,WV,1333,1863,5,14.16
9151,C,45651,OH,1332,2354,24,13.86
9152,C,55375,MN,1332,1524,17,7.05
9153,C,10524,NY,1332,1850,11,-1.92
9154,C,99328,WA,1331,1967,30,1.69
9155,C,27207,NC,1331,1835,2,23.25
9156,C,97032,OR,1330,1805,5,-1.72
9157,C,54837,WI,1329,2043,17,7.14
9158,C,56621,MN,1329,2149,9,8.11
9159,C,72024,AR,1329,1821,7,7.03
9160,C,37738,TN,1328,7075,493,15.57
9161,C,37324,TN,1328,2542,28,4.88
9162,C,35541,AL,1327,2567,49,-13.57
9163,C,36260,AL,1326,1830,4,9.0
9164,C,65604,MO,1325,1700,20,-7.9
9165,C,97053,OR,1324,1426,18,0.68
9166,C,95634,CA,1324,2068,16,8.89
9167,C,36351,AL,1323,1836,15,-10.26
9168,C,66608,KS,1322,2484,12,-1.12
9169,C,85321,AZ,1321,2326,35,16.45
9170,C,75755,TX,1321,2286,28,-1.53
9171,C,50536,IA,1321,2127,22,17.11
9172,C,53020,WI,1317,1865,29,3.92
9173,C,27976,NC,1317,1366,20,4.32
9174,C,06093,CT,1316,1411,5,3.66
9175,C,84754,UT,1314,1658,26,-4.11
9176,C,48610,MI,1314,2651,21,1.52
9177,C,47459,IN,1314,1616,8,22.46
9178,C,57754,SD,1312,2929,121,5.95
9179,C,05060,VT,1311,2213,17,9.44
9180,C,65652,MO,1311,1674,12,1.24
9181,C,23336,VA,1310,4495,62,21.42
9182,C,57004,SD,1310,1702,15,3.12
9183,C,45887,OH,1310,1863,5,15.42
9184,C,32617,FL,1308,1804,15,4.23
9185,C,44084,OH,1308,1848,14,9.25
9186,C,28366,NC,1306,2118,5,15.7
9187,C,11954,NY,1305,4565,100,11.51
9188,C,03851,NH,1305,1785,13,5.7
9189,C,40008,KY,1305,1718,13,4.1
9190,C,38066,TN,1304,1490,27,1.8
9191,C,75473,TX,1304,1610,20,28.56
9192,C,21782,MD,1304,1683,15,1.67
9193,C,22645,VA,1304,1788,13,1.82
9194,C,53525,WI,1302,1771,4,6.24
9195,C,03086,NH,1300,1820,5,12.0
9196,C,38549,TN,1298,2529,54,-12.47
9197,C,11944,NY,1298,3106,40,3.61
9198,C,02538,MA,1297,1825,7,3.6
9199,C,97341,OR,1296,2693,67,4.78
9200,C,93225,CA,1295,2397,71,-5.29
9201,C,30337,GA,1295,5702,57,0.17
9202,C,99122,WA,1295,2262,54,5.55
9203,C,56097,MN,1295,1801,9,4.6
9204,C,51109,IA,1294,1570,7,16.71
9205,C,12210,NY,1293,6580,12,4.53
9206,C,52301,IA,1291,1850,7,2.32
9207,C,37656,TN,1291,1647,6,10.7
9208,C,78705,TX,1290,12519,218,37.94
9209,C,53004,WI,1290,1537,7,12.61
9210,C,54630,WI,1290,1813,5,3.6
9211,C,95223,CA,1289,7273,132,-1.75
9212,C,59759,MT,1289,1848,19,22.09
9213,C,64844,MO,1289,1873,19,13.14
9214,C,08554,NJ,1288,1521,5,1.21
9215,C,85544,AZ,1287,3731,97,-4.17
9216,C,12809,NY,1287,1815,9,1.46
9217,C,43762,OH,1287,1813,9,19.76
9218,C,21817,MD,1286,2511,57,11.74
9219,C,12015,NY,1286,2244,36,12.38
9220,C,31816,GA,1286,2542,36,22.61
9221,C,46797,IN,1285,1422,14,10.19
9222,C,11804,NY,1285,1521,6,7.91
9223,C,02639,MA,1284,5162,31,8.8
9224,C,52338,IA,1284,1380,14,-0.54
9225,C,21053,MD,1282,1385,13,1.38
9226,C,07420,NJ,1282,1873,8,4.93
9227,C,54113,WI,1281,1488,8,-6.74
9228,C,81089,CO,1280,2415,78,-1.66
9229,C,85004,AZ,1280,6455,46,12.41
9230,C,95249,CA,1280,2033,16,0.63
9231,C,17301,PA,1280,1591,12,7.79
9232,C,17364,PA,1280,1672,4,0.1
9233,C,21663,MD,1278,2110,40,10.2
9234,C,98570,WA,1278,2031,18,6.31
9235,C,36726,AL,1278,2366,16,7.65
9236,C,30527,GA,1276,1580,25,4.36
9237,C,97127,OR,1276,1432,16,-2.02
9238,C,13634,NY,1276,2046,15,19.08
9239,C,54634,WI,1276,1888,10,32.78
9240,C,30139,GA,1275,1786,15,6.86
9241,C,61568,IL,1274,1849,5,10.04
9242,C,03581,NH,1273,1970,25,13.32
9243,C,55322,MN,1273,1461,14,2.56
9244,C,48703,MI,1272,2836,42,-0.48
9245,C,44217,OH,1272,1553,1,2.02
9246,C,46225,IN,1271,3056,67,4.84
9247,C,81224,CO,1270,2459,109,4.3
9248,C,22974,VA,1270,1544,10,-0.55
9249,C,02644,MA,1269,1547,13,0.87
9250,C,48759,MI,1269,1928,5,4.35
9251,C,38256,TN,1267,3006,43,-2.84
9252,C,72542,AR,1267,2186,40,7.56
9253,C,28626,NC,1267,2092,21,22.88
9254,C,32195,FL,1267,1591,13,8.33
9255,C,98333,WA,1266,1509,33,1.49
9256,C,21826,MD,1266,2148,21,7.56
9257,C,70395,LA,1266,1985,14,-9.05
9258,C,15531,PA,1266,1907,2,25.48
9259,C,84526,UT,1265,2591,25,5.65
9260,C,54173,WI,1264,1468,7,3.92
9261,C,96756,HI,1263,3534,123,-4.85
9262,C,01541,MA,1262,1409,6,8.0
9263,C,65483,MO,1260,2077,30,-2.93
9264,C,19953,DE,1259,1830,9,12.28
9265,C,35033,AL,1257,1694,37,15.63
9266,C,24083,VA,1257,1678,21,5.54
9267,C,53574,WI,1257,1617,11,6.41
9268,C,06231,CT,1257,1483,5,10.44
9269,C,03225,NH,1256,1871,16,18.74
9270,C,12484,NY,1255,1479,15,-6.55
9271,C,11096,NY,1252,2706,11,17.94
9272,C,60112,IL,1250,1691,18,10.47
9273,C,07852,NJ,1250,1629,10,14.68
9274,C,72521,AR,1250,2302,9,-4.99
9275,C,35983,AL,1249,1957,25,2.26
9276,C,59722,MT,1249,2130,24,26.42
9277,C,56514,MN,1248,1512,15,11.63
9278,C,24348,VA,1247,2414,24,3.89
9279,C,01506,MA,1247,1546,10,1.25
9280,C,45142,OH,1247,1647,6,4.79
9281,C,42378,KY,1247,1493,5,28.95
9282,C,49128,MI,1245,1929,29,7.39
9283,C,70341,LA,1245,1716,4,-23.96
9284,C,30629,GA,1243,1975,22,20.86
9285,C,62535,IL,1243,1346,3,6.26
9286,C,54174,WI,1242,2482,16,1.61
9287,C,50674,IA,1242,1669,12,21.05
9288,C,39459,MS,1242,1609,9,-4.53
9289,C,65051,MO,1241,2293,8,6.59
9290,C,41004,KY,1241,1710,6,5.69
9291,C,98631,WA,1240,3143,62,5.79
9292,C,55073,MN,1240,1476,7,4.12
9293,C,33946,FL,1239,3217,175,32.84
9294,C,45204,OH,1238,3709,18,-2.51
9295,C,65063,MO,1238,1626,13,4.72
9296,C,43532,OH,1238,1424,10,-1.01
9297,C,99111,WA,1237,1920,17,12.3
9298,C,27027,NC,1236,2191,14,3.47
9299,C,81432,CO,1235,2058,85,-5.2
9300,C,33306,FL,1235,2109,55,-2.56
9301,C,75452,TX,1234,1747,54,3.4
9302,C,49253,MI,1234,2196,22,11.54
9303,C,48876,MI,1234,1817,6,5.86
9304,C,29583,SC,1233,2399,7,32.43
9305,C,45053,OH,1233,1294,3,10.94
9306,C,63863,MO,1232,2697,26,33.02
9307,C,72088,AR,1231,2090,120,13.14
9308,C,13346,NY,1231,2261,29,26.52
9309,C,30295,GA,1231,1921,19,-0.17
9310,C,28098,NC,1229,1685,15,-2.3
9311,C,72370,AR,1229,3451,15,-0.37
9312,C,12871,NY,1229,1844,9,7.74
9313,C,80443,CO,1226,5552,124,25.19
9314,C,29438,SC,1226,3545,81,-6.96
9315,C,08751,NJ,1225,5319,100,13.11
9316,C,44837,OH,1225,1643,6,15.07
9317,C,04220,ME,1224,1638,17,7.43
9318,C,93434,CA,1224,2296,3,-2.01
9319,C,76531,TX,1223,2333,38,-2.35
9320,C,81419,CO,1223,1668,28,-3.52
9321,C,30259,GA,1223,1398,22,-7.78
9322,C,70449,LA,1223,1835,19,1.36
9323,C,38326,TN,1222,2828,78,-1.33
9324,C,96122,CA,1222,2533,31,12.79
9325,C,30147,GA,1222,1901,20,-5.63
9326,C,24554,VA,1221,1730,12,7.53
9327,C,58318,ND,1220,2461,36,7.34
9328,C,79562,TX,1220,1432,29,3.69
9329,C,54520,WI,1220,2948,20,13.8
9330,C,37407,TN,1220,3540,17,0.09
9331,C,76579,TX,1219,2133,27,-4.14
9332,C,36875,AL,1219,1764,7,-2.22
9333,C,35083,AL,1218,1590,19,7.27
9334,C,69138,NE,1217,1921,27,-7.45
9335,C,37860,TN,1216,1518,12,5.74
9336,C,35049,AL,1215,1768,12,-5.27
9337,C,49245,MI,1215,1830,8,-5.58
9338,C,33838,FL,1214,2162,51,4.35
9339,C,67550,KS,1214,2424,31,-10.68
9340,C,84312,UT,1214,1573,20,-2.45
9341,C,93265,CA,1213,1901,66,-1.98
9342,C,07832,NJ,1212,1412,17,8.28
9343,C,70730,LA,1212,1666,10,-11.97
9344,C,45219,OH,1211,8023,38,-0.07
9345,C,96093,CA,1211,1879,20,-1.39
9346,C,04294,ME,1211,1844,18,10.75
9347,C,98266,WA,1208,1918,19,1.77
9348,C,35006,AL,1207,1729,11,10.43
9349,C,45723,OH,1207,1689,10,6.46
9350,C,13438,NY,1206,1944,13,-2.51
9351,C,92004,CA,1205,2917,43,1.19
9352,C,84713,UT,1204,1811,32,3.15
9353,C,97720,OR,1202,2247,28,-0.72
9354,C,21756,MD,1202,1360,13,4.64
9355,C,21639,MD,1201,1890,15,15.69
9356,C,16666,PA,1201,1386,8,26.3
9357,C,14201,NY,1200,7172,16,5.75
9358,C,63072,MO,1198,1350,8,-1.18
9359,C,57039,SD,1197,1554,27,2.49
9360,C,78373,TX,1195,5614,734,5.81
9361,C,59427,MT,1195,1963,22,-1.71
9362,C,49274,MI,1193,1956,13,30.02
9363,C,92549,CA,1192,4182,116,-6.39
9364,C,71064,LA,1192,1881,4,77.16
9365,C,42086,KY,1192,1711,3,7.0
9366,C,01431,MA,1191,1308,12,10.92
9367,C,14738,NY,1191,1714,8,33.48
9368,C,54771,WI,1191,1549,7,1.17
9369,C,97111,OR,1190,1609,36,2.51
9370,C,47143,IN,1189,1300,40,2.83
9371,C,49635,MI,1188,3014,33,6.84
9372,C,46792,IN,1188,1723,8,-8.6
9373,C,65791,MO,1187,1904,37,15.74
9374,C,37886,TN,1186,1808,19,-7.96
9375,C,80446,CO,1185,3333,202,-9.41
9376,C,54722,WI,1185,1846,14,4.62
9377,C,28746,NC,1184,3310,141,11.93
9378,C,27601,NC,1184,4874,79,-1.16
9379,C,28571,NC,1184,1889,72,2.28
9380,C,54891,WI,1184,1736,10,1.97
9381,C,17065,PA,1184,1705,9,9.0
9382,C,04287,ME,1184,1426,5,-4.54
9383,C,29704,SC,1183,1454,10,-12.22
9384,C,66535,KS,1182,1722,7,-2.03
9385,C,57601,SD,1181,1886,16,-4.98
9386,C,35224,AL,1178,2761,31,15.87
9387,C,01951,MA,1178,1731,14,8.25
9388,C,80807,CO,1177,2057,20,-1.47
9389,C,67210,KS,1177,3676,16,30.34
9390,C,21201,MD,1176,11468,41,-0.9
9391,C,22482,VA,1176,2152,39,17.36
9392,C,29591,SC,1176,2002,5,17.02
9393,C,85543,AZ,1175,1768,9,1.34
9394,C,44302,OH,1174,3011,23,7.1
9395,C,06710,CT,1174,4515,9,52.59
9396,C,65705,MO,1173,2049,12,16.79
9397,C,30742,GA,1172,3681,35,1.06
9398,C,29075,SC,1172,1413,6,28.58
9399,C,71075,LA,1171,3027,22,12.97
9400,C,97115,OR,1171,1451,19,13.06
9401,C,22853,VA,1169,1839,6,14.38
9402,C,38828,MS,1169,1839,5,2.4
9403,C,90212,CA,1168,6107,28,6.9
9404,C,08829,NJ,1167,1485,11,8.53
9405,C,22213,VA,1167,1814,8,3.59
9406,C,16023,PA,1167,1734,6,36.83
9407,C,37144,TN,1166,1474,14,16.47
9408,C,50225,IA,1164,1432,6,2.11
9409,C,59873,MT,1163,1776,26,12.51
9410,C,67068,KS,1163,2117,4,19.88
9411,C,37310,TN,1161,1736,14,17.96
9412,C,49256,MI,1161,1608,13,-9.22
9413,C,54013,WI,1161,1576,8,6.04
9414,C,34981,FL,1160,2069,31,9.41
9415,C,35616,AL,1160,1993,28,9.65
9416,C,23974,VA,1160,2100,11,22.08
9417,C,56057,MN,1160,1619,7,-3.63
9418,C,54479,WI,1159,1462,13,-4.48
9419,C,36611,AL,1158,2713,20,39.76
9420,C,38052,TN,1158,1734,10,60.25
9421,C,55006,MN,1157,1639,7,0.73
9422,C,32502,FL,1156,2582,59,-2.26
9423,C,38040,TN,1156,2320,12,1.66
9424,C,28605,NC,1155,4336,88,3.82
9425,C,60469,IL,1155,1704,5,-1.09
9426,C,54015,WI,1154,1528,17,10.36
9427,C,59935,MT,1152,1979,51,4.43
9428,C,37846,TN,1152,1678,6,34.28
9429,C,29450,SC,1151,1446,18,17.98
9430,C,58368,ND,1151,1668,6,-6.15
9431,C,68069,NE,1150,1476,13,-6.76
9432,C,43723,OH,1150,2179,7,14.23
9433,C,92003,CA,1149,1798,28,6.98
9434,C,54960,WI,1148,2192,14,10.81
9435,C,34756,FL,1147,1515,91,-3.2
9436,C,63456,MO,1147,2335,11,4.51
9437,C,53952,WI,1146,2043,17,6.18
9438,C,55001,MN,1146,1221,14,-0.71
9439,C,66523,KS,1145,1777,15,-3.48
9440,C,58545,ND,1145,1887,9,-0.23
9441,C,75424,TX,1143,1387,53,8.27
9442,C,18326,PA,1143,1914,22,18.85
9443,C,62265,IL,1142,1879,4,8.43
9444,C,13833,NY,1141,1741,6,-8.93
9445,C,74855,OK,1140,1748,18,29.75
9446,C,05091,VT,1139,2205,29,9.3
9447,C,49650,MI,1136,1451,7,6.38
9448,C,28032,NC,1134,1664,31,32.5
9449,C,30104,GA,1132,1755,19,0.7
9450,C,76524,TX,1132,1473,8,6.47
9451,C,48637,MI,1132,1319,6,2.92
9452,C,63873,MO,1131,2013,8,-4.43
9453,C,44672,OH,1130,2670,11,22.05
9454,C,31092,GA,1129,2402,16,8.39
9455,C,77485,TX,1128,1831,22,-4.02
9456,C,92250,CA,1128,2476,11,17.28
9457,C,41010,KY,1128,1729,9,17.55
9458,C,20764,MD,1127,1708,32,3.45
9459,C,61064,IL,1127,1842,10,9.52
9460,C,77650,TX,1126,2829,401,-0.83
9461,C,39202,MS,1126,4332,14,10.65
9462,C,64720,MO,1125,1735,13,3.02
9463,C,07027,NJ,1125,2093,8,-1.29
9464,C,78575,TX,1124,1902,32,6.32
9465,C,63650,MO,1124,1808,15,0.26
9466,C,94018,CA,1124,1423,9,20.66
9467,C,18051,PA,1124,1349,6,3.58
9468,C,13354,NY,1123,1259,5,11.61
9469,C,56435,MN,1122,2236,20,-0.28
9470,C,74370,OK,1122,1794,16,-3.27
9471,C,80951,CO,1122,1563,16,-2.38
9472,C,01360,MA,1122,1415,6,1.1
9473,C,46590,IN,1121,1969,16,7.1
9474,C,39897,GA,1121,1856,4,0.27
9475,C,51040,IA,1120,1677,11,11.3
9476,C,36025,AL,1118,1545,6,9.87
9477,C,01370,MA,1117,1945,7,22.24
9478,C,56342,MN,1116,2409,34,9.03
9479,C,01560,MA,1116,2028,13,0.54
9480,C,97753,OR,1113,1469,77,-2.62
9481,C,44040,OH,1111,1228,21,-2.89
9482,C,24637,VA,1111,1532,13,0.59
9483,C,62069,IL,1111,1658,10,11.98
9484,C,32764,FL,1110,1353,22,11.65
9485,C,53036,WI,1110,1380,9,14.78
9486,C,32580,FL,1109,1936,29,22.38
9487,C,04953,ME,1109,1830,16,9.77
9488,C,97918,OR,1109,1841,13,-6.21
9489,C,23885,VA,1109,1308,8,2.61
9490,C,22625,VA,1108,1378,22,14.89
9491,C,28905,NC,1108,1656,17,-11.64
9492,C,19505,PA,1107,1441,4,2.08
9493,C,23102,VA,1106,1296,8,-4.16
9494,C,68305,NE,1104,2023,15,5.91
9495,C,95245,CA,1102,1443,18,-3.03
9496,C,49064,MI,1102,1746,10,4.92
9497,C,46553,IN,1102,1236,7,16.98
9498,C,06232,CT,1102,1289,4,8.79
9499,C,20119,VA,1101,1476,11,-2.08
9500,C,55707,MN,1101,1581,10,16.21
9501,C,61019,IL,1100,1553,10,2.99
9502,C,81641,CO,1099,1899,13,-1.42
9503,C,53191,WI,1097,2277,57,4.17
9504,C,76093,TX,1097,1496,18,15.77
9505,C,86025,AZ,1097,1921,11,1.2
9506,C,76225,TX,1095,1460,31,-3.53
9507,C,32744,FL,1095,1411,15,-7.17
9508,C,37882,TN,1094,2455,75,-13.3
9509,C,36273,AL,1094,1509,6,28.05
9510,C,55072,MN,1093,2425,12,14.44
9511,C,56484,MN,1091,2592,40,10.11
9512,C,38049,TN,1091,1800,16,20.37
9513,C,79311,TX,1090,1554,19,-8.76
9514,C,24136,VA,1090,1720,13,-0.82
9515,C,04048,ME,1090,1565,10,10.18
9516,C,46742,IN,1089,2071,20,10.42
9517,C,50212,IA,1089,1419,16,5.1
9518,C,97913,OR,1089,2104,9,5.76
9519,C,64477,MO,1088,1584,10,12.26
9520,C,43517,OH,1088,1555,6,1.24
9521,C,21660,MD,1087,1571,15,-0.63
9522,C,99556,AK,1086,1852,49,16.35
9523,C,20117,VA,1085,1643,26,0.56
9524,C,03839,NH,1085,1729,7,2.49
9525,C,21813,MD,1082,1604,15,18.06
9526,C,28676,NC,1082,1536,10,10.34
9527,C,07064,NJ,1080,1210,9,7.47
9528,C,21561,MD,1078,2471,40,-6.59
9529,C,95684,CA,1078,1576,34,0.14
9530,C,49637,MI,1077,1562,16,8.9
9531,C,04419,ME,1077,1318,10,24.61
9532,C,97327,OR,1076,1407,20,1.11
9533,C,52052,IA,1076,1805,17,26.71
9534,C,12835,NY,1076,2773,16,4.72
9535,C,37051,TN,1075,1605,26,31.29
9536,C,80440,CO,1074,2509,130,-4.95
9537,C,27233,NC,1074,1332,8,5.91
9538,C,05679,VT,1072,1362,7,1.6
9539,C,63037,MO,1072,1448,4,2.83
9540,C,28033,NC,1071,1267,8,28.25
9541,C,48755,MI,1070,2180,11,19.4
9542,C,62239,IL,1070,1813,10,16.63
9543,C,46536,IN,1070,1455,9,-1.7
9544,C,28773,NC,1069,2045,39,4.3
9545,C,17023,PA,1069,1453,3,-3.72
9546,C,62920,IL,1068,1407,8,73.08
9547,C,49111,MI,1067,1600,8,-14.51
9548,C,08741,NJ,1067,1224,6,-0.5
9549,C,98548,WA,1066,2348,52,48.19
9550,C,23523,VA,1065,3472,18,13.97
9551,C,04614,ME,1065,2199,14,13.85
9552,C,11935,NY,1064,2018,37,-0.78
9553,C,36104,AL,1062,5265,29,-2.57
9554,C,95663,CA,1062,1239,13,8.32
9555,C,55390,MN,1061,1244,12,3.71
9556,C,48027,MI,1061,1255,3,14.84
9557,C,35143,AL,1060,1894,11,16.42
9558,C,67063,KS,1060,1462,5,0.11
9559,C,30624,GA,1059,1577,9,46.7
9560,C,95458,CA,1058,2113,34,20.92
9561,C,48467,MI,1058,2913,25,3.05
9562,C,61606,IL,1058,2898,18,6.3
9563,C,04076,ME,1058,2027,15,4.42
9564,C,07756,NJ,1058,2831,14,-1.22
9565,C,53075,WI,1058,1475,11,15.1
9566,C,65633,MO,1057,1533,14,6.73
9567,C,29039,SC,1056,1817,9,-8.5
9568,C,71023,LA,1056,1694,9,-22.93
9569,C,08243,NJ,1055,6719,30,22.75
9570,C,95633,CA,1055,1225,15,-1.29
9571,C,37335,TN,1055,1351,6,5.99
9572,C,04348,ME,1054,1891,16,-0.83
9573,C,05655,VT,1054,1412,9,13.7
9574,C,96145,CA,1053,4915,35,6.56
9575,C,73007,OK,1052,1194,72,7.3
9576,C,03576,NH,1052,2318,43,-8.76
9577,C,56467,MN,1052,2540,27,-2.53
9578,C,52645,IA,1052,1363,13,-3.46
9579,C,84745,UT,1051,1507,30,3.85
9580,C,70776,LA,1051,1827,20,22.75
9581,C,34734,FL,1050,1265,17,28.12
9582,C,54871,WI,1050,1914,14,-5.95
9583,C,80466,CO,1049,1971,29,5.77
9584,C,98253,WA,1049,1742,12,7.96
9585,C,40037,KY,1049,1177,11,-6.15
9586,C,43450,OH,1049,1666,5,-4.01
9587,C,49453,MI,1048,2113,25,3.45
9588,C,54161,WI,1048,2108,19,12.07
9589,C,73449,OK,1048,1771,15,13.48
9590,C,35648,AL,1048,1400,12,-10.46
9591,C,62664,IL,1048,1398,9,14.07
9592,C,25661,WV,1047,2450,14,4.83
9593,C,62447,IL,1046,1522,6,-1.9
9594,C,97828,OR,1045,1707,20,-7.19
9595,C,55353,MN,1045,1333,13,10.95
9596,C,43154,OH,1045,1223,7,5.31
9597,C,07931,NJ,1043,1405,26,12.9
9598,C,83641,ID,1043,1397,9,8.45
9599,C,08880,NJ,1039,1870,5,1.07
9600,C,76638,TX,1037,1174,28,5.91
9601,C,71327,LA,1037,1851,7,30.4
9602,C,11976,NY,1036,2550,76,8.4
9603,C,76487,TX,1036,1437,64,-3.55
9604,C,38449,TN,1036,1539,19,-6.61
9605,C,61528,IL,1033,1158,10,7.39
9606,C,87008,NM,1032,1173,17,2.79
9607,C,92285,CA,1031,2413,60,-7.76
9608,C,06853,CT,1031,1412,7,-14.23
9609,C,97022,OR,1030,1338,9,2.17
9610,C,61085,IL,1030,1459,7,12.61
9611,C,78597,TX,1029,5895,348,-13.54
9612,C,72442,AR,1029,1833,29,19.12
9613,C,41092,KY,1028,1247,5,-0.85
9614,C,70783,LA,1027,1559,13,15.75
9615,C,77861,TX,1026,1363,15,-2.94
9616,C,19507,PA,1026,1373,4,5.34
9617,C,36861,AL,1023,1982,44,10.39
9618,C,54810,WI,1023,2175,7,2.05
9619,C,13131,NY,1023,1306,6,-14.02
9620,C,10974,NY,1022,1286,17,15.75
9621,C,97539,OR,1021,1738,21,-2.36
9622,C,98546,WA,1021,2012,17,10.21
9623,C,28344,NC,1021,1411,9,-6.63
9624,C,50533,IA,1019,1681,19,18.43
9625,C,56567,MN,1018,1497,14,6.2
9626,C,92539,CA,1018,2011,14,-3.49
9627,C,49648,MI,1017,1985,29,15.68
9628,C,97818,OR,1017,1825,20,2.66
9629,C,44307,OH,1016,3488,18,28.41
9630,C,19405,PA,1016,2318,11,-1.09
9631,C,23947,VA,1016,2068,11,-0.63
9632,C,52339,IA,1014,1650,15,-5.22
9633,C,95938,CA,1013,1515,12,1.27
9634,C,06280,CT,1013,1517,3,3.83
9635,C,30625,GA,1012,1485,34,-9.59
9636,C,72126,AR,1012,1782,18,8.2
9637,C,93451,CA,1012,1671,11,-3.75
9638,C,55760,MN,1011,3385,26,-0.16
9639,C,45844,OH,1011,1189,2,8.86
9640,C,35740,AL,1010,1744,15,25.57
9641,C,52208,IA,1009,1451,22,-6.17
9642,C,64840,MO,1006,1397,7,0.36
9643,C,03285,NH,1005,1982,40,1.65
9644,C,21132,MD,1005,1139,5,4.53
9645,C,76233,TX,1004,1433,21,4.92
9646,C,49622,MI,1004,1945,20,4.52
9647,C,54889,WI,1003,1812,13,-6.29
9648,C,35171,AL,1000,1416,9,7.87
9649,C,49272,MI,999,1210,5,11.95
9650,C,72067,AR,997,2634,61,3.19
9651,C,46740,IN,997,1333,3,44.5
9652,C,16442,PA,996,1176,2,17.28
9653,C,67135,KS,995,1409,7,-1.83
9654,C,53598,WI,995,1666,6,6.28
9655,C,56063,MN,994,1627,27,16.72
9656,C,93285,CA,993,2225,32,-8.33
9657,C,47336,IN,993,1498,22,10.04
9658,C,32180,FL,993,1461,12,22.17
9659,C,93222,CA,991,2241,94,27.73
9660,C,45214,OH,988,5028,23,-6.81
9661,C,06069,CT,988,1741,19,6.74
9662,C,05068,VT,988,1707,4,12.54
9663,C,63624,MO,986,1734,8,-15.37
9664,C,97396,OR,985,1473,22,8.93
9665,C,52653,IA,985,1596,13,13.76
9666,C,99001,WA,984,2739,21,16.22
9667,C,83332,ID,984,1435,17,25.28
9668,C,02556,MA,984,2751,8,1.37
9669,C,01522,MA,984,1199,7,-1.62
9670,C,65248,MO,983,1815,12,6.24
9671,C,22644,VA,982,1115,11,7.8
9672,C,24556,VA,981,1134,19,4.69
9673,C,38329,TN,979,2086,27,17.2
9674,C,06384,CT,979,1262,5,3.46
9675,C,10548,NY,979,1401,4,-0.82
9676,C,96137,CA,978,3948,96,-3.8
9677,C,97463,OR,978,1775,22,-6.12
9678,C,04061,ME,978,1186,10,7.89
9679,C,14821,NY,978,1357,7,14.22
9680,C,61046,IL,977,1916,21,14.9
9681,C,76651,TX,977,1539,15,-0.6
9682,C,04861,ME,977,1445,13,-0.07
9683,C,42055,KY,976,1658,27,34.89
9684,C,12546,NY,976,1594,17,27.67
9685,C,50115,IA,976,1344,11,18.21
9686,C,52214,IA,976,1339,2,10.86
9687,C,84627,UT,975,1909,32,4.49
9688,C,07720,NJ,975,2836,8,2.93
9689,C,73121,OK,973,1411,10,14.8
9690,C,32322,FL,972,2258,87,-8.75
9691,C,84317,UT,971,2296,43,1.99
9692,C,11977,NY,971,1594,42,8.57
9693,C,12051,NY,971,1732,14,15.01
9694,C,47229,IN,971,1205,13,-3.9
9695,C,75790,TX,970,1536,34,4.07
9696,C,98564,WA,970,1563,21,6.37
9697,C,45218,OH,970,1595,9,2.54
9698,C,65770,MO,970,1212,7,35.24
9699,C,57532,SD,968,1405,12,-6.02
9700,C,53058,WI,966,1485,11,5.11
9701,C,11732,NY,964,1504,6,1.43
9702,C,24527,VA,964,1351,4,5.55
9703,C,07857,NJ,963,1973,11,12.23
9704,C,46504,IN,963,1232,3,7.33
9705,C,57025,SD,962,1318,11,32.73
9706,C,21562,MD,962,1517,9,30.69
9707,C,38870,MS,962,1456,9,12.95
9708,C,91906,CA,961,1336,11,4.7
9709,C,43917,OH,961,1225,8,4.22
9710,C,50627,IA,960,1598,20,-17.29
9711,C,62952,IL,960,1375,7,-2.41
9712,C,56359,MN,959,2072,21,17.6
9713,C,56465,MN,959,1749,17,-2.09
9714,C,89415,NV,959,1684,13,6.09
9715,C,18214,PA,959,1084,3,27.96
9716,C,74343,OK,958,1507,6,9.51
9717,C,54847,WI,956,2176,21,-21.08
9718,C,23868,VA,956,2257,9,14.19
9719,C,47359,IN,956,1530,9,24.01
9720,C,23919,VA,955,2679,41,17.68
9721,C,93267,CA,954,1686,8,6.47
9722,C,20623,MD,954,968,6,7.74
9723,C,55395,MN,953,1277,10,6.41
9724,C,01237,MA,952,1431,39,21.77
9725,C,03855,NH,952,1648,13,2.9
9726,C,61053,IL,952,1399,10,65.1
9727,C,72858,AR,952,1223,10,1.31
9728,C,43749,OH,952,1183,7,-0.19
9729,C,75453,TX,951,1298,23,-3.76
9730,C,81223,CO,950,1767,79,11.16
9731,C,56062,MN,950,1309,11,1.95
9732,C,94037,CA,950,1226,3,16.97
9733,C,60940,IL,949,1173,6,-2.75
9734,C,37352,TN,947,1493,29,8.13
9735,C,62353,IL,947,1585,21,8.61
9736,C,66054,KS,947,1226,5,2.92
9737,C,61281,IL,946,1146,4,51.71
9738,C,44452,OH,944,1166,5,6.21
9739,C,17365,PA,944,1153,4,17.74
9740,C,03237,NH,943,1340,20,5.83
9741,C,14521,NY,943,1566,9,10.44
9742,C,71654,AR,942,2058,12,0.8
9743,C,61273,IL,941,1221,3,0.22
9744,C,70113,LA,940,5512,58,-7.57
9745,C,60541,IL,939,1189,3,8.38
9746,C,64644,MO,938,1394,9,17.62
9747,C,27024,NC,938,1476,5,13.67
9748,C,52227,IA,935,1121,14,8.2
9749,C,32442,FL,934,1605,9,14.77
9750,C,80536,CO,933,1395,34,1.95
9751,C,56438,MN,931,1475,16,-3.17
9752,C,04757,ME,930,1326,9,0.99
9753,C,44428,OH,930,1294,8,18.41
9754,C,01096,MA,929,1214,4,3.88
9755,C,35172,AL,928,1301,4,12.46
9756,C,97019,OR,927,1207,19,6.45
9757,C,37317,TN,927,1371,16,-6.78
9758,C,04363,ME,927,1183,8,5.78
9759,C,59729,MT,926,1636,52,-7.32
9760,C,31019,GA,926,1229,9,20.46
9761,C,48891,MI,926,1268,5,-11.52
9762,C,59865,MT,924,1382,20,-2.34
9763,C,67544,KS,924,1562,10,2.79
9764,C,32767,FL,924,1198,9,30.58
9765,C,64862,MO,924,1498,7,16.55
9766,C,41063,KY,924,1081,4,11.72
9767,C,42519,KY,922,2144,38,38.56
9768,C,83210,ID,922,1325,8,24.58
9769,C,59425,MT,919,1771,13,-1.01
9770,C,94525,CA,919,1837,7,-10.63
9771,C,44451,OH,918,1396,8,-5.44
9772,C,16844,PA,917,1106,3,17.64
9773,C,83352,ID,916,1300,10,-10.17
9774,C,98568,WA,916,1217,5,19.99
9775,C,96725,HI,915,1690,18,28.55
9776,C,17267,PA,911,1266,6,11.36
9777,C,28167,NC,909,1234,18,28.06
9778,C,58474,ND,908,1205,3,-8.44
9779,C,75163,TX,907,1596,74,-17.22
9780,C,54538,WI,907,2835,16,15.05
9781,C,27830,NC,906,2083,36,2.59
9782,C,49629,MI,905,1696,11,-3.99
9783,C,67039,KS,905,1174,6,-7.54
9784,C,75423,TX,903,1213,41,3.3
9785,C,60157,IL,902,920,3,13.34
9786,C,23510,VA,901,4948,36,2.52
9787,C,28088,NC,900,1233,22,1.03
9788,C,53183,WI,898,1117,8,11.92
9789,C,19941,DE,896,1273,23,-5.56
9790,C,42518,KY,895,2152,40,-9.46
9791,C,54872,WI,894,2056,17,7.1
9792,C,67637,KS,894,1277,16,-6.64
9793,C,46044,IN,894,1121,8,16.31
9794,C,07077,NJ,892,1302,8,0.81
9795,C,96114,CA,891,1426,16,14.17
9796,C,02668,MA,889,1315,10,14.03
9797,C,69145,NE,887,1407,21,8.32
9798,C,50423,IA,886,1277,21,6.9
9799,C,32759,FL,885,1471,12,51.68
9800,C,80467,CO,884,1338,34,5.84
9801,C,24016,VA,883,5602,33,1.78
9802,C,84642,UT,883,1216,24,-8.65
9803,C,72142,AR,883,1183,11,15.21
9804,C,25130,WV,883,1623,4,6.55
9805,C,56340,MN,883,1013,3,5.84
9806,C,28125,NC,881,1179,8,-3.09
9807,C,55955,MN,881,976,6,5.08
9808,C,12547,NY,880,1358,6,9.8
9809,C,80133,CO,879,1065,15,6.49
9810,C,95485,CA,879,1322,12,-1.54
9811,C,50250,IA,879,1163,11,-0.39
9812,C,54658,WI,877,1155,5,2.71
9813,C,54817,WI,876,2414,28,4.94
9814,C,55940,MN,876,1186,6,5.43
9815,C,80734,CO,875,1356,16,-15.08
9816,C,05032,VT,875,1500,7,25.06
9817,C,97227,OR,873,3835,15,4.0
9818,C,12567,NY,872,1434,27,-5.71
9819,C,33136,FL,871,7994,37,4.21
9820,C,05860,VT,871,1670,17,27.35
9821,C,81648,CO,869,1351,14,2.23
9822,C,56065,MN,867,1107,10,-2.81
9823,C,98856,WA,866,1544,22,-13.29
9824,C,97041,OR,865,1443,12,23.06
9825,C,67013,KS,865,1262,9,9.41
9826,C,47383,IN,865,1039,8,10.44
9827,C,15554,PA,864,1131,6,4.49
9828,C,17344,PA,864,1526,5,-3.45
9829,C,18709,PA,864,1648,2,12.4
9830,C,28373,NC,863,1138,10,15.7
9831,C,71060,LA,861,1400,9,-3.63
9832,C,97148,OR,860,1170,19,10.11
9833,C,03782,NH,860,2135,18,-0.79
9834,C,15697,PA,860,1542,10,-11.13
9835,C,89419,NV,860,1511,9,18.48
9836,C,22620,VA,859,1127,20,8.85
9837,C,28665,NC,859,1556,19,17.98
9838,C,98376,WA,859,1314,19,13.13
9839,C,44215,OH,859,1260,4,2.21
9840,C,72644,AR,856,1322,27,4.65
9841,C,03440,NH,856,1365,8,9.13
9842,C,61277,IL,854,1325,12,9.74
9843,C,85625,AZ,853,1437,37,-1.79
9844,C,85173,AZ,853,1347,12,3.1
9845,C,49664,MI,853,1399,10,22.27
9846,C,49968,MI,853,1405,5,2.87
9847,C,65013,MO,850,1657,10,16.5
9848,C,35987,AL,850,1159,4,8.43
9849,C,46543,IN,850,985,2,10.28
9850,C,67467,KS,848,1282,13,12.35
9851,C,06060,CT,848,848,11,1.61
9852,C,48419,MI,848,1293,9,27.8
9853,C,97455,OR,848,1046,8,-5.91
9854,C,68520,NE,846,1126,55,10.18
9855,C,28160,NC,846,1953,16,24.54
9856,C,62640,IL,846,1577,4,11.14
9857,C,21673,MD,845,1553,23,-7.94
9858,C,56256,MN,845,1349,14,13.44
9859,C,06247,CT,845,1003,5,-23.4
9860,C,43569,OH,845,1163,4,-7.33
9861,C,40068,KY,844,1004,8,12.42
9862,C,64454,MO,844,1077,8,-7.79
9863,C,65679,MO,843,1517,6,-4.14
9864,C,98537,WA,843,1166,6,-2.87
9865,C,83822,ID,841,1197,28,38.54
9866,C,03784,NH,841,2168,12,8.19
9867,C,12921,NY,840,1313,12,3.05
9868,C,76449,TX,839,2832,118,22.55
9869,C,66013,KS,839,890,64,-1.89
9870,C,97846,OR,839,1587,25,-4.87
9871,C,04537,ME,839,1305,19,3.89
9872,C,04974,ME,838,1628,19,12.59
9873,C,89449,NV,836,2296,69,0.84
9874,C,43155,OH,836,1171,22,26.36
9875,C,35019,AL,836,1058,4,3.44
9876,C,41095,KY,835,1645,10,9.67
9877,C,47951,IN,835,1158,9,9.59
9878,C,35073,AL,835,1446,8,-6.47
9879,C,31303,GA,834,1091,5,17.62
9880,C,61817,IL,834,1163,5,9.92
9881,C,50658,IA,833,1189,11,-2.72
9882,C,03221,NH,832,1284,13,15.27
9883,C,83611,ID,831,3315,69,14.54
9884,C,66090,KS,831,1265,3,15.31
9885,C,84333,UT,830,1018,9,-4.01
9886,C,56361,MN,829,1221,6,-4.1
9887,C,35087,AL,829,969,4,-11.28
9888,C,50063,IA,828,1134,11,-1.43
9889,C,37026,TN,826,1136,5,15.41
9890,C,57469,SD,825,1565,15,4.51
9891,C,67672,KS,825,1214,6,12.81
9892,C,85936,AZ,824,1396,19,27.29
9893,C,12106,NY,824,1053,13,-25.86
9894,C,78950,TX,823,1200,13,16.44
9895,C,53049,WI,823,1099,12,0.85
9896,C,38366,TN,823,1173,5,11.07
9897,C,02804,RI,822,1182,3,9.07
9898,C,98588,WA,821,1493,10,0.33
9899,C,44656,OH,821,1354,2,54.64
9900,C,98595,WA,820,2109,73,11.85
9901,C,80117,CO,820,954,19,0.32
9902,C,89439,NV,820,1096,17,7.8
9903,C,03057,NH,820,964,6,6.49
9904,C,57366,SD,820,1173,6,6.33
9905,C,37866,TN,819,1294,26,8.97
9906,C,49799,MI,819,1484,5,8.71
9907,C,14476,NY,819,1016,3,33.75
9908,C,62018,IL,819,1220,3,-4.34
9909,C,61529,IL,818,1158,1,9.67
9910,C,76059,TX,817,2100,29,-24.13
9911,C,47634,IN,817,952,9,-11.22
9912,C,24328,VA,816,1551,38,28.68
9913,C,95460,CA,816,1401,15,23.87
9914,C,05261,VT,816,1029,10,21.8
9915,C,54745,WI,815,1581,12,9.55
9916,C,47954,IN,815,942,6,11.58
9917,C,28357,NC,814,1216,5,13.72
9918,C,45877,OH,813,1013,2,2.36
9919,C,17353,PA,812,1252,14,-2.17
9920,C,12523,NY,811,1315,5,1.33
9921,C,50841,IA,810,1366,7,28.4
9922,C,68527,NE,808,870,49,6.37
9923,C,31201,GA,808,4916,45,1.09
9924,C,30079,GA,808,1762,26,-2.07
9925,C,83850,ID,806,1055,8,4.0
9926,C,38229,TN,804,1248,10,27.51
9927,C,59922,MT,803,1450,42,11.1
9928,C,06330,CT,803,1305,3,3.32
9929,C,08202,NJ,802,5668,68,9.13
9930,C,32346,FL,802,1716,59,-4.84
9931,C,47920,IN,802,979,3,-0.27
9932,C,59868,MT,801,1652,28,46.72
9933,C,30547,GA,800,1261,57,14.13
9934,C,54562,WI,800,2878,12,5.11
9935,C,55054,MN,800,939,10,-8.56
9936,C,56209,MN,800,1280,7,6.62
9937,C,97465,OR,799,1376,32,-17.6
9938,C,80654,CO,799,1165,26,-1.11
9939,C,10963,NY,799,1281,10,4.28
9940,C,98645,WA,798,891,9,-7.05
9941,C,44836,OH,798,974,2,-11.34
9942,C,49644,MI,797,2951,22,-15.71
9943,C,98039,WA,795,1077,36,22.26
9944,C,70052,LA,795,1192,13,9.4
9945,C,93532,CA,794,1174,20,-0.95
9946,C,03467,NH,793,944,3,5.4
9947,C,71032,LA,792,1055,2,26.32
9948,C,36080,AL,791,1072,14,9.56
9949,C,55019,MN,791,855,12,1.75
9950,C,04441,ME,790,2435,35,14.11
9951,C,59834,MT,790,1006,11,11.35
9952,C,66536,KS,790,1157,5,-2.23
9953,C,93066,CA,789,1127,11,28.31
9954,C,96143,CA,788,2824,34,22.38
9955,C,02827,RI,788,843,8,11.23
9956,C,44688,OH,788,1225,2,27.69
9957,C,61734,IL,787,1108,9,15.59
9958,C,53504,WI,787,1007,6,10.54
9959,C,59829,MT,786,1362,37,16.01
9960,C,65452,MO,786,1245,17,4.81
9961,C,22734,VA,785,1422,10,10.26
9962,C,50574,IA,784,1142,14,10.9
9963,C,36523,AL,784,1201,11,31.94
9964,C,27808,NC,783,1420,19,7.33
9965,C,50669,IA,783,1161,7,4.87
9966,C,23071,VA,781,1118,25,14.55
9967,C,29458,SC,780,1217,13,25.99
9968,C,55750,MN,779,957,19,23.04
9969,C,58278,ND,779,855,4,11.24
9970,C,83837,ID,778,1707,38,2.01
9971,C,38222,TN,778,1260,29,-13.21
9972,C,96032,CA,777,1361,18,-20.48
9973,C,59421,MT,777,1439,17,11.58
9974,C,49271,MI,776,1062,2,13.47
9975,C,29729,SC,774,1094,17,28.57
9976,C,04684,ME,774,1312,13,9.14
9977,C,67056,KS,773,1165,6,8.58
9978,C,49125,MI,772,1649,20,16.33
9979,C,71485,LA,772,1169,8,1.74
9980,C,47952,IN,771,1342,9,34.38
9981,C,98947,WA,770,1006,9,14.0
9982,C,59037,MT,769,901,10,25.18
9983,C,55074,MN,768,885,8,9.04
9984,C,68002,NE,768,1012,3,6.86
9985,C,14865,NY,767,1151,8,15.32
9986,C,54004,WI,767,1058,8,10.65
9987,C,02630,MA,766,1062,12,2.37
9988,C,50061,IA,765,802,21,5.33
9989,C,49751,MI,765,1765,15,9.85
9990,C,14741,NY,765,1272,13,52.61
9991,C,62326,IL,764,1072,6,-0.2
9992,C,54460,WI,764,1009,3,13.48
9993,C,49688,MI,763,1251,9,20.06
9994,C,68073,NE,763,931,9,1.57
9995,C,53044,WI,762,929,12,8.85
9996,C,43314,OH,762,1135,3,2.81
9997,C,03902,ME,761,1399,22,10.27
9998,C,28684,NC,761,1471,22,-4.64
9999,C,12578,NY,760,1044,13,-7.14
10000,C,31565,GA,759,1058,35,9.9
10001,C,93271,CA,759,1441,33,1.43
10002,C,44429,OH,759,1476,20,2.22
10003,C,23881,VA,759,1207,8,-1.17
10004,C,72642,AR,758,1152,18,-14.07
10005,C,31560,GA,758,1260,13,-2.54
10006,C,46172,IN,756,991,5,8.88
10007,C,53576,WI,755,1016,6,5.33
10008,C,22576,VA,754,1005,19,26.05
10009,C,37052,TN,754,843,10,19.63
10010,C,44859,OH,754,754,3,-21.33
10011,C,04472,ME,753,1279,12,32.14
10012,C,32702,FL,752,1561,4,37.09
10013,C,54245,WI,752,987,3,-6.18
10014,C,97366,OR,751,1174,35,13.96
10015,C,12531,NY,751,1085,15,-1.65
10016,C,54747,WI,751,1250,6,2.37
10017,C,50676,IA,751,917,2,-4.76
10018,C,30733,GA,750,1070,9,7.62
10019,C,54082,WI,750,931,7,3.73
10020,C,56072,MN,750,1034,7,1.57
10021,C,47970,IN,749,1005,10,6.75
10022,C,40119,KY,747,2034,29,19.05
10023,C,56208,MN,747,1147,13,-8.65
10024,C,56586,MN,747,1310,7,14.32
10025,C,37350,TN,747,864,6,1.29
10026,C,19373,PA,747,770,4,7.71
10027,C,28395,NC,746,1083,20,2.02
10028,C,60043,IL,746,815,12,10.2
10029,C,62468,IL,746,1046,3,14.67
10030,C,05149,VT,745,3399,73,-10.71
10031,C,03745,NH,745,859,4,32.43
10032,C,38356,TN,745,1243,3,-25.6
10033,C,30552,GA,744,1686,37,26.9
10034,C,43116,OH,743,786,22,12.35
10035,C,84535,UT,743,979,18,-7.72
10036,C,40385,KY,741,1256,7,1.27
10037,C,51001,IA,740,1051,6,9.29
10038,C,83245,ID,739,886,15,-4.41
10039,C,81524,CO,738,932,17,-5.02
10040,C,40372,KY,738,904,6,-6.06
10041,C,49436,MI,737,2300,31,1.61
10042,C,35148,AL,736,1226,6,4.3
10043,C,52203,IA,736,949,6,3.58
10044,C,62677,IL,736,895,4,6.61
10045,C,59716,MT,735,2837,169,-10.28
10046,C,83845,ID,735,1072,14,-3.07
10047,C,49885,MI,735,1076,6,9.5
10048,C,43570,OH,735,1189,5,0.74
10049,C,97362,OR,733,1377,16,-3.81
10050,C,56571,MN,732,1574,32,23.37
10051,C,05440,VT,732,1531,12,13.52
10052,C,50207,IA,732,1175,4,-7.19
10053,C,55735,MN,731,1390,13,5.28
10054,C,95638,CA,731,863,3,0.93
10055,C,82729,WY,730,1273,20,2.35
10056,C,21160,MD,730,1004,3,2.85
10057,C,80720,CO,729,1166,13,28.24
10058,C,40078,KY,728,986,4,7.78
10059,C,33827,FL,727,1239,20,16.58
10060,C,04029,ME,727,1506,14,26.72
10061,C,49287,MI,726,1055,6,8.79
10062,C,20778,MD,726,739,5,-2.93
10063,C,43071,OH,726,857,4,10.24
10064,C,53507,WI,725,954,4,-2.13
10065,C,60948,IL,724,882,15,9.77
10066,C,61427,IL,722,984,9,22.99
10067,C,45873,OH,722,1022,6,45.74
10068,C,68955,NE,722,825,4,21.3
10069,C,44675,OH,721,1105,8,22.87
10070,C,68317,NE,721,792,4,8.06
10071,C,49446,MI,720,1143,5,-10.77
10072,C,53932,WI,720,1050,4,5.43
10073,C,01375,MA,720,1930,3,8.71
10074,C,52043,IA,719,1015,13,4.83
10075,C,67543,KS,719,893,4,-7.24
10076,C,12466,NY,718,884,6,-6.32
10077,C,44866,OH,717,825,1,9.4
10078,C,03830,NH,716,1523,16,9.65
10079,C,55956,MN,716,936,6,14.21
10080,C,96722,HI,715,2800,90,-9.93
10081,C,59823,MT,715,865,9,7.26
10082,C,10511,NY,715,849,8,6.77
10083,C,93667,CA,715,1023,6,-0.99
10084,C,62347,IL,715,827,3,12.24
10085,C,89448,NV,714,1744,22,11.75
10086,C,22724,VA,714,790,8,6.86
10087,C,84631,UT,713,1074,23,23.4
10088,C,67877,KS,713,919,10,7.39
10089,C,56312,MN,713,934,3,10.47
10090,C,74061,OK,712,984,5,25.39
10091,C,60927,IL,712,917,3,15.52
10092,C,23350,VA,711,1866,18,4.25
10093,C,52076,IA,711,1013,6,-6.08
10094,C,46186,IN,710,805,8,-39.3
10095,C,43060,OH,709,1054,4,7.69
10096,C,65072,MO,708,2755,44,1.22
10097,C,52151,IA,707,1323,8,-3.84
10098,C,56449,MN,707,868,8,-5.03
10099,C,04952,ME,707,869,5,27.87
10100,C,49753,MI,706,1327,10,19.46
10101,C,51028,IA,706,953,6,11.99
10102,C,46058,IN,705,859,7,8.34
10103,C,35188,AL,705,976,6,18.93
10104,C,80105,CO,704,822,19,3.43
10105,C,48861,MI,704,746,2,-0.03
10106,C,12764,NY,701,1477,26,16.63
10107,C,49309,MI,701,2025,14,8.78
10108,C,21798,MD,701,933,5,12.8
10109,C,81415,CO,700,979,42,15.57
10110,C,68730,NE,699,1104,10,31.48
10111,C,51024,IA,699,841,7,13.19
10112,C,56098,MN,698,1020,4,9.16
10113,C,23517,VA,696,2901,20,-6.42
10114,C,49733,MI,695,1510,15,-2.51
10115,C,92655,CA,695,2845,3,11.09
10116,C,80512,CO,694,1304,40,-2.21
10117,C,97417,OR,693,1175,9,7.18
10118,C,06782,CT,693,766,7,7.45
10119,C,55952,MN,693,964,7,3.83
10120,C,97442,OR,692,1041,19,-2.67
10121,C,98822,WA,689,964,24,-1.64
10122,C,53125,WI,688,2254,53,13.4
10123,C,54514,WI,688,1556,13,40.71
10124,C,35078,AL,688,970,9,4.13
10125,C,28449,NC,687,1958,59,20.68
10126,C,83832,ID,687,839,7,2.21
10127,C,59820,MT,687,889,5,5.08
10128,C,53093,WI,687,779,3,24.7
10129,C,22454,VA,686,1349,16,8.79
10130,C,80459,CO,685,1226,33,10.9
10131,C,65256,MO,685,931,15,3.12
10132,C,05773,VT,685,1094,9,-1.49
10133,C,22610,VA,684,830,8,51.59
10134,C,30234,GA,684,843,8,17.11
10135,C,50458,IA,683,932,9,-8.95
10136,C,54405,WI,683,1032,5,13.77
10137,C,92391,CA,682,1546,41,-9.07
10138,C,35752,AL,681,1204,12,18.2
10139,C,29809,SC,680,1080,12,14.71
10140,C,81410,CO,680,827,10,-2.47
10141,C,11509,NY,679,1193,18,8.46
10142,C,04555,ME,678,1144,10,15.23
10143,C,12581,NY,678,1144,8,9.28
10144,C,54028,WI,678,1001,7,1.36
10145,C,82513,WY,675,1426,37,-0.62
10146,C,83629,ID,673,941,30,-1.75
10147,C,03887,NH,673,900,11,-1.39
10148,C,53923,WI,672,889,8,2.1
10149,C,54896,WI,671,2179,25,24.82
10150,C,03255,NH,670,1532,17,15.75
10151,C,76935,TX,670,885,13,9.42
10152,C,15035,PA,670,1112,12,0.6
10153,C,32564,FL,670,892,7,9.94
10154,C,42166,KY,669,1036,8,58.14
10155,C,56128,MN,669,815,6,21.25
10156,C,90028,CA,667,22344,42,4.97
10157,C,23175,VA,667,1307,10,0.91
10158,C,61843,IL,666,787,10,11.55
10159,C,05472,VT,666,867,1,28.28
10160,C,10526,NY,666,795,1,8.45
10161,C,04538,ME,664,1826,20,30.17
10162,C,56332,MN,663,849,3,9.01
10163,C,56433,MN,661,1365,18,23.35
10164,C,92590,CA,660,2023,46,8.53
10165,C,28717,NC,659,2310,68,35.47
10166,C,11939,NY,659,1222,15,29.74
10167,C,30669,GA,659,1282,12,12.1
10168,C,55012,MN,656,821,4,-1.36
10169,C,33786,FL,654,1207,39,-2.69
10170,C,54824,WI,653,1076,3,13.91
10171,C,22967,VA,652,1455,74,-7.47
10172,C,81055,CO,652,1718,71,-6.36
10173,C,72722,AR,652,1208,17,7.43
10174,C,55052,MN,652,886,5,18.01
10175,C,53529,WI,651,899,3,4.01
10176,C,70652,LA,650,883,19,6.78
10177,C,48748,MI,650,1817,17,4.56
10178,C,44441,OH,650,700,8,9.37
10179,C,57053,SD,649,881,13,-4.85
10180,C,20860,MD,649,849,7,15.07
10181,C,68869,NE,648,1102,8,3.12
10182,C,83250,ID,648,780,4,13.08
10183,C,52324,IA,647,723,10,0.65
10184,C,53006,WI,647,822,2,5.88
10185,C,17034,PA,646,1553,11,-18.23
10186,C,73151,OK,646,646,11,21.66
10187,C,95977,CA,646,778,11,-3.42
10188,C,93609,CA,646,1483,4,-12.08
10189,C,23410,VA,644,1118,11,18.73
10190,C,59749,MT,643,885,23,7.8
10191,C,60476,IL,642,849,8,5.86
10192,C,28774,NC,641,2603,121,7.02
10193,C,49795,MI,641,1197,9,10.91
10194,C,44064,OH,641,715,2,4.06
10195,C,23438,VA,640,711,21,4.04
10196,C,92061,CA,640,1020,20,21.02
10197,C,23043,VA,640,1596,14,-9.28
10198,C,47963,IN,640,890,6,3.51
10199,C,62910,IL,640,935,5,7.4
10200,C,85646,AZ,639,1110,50,21.76
10201,C,29935,SC,639,2126,35,-2.53
10202,C,38482,TN,639,733,11,34.45
10203,C,13685,NY,638,1444,14,7.02
10204,C,30630,GA,638,1152,12,-4.92
10205,C,51521,IA,636,934,9,-12.68
10206,C,12516,NY,635,990,20,-6.17
10207,C,84326,UT,635,702,2,4.55
10208,C,11957,NY,634,1095,12,6.6
10209,C,44902,OH,633,2240,14,46.55
10210,C,47260,IN,633,833,3,-6.45
10211,C,32358,FL,632,1327,22,18.64
10212,C,23966,VA,632,1036,7,11.59
10213,C,78638,TX,629,875,12,10.52
10214,C,23149,VA,629,1092,10,2.82
10215,C,51576,IA,629,751,2,-3.13
10216,C,96027,CA,628,928,13,18.34
10217,C,46171,IN,628,813,3,-7.7
10218,C,64469,MO,627,963,7,-2.35
10219,C,12737,NY,626,1089,30,-15.02
10220,C,43222,OH,626,2311,29,27.75
10221,C,46919,IN,625,827,4,8.53
10222,C,04543,ME,624,1339,7,33.32
10223,C,23038,VA,624,822,4,6.96
10224,C,43771,OH,621,997,9,2.58
10225,C,59063,MT,620,861,5,4.05
10226,C,47230,IN,619,831,4,39.29
10227,C,97112,OR,618,1337,25,1.1
10228,C,51535,IA,618,825,17,1.25
10229,C,12062,NY,617,865,6,22.98
10230,C,01081,MA,616,831,8,12.92
10231,C,57430,SD,614,1027,8,14.95
10232,C,32625,FL,613,1262,62,11.34
10233,C,05829,VT,612,1141,22,18.79
10234,C,56338,MN,612,1229,9,-0.66
10235,C,53019,WI,611,813,13,24.92
10236,C,97431,OR,611,953,6,-5.99
10237,C,62271,IL,611,851,3,5.59
10238,C,76630,TX,610,788,5,-2.85
10239,C,98592,WA,609,954,30,-2.57
10240,C,56443,MN,609,1449,14,10.62
10241,C,05459,VT,609,830,8,17.61
10242,C,39216,MS,608,2073,20,4.11
10243,C,96763,HI,608,1578,14,7.69
10244,C,01053,MA,607,820,5,11.38
10245,C,05444,VT,605,706,12,11.37
10246,C,61744,IL,605,813,4,8.26
10247,C,81236,CO,604,1201,33,17.16
10248,C,72530,AR,604,1368,27,37.1
10249,C,61813,IL,604,805,3,-17.49
10250,C,59645,MT,603,1077,15,6.84
10251,C,55088,MN,603,671,6,4.7
10252,C,24437,VA,602,602,2,15.57
10253,C,62554,IL,602,717,2,0.6
10254,C,55795,MN,598,1060,12,12.04
10255,C,72658,AR,597,992,20,20.63
10256,C,50604,IA,597,772,5,9.31
10257,C,59932,MT,596,1033,24,9.24
10258,C,53137,WI,596,652,2,11.09
10259,C,80137,CO,595,639,34,13.74
10260,C,62037,IL,595,1096,13,-0.17
10261,C,50046,IA,595,792,3,13.52
10262,C,78623,TX,594,678,49,13.16
10263,C,96103,CA,594,1773,48,28.64
10264,C,31829,GA,594,635,18,25.52
10265,C,11955,NY,593,1626,13,8.8
10266,C,54740,WI,593,837,6,10.46
10267,C,04553,ME,592,918,14,48.0
10268,C,12173,NY,592,835,10,13.52
10269,C,64734,MO,592,802,10,3.45
10270,C,97360,OR,591,964,15,-6.32
10271,C,94957,CA,591,775,3,8.39
10272,C,95019,CA,591,1899,3,-4.96
10273,C,27315,NC,589,944,7,0.39
10274,C,14477,NY,589,851,5,20.38
10275,C,04563,ME,587,992,19,-0.18
10276,C,66052,KS,587,827,10,-2.85
10277,C,61047,IL,586,708,7,8.91
10278,C,67522,KS,586,770,4,0.35
10279,C,04354,ME,585,981,14,15.11
10280,C,03217,NH,585,1340,12,16.56
10281,C,49405,MI,585,940,6,26.32
10282,C,65617,MO,585,734,4,-11.82
10283,C,58785,ND,584,642,7,-0.92
10284,C,68979,NE,583,769,12,9.03
10285,C,54566,WI,583,1394,11,14.3
10286,C,20198,VA,582,1136,10,18.24
10287,C,71007,LA,582,795,0,-25.46
10288,C,28510,NC,581,1029,26,15.02
10289,C,65713,MO,581,946,7,-17.2
10290,C,55089,MN,581,685,2,-18.92
10291,C,83654,ID,580,1148,19,18.55
10292,C,98351,WA,578,816,13,-2.57
10293,C,35984,AL,577,1378,46,-28.71
10294,C,07717,NJ,577,1254,9,-11.28
10295,C,80478,CO,576,1277,48,24.52
10296,C,93453,CA,576,1151,10,-5.08
10297,C,14040,NY,576,620,1,23.89
10298,C,68642,NE,575,691,6,22.43
10299,C,80442,CO,574,2976,124,36.57
10300,C,14541,NY,573,1115,7,37.76
10301,C,51551,IA,573,757,7,16.41
10302,C,05457,VT,572,937,8,-11.9
10303,C,12501,NY,571,1062,11,-3.93
10304,C,57014,SD,571,690,9,19.18
10305,C,64139,MO,571,930,2,2.41
10306,C,54149,WI,569,1918,20,28.99
10307,C,56628,MN,569,1605,13,-9.32
10308,C,35135,AL,568,857,11,9.04
10309,C,43406,OH,568,749,2,3.33
10310,C,84774,UT,567,670,15,6.0
10311,C,56222,MN,567,880,5,47.82
10312,C,80482,CO,566,3632,132,0.8
10313,C,56315,MN,566,975,8,14.89
10314,C,22637,VA,565,1026,5,12.16
10315,C,50624,IA,565,656,5,-3.75
10316,C,22952,VA,565,675,4,7.87
10317,C,54977,WI,564,758,4,13.09
10318,C,47177,IN,564,701,2,18.3
10319,C,03907,ME,561,2106,24,9.63
10320,C,28544,NC,561,2311,7,3.33
10321,C,55335,MN,561,743,5,-15.02
10322,C,12168,NY,561,793,4,8.0
10323,C,69143,NE,561,686,4,42.43
10324,C,95328,CA,560,1317,8,3.84
10325,C,20818,MD,560,658,3,15.01
10326,C,57058,SD,559,829,7,9.39
10327,C,48890,MI,559,782,2,13.0
10328,C,97014,OR,558,794,5,12.43
10329,C,37360,TN,558,841,3,-11.3
10330,C,51347,IA,557,747,13,7.54
10331,C,97452,OR,557,709,6,-13.93
10332,C,54726,WI,557,776,4,2.01
10333,C,47468,IN,556,905,7,39.61
10334,C,98281,WA,554,2088,30,5.52
10335,C,30634,GA,554,974,8,16.26
10336,C,49780,MI,554,985,4,-0.99
10337,C,04346,ME,553,888,5,10.58
10338,C,93601,CA,552,691,16,-9.3
10339,C,65011,MO,552,1329,11,19.38
10340,C,04047,ME,552,1077,7,-0.99
10341,C,95664,CA,551,615,7,28.04
10342,C,30537,GA,550,1716,47,24.55
10343,C,12583,NY,550,1027,11,1.8
10344,C,60531,IL,549,847,6,9.42
10345,C,92386,CA,548,3101,95,-5.61
10346,C,43348,OH,548,1498,24,7.27
10347,C,51248,IA,547,728,11,29.47
10348,C,95310,CA,547,914,7,-0.55
10349,C,55368,MN,546,765,3,17.58
10350,C,20763,MD,546,1113,1,7.41
10351,C,31022,GA,545,758,7,-4.75
10352,C,95975,CA,544,796,6,1.31
10353,C,48028,MI,543,1538,14,-0.88
10354,C,99101,WA,543,765,13,2.18
10355,C,46776,IN,542,878,4,10.09
10356,C,05487,VT,542,658,2,-8.74
10357,C,41183,KY,541,879,5,-4.36
10358,C,44404,OH,540,627,1,-1.44
10359,C,31527,GA,539,1434,41,17.2
10360,C,12577,NY,539,620,14,23.87
10361,C,85611,AZ,539,663,13,0.84
10362,C,62084,IL,539,789,1,-10.11
10363,C,50469,IA,538,703,6,29.78
10364,C,59925,MT,537,922,29,23.64
10365,C,59758,MT,537,1695,17,19.67
10366,C,23830,VA,537,601,5,29.37
10367,C,04010,ME,536,914,15,10.68
10368,C,03043,NH,536,704,6,9.84
10369,C,54974,WI,536,583,4,7.04
10370,C,76271,TX,534,731,28,-5.42
10371,C,03816,NH,534,855,19,-9.96
10372,C,57745,SD,534,941,16,16.45
10373,C,05486,VT,533,1023,14,-2.02
10374,C,27343,NC,532,1309,18,13.23
10375,C,54539,WI,532,1926,12,22.58
10376,C,04088,ME,531,993,15,-1.32
10377,C,42160,KY,531,876,9,19.36
10378,C,62513,IL,531,730,4,22.67
10379,C,48468,MI,530,1070,8,7.17
10380,C,54979,WI,530,636,5,33.14
10381,C,50554,IA,530,809,4,20.23
10382,C,03287,NH,528,696,6,20.45
10383,C,80449,CO,527,1089,66,22.29
10384,C,98843,WA,527,1469,15,17.35
10385,C,84757,UT,526,726,19,13.77
10386,C,54519,WI,526,1608,6,-7.86
10387,C,52132,IA,526,848,5,31.45
10388,C,98638,WA,525,732,12,19.49
10389,C,54805,WI,524,790,4,19.46
10390,C,45334,OH,522,799,6,-9.31
10391,C,98847,WA,521,1099,8,1.47
10392,C,62546,IL,521,647,2,-11.96
10393,C,80864,CO,520,696,16,62.1
10394,C,57020,SD,520,582,6,1.82
10395,C,59846,MT,519,658,10,-16.07
10396,C,22733,VA,519,738,7,3.78
10397,C,95635,CA,519,601,7,-9.57
10398,C,83876,ID,518,1429,16,20.91
10399,C,05474,VT,518,1071,15,17.34
10400,C,04547,ME,516,846,5,22.24
10401,C,50621,IA,516,750,1,-1.52
10402,C,56316,MN,515,721,5,10.17
10403,C,04970,ME,514,2286,67,51.12
10404,C,45836,OH,514,696,3,16.85
10405,C,38580,TN,512,752,13,20.17
10406,C,54442,WI,512,764,6,10.49
10407,C,49029,MI,512,697,3,23.26
10408,C,84662,UT,511,658,10,15.3
10409,C,80813,CO,510,1319,55,22.88
10410,C,54759,WI,509,791,15,7.46
10411,C,65324,MO,508,1838,24,12.54
10412,C,96731,HI,508,1310,18,14.21
10413,C,36579,AL,508,966,6,0.03
10414,C,48472,MI,508,712,3,5.04
10415,C,61818,IL,508,655,3,3.87
10416,C,95421,CA,507,1143,18,2.34
10417,C,93553,CA,507,729,10,0.82
10418,C,92086,CA,507,739,9,8.77
10419,C,21640,MD,507,546,1,8.16
10420,C,87710,NM,505,2877,211,35.25
10421,C,52345,IA,504,576,10,-5.32
10422,C,23432,VA,503,636,9,26.71
10423,C,05739,VT,501,719,9,1.86
10424,C,54626,WI,500,907,7,0.35
10425,C,68359,NE,498,686,7,6.59
10426,C,15019,PA,498,698,2,14.73
10427,C,01537,MA,497,779,7,17.03
10428,C,01368,MA,494,618,4,8.93
10429,C,48731,MI,493,769,3,2.76
10430,C,52073,IA,493,589,1,27.84
10431,C,95462,CA,492,974,13,11.6
10432,C,99161,WA,491,651,14,1.38
10433,C,01236,MA,491,789,5,12.27
10434,C,81527,CO,490,742,15,7.33
10435,C,80545,CO,489,1837,68,26.35
10436,C,95441,CA,486,940,21,12.27
10437,C,62642,IL,486,640,2,-9.01
10438,C,04556,ME,485,770,18,11.79
10439,C,06031,CT,485,795,3,24.87
10440,C,42355,KY,485,747,2,11.64
10441,C,02659,MA,483,1187,6,27.64
10442,C,50105,IA,482,552,10,1.38
10443,C,68924,NE,482,590,4,5.81
10444,C,37318,TN,481,807,17,30.27
10445,C,95246,CA,481,702,16,20.19
10446,C,03466,NH,481,647,5,-3.9
10447,C,28736,NC,479,1308,57,19.94
10448,C,47385,IN,479,701,7,-1.89
10449,C,91502,CA,479,5734,6,12.04
10450,C,43540,OH,479,566,2,-3.29
10451,C,83873,ID,477,1154,11,5.99
10452,C,22846,VA,477,545,6,-0.67
10453,C,48762,MI,476,1026,10,15.52
10454,C,19954,DE,476,686,5,-8.95
10455,C,56653,MN,474,752,4,-2.45
10456,C,12486,NY,474,689,3,-19.17
10457,C,04449,ME,472,664,8,15.19
10458,C,30137,GA,471,662,17,10.16
10459,C,43533,OH,471,675,3,9.36
10460,C,59639,MT,469,999,20,29.48
10461,C,43340,OH,468,729,1,6.13
10462,C,80737,CO,465,796,15,9.21
10463,C,01098,MA,463,628,8,2.22
10464,C,38730,MS,463,652,6,15.04
10465,C,50602,IA,462,675,7,-2.47
10466,C,68770,NE,461,743,3,3.73
10467,C,04219,ME,460,1085,8,24.82
10468,C,27553,NC,460,957,3,23.21
10469,C,61428,IL,458,836,7,-6.53
10470,C,62340,IL,455,792,3,1.01
10471,C,03592,NH,454,1941,24,8.0
10472,C,97376,OR,453,846,13,-8.81
10473,C,95629,CA,452,624,13,6.46
10474,C,12067,NY,452,554,1,-9.87
10475,C,51331,IA,450,1622,59,10.31
10476,C,83813,ID,448,709,9,-0.49
10477,C,61361,IL,447,703,7,21.11
10478,C,52768,IA,447,604,2,8.82
10479,C,37403,TN,446,2394,48,1.58
10480,C,08247,NJ,446,3290,40,5.86
10481,C,98586,WA,445,901,20,5.32
10482,C,47030,IN,445,564,3,30.44
10483,C,98276,WA,444,557,8,0.34
10484,C,66514,KS,444,687,5,5.12
10485,C,98262,WA,443,912,18,35.65
10486,C,97813,OR,442,614,6,26.58
10487,C,62376,IL,442,568,2,11.79
10488,C,95636,CA,441,583,14,6.95
10489,C,05682,VT,441,582,4,-8.31
10490,C,61488,IL,440,564,3,8.57
10491,C,61006,IL,440,679,2,14.73
10492,C,49262,MI,440,525,1,10.03
10493,C,81154,CO,439,1938,48,-6.86
10494,C,93653,CA,439,652,11,25.48
10495,C,61759,IL,439,591,1,-4.06
10496,C,93238,CA,438,865,20,21.09
10497,C,97040,OR,437,780,15,16.03
10498,C,56324,MN,437,681,4,-5.35
10499,C,79084,TX,436,711,9,15.04
10500,C,45312,OH,436,508,1,26.29
10501,C,04679,ME,435,1428,13,27.0
10502,C,24079,VA,434,675,12,14.99
10503,C,94937,CA,433,809,7,-5.75
10504,C,97130,OR,432,1595,36,6.56
10505,C,70040,LA,432,518,6,5.26
10506,C,84783,UT,431,530,10,-6.29
10507,C,56570,MN,430,780,7,22.91
10508,C,54408,WI,430,544,1,12.76
10509,C,03777,NH,429,647,5,7.04
10510,C,97135,OR,428,1490,34,16.26
10511,C,58722,ND,428,561,9,9.49
10512,C,49406,MI,425,921,15,17.45
10513,C,22511,VA,424,903,31,13.34
10514,C,43760,OH,424,724,3,4.6
10515,C,72044,AR,423,798,30,26.91
10516,C,81523,CO,422,652,9,8.34
10517,C,46785,IN,422,547,5,11.01
10518,C,55385,MN,421,548,3,0.65
10519,C,56181,MN,421,566,2,-2.94
10520,C,97885,OR,419,643,13,29.33
10521,C,72122,AR,418,588,7,-0.67
10522,C,30572,GA,417,1361,29,32.79
10523,C,54210,WI,415,1142,22,23.66
10524,C,27916,NC,413,586,5,20.72
10525,C,84634,UT,412,622,12,7.79
10526,C,23153,VA,412,518,6,6.71
10527,C,57048,SD,412,524,4,5.41
10528,C,42170,KY,412,682,2,-2.56
10529,C,20779,MD,411,563,4,-3.7
10530,C,05343,VT,410,1227,18,34.04
10531,C,90704,CA,410,1971,10,0.03
10532,C,53007,WI,410,907,4,0.06
10533,C,14418,NY,409,890,6,26.86
10534,C,06750,CT,409,788,4,27.12
10535,C,03280,NH,408,1016,14,14.12
10536,C,95573,CA,408,989,11,30.82
10537,C,95919,CA,407,780,5,41.13
10538,C,12502,NY,405,599,6,22.32
10539,C,03854,NH,402,517,3,1.7
10540,C,51461,IA,402,559,3,49.19
10541,C,28902,NC,401,786,17,15.22
10542,C,06242,CT,399,586,5,-1.93
10543,C,86017,AZ,398,3191,51,-1.21
10544,C,54545,WI,396,1328,17,9.67
10545,C,61330,IL,396,550,2,3.0
10546,C,54653,WI,393,512,1,13.56
10547,C,02534,MA,391,628,5,62.71
10548,C,80444,CO,388,828,24,24.97
10549,C,64473,MO,388,596,4,5.29
10550,C,03450,NH,386,673,4,15.98
10551,C,80809,CO,385,627,15,-20.31
10552,C,54212,WI,383,1256,49,9.26
10553,C,57012,SD,383,507,11,31.07
10554,C,48761,MI,383,1405,9,-10.49
10555,C,47922,IN,383,557,7,-5.15
10556,C,49619,MI,381,629,8,8.8
10557,C,03846,NH,380,1010,8,8.54
10558,C,02543,MA,380,1093,2,28.57
10559,C,56535,MN,379,869,15,25.17
10560,C,63351,MO,378,656,8,-6.19
10561,C,12409,NY,377,625,6,7.28
10562,C,47941,IN,377,511,3,-0.02
10563,C,62621,IL,376,554,1,-7.52
10564,C,83429,ID,375,3388,114,-0.73
10565,C,51355,IA,375,1477,37,7.63
10566,C,93426,CA,375,1372,30,-6.5
10567,C,13420,NY,375,2441,28,11.97
10568,C,22747,VA,374,779,9,6.09
10569,C,83615,ID,371,2224,95,-18.58
10570,C,54102,WI,370,1251,6,13.84
10571,C,02666,MA,367,1588,37,13.4
10572,C,28531,NC,367,1155,11,12.2
10573,C,93650,CA,367,1080,3,0.91
10574,C,05774,VT,366,910,7,4.99
10575,C,82836,WY,365,530,6,21.36
10576,C,52070,IA,361,569,2,-0.61
10577,C,03849,NH,360,1119,16,4.05
10578,C,12136,NY,351,536,11,16.56
10579,C,54465,WI,351,1081,11,9.18
10580,C,54488,WI,351,502,1,24.4
10581,C,54895,WI,347,733,7,26.27
10582,C,56343,MN,343,518,5,14.72
10583,C,81235,CO,336,1008,26,22.36
10584,C,93651,CA,335,580,9,-11.0
10585,C,95465,CA,335,1012,6,12.51
10586,C,38345,TN,332,731,2,53.07
10587,C,55781,MN,331,868,4,9.88
10588,C,20688,MD,321,726,12,4.56
10589,C,04551,ME,321,649,10,5.77
10590,C,81225,CO,313,1640,104,17.24
10591,C,22480,VA,308,684,19,7.78
10592,C,01245,MA,307,826,13,25.1
10593,C,56253,MN,305,556,3,6.24
10594,C,95346,CA,304,1383,30,10.36
10595,C,95551,CA,304,751,5,13.0
10596,C,30522,GA,302,1105,72,-0.49
10597,C,54826,WI,300,703,3,27.15
10598,C,96146,CA,297,2198,58,6.82
10599,C,98941,WA,295,641,9,-3.26
10600,C,49636,MI,294,1299,14,18.89
10601,C,05356,VT,293,2619,88,15.46
10602,C,05751,VT,287,2759,44,39.18
10603,C,97413,OR,283,609,16,9.64
10604,C,22488,VA,283,673,9,-1.81
10605,C,02807,RI,282,1947,15,26.11
10606,C,30545,GA,281,914,36,25.37
10607,C,56578,MN,275,602,8,7.0
10608,C,55612,MN,274,1050,20,1.64
10609,C,59826,MT,273,535,17,19.88
10610,C,80820,CO,264,659,28,9.09
10611,C,47901,IN,260,2875,9,3.39
10612,C,05340,VT,258,1648,25,0.68
10613,C,97037,OR,257,608,14,19.19
10614,C,82842,WY,245,512,14,32.11
10615,C,98361,WA,241,1398,33,17.66
10616,C,27915,NC,239,1727,51,5.81
10617,C,17064,PA,236,531,2,9.96
10618,C,07723,NJ,226,1194,10,7.6
10619,C,80510,CO,221,715,17,6.73
10620,C,49718,MI,211,688,9,-14.36
10621,C,80456,CO,209,1095,61,3.75
10622,C,96148,CA,199,858,34,9.4
10623,C,98940,WA,191,1054,40,27.42
10624,C,11959,NY,184,1377,25,16.8
10625,C,80427,CO,175,501,12,21.28
10626,C,84781,UT,167,580,10,34.71
10627,C,84028,UT,154,2182,171,19.55
10628,C,93664,CA,154,2106,61,0.84
10629,C,04261,ME,149,1669,29,23.56
10630,C,94970,CA,144,727,7,19.41
10631,C,97028,OR,86,614,21,21.23
10632,C,43438,OH,86,966,2,14.9
10633,C,95335,CA,82,854,41,-2.95
