rank,tier,zip,state,owner,units,has_fhfa
1,A,77494,TX,30247,44520,1
2,A,78660,TX,29818,44399,1
3,A,32162,FL,29376,37824,1
4,A,77449,TX,27716,40773,1
5,A,77573,TX,27212,37188,1
6,A,77433,TX,26802,34420,1
7,A,77429,TX,26477,33137,1
8,A,78641,TX,25515,33118,1
9,A,63376,MO,24584,30718,1
10,A,77479,TX,24564,30680,1
11,A,78130,TX,24486,40810,1
12,A,79936,TX,24113,36825,1
13,A,27587,NC,23666,30571,1
14,A,85142,AZ,23654,27701,1
15,A,10314,NY,23446,33554,1
16,A,95747,CA,23263,29457,1
17,A,79938,TX,23251,29818,1
18,A,73099,OK,23122,32654,1
19,A,92336,CA,22981,28489,1
20,A,77584,TX,22936,32579,1
21,A,34953,FL,22833,28131,1
22,A,77459,TX,22743,28071,1
23,A,80134,CO,22566,28663,1
24,A,30040,GA,22487,27642,1
25,A,85383,AZ,22371,25570,1
26,A,30024,GA,22278,29306,1
27,A,30041,GA,22091,27027,1
28,A,78245,TX,22029,32219,1
29,A,34787,FL,22017,33141,1
30,A,46307,IN,22010,26081,1
31,A,78613,TX,21791,34198,1
32,A,77084,TX,21733,39087,1
33,A,77379,TX,21654,30004,1
34,A,11234,NY,21652,35167,1
35,A,33411,FL,21544,30063,1
36,A,08831,NJ,21380,24898,1
37,A,75035,TX,21312,29198,1
38,A,77346,TX,21307,26650,1
39,A,44060,OH,21163,27276,1
40,A,83646,ID,21137,26829,1
41,A,29072,SC,21092,26951,1
42,A,44256,OH,20962,26740,1
43,A,79928,TX,20962,24841,1
44,A,60629,IL,20957,36283,1
45,A,30052,GA,20897,26768,1
46,A,66062,KS,20870,29350,1
47,A,87120,NM,20823,27432,1
48,A,37013,TN,20745,41112,1
49,A,30127,GA,20726,25289,1
50,A,02360,MA,20596,28598,1
51,A,34293,FL,20526,28344,1
52,A,78254,TX,20514,25493,1
53,A,30188,GA,20509,26759,1
54,A,37075,TN,20505,29600,1
55,A,76028,TX,20468,27928,1
56,A,30043,GA,20446,30251,1
57,A,80015,CO,20410,25482,1
58,A,29681,SC,20405,25079,1
59,A,60634,IL,20399,29344,1
60,A,08753,NJ,20316,27900,1
61,A,75052,TX,20277,33386,1
62,A,95630,CA,20183,30106,1
63,A,33027,FL,20119,26247,1
64,A,22193,VA,19824,25121,1
65,A,45011,OH,19774,28470,1
66,A,76179,TX,19766,26227,1
67,A,23464,VA,19710,29267,1
68,A,80013,CO,19706,26692,1
69,A,30044,GA,19633,32206,1
70,A,32259,FL,19601,23235,1
71,A,37042,TN,19587,35433,1
72,A,21122,MD,19582,23624,1
73,A,92592,CA,19580,25878,1
74,A,43123,OH,19556,27876,1
75,A,28269,NC,19521,33124,1
76,A,33467,FL,19485,25675,1
77,A,23322,VA,19431,22386,1
78,A,34711,FL,19409,28127,1
79,A,32174,FL,19386,26303,1
80,A,97229,OR,19314,28312,1
81,A,87121,NM,19295,26118,1
82,A,76063,TX,19273,28105,1
83,A,75126,TX,19249,24316,1
84,A,37122,TN,19247,25608,1
85,A,77407,TX,19218,25284,1
86,A,55044,MN,19209,22519,1
87,A,78572,TX,19167,32696,1
88,A,28078,NC,19057,27659,1
89,A,30062,GA,19023,24178,1
90,A,37064,TN,18916,25302,1
91,A,30004,GA,18877,25485,1
92,A,87114,NM,18755,28038,1
93,A,37027,TN,18746,23745,1
94,A,80016,CO,18745,24227,1
95,A,93065,CA,18687,26260,1
96,A,38401,TN,18640,28470,1
97,A,99301,WA,18482,27700,1
98,A,85308,AZ,18461,26540,1
99,A,77406,TX,18447,22096,1
100,A,11746,NY,18416,22528,1
101,A,77845,TX,18404,31464,1
102,A,60618,IL,18361,41053,1
103,A,75068,TX,18275,23499,1
104,A,90650,CA,18256,27346,1
105,A,23456,VA,18229,22071,1
106,A,75002,TX,18226,24174,1
107,A,94565,CA,18214,31173,1
108,A,28027,NC,18202,31450,1
109,A,66061,KS,18153,24744,1
110,A,33063,FL,18117,27019,1
111,A,98012,WA,18111,28174,1
112,A,30349,GA,18077,34176,1
113,A,91709,CA,18059,26282,1
114,A,37128,TN,18043,29190,1
115,A,80504,CO,18037,23359,1
116,A,15601,PA,18020,25978,1
117,A,77095,TX,17998,26429,1
118,A,94513,CA,17964,22546,1
119,A,14221,NY,17956,25281,1
120,A,77469,TX,17947,22854,1
121,A,60453,IL,17940,23115,1
122,A,89031,NV,17901,25182,1
123,A,95648,CA,17861,22095,1
124,A,28173,NC,17849,20801,1
125,A,83709,ID,17839,22262,1
126,A,08527,NJ,17789,21755,1
127,A,21234,MD,17770,29575,1
128,A,80634,CO,17754,25802,1
129,A,30022,GA,17719,24330,1
130,A,32137,FL,17680,24717,1
131,A,48044,MI,17671,20031,1
132,A,77386,TX,17668,22778,1
133,A,38654,MS,17668,21437,1
134,A,45140,OH,17667,22684,1
135,A,84043,UT,17621,23408,1
136,A,77450,TX,17615,26259,1
137,A,30075,GA,17602,22190,1
138,A,11758,NY,17588,19297,1
139,A,63021,MO,17541,22982,1
140,A,87124,NM,17530,23027,1
141,A,20906,MD,17522,27423,1
142,A,78640,TX,17519,25236,1
143,A,27526,NC,17503,22612,1
144,A,30135,GA,17441,23823,1
145,A,10312,NY,17426,22547,1
146,A,35242,AL,17353,25247,1
147,A,28277,NC,17340,30100,1
148,A,08759,NJ,17270,22101,1
149,A,59901,MT,17255,25154,1
150,A,29732,SC,17255,24926,1
151,A,44077,OH,17250,24928,1
152,A,76244,TX,17244,26098,1
153,A,43026,OH,17238,25671,1
154,A,77375,TX,17236,25452,1
155,A,78253,TX,17216,24095,1
156,A,11375,NY,17214,35415,1
157,A,30066,GA,17197,23632,1
158,A,92563,CA,17155,24020,1
159,A,33321,FL,17147,24009,1
160,A,78542,TX,17136,25198,1
161,A,98391,WA,17110,20573,1
162,A,17331,PA,17093,23528,1
163,A,75071,TX,17086,23861,1
164,A,91342,CA,17073,26403,1
165,A,29483,SC,17045,23133,1
166,A,22407,VA,17042,23305,1
167,A,32940,FL,17027,21433,1
168,A,14580,NY,17016,24355,1
169,A,60617,IL,16997,35031,1
170,A,27284,NC,16995,25168,1
171,A,84404,UT,16979,23907,1
172,A,20772,MD,16951,19658,1
173,A,92677,CA,16949,27527,1
174,A,23112,VA,16944,21511,1
175,A,92345,CA,16940,27247,1
176,A,44035,OH,16935,29637,1
177,A,85338,AZ,16935,23748,1
178,A,20147,VA,16899,25474,1
179,A,20878,MD,16875,25297,1
180,A,79912,TX,16851,33856,1
181,A,60638,IL,16837,21636,1
182,A,85032,AZ,16830,30386,1
183,A,84015,UT,16822,23058,1
184,A,11236,NY,16816,37002,1
185,A,30281,GA,16811,29546,1
186,A,29651,SC,16801,21738,1
187,A,30101,GA,16790,21788,1
188,A,87111,NM,16784,28192,1
189,A,84096,UT,16774,21168,1
190,A,85225,AZ,16764,28930,1
191,A,27610,NC,16740,29245,1
192,A,17603,PA,16732,28142,1
193,A,45040,OH,16725,21977,1
194,A,63129,MO,16698,21945,1
195,A,30016,GA,16686,21223,1
196,A,63366,MO,16678,21204,1
197,A,19120,PA,16659,25730,1
198,A,85326,AZ,16656,22417,1
199,A,73013,OK,16641,22971,1
200,A,48180,MI,16630,26741,1
201,A,19067,PA,16606,21792,1
202,A,74012,OK,16598,26069,1
203,A,30047,GA,16581,22691,1
204,A,27703,NC,16545,27122,1
205,A,77373,TX,16527,23619,1
206,A,43130,OH,16501,26434,1
207,A,70726,LA,16491,24925,1
208,A,15642,PA,16478,20299,1
209,A,94558,CA,16477,27402,1
210,A,45069,OH,16452,21727,1
211,A,34221,FL,16441,24812,1
212,A,34135,FL,16417,30904,1
213,A,98682,WA,16411,24288,1
214,A,27519,NC,16406,24758,1
215,A,75098,TX,16403,22080,1
216,A,85364,AZ,16356,31867,1
217,A,60016,IL,16331,25613,1
218,A,78521,TX,16312,29576,1
219,A,92503,CA,16302,25802,1
220,A,32068,FL,16291,21830,1
221,A,75056,TX,16283,28102,1
222,A,32218,FL,16269,27895,1
223,A,65203,MO,16254,27157,1
224,A,23320,VA,16234,26131,1
225,A,17601,PA,16234,23126,1
226,A,85365,AZ,16230,26353,1
227,A,39110,MS,16205,18305,1
228,A,33186,FL,16201,24397,1
229,A,43081,OH,16187,28457,1
230,A,93722,CA,16187,27615,1
231,A,96706,HI,16185,24305,1
232,A,33647,FL,16182,27960,1
233,A,63123,MO,16175,23208,1
234,A,20148,VA,16169,20413,1
235,A,32164,FL,16137,22902,1
236,A,92223,CA,16107,20579,1
237,A,19446,PA,16096,24983,1
238,A,28655,NC,16094,24542,1
239,A,20744,MD,16080,21014,1
240,A,92646,CA,16066,22195,1
241,A,55304,MN,16047,17318,1
242,A,85207,AZ,16037,22747,1
243,A,78045,TX,16031,21669,1
244,A,48103,MI,16029,25511,1
245,A,34997,FL,15996,22192,1
246,A,48439,MI,15995,22101,1
247,A,06010,CT,15994,26726,1
248,A,22554,VA,15968,20861,1
249,A,32163,FL,15957,20061,1
250,A,32828,FL,15937,25728,1
251,A,38017,TN,15928,20850,1
252,A,83642,ID,15905,22700,1
253,A,37066,TN,15903,25939,1
254,A,93536,CA,15898,24407,1
255,A,33024,FL,15896,26552,1
256,A,19335,PA,15893,20276,1
257,A,70072,LA,15888,22845,1
258,A,32765,FL,15884,23389,1
259,A,20774,MD,15881,21747,1
260,A,08701,NJ,15861,33539,1
261,A,29720,SC,15837,22106,1
262,A,29485,SC,15835,23382,1
263,A,92630,CA,15833,24390,1
264,A,46143,IN,15833,23417,1
265,A,29073,SC,15820,20239,1
266,A,07728,NJ,15812,21150,1
267,A,73160,OK,15682,25055,1
268,A,94112,CA,15681,24530,1
269,A,55124,MN,15662,21894,1
270,A,60632,IL,15658,28860,1
271,A,22192,VA,15656,21290,1
272,A,33458,FL,15636,23121,1
273,A,97045,OR,15632,21702,1
274,A,60004,IL,15629,21181,1
275,A,97702,OR,15620,23318,1
276,A,60614,IL,15614,38089,1
277,A,76227,TX,15598,20970,1
278,A,60073,IL,15584,20864,1
279,A,08757,NJ,15583,19302,1
280,A,95624,CA,15580,20740,1
281,A,29464,SC,15565,26829,1
282,A,95758,CA,15565,22755,1
283,A,28215,NC,15558,25350,1
284,A,27410,NC,15543,26279,1
285,A,45424,OH,15533,21557,1
286,A,93727,CA,15529,25919,1
287,A,19720,DE,15523,24262,1
288,A,14094,NY,15519,23283,1
289,A,34748,FL,15518,25740,1
290,A,33437,FL,15518,21809,1
291,A,94568,CA,15504,24737,1
292,A,19124,PA,15500,27014,1
293,A,63303,MO,15498,21448,1
294,A,91710,CA,15489,23911,1
295,A,60056,IL,15477,23202,1
296,A,83301,ID,15457,24466,1
297,A,98052,WA,15455,34946,1
298,A,43015,OH,15454,23287,1
299,A,29445,SC,15451,23194,1
300,A,92880,CA,15444,20743,1
301,A,30064,GA,15425,19076,1
302,A,40475,KY,15404,28118,1
303,A,89052,NV,15384,26456,1
304,A,41042,KY,15368,23640,1
305,A,37129,TN,15363,24548,1
306,A,43055,OH,15304,27046,1
307,A,96789,HI,15296,19736,1
308,A,29588,SC,15268,22223,1
309,A,33322,FL,15263,21024,1
310,A,95687,CA,15249,24283,1
311,A,19709,DE,15232,17819,1
312,A,70737,LA,15229,20720,1
313,A,87144,NM,15223,18261,1
314,A,99208,WA,15213,24273,1
315,A,45840,OH,15199,25396,1
316,A,30263,GA,15185,23792,1
317,A,78681,TX,15181,20817,1
318,A,83686,ID,15149,20283,1
319,A,92071,CA,15137,21732,1
320,A,27529,NC,15127,22089,1
321,A,30115,GA,15105,19016,1
322,A,32034,FL,15085,21768,1
323,A,98208,WA,15069,22534,1
324,A,92562,CA,15054,22362,1
325,A,19380,PA,15054,21490,1
326,A,37211,TN,15051,34650,1
327,A,29579,SC,15048,24320,1
328,A,63385,MO,15047,17997,1
329,A,55901,MN,15046,24852,1
330,A,28227,NC,15041,23179,1
331,A,60657,IL,15040,42246,1
332,A,28451,NC,15019,19672,1
333,A,85249,AZ,15010,17489,1
334,A,45601,OH,14977,23358,1
335,A,55303,MN,14973,20317,1
336,A,23454,VA,14955,24253,1
337,A,19382,PA,14955,21798,1
338,A,85345,AZ,14948,24273,1
339,A,45013,OH,14937,21734,1
340,A,79424,TX,14920,22800,1
341,A,33414,FL,14901,23111,1
342,A,77493,TX,14899,20552,1
343,A,60630,IL,14893,23393,1
344,A,23462,VA,14876,29729,1
345,A,78665,TX,14875,24678,1
346,A,20854,MD,14875,17119,1
347,A,33436,FL,14874,23744,1
348,A,27713,NC,14871,26266,1
349,A,20874,MD,14842,23081,1
350,A,60402,IL,14828,25111,1
351,A,07083,NJ,14825,20792,1
352,A,85351,AZ,14824,20414,1
353,A,32092,FL,14821,18403,1
354,A,75115,TX,14820,22054,1
355,A,77083,TX,14815,23872,1
356,A,63301,MO,14813,22687,1
357,A,43230,OH,14811,26170,1
358,A,33810,FL,14804,21836,1
359,A,33463,FL,14793,22696,1
360,A,37043,TN,14770,22221,1
361,A,20011,DC,14767,29658,1
362,A,89129,NV,14761,21941,1
363,A,33064,FL,14758,26641,1
364,A,93535,CA,14753,23917,1
365,A,60647,IL,14729,41975,1
366,A,32225,FL,14726,23289,1
367,A,80538,CO,14724,21923,1
368,A,95035,CA,14714,25851,1
369,A,34655,FL,14712,20444,1
370,A,32210,FL,14708,29198,1
371,A,70769,LA,14705,17557,1
372,A,08054,NJ,14695,19966,1
373,A,07470,NJ,14691,19396,1
374,A,84074,UT,14688,18128,1
375,A,47130,IN,14686,22602,1
376,A,78155,TX,14674,21791,1
377,A,19320,PA,14669,21199,1
378,A,43065,OH,14659,17468,1
379,A,40601,KY,14649,24224,1
380,A,29910,SC,14648,21169,1
381,A,92584,CA,14648,18480,1
382,A,60010,IL,14643,17621,1
383,A,30157,GA,14640,18804,1
384,A,60148,IL,14618,21744,1
385,A,95123,CA,14617,25023,1
386,A,43701,OH,14615,25785,1
387,A,48197,MI,14606,28649,1
388,A,01960,MA,14582,23009,1
389,A,93063,CA,14581,20220,1
390,A,80127,CO,14578,17507,1
391,A,10023,NY,14576,46272,0
392,A,30809,GA,14564,18920,1
393,A,08081,NJ,14563,18361,1
394,A,08873,NJ,14562,22142,1
395,A,44130,OH,14561,23819,1
396,A,78046,TX,14558,19601,1
397,A,95762,CA,14548,17285,1
398,A,28025,NC,14542,23759,1
399,A,11229,NY,14541,33353,1
400,A,92683,CA,14541,29075,1
401,A,78745,TX,14533,31246,1
402,A,22191,VA,14524,26127,1
403,A,15301,PA,14521,24001,1
404,A,78247,TX,14487,19904,1
405,A,85710,AZ,14483,28463,1
406,A,14075,NY,14478,20164,1
407,A,27265,NC,14477,22526,1
408,A,91331,CA,14475,23926,1
409,A,28601,NC,14475,23400,1
410,A,70301,LA,14470,20993,1
411,A,11706,NY,14458,21435,1
412,A,33433,FL,14456,23056,1
413,A,49424,MI,14445,19906,1
414,A,85374,AZ,14438,21982,1
415,A,85122,AZ,14429,24238,1
416,A,32725,FL,14429,19177,1
417,A,94536,CA,14418,26338,1
418,A,23185,VA,14416,22879,1
419,A,92509,CA,14406,20929,1
420,A,78250,TX,14387,20503,1
421,A,93312,CA,14378,19089,1
422,A,33914,FL,14368,22936,1
423,A,80525,CO,14363,25144,1
424,A,37087,TN,14362,21800,1
425,A,23452,VA,14346,23455,1
426,A,63304,MO,14346,16665,1
427,A,33908,FL,14336,32067,1
428,A,80022,CO,14331,19929,1
429,A,85255,AZ,14320,23016,1
430,A,75072,TX,14316,18618,1
431,A,59102,MT,14311,22706,1
432,A,19111,PA,14306,27518,1
433,A,75028,TX,14289,18189,1
434,A,93619,CA,14287,17019,1
435,A,60126,IL,14286,18687,1
436,A,07726,NJ,14279,16822,1
437,A,27406,NC,14276,28080,1
438,A,32907,FL,14269,17761,1
439,A,77546,TX,14266,19600,1
440,A,14450,NY,14255,19054,1
441,A,48843,MI,14255,19001,1
442,A,33418,FL,14244,21573,1
443,A,15317,PA,14235,18803,1
444,A,29730,SC,14232,26209,1
445,A,60014,IL,14228,18135,1
446,A,94587,CA,14215,21923,1
447,A,85375,AZ,14209,19340,1
448,A,08234,NJ,14197,17728,1
449,A,33157,FL,14189,23176,1
450,A,15237,PA,14189,19332,1
451,A,21222,MD,14188,24054,1
452,A,78109,TX,14183,19279,1
453,A,34609,FL,14169,18426,1
454,A,28110,NC,14168,20236,1
455,A,37174,TN,14165,19631,1
456,A,89131,NV,14165,18463,1
457,A,29486,SC,14164,19452,1
458,A,97007,OR,14157,19420,1
459,A,85205,AZ,14150,23473,1
460,A,10306,NY,14143,21299,1
461,A,29466,SC,14138,18125,1
462,A,30114,GA,14128,22259,1
463,A,87105,NM,14127,20263,1
464,A,27615,NC,14125,20681,1
465,A,78748,TX,14124,25694,1
466,A,89148,NV,14115,25232,1
467,A,48187,MI,14105,20548,1
468,A,85248,AZ,14097,20013,1
469,A,32708,FL,14089,20348,1
470,A,80123,CO,14085,19759,1
471,A,93306,CA,14081,23789,1
472,A,75217,TX,14078,25534,1
473,A,34744,FL,14072,22800,1
474,A,77521,TX,14067,25131,1
475,A,53711,WI,14066,23500,1
476,A,85254,AZ,14056,21469,1
477,A,39503,MS,14048,22533,1
478,A,21228,MD,14038,20357,1
479,A,75040,TX,14036,21629,1
480,A,43068,OH,14023,25294,1
481,A,34983,FL,14018,17799,1
482,A,14224,NY,14017,19286,1
483,A,44212,OH,14017,19101,1
484,A,29576,SC,13991,22097,1
485,A,32712,FL,13977,17601,1
486,A,33319,FL,13951,25046,1
487,A,19148,PA,13951,22944,1
488,A,95076,CA,13940,26488,1
489,A,90631,CA,13939,23390,1
490,A,11743,NY,13931,16138,1
491,A,32703,FL,13929,22033,1
492,A,19403,PA,13925,19720,1
493,A,97206,OR,13916,22348,1
494,A,29229,SC,13913,20939,1
495,A,38305,TN,13910,22950,1
496,A,98042,WA,13908,17365,1
497,A,75154,TX,13903,17170,1
498,A,80020,CO,13901,21607,1
499,A,63031,MO,13894,21159,1
500,A,37343,TN,13885,19031,1
501,A,98115,WA,13883,24966,1
502,A,08053,NJ,13877,20090,1
503,A,30506,GA,13875,18876,1
504,A,29526,SC,13874,20301,1
505,A,33578,FL,13870,25850,1
506,A,23188,VA,13834,20194,1
507,A,30518,GA,13833,19435,1
508,A,14120,NY,13821,20367,1
509,A,75007,TX,13815,21347,1
510,A,30252,GA,13808,16400,1
511,A,92154,CA,13803,23832,1
512,A,98258,WA,13802,18397,1
513,A,63368,MO,13799,17315,1
514,A,60462,IL,13782,17335,1
515,A,71913,AR,13773,25441,1
516,A,08724,NJ,13765,17799,1
517,A,96797,HI,13756,21327,1
518,A,85041,AZ,13753,19729,1
519,A,46032,IN,13751,22118,1
520,A,36695,AL,13751,21269,1
521,A,21740,MD,13750,27002,1
522,A,14150,NY,13743,20152,1
523,A,85140,AZ,13742,17349,1
524,A,92886,CA,13740,17624,1
525,A,63122,MO,13738,17763,1
526,A,84790,UT,13735,20956,1
527,A,60564,IL,13731,16166,1
528,A,94553,CA,13730,19626,1
529,A,32771,FL,13714,24062,1
530,A,33023,FL,13705,22450,1
531,A,37167,TN,13703,23694,1
532,A,35758,AL,13700,20322,1
533,A,60047,IL,13699,15877,1
534,A,96744,HI,13697,18695,1
535,A,46350,IN,13694,19576,1
536,A,32246,FL,13687,26083,1
537,A,42701,KY,13686,23565,1
538,A,97405,OR,13683,20395,1
539,A,30132,GA,13683,18016,1
540,A,28645,NC,13682,21558,1
541,A,31088,GA,13681,24167,1
542,A,30736,GA,13676,17327,1
543,A,27502,NC,13673,17607,1
544,A,60804,IL,13667,26738,1
545,A,94509,CA,13666,24048,1
546,A,01844,MA,13663,19496,1
547,A,63017,MO,13663,18726,1
548,A,89123,NV,13658,25246,1
549,A,48066,MI,13653,22116,1
550,A,78577,TX,13644,26568,1
551,A,48170,MI,13637,18184,1
552,A,67401,KS,13626,22434,1
553,A,40324,KY,13612,20570,1
554,A,77581,TX,13610,18285,1
555,A,36117,AL,13607,24181,1
556,A,46037,IN,13602,17334,1
557,A,55330,MN,13593,16796,1
558,A,23434,VA,13590,21764,1
559,A,32244,FL,13580,26250,1
560,A,78574,TX,13565,18309,1
561,A,98270,WA,13563,19840,1
562,A,37040,TN,13560,24628,1
563,A,32159,FL,13557,19670,1
564,A,46074,IN,13553,17118,1
565,A,78610,TX,13537,17271,1
566,A,19143,PA,13535,31391,1
567,A,63026,MO,13530,18051,1
568,A,46385,IN,13530,16071,1
569,A,94533,CA,13519,25539,1
570,A,87507,NM,13518,21272,1
571,A,06492,CT,13516,19603,1
572,A,85086,AZ,13507,17213,1
573,A,29803,SC,13499,17920,1
574,A,93230,CA,13489,23149,1
575,A,54956,WI,13474,20104,1
576,A,55379,MN,13472,18028,1
577,A,37421,TN,13464,23978,1
578,A,92201,CA,13454,26241,1
579,A,48188,MI,13453,16885,1
580,A,27520,NC,13449,18540,1
581,A,80550,CO,13448,17140,1
582,A,36535,AL,13446,18755,1
583,A,83854,ID,13445,20440,1
584,A,30519,GA,13445,18734,1
585,A,08816,NJ,13443,17242,1
586,A,94539,CA,13436,17669,1
587,A,30058,GA,13434,23671,1
588,A,19701,DE,13430,17368,1
589,A,73170,OK,13428,16658,1
590,A,95608,CA,13422,27312,1
591,A,48154,MI,13409,15330,1
592,A,31907,GA,13408,25710,1
593,A,78504,TX,13405,21417,1
594,A,60628,IL,13394,28736,1
595,A,60643,IL,13392,19541,1
596,A,94080,CA,13391,23364,1
597,A,60641,IL,13389,27377,1
598,A,75149,TX,13388,21058,1
599,A,33175,FL,13385,17787,1
600,A,85212,AZ,13378,16576,1
601,A,92129,CA,13360,18993,1
602,A,92024,CA,13356,21566,1
603,A,92130,CA,13354,23090,1
604,A,32738,FL,13353,16965,1
605,A,60586,IL,13352,14536,1
606,A,80126,CO,13351,16304,1
607,A,39047,MS,13350,16706,1
608,A,85204,AZ,13348,24536,1
609,A,32825,FL,13345,22360,1
610,A,91910,CA,13337,28432,1
611,A,55125,MN,13332,17682,1
612,A,43147,OH,13332,16267,1
613,A,30144,GA,13331,22843,1
614,A,52302,IA,13326,18153,1
615,A,93274,CA,13323,24493,1
616,A,37221,TN,13316,20323,1
617,A,84065,UT,13314,15734,1
618,A,48183,MI,13312,18095,1
619,A,60062,IL,13312,17892,1
620,A,92126,CA,13300,26146,1
621,A,79924,TX,13299,23009,1
622,A,92128,CA,13297,21308,1
623,A,33025,FL,13296,30260,1
624,A,22003,VA,13289,19497,1
625,A,79705,TX,13288,20021,1
626,A,74055,OK,13280,19539,1
627,A,85138,AZ,13272,18215,1
628,A,19020,PA,13271,23471,1
629,A,68516,NE,13270,19549,1
630,A,34746,FL,13269,25533,1
631,A,75043,TX,13262,23439,1
632,A,98223,WA,13262,18224,1
633,A,89436,NV,13259,18819,1
634,A,92399,CA,13255,19382,1
635,A,30253,GA,13253,22889,1
636,A,29621,SC,13240,18960,1
637,A,49341,MI,13240,15070,1
638,A,94591,CA,13227,20543,1
639,A,76131,TX,13216,18145,1
640,A,33021,FL,13211,21930,1
641,A,32526,FL,13201,18478,1
642,A,80229,CO,13200,20130,1
643,A,76137,TX,13191,24118,1
644,A,44646,OH,13190,20817,1
645,A,27603,NC,13181,24030,1
646,A,17112,PA,13177,16026,1
647,A,93257,CA,13165,25020,1
648,A,27360,NC,13165,20987,1
649,A,85209,AZ,13163,21921,1
650,A,17543,PA,13157,18762,1
651,A,27613,NC,13154,20099,1
652,A,30039,GA,13152,16463,1
653,A,91911,CA,13146,27533,1
654,A,49423,MI,13137,19019,1
655,A,77396,TX,13127,20532,1
656,A,08844,NJ,13127,16168,1
657,A,93551,CA,13115,17940,1
658,A,92056,CA,13107,20514,1
659,A,34120,FL,13107,17778,1
660,A,29687,SC,13103,18606,1
661,A,54313,WI,13100,16162,1
662,A,11756,NY,13093,14169,1
663,A,34668,FL,13092,23883,1
664,A,29707,SC,13091,15156,1
665,A,30680,GA,13090,17680,1
666,A,92376,CA,13084,22716,1
667,A,11235,NY,13081,37188,1
668,A,60089,IL,13081,16551,1
669,A,92078,CA,13072,19249,1
670,A,60440,IL,13063,17750,1
671,A,32566,FL,13061,17893,1
672,A,75189,TX,13056,15331,1
673,A,92692,CA,13055,18005,1
674,A,78108,TX,13055,16215,1
675,A,95014,CA,13051,23310,1
676,A,18974,PA,13043,17970,1
677,A,02155,MA,13038,25893,1
678,A,74014,OK,13036,15500,1
679,A,94550,CA,13035,18390,1
680,A,29223,SC,13026,24142,1
681,A,27540,NC,13025,16400,1
682,A,21117,MD,13020,26001,1
683,A,95355,CA,13020,22136,1
684,A,34952,FL,13013,21844,1
685,A,44691,OH,13013,19369,1
686,A,48706,MI,13012,18163,1
687,A,54115,WI,13003,20415,1
688,A,87123,NM,12995,20533,1
689,A,30152,GA,12991,16974,1
690,A,78633,TX,12991,14711,1
691,A,43302,OH,12989,22483,1
692,A,54915,WI,12984,18373,1
693,A,78666,TX,12980,36354,1
694,A,77044,TX,12980,18273,1
695,A,97219,OR,12972,18881,1
696,A,19702,DE,12970,22149,1
697,A,77539,TX,12969,18725,1
698,A,60103,IL,12966,14995,1
699,A,30019,GA,12957,15415,1
700,A,34698,FL,12952,22016,1
701,A,73034,OK,12948,18727,1
702,A,48038,MI,12945,21395,1
703,A,48047,MI,12944,16765,1
704,A,12065,NY,12936,19506,1
705,A,20176,VA,12936,17044,1
706,A,17050,PA,12932,17164,1
707,A,60068,IL,12929,15999,1
708,A,93313,CA,12913,17232,1
709,A,27107,NC,12912,20767,1
710,A,17055,PA,12903,18994,1
711,A,60620,IL,12902,30008,1
712,A,39564,MS,12902,18908,1
713,A,98034,WA,12893,22488,1
714,A,92057,CA,12890,19660,1
715,A,29715,SC,12890,16499,1
716,A,32724,FL,12888,18555,1
717,A,55337,MN,12874,19695,1
718,A,32824,FL,12864,20453,1
719,A,20002,DC,12858,38459,1
720,A,76542,TX,12858,21027,1
721,A,28562,NC,12857,18812,1
722,A,37918,TN,12855,20228,1
723,A,23455,VA,12854,22286,1
724,A,27616,NC,12845,24282,1
725,A,06082,CT,12844,17457,1
726,A,78628,TX,12825,17738,1
727,A,33446,FL,12815,18214,1
728,A,91344,CA,12812,18424,1
729,A,60477,IL,12800,16261,1
730,A,33573,FL,12795,17168,1
731,A,47201,IN,12789,20924,1
732,A,57106,SD,12785,21722,1
733,A,92114,CA,12783,18767,1
734,A,60625,IL,12778,33932,1
735,A,21042,MD,12778,15269,1
736,A,28117,NC,12767,21528,1
737,A,02780,MA,12764,22454,1
738,A,32955,FL,12762,19281,1
739,A,44134,OH,12756,17436,1
740,A,46140,IN,12742,18167,1
741,A,99205,WA,12729,18791,1
742,A,48178,MI,12723,14402,1
743,A,47150,IN,12722,22834,1
744,A,33177,FL,12719,17124,1
745,A,73012,OK,12715,16172,1
746,A,26554,WV,12713,19688,1
747,A,33018,FL,12712,17871,1
748,A,60639,IL,12705,28656,1
749,A,31419,GA,12705,24862,1
750,A,33165,FL,12703,17813,1
751,A,29461,SC,12695,16444,1
752,A,48430,MI,12687,16163,1
753,A,97223,OR,12686,21428,1
754,A,92882,CA,12685,20757,1
755,A,70065,LA,12671,21890,1
756,A,55369,MN,12658,16732,1
757,A,30331,GA,12648,27314,1
758,A,98092,WA,12644,17532,1
759,A,98387,WA,12642,17151,1
760,A,95124,CA,12637,18143,1
761,A,14086,NY,12631,15486,1
762,A,80602,CO,12630,13834,1
763,A,30228,GA,12626,18069,1
764,A,85234,AZ,12624,17488,1
765,A,18104,PA,12620,18686,1
766,A,60435,IL,12614,20162,1
767,A,60025,IL,12614,16815,1
768,A,91744,CA,12610,18852,1
769,A,78664,TX,12608,24259,1
770,A,08094,NJ,12608,15878,1
771,A,70003,LA,12602,17479,1
772,A,14850,NY,12600,31772,1
773,A,76226,TX,12596,13668,1
774,A,22015,VA,12591,15132,1
775,A,45044,OH,12590,21645,1
776,A,01201,MA,12587,22566,1
777,A,95020,CA,12587,20679,1
778,A,10025,NY,12584,47649,0
779,A,80537,CO,12581,20314,1
780,A,95125,CA,12577,22151,1
781,A,85298,AZ,12577,14308,1
782,A,38002,TN,12575,15448,1
783,A,36532,AL,12556,17502,1
784,A,84081,UT,12556,15349,1
785,A,65807,MO,12551,28546,1
786,A,13760,NY,12548,20988,1
787,A,19460,PA,12548,18881,1
788,A,08080,NJ,12547,14746,1
789,A,15108,PA,12545,18179,1
790,A,75025,TX,12537,19288,1
791,A,78132,TX,12537,15356,1
792,A,46360,IN,12536,21652,1
793,A,62040,IL,12529,18842,1
794,A,61265,IL,12526,20396,1
795,A,80918,CO,12524,20447,1
796,A,28411,NC,12523,16978,1
797,A,29349,SC,12522,15118,1
798,A,77511,TX,12521,20499,1
799,A,33837,FL,12516,19082,1
800,A,44039,OH,12515,14441,1
801,A,40299,KY,12507,17567,1
802,A,40291,KY,12502,16894,1
803,A,92234,CA,12501,23114,1
804,A,48185,MI,12500,23554,1
805,A,33917,FL,12499,18789,1
806,A,48307,MI,12486,19493,1
807,A,19966,DE,12481,19625,1
808,A,89108,NV,12479,28377,1
809,A,60123,IL,12478,18129,1
810,A,52722,IA,12477,17460,1
811,A,97504,OR,12469,21290,1
812,A,21061,MD,12467,23196,1
813,A,27513,NC,12467,21204,1
814,A,92708,CA,12462,19250,1
815,A,46123,IN,12462,16543,1
816,A,92691,CA,12457,16673,1
817,A,07731,NJ,12451,14102,1
818,A,26003,WV,12435,20853,1
819,A,92064,CA,12430,16987,1
820,A,19711,DE,12425,20617,1
821,A,30907,GA,12416,22219,1
822,A,46033,IN,12410,14725,1
823,A,77089,TX,12409,19997,1
824,A,91913,CA,12401,17880,1
825,A,30126,GA,12401,16972,1
826,A,94015,CA,12400,22314,1
827,A,27516,NC,12383,18684,1
828,A,89121,NV,12380,29012,1
829,A,49009,MI,12379,20609,1
830,A,34203,FL,12376,20709,1
831,A,77388,TX,12372,18924,1
832,A,61554,IL,12367,18788,1
833,A,90275,CA,12363,16668,1
834,A,33015,FL,12354,23963,1
835,A,14624,NY,12348,15865,1
836,A,33511,FL,12341,24579,1
837,A,78852,TX,12335,19797,1
838,A,48111,MI,12335,19406,1
839,A,22030,VA,12330,21758,1
840,A,11040,NY,12326,14608,1
841,A,21093,MD,12323,16313,1
842,A,19808,DE,12322,16037,1
843,A,41017,KY,12317,16569,1
844,A,85339,AZ,12305,15628,1
845,A,87031,NM,12300,16917,1
846,A,85396,AZ,12292,14581,1
847,A,33029,FL,12291,14075,1
848,A,46112,IN,12288,15790,1
849,A,91335,CA,12287,25615,1
850,A,32746,FL,12284,20204,1
851,A,32571,FL,12282,15041,1
852,A,49201,MI,12274,18102,1
853,A,07052,NJ,12267,18300,1
854,A,91730,CA,12262,26172,1
855,A,92545,CA,12262,17533,1
856,A,94544,CA,12253,23990,1
857,A,77583,TX,12253,14783,1
858,A,27215,NC,12248,21854,1
859,A,16001,PA,12245,19757,1
860,A,60543,IL,12240,14327,1
861,A,30097,GA,12222,17874,1
862,A,60565,IL,12220,14369,1
863,A,91977,CA,12213,20026,1
864,A,91745,CA,12213,17143,1
865,A,85382,AZ,12209,19796,1
866,A,79423,TX,12206,18463,1
867,A,20735,MD,12202,13670,1
868,A,95670,CA,12200,22779,1
869,A,55016,MN,12198,13953,1
870,A,37922,TN,12191,15390,1
871,A,75211,TX,12189,24103,1
872,A,12603,NY,12189,17468,1
873,A,85296,AZ,12182,18065,1
874,A,29650,SC,12181,17048,1
875,A,34491,FL,12178,15474,1
876,A,85208,AZ,12174,18699,1
877,A,78414,TX,12170,20121,1
878,A,98632,WA,12165,21787,1
879,A,76210,TX,12165,16914,1
880,A,46060,IN,12164,18887,1
881,A,11215,NY,12162,32197,1
882,A,45231,OH,12162,17845,1
883,A,29412,SC,12159,18429,1
884,A,33928,FL,12157,20835,1
885,A,98226,WA,12157,20609,1
886,A,44124,OH,12156,20064,1
887,A,47630,IN,12153,15620,1
888,A,85295,AZ,12145,19460,1
889,A,82009,WY,12145,15361,1
890,A,21224,MD,12140,23433,1
891,A,54220,WI,12139,18942,1
892,A,75078,TX,12136,14409,1
893,A,60619,IL,12135,33547,1
894,A,19464,PA,12132,19985,1
895,A,18966,PA,12130,14199,1
896,A,53051,WI,12123,16972,1
897,A,11772,NY,12116,18478,1
898,A,50023,IA,12116,17822,1
899,A,06614,CT,12109,14432,1
900,A,85022,AZ,12108,25020,1
901,A,33012,FL,12106,25923,1
902,A,52404,IA,12100,19923,1
903,A,97080,OR,12099,17276,1
904,A,11757,NY,12096,15212,1
905,A,30721,GA,12095,19866,1
906,A,44720,OH,12094,17988,1
907,A,60608,IL,12086,32617,1
908,A,75070,TX,12083,24323,1
909,A,34481,FL,12081,14183,1
910,A,65202,MO,12078,20342,1
911,A,80219,CO,12075,21729,1
912,A,23323,VA,12071,15064,1
913,A,93550,CA,12064,23965,1
914,A,92026,CA,12051,19923,1
915,A,43551,OH,12047,19434,1
916,A,97756,OR,12047,18335,1
917,A,52402,IA,12044,19848,1
918,A,33710,FL,12044,16767,1
919,A,60411,IL,12043,21382,1
920,A,93455,CA,12039,16087,1
921,A,34119,FL,12038,18251,1
922,A,63011,MO,12031,14822,1
923,A,19426,PA,12031,14136,1
924,A,90805,CA,12029,28954,1
925,A,11357,NY,12027,16586,1
926,A,91761,CA,12023,18309,1
927,A,92620,CA,12016,22534,1
928,A,75165,TX,12016,18940,1
929,A,30096,GA,12014,28903,1
930,A,84041,UT,12013,19171,1
931,A,77498,TX,12013,18236,1
932,A,92028,CA,12009,17985,1
933,A,55110,MN,12005,16156,1
934,A,40356,KY,12004,17934,1
935,A,55311,MN,12003,14284,1
936,A,37363,TN,12000,16584,1
937,A,19083,PA,11989,13752,1
938,A,47374,IN,11982,21553,1
939,A,29642,SC,11981,15323,1
940,A,80128,CO,11981,14573,1
941,A,87112,NM,11980,20083,1
942,A,29708,SC,11979,16296,1
943,A,21207,MD,11978,20974,1
944,A,27320,NC,11976,17876,1
945,A,23832,VA,11974,14292,1
946,A,23059,VA,11968,15783,1
947,A,33176,FL,11961,20309,1
948,A,10583,NY,11956,14914,1
949,A,21921,MD,11954,18782,1
950,A,06484,CT,11950,16578,1
951,A,92335,CA,11948,25861,1
952,A,55112,MN,11946,17956,1
953,A,10469,NY,11942,25082,1
954,A,24018,VA,11938,17546,1
955,A,49426,MI,11938,14020,1
956,A,97123,OR,11931,17685,1
957,A,21060,MD,11931,15988,1
958,A,30102,GA,11928,16144,1
959,A,33579,FL,11925,15143,1
960,A,19958,DE,11923,19410,1
961,A,15068,PA,11913,18319,1
962,A,93446,CA,11910,19786,1
963,A,92021,CA,11907,23360,1
964,A,40165,KY,11906,15622,1
965,A,91765,CA,11905,16056,1
966,A,55113,MN,11898,19075,1
967,A,53590,WI,11895,18292,1
968,A,95628,CA,11893,17417,1
969,A,85286,AZ,11891,18387,1
970,A,11203,NY,11890,33434,1
971,A,95037,CA,11890,17185,1
972,A,92117,CA,11888,21706,1
973,A,60085,IL,11884,26781,1
974,A,10940,NY,11883,19930,1
975,A,28115,NC,11883,17427,1
976,A,33312,FL,11881,21332,1
977,A,93311,CA,11877,17797,1
978,A,75023,TX,11876,19621,1
979,A,60506,IL,11876,18204,1
980,A,21701,MD,11873,18914,1
981,A,23666,VA,11871,25117,1
982,A,89074,NV,11859,22310,1
983,A,33160,FL,11858,33749,1
984,A,75228,TX,11858,27329,1
985,A,46514,IN,11858,17987,1
986,A,92530,CA,11857,18502,1
987,A,46237,IN,11854,17660,1
988,A,75150,TX,11852,24892,1
989,A,06460,CT,11849,17800,1
990,A,44107,OH,11846,29101,1
991,A,53511,WI,11843,19372,1
992,A,23111,VA,11842,15773,1
993,A,30045,GA,11841,14266,1
994,A,98290,WA,11837,15348,1
995,A,45238,OH,11832,21834,1
996,A,70433,LA,11832,18712,1
997,A,90703,CA,11829,16160,1
998,A,98023,WA,11825,18777,1
999,A,27295,NC,11819,16775,1
1000,A,96720,HI,11816,19826,1
1001,B,29710,SC,11815,15947,1
1002,B,78028,TX,11811,19285,1
1003,B,92346,CA,11808,18075,1
1004,B,90808,CA,11808,14803,1
1005,B,26508,WV,11806,16829,1
1006,B,33844,FL,11801,22018,1
1007,B,95023,CA,11798,18043,1
1008,B,60640,IL,11795,40850,1
1009,B,98103,WA,11791,27857,1
1010,B,76133,TX,11790,20080,1
1011,B,92009,CA,11790,17085,1
1012,B,90660,CA,11788,17281,1
1013,B,60030,IL,11784,15006,1
1014,B,37620,TN,11781,18119,1
1015,B,76065,TX,11779,15081,1
1016,B,78006,TX,11777,16643,1
1017,B,28409,NC,11777,14821,1
1018,B,11201,NY,11776,36155,0
1019,B,84003,UT,11775,16441,1
1020,B,76502,TX,11774,19497,1
1021,B,92253,CA,11764,24679,1
1022,B,47909,IN,11762,18455,1
1023,B,85331,AZ,11758,13680,1
1024,B,95828,CA,11757,18603,1
1025,B,77365,TX,11755,15442,1
1026,B,44203,OH,11751,18198,1
1027,B,60193,IL,11750,16478,1
1028,B,34209,FL,11749,18896,1
1029,B,02703,MA,11748,19014,1
1030,B,33311,FL,11745,27330,1
1031,B,39042,MS,11743,14498,1
1032,B,19134,PA,11733,25290,1
1033,B,75093,TX,11732,20852,1
1034,B,88220,NM,11731,17692,1
1035,B,40216,KY,11729,19257,1
1036,B,48310,MI,11717,15399,1
1037,B,78520,TX,11713,22543,1
1038,B,11590,NY,11710,15497,1
1039,B,28216,NC,11702,24902,1
1040,B,29414,SC,11702,20209,1
1041,B,84020,UT,11702,16865,1
1042,B,53066,WI,11694,16074,1
1043,B,85379,AZ,11694,16052,1
1044,B,67212,KS,11693,19409,1
1045,B,47906,IN,11686,28658,1
1046,B,52001,IA,11679,20102,1
1047,B,60137,IL,11675,15049,1
1048,B,35226,AL,11671,14904,1
1049,B,85705,AZ,11663,29145,1
1050,B,78634,TX,11661,15322,1
1051,B,53704,WI,11656,22740,1
1052,B,92656,CA,11650,21211,1
1053,B,21502,MD,11649,19562,1
1054,B,30080,GA,11648,27081,1
1055,B,30189,GA,11647,16124,1
1056,B,45458,OH,11645,15827,1
1057,B,84009,UT,11645,12873,1
1058,B,20110,VA,11641,16289,1
1059,B,18103,PA,11637,19769,1
1060,B,20902,MD,11637,18759,1
1061,B,78249,TX,11636,24058,1
1062,B,34667,FL,11635,19651,1
1063,B,02301,MA,11634,24592,1
1064,B,60067,IL,11626,16039,1
1065,B,54601,WI,11623,22652,1
1066,B,46038,IN,11623,17738,1
1067,B,60451,IL,11620,12972,1
1068,B,75087,TX,11618,15103,1
1069,B,91320,CA,11617,15509,1
1070,B,34759,FL,11615,17391,1
1071,B,98374,WA,11615,16645,1
1072,B,21043,MD,11614,17978,1
1073,B,40509,KY,11613,19802,1
1074,B,92506,CA,11613,15407,1
1075,B,06902,CT,11607,30142,1
1076,B,75104,TX,11604,17365,1
1077,B,92127,CA,11598,16641,1
1078,B,98837,WA,11597,18651,1
1079,B,29501,SC,11589,20713,1
1080,B,98501,WA,11581,19969,1
1081,B,33068,FL,11579,19760,1
1082,B,40245,KY,11578,15226,1
1083,B,98382,WA,11573,15739,1
1084,B,76248,TX,11570,14749,1
1085,B,78223,TX,11567,22278,1
1086,B,90638,CA,11564,15459,1
1087,B,33196,FL,11561,17713,1
1088,B,62704,IL,11557,20706,1
1089,B,32780,FL,11556,19984,1
1090,B,23451,VA,11552,24897,1
1091,B,02169,MA,11544,30198,1
1092,B,14225,NY,11544,16253,1
1093,B,55106,MN,11542,19974,1
1094,B,60107,IL,11537,13476,1
1095,B,93003,CA,11535,20734,1
1096,B,80516,CO,11534,13163,1
1097,B,28105,NC,11533,17906,1
1098,B,33919,FL,11532,19560,1
1099,B,33324,FL,11528,22375,1
1100,B,32404,FL,11528,18053,1
1101,B,49120,MI,11528,15581,1
1102,B,60652,IL,11523,13709,1
1103,B,76108,TX,11522,18031,1
1104,B,85120,AZ,11522,17430,1
1105,B,85614,AZ,11522,16985,1
1106,B,53081,WI,11520,20121,1
1107,B,77008,TX,11512,20709,1
1108,B,72762,AR,11509,17270,1
1109,B,89110,NV,11508,23701,1
1110,B,78526,TX,11508,18222,1
1111,B,46062,IN,11505,15152,1
1112,B,21784,MD,11503,13664,1
1113,B,46368,IN,11502,16870,1
1114,B,36830,AL,11498,23146,1
1115,B,48236,MI,11496,13078,1
1116,B,76262,TX,11495,16260,1
1117,B,46901,IN,11479,18307,1
1118,B,33484,FL,11472,18884,1
1119,B,89521,NV,11465,16789,1
1120,B,83401,ID,11465,16026,1
1121,B,08807,NJ,11465,14302,1
1122,B,77389,TX,11457,15138,1
1123,B,45014,OH,11455,19926,1
1124,B,60540,IL,11455,16253,1
1125,B,14534,NY,11447,12913,1
1126,B,28210,NC,11443,22376,1
1127,B,94521,CA,11440,16083,1
1128,B,08540,NJ,11438,19255,1
1129,B,77088,TX,11437,18500,1
1130,B,85260,AZ,11431,21072,1
1131,B,98058,WA,11429,16399,1
1132,B,44094,OH,11427,18323,1
1133,B,60142,IL,11426,13194,1
1134,B,18951,PA,11424,14862,1
1135,B,30294,GA,11421,16191,1
1136,B,70810,LA,11420,19195,1
1137,B,93611,CA,11417,16093,1
1138,B,95621,CA,11411,17284,1
1139,B,15235,PA,11410,16942,1
1140,B,98133,WA,11401,24730,1
1141,B,10024,NY,11398,36723,0
1142,B,43207,OH,11396,21242,1
1143,B,37660,TN,11396,20405,1
1144,B,97402,OR,11394,23882,1
1145,B,70458,LA,11394,17026,1
1146,B,30215,GA,11393,13447,1
1147,B,34608,FL,11390,15253,1
1148,B,11385,NY,11389,40175,1
1149,B,84121,UT,11387,16669,1
1150,B,30034,GA,11386,20553,1
1151,B,28104,NC,11386,12751,1
1152,B,01453,MA,11384,18895,1
1153,B,92392,CA,11380,18077,1
1154,B,75033,TX,11378,16717,1
1155,B,89149,NV,11374,17376,1
1156,B,27205,NC,11374,15487,1
1157,B,17042,PA,11366,17067,1
1158,B,33904,FL,11364,20401,1
1159,B,33076,FL,11363,13999,1
1160,B,30319,GA,11362,22411,1
1161,B,94116,CA,11361,16406,1
1162,B,98059,WA,11361,15001,1
1163,B,54703,WI,11359,19120,1
1164,B,46383,IN,11350,18343,1
1165,B,07960,NJ,11346,18978,1
1166,B,70605,LA,11346,17926,1
1167,B,46835,IN,11344,15945,1
1168,B,78233,TX,11343,19396,1
1169,B,83616,ID,11343,13756,1
1170,B,45385,OH,11339,17097,1
1171,B,94566,CA,11334,16698,1
1172,B,78251,TX,11333,22945,1
1173,B,93291,CA,11332,19866,1
1174,B,11801,NY,11331,13068,1
1175,B,99654,AK,11328,17006,1
1176,B,80014,CO,11325,19903,1
1177,B,75077,TX,11323,14768,1
1178,B,89506,NV,11313,17015,1
1179,B,33009,FL,11312,31020,1
1180,B,33952,FL,11310,17682,1
1181,B,91350,CA,11310,13959,1
1182,B,95823,CA,11309,25465,1
1183,B,96816,HI,11309,19818,1
1184,B,94087,CA,11293,21429,1
1185,B,12866,NY,11293,20462,1
1186,B,19145,PA,11289,21295,1
1187,B,58503,ND,11289,15997,1
1188,B,94582,CA,11285,16531,1
1189,B,37130,TN,11274,25838,1
1190,B,48042,MI,11274,12067,1
1191,B,49441,MI,11273,16491,1
1192,B,32958,FL,11272,15512,1
1193,B,33033,FL,11271,21426,1
1194,B,21044,MD,11270,19776,1
1195,B,30120,GA,11263,16778,1
1196,B,40229,KY,11250,15772,1
1197,B,30813,GA,11248,18626,1
1198,B,08854,NJ,11244,18069,1
1199,B,28092,NC,11240,17332,1
1200,B,19149,PA,11237,20810,1
1201,B,63033,MO,11237,18637,1
1202,B,29063,SC,11237,14658,1
1203,B,80401,CO,11235,17762,1
1204,B,21206,MD,11234,21939,1
1205,B,94110,CA,11231,30685,1
1206,B,19140,PA,11231,23104,1
1207,B,21401,MD,11229,19293,1
1208,B,28625,NC,11228,16917,1
1209,B,55082,MN,11227,15493,1
1210,B,95757,CA,11223,15853,1
1211,B,12550,NY,11220,22204,1
1212,B,63116,MO,11217,22394,1
1213,B,28412,NC,11213,20704,1
1214,B,30076,GA,11211,18169,1
1215,B,49442,MI,11209,17759,1
1216,B,46217,IN,11207,14078,1
1217,B,32707,FL,11204,17499,1
1218,B,78586,TX,11203,16145,1
1219,B,98006,WA,11203,14754,1
1220,B,07305,NJ,11201,28297,1
1221,B,21014,MD,11201,14975,1
1222,B,21215,MD,11199,24876,1
1223,B,84067,UT,11198,13425,1
1224,B,42301,KY,11197,19833,1
1225,B,21702,MD,11196,18677,1
1226,B,78258,TX,11190,20640,1
1227,B,20817,MD,11186,14363,1
1228,B,98584,WA,11185,17402,1
1229,B,30906,GA,11181,24663,1
1230,B,44095,OH,11174,15469,1
1231,B,91762,CA,11171,20163,1
1232,B,75013,TX,11162,18341,1
1233,B,57702,SD,11162,16786,1
1234,B,34683,FL,11160,15686,1
1235,B,95120,CA,11158,12974,1
1236,B,28079,NC,11152,14354,1
1237,B,55024,MN,11148,12840,1
1238,B,28540,NC,11144,21466,1
1239,B,87110,NM,11143,19591,1
1240,B,48124,MI,11140,14787,1
1241,B,85746,AZ,11139,16345,1
1242,B,95350,CA,11138,20327,1
1243,B,65109,MO,11133,18264,1
1244,B,85143,AZ,11131,15636,1
1245,B,42303,KY,11130,18055,1
1246,B,55372,MN,11127,12631,1
1247,B,78228,TX,11125,21397,1
1248,B,55406,MN,11119,17439,1
1249,B,23060,VA,11115,14678,1
1250,B,28214,NC,11113,15896,1
1251,B,95336,CA,11112,16889,1
1252,B,57701,SD,11111,20526,1
1253,B,34786,FL,11111,17702,1
1254,B,21157,MD,11111,15466,1
1255,B,77354,TX,11109,15747,1
1256,B,13440,NY,11108,19286,1
1257,B,93277,CA,11107,19434,1
1258,B,21220,MD,11107,17960,1
1259,B,48239,MI,11102,14869,1
1260,B,92688,CA,11099,16388,1
1261,B,29605,SC,11096,17013,1
1262,B,30269,GA,11095,16089,1
1263,B,30087,GA,11092,14274,1
1264,B,98026,WA,11091,15884,1
1265,B,11434,NY,11090,23787,1
1266,B,42101,KY,11089,26062,1
1267,B,33410,FL,11087,17830,1
1268,B,80524,CO,11085,17548,1
1269,B,78840,TX,11081,18438,1
1270,B,77007,TX,11079,26281,1
1271,B,85044,AZ,11078,18817,1
1272,B,64055,MO,11077,16900,1
1273,B,14612,NY,11071,16063,1
1274,B,23831,VA,11071,15430,1
1275,B,02148,MA,11070,28043,1
1276,B,33543,FL,11065,14197,1
1277,B,89122,NV,11064,22033,1
1278,B,63010,MO,11063,14854,1
1279,B,06457,CT,11061,22138,1
1280,B,96707,HI,11061,16554,1
1281,B,02184,MA,11058,15032,1
1282,B,32303,FL,11054,24864,1
1283,B,14609,NY,11053,19404,1
1284,B,60446,IL,11051,13986,1
1285,B,98038,WA,11047,13157,1
1286,B,61761,IL,11046,22037,1
1287,B,11566,NY,11046,11723,1
1288,B,89147,NV,11043,22831,1
1289,B,18017,PA,11034,16773,1
1290,B,23231,VA,11019,17028,1
1291,B,32909,FL,11018,14278,1
1292,B,76051,TX,11015,22529,1
1293,B,43228,OH,11014,25623,1
1294,B,95831,CA,11013,20261,1
1295,B,23223,VA,11011,27141,1
1296,B,90280,CA,11011,25395,1
1297,B,37803,TN,11010,14525,1
1298,B,56560,MN,11007,19366,1
1299,B,35405,AL,11004,22260,1
1300,B,23321,VA,10993,14836,1
1301,B,07003,NJ,10985,21692,1
1302,B,28376,NC,10979,16834,1
1303,B,01085,MA,10975,17054,1
1304,B,07753,NJ,10970,16701,1
1305,B,98033,WA,10967,18211,1
1306,B,32086,FL,10966,15696,1
1307,B,15001,PA,10958,16043,1
1308,B,99362,WA,10957,18022,1
1309,B,85395,AZ,10957,15710,1
1310,B,83815,ID,10956,17031,1
1311,B,97703,OR,10956,16032,1
1312,B,84010,UT,10954,16103,1
1313,B,30265,GA,10948,15331,1
1314,B,60031,IL,10944,14796,1
1315,B,55347,MN,10929,12143,1
1316,B,80233,CO,10928,18309,1
1317,B,70817,LA,10923,14106,1
1318,B,44224,OH,10922,16826,1
1319,B,89002,NV,10910,13703,1
1320,B,30318,GA,10906,29993,1
1321,B,83501,ID,10905,16143,1
1322,B,23116,VA,10904,12246,1
1323,B,02816,RI,10903,14505,1
1324,B,95667,CA,10900,15647,1
1325,B,91706,CA,10899,18853,1
1326,B,32309,FL,10899,13719,1
1327,B,28546,NC,10893,21387,1
1328,B,32168,FL,10892,16439,1
1329,B,94122,CA,10891,24155,1
1330,B,30068,GA,10888,13005,1
1331,B,30078,GA,10884,13784,1
1332,B,47905,IN,10882,18309,1
1333,B,20850,MD,10880,22468,1
1334,B,11209,NY,10879,33286,1
1335,B,79109,TX,10867,20308,1
1336,B,80526,CO,10863,19463,1
1337,B,33032,FL,10859,19102,1
1338,B,38016,TN,10851,20218,1
1339,B,56001,MN,10849,21583,1
1340,B,96734,HI,10846,18208,1
1341,B,60120,IL,10845,17112,1
1342,B,50613,IA,10843,17808,1
1343,B,93307,CA,10842,24349,1
1344,B,76049,TX,10838,13527,1
1345,B,37920,TN,10835,20180,1
1346,B,77382,TX,10831,13691,1
1347,B,89141,NV,10830,15010,1
1348,B,32935,FL,10829,20338,1
1349,B,20904,MD,10827,22366,1
1350,B,20120,VA,10827,14753,1
1351,B,85224,AZ,10825,21559,1
1352,B,24153,VA,10823,16387,1
1353,B,85282,AZ,10822,25667,1
1354,B,19606,PA,10821,14593,1
1355,B,60613,IL,10817,31263,1
1356,B,46902,IN,10816,18004,1
1357,B,75019,TX,10816,17455,1
1358,B,76549,TX,10814,21794,1
1359,B,84770,UT,10813,21173,1
1360,B,21236,MD,10813,16267,1
1361,B,80104,CO,10810,13945,1
1362,B,83704,ID,10808,17776,1
1363,B,48073,MI,10807,17551,1
1364,B,20019,DC,10805,29244,1
1365,B,74133,OK,10805,22638,1
1366,B,33813,FL,10805,14787,1
1367,B,28056,NC,10803,14415,1
1368,B,78501,TX,10802,24807,1
1369,B,11580,NY,10801,13582,1
1370,B,53132,WI,10795,14073,1
1371,B,02864,RI,10794,14735,1
1372,B,46220,IN,10790,17524,1
1373,B,76087,TX,10790,13290,1
1374,B,75067,TX,10788,28990,1
1375,B,90630,CA,10787,16544,1
1376,B,46227,IN,10784,26411,1
1377,B,65802,MO,10781,20199,1
1378,B,43082,OH,10778,12915,1
1379,B,02151,MA,10777,23461,1
1380,B,29909,SC,10777,12635,1
1381,B,27292,NC,10771,18749,1
1382,B,93309,CA,10769,23546,1
1383,B,33179,FL,10769,21249,1
1384,B,49221,MI,10768,17011,1
1385,B,98513,WA,10767,14533,1
1386,B,34990,FL,10763,13641,1
1387,B,60622,IL,10760,27630,1
1388,B,17602,PA,10755,19472,1
1389,B,92870,CA,10752,17545,1
1390,B,27030,NC,10748,17296,1
1391,B,27127,NC,10746,18126,1
1392,B,92544,CA,10744,17568,1
1393,B,86442,AZ,10742,19581,1
1394,B,98604,WA,10735,13557,1
1395,B,94611,CA,10734,19014,1
1396,B,46077,IN,10732,13104,1
1397,B,93720,CA,10730,19738,1
1398,B,33428,FL,10728,17962,1
1399,B,99504,AK,10726,17720,1
1400,B,81007,CO,10725,12678,1
1401,B,86314,AZ,10720,16806,1
1402,B,33442,FL,10717,21595,1
1403,B,30083,GA,10716,24282,1
1404,B,27527,NC,10708,13179,1
1405,B,80004,CO,10703,15447,1
1406,B,85251,AZ,10701,26456,1
1407,B,97527,OR,10701,15481,1
1408,B,90745,CA,10696,16638,1
1409,B,79927,TX,10694,14284,1
1410,B,01810,MA,10688,13803,1
1411,B,15102,PA,10686,14160,1
1412,B,98118,WA,10682,19831,1
1413,B,08012,NJ,10682,16192,1
1414,B,20155,VA,10677,12833,1
1415,B,85730,AZ,10675,16913,1
1416,B,30542,GA,10671,14711,1
1417,B,28734,NC,10665,18472,1
1418,B,80122,CO,10665,13180,1
1419,B,17404,PA,10664,15716,1
1420,B,30180,GA,10653,15447,1
1421,B,13021,NY,10652,18847,1
1422,B,07024,NJ,10647,19748,1
1423,B,46410,IN,10644,17685,1
1424,B,19063,PA,10643,16128,1
1425,B,11561,NY,10639,18442,1
1426,B,33308,FL,10637,23230,1
1427,B,96003,CA,10635,19873,1
1428,B,73072,OK,10633,20915,1
1429,B,33415,FL,10632,20364,1
1430,B,76017,TX,10631,17211,1
1431,B,89178,NV,10630,15900,1
1432,B,77356,TX,10621,14982,1
1433,B,89117,NV,10619,25494,1
1434,B,80501,CO,10619,19173,1
1435,B,40272,KY,10619,15469,1
1436,B,70508,LA,10616,18677,1
1437,B,12309,NY,10616,13623,1
1438,B,34986,FL,10614,14600,1
1439,B,44145,OH,10613,15781,1
1440,B,92407,CA,10612,19029,1
1441,B,37643,TN,10606,16344,1
1442,B,07002,NJ,10604,30161,1
1443,B,95206,CA,10604,18792,1
1444,B,28226,NC,10604,16816,1
1445,B,77377,TX,10603,13625,1
1446,B,08857,NJ,10602,16241,1
1447,B,21045,MD,10599,15826,1
1448,B,49417,MI,10599,14709,1
1449,B,34476,FL,10598,12754,1
1450,B,24401,VA,10594,18056,1
1451,B,54935,WI,10593,19115,1
1452,B,60188,IL,10592,15710,1
1453,B,06516,CT,10589,21884,1
1454,B,40391,KY,10585,16125,1
1455,B,97224,OR,10585,15938,1
1456,B,63119,MO,10584,15627,1
1457,B,94561,CA,10584,14251,1
1458,B,94560,CA,10582,15897,1
1459,B,19147,PA,10581,20735,1
1460,B,06611,CT,10576,12468,1
1461,B,22405,VA,10570,13058,1
1462,B,45036,OH,10568,15036,1
1463,B,45373,OH,10567,15691,1
1464,B,93010,CA,10566,17315,1
1465,B,32904,FL,10562,15117,1
1466,B,28314,NC,10557,24832,1
1467,B,45150,OH,10555,14432,1
1468,B,64118,MO,10553,19374,1
1469,B,43016,OH,10551,19919,1
1470,B,33615,FL,10544,20543,1
1471,B,37876,TN,10540,18206,1
1472,B,43017,OH,10540,16819,1
1473,B,60623,IL,10535,31300,1
1474,B,34232,FL,10533,17248,1
1475,B,54016,WI,10530,13747,1
1476,B,85233,AZ,10528,15080,1
1477,B,43040,OH,10523,14238,1
1478,B,33884,FL,10521,15876,1
1479,B,11214,NY,10520,33341,1
1480,B,21144,MD,10520,13456,1
1481,B,11554,NY,10514,12128,1
1482,B,30134,GA,10512,17233,1
1483,B,48146,MI,10509,15874,1
1484,B,27612,NC,10508,21582,1
1485,B,43235,OH,10505,20855,1
1486,B,64804,MO,10505,16844,1
1487,B,34761,FL,10502,14794,1
1488,B,06489,CT,10500,13496,1
1489,B,17402,PA,10495,14751,1
1490,B,97302,OR,10494,17888,1
1491,B,85745,AZ,10492,17662,1
1492,B,70570,LA,10491,17099,1
1493,B,78154,TX,10491,15688,1
1494,B,91789,CA,10483,13486,1
1495,B,91360,CA,10477,15631,1
1496,B,32578,FL,10477,14578,1
1497,B,27106,NC,10469,22491,1
1498,B,94546,CA,10469,16398,1
1499,B,94534,CA,10466,14249,1
1500,B,20171,VA,10465,19221,1
1501,B,94605,CA,10465,17686,1
1502,B,94501,CA,10462,27117,1
1503,B,01545,MA,10462,15318,1
1504,B,48235,MI,10460,20946,1
1505,B,32818,FL,10460,18775,1
1506,B,75032,TX,10460,13453,1
1507,B,76513,TX,10459,16004,1
1508,B,82001,WY,10458,17977,1
1509,B,16066,PA,10457,14359,1
1510,B,80031,CO,10456,15377,1
1511,B,04401,ME,10452,20932,1
1512,B,95822,CA,10447,17479,1
1513,B,85743,AZ,10447,12757,1
1514,B,30815,GA,10446,15741,1
1515,B,92131,CA,10444,13352,1
1516,B,21703,MD,10442,15773,1
1517,B,12180,NY,10441,25527,1
1518,B,70454,LA,10441,14132,1
1519,B,59718,MT,10438,19765,1
1520,B,48312,MI,10437,14282,1
1521,B,30701,GA,10434,16731,1
1522,B,33913,FL,10431,16026,1
1523,B,60441,IL,10430,13249,1
1524,B,29745,SC,10427,13765,1
1525,B,30328,GA,10426,19878,1
1526,B,32065,FL,10425,14756,1
1527,B,98367,WA,10420,12918,1
1528,B,76123,TX,10417,14095,1
1529,B,32257,FL,10416,18465,1
1530,B,85340,AZ,10412,13336,1
1531,B,90250,CA,10407,34105,1
1532,B,85706,AZ,10407,19095,1
1533,B,20743,MD,10407,16521,1
1534,B,77077,TX,10404,32911,1
1535,B,85713,AZ,10401,19056,1
1536,B,77070,TX,10400,23272,1
1537,B,91702,CA,10395,18218,1
1538,B,62521,IL,10391,16169,1
1539,B,54729,WI,10389,15386,1
1540,B,59105,MT,10387,14198,1
1541,B,95127,CA,10386,16823,1
1542,B,21208,MD,10386,16397,1
1543,B,48060,MI,10385,18066,1
1544,B,44070,OH,10385,13953,1
1545,B,53402,WI,10383,15660,1
1546,B,88101,NM,10381,19798,1
1547,B,85206,AZ,10378,19078,1
1548,B,77489,TX,10376,13883,1
1549,B,60102,IL,10375,12076,1
1550,B,32822,FL,10369,27437,1
1551,B,78759,TX,10369,23843,1
1552,B,06606,CT,10368,19002,1
1553,B,91766,CA,10367,20217,1
1554,B,94538,CA,10365,24429,1
1555,B,08723,NJ,10365,14075,1
1556,B,51503,IA,10363,16154,1
1557,B,33624,FL,10363,15838,1
1558,B,01760,MA,10362,15838,1
1559,B,78260,TX,10362,12571,1
1560,B,33881,FL,10361,17948,1
1561,B,28146,NC,10357,14111,1
1562,B,65804,MO,10356,20118,1
1563,B,21136,MD,10356,13944,1
1564,B,21009,MD,10356,13106,1
1565,B,47401,IN,10355,21162,1
1566,B,92027,CA,10351,17768,1
1567,B,27407,NC,10350,23861,1
1568,B,48642,MI,10350,14663,1
1569,B,78550,TX,10348,22347,1
1570,B,59701,MT,10348,16834,1
1571,B,43615,OH,10344,19620,1
1572,B,33594,FL,10343,14067,1
1573,B,10463,NY,10342,30602,1
1574,B,55119,MN,10341,16806,1
1575,B,98503,WA,10338,18375,1
1576,B,80228,CO,10337,15921,1
1577,B,43560,OH,10336,13107,1
1578,B,80227,CO,10333,16509,1
1579,B,13027,NY,10323,15276,1
1580,B,42104,KY,10318,17619,1
1581,B,78653,TX,10313,12498,1
1582,B,35244,AL,10312,15189,1
1583,B,61704,IL,10311,16529,1
1584,B,98117,WA,10310,15230,1
1585,B,29680,SC,10308,13858,1
1586,B,07666,NJ,10307,13851,1
1587,B,49203,MI,10299,16999,1
1588,B,27858,NC,10298,26281,1
1589,B,99206,WA,10294,17339,1
1590,B,60423,IL,10293,11494,1
1591,B,77381,TX,10287,13709,1
1592,B,94541,CA,10286,23217,1
1593,B,78537,TX,10286,16683,1
1594,B,32082,FL,10284,15021,1
1595,B,93711,CA,10283,16643,1
1596,B,94806,CA,10281,21360,1
1597,B,15236,PA,10279,14066,1
1598,B,80108,CO,10278,12801,1
1599,B,80503,CO,10276,15508,1
1600,B,35803,AL,10276,13272,1
1601,B,48152,MI,10275,12922,1
1602,B,21229,MD,10271,20653,1
1603,B,54701,WI,10267,17932,1
1604,B,95835,CA,10266,15610,1
1605,B,28306,NC,10265,17723,1
1606,B,95051,CA,10260,25152,1
1607,B,85029,AZ,10259,19723,1
1608,B,55117,MN,10259,17784,1
1609,B,75227,TX,10256,19605,1
1610,B,85213,AZ,10256,15468,1
1611,B,91701,CA,10256,13308,1
1612,B,10466,NY,10255,26303,1
1613,B,34653,FL,10252,17752,1
1614,B,91001,CA,10248,13335,1
1615,B,32312,FL,10248,13039,1
1616,B,06824,CT,10248,12690,1
1617,B,92571,CA,10247,14792,1
1618,B,11710,NY,10246,11717,1
1619,B,85042,AZ,10245,16139,1
1620,B,34231,FL,10240,19017,1
1621,B,92037,CA,10236,19628,1
1622,B,92040,CA,10235,16147,1
1623,B,39402,MS,10233,18780,1
1624,B,85226,AZ,10230,17406,1
1625,B,34243,FL,10230,16287,1
1626,B,23235,VA,10230,14973,1
1627,B,77304,TX,10226,18462,1
1628,B,84120,UT,10223,14184,1
1629,B,11787,NY,10223,12147,1
1630,B,44870,OH,10220,19991,1
1631,B,60611,IL,10219,28239,0
1632,B,75216,TX,10217,20612,1
1633,B,98908,WA,10217,15496,1
1634,B,34112,FL,10216,20626,1
1635,B,34472,FL,10216,14057,1
1636,B,30005,GA,10215,14879,1
1637,B,27604,NC,10213,20828,1
1638,B,44312,OH,10213,14299,1
1639,B,71111,LA,10212,19563,1
1640,B,33950,FL,10211,16748,1
1641,B,92504,CA,10210,17038,1
1642,B,08360,NJ,10208,16797,1
1643,B,72023,AR,10203,14901,1
1644,B,77339,TX,10201,19104,1
1645,B,97478,OR,10196,15182,1
1646,B,84401,UT,10192,18615,1
1647,B,48101,MI,10190,12413,1
1648,B,32792,FL,10185,24169,1
1649,B,92704,CA,10185,20887,1
1650,B,19154,PA,10184,13296,1
1651,B,19128,PA,10182,19006,1
1652,B,10011,NY,10180,35049,0
1653,B,32127,FL,10180,15898,1
1654,B,35173,AL,10180,12029,1
1655,B,32256,FL,10179,27735,1
1656,B,21221,MD,10174,18364,1
1657,B,78552,TX,10173,16009,1
1658,B,48640,MI,10164,14340,1
1659,B,55423,MN,10162,16792,1
1660,B,43110,OH,10161,17352,1
1661,B,10305,NY,10158,16850,1
1662,B,92804,CA,10156,25451,1
1663,B,59101,MT,10150,18864,1
1664,B,27707,NC,10146,23528,1
1665,B,63125,MO,10146,14741,1
1666,B,48219,MI,10144,20815,1
1667,B,58078,ND,10140,16416,1
1668,B,50317,IA,10137,15193,1
1669,B,84660,UT,10137,13162,1
1670,B,64068,MO,10135,14656,1
1671,B,08096,NJ,10132,15013,1
1672,B,75036,TX,10132,11823,1
1673,B,93436,CA,10131,18928,1
1674,B,32073,FL,10125,17301,1
1675,B,01970,MA,10118,20920,1
1676,B,44281,OH,10115,14298,1
1677,B,33470,FL,10110,11309,1
1678,B,77571,TX,10109,14428,1
1679,B,53151,WI,10109,14324,1
1680,B,61008,IL,10108,13406,1
1681,B,76522,TX,10107,17370,1
1682,B,97230,OR,10107,17190,1
1683,B,48313,MI,10107,14288,1
1684,B,21771,MD,10107,11401,1
1685,B,06790,CT,10106,17109,1
1686,B,12020,NY,10105,15787,1
1687,B,21015,MD,10104,11584,1
1688,B,15044,PA,10104,11285,1
1689,B,33713,FL,10100,16192,1
1690,B,37312,TN,10100,15023,1
1691,B,77064,TX,10098,17358,1
1692,B,75044,TX,10095,17491,1
1693,B,72120,AR,10095,15216,1
1694,B,44122,OH,10093,17795,1
1695,B,92807,CA,10092,12985,1
1696,B,20009,DC,10091,31824,1
1697,B,83651,ID,10091,14031,1
1698,B,92019,CA,10090,15830,1
1699,B,40214,KY,10088,20459,1
1700,B,21403,MD,10086,15479,1
1701,B,17011,PA,10086,14999,1
1702,B,95476,CA,10083,16974,1
1703,B,32043,FL,10079,13331,1
1704,B,34689,FL,10078,14193,1
1705,B,95376,CA,10072,17270,1
1706,B,96701,HI,10067,15407,1
1707,B,92883,CA,10066,12821,1
1708,B,49504,MI,10065,18830,1
1709,B,48221,MI,10065,17452,1
1710,B,11520,NY,10061,14912,1
1711,B,84095,UT,10056,13518,1
1712,B,30213,GA,10053,16933,1
1713,B,63128,MO,10053,13569,1
1714,B,30338,GA,10052,17591,1
1715,B,62025,IL,10052,14347,1
1716,B,97124,OR,10050,22176,1
1717,B,58104,ND,10049,21847,1
1718,B,27909,NC,10044,17591,1
1719,B,98370,WA,10044,13849,1
1720,B,92557,CA,10043,15748,1
1721,B,95843,CA,10041,15207,1
1722,B,43221,OH,10040,15462,1
1723,B,01876,MA,10035,12212,1
1724,B,95688,CA,10034,14876,1
1725,B,96822,HI,10032,19960,1
1726,B,95765,CA,10031,15147,1
1727,B,29455,SC,10028,17196,1
1728,B,11420,NY,10026,14835,1
1729,B,81005,CO,10026,13578,1
1730,B,96740,HI,10025,19119,1
1731,B,61201,IL,10024,17459,1
1732,B,55449,MN,10023,11824,1
1733,B,55104,MN,10022,20358,1
1734,B,75080,TX,10022,19971,1
1735,B,48127,MI,10022,14616,1
1736,B,83687,ID,10020,14484,1
1737,B,77024,TX,10017,18599,1
1738,B,80221,CO,10017,15165,1
1739,B,30236,GA,10016,19230,1
1740,B,77351,TX,10015,17934,1
1741,B,98155,WA,10015,14526,1
1742,B,01701,MA,10015,13131,1
1743,B,30028,GA,10010,11720,1
1744,B,90815,CA,10009,15908,1
1745,B,60505,IL,10008,18681,1
1746,B,55068,MN,10008,11794,1
1747,B,97526,OR,10007,15987,1
1748,B,94526,CA,10006,12265,1
1749,B,84005,UT,10006,11949,1
1750,B,85641,AZ,10000,11269,1
1751,B,62269,IL,9997,14616,1
1752,B,95209,CA,9997,13923,1
1753,B,19146,PA,9996,22182,1
1754,B,84118,UT,9990,12230,1
1755,B,80011,CO,9987,19108,1
1756,B,27012,NC,9987,13107,1
1757,B,90042,CA,9985,22630,1
1758,B,08021,NJ,9985,22195,1
1759,B,33155,FL,9984,16046,1
1760,B,60616,IL,9976,26912,1
1761,B,11793,NY,9974,10774,1
1762,B,92308,CA,9972,14995,1
1763,B,80911,CO,9972,12516,1
1764,B,35603,AL,9970,14509,1
1765,B,85048,AZ,9970,14369,1
1766,B,38632,MS,9968,12073,1
1767,B,11413,NY,9967,14485,1
1768,B,10950,NY,9966,17531,1
1769,B,33556,FL,9966,12333,1
1770,B,95337,CA,9965,14193,1
1771,B,97501,OR,9964,19370,1
1772,B,33026,FL,9964,12434,1
1773,B,44118,OH,9963,17849,1
1774,B,60707,IL,9961,16590,1
1775,B,06111,CT,9960,13334,1
1776,B,66614,KS,9954,15273,1
1777,B,73505,OK,9945,22124,1
1778,B,72758,AR,9945,18145,1
1779,B,94551,CA,9945,14475,1
1780,B,78626,TX,9944,16866,1
1781,B,44512,OH,9943,15770,1
1782,B,34219,FL,9942,12570,1
1783,B,87109,NM,9939,20826,1
1784,B,17701,PA,9934,20891,1
1785,B,85742,AZ,9934,12725,1
1786,B,98036,WA,9933,17228,1
1787,B,94954,CA,9928,15147,1
1788,B,84037,UT,9928,11370,1
1789,B,28278,NC,9926,13812,1
1790,B,81504,CO,9922,13042,1
1791,B,80831,CO,9922,11148,1
1792,B,17202,PA,9920,12925,1
1793,B,98801,WA,9919,18034,1
1794,B,22153,VA,9918,11121,1
1795,B,83201,ID,9917,15885,1
1796,B,11779,NY,9915,14145,1
1797,B,46151,IN,9914,13366,1
1798,B,33880,FL,9912,17055,1
1799,B,46530,IN,9910,11939,1
1800,B,33313,FL,9909,25312,1
1801,B,44121,OH,9909,14916,1
1802,B,08050,NJ,9907,14182,1
1803,B,85050,AZ,9907,13000,1
1804,B,22630,VA,9905,14465,1
1805,B,68116,NE,9904,13071,1
1806,B,80005,CO,9903,11397,1
1807,B,33993,FL,9894,13098,1
1808,B,37076,TN,9890,19235,1
1809,B,17315,PA,9890,11442,1
1810,B,60046,IL,9889,12544,1
1811,B,48116,MI,9889,12230,1
1812,B,89135,NV,9888,14761,1
1813,B,60060,IL,9886,13827,1
1814,B,28348,NC,9885,14413,1
1815,B,89015,NV,9883,16812,1
1816,B,72450,AR,9883,16784,1
1817,B,94583,CA,9883,14208,1
1818,B,77316,TX,9881,11879,1
1819,B,11218,NY,9880,27403,1
1820,B,18940,PA,9875,11763,1
1821,B,99223,WA,9874,15252,1
1822,B,84062,UT,9874,14649,1
1823,B,64152,MO,9872,12525,1
1824,B,93308,CA,9868,21443,1
1825,B,89012,NV,9866,16776,1
1826,B,23234,VA,9863,18167,1
1827,B,95678,CA,9862,18594,1
1828,B,34758,FL,9862,14977,1
1829,B,91326,CA,9861,13670,1
1830,B,08820,NJ,9855,13215,1
1831,B,98685,WA,9855,11901,1
1832,B,94010,CA,9854,17834,1
1833,B,65803,MO,9852,19659,1
1834,B,60035,IL,9851,12376,1
1835,B,29407,SC,9849,18723,1
1836,B,33445,FL,9848,17584,1
1837,B,01915,MA,9847,17318,1
1838,B,94531,CA,9846,13888,1
1839,B,74011,OK,9846,12898,1
1840,B,14701,NY,9844,19469,1
1841,B,20164,VA,9844,13077,1
1842,B,58103,ND,9843,25241,1
1843,B,21113,MD,9839,16103,1
1844,B,72653,AR,9839,15123,1
1845,B,92705,CA,9838,16642,1
1846,B,80249,CO,9836,13375,1
1847,B,29841,SC,9834,16474,1
1848,B,22033,VA,9829,16057,1
1849,B,55378,MN,9829,11857,1
1850,B,07047,NJ,9828,25024,1
1851,B,32837,FL,9828,21021,1
1852,B,38655,MS,9824,25173,1
1853,B,08003,NJ,9821,12049,1
1854,B,62234,IL,9818,14947,1
1855,B,99337,WA,9816,11725,1
1856,B,20721,MD,9816,11284,1
1857,B,11377,NY,9815,34928,1
1858,B,92553,CA,9813,20175,1
1859,B,80012,CO,9807,20102,1
1860,B,33062,FL,9806,23059,1
1861,B,75074,TX,9806,19362,1
1862,B,92324,CA,9806,19150,1
1863,B,33065,FL,9802,21416,1
1864,B,19038,PA,9802,11889,1
1865,B,17403,PA,9796,16490,1
1866,B,99352,WA,9796,15522,1
1867,B,53207,WI,9793,17278,1
1868,B,54311,WI,9793,15047,1
1869,B,32003,FL,9793,11842,1
1870,B,41051,KY,9793,11643,1
1871,B,11731,NY,9786,11073,1
1872,B,60525,IL,9785,12991,1
1873,B,72034,AR,9784,22523,1
1874,B,42420,KY,9782,17316,1
1875,B,32757,FL,9782,14625,1
1876,B,12590,NY,9782,14563,1
1877,B,48322,MI,9780,13481,1
1878,B,18702,PA,9777,19738,1
1879,B,46142,IN,9775,14396,1
1880,B,11510,NY,9775,11463,1
1881,B,93906,CA,9770,18432,1
1882,B,88310,NM,9770,18112,1
1883,B,27405,NC,9767,21762,1
1884,B,80906,CO,9767,16771,1
1885,B,49508,MI,9764,16583,1
1886,B,97471,OR,9762,13356,1
1887,B,47711,IN,9759,14487,1
1888,B,91362,CA,9758,14456,1
1889,B,75006,TX,9742,19549,1
1890,B,37207,TN,9741,18698,1
1891,B,87401,NM,9741,17611,1
1892,B,17111,PA,9741,14880,1
1893,B,84088,UT,9741,13277,1
1894,B,23229,VA,9738,14210,1
1895,B,53142,WI,9738,13787,1
1896,B,97202,OR,9737,20097,1
1897,B,40220,KY,9737,16019,1
1898,B,44133,OH,9727,14514,1
1899,B,10128,NY,9725,35940,0
1900,B,27705,NC,9725,24108,1
1901,B,90740,CA,9725,14208,1
1902,B,79763,TX,9724,15063,1
1903,B,89523,NV,9722,16662,1
1904,B,33990,FL,9721,15483,1
1905,B,60050,IL,9718,13399,1
1906,B,72756,AR,9717,17225,1
1907,B,80220,CO,9714,17675,1
1908,B,55434,MN,9714,12221,1
1909,B,45103,OH,9711,14928,1
1910,B,84129,UT,9711,12532,1
1911,B,11364,NY,9710,14527,1
1912,B,11003,NY,9710,12641,1
1913,B,75703,TX,9709,20045,1
1914,B,80211,CO,9708,20973,1
1915,B,89044,NV,9707,12494,1
1916,B,28806,NC,9703,21185,1
1917,B,33178,FL,9702,21931,1
1918,B,44266,OH,9702,15036,1
1919,B,93561,CA,9701,13876,1
1920,B,32258,FL,9700,16257,1
1921,B,93033,CA,9699,17523,1
1922,B,30084,GA,9698,15950,1
1923,B,01826,MA,9694,12480,1
1924,B,48315,MI,9693,11252,1
1925,B,29615,SC,9688,19687,1
1926,B,80210,CO,9685,18496,1
1927,B,32533,FL,9685,12035,1
1928,B,95148,CA,9682,12385,1
1929,B,99507,AK,9680,14552,1
1930,B,28677,NC,9679,16096,1
1931,B,47421,IN,9672,13112,1
1932,B,08822,NJ,9672,12274,1
1933,B,80138,CO,9671,12752,1
1934,B,53188,WI,9670,14703,1
1935,B,34606,FL,9668,14009,1
1936,B,02038,MA,9668,12889,1
1937,B,97701,OR,9666,19020,1
1938,B,33417,FL,9664,20450,1
1939,B,32927,FL,9664,11843,1
1940,B,70506,LA,9663,20296,1
1941,B,49525,MI,9663,12577,1
1942,B,80003,CO,9662,14193,1
1943,B,03079,NH,9661,13511,1
1944,B,06033,CT,9660,12315,1
1945,B,80920,CO,9659,14631,1
1946,B,36526,AL,9657,14074,1
1947,B,48198,MI,9651,17379,1
1948,B,36330,AL,9651,16963,1
1949,B,87505,NM,9650,18733,1
1950,B,33903,FL,9650,15400,1
1951,B,48423,MI,9645,15248,1
1952,B,22204,VA,9644,24128,1
1953,B,60609,IL,9641,26122,1
1954,B,92211,CA,9640,20152,1
1955,B,48446,MI,9640,12797,1
1956,B,95070,CA,9636,11849,1
1957,B,64119,MO,9633,13515,1
1958,B,79707,TX,9632,16654,1
1959,B,07410,NJ,9629,12392,1
1960,B,78749,TX,9628,16554,1
1961,B,49506,MI,9622,13262,1
1962,B,22207,VA,9622,12740,1
1963,B,11803,NY,9619,10794,1
1964,B,33823,FL,9617,15383,1
1965,B,91311,CA,9613,14879,1
1966,B,46614,IN,9613,12995,1
1967,B,58201,ND,9609,20277,1
1968,B,79907,TX,9607,17505,1
1969,B,56401,MN,9607,16038,1
1970,B,98021,WA,9607,12629,1
1971,B,76182,TX,9604,11845,1
1972,B,46342,IN,9603,13774,1
1973,B,28792,NC,9602,18121,1
1974,B,11572,NY,9601,10811,1
1975,B,57103,SD,9598,15326,1
1976,B,22304,VA,9597,24654,1
1977,B,98366,WA,9597,15391,1
1978,B,32570,FL,9597,15387,1
1979,B,90066,CA,9595,26591,1
1980,B,33905,FL,9590,17337,1
1981,B,08332,NJ,9589,15063,1
1982,B,46239,IN,9583,12284,1
1983,B,80241,CO,9580,12724,1
1984,B,78209,TX,9576,22771,1
1985,B,14127,NY,9574,13412,1
1986,B,33702,FL,9573,16240,1
1987,B,01420,MA,9571,17998,1
1988,B,94044,CA,9570,14609,1
1989,B,77015,TX,9569,19961,1
1990,B,18045,PA,9564,12250,1
1991,B,99336,WA,9563,20915,1
1992,B,65721,MO,9562,13467,1
1993,B,60007,IL,9560,13580,1
1994,B,07036,NJ,9556,16911,1
1995,B,94066,CA,9556,16736,1
1996,B,92618,CA,9555,26470,1
1997,B,60651,IL,9554,22885,1
1998,B,75060,TX,9553,15538,1
1999,B,85016,AZ,9551,21363,1
2000,B,29577,SC,9550,22630,1
2001,B,63701,MO,9550,17834,1
2002,B,07747,NJ,9550,13134,1
2003,B,45039,OH,9548,11616,1
2004,B,95111,CA,9547,16303,1
2005,B,95973,CA,9547,15836,1
2006,B,78744,TX,9544,20035,1
2007,B,23669,VA,9544,17589,1
2008,B,27302,NC,9544,14997,1
2009,B,85018,AZ,9543,19487,1
2010,B,89011,NV,9539,15505,1
2011,B,45324,OH,9538,19729,1
2012,B,10309,NY,9535,12770,1
2013,B,86409,AZ,9534,14616,1
2014,B,28205,NC,9533,24605,1
2015,B,60201,IL,9533,18890,1
2016,B,74063,OK,9533,12823,1
2017,B,90620,CA,9532,13579,1
2018,B,30214,GA,9530,12680,1
2019,B,20706,MD,9527,13799,1
2020,B,98607,WA,9527,12667,1
2021,B,11704,NY,9524,13406,1
2022,B,34110,FL,9522,18394,1
2023,B,97303,OR,9522,15740,1
2024,B,31061,GA,9518,19323,1
2025,B,50265,IA,9516,15104,1
2026,B,76904,TX,9515,16812,1
2027,B,98277,WA,9512,17694,1
2028,B,08055,NJ,9510,11103,1
2029,B,80601,CO,9506,13885,1
2030,B,76020,TX,9506,13355,1
2031,B,27614,NC,9501,14834,1
2032,B,89134,NV,9499,12897,1
2033,B,92675,CA,9498,12801,1
2034,B,98229,WA,9493,14392,1
2035,B,11207,NY,9492,38030,1
2036,B,29316,SC,9490,12202,1
2037,B,53219,WI,9487,15661,1
2038,B,22901,VA,9486,17648,1
2039,B,77040,TX,9485,19197,1
2040,B,19002,PA,9485,12607,1
2041,B,60189,IL,9485,12397,1
2042,B,95060,CA,9484,20181,1
2043,B,08016,NJ,9483,13842,1
2044,B,89130,NV,9482,13819,1
2045,B,84403,UT,9480,14587,1
2046,B,32084,FL,9478,17839,1
2047,B,14304,NY,9477,13705,1
2048,B,30316,GA,9476,18095,1
2049,B,37659,TN,9476,12798,1
2050,B,46168,IN,9475,14426,1
2051,B,27332,NC,9470,13895,1
2052,B,28273,NC,9469,19236,1
2053,B,79706,TX,9467,12368,1
2054,B,44111,OH,9466,19041,1
2055,B,78230,TX,9465,21191,1
2056,B,97330,OR,9464,19957,1
2057,B,20603,MD,9462,11887,1
2058,B,83607,ID,9462,11858,1
2059,B,92065,CA,9459,12774,1
2060,B,85635,AZ,9458,17138,1
2061,B,30606,GA,9456,22603,1
2062,B,27330,NC,9456,17026,1
2063,B,33317,FL,9454,13625,1
2064,B,11223,NY,9453,28857,1
2065,B,88240,NM,9453,16490,1
2066,B,11230,NY,9452,34269,1
2067,B,08005,NJ,9452,11671,1
2068,B,45342,OH,9450,15818,1
2069,B,97128,OR,9449,15291,1
2070,B,59404,MT,9448,11828,1
2071,B,10028,NY,9447,29535,0
2072,B,51501,IA,9446,15217,1
2073,B,55433,MN,9446,14351,1
2074,B,70791,LA,9443,12112,1
2075,B,60527,IL,9440,13101,1
2076,B,75214,TX,9439,17474,1
2077,B,85258,AZ,9439,15566,1
2078,B,34275,FL,9438,13139,1
2079,B,40207,KY,9436,14507,1
2080,B,28031,NC,9436,14194,1
2081,B,94577,CA,9435,17681,1
2082,B,48035,MI,9433,15615,1
2083,B,48228,MI,9430,22620,1
2084,B,95136,CA,9430,16535,1
2085,B,49464,MI,9430,11001,1
2086,B,01801,MA,9429,16982,1
2087,B,92203,CA,9429,14750,1
2088,B,29640,SC,9429,14096,1
2089,B,48911,MI,9428,18069,1
2090,B,95662,CA,9428,13028,1
2091,B,92679,CA,9426,10904,1
2092,B,07030,NJ,9421,29985,1
2093,B,50315,IA,9421,16579,1
2094,B,80026,CO,9417,14209,1
2095,B,56601,MN,9414,16104,1
2096,B,20170,VA,9412,14084,1
2097,B,91304,CA,9411,18875,1
2098,B,73120,OK,9407,20356,1
2099,B,53221,WI,9406,17126,1
2100,B,34638,FL,9402,12016,1
2101,B,64133,MO,9400,16435,1
2102,B,60098,IL,9398,13310,1
2103,B,22408,VA,9395,12438,1
2104,B,70068,LA,9393,13379,1
2105,B,70461,LA,9387,12900,1
2106,B,65714,MO,9381,13459,1
2107,B,55060,MN,9380,12631,1
2108,B,32608,FL,9374,25939,1
2109,B,60101,IL,9374,14145,1
2110,B,23225,VA,9371,21545,1
2111,B,97068,OR,9370,11656,1
2112,B,55126,MN,9369,11946,1
2113,B,77441,TX,9369,10615,1
2114,B,16601,PA,9368,14992,1
2115,B,93012,CA,9368,14399,1
2116,B,55122,MN,9367,13965,1
2117,B,92648,CA,9363,21609,1
2118,B,90047,CA,9361,18042,1
2119,B,29456,SC,9360,16136,1
2120,B,33193,FL,9356,16322,1
2121,B,01752,MA,9352,17370,1
2122,B,92307,CA,9349,13832,1
2123,B,17013,PA,9348,16065,1
2124,B,20152,VA,9345,11127,1
2125,B,68135,NE,9344,10657,1
2126,B,27704,NC,9340,16824,1
2127,B,15227,PA,9340,13952,1
2128,B,20105,VA,9337,10600,1
2129,B,43062,OH,9335,11979,1
2130,B,01821,MA,9334,11666,1
2131,B,33611,FL,9333,18682,1
2132,B,32937,FL,9332,13619,1
2133,B,84106,UT,9330,16782,1
2134,B,85037,AZ,9329,16020,1
2135,B,92570,CA,9328,15590,1
2136,B,22980,VA,9328,14711,1
2137,B,62702,IL,9325,17083,1
2138,B,89032,NV,9325,16514,1
2139,B,30534,GA,9325,13394,1
2140,B,59602,MT,9325,12091,1
2141,B,68046,NE,9324,12849,1
2142,B,98031,WA,9322,14342,1
2143,B,20901,MD,9319,13783,1
2144,B,91387,CA,9318,14938,1
2145,B,08865,NJ,9318,14146,1
2146,B,29016,SC,9317,11958,1
2147,B,37323,TN,9316,12841,1
2148,B,85283,AZ,9315,20620,1
2149,B,29036,SC,9315,10910,1
2150,B,48150,MI,9315,10724,1
2151,B,97217,OR,9313,17038,1
2152,B,92833,CA,9311,17042,1
2153,B,70058,LA,9310,16063,1
2154,B,85704,AZ,9302,17827,1
2155,B,85268,AZ,9302,13429,1
2156,B,60610,IL,9301,30091,1
2157,B,19047,PA,9301,13150,1
2158,B,06095,CT,9299,11904,1
2159,B,40241,KY,9295,13634,1
2160,B,06109,CT,9294,11833,1
2161,B,23139,VA,9294,10659,1
2162,B,60090,IL,9292,15960,1
2163,B,97306,OR,9292,14151,1
2164,B,45005,OH,9291,13458,1
2165,B,84405,UT,9289,12645,1
2166,B,23602,VA,9287,18876,1
2167,B,92647,CA,9285,22340,1
2168,B,30014,GA,9281,16159,1
2169,B,33909,FL,9280,14051,1
2170,B,70592,LA,9279,11583,1
2171,B,93021,CA,9274,12103,1
2172,B,60134,IL,9271,11159,1
2173,B,95404,CA,9269,16850,1
2174,B,98003,WA,9268,20380,1
2175,B,44685,OH,9268,11422,1
2176,B,48186,MI,9267,14543,1
2177,B,93314,CA,9267,11393,1
2178,B,48823,MI,9264,23757,1
2179,B,85257,AZ,9263,16392,1
2180,B,20748,MD,9262,17111,1
2181,B,98203,WA,9260,14848,1
2182,B,74066,OK,9255,13736,1
2183,B,28270,NC,9254,12653,1
2184,B,76016,TX,9252,11609,1
2185,B,77536,TX,9241,12086,1
2186,B,48316,MI,9239,11951,1
2187,B,65301,MO,9237,15096,1
2188,B,55128,MN,9237,12083,1
2189,B,03054,NH,9237,10581,1
2190,B,20165,VA,9233,12283,1
2191,B,48021,MI,9232,14124,1
2192,B,54494,WI,9230,13110,1
2193,B,85756,AZ,9230,12772,1
2194,B,12804,NY,9228,13287,1
2195,B,32563,FL,9227,12883,1
2196,B,33435,FL,9226,20058,1
2197,B,55419,MN,9225,12119,1
2198,B,49548,MI,9222,13174,1
2199,B,95610,CA,9221,18277,1
2200,B,98225,WA,9220,24202,1
2201,B,61701,IL,9218,18038,1
2202,B,78704,TX,9214,29959,1
2203,B,35215,AL,9211,19718,1
2204,B,92404,CA,9205,19403,1
2205,B,98125,WA,9203,21493,1
2206,B,97404,OR,9203,13823,1
2207,B,37110,TN,9202,15079,1
2208,B,71360,LA,9199,15970,1
2209,B,97213,OR,9198,14971,1
2210,B,77471,TX,9197,17618,1
2211,B,22101,VA,9191,11316,1
2212,B,77535,TX,9190,12037,1
2213,B,34207,FL,9189,19411,1
2214,B,11355,NY,9185,32049,1
2215,B,60515,IL,9182,12443,1
2216,B,20175,VA,9180,12695,1
2217,B,82604,WY,9180,11589,1
2218,B,34287,FL,9175,15713,1
2219,B,40515,KY,9174,16031,1
2220,B,48917,MI,9173,15975,1
2221,B,53215,WI,9170,21307,1
2222,B,55014,MN,9170,11163,1
2223,B,98001,WA,9169,12369,1
2224,B,78221,TX,9167,14939,1
2225,B,10021,NY,9165,29248,0
2226,B,30909,GA,9165,24005,1
2227,B,19904,DE,9165,16047,1
2228,B,78582,TX,9165,14743,1
2229,B,29045,SC,9164,11643,1
2230,B,02920,RI,9163,15052,1
2231,B,96825,HI,9162,11956,1
2232,B,30705,GA,9160,13114,1
2233,B,37601,TN,9158,18153,1
2234,B,29607,SC,9156,22288,1
2235,B,48910,MI,9156,17119,1
2236,B,30223,GA,9153,15647,1
2237,B,34772,FL,9152,11673,1
2238,B,90278,CA,9150,16628,1
2239,B,28037,NC,9149,11930,1
2240,B,06450,CT,9148,15800,1
2241,B,11735,NY,9145,11435,1
2242,B,32514,FL,9143,19117,1
2243,B,97211,OR,9143,15106,1
2244,B,80439,CO,9143,11137,1
2245,B,85027,AZ,9140,17458,1
2246,B,76001,TX,9140,12038,1
2247,B,08088,NJ,9139,10011,1
2248,B,55418,MN,9138,14859,1
2249,B,92260,CA,9137,21659,1
2250,B,95008,CA,9135,20013,1
2251,B,14226,NY,9134,13282,1
2252,B,03038,NH,9133,14207,1
2253,B,20112,VA,9131,9598,1
2254,B,27530,NC,9130,17796,1
2255,B,77532,TX,9130,12327,1
2256,B,90640,CA,9125,20438,1
2257,B,52601,IA,9125,14107,1
2258,B,50310,IA,9124,14162,1
2259,B,60302,IL,9120,15702,1
2260,B,24019,VA,9119,12373,1
2261,B,43035,OH,9114,12595,1
2262,B,10598,NY,9113,10994,1
2263,B,30038,GA,9111,17061,1
2264,B,75248,TX,9109,18531,1
2265,B,10465,NY,9109,17200,1
2266,B,37664,TN,9105,13914,1
2267,B,39452,MS,9101,12267,1
2268,B,83713,ID,9101,12019,1
2269,B,85033,AZ,9100,16691,1
2270,B,19115,PA,9099,15071,1
2271,B,95403,CA,9097,17504,1
2272,B,02889,RI,9097,11947,1
2273,B,70816,LA,9096,21024,1
2274,B,43613,OH,9096,14376,1
2275,B,21227,MD,9096,14260,1
2276,B,78589,TX,9096,12393,1
2277,B,73401,OK,9094,16349,1
2278,B,34684,FL,9093,14308,1
2279,B,53072,WI,9090,12594,1
2280,B,38109,TN,9089,18881,1
2281,B,42240,KY,9089,18663,1
2282,B,37214,TN,9088,15526,1
2283,B,83605,ID,9086,14197,1
2284,B,86406,AZ,9083,14846,1
2285,B,89084,NV,9082,13211,1
2286,B,85541,AZ,9081,15908,1
2287,B,16101,PA,9081,14755,1
2288,B,37072,TN,9081,14377,1
2289,B,30094,GA,9079,12606,1
2290,B,55033,MN,9079,11884,1
2291,B,37934,TN,9077,10702,1
2292,B,27253,NC,9076,14821,1
2293,B,11210,NY,9075,22817,1
2294,B,50401,IA,9074,14746,1
2295,B,72764,AR,9073,20781,1
2296,B,36301,AL,9073,17872,1
2297,B,95691,CA,9070,14826,1
2298,B,60076,IL,9061,11908,1
2299,B,86004,AZ,9060,16550,1
2300,B,98512,WA,9060,13216,1
2301,B,43224,OH,9058,19238,1
2302,B,97267,OR,9058,12983,1
2303,B,19805,DE,9056,17281,1
2304,B,19053,PA,9056,11161,1
2305,B,28461,NC,9054,14435,1
2306,B,92111,CA,9053,17624,1
2307,B,92867,CA,9052,13693,1
2308,B,48309,MI,9052,11635,1
2309,B,48162,MI,9049,12698,1
2310,B,48174,MI,9048,13124,1
2311,B,18042,PA,9046,17932,1
2312,B,92555,CA,9046,12337,1
2313,B,23608,VA,9045,18448,1
2314,B,08902,NJ,9045,15892,1
2315,B,77047,TX,9042,13288,1
2316,B,76092,TX,9041,9886,1
2317,B,48306,MI,9039,10202,1
2318,B,91367,CA,9038,20577,1
2319,B,07840,NJ,9033,12974,1
2320,B,32539,FL,9030,12642,1
2321,B,64015,MO,9029,13147,1
2322,B,70001,LA,9026,19103,1
2323,B,55987,MN,9026,15312,1
2324,B,37814,TN,9026,15287,1
2325,B,60091,IL,9026,10673,1
2326,B,46226,IN,9025,21380,1
2327,B,17522,PA,9025,13837,1
2328,B,27834,NC,9023,27368,1
2329,B,90706,CA,9023,24499,1
2330,B,60655,IL,9023,11277,1
2331,B,20852,MD,9022,23023,1
2332,B,79762,TX,9020,17259,1
2333,B,55417,MN,9020,11556,1
2334,B,31324,GA,9018,12748,1
2335,B,10022,NY,9017,25686,0
2336,B,84414,UT,9017,10578,1
2337,B,19114,PA,9016,14703,1
2338,B,60631,IL,9012,12757,1
2339,B,21218,MD,9011,21751,1
2340,B,10956,NY,9009,9892,1
2341,B,90043,CA,9007,18307,1
2342,B,72956,AR,9006,14119,1
2343,B,76901,TX,9006,13783,1
2344,B,13126,NY,9005,15668,1
2345,B,98338,WA,9002,11336,1
2346,B,53154,WI,9000,15602,1
2347,B,27217,NC,8998,16392,1
2348,B,27511,NC,8995,14359,1
2349,B,06810,CT,8994,22128,1
2350,B,15401,PA,8992,15598,1
2351,B,32779,FL,8992,11644,1
2352,B,43204,OH,8991,19286,1
2353,B,20016,DC,8990,15457,1
2354,B,46219,IN,8989,17028,1
2355,B,55422,MN,8989,13082,1
2356,B,11412,NY,8989,12821,1
2357,B,60467,IL,8989,10055,1
2358,B,07039,NJ,8988,10684,1
2359,B,77327,TX,8986,12967,1
2360,B,30165,GA,8982,17159,1
2361,B,30032,GA,8981,20676,1
2362,B,84045,UT,8979,11273,1
2363,B,53150,WI,8978,10546,1
2364,B,50322,IA,8976,13293,1
2365,B,75075,TX,8975,16262,1
2366,B,35749,AL,8975,10364,1
2367,B,40004,KY,8974,13090,1
2368,B,90503,CA,8973,18189,1
2369,B,23236,VA,8968,10839,1
2370,B,91343,CA,8964,18891,1
2371,B,08817,NJ,8964,17260,1
2372,B,32327,FL,8964,11730,1
2373,B,55448,MN,8963,10847,1
2374,B,11373,NY,8962,34797,1
2375,B,22079,VA,8962,12454,1
2376,B,85750,AZ,8961,13654,1
2377,B,22701,VA,8960,13770,1
2378,B,98662,WA,8959,14609,1
2379,B,63052,MO,8958,10823,1
2380,B,85718,AZ,8949,15138,1
2381,B,77009,TX,8946,17890,1
2382,B,97355,OR,8946,13623,1
2383,B,46131,IN,8946,13151,1
2384,B,46845,IN,8945,10709,1
2385,B,77355,TX,8944,11279,1
2386,B,11204,NY,8943,27498,1
2387,B,55129,MN,8940,11465,1
2388,B,43512,OH,8939,12665,1
2389,B,89139,NV,8938,15206,1
2390,B,53546,WI,8936,12816,1
2391,B,89509,NV,8935,18290,1
2392,B,33541,FL,8935,14159,1
2393,B,28405,NC,8934,17073,1
2394,B,47304,IN,8933,14303,1
2395,B,38671,MS,8932,15565,1
2396,B,07748,NJ,8929,10446,1
2397,B,07920,NJ,8927,10943,1
2398,B,86401,AZ,8923,13662,1
2399,B,08205,NJ,8923,11660,1
2400,B,97304,OR,8922,14547,1
2401,B,11208,NY,8921,37261,1
2402,B,75034,TX,8921,23836,1
2403,B,68104,NE,8920,16330,1
2404,B,93292,CA,8920,15028,1
2405,B,38018,TN,8919,15110,1
2406,B,48329,MI,8918,10249,1
2407,B,71291,LA,8916,15290,1
2408,B,55407,MN,8912,15979,1
2409,B,85301,AZ,8910,24019,1
2410,B,91748,CA,8910,14396,1
2411,B,97222,OR,8909,16910,1
2412,B,85020,AZ,8903,18231,1
2413,B,08087,NJ,8902,12982,1
2414,B,06811,CT,8901,12568,1
2415,B,22314,VA,8898,21154,1
2416,B,27278,NC,8897,12328,1
2417,B,37379,TN,8897,12089,1
2418,B,22602,VA,8894,11716,1
2419,B,28752,NC,8893,14141,1
2420,B,89113,NV,8891,16151,1
2421,B,30248,GA,8890,11435,1
2422,B,49546,MI,8887,13561,1
2423,B,33703,FL,8884,12331,1
2424,B,95132,CA,8883,12391,1
2425,B,39759,MS,8882,23418,1
2426,B,53217,WI,8882,12301,1
2427,B,48601,MI,8878,16220,1
2428,B,32720,FL,8878,13962,1
2429,B,32583,FL,8878,11169,1
2430,B,76034,TX,8877,9600,1
2431,B,33134,FL,8875,18136,1
2432,B,46236,IN,8871,10168,1
2433,B,21742,MD,8870,14099,1
2434,B,58504,ND,8870,12479,1
2435,B,33707,FL,8869,16579,1
2436,B,80132,CO,8869,10413,1
2437,B,88012,NM,8868,12704,1
2438,B,55416,MN,8864,19197,1
2439,B,50701,IA,8862,14530,1
2440,B,66048,KS,8861,15237,1
2441,B,61107,IL,8860,13711,1
2442,B,77073,TX,8856,14989,1
2443,B,50021,IA,8856,12463,1
2444,B,53105,WI,8852,12995,1
2445,B,74008,OK,8850,12447,1
2446,B,44004,OH,8848,15262,1
2447,B,48080,MI,8848,11424,1
2448,B,24112,VA,8845,15999,1
2449,B,63109,MO,8837,14963,1
2450,B,43420,OH,8837,13876,1
2451,B,94403,CA,8836,17682,1
2452,B,38135,TN,8836,11166,1
2453,B,14626,NY,8834,13717,1
2454,B,78244,TX,8832,12978,1
2455,B,60516,IL,8830,11912,1
2456,B,29150,SC,8827,17658,1
2457,B,70122,LA,8826,17131,1
2458,B,60110,IL,8826,12297,1
2459,B,11414,NY,8826,12223,1
2460,B,49505,MI,8824,14197,1
2461,B,98902,WA,8822,17723,1
2462,B,73162,OK,8822,12454,1
2463,B,39532,MS,8821,15466,1
2464,B,43229,OH,8818,23290,1
2465,B,44805,OH,8817,13248,1
2466,B,35811,AL,8816,12314,1
2467,B,97301,OR,8815,21419,1
2468,B,58701,ND,8815,16267,1
2469,B,32503,FL,8811,14419,1
2470,B,54401,WI,8811,14230,1
2471,B,90266,CA,8810,14945,1
2472,B,89081,NV,8810,14166,1
2473,B,75048,TX,8807,10445,1
2474,B,02368,MA,8806,13091,1
2475,B,38506,TN,8804,13018,1
2476,B,92220,CA,8798,13258,1
2477,B,85741,AZ,8795,14985,1
2478,B,45459,OH,8790,13988,1
2479,B,06410,CT,8789,10463,1
2480,B,78232,TX,8787,16369,1
2481,B,60048,IL,8787,10826,1
2482,B,24502,VA,8786,18576,1
2483,B,33570,FL,8784,14049,1
2484,B,33156,FL,8784,13215,1
2485,B,53214,WI,8783,17530,1
2486,B,08046,NJ,8780,11482,1
2487,B,98312,WA,8779,14450,1
2488,B,92694,CA,8779,12424,1
2489,B,21146,MD,8779,10329,1
2490,B,20815,MD,8776,14192,1
2491,B,80923,CO,8776,12905,1
2492,B,32507,FL,8775,19131,1
2493,B,46203,IN,8775,18057,1
2494,B,29209,SC,8774,16520,1
2495,B,19087,PA,8774,12829,1
2496,B,11372,NY,8773,26613,1
2497,B,48227,MI,8773,19933,1
2498,B,34238,FL,8773,14301,1
2499,B,37086,TN,8773,13282,1
2500,B,45244,OH,8773,11104,1
2501,B,98661,WA,8772,22291,1
2502,B,94523,CA,8772,14585,1
2503,B,59715,MT,8770,17116,1
2504,B,43537,OH,8767,13071,1
2505,B,27103,NC,8766,17884,1
2506,B,60646,IL,8765,11636,1
2507,B,92805,CA,8764,23195,1
2508,B,23453,VA,8763,13056,1
2509,B,37830,TN,8762,15110,1
2510,B,32250,FL,8760,14935,1
2511,B,06405,CT,8759,14334,1
2512,B,20169,VA,8759,9511,1
2513,B,85367,AZ,8756,16265,1
2514,B,63146,MO,8756,15555,1
2515,B,44515,OH,8755,13992,1
2516,B,49855,MI,8754,15779,1
2517,B,55443,MN,8753,12275,1
2518,B,60544,IL,8752,10553,1
2519,B,90049,CA,8751,18684,1
2520,B,60074,IL,8750,14953,1
2521,B,32506,FL,8746,16625,1
2522,B,23435,VA,8746,13386,1
2523,B,78240,TX,8745,27713,1
2524,B,55118,MN,8744,13751,1
2525,B,37209,TN,8743,21421,1
2526,B,97603,OR,8742,13568,1
2527,B,49418,MI,8742,12801,1
2528,B,29212,SC,8740,13374,1
2529,B,33055,FL,8737,12112,1
2530,B,48071,MI,8735,14690,1
2531,B,80129,CO,8735,12674,1
2532,B,68022,NE,8726,12521,1
2533,B,48135,MI,8725,11395,1
2534,B,95826,CA,8724,16712,1
2535,B,29440,SC,8724,13845,1
2536,B,48067,MI,8724,13714,1
2537,B,92115,CA,8723,23448,1
2538,B,91786,CA,8723,20094,1
2539,B,95370,CA,8722,13985,1
2540,B,48126,MI,8721,16919,1
2541,B,75009,TX,8719,9943,1
2542,B,95382,CA,8718,14167,1
2543,B,50266,IA,8716,18481,1
2544,B,16509,PA,8716,12900,1
2545,B,77515,TX,8715,13127,1
2546,B,21811,MD,8713,15439,1
2547,B,27609,NC,8712,19740,1
2548,B,06360,CT,8711,17739,1
2549,B,85051,AZ,8709,16818,1
2550,B,52761,IA,8707,12920,1
2551,B,48433,MI,8707,10597,1
2552,B,77066,TX,8706,12156,1
2553,B,71854,AR,8703,16882,1
2554,B,10003,NY,8701,30730,0
2555,B,44240,OH,8700,20228,1
2556,B,99645,AK,8698,12021,1
2557,B,43004,OH,8698,11343,1
2558,B,19454,PA,8697,11212,1
2559,B,60015,IL,8693,10657,1
2560,B,60714,IL,8689,11867,1
2561,B,32778,FL,8687,12720,1
2562,B,38117,TN,8686,12045,1
2563,B,78602,TX,8684,13485,1
2564,B,89511,NV,8681,13628,1
2565,B,80919,CO,8680,12033,1
2566,B,21212,MD,8678,13749,1
2567,B,91773,CA,8678,12363,1
2568,B,34223,FL,8673,14484,1
2569,B,57108,SD,8671,13933,1
2570,B,11550,NY,8669,19579,1
2571,B,19131,PA,8664,22826,1
2572,B,02302,MA,8664,12828,1
2573,B,55446,MN,8664,10852,1
2574,B,85711,AZ,8663,19774,1
2575,B,60563,IL,8660,16911,1
2576,B,95966,CA,8657,13667,1
2577,B,92084,CA,8656,15712,1
2578,B,63114,MO,8654,15747,1
2579,B,61032,IL,8654,14685,1
2580,B,58554,ND,8651,13066,1
2581,B,85323,AZ,8650,14953,1
2582,B,27455,NC,8650,12822,1
2583,B,91739,CA,8649,12293,1
2584,B,47933,IN,8647,12254,1
2585,B,80017,CO,8645,14810,1
2586,B,95682,CA,8644,12126,1
2587,B,11354,NY,8641,22979,1
2588,B,56308,MN,8641,14350,1
2589,B,24073,VA,8638,14248,1
2590,B,98404,WA,8638,13174,1
2591,B,54130,WI,8638,11507,1
2592,B,37931,TN,8634,12770,1
2593,B,42141,KY,8633,14385,1
2594,B,78738,TX,8633,11907,1
2595,B,40511,KY,8632,14963,1
2596,B,81212,CO,8632,12918,1
2597,B,32224,FL,8631,17221,1
2598,B,77018,TX,8627,13335,1
2599,B,02760,MA,8627,12359,1
2600,B,27597,NC,8626,11440,1
2601,B,21133,MD,8625,12785,1
2602,B,37849,TN,8622,11465,1
2603,B,30309,GA,8619,20558,1
2604,B,27545,NC,8618,12781,1
2605,B,84119,UT,8617,16811,1
2606,B,38501,TN,8616,19158,1
2607,B,44129,OH,8615,12756,1
2608,B,24551,VA,8615,10844,1
2609,B,32216,FL,8614,19796,1
2610,B,34114,FL,8614,16381,1
2611,B,32812,FL,8613,15007,1
2612,B,53095,WI,8613,12741,1
2613,B,33496,FL,8613,12084,1
2614,B,44012,OH,8612,10884,1
2615,B,33604,FL,8611,17053,1
2616,B,29673,SC,8611,12585,1
2617,B,57401,SD,8607,15016,1
2618,B,19026,PA,8607,13643,1
2619,B,06512,CT,8607,12945,1
2620,B,85132,AZ,8606,11901,1
2621,B,34208,FL,8602,17056,1
2622,B,78023,TX,8602,10050,1
2623,B,20723,MD,8601,12866,1
2624,B,97006,OR,8600,19383,1
2625,B,60504,IL,8600,15029,1
2626,B,12401,NY,8599,16914,1
2627,B,11763,NY,8599,10001,1
2628,B,80909,CO,8593,16572,1
2629,B,29926,SC,8593,12642,1
2630,B,29550,SC,8592,13913,1
2631,B,75089,TX,8591,11951,1
2632,B,36608,AL,8590,17690,1
2633,B,30741,GA,8589,14083,1
2634,B,30033,GA,8588,15164,1
2635,B,02886,RI,8588,13669,1
2636,B,45230,OH,8586,11987,1
2637,B,85388,AZ,8586,10880,1
2638,B,49428,MI,8584,10312,1
2639,B,80112,CO,8582,16874,1
2640,B,90044,CA,8579,28770,1
2641,B,06770,CT,8579,13156,1
2642,B,60645,IL,8577,18143,1
2643,B,53593,WI,8577,12583,1
2644,B,08330,NJ,8572,12800,1
2645,B,92821,CA,8571,15232,1
2646,B,60517,IL,8571,13270,1
2647,B,33617,FL,8570,21912,1
2648,B,29625,SC,8569,13716,1
2649,B,60510,IL,8569,11234,1
2650,B,07090,NJ,8568,11093,1
2651,B,77338,TX,8565,17667,1
2652,B,78041,TX,8565,16760,1
2653,B,80027,CO,8565,13248,1
2654,B,49024,MI,8561,13232,1
2655,B,48161,MI,8560,12015,1
2656,B,12302,NY,8559,12406,1
2657,B,33071,FL,8557,14184,1
2658,B,64801,MO,8553,17460,1
2659,B,70056,LA,8551,15784,1
2660,B,34639,FL,8550,11026,1
2661,B,29301,SC,8548,16020,1
2662,B,95993,CA,8547,13174,1
2663,B,29154,SC,8544,13159,1
2664,B,07013,NJ,8544,12005,1
2665,B,91770,CA,8542,17704,1
2666,B,70403,LA,8541,13577,1
2667,B,46804,IN,8539,12959,1
2668,B,70808,LA,8537,18833,1
2669,B,98074,WA,8535,10220,1
2670,B,48371,MI,8532,9928,1
2671,B,45429,OH,8529,12806,1
2672,B,63367,MO,8527,10884,1
2673,B,28213,NC,8526,20484,1
2674,B,60133,IL,8525,11573,1
2675,B,11725,NY,8525,9452,1
2676,B,35007,AL,8523,10634,1
2677,B,94928,CA,8521,17449,1
2678,B,08755,NJ,8520,11318,1
2679,B,34743,FL,8518,13307,1
2680,B,72019,AR,8518,11926,1
2681,B,91354,CA,8518,11258,1
2682,B,98335,WA,8513,11457,1
2683,B,60013,IL,8513,9906,1
2684,B,75605,TX,8511,16425,1
2685,B,48858,MI,8508,19396,1
2686,B,61614,IL,8507,13870,1
2687,B,77082,TX,8505,24994,1
2688,B,07712,NJ,8505,19321,1
2689,B,60174,IL,8504,13115,1
2690,B,94025,CA,8503,16259,1
2691,B,12303,NY,8503,12533,1
2692,B,37604,TN,8502,19334,1
2693,B,68701,NE,8501,13806,1
2694,B,49315,MI,8501,9527,1
2695,B,93422,CA,8499,13702,1
2696,B,33183,FL,8499,12734,1
2697,B,22310,VA,8499,11116,1
2698,B,11530,NY,8499,10178,1
2699,B,80021,CO,8498,17353,1
2700,B,33764,FL,8498,15193,1
2701,B,76052,TX,8497,10050,1
2702,B,53405,WI,8495,11509,1
2703,B,30512,GA,8491,13464,1
2704,B,34957,FL,8488,17269,1
2705,B,85119,AZ,8488,13462,1
2706,B,34202,FL,8488,12543,1
2707,B,96817,HI,8487,21489,1
2708,B,92840,CA,8486,16662,1
2709,B,33709,FL,8486,13767,1
2710,B,83634,ID,8486,10480,1
2711,B,68601,NE,8485,12963,1
2712,B,60175,IL,8484,9170,1
2713,B,33180,FL,8483,21112,1
2714,B,67037,KS,8479,12680,1
2715,B,88011,NM,8478,15160,1
2716,B,76036,TX,8477,11807,1
2717,B,93552,CA,8477,11329,1
2718,B,84075,UT,8475,9575,1
2719,B,81301,CO,8473,16548,1
2720,B,92869,CA,8473,11918,1
2721,B,60487,IL,8473,9293,1
2722,B,54914,WI,8472,14002,1
2723,B,33462,FL,8470,15911,1
2724,B,70663,LA,8466,12767,1
2725,B,06880,CT,8465,10348,1
2726,B,68521,NE,8464,15657,1
2727,B,72712,AR,8461,16245,1
2728,B,61401,IL,8459,15449,1
2729,B,19468,PA,8459,11560,1
2730,B,98296,WA,8458,9573,1
2731,B,89014,NV,8457,18062,1
2732,B,34974,FL,8456,13850,1
2733,B,45248,OH,8456,9729,1
2734,B,97477,OR,8454,16572,1
2735,B,08302,NJ,8454,16038,1
2736,B,49316,MI,8450,9673,1
2737,B,32832,FL,8449,13031,1
2738,B,54880,WI,8448,14325,1
2739,B,66212,KS,8447,15217,1
2740,B,85392,AZ,8447,14481,1
2741,B,71106,LA,8446,15415,1
2742,B,15146,PA,8446,13508,1
2743,B,92649,CA,8445,15178,1
2744,B,27104,NC,8438,15082,1
2745,B,76112,TX,8437,19077,1
2746,B,86301,AZ,8435,13863,1
2747,B,55432,MN,8434,13575,1
2748,B,36116,AL,8431,20007,1
2749,B,19810,DE,8431,11000,1
2750,B,15650,PA,8429,12294,1
2751,B,17022,PA,8428,12950,1
2752,B,95361,CA,8426,12913,1
2753,B,98445,WA,8425,12546,1
2754,B,72601,AR,8423,13790,1
2755,B,92637,CA,8423,13494,0
2756,B,77072,TX,8422,20371,1
2757,B,13090,NY,8421,12591,1
2758,B,52405,IA,8421,12283,1
2759,B,22032,VA,8421,9988,1
2760,B,47403,IN,8418,16271,1
2761,B,48336,MI,8416,12296,1
2762,B,77357,TX,8415,12638,1
2763,B,92020,CA,8413,20311,1
2764,B,30350,GA,8413,19892,1
2765,B,45503,OH,8412,15458,1
2766,B,85739,AZ,8412,9858,1
2767,B,63901,MO,8405,15478,1
2768,B,78573,TX,8405,13339,1
2769,B,37115,TN,8403,19845,1
2770,B,97321,OR,8403,11790,1
2771,B,03104,NH,8402,15715,1
2772,B,85297,AZ,8401,11146,1
2773,B,43214,OH,8397,14343,1
2774,B,77833,TX,8396,13261,1
2775,B,72076,AR,8393,17780,1
2776,B,92069,CA,8392,15687,1
2777,B,22315,VA,8392,11660,1
2778,B,02072,MA,8392,11346,1
2779,B,32547,FL,8389,16112,1
2780,B,45042,OH,8389,12324,1
2781,B,10475,NY,8388,19333,1
2782,B,19151,PA,8388,15084,1
2783,B,02176,MA,8388,12724,1
2784,B,94952,CA,8387,14794,1
2785,B,02124,MA,8386,21264,1
2786,B,85202,AZ,8386,18077,1
2787,B,59405,MT,8386,15260,1
2788,B,32808,FL,8384,21291,1
2789,B,59601,MT,8384,15937,1
2790,B,90220,CA,8380,14067,1
2791,B,20136,VA,8379,9290,1
2792,B,37160,TN,8378,14130,1
2793,B,60185,IL,8378,11030,1
2794,B,46544,IN,8377,13661,1
2795,B,94014,CA,8375,15643,1
2796,B,98087,WA,8373,16625,1
2797,B,92374,CA,8373,15038,1
2798,B,47274,IN,8371,13590,1
2799,B,32080,FL,8370,16658,1
2800,B,44883,OH,8370,12823,1
2801,B,37055,TN,8369,12160,1
2802,B,48085,MI,8368,9330,1
2803,B,93420,CA,8367,13823,1
2804,B,95307,CA,8367,13221,1
2805,B,44514,OH,8365,10368,1
2806,B,45066,OH,8365,9747,1
2807,B,33771,FL,8364,16898,1
2808,B,60156,IL,8364,10150,1
2809,B,07860,NJ,8361,11473,1
2810,B,48092,MI,8361,11052,1
2811,B,28560,NC,8360,14165,1
2812,B,95472,CA,8360,12595,1
2813,B,53189,WI,8358,10443,1
2814,B,62301,IL,8357,15295,1
2815,B,21075,MD,8356,13191,1
2816,B,15010,PA,8355,12620,1
2817,B,85353,AZ,8353,12500,1
2818,B,72143,AR,8351,14948,1
2819,B,94941,CA,8348,13860,1
2820,B,01930,MA,8347,14630,1
2821,B,33434,FL,8347,13570,1
2822,B,91750,CA,8347,12928,1
2823,B,80120,CO,8346,14252,1
2824,B,20886,MD,8346,13024,1
2825,B,10016,NY,8345,36985,0
2826,B,48867,MI,8345,12660,1
2827,B,32605,FL,8342,11651,1
2828,B,92879,CA,8339,14919,1
2829,B,65536,MO,8339,13156,1
2830,B,73071,OK,8334,19192,1
2831,B,14424,NY,8334,14482,1
2832,B,20191,VA,8333,12744,1
2833,B,17268,PA,8333,12693,1
2834,B,08742,NJ,8333,12604,1
2835,B,34771,FL,8333,10978,1
2836,B,29609,SC,8332,14840,1
2837,B,92262,CA,8330,19940,1
2838,B,46304,IN,8329,11521,1
2839,B,23113,VA,8329,10317,1
2840,B,27712,NC,8326,9686,1
2841,B,34285,FL,8325,16081,1
2842,B,72704,AR,8325,14098,1
2843,B,02050,MA,8323,11697,1
2844,B,32207,FL,8320,18866,1
2845,B,91306,CA,8319,15176,1
2846,B,32223,FL,8318,10639,1
2847,B,34736,FL,8317,10029,1
2848,B,32221,FL,8316,11650,1
2849,B,84092,UT,8316,9942,1
2850,B,75069,TX,8314,16958,1
2851,B,91941,CA,8314,13250,1
2852,B,35124,AL,8313,10207,1
2853,B,44011,OH,8312,9782,1
2854,B,91711,CA,8311,13219,1
2855,B,23803,VA,8308,19826,1
2856,B,77901,TX,8308,17438,1
2857,B,49686,MI,8306,13261,1
2858,B,20715,MD,8306,9168,1
2859,B,55109,MN,8304,13376,1
2860,B,78227,TX,8303,16008,1
2861,B,30549,GA,8303,10673,1
2862,B,14223,NY,8303,10586,1
2863,B,92627,CA,8301,23286,1
2864,B,15101,PA,8300,11240,1
2865,B,55038,MN,8298,9355,1
2866,B,98502,WA,8295,15550,1
2867,B,49015,MI,8294,12522,1
2868,B,95062,CA,8290,17055,1
2869,B,27517,NC,8290,13015,1
2870,B,46234,IN,8288,10929,1
2871,B,76119,TX,8283,16697,1
2872,B,19135,PA,8283,14323,1
2873,B,17325,PA,8283,12021,1
2874,B,96782,HI,8280,12699,1
2875,B,92591,CA,8279,14779,1
2876,B,83714,ID,8279,11672,1
2877,B,62526,IL,8278,16425,1
2878,B,47714,IN,8277,16040,1
2879,B,85373,AZ,8275,10749,1
2880,B,24540,VA,8273,15792,1
2881,B,80111,CO,8271,13668,1
2882,B,31406,GA,8267,15424,1
2883,B,28590,NC,8267,11793,1
2884,B,48088,MI,8266,9633,1
2885,B,48348,MI,8266,9151,1
2886,B,62959,IL,8264,12997,1
2887,B,66502,KS,8262,20700,1
2888,B,30067,GA,8259,21168,1
2889,B,11228,NY,8259,16336,1
2890,B,94303,CA,8259,15927,1
2891,B,66216,KS,8259,9925,1
2892,B,94506,CA,8256,9420,1
2893,B,62002,IL,8253,14832,1
2894,B,33558,FL,8252,11575,1
2895,B,31909,GA,8250,17486,1
2896,B,19138,PA,8250,13836,1
2897,B,40065,KY,8249,12943,1
2898,B,80631,CO,8245,18871,1
2899,B,13502,NY,8245,15337,1
2900,B,03051,NH,8245,10080,1
2901,B,55123,MN,8243,10260,1
2902,B,39466,MS,8242,12870,1
2903,B,98271,WA,8242,12040,1
2904,B,19119,PA,8240,13909,1
2905,B,95129,CA,8235,15091,1
2906,B,33569,FL,8235,10571,1
2907,B,25801,WV,8234,15185,1
2908,B,92395,CA,8231,16394,1
2909,B,10308,NY,8231,11093,1
2910,B,85201,AZ,8229,23099,1
2911,B,33629,FL,8229,11237,1
2912,B,33596,FL,8227,10455,1
2913,B,99577,AK,8226,10854,1
2914,B,78753,TX,8217,25345,1
2915,B,55902,MN,8215,11954,1
2916,B,92236,CA,8214,12629,1
2917,B,95661,CA,8211,13832,1
2918,B,92508,CA,8211,10356,1
2919,B,72032,AR,8208,14255,1
2920,B,73020,OK,8207,9857,1
2921,B,44236,OH,8207,9388,1
2922,B,55912,MN,8206,12443,1
2923,B,82901,WY,8203,12696,1
2924,B,50158,IA,8203,12614,1
2925,B,06074,CT,8203,10133,1
2926,B,93555,CA,8201,14401,1
2927,B,43119,OH,8200,11666,1
2928,B,60409,IL,8199,16868,1
2929,B,33618,FL,8198,12394,1
2930,B,75230,TX,8197,14981,1
2931,B,47802,IN,8196,14682,1
2932,B,84123,UT,8192,14716,1
2933,B,20853,MD,8192,10028,1
2934,B,92626,CA,8188,20643,1
2935,B,77904,TX,8185,12822,1
2936,B,02130,MA,8184,18802,1
2937,B,78418,TX,8184,16171,1
2938,B,71112,LA,8183,14248,1
2939,B,30143,GA,8182,12549,1
2940,B,02919,RI,8182,11993,1
2941,B,35640,AL,8182,11023,1
2942,B,74006,OK,8181,11820,1
2943,B,04103,ME,8180,14336,1
2944,B,14215,NY,8178,19203,1
2945,B,35216,AL,8177,16333,1
2946,B,42001,KY,8177,14815,1
2947,B,60124,IL,8177,8806,1
2948,B,03053,NH,8176,9751,1
2949,B,48195,MI,8174,13033,1
2950,B,53406,WI,8172,11634,1
2951,B,43614,OH,8171,14651,1
2952,B,33328,FL,8171,10731,1
2953,B,34109,FL,8170,16027,1
2954,B,89183,NV,8169,16250,1
2955,B,18360,PA,8168,12743,1
2956,B,48168,MI,8167,9277,1
2957,B,94555,CA,8166,12110,1
2958,B,27105,NC,8165,18130,1
2959,B,48045,MI,8164,12401,1
2960,B,32835,FL,8162,19377,1
2961,B,93635,CA,8162,14835,1
2962,B,08610,NJ,8162,12363,1
2963,B,11050,NY,8161,12329,1
2964,B,01824,MA,8161,10301,1
2965,B,38111,TN,8160,20084,1
2966,B,46254,IN,8160,17955,1
2967,B,38138,TN,8157,10747,1
2968,B,44120,OH,8152,20583,1
2969,B,73703,OK,8151,13610,1
2970,B,12306,NY,8151,12481,1
2971,B,61604,IL,8150,13341,1
2972,B,77041,TX,8150,11877,1
2973,B,97502,OR,8149,11717,1
2974,B,70560,LA,8148,16970,1
2975,B,78415,TX,8148,15465,1
2976,B,19150,PA,8148,10868,1
2977,B,12205,NY,8147,12061,1
2978,B,19116,PA,8146,14166,1
2979,B,60431,IL,8146,9368,1
2980,B,44131,OH,8143,8861,1
2981,B,06776,CT,8142,11120,1
2982,B,34982,FL,8140,12356,1
2983,B,46750,IN,8140,11592,1
2984,B,44143,OH,8138,11879,1
2985,B,43050,OH,8136,13416,1
2986,B,13601,NY,8134,18653,1
2987,B,96792,HI,8133,15516,1
2988,B,30238,GA,8133,14899,1
2989,B,44601,OH,8133,14532,1
2990,B,68025,NE,8130,14017,1
2991,B,60169,IL,8130,13114,1
2992,B,60560,IL,8128,10022,1
2993,B,90274,CA,8128,9989,1
2994,B,39208,MS,8127,13931,1
2995,B,40219,KY,8124,16699,1
2996,B,77049,TX,8121,12618,1
2997,B,18704,PA,8120,14531,1
2998,B,39180,MS,8117,14397,1
2999,B,50501,IA,8117,13198,1
3000,B,85304,AZ,8116,10547,1
3001,B,76002,TX,8115,10030,1
3002,B,60448,IL,8115,9196,1
3003,B,11570,NY,8113,11368,1
3004,B,77345,TX,8111,9860,1
3005,B,61832,IL,8110,16390,1
3006,B,01020,MA,8110,14154,1
3007,B,37355,TN,8109,12288,1
3008,B,46947,IN,8109,12113,1
3009,B,48603,MI,8104,13367,1
3010,B,46815,IN,8104,11060,1
3011,B,94549,CA,8104,10781,1
3012,B,91767,CA,8102,15653,1
3013,B,75229,TX,8102,12542,1
3014,B,32713,FL,8102,10013,1
3015,B,33610,FL,8101,17995,1
3016,B,32962,FL,8101,12705,1
3017,B,80916,CO,8100,15464,1
3018,B,55021,MN,8100,12421,1
3019,B,26101,WV,8098,14134,1
3020,B,71909,AR,8097,10563,1
3021,B,19064,PA,8096,8839,1
3022,B,80817,CO,8095,11649,1
3023,B,60051,IL,8093,10210,1
3024,B,98056,WA,8091,15609,1
3025,B,99709,AK,8091,14227,1
3026,B,54449,WI,8091,12455,1
3027,B,33626,FL,8091,12392,1
3028,B,94134,CA,8090,13232,1
3029,B,52806,IA,8087,12092,1
3030,B,97086,OR,8086,13440,1
3031,B,19355,PA,8084,11815,1
3032,B,33162,FL,8082,16719,1
3033,B,38125,TN,8081,16435,1
3034,B,47203,IN,8081,11149,1
3035,B,67217,KS,8077,13477,1
3036,B,60452,IL,8077,10557,1
3037,B,78541,TX,8075,17669,1
3038,B,37205,TN,8073,12612,1
3039,B,98802,WA,8072,12516,1
3040,B,46321,IN,8072,9786,1
3041,B,11379,NY,8070,15237,1
3042,B,80922,CO,8069,11355,1
3043,B,70503,LA,8068,13052,1
3044,B,37172,TN,8066,12253,1
3045,B,71203,LA,8065,17178,1
3046,B,11419,NY,8063,13607,1
3047,B,77523,TX,8063,10448,1
3048,B,03062,NH,8060,12042,1
3049,B,77662,TX,8060,11820,1
3050,B,48473,MI,8060,9853,1
3051,B,60538,IL,8058,10729,1
3052,B,64114,MO,8055,13463,1
3053,B,33173,FL,8054,12237,1
3054,B,33547,FL,8053,10162,1
3055,B,63755,MO,8052,10867,1
3056,B,78213,TX,8051,18184,1
3057,B,24060,VA,8050,22797,1
3058,B,49507,MI,8048,13773,1
3059,B,01845,MA,8048,12010,1
3060,B,32205,FL,8046,16188,1
3061,B,33598,FL,8046,9710,1
3062,B,84780,UT,8044,12922,1
3063,B,20001,DC,8043,26728,1
3064,B,37801,TN,8042,12254,1
3065,B,35613,AL,8042,9776,1
3066,B,55904,MN,8039,12984,1
3067,B,55318,MN,8037,11453,1
3068,B,45365,OH,8030,12610,1
3069,B,35601,AL,8029,15168,1
3070,B,89128,NV,8026,16840,1
3071,B,98272,WA,8026,10313,1
3072,B,95240,CA,8025,17304,1
3073,B,02127,MA,8023,19495,1
3074,B,80238,CO,8022,11741,1
3075,B,85023,AZ,8021,14765,1
3076,B,97420,OR,8021,12967,1
3077,B,28443,NC,8016,11276,1
3078,B,23228,VA,8014,16724,1
3079,B,34446,FL,8014,9588,1
3080,B,78723,TX,8013,17065,1
3081,B,94903,CA,8013,12708,1
3082,B,20747,MD,8012,17271,1
3083,B,79118,TX,8012,11116,1
3084,B,46311,IN,8012,9128,1
3085,B,76116,TX,8009,25808,1
3086,B,90277,CA,8008,18229,1
3087,B,02536,MA,8008,12151,1
3088,B,78734,TX,8005,10885,1
3089,B,14617,NY,8005,9747,1
3090,B,54952,WI,8003,12412,1
3091,B,18062,PA,8002,10353,1
3092,B,32967,FL,8001,12358,1
3093,B,92596,CA,8001,10225,1
3094,B,63028,MO,8000,11390,1
3095,B,22309,VA,7994,13082,1
3096,B,46375,IN,7994,10064,1
3097,B,22152,VA,7992,9779,1
3098,B,60202,IL,7991,15024,1
3099,B,42003,KY,7990,14132,1
3100,B,70094,LA,7990,13683,1
3101,B,70364,LA,7990,12423,1
3102,B,60005,IL,7989,13511,1
3103,B,94598,CA,7987,10735,1
3104,B,78621,TX,7987,10671,1
3105,B,33572,FL,7987,10394,1
3106,B,11901,NY,7986,13126,1
3107,B,61611,IL,7986,11207,1
3108,B,60660,IL,7984,23508,1
3109,B,33325,FL,7984,11052,1
3110,B,16510,PA,7984,10354,1
3111,B,33756,FL,7983,15474,1
3112,B,37774,TN,7983,10020,1
3113,B,23233,VA,7981,13184,1
3114,B,29582,SC,7980,27559,1
3115,B,37865,TN,7980,10329,1
3116,B,53186,WI,7979,15066,1
3117,B,98110,WA,7978,10728,1
3118,B,76126,TX,7978,10598,1
3119,B,99801,AK,7977,13045,1
3120,B,98027,WA,7977,12071,1
3121,B,63130,MO,7976,14106,1
3122,B,07109,NJ,7975,15045,1
3123,B,95409,CA,7975,12499,1
3124,B,78413,TX,7973,15501,1
3125,B,45211,OH,7972,17169,1
3126,B,80917,CO,7972,13656,1
3127,B,28304,NC,7971,16424,1
3128,B,95833,CA,7969,16751,1
3129,B,72401,AR,7966,19328,1
3130,B,11358,NY,7966,13806,1
3131,B,97322,OR,7963,14867,1
3132,B,95603,CA,7963,12538,1
3133,B,92780,CA,7962,18308,1
3134,B,60656,IL,7962,12840,1
3135,B,06118,CT,7961,11656,1
3136,B,46322,IN,7959,10791,1
3137,B,18944,PA,7959,10107,1
3138,B,44221,OH,7958,14379,1
3139,B,40701,KY,7957,13305,1
3140,B,01867,MA,7956,9895,1
3141,B,33326,FL,7954,12679,1
3142,B,06473,CT,7953,10033,1
3143,B,96002,CA,7952,13685,1
3144,B,60181,IL,7952,12485,1
3145,B,44109,OH,7950,19588,1
3146,B,52501,IA,7950,13654,1
3147,B,92120,CA,7950,13253,1
3148,B,33461,FL,7948,18095,1
3149,B,68506,NE,7948,13044,1
3150,B,06040,CT,7946,15550,1
3151,B,90713,CA,7945,9615,1
3152,B,47362,IN,7944,12523,1
3153,B,82601,WY,7943,12967,1
3154,B,33852,FL,7942,12991,1
3155,B,64012,MO,7941,12722,1
3156,B,20720,MD,7939,8658,1
3157,B,14616,NY,7937,12281,1
3158,B,07110,NJ,7936,11981,1
3159,B,07430,NJ,7934,10058,1
3160,B,60438,IL,7933,12230,1
3161,B,17015,PA,7932,10025,1
3162,B,21230,MD,7931,18070,1
3163,B,04240,ME,7931,16852,1
3164,B,44313,OH,7930,14054,1
3165,B,63379,MO,7928,10464,1
3166,B,30161,GA,7927,14924,1
3167,B,33455,FL,7926,11681,1
3168,B,48105,MI,7925,16773,1
3169,B,17046,PA,7924,13570,1
3170,B,30030,GA,7921,14672,1
3171,B,71730,AR,7919,13774,1
3172,B,32211,FL,7915,15250,1
3173,B,80239,CO,7915,13892,1
3174,B,12533,NY,7915,9419,1
3175,B,02472,MA,7913,17069,1
3176,B,08648,NJ,7912,12217,1
3177,B,74137,OK,7911,12402,1
3178,B,10573,NY,7910,14592,1
3179,B,73533,OK,7910,12969,1
3180,B,63136,MO,7908,22059,1
3181,B,01906,MA,7908,11259,1
3182,B,16823,PA,7905,11679,1
3183,B,44149,OH,7905,8632,1
3184,B,51106,IA,7904,11681,1
3185,B,62221,IL,7903,12460,1
3186,B,49085,MI,7902,11468,1
3187,B,14043,NY,7901,11743,1
3188,B,02860,RI,7900,21467,1
3189,B,28054,NC,7900,18351,1
3190,B,72701,AR,7899,20057,1
3191,B,30305,GA,7899,17272,1
3192,B,48708,MI,7898,12625,1
3193,B,35810,AL,7896,13283,1
3194,B,20601,MD,7896,10560,1
3195,B,48382,MI,7895,8857,1
3196,B,78133,TX,7891,11208,1
3197,B,02132,MA,7889,11967,1
3198,B,32081,FL,7878,10125,0
3199,B,20707,MD,7877,15146,1
3200,B,31024,GA,7877,12532,1
3201,B,28081,NC,7877,12400,1
3202,B,53209,WI,7876,21466,1
3203,B,60901,IL,7876,15357,1
3204,B,48192,MI,7876,11441,1
3205,B,84321,UT,7875,17213,1
3206,B,70360,LA,7875,12283,1
3207,B,19141,PA,7874,16290,1
3208,B,98198,WA,7874,15267,1
3209,B,78516,TX,7874,12469,1
3210,B,73064,OK,7874,10285,1
3211,B,22042,VA,7873,12598,1
3212,B,37716,TN,7873,11461,1
3213,B,78539,TX,7872,15759,1
3214,B,98311,WA,7870,11019,1
3215,B,75232,TX,7869,11421,1
3216,B,53719,WI,7868,16160,1
3217,B,30082,GA,7866,12036,1
3218,B,28681,NC,7866,11524,1
3219,B,92672,CA,7865,17487,1
3220,B,96001,CA,7861,14370,1
3221,B,92240,CA,7860,15977,1
3222,B,91107,CA,7860,14137,1
3223,B,92264,CA,7858,17518,1
3224,B,72015,AR,7858,12148,1
3225,B,46526,IN,7857,12570,1
3226,B,34212,FL,7857,11283,1
3227,B,10304,NY,7856,17524,1
3228,B,26301,WV,7856,13875,1
3229,B,44024,OH,7856,9560,1
3230,B,19803,DE,7854,8900,1
3231,B,73112,OK,7853,16413,1
3232,B,19136,PA,7853,13841,1
3233,B,74820,OK,7849,14372,1
3234,B,33811,FL,7848,10869,1
3235,B,95820,CA,7847,14254,1
3236,B,35022,AL,7845,10538,1
3237,B,98642,WA,7845,9736,1
3238,B,87107,NM,7844,13441,1
3239,B,23834,VA,7841,11493,1
3240,B,78201,TX,7838,18661,1
3241,B,18064,PA,7834,10659,1
3242,B,33803,FL,7832,15086,1
3243,B,29566,SC,7832,13437,1
3244,B,84040,UT,7831,9454,1
3245,B,08043,NJ,7830,12688,1
3246,B,78596,TX,7827,15824,1
3247,B,02893,RI,7827,15103,1
3248,B,45750,OH,7827,12690,1
3249,B,85629,AZ,7827,10393,1
3250,B,31405,GA,7825,16809,1
3251,B,76048,TX,7825,12737,1
3252,B,27028,NC,7825,11096,1
3253,B,11220,NY,7824,30897,1
3254,B,94121,CA,7824,19742,1
3255,B,94804,CA,7821,16659,1
3256,B,95401,CA,7821,14281,1
3257,B,94070,CA,7820,11958,1
3258,B,52240,IA,7818,17035,1
3259,B,94901,CA,7816,16412,1
3260,B,48906,MI,7813,12180,1
3261,B,08075,NJ,7809,12092,1
3262,B,92543,CA,7807,15225,1
3263,B,75022,TX,7807,9491,1
3264,B,10541,NY,7806,9614,1
3265,B,34613,FL,7805,10532,1
3266,B,11221,NY,7804,38690,0
3267,B,33016,FL,7804,16158,1
3268,B,37215,TN,7804,11281,1
3269,B,07601,NJ,7802,21405,1
3270,B,01757,MA,7801,11833,1
3271,B,45241,OH,7801,11131,1
3272,B,76021,TX,7800,15410,1
3273,B,75062,TX,7799,18718,1
3274,B,39120,MS,7799,14963,1
3275,B,79915,TX,7799,14139,1
3276,B,55811,MN,7797,11640,1
3277,B,01886,MA,7797,9181,1
3278,B,01880,MA,7795,11513,1
3279,B,91214,CA,7794,11092,1
3280,B,06877,CT,7794,9848,1
3281,B,61108,IL,7793,12650,1
3282,B,33991,FL,7790,11563,1
3283,B,16602,PA,7788,13171,1
3284,B,61571,IL,7787,10273,1
3285,B,48134,MI,7786,9579,1
3286,B,55316,MN,7785,8932,1
3287,B,27312,NC,7783,10613,1
3288,B,95207,CA,7782,20300,1
3289,B,34113,FL,7782,16461,1
3290,B,61822,IL,7781,11923,1
3291,B,32806,FL,7780,12529,1
3292,B,70448,LA,7780,10372,1
3293,B,46158,IN,7780,10051,1
3294,B,97132,OR,7779,12411,1
3295,B,20111,VA,7778,12066,1
3296,B,94510,CA,7776,11463,1
3297,B,71901,AR,7775,14952,1
3298,B,34104,FL,7773,16062,1
3299,B,33870,FL,7773,13933,1
3300,B,80304,CO,7773,11717,1
3301,B,33133,FL,7771,17235,1
3302,B,19901,DE,7771,15443,1
3303,B,48081,MI,7767,9669,1
3304,B,37923,TN,7764,14238,1
3305,B,68164,NE,7763,12514,1
3306,B,11374,NY,7761,21197,1
3307,B,60459,IL,7761,10012,1
3308,B,38583,TN,7760,11158,1
3309,B,01902,MA,7759,19655,1
3310,B,64155,MO,7759,11016,1
3311,B,85335,AZ,7758,11896,1
3312,B,91790,CA,7754,13318,1
3313,B,91784,CA,7754,9294,1
3314,B,20785,MD,7753,16202,1
3315,B,40503,KY,7751,13437,1
3316,B,33309,FL,7748,14783,1
3317,B,11967,NY,7745,8922,1
3318,B,74501,OK,7743,13223,1
3319,B,33825,FL,7739,12519,1
3320,B,91351,CA,7739,10641,1
3321,B,02186,MA,7738,9447,1
3322,B,44146,OH,7737,15270,1
3323,B,91942,CA,7736,18488,1
3324,B,12901,NY,7736,15426,1
3325,B,97305,OR,7732,15219,1
3326,B,79720,TX,7731,13309,1
3327,B,15701,PA,7729,15695,1
3328,B,32141,FL,7729,9400,1
3329,B,98375,WA,7727,10761,1
3330,B,84107,UT,7725,17287,1
3331,B,44202,OH,7725,9612,1
3332,B,97236,OR,7721,13736,1
3333,B,45247,OH,7720,10066,1
3334,B,90065,CA,7716,17197,1
3335,B,03820,NH,7715,15460,1
3336,B,32926,FL,7715,10796,1
3337,B,54904,WI,7715,10029,1
3338,B,76240,TX,7713,12412,1
3339,B,44136,OH,7711,11019,1
3340,B,48390,MI,7710,10995,1
3341,B,75119,TX,7709,11738,1
3342,B,34788,FL,7705,11294,1
3343,B,85302,AZ,7703,15767,1
3344,B,11365,NY,7701,16626,1
3345,B,23061,VA,7701,10045,1
3346,B,60053,IL,7701,9546,1
3347,B,96080,CA,7700,13008,1
3348,B,62226,IL,7699,13285,1
3349,B,61821,IL,7697,13751,1
3350,B,92660,CA,7696,17144,1
3351,B,60439,IL,7695,8962,1
3352,B,19977,DE,7694,9899,1
3353,B,19139,PA,7693,23896,1
3354,B,11238,NY,7691,29588,1
3355,B,29203,SC,7691,18815,1
3356,B,70601,LA,7690,16811,1
3357,B,34205,FL,7687,16610,1
3358,B,52403,IA,7687,10759,1
3359,B,88007,NM,7687,10262,1
3360,B,37919,TN,7686,15499,1
3361,B,55105,MN,7686,12045,1
3362,B,11795,NY,7684,8166,1
3363,B,66049,KS,7683,15405,1
3364,B,21114,MD,7683,9675,1
3365,B,33147,FL,7680,16220,1
3366,B,30342,GA,7680,16147,1
3367,B,90045,CA,7678,17981,1
3368,B,95632,CA,7678,10521,1
3369,B,17545,PA,7677,9382,1
3370,B,28086,NC,7674,11307,1
3371,B,02043,MA,7672,10059,1
3372,B,28658,NC,7671,10958,1
3373,B,55076,MN,7671,9525,1
3374,B,79925,TX,7668,16272,1
3375,B,46176,IN,7668,12724,1
3376,B,28374,NC,7666,10532,1
3377,B,07675,NJ,7666,10049,1
3378,B,98029,WA,7665,12667,1
3379,B,29527,SC,7665,11447,1
3380,B,80023,CO,7665,10647,1
3381,B,80260,CO,7663,12841,1
3382,B,44406,OH,7661,9231,1
3383,B,04330,ME,7658,13017,1
3384,B,70634,LA,7658,11300,1
3385,B,95356,CA,7657,11802,1
3386,B,83835,ID,7657,10110,1
3387,B,95695,CA,7654,15201,1
3388,B,13501,NY,7652,17071,1
3389,B,70517,LA,7650,11884,1
3390,B,88201,NM,7649,11738,1
3391,B,44139,OH,7649,9347,1
3392,B,91355,CA,7648,12338,1
3393,B,49707,MI,7643,11974,1
3394,B,91104,CA,7642,14381,1
3395,B,03103,NH,7640,16166,1
3396,B,43085,OH,7640,10961,1
3397,B,30327,GA,7639,10442,1
3398,B,20910,MD,7638,23209,1
3399,B,28602,NC,7638,12941,1
3400,B,98683,WA,7637,14352,1
3401,B,76712,TX,7636,11704,1
3402,B,60605,IL,7635,20478,1
3403,B,67502,KS,7634,10868,1
3404,B,98292,WA,7632,10110,1
3405,B,03301,NH,7630,14486,1
3406,B,64083,MO,7630,10058,1
3407,B,92673,CA,7630,10005,1
3408,B,20871,MD,7629,8915,1
3409,B,18018,PA,7626,14669,1
3410,B,94595,CA,7626,9835,1
3411,B,97203,OR,7625,13462,1
3412,B,86305,AZ,7625,10920,1
3413,B,98597,WA,7625,10108,1
3414,B,33614,FL,7623,19660,1
3415,B,21237,MD,7623,13171,1
3416,B,91801,CA,7622,21702,1
3417,B,10704,NY,7622,12576,1
3418,B,19144,PA,7621,23583,1
3419,B,80921,CO,7617,10412,1
3420,B,77706,TX,7616,14963,1
3421,B,55421,MN,7616,13247,1
3422,B,10512,NY,7616,9874,1
3423,B,50010,IA,7613,14732,1
3424,B,77075,TX,7613,13267,1
3425,B,33625,FL,7613,12025,1
3426,B,94588,CA,7612,12496,1
3427,B,40258,KY,7612,11568,1
3428,B,58501,ND,7611,13445,1
3429,B,40205,KY,7611,11021,1
3430,B,48076,MI,7611,11016,1
3431,B,01923,MA,7610,11405,1
3432,B,76903,TX,7609,14169,1
3433,B,50263,IA,7609,11323,1
3434,B,29690,SC,7608,10318,1
3435,B,11722,NY,7606,10824,1
3436,B,46260,IN,7605,16376,1
3437,B,78382,TX,7605,13048,1
3438,B,91016,CA,7604,16171,1
3439,B,98926,WA,7603,14900,1
3440,B,75061,TX,7602,20187,1
3441,B,40047,KY,7601,8975,1
3442,B,78750,TX,7599,12186,1
3443,B,96793,HI,7598,11510,1
3444,B,36582,AL,7591,10409,1
3445,B,19713,DE,7589,12803,1
3446,B,85737,AZ,7589,10574,1
3447,B,85747,AZ,7588,10105,1
3448,B,93215,CA,7587,13207,1
3449,B,75501,TX,7586,15302,1
3450,B,77093,TX,7584,14671,1
3451,B,70115,LA,7583,18134,1
3452,B,28211,NC,7582,15061,1
3453,B,22556,VA,7582,9976,1
3454,B,47025,IN,7582,9595,1
3455,B,55426,MN,7581,12099,1
3456,B,78717,TX,7580,14508,1
3457,B,52732,IA,7580,12911,1
3458,B,90230,CA,7579,14198,1
3459,B,34145,FL,7578,18436,1
3460,B,79932,TX,7577,11237,1
3461,B,46725,IN,7577,10435,1
3462,B,32789,FL,7576,12945,1
3463,B,67846,KS,7575,13135,1
3464,B,32750,FL,7574,10541,1
3465,B,11233,NY,7573,34412,0
3466,B,90712,CA,7573,10170,1
3467,B,78754,TX,7571,13195,1
3468,B,90731,CA,7570,24477,1
3469,B,36067,AL,7569,11481,1
3470,B,33772,FL,7566,12340,1
3471,B,98221,WA,7566,12177,1
3472,B,30277,GA,7565,8385,1
3473,B,31210,GA,7564,15768,1
3474,B,10701,NY,7563,28252,1
3475,B,92595,CA,7563,10366,1
3476,B,78737,TX,7563,8895,1
3477,B,78731,TX,7562,14939,1
3478,B,95821,CA,7560,16403,1
3479,B,94547,CA,7560,9615,1
3480,B,48169,MI,7560,9045,1
3481,B,28150,NC,7559,13482,1
3482,B,11768,NY,7559,8581,1
3483,B,75904,TX,7558,14829,1
3484,B,33584,FL,7557,10906,1
3485,B,12601,NY,7554,17972,1
3486,B,78015,TX,7554,8412,1
3487,B,33056,FL,7553,12155,1
3488,B,45420,OH,7551,12391,1
3489,B,85387,AZ,7551,8707,1
3490,B,91406,CA,7550,19650,1
3491,B,19082,PA,7550,16775,1
3492,B,57201,SD,7550,12304,1
3493,B,11432,NY,7549,21618,1
3494,B,44460,OH,7548,11595,1
3495,B,44663,OH,7547,11702,1
3496,B,02346,MA,7546,10230,1
3497,B,48237,MI,7544,13036,1
3498,B,97266,OR,7543,13863,1
3499,B,44903,OH,7541,11425,1
3500,B,95121,CA,7541,9918,1
3501,B,31313,GA,7540,17590,1
3502,B,18901,PA,7538,11431,1
3503,B,92653,CA,7537,11420,1
3504,B,80908,CO,7536,8475,1
3505,B,90505,CA,7530,15202,1
3506,B,72404,AR,7527,12518,1
3507,B,30548,GA,7527,9030,1
3508,B,52804,IA,7526,11986,1
3509,B,84663,UT,7526,11025,1
3510,B,98532,WA,7526,10300,1
3511,B,32128,FL,7523,10155,1
3512,B,44067,OH,7518,9201,1
3513,B,22485,VA,7517,10318,1
3514,B,33619,FL,7516,15360,1
3515,B,93004,CA,7516,11661,1
3516,B,98516,WA,7516,11600,1
3517,B,29170,SC,7515,9547,1
3518,B,28012,NC,7513,11511,1
3519,B,91915,CA,7513,10813,1
3520,B,75407,TX,7513,10095,1
3521,B,37138,TN,7512,9905,1
3522,B,77055,TX,7511,17845,1
3523,B,40502,KY,7510,14232,1
3524,B,71107,LA,7510,13636,1
3525,B,28906,NC,7510,12992,1
3526,B,11762,NY,7510,7783,1
3527,B,21804,MD,7508,16736,1
3528,B,10977,NY,7507,17339,1
3529,B,30092,GA,7506,16525,1
3530,B,19152,PA,7506,13715,1
3531,B,75088,TX,7506,10168,1
3532,B,78261,TX,7506,9541,1
3533,B,37804,TN,7503,10569,1
3534,B,34652,FL,7502,14700,1
3535,B,01803,MA,7501,10468,1
3536,B,83221,ID,7501,9985,1
3537,B,02879,RI,7500,11959,1
3538,B,71603,AR,7499,13997,1
3539,B,19050,PA,7498,12695,1
3540,B,80109,CO,7497,9598,1
3541,B,16801,PA,7494,19242,1
3542,B,70123,LA,7494,14297,1
3543,B,98248,WA,7494,10576,1
3544,B,66208,KS,7494,9572,1
3545,B,11727,NY,7493,11851,1
3546,B,10562,NY,7490,12745,1
3547,B,48093,MI,7490,10480,1
3548,B,11720,NY,7489,9407,1
3549,B,95380,CA,7487,15682,1
3550,B,98684,WA,7485,14355,1
3551,B,97212,OR,7485,12064,1
3552,B,43054,OH,7485,11577,1
3553,B,02026,MA,7484,10648,1
3554,B,12553,NY,7482,11150,1
3555,B,28112,NC,7480,11021,1
3556,B,94114,CA,7478,18686,1
3557,B,46628,IN,7478,12266,1
3558,B,84084,UT,7476,10628,1
3559,B,66109,KS,7476,10206,1
3560,B,39401,MS,7471,20232,1
3561,B,32714,FL,7471,16722,1
3562,B,33487,FL,7470,13644,1
3563,B,84057,UT,7470,12246,1
3564,B,76180,TX,7469,16138,1
3565,B,33912,FL,7469,12078,1
3566,B,77079,TX,7467,16215,1
3567,B,33830,FL,7466,11989,1
3568,B,48328,MI,7466,11938,1
3569,B,98284,WA,7465,11095,1
3570,B,02891,RI,7464,12660,1
3571,B,44483,OH,7464,12469,1
3572,B,11791,NY,7464,8316,1
3573,B,33143,FL,7463,15374,1
3574,B,90262,CA,7456,15497,1
3575,B,70005,LA,7456,12447,1
3576,B,29801,SC,7455,13543,1
3577,B,74017,OK,7455,12038,1
3578,B,20814,MD,7454,15388,1
3579,B,54501,WI,7451,12754,1
3580,B,55313,MN,7451,9445,1
3581,B,95864,CA,7450,10286,1
3582,B,92505,CA,7449,15324,1
3583,B,32963,FL,7449,12344,1
3584,B,06437,CT,7448,9773,1
3585,B,94404,CA,7446,15166,1
3586,B,37388,TN,7444,11871,1
3587,B,41018,KY,7443,11926,1
3588,B,60002,IL,7443,10526,1
3589,B,47725,IN,7443,7861,1
3590,B,19438,PA,7442,9572,1
3591,B,82801,WY,7438,11968,1
3592,B,31410,GA,7438,10263,1
3593,B,46825,IN,7437,13597,1
3594,B,44708,OH,7436,11758,1
3595,B,86326,AZ,7434,12243,1
3596,B,60061,IL,7434,11649,1
3597,B,85203,AZ,7431,14020,1
3598,B,77578,TX,7431,9939,1
3599,B,92881,CA,7431,9362,1
3600,B,79602,TX,7423,11127,1
3601,B,90604,CA,7422,12103,1
3602,B,02740,MA,7421,20532,1
3603,B,28803,NC,7421,18322,1
3604,B,30533,GA,7421,11047,1
3605,B,28311,NC,7420,16275,1
3606,B,69101,NE,7420,13662,1
3607,B,33809,FL,7420,12647,1
3608,B,19401,PA,7419,18236,1
3609,B,85259,AZ,7419,10864,1
3610,B,48091,MI,7418,12919,1
3611,B,55025,MN,7416,10522,1
3612,B,49445,MI,7413,9109,1
3613,B,18902,PA,7411,8260,1
3614,B,77566,TX,7410,12277,1
3615,B,89048,NV,7410,11571,1
3616,B,22406,VA,7408,10025,1
3617,B,89166,NV,7407,10650,0
3618,B,08520,NJ,7404,11271,1
3619,B,04106,ME,7403,12849,1
3620,B,49022,MI,7402,14484,1
3621,B,91764,CA,7398,17350,1
3622,B,70435,LA,7398,8970,1
3623,B,07450,NJ,7394,9166,1
3624,B,33472,FL,7394,8864,1
3625,B,84651,UT,7391,8956,1
3626,B,35611,AL,7390,13709,1
3627,B,58601,ND,7386,13619,1
3628,B,64014,MO,7386,11068,1
3629,B,90803,CA,7384,18516,1
3630,B,80403,CO,7384,8983,1
3631,B,14220,NY,7382,11286,1
3632,B,27534,NC,7381,15158,1
3633,B,32966,FL,7380,11887,1
3634,B,73044,OK,7379,10050,1
3635,B,42431,KY,7377,12569,1
3636,B,07016,NJ,7377,9619,1
3637,B,01089,MA,7374,13095,1
3638,B,15090,PA,7374,9699,1
3639,B,17406,PA,7373,9357,1
3640,B,46516,IN,7372,14137,1
3641,B,30046,GA,7371,14356,1
3642,B,44138,OH,7367,10024,1
3643,B,96150,CA,7363,23472,1
3644,B,45356,OH,7362,11353,1
3645,B,95677,CA,7361,11212,1
3646,B,90605,CA,7359,11377,1
3647,B,93036,CA,7357,14798,1
3648,B,48167,MI,7356,10776,1
3649,B,60561,IL,7356,9549,1
3650,B,06066,CT,7355,14335,1
3651,B,95301,CA,7354,13250,1
3652,B,76548,TX,7354,12657,1
3653,B,48176,MI,7354,9076,1
3654,B,33408,FL,7352,13490,1
3655,B,44125,OH,7350,12849,1
3656,B,64081,MO,7342,10778,1
3657,B,60139,IL,7340,11882,1
3658,B,33169,FL,7339,14815,1
3659,B,30117,GA,7338,15313,1
3660,B,78746,TX,7337,11897,1
3661,B,91006,CA,7337,11291,1
3662,B,84094,UT,7335,9715,1
3663,B,45236,OH,7332,12385,1
3664,B,33967,FL,7331,11685,1
3665,B,86404,AZ,7329,11503,1
3666,B,20659,MD,7328,8546,1
3667,B,11729,NY,7324,9104,1
3668,B,32952,FL,7323,10108,1
3669,B,92105,CA,7322,23862,1
3670,B,80234,CO,7320,12814,1
3671,B,33161,FL,7319,18912,1
3672,B,27591,NC,7319,10109,1
3673,B,28739,NC,7316,11083,1
3674,B,32097,FL,7315,9941,1
3675,B,31763,GA,7308,10984,1
3676,B,02021,MA,7308,9955,1
3677,B,37743,TN,7307,11203,1
3678,B,32208,FL,7306,15218,1
3679,B,45215,OH,7304,13735,1
3680,B,60172,IL,7304,9401,1
3681,B,07006,NJ,7303,10183,1
3682,B,28715,NC,7302,12519,1
3683,B,75243,TX,7301,31577,1
3684,B,25526,WV,7301,9906,1
3685,B,78239,TX,7300,10639,1
3686,B,54650,WI,7298,11166,1
3687,B,48442,MI,7297,9722,1
3688,B,53562,WI,7296,13617,1
3689,B,98053,WA,7296,8707,1
3690,B,74403,OK,7295,12779,1
3691,B,53045,WI,7295,10061,1
3692,B,32405,FL,7294,13585,1
3693,B,48224,MI,7293,16786,1
3694,B,34654,FL,7293,10372,1
3695,B,84128,UT,7293,8442,1
3696,B,78218,TX,7292,15462,1
3697,B,08731,NJ,7292,9663,1
3698,B,85755,AZ,7291,9723,1
3699,B,48114,MI,7291,8223,1
3700,B,77080,TX,7288,17394,1
3701,B,13850,NY,7286,10427,1
3702,B,94602,CA,7285,13072,1
3703,B,66213,KS,7284,13678,1
3704,B,14217,NY,7283,11280,1
3705,B,11001,NY,7283,8923,1
3706,B,55345,MN,7280,8834,1
3707,B,33334,FL,7278,14314,1
3708,B,33542,FL,7278,13600,1
3709,B,90807,CA,7278,13345,1
3710,B,98498,WA,7278,12842,1
3711,B,53027,WI,7278,10091,1
3712,B,33040,FL,7276,19001,1
3713,B,34601,FL,7276,12276,1
3714,B,07424,NJ,7276,11243,1
3715,B,20020,DC,7275,26376,1
3716,B,02861,RI,7275,11928,1
3717,B,01604,MA,7272,18166,1
3718,B,77642,TX,7271,16234,1
3719,B,80130,CO,7270,9468,1
3720,B,55428,MN,7268,13495,1
3721,B,90746,CA,7262,8802,1
3722,B,43232,OH,7261,20211,1
3723,B,92651,CA,7261,13913,1
3724,B,68134,NE,7258,13920,1
3725,B,77062,TX,7256,10150,1
3726,B,48220,MI,7254,12003,1
3727,B,20832,MD,7254,8581,1
3728,B,19973,DE,7253,10725,1
3729,B,02136,MA,7250,14031,1
3730,B,18052,PA,7249,12193,1
3731,B,85043,AZ,7248,11564,1
3732,B,28052,NC,7246,15561,1
3733,B,68123,NE,7246,12963,1
3734,B,34108,FL,7244,15211,1
3735,B,04074,ME,7244,10561,1
3736,B,20003,DC,7243,20817,1
3737,B,17257,PA,7242,11528,1
3738,B,60115,IL,7241,18175,1
3739,B,65810,MO,7241,10022,1
3740,B,49456,MI,7240,9776,1
3741,B,48212,MI,7238,14739,1
3742,B,33510,FL,7238,12006,1
3743,B,93657,CA,7238,11677,1
3744,B,40342,KY,7235,10001,1
3745,B,95492,CA,7234,10013,1
3746,B,98144,WA,7231,16381,1
3747,B,33185,FL,7229,9227,1
3748,B,77630,TX,7228,13127,1
3749,B,19125,PA,7226,13055,1
3750,B,68144,NE,7226,11209,1
3751,B,84047,UT,7225,17221,1
3752,B,33351,FL,7225,13843,1
3753,B,28001,NC,7224,12847,1
3754,B,98273,WA,7224,11991,1
3755,B,41091,KY,7222,8148,1
3756,B,84117,UT,7219,11316,1
3757,B,11784,NY,7218,8759,1
3758,B,33763,FL,7216,11638,1
3759,B,95242,CA,7216,11190,1
3760,B,46052,IN,7210,9935,1
3761,B,39056,MS,7208,11334,1
3762,B,17408,PA,7207,10294,1
3763,B,27606,NC,7206,22199,1
3764,B,92243,CA,7204,15908,1
3765,B,53005,WI,7204,8744,1
3766,B,99207,WA,7200,13673,1
3767,B,38134,TN,7198,15685,1
3768,B,75701,TX,7197,14630,1
3769,B,12010,NY,7196,13436,1
3770,B,77005,TX,7196,10564,1
3771,B,78237,TX,7194,12998,1
3772,B,38834,MS,7193,13211,1
3773,B,42071,KY,7192,14174,1
3774,B,95901,CA,7192,13861,1
3775,B,92101,CA,7190,32909,1
3776,B,20602,MD,7189,10899,1
3777,B,76008,TX,7186,8127,1
3778,B,98362,WA,7185,11829,1
3779,B,89431,NV,7184,16858,1
3780,B,44001,OH,7184,8547,1
3781,B,83706,ID,7182,15992,1
3782,B,98116,WA,7182,14652,1
3783,B,53222,WI,7182,11765,1
3784,B,27539,NC,7180,9096,1
3785,B,28358,NC,7178,14838,1
3786,B,65401,MO,7176,14395,1
3787,B,98037,WA,7175,12032,1
3788,B,78412,TX,7173,16874,1
3789,B,78114,TX,7173,9212,1
3790,B,19132,PA,7171,17402,1
3791,B,32129,FL,7171,11991,1
3792,B,40223,KY,7171,10387,1
3793,B,78207,TX,7169,18750,1
3794,B,32459,FL,7167,17700,1
3795,B,80907,CO,7165,13250,1
3796,B,45239,OH,7165,12985,1
3797,B,47302,IN,7165,12625,1
3798,B,95330,CA,7165,8883,1
3799,B,23518,VA,7163,13911,1
3800,B,55427,MN,7163,10788,1
3801,B,75024,TX,7162,20362,1
3802,B,28120,NC,7159,10590,1
3803,B,77065,TX,7158,17110,1
3804,B,95926,CA,7156,18566,1
3805,B,68901,NE,7155,11809,1
3806,B,97140,OR,7155,9540,1
3807,B,91791,CA,7153,11315,1
3808,B,80209,CO,7152,16045,1
3809,B,60532,IL,7147,13203,1
3810,B,31312,GA,7147,8803,1
3811,B,60615,IL,7146,24997,1
3812,B,33897,FL,7146,13291,1
3813,B,61350,IL,7145,10853,1
3814,B,91780,CA,7144,11953,1
3815,B,37135,TN,7144,7818,1
3816,B,58801,ND,7142,17095,1
3817,B,95118,CA,7142,11941,1
3818,B,77586,TX,7140,10419,1
3819,B,07871,NJ,7140,8367,1
3820,B,98002,WA,7138,15279,1
3821,B,80226,CO,7138,14742,1
3822,B,08861,NJ,7136,21032,1
3823,B,32773,FL,7136,13402,1
3824,B,31322,GA,7134,12647,1
3825,B,95961,CA,7132,10417,1
3826,B,92270,CA,7130,14936,1
3827,B,64151,MO,7130,12452,1
3828,B,17110,PA,7129,12246,1
3829,B,22182,VA,7129,10285,1
3830,B,92337,CA,7129,9730,1
3831,B,33028,FL,7128,9297,1
3832,B,48507,MI,7127,13923,1
3833,B,98075,WA,7127,8303,1
3834,B,99203,WA,7126,9742,1
3835,B,29020,SC,7123,11324,1
3836,B,29617,SC,7122,11599,1
3837,B,10708,NY,7122,10004,1
3838,B,85009,AZ,7121,14873,1
3839,B,42503,KY,7121,11588,1
3840,B,49509,MI,7120,10611,1
3841,B,40403,KY,7118,11008,1
3842,B,08060,NJ,7117,10198,1
3843,B,48009,MI,7114,10333,1
3844,B,48420,MI,7114,9136,1
3845,B,95003,CA,7112,11728,1
3846,B,78210,TX,7111,14410,1
3847,B,75050,TX,7110,17286,1
3848,B,37615,TN,7110,9946,1
3849,B,85053,AZ,7109,12003,1
3850,B,60077,IL,7109,11317,1
3851,B,18411,PA,7108,9375,1
3852,B,33441,FL,7101,15225,1
3853,B,31904,GA,7100,15947,1
3854,B,35160,AL,7099,13147,1
3855,B,79761,TX,7098,13591,1
3856,B,32953,FL,7098,11566,1
3857,B,77545,TX,7097,9018,1
3858,B,30224,GA,7096,11457,1
3859,B,95340,CA,7095,13553,1
3860,B,02131,MA,7095,13264,1
3861,B,22551,VA,7095,8709,1
3862,B,74105,OK,7094,14531,1
3863,B,95377,CA,7094,9907,1
3864,B,07076,NJ,7094,9037,1
3865,B,60914,IL,7093,10763,1
3866,B,85210,AZ,7092,16292,1
3867,B,06488,CT,7090,8826,1
3868,B,92629,CA,7089,13493,1
3869,B,60099,IL,7087,12085,1
3870,B,36303,AL,7086,14622,1
3871,B,85035,AZ,7085,15868,1
3872,B,84116,UT,7082,14487,1
3873,B,34134,FL,7081,15051,1
3874,B,85085,AZ,7081,12737,1
3875,B,11435,NY,7080,21180,1
3876,B,84109,UT,7080,9829,1
3877,B,18301,PA,7079,11125,1
3878,B,84044,UT,7079,9057,1
3879,B,22031,VA,7078,15390,1
3880,B,48375,MI,7077,10223,1
3881,B,75081,TX,7076,14662,1
3882,B,97520,OR,7076,13964,1
3883,B,60018,IL,7076,10350,1
3884,B,83402,ID,7073,11983,1
3885,B,28613,NC,7069,10222,1
3886,B,37303,TN,7068,11460,1
3887,B,77657,TX,7067,9044,1
3888,B,95991,CA,7066,15234,1
3889,B,94518,CA,7066,10361,1
3890,B,49444,MI,7065,11635,1
3891,B,78617,TX,7065,9201,1
3892,B,94024,CA,7063,8486,1
3893,B,11422,NY,7062,10694,1
3894,B,91302,CA,7061,10235,1
3895,B,40218,KY,7060,14697,1
3896,B,10710,NY,7060,10107,1
3897,B,66221,KS,7060,8656,1
3898,B,21037,MD,7059,8652,1
3899,B,11714,NY,7059,7925,1
3900,B,14072,NY,7058,9053,1
3901,B,65101,MO,7054,11962,1
3902,B,91364,CA,7054,10969,1
3903,B,98072,WA,7054,9897,1
3904,B,31522,GA,7051,12241,1
3905,B,94545,CA,7051,10439,1
3906,B,91301,CA,7051,9394,1
3907,B,11367,NY,7050,15693,1
3908,B,44319,OH,7050,9950,1
3909,B,78757,TX,7044,11930,1
3910,B,19608,PA,7044,9169,1
3911,B,48317,MI,7043,12936,1
3912,B,95949,CA,7043,8644,1
3913,B,38801,MS,7042,13717,1
3914,B,84093,UT,7042,8005,1
3915,B,07080,NJ,7041,8433,1
3916,B,02474,MA,7038,12541,1
3917,B,91307,CA,7038,8964,1
3918,B,11010,NY,7038,8577,1
3919,B,02852,RI,7037,10589,1
3920,B,07866,NJ,7035,8863,1
3921,B,70471,LA,7031,10341,1
3922,B,98665,WA,7029,11894,1
3923,B,49601,MI,7027,10734,1
3924,B,77385,TX,7027,9820,1
3925,B,95829,CA,7027,9412,1
3926,B,29611,SC,7024,14620,1
3927,B,02324,MA,7023,9770,1
3928,B,35111,AL,7023,7893,1
3929,B,02888,RI,7022,9117,1
3930,B,60491,IL,7022,7846,1
3931,B,77502,TX,7021,11813,1
3932,B,85008,AZ,7017,24508,1
3933,B,83814,ID,7015,14314,1
3934,B,07701,NJ,7015,11082,1
3935,B,44147,OH,7013,8841,1
3936,B,54304,WI,7012,12997,1
3937,B,41005,KY,7012,9463,1
3938,B,27560,NC,7011,17764,1
3939,B,90504,CA,7011,12328,1
3940,B,98146,WA,7011,10986,1
3941,B,79416,TX,7010,16094,1
3942,B,37921,TN,7009,12969,1
3943,B,76708,TX,7009,11241,1
3944,B,08721,NJ,7009,9343,1
3945,B,76401,TX,7006,13826,1
3946,B,34677,FL,7005,10056,1
3947,B,21001,MD,7003,11010,1
3948,B,30296,GA,7002,10780,1
3949,B,33066,FL,7001,10418,1
3950,B,54901,WI,7000,15381,1
3951,B,89107,NV,7000,13844,1
3952,B,23703,VA,6999,10856,1
3953,B,89138,NV,6998,9069,1
3954,B,92025,CA,6994,17376,1
3955,B,02904,RI,6994,14483,1
3956,B,75208,TX,6994,13655,1
3957,B,91356,CA,6994,12715,1
3958,B,72802,AR,6994,9687,1
3959,B,40059,KY,6992,8400,1
3960,B,60585,IL,6992,7723,1
3961,B,48314,MI,6991,9286,1
3962,B,27804,NC,6990,14352,1
3963,B,70706,LA,6990,8561,1
3964,B,19971,DE,6989,16948,1
3965,B,60187,IL,6989,10619,1
3966,B,33782,FL,6988,10581,1
3967,B,15143,PA,6988,9411,1
3968,B,53213,WI,6987,12591,1
3969,B,33612,FL,6986,21228,1
3970,B,92703,CA,6985,14644,1
3971,B,50131,IA,6984,9975,1
3972,B,98022,WA,6982,9828,1
3973,B,21601,MD,6981,11609,1
3974,B,98004,WA,6980,20977,1
3975,B,97035,OR,6979,11822,1
3976,B,89115,NV,6978,21670,1
3977,B,53545,WI,6975,11170,1
3978,B,45242,OH,6973,9587,1
3979,B,35801,AL,6970,11225,1
3980,B,44857,OH,6969,10579,1
3981,B,11741,NY,6969,9310,1
3982,B,92109,CA,6966,26503,1
3983,B,11378,NY,6966,14522,1
3984,B,92373,CA,6966,14501,1
3985,B,30008,GA,6965,12477,1
3986,B,35023,AL,6964,9879,1
3987,B,08037,NJ,6963,9682,1
3988,B,93637,CA,6962,12918,1
3989,B,49036,MI,6962,11663,1
3990,B,94061,CA,6958,14122,1
3991,B,40014,KY,6958,8028,1
3992,B,85381,AZ,6957,11393,1
3993,B,42718,KY,6956,11289,1
3994,B,95503,CA,6956,10738,1
3995,B,32796,FL,6955,9670,1
3996,B,97401,OR,6952,24220,1
3997,B,40383,KY,6950,10431,1
3998,B,29575,SC,6949,16761,1
3999,B,94062,CA,6947,10496,1
4000,B,35126,AL,6947,8581,1
4001,B,48182,MI,6946,8637,1
4002,B,92782,CA,6945,11474,1
4003,B,44116,OH,6945,10484,1
4004,B,25177,WV,6944,11250,1
4005,B,98626,WA,6944,10642,1
4006,B,29505,SC,6943,10647,1
4007,B,07724,NJ,6943,10424,1
4008,B,23503,VA,6942,15350,1
4009,B,89103,NV,6939,25470,1
4010,B,34480,FL,6938,9864,1
4011,B,76012,TX,6935,11538,1
4012,B,07869,NJ,6935,9124,1
4013,B,76107,TX,6934,17957,1
4014,B,17036,PA,6934,9812,1
4015,B,34465,FL,6934,9466,1
4016,B,60177,IL,6933,8700,1
4017,B,90032,CA,6932,14139,1
4018,B,21225,MD,6931,14434,1
4019,B,84078,UT,6929,11222,1
4020,B,68803,NE,6929,11188,1
4021,B,44105,OH,6928,17528,1
4022,B,48506,MI,6928,11114,1
4023,B,78624,TX,6927,12421,1
4024,B,96753,HI,6926,18294,1
4025,B,17815,PA,6926,12661,1
4026,B,49735,MI,6925,11551,1
4027,B,91402,CA,6924,20570,1
4028,B,75604,TX,6923,13579,1
4029,B,98177,WA,6923,8178,1
4030,B,95746,CA,6922,8183,1
4031,B,29646,SC,6921,12316,1
4032,B,81401,CO,6921,10782,1
4033,B,47715,IN,6919,14451,1
4034,B,75063,TX,6916,18747,1
4035,B,92284,CA,6915,12255,1
4036,B,89434,NV,6915,11680,1
4037,B,77530,TX,6915,10579,1
4038,B,15239,PA,6915,8885,1
4039,B,53220,WI,6913,12547,1
4040,B,97071,OR,6912,10595,1
4041,B,64086,MO,6912,9992,1
4042,B,28786,NC,6911,12064,1
4043,B,97030,OR,6910,16500,1
4044,B,62703,IL,6909,14320,1
4045,B,77057,TX,6908,25231,1
4046,B,64157,MO,6907,7684,1
4047,B,93030,CA,6905,15966,1
4048,B,56303,MN,6903,11760,1
4049,B,60706,IL,6903,9720,1
4050,B,92707,CA,6902,14767,1
4051,B,91722,CA,6900,10340,1
4052,B,92103,CA,6898,21363,1
4053,B,33544,FL,6893,10277,1
4054,B,61109,IL,6892,11829,1
4055,B,96007,CA,6892,10755,1
4056,B,55317,MN,6892,8731,1
4057,B,21244,MD,6890,15006,1
4058,B,15212,PA,6889,15937,1
4059,B,46235,IN,6889,14804,1
4060,B,06851,CT,6888,12142,1
4061,B,20121,VA,6888,9968,1
4062,B,21012,MD,6888,8509,1
4063,B,96818,HI,6887,19719,1
4064,B,32817,FL,6887,13747,1
4065,B,15241,PA,6887,8680,1
4066,B,75241,TX,6886,11151,1
4067,B,28787,NC,6886,10863,1
4068,B,37148,TN,6886,9919,1
4069,B,78043,TX,6885,14263,1
4070,B,02062,MA,6884,13961,1
4071,B,56007,MN,6883,9873,1
4072,B,97754,OR,6882,9985,1
4073,B,79606,TX,6880,13191,1
4074,B,75092,TX,6880,13117,1
4075,B,75225,TX,6880,9839,1
4076,B,35756,AL,6878,8821,1
4077,B,81001,CO,6877,13651,1
4078,B,07652,NJ,6877,8898,1
4079,B,46818,IN,6877,8512,1
4080,B,48089,MI,6876,13597,1
4081,B,39443,MS,6873,10036,1
4082,B,16506,PA,6871,10309,1
4083,B,98008,WA,6869,10048,1
4084,B,33073,FL,6868,12708,1
4085,B,34442,FL,6868,9852,1
4086,B,53090,WI,6868,9247,1
4087,B,78070,TX,6868,8034,1
4088,B,63090,MO,6867,9745,1
4089,B,78642,TX,6867,8399,1
4090,B,53140,WI,6865,14065,1
4091,B,78259,TX,6865,11087,1
4092,B,98531,WA,6865,11070,1
4093,B,17901,PA,6864,11067,1
4094,B,33545,FL,6863,8961,1
4095,B,33936,FL,6861,10820,1
4096,B,98030,WA,6860,13519,1
4097,B,31525,GA,6859,12373,1
4098,B,46256,IN,6857,10118,1
4099,B,27549,NC,6856,11326,1
4100,B,70815,LA,6855,12060,1
4101,B,97838,OR,6855,10166,1
4102,B,33948,FL,6854,9297,1
4103,B,85024,AZ,6849,11032,1
4104,B,77520,TX,6847,14411,1
4105,B,19406,PA,6846,14181,1
4106,B,39046,MS,6846,12909,1
4107,B,32209,FL,6845,17706,1
4108,B,42025,KY,6845,9805,1
4109,B,33781,FL,6843,12370,1
4110,B,01852,MA,6842,15363,1
4111,B,54913,WI,6842,9930,1
4112,B,92801,CA,6841,19519,1
4113,B,01887,MA,6841,8032,1
4114,B,94803,CA,6840,10038,1
4115,B,27893,NC,6837,18383,1
4116,B,48837,MI,6837,8638,1
4117,B,13212,NY,6836,9213,1
4118,B,48331,MI,6835,9297,1
4119,B,86323,AZ,6835,8541,1
4120,B,88005,NM,6833,12039,1
4121,B,34715,FL,6833,8877,1
4122,B,32934,FL,6833,7987,1
4123,B,45240,OH,6832,11485,1
4124,B,98671,WA,6832,9090,1
4125,B,02908,RI,6826,17160,1
4126,B,43220,OH,6826,14157,1
4127,B,46229,IN,6825,12046,1
4128,B,37334,TN,6823,10251,1
4129,B,32726,FL,6822,11168,1
4130,B,01945,MA,6821,8899,1
4131,B,48098,MI,6818,7828,1
4132,B,34741,FL,6817,22043,1
4133,B,07302,NJ,6816,30163,1
4134,B,92119,CA,6816,9738,1
4135,B,45322,OH,6815,9266,1
4136,B,35633,AL,6814,9025,1
4137,B,91732,CA,6810,15995,1
4138,B,34286,FL,6807,8753,1
4139,B,49301,MI,6806,7383,1
4140,B,75234,TX,6805,13775,1
4141,B,33060,FL,6803,15653,1
4142,B,29649,SC,6801,11966,1
4143,B,68137,NE,6801,10834,1
4144,B,32763,FL,6800,11897,1
4145,B,83705,ID,6799,13228,1
4146,B,14606,NY,6799,11712,1
4147,B,75181,TX,6799,8300,1
4148,B,20007,DC,6798,13583,1
4149,B,33770,FL,6798,13417,1
4150,B,30306,GA,6797,12182,1
4151,B,37067,TN,6796,14087,1
4152,B,77301,TX,6793,12854,1
4153,B,76148,TX,6793,8481,1
4154,B,96813,HI,6792,13511,1
4155,B,33126,FL,6791,19725,1
4156,B,19014,PA,6788,8177,1
4157,B,54403,WI,6787,11171,1
4158,B,42066,KY,6787,10793,1
4159,B,48327,MI,6787,9864,1
4160,B,60108,IL,6786,9625,1
4161,B,76110,TX,6785,12497,1
4162,B,44087,OH,6785,9146,1
4163,B,98282,WA,6785,8832,1
4164,B,33020,FL,6784,22508,1
4165,B,97233,OR,6784,14844,1
4166,B,23860,VA,6783,12254,1
4167,B,30240,GA,6782,12782,1
4168,B,11361,NY,6782,11934,1
4169,B,92585,CA,6781,8447,1
4170,B,33761,FL,6779,9829,1
4171,B,93304,CA,6778,16380,1
4172,B,38128,TN,6777,18388,1
4173,B,30012,GA,6775,12400,1
4174,B,07719,NJ,6775,10753,1
4175,B,60404,IL,6775,7530,1
4176,B,85281,AZ,6774,32475,1
4177,B,17057,PA,6773,10513,1
4178,B,11552,NY,6773,7736,1
4179,B,86303,AZ,6772,12255,1
4180,B,21040,MD,6771,10211,1
4181,B,94563,CA,6770,7547,1
4182,B,37206,TN,6769,14323,1
4183,B,79934,TX,6769,10884,1
4184,B,02180,MA,6769,9832,1
4185,B,97220,OR,6768,12177,1
4186,B,44333,OH,6768,8598,1
4187,B,95945,CA,6767,13051,1
4188,B,38116,TN,6765,18526,1
4189,B,85712,AZ,6764,18215,1
4190,B,61115,IL,6764,8983,1
4191,B,32024,FL,6763,8554,1
4192,B,59714,MT,6761,10043,1
4193,B,77478,TX,6759,9168,1
4194,B,91754,CA,6757,12754,1
4195,B,34266,FL,6757,12302,1
4196,B,48602,MI,6757,12286,1
4197,B,10462,NY,6755,31828,1
4198,B,44511,OH,6754,9470,1
4199,B,87508,NM,6750,7782,1
4200,B,76013,TX,6747,14431,1
4201,B,36109,AL,6747,11273,1
4202,B,97008,OR,6746,12845,1
4203,B,38464,TN,6745,10517,1
4204,B,45371,OH,6745,9301,1
4205,B,73159,OK,6743,13618,1
4206,B,76140,TX,6741,10705,1
4207,B,45030,OH,6741,8756,1
4208,B,77590,TX,6740,14419,1
4209,B,28570,NC,6740,10819,1
4210,B,92586,CA,6740,10059,1
4211,B,44102,OH,6739,22984,1
4212,B,24012,VA,6739,13455,1
4213,B,48346,MI,6739,10157,1
4214,B,20109,VA,6738,15673,1
4215,B,94131,CA,6737,13755,1
4216,B,45414,OH,6737,10283,1
4217,B,10901,NY,6737,9674,1
4218,B,74021,OK,6735,8705,1
4219,B,32810,FL,6733,14849,1
4220,B,79701,TX,6733,11393,1
4221,B,23238,VA,6731,12256,1
4222,B,70363,LA,6730,10449,1
4223,B,85749,AZ,6729,8619,1
4224,B,33426,FL,6724,12500,1
4225,B,45102,OH,6723,9923,1
4226,B,71037,LA,6723,8554,1
4227,B,45255,OH,6719,10181,1
4228,B,54481,WI,6717,12697,1
4229,B,80207,CO,6717,9291,1
4230,B,85028,AZ,6717,8642,1
4231,B,02066,MA,6716,8032,1
4232,B,60502,IL,6714,8695,1
4233,B,01890,MA,6714,8283,1
4234,B,27889,NC,6713,12956,1
4235,B,77627,TX,6712,9970,1
4236,B,72204,AR,6711,14570,1
4237,B,99502,AK,6710,9931,1
4238,B,68801,NE,6709,11684,1
4239,B,65775,MO,6709,11310,1
4240,B,95616,CA,6708,19944,1
4241,B,78217,TX,6708,16179,1
4242,B,15221,PA,6706,17621,1
4243,B,07032,NJ,6706,15340,1
4244,B,55410,MN,6706,8685,1
4245,B,78216,TX,6705,22138,1
4246,B,95834,CA,6705,13531,1
4247,B,48234,MI,6704,15688,1
4248,B,92104,CA,6703,24580,1
4249,B,83404,ID,6703,9606,1
4250,B,72223,AR,6702,12279,1
4251,B,48036,MI,6702,9855,1
4252,B,24523,VA,6700,9729,1
4253,B,92835,CA,6700,9644,1
4254,B,03110,NH,6700,8185,1
4255,B,95407,CA,6699,13371,1
4256,B,07751,NJ,6699,7567,1
4257,B,90601,CA,6698,11161,1
4258,B,53913,WI,6698,10444,1
4259,B,66215,KS,6697,11945,1
4260,B,90046,CA,6694,31929,1
4261,B,16335,PA,6694,12547,1
4262,B,48108,MI,6694,12508,1
4263,B,80232,CO,6694,9594,1
4264,B,19073,PA,6694,8645,1
4265,B,17356,PA,6693,9212,1
4266,B,47172,IN,6693,8537,1
4267,B,96815,HI,6691,22804,1
4268,B,98106,WA,6690,12107,1
4269,B,94590,CA,6689,16500,1
4270,B,63043,MO,6689,9616,1
4271,B,49685,MI,6689,9395,1
4272,B,45133,OH,6688,10586,1
4273,B,84124,UT,6688,8976,1
4274,B,38301,TN,6687,15769,1
4275,B,80205,CO,6686,19040,1
4276,B,95928,CA,6685,17455,1
4277,B,70510,LA,6685,11603,1
4278,B,60045,IL,6684,7939,1
4279,B,44135,OH,6683,12035,1
4280,B,17225,PA,6681,8132,1
4281,B,70119,LA,6680,21595,1
4282,B,62305,IL,6676,8344,1
4283,B,18914,PA,6676,7900,1
4284,B,04062,ME,6675,8695,1
4285,B,33705,FL,6674,15171,1
4286,B,32177,FL,6674,11549,1
4287,B,21158,MD,6674,8818,1
4288,B,72715,AR,6672,8367,1
4289,B,02895,RI,6669,19443,1
4290,B,84070,UT,6667,12212,1
4291,B,58102,ND,6665,16757,1
4292,B,06708,CT,6665,13061,1
4293,B,98020,WA,6664,9379,1
4294,B,11747,NY,6664,7871,1
4295,B,89502,NV,6662,20781,1
4296,B,89701,NV,6662,11447,1
4297,B,14227,NY,6661,10476,1
4298,B,10002,NY,6660,39646,0
4299,B,03833,NH,6660,9789,1
4300,B,02492,MA,6660,7500,1
4301,B,75042,TX,6659,11791,1
4302,B,40031,KY,6659,8507,1
4303,B,07040,NJ,6658,8981,1
4304,B,07621,NJ,6656,9677,1
4305,B,02478,MA,6654,10811,1
4306,B,70785,LA,6653,8555,1
4307,B,01720,MA,6652,8937,1
4308,B,98368,WA,6651,9739,1
4309,B,98168,WA,6650,13338,1
4310,B,05452,VT,6650,9808,1
4311,B,75766,TX,6649,10798,1
4312,B,30341,GA,6644,15347,1
4313,B,80212,CO,6644,10870,1
4314,B,21209,MD,6643,12086,1
4315,B,27577,NC,6643,10744,1
4316,B,98112,WA,6642,11670,1
4317,B,53916,WI,6642,11001,1
4318,B,78599,TX,6642,9945,1
4319,B,23513,VA,6641,13040,1
4320,B,29585,SC,6640,12061,1
4321,B,11360,NY,6639,9874,1
4322,B,91604,CA,6638,15900,1
4323,B,63139,MO,6636,12187,1
4324,B,63640,MO,6636,11381,1
4325,B,14020,NY,6636,10930,1
4326,B,90026,CA,6635,28632,1
4327,B,76705,TX,6635,12107,1
4328,B,39073,MS,6635,8707,1
4329,B,95204,CA,6634,12354,1
4330,B,27501,NC,6633,9104,1
4331,B,90732,CA,6632,9526,1
4332,B,53589,WI,6632,9014,1
4333,B,67204,KS,6631,9424,1
4334,B,34473,FL,6631,9313,1
4335,B,33139,FL,6629,30166,1
4336,B,95838,CA,6629,12400,1
4337,B,76082,TX,6629,8576,1
4338,B,43209,OH,6626,12689,1
4339,B,21214,MD,6625,9096,1
4340,B,89801,NV,6624,11079,1
4341,B,89142,NV,6622,11708,1
4342,B,53083,WI,6621,9336,1
4343,B,68136,NE,6621,7700,1
4344,B,90221,CA,6620,12854,1
4345,B,89406,NV,6620,10872,1
4346,B,77632,TX,6620,9568,1
4347,B,74464,OK,6619,13502,1
4348,B,78570,TX,6619,10701,1
4349,B,46563,IN,6619,10031,1
4350,B,39212,MS,6618,12738,1
4351,B,92122,CA,6617,21349,1
4352,B,28403,NC,6617,20424,1
4353,B,88203,NM,6616,12089,1
4354,B,80204,CO,6614,18378,1
4355,B,90501,CA,6614,15867,1
4356,B,21239,MD,6614,12621,1
4357,B,11783,NY,6614,7320,1
4358,B,28083,NC,6613,11925,1
4359,B,91321,CA,6611,11257,1
4360,B,33971,FL,6611,8802,1
4361,B,11937,NY,6610,14277,1
4362,B,94619,CA,6609,10348,1
4363,B,23237,VA,6609,9862,1
4364,B,34292,FL,6607,10559,1
4365,B,14051,NY,6606,8424,1
4366,B,62650,IL,6604,11213,1
4367,B,80301,CO,6603,12644,1
4368,B,55447,MN,6603,8997,1
4369,B,36575,AL,6602,8488,1
4370,B,77320,TX,6601,12135,1
4371,B,95032,CA,6601,11146,1
4372,B,15644,PA,6601,9272,1
4373,B,55309,MN,6600,7541,1
4374,B,35475,AL,6599,7843,1
4375,B,98011,WA,6598,12424,1
4376,B,70131,LA,6598,12070,1
4377,B,10954,NY,6597,10041,1
4378,B,79764,TX,6596,10326,1
4379,B,95482,CA,6595,13143,1
4380,B,95219,CA,6595,11817,1
4381,B,29928,SC,6594,19204,1
4382,B,37415,TN,6591,11970,1
4383,B,54301,WI,6591,10532,1
4384,B,11368,NY,6590,31165,1
4385,B,54235,WI,6589,11835,1
4386,B,14618,NY,6589,9003,1
4387,B,61615,IL,6586,11334,1
4388,B,06107,CT,6586,8305,1
4389,B,50320,IA,6585,9317,1
4390,B,90242,CA,6584,12756,1
4391,B,22801,VA,6582,15820,1
4392,B,40505,KY,6581,12026,1
4393,B,26062,WV,6581,10235,1
4394,B,19605,PA,6581,8100,1
4395,B,32226,FL,6581,7707,1
4396,B,90247,CA,6579,17076,1
4397,B,63020,MO,6579,8922,1
4398,B,55331,MN,6579,8275,1
4399,B,78380,TX,6578,9557,1
4400,B,53029,WI,6578,8717,1
4401,B,79605,TX,6577,12795,1
4402,B,34482,FL,6576,9553,1
4403,B,33331,FL,6574,7898,1
4404,B,18020,PA,6573,7940,1
4405,B,22903,VA,6572,17642,1
4406,B,83716,ID,6572,9032,1
4407,B,24541,VA,6569,14506,1
4408,B,47546,IN,6569,10080,1
4409,B,15905,PA,6567,9907,1
4410,B,30458,GA,6566,19769,1
4411,B,36801,AL,6566,11363,1
4412,B,60093,IL,6566,7833,1
4413,B,75901,TX,6565,11290,1
4414,B,67801,KS,6565,11116,1
4415,B,23114,VA,6562,8655,1
4416,B,08057,NJ,6562,8382,1
4417,B,95135,CA,6562,7835,1
4418,B,21409,MD,6560,7541,1
4419,B,31008,GA,6559,8432,1
4420,B,75238,TX,6558,14332,1
4421,B,61021,IL,6556,10110,1
4422,B,37091,TN,6556,9963,1
4423,B,98466,WA,6553,12773,1
4424,B,39211,MS,6551,11334,1
4425,B,14845,NY,6551,9370,1
4426,B,70611,LA,6551,8971,1
4427,B,31326,GA,6550,9465,1
4428,B,12203,NY,6549,14755,1
4429,B,27596,NC,6548,8030,1
4430,B,06053,CT,6547,14995,1
4431,B,44484,OH,6546,9929,1
4432,B,44142,OH,6546,8302,1
4433,B,87108,NM,6545,19153,1
4434,B,30655,GA,6545,10212,1
4435,B,32277,FL,6543,14025,1
4436,B,15136,PA,6541,11551,1
4437,B,22180,VA,6540,10013,1
4438,B,32119,FL,6539,12629,1
4439,B,78410,TX,6539,10798,1
4440,B,85250,AZ,6537,10066,1
4441,B,74019,OK,6537,8170,1
4442,B,65616,MO,6536,16419,1
4443,B,35806,AL,6534,14398,1
4444,B,33404,FL,6533,15990,1
4445,B,98407,WA,6533,10545,1
4446,B,95660,CA,6532,11433,1
4447,B,04901,ME,6530,12084,1
4448,B,98040,WA,6529,10454,1
4449,B,02048,MA,6527,9228,1
4450,B,63005,MO,6527,7322,1
4451,B,80915,CO,6526,9434,1
4452,B,44057,OH,6524,8474,1
4453,B,08619,NJ,6522,9761,1
4454,B,99508,AK,6519,14219,1
4455,B,20646,MD,6519,8263,1
4456,B,13045,NY,6517,12420,1
4457,B,91352,CA,6515,13119,1
4458,B,14526,NY,6513,8231,1
4459,B,54937,WI,6512,9473,1
4460,B,46201,IN,6511,17145,1
4461,B,33774,FL,6511,10388,1
4462,B,13069,NY,6509,10593,1
4463,B,98371,WA,6508,9937,1
4464,B,47591,IN,6506,11874,1
4465,B,49503,MI,6505,19017,1
4466,B,30311,GA,6505,17041,1
4467,B,54302,WI,6504,13390,1
4468,B,18976,PA,6503,8238,1
4469,B,85021,AZ,6502,18136,1
4470,B,85716,AZ,6501,19025,1
4471,B,72113,AR,6501,12260,1
4472,B,30344,GA,6499,17586,1
4473,B,70607,LA,6499,13692,1
4474,B,20716,MD,6498,9492,1
4475,B,35209,AL,6497,15141,1
4476,B,93638,CA,6497,12821,1
4477,B,93117,CA,6496,18208,1
4478,B,23601,VA,6496,12593,1
4479,B,78620,TX,6496,7929,1
4480,B,68130,NE,6495,8427,1
4481,B,07111,NJ,6494,24176,1
4482,B,30121,GA,6494,11175,1
4483,B,23430,VA,6494,7961,1
4484,B,07065,NJ,6493,12811,1
4485,B,35763,AL,6488,7281,1
4486,B,28152,NC,6482,11134,1
4487,B,89104,NV,6479,16704,1
4488,B,38127,TN,6475,17560,1
4489,B,78739,TX,6474,7127,1
4490,B,30060,GA,6473,15036,1
4491,B,97034,OR,6473,9017,1
4492,B,60154,IL,6473,7376,1
4493,B,98122,WA,6471,24942,1
4494,B,97062,OR,6471,11659,1
4495,B,60140,IL,6470,7325,1
4496,B,72116,AR,6469,10556,1
4497,B,99516,AK,6469,7544,1
4498,B,33014,FL,6468,15319,1
4499,B,98406,WA,6467,10748,1
4500,B,28804,NC,6466,11716,1
4501,B,94580,CA,6466,9067,1
4502,B,11691,NY,6465,23400,1
4503,B,04011,ME,6463,9440,1
4504,B,91316,CA,6461,13602,1
4505,B,40330,KY,6461,9559,1
4506,B,55412,MN,6460,9676,1
4507,B,92507,CA,6459,19739,1
4508,B,34211,FL,6458,9943,1
4509,B,60443,IL,6457,8672,1
4510,B,53092,WI,6455,8983,1
4511,B,49534,MI,6454,9713,1
4512,B,85118,AZ,6453,9042,1
4513,B,01040,MA,6451,17057,1
4514,B,43113,OH,6450,10461,1
4515,B,34471,FL,6448,12071,1
4516,B,75503,TX,6448,11464,1
4517,B,97013,OR,6448,9152,1
4518,B,46205,IN,6447,14756,1
4519,B,29210,SC,6446,19592,1
4520,B,47331,IN,6445,10625,1
4521,B,33145,FL,6444,12773,1
4522,B,32807,FL,6443,13906,1
4523,B,10473,NY,6442,23234,1
4524,B,35630,AL,6441,17371,1
4525,B,81004,CO,6441,12597,1
4526,B,75662,TX,6437,9474,1
4527,B,48094,MI,6437,8295,1
4528,B,32117,FL,6436,14392,1
4529,B,77303,TX,6436,9516,1
4530,B,10301,NY,6435,16631,1
4531,B,46373,IN,6435,6616,1
4532,B,43612,OH,6433,13409,1
4533,B,30540,GA,6432,11136,1
4534,B,21078,MD,6432,8760,1
4535,B,30013,GA,6431,11138,1
4536,B,38053,TN,6431,10674,1
4537,B,06001,CT,6430,8238,1
4538,B,33706,FL,6429,14199,1
4539,B,97116,OR,6428,10229,1
4540,B,85653,AZ,6426,8070,1
4541,B,29678,SC,6425,11742,1
4542,B,60626,IL,6423,26812,1
4543,B,95050,CA,6422,16674,1
4544,B,34769,FL,6421,11070,1
4545,B,85715,AZ,6421,9678,1
4546,B,19130,PA,6420,18178,1
4547,B,96819,HI,6420,13287,1
4548,B,27565,NC,6420,10903,1
4549,B,92583,CA,6420,10397,1
4550,B,33486,FL,6419,9583,1
4551,B,62864,IL,6415,11105,1
4552,B,39565,MS,6414,7732,1
4553,B,57105,SD,6413,10550,1
4554,B,40741,KY,6413,10344,1
4555,B,90272,CA,6413,9207,1
4556,B,30528,GA,6412,10669,1
4557,B,84302,UT,6411,9355,1
4558,B,41001,KY,6411,7387,1
4559,B,88001,NM,6410,16985,1
4560,B,64138,MO,6410,11273,1
4561,B,43213,OH,6408,17069,1
4562,B,37216,TN,6408,9574,1
4563,B,55376,MN,6407,7128,1
4564,B,77096,TX,6406,15490,1
4565,B,43402,OH,6406,14784,1
4566,B,70563,LA,6406,8663,1
4567,B,83442,ID,6406,7738,1
4568,B,15122,PA,6404,9121,1
4569,B,89145,NV,6403,10878,1
4570,B,45805,OH,6403,10560,1
4571,B,37857,TN,6401,9749,1
4572,B,70460,LA,6399,9223,1
4573,B,91752,CA,6398,10634,1
4574,B,23701,VA,6398,10318,1
4575,B,98201,WA,6397,15196,1
4576,B,54452,WI,6397,9181,1
4577,B,30276,GA,6396,7171,1
4578,B,34987,FL,6394,8619,1
4579,B,75287,TX,6393,30143,1
4580,B,30339,GA,6393,21303,1
4581,B,70118,LA,6390,15464,1
4582,B,70520,LA,6390,9011,1
4583,B,33067,FL,6386,8994,1
4584,B,66104,KS,6385,11088,1
4585,B,17078,PA,6385,9602,1
4586,B,73130,OK,6384,9222,1
4587,B,28208,NC,6381,17842,1
4588,B,08204,NJ,6381,13101,1
4589,B,08109,NJ,6381,9314,1
4590,B,93401,CA,6380,14363,1
4591,B,45331,OH,6380,10400,1
4592,B,74037,OK,6378,8811,1
4593,B,72703,AR,6377,17202,1
4594,B,08690,NJ,6377,8068,1
4595,B,75224,TX,6375,12438,1
4596,B,44223,OH,6375,8846,1
4597,B,23227,VA,6373,13351,1
4598,B,99354,WA,6373,10807,1
4599,B,40422,KY,6373,10627,1
4600,B,20657,MD,6372,8109,1
4601,B,33172,FL,6371,16103,1
4602,B,56301,MN,6369,13511,1
4603,B,29644,SC,6369,9401,1
4604,B,75482,TX,6368,10896,1
4605,B,28303,NC,6367,15554,1
4606,B,85083,AZ,6367,6947,1
4607,B,28262,NC,6365,23449,1
4608,B,11219,NY,6363,27973,1
4609,B,30274,GA,6363,14299,1
4610,B,18235,PA,6361,8796,1
4611,B,87122,NM,6360,7139,1
4612,B,76018,TX,6355,8842,1
4613,B,70809,LA,6353,13872,1
4614,B,85310,AZ,6352,7269,1
4615,B,06514,CT,6351,11388,1
4616,B,49058,MI,6351,8337,1
4617,B,46041,IN,6350,9889,1
4618,B,31069,GA,6349,9389,1
4619,B,46706,IN,6349,8336,1
4620,B,95351,CA,6348,13631,1
4621,B,87002,NM,6348,9210,1
4622,B,76053,TX,6347,12803,1
4623,B,90011,CA,6346,25119,1
4624,B,73107,OK,6345,12621,1
4625,B,85748,AZ,6345,8833,1
4626,B,73110,OK,6344,15826,1
4627,B,95122,CA,6340,12560,1
4628,B,55744,MN,6340,9733,1
4629,B,71270,LA,6339,14238,1
4630,B,93454,CA,6339,12413,1
4631,B,06002,CT,6338,9544,1
4632,B,72002,AR,6334,8071,1
4633,B,76033,TX,6333,10962,1
4634,B,30116,GA,6333,9186,1
4635,B,19006,PA,6327,8691,1
4636,B,40517,KY,6326,18306,1
4637,B,21801,MD,6326,12140,1
4638,B,23693,VA,6326,9155,1
4639,B,01056,MA,6326,8984,1
4640,B,44023,OH,6324,7679,1
4641,B,28607,NC,6323,16726,1
4642,B,45822,OH,6323,9868,1
4643,B,11776,NY,6323,8707,1
4644,B,91950,CA,6322,19049,1
4645,B,30324,GA,6322,18232,1
4646,B,75010,TX,6322,13798,1
4647,B,91741,CA,6322,9267,1
4648,B,55906,MN,6322,8798,1
4649,B,90016,CA,6320,19529,1
4650,B,34224,FL,6316,11333,1
4651,B,93704,CA,6315,12165,1
4652,B,47240,IN,6314,9565,1
4653,B,94530,CA,6313,11404,1
4654,B,45177,OH,6313,9870,1
4655,B,39350,MS,6312,9774,1
4656,B,60008,IL,6312,9282,1
4657,B,75110,TX,6311,11980,1
4658,B,38024,TN,6311,11561,1
4659,B,46970,IN,6311,10177,1
4660,B,43616,OH,6310,8901,1
4661,B,34695,FL,6310,8025,1
4662,B,39426,MS,6310,7720,1
4663,B,10566,NY,6308,11752,1
4664,B,07093,NJ,6307,27451,1
4665,B,60178,IL,6307,9151,1
4666,B,53185,WI,6306,8211,1
4667,B,22201,VA,6305,21787,1
4668,B,60473,IL,6305,7969,1
4669,B,02149,MA,6304,18541,1
4670,B,19422,PA,6303,8179,1
4671,B,48082,MI,6301,7461,1
4672,B,53223,WI,6300,13436,1
4673,B,11421,NY,6300,12776,1
4674,B,95131,CA,6297,10270,1
4675,B,61081,IL,6297,9753,1
4676,B,46733,IN,6297,8307,1
4677,B,22102,VA,6294,14274,1
4678,B,97338,OR,6289,9109,1
4679,B,95210,CA,6288,12623,1
4680,B,49017,MI,6286,9701,1
4681,B,44278,OH,6286,7800,1
4682,B,48083,MI,6285,10437,1
4683,B,48104,MI,6284,19173,1
4684,B,15216,PA,6284,11194,1
4685,B,80121,CO,6284,7501,1
4686,B,49519,MI,6281,11693,1
4687,B,55127,MN,6281,7825,1
4688,B,32118,FL,6280,16390,1
4689,B,75051,TX,6280,14139,1
4690,B,98199,WA,6278,10737,1
4691,B,41501,KY,6276,11343,1
4692,B,19018,PA,6276,10201,1
4693,B,29340,SC,6275,9889,1
4694,B,75771,TX,6275,9241,1
4695,B,54455,WI,6275,8058,1
4696,B,77447,TX,6274,7903,1
4697,B,98028,WA,6273,9362,1
4698,B,07950,NJ,6273,8460,1
4699,B,99224,WA,6272,10559,1
4700,B,20879,MD,6270,9008,1
4701,B,98332,WA,6270,7897,1
4702,B,19348,PA,6268,9222,1
4703,B,49319,MI,6266,7150,1
4704,B,92394,CA,6265,10217,1
4705,B,06037,CT,6264,7894,1
4706,B,96814,HI,6263,15346,0
4707,B,75218,TX,6263,10443,1
4708,B,80206,CO,6259,15580,1
4709,B,75409,TX,6259,8558,1
4710,B,30677,GA,6259,7797,1
4711,B,55803,MN,6256,8690,1
4712,B,60607,IL,6254,16540,1
4713,B,68107,NE,6252,10253,1
4714,B,22802,VA,6250,11957,1
4715,B,53403,WI,6250,11876,1
4716,B,46528,IN,6250,8495,1
4717,B,98204,WA,6247,18914,1
4718,B,85303,AZ,6247,10423,1
4719,B,15106,PA,6247,10039,1
4720,B,84737,UT,6246,9320,1
4721,B,02818,RI,6243,8623,1
4722,B,66801,KS,6242,13008,1
4723,B,66030,KS,6240,9319,1
4724,B,74074,OK,6239,14328,1
4725,B,54911,WI,6239,11171,1
4726,B,98422,WA,6238,8321,1
4727,B,10801,NY,6237,16912,1
4728,B,47803,IN,6237,9516,1
4729,B,93023,CA,6237,9310,1
4730,B,60803,IL,6236,9563,1
4731,B,99623,AK,6236,9084,1
4732,B,46222,IN,6234,15782,1
4733,B,65201,MO,6233,21239,1
4734,B,39601,MS,6232,10689,1
4735,B,06443,CT,6230,8020,1
4736,B,95128,CA,6229,15193,1
4737,B,28334,NC,6229,10339,1
4738,B,85262,AZ,6228,8552,1
4739,B,33138,FL,6227,14310,1
4740,B,44052,OH,6227,13673,1
4741,B,84032,UT,6227,9929,1
4742,B,99403,WA,6227,9192,1
4743,B,28036,NC,6227,8339,1
4744,B,02906,RI,6226,13468,1
4745,B,28209,NC,6226,13410,1
4746,B,13088,NY,6226,11242,1
4747,B,90723,CA,6225,14585,1
4748,B,32536,FL,6225,9379,1
4749,B,46356,IN,6224,7290,1
4750,B,55343,MN,6223,14111,1
4751,B,80231,CO,6221,18252,1
4752,B,80910,CO,6220,13940,1
4753,B,08002,NJ,6220,9967,1
4754,B,94947,CA,6220,9426,1
4755,B,33983,FL,6220,9114,1
4756,B,49684,MI,6219,10959,1
4757,B,94086,CA,6218,21264,1
4758,B,39465,MS,6218,8854,1
4759,B,53211,WI,6215,16346,1
4760,B,85253,AZ,6215,8815,1
4761,B,59106,MT,6215,8164,1
4762,B,31093,GA,6214,13275,1
4763,B,07901,NJ,6212,9477,1
4764,B,28630,NC,6211,9220,1
4765,B,28379,NC,6210,11540,1
4766,B,28139,NC,6210,8953,1
4767,B,02359,MA,6210,7173,1
4768,B,77340,TX,6209,15230,1
4769,B,77034,TX,6209,14188,1
4770,B,47712,IN,6209,10795,1
4771,B,47265,IN,6209,8862,1
4772,B,92604,CA,6208,10405,1
4773,B,11216,NY,6207,28825,1
4774,B,84105,UT,6205,10953,1
4775,B,97317,OR,6205,9024,1
4776,B,46580,IN,6205,8873,1
4777,B,80033,CO,6203,13257,1
4778,B,33432,FL,6202,14405,1
4779,B,93705,CA,6202,13408,1
4780,B,97225,OR,6202,12219,1
4781,B,67203,KS,6201,14851,1
4782,B,45431,OH,6201,12888,1
4783,B,98230,WA,6201,9395,1
4784,B,32751,FL,6200,10730,1
4785,B,29860,SC,6200,7887,1
4786,B,53149,WI,6200,7585,1
4787,B,44022,OH,6200,7228,1
4788,B,33777,FL,6197,8375,1
4789,B,32060,FL,6195,9233,1
4790,B,83647,ID,6193,9695,1
4791,B,67601,KS,6191,11168,1
4792,B,04072,ME,6190,9619,1
4793,B,02745,MA,6187,10649,1
4794,B,60659,IL,6186,14748,1
4795,B,78758,TX,6184,25745,1
4796,B,07011,NJ,6184,14198,1
4797,B,30017,GA,6184,8097,1
4798,B,84604,UT,6181,13285,1
4799,B,55116,MN,6181,12818,1
4800,B,61244,IL,6181,10135,1
4801,B,73010,OK,6180,7770,1
4802,B,19607,PA,6179,10177,1
4803,B,80904,CO,6178,11578,1
4804,B,36092,AL,6178,9272,1
4805,B,77087,TX,6174,12400,1
4806,B,80007,CO,6174,6600,1
4807,B,32819,FL,6172,14689,1
4808,B,91724,CA,6169,9372,1
4809,B,77318,TX,6169,8654,1
4810,B,64064,MO,6169,7870,1
4811,B,21076,MD,6168,9553,1
4812,B,72501,AR,6167,11246,1
4813,B,15801,PA,6167,10083,1
4814,B,48813,MI,6167,8174,1
4815,B,14468,NY,6167,7245,1
4816,B,37938,TN,6167,7208,1
4817,B,75455,TX,6166,10272,1
4818,B,77053,TX,6166,9716,1
4819,B,37821,TN,6163,10897,1
4820,B,94118,CA,6162,19052,1
4821,B,04210,ME,6162,11113,1
4822,B,60087,IL,6162,10047,1
4823,B,17019,PA,6162,7706,1
4824,B,70438,LA,6159,9421,1
4825,B,23222,VA,6158,11762,1
4826,B,70582,LA,6157,9122,1
4827,B,90606,CA,6157,8982,1
4828,B,47250,IN,6156,10534,1
4829,B,77045,TX,6154,10802,1
4830,B,08077,NJ,6153,7497,1
4831,B,48854,MI,6151,7853,1
4832,B,02909,RI,6150,18602,1
4833,B,30088,GA,6150,11627,1
4834,B,21213,MD,6149,14549,1
4835,B,31404,GA,6149,14427,1
4836,B,60559,IL,6148,11105,1
4837,B,47720,IN,6145,7285,1
4838,B,22655,VA,6143,8591,1
4839,B,46241,IN,6142,12414,1
4840,B,18201,PA,6140,13318,1
4841,B,46221,IN,6140,11120,1
4842,B,02910,RI,6140,9319,1
4843,B,64850,MO,6138,10004,1
4844,B,53218,WI,6135,15971,1
4845,B,48624,MI,6134,11073,1
4846,B,98178,WA,6134,10018,1
4847,B,99705,AK,6134,9091,1
4848,B,18067,PA,6130,8678,1
4849,B,77092,TX,6128,16158,1
4850,B,73132,OK,6127,12592,1
4851,B,08034,NJ,6127,8108,1
4852,B,30141,GA,6124,9151,1
4853,B,76801,TX,6123,12145,1
4854,B,01606,MA,6122,9427,1
4855,B,28712,NC,6120,10714,1
4856,B,53089,WI,6116,7856,1
4857,B,38555,TN,6114,10104,1
4858,B,95602,CA,6114,8132,1
4859,B,10567,NY,6114,7086,1
4860,B,89408,NV,6113,9039,1
4861,B,81507,CO,6113,7256,1
4862,B,77099,TX,6112,17860,1
4863,B,77059,TX,6110,6668,1
4864,B,60805,IL,6109,7707,1
4865,B,36207,AL,6108,9260,1
4866,B,77004,TX,6107,18321,1
4867,B,94127,CA,6106,7895,1
4868,B,77414,TX,6104,12254,1
4869,B,68154,NE,6104,10846,1
4870,B,45251,OH,6103,8592,1
4871,B,34691,FL,6102,12265,1
4872,B,33860,FL,6102,9649,1
4873,B,32408,FL,6101,17018,1
4874,B,63131,MO,6101,6674,1
4875,B,31602,GA,6100,15201,1
4876,B,60649,IL,6099,28249,1
4877,B,33407,FL,6098,15147,1
4878,B,85901,AZ,6098,12437,1
4879,B,95818,CA,6097,11301,1
4880,B,78724,TX,6096,9696,1
4881,B,91007,CA,6095,12772,1
4882,B,33755,FL,6095,11872,1
4883,B,10552,NY,6093,10143,1
4884,B,37069,TN,6093,7200,1
4885,B,98373,WA,6090,11113,1
4886,B,61111,IL,6090,10248,1
4887,B,89027,NV,6090,9972,1
4888,B,11701,NY,6090,9544,1
4889,B,83202,ID,6090,8866,1
4890,B,33708,FL,6088,13211,1
4891,B,76010,TX,6086,20508,1
4892,B,27870,NC,6085,11578,1
4893,B,77016,TX,6085,11131,1
4894,B,78222,TX,6085,9668,1
4895,B,70124,LA,6085,8919,1
4896,B,43920,OH,6083,10266,1
4897,B,28075,NC,6082,6840,1
4898,B,55420,MN,6081,9638,1
4899,B,98107,WA,6079,16538,1
4900,B,60513,IL,6078,8025,1
4901,B,52803,IA,6077,10427,1
4902,B,98032,WA,6076,15639,1
4903,B,33898,FL,6076,10080,1
4904,B,97055,OR,6076,7931,1
4905,B,59801,MT,6075,15814,1
4906,B,93458,CA,6075,14433,1
4907,B,34233,FL,6074,9427,1
4908,B,35802,AL,6073,12359,1
4909,B,98126,WA,6072,10824,1
4910,B,87506,NM,6071,8475,1
4911,B,84721,UT,6070,9638,1
4912,B,14052,NY,6070,7603,1
4913,B,15217,PA,6069,12582,1
4914,B,15205,PA,6069,12241,1
4915,B,35080,AL,6069,7081,1
4916,B,31021,GA,6067,12517,1
4917,B,07307,NJ,6066,18762,1
4918,B,29418,SC,6066,12334,1
4919,B,98686,WA,6066,8348,1
4920,B,03867,NH,6064,10458,1
4921,B,92311,CA,6063,13707,1
4922,B,85215,AZ,6063,9146,1
4923,B,30310,GA,6061,14033,1
4924,B,27537,NC,6060,10764,1
4925,B,44128,OH,6059,14184,1
4926,B,48386,MI,6057,7680,1
4927,B,07735,NJ,6056,8411,1
4928,B,32905,FL,6055,12635,1
4929,B,63141,MO,6055,9381,1
4930,B,30233,GA,6054,9191,1
4931,B,83702,ID,6050,12771,1
4932,B,07054,NJ,6050,12497,1
4933,B,55746,MN,6049,8999,1
4934,B,29671,SC,6049,8371,1
4935,B,91605,CA,6048,17206,1
4936,B,15206,PA,6048,17004,1
4937,B,06067,CT,6048,9300,1
4938,B,55066,MN,6047,8707,1
4939,B,76039,TX,6043,17862,1
4940,B,64836,MO,6042,10241,1
4941,B,12078,NY,6041,11668,1
4942,B,30507,GA,6041,9496,1
4943,B,78703,TX,6040,12237,1
4944,B,55057,MN,6039,8494,1
4945,B,76117,TX,6038,12793,1
4946,B,76134,TX,6038,10514,1
4947,B,98166,WA,6038,9766,1
4948,B,53597,WI,6038,8323,1
4949,B,18603,PA,6037,9235,1
4950,B,88030,NM,6036,10812,1
4951,B,34951,FL,6036,8305,1
4952,B,72903,AR,6034,12079,1
4953,B,54902,WI,6034,10800,1
4954,B,92139,CA,6034,10610,1
4955,B,75252,TX,6033,14592,1
4956,B,35055,AL,6030,10664,1
4957,B,55437,MN,6030,9059,1
4958,B,78211,TX,6029,10516,1
4959,B,30577,GA,6028,10067,1
4960,B,33323,FL,6026,9356,1
4961,B,92532,CA,6026,8476,1
4962,B,08876,NJ,6025,9717,1
4963,B,59808,MT,6024,9938,1
4964,B,36870,AL,6024,7951,1
4965,B,18040,PA,6024,6945,1
4966,B,47404,IN,6020,12101,1
4967,B,28732,NC,6018,8181,1
4968,B,91384,CA,6018,7254,1
4969,B,20187,VA,6018,6886,1
4970,B,77014,TX,6016,13166,1
4971,B,48864,MI,6016,9903,1
4972,B,43078,OH,6016,8904,1
4973,B,96161,CA,6014,18558,1
4974,B,66209,KS,6013,8683,1
4975,B,10990,NY,6013,8394,1
4976,B,85284,AZ,6013,7589,1
4977,B,44647,OH,6012,8187,1
4978,B,46012,IN,6009,9659,1
4979,B,37914,TN,6008,9861,1
4980,B,22124,VA,6008,7049,1
4981,B,08210,NJ,6007,8374,1
4982,B,75082,TX,6006,13194,1
4983,B,77803,TX,6006,10586,1
4984,B,33142,FL,6003,22275,1
4985,B,62298,IL,6003,7562,1
4986,B,99515,AK,6002,8137,1
4987,B,45417,OH,6001,14987,1
4988,B,20876,MD,6001,9079,1
4989,B,93940,CA,6000,15451,1
4990,B,78727,TX,6000,14863,1
4991,B,75206,TX,5997,25844,1
4992,B,01830,MA,5996,11159,1
4993,B,78747,TX,5996,8860,1
4994,B,53716,WI,5996,8668,1
4995,B,01602,MA,5995,10483,1
4996,B,30605,GA,5994,18387,1
4997,B,57078,SD,5994,9172,1
4998,B,62711,IL,5994,7885,1
4999,B,98105,WA,5993,20582,1
5000,B,01749,MA,5992,8560,1
5001,C,22150,VA,5991,9695,1
5002,C,41015,KY,5991,9135,1
5003,C,10461,NY,5990,20418,1
5004,C,64093,MO,5989,11708,1
5005,C,01832,MA,5989,10735,1
5006,C,55075,MN,5989,8460,1
5007,C,22963,VA,5989,7107,1
5008,C,45701,OH,5988,13230,1
5009,C,43311,OH,5988,9497,1
5010,C,99212,WA,5988,9496,1
5011,C,53022,WI,5988,8229,1
5012,C,32504,FL,5984,10436,1
5013,C,17552,PA,5984,8684,1
5014,C,06513,CT,5983,17006,1
5015,C,76208,TX,5983,9440,1
5016,C,67114,KS,5983,9382,1
5017,C,90241,CA,5978,15100,1
5018,C,54022,WI,5978,9033,1
5019,C,37917,TN,5976,14216,1
5020,C,22902,VA,5976,12134,1
5021,C,43623,OH,5976,10056,1
5022,C,94589,CA,5976,9826,1
5023,C,79119,TX,5974,9839,1
5024,C,94043,CA,5973,14756,1
5025,C,45440,OH,5973,10055,1
5026,C,02081,MA,5971,7663,1
5027,C,48504,MI,5969,12464,1
5028,C,25414,WV,5968,8263,1
5029,C,33563,FL,5966,10794,1
5030,C,22043,VA,5966,10316,1
5031,C,20653,MD,5964,11696,1
5032,C,33525,FL,5964,8700,1
5033,C,46218,IN,5963,15343,1
5034,C,11542,NY,5963,11374,1
5035,C,06825,CT,5961,7875,1
5036,C,56201,MN,5960,10441,1
5037,C,31605,GA,5960,9642,1
5038,C,37745,TN,5960,9423,1
5039,C,44410,OH,5960,7948,1
5040,C,54303,WI,5959,13088,1
5041,C,45662,OH,5958,12955,1
5042,C,56537,MN,5958,9498,1
5043,C,08015,NJ,5958,7864,1
5044,C,90064,CA,5957,12897,1
5045,C,94002,CA,5957,11307,1
5046,C,61550,IL,5955,8053,1
5047,C,06801,CT,5955,7907,1
5048,C,97003,OR,5950,11258,1
5049,C,94610,CA,5949,17926,1
5050,C,52317,IA,5949,9125,1
5051,C,50009,IA,5949,8829,1
5052,C,20008,DC,5948,18083,1
5053,C,98444,WA,5948,13762,1
5054,C,26201,WV,5944,8663,1
5055,C,84108,UT,5944,8258,1
5056,C,42103,KY,5942,10339,1
5057,C,97601,OR,5941,10936,1
5058,C,49014,MI,5941,9314,1
5059,C,62401,IL,5941,8688,1
5060,C,01950,MA,5939,8298,1
5061,C,18015,PA,5938,12867,1
5062,C,33069,FL,5937,16052,1
5063,C,85306,AZ,5936,9587,1
5064,C,95112,CA,5935,22969,1
5065,C,07631,NJ,5935,12047,1
5066,C,28467,NC,5935,8098,1
5067,C,07730,NJ,5935,6713,1
5068,C,28212,NC,5934,17417,1
5069,C,75094,TX,5934,6716,1
5070,C,92008,CA,5933,13102,1
5071,C,77568,TX,5932,8950,1
5072,C,32804,FL,5931,10127,1
5073,C,48051,MI,5931,7255,1
5074,C,27896,NC,5930,8496,1
5075,C,53538,WI,5930,8444,1
5076,C,80247,CO,5929,15768,1
5077,C,32803,FL,5929,12225,1
5078,C,21286,MD,5929,10100,1
5079,C,48842,MI,5928,9573,1
5080,C,16046,PA,5926,7430,1
5081,C,24503,VA,5925,8755,1
5082,C,31548,GA,5922,9516,1
5083,C,33801,FL,5920,15365,1
5084,C,08085,NJ,5920,7424,1
5085,C,33469,FL,5919,8284,1
5086,C,92054,CA,5917,18113,1
5087,C,84025,UT,5917,7417,1
5088,C,95212,CA,5916,8299,1
5089,C,19008,PA,5916,7252,1
5090,C,63034,MO,5913,6574,1
5091,C,29488,SC,5912,9847,1
5092,C,72104,AR,5911,9771,1
5093,C,10605,NY,5909,8537,1
5094,C,60637,IL,5908,26717,1
5095,C,06820,CT,5908,7567,1
5096,C,23838,VA,5908,6299,1
5097,C,71292,LA,5907,10257,1
5098,C,37932,TN,5907,9141,1
5099,C,37015,TN,5905,8366,1
5100,C,68502,NE,5902,11936,1
5101,C,08550,NJ,5902,7839,1
5102,C,75160,TX,5901,8895,1
5103,C,53705,WI,5900,12796,1
5104,C,28147,NC,5900,10095,1
5105,C,34116,FL,5899,11081,1
5106,C,94402,CA,5897,10623,1
5107,C,38119,TN,5897,10521,1
5108,C,58703,ND,5895,10643,1
5109,C,78163,TX,5895,6609,1
5110,C,19963,DE,5894,10300,1
5111,C,57703,SD,5893,7476,1
5112,C,14206,NY,5892,10677,1
5113,C,01904,MA,5892,7322,1
5114,C,48304,MI,5891,7165,1
5115,C,17201,PA,5890,12749,1
5116,C,46324,IN,5888,9427,1
5117,C,44137,OH,5887,10076,1
5118,C,11581,NY,5886,7423,1
5119,C,49331,MI,5886,7208,1
5120,C,98275,WA,5885,8492,1
5121,C,32233,FL,5884,11215,1
5122,C,02809,RI,5884,9670,1
5123,C,38637,MS,5881,10829,1
5124,C,65738,MO,5878,8878,1
5125,C,27006,NC,5876,7268,1
5126,C,48072,MI,5874,7068,1
5127,C,48820,MI,5872,7002,1
5128,C,06840,CT,5870,7668,1
5129,C,11754,NY,5869,7078,1
5130,C,06468,CT,5869,6573,1
5131,C,93905,CA,5866,14534,1
5132,C,95842,CA,5865,12275,1
5133,C,92011,CA,5864,10159,1
5134,C,20784,MD,5862,10773,1
5135,C,94022,CA,5862,8151,1
5136,C,53012,WI,5862,8073,1
5137,C,40228,KY,5861,7629,1
5138,C,91325,CA,5859,13668,1
5139,C,48324,MI,5858,6637,1
5140,C,11429,NY,5856,8601,1
5141,C,28144,NC,5855,12655,1
5142,C,93035,CA,5854,12025,1
5143,C,67205,KS,5854,7467,1
5144,C,76234,TX,5852,8047,1
5145,C,80010,CO,5850,15394,1
5146,C,46545,IN,5850,13046,1
5147,C,33477,FL,5850,10986,1
5148,C,33935,FL,5850,8905,1
5149,C,95363,CA,5849,8641,1
5150,C,76574,TX,5848,8458,1
5151,C,77025,TX,5846,15752,1
5152,C,92887,CA,5846,7218,1
5153,C,74114,OK,5844,8128,1
5154,C,89503,NV,5843,13938,1
5155,C,23692,VA,5843,7799,1
5156,C,48326,MI,5842,12219,1
5157,C,48075,MI,5840,10757,1
5158,C,63801,MO,5840,10013,1
5159,C,85648,AZ,5840,7425,1
5160,C,79106,TX,5839,13385,1
5161,C,15210,PA,5839,12828,1
5162,C,31047,GA,5839,7243,1
5163,C,27592,NC,5839,7065,1
5164,C,02777,MA,5839,6780,1
5165,C,41011,KY,5836,14490,1
5166,C,98664,WA,5836,9656,1
5167,C,99016,WA,5836,8004,1
5168,C,32095,FL,5834,6997,1
5169,C,32901,FL,5831,13241,1
5170,C,60465,IL,5831,7885,1
5171,C,78645,TX,5831,7525,1
5172,C,06042,CT,5830,10915,1
5173,C,95819,CA,5830,8936,1
5174,C,39562,MS,5827,7717,1
5175,C,96821,HI,5824,7462,1
5176,C,48302,MI,5823,6960,1
5177,C,07060,NJ,5821,16154,1
5178,C,02138,MA,5821,16132,1
5179,C,60636,IL,5821,14363,1
5180,C,33141,FL,5820,21793,1
5181,C,32176,FL,5818,10329,1
5182,C,47834,IN,5818,8451,1
5183,C,85719,AZ,5817,21707,1
5184,C,93245,CA,5817,12995,1
5185,C,24179,VA,5817,8573,1
5186,C,10019,NY,5813,33279,0
5187,C,60430,IL,5812,7662,1
5188,C,29568,SC,5809,8131,1
5189,C,02871,RI,5809,8044,1
5190,C,94401,CA,5807,13798,1
5191,C,17109,PA,5807,11808,1
5192,C,66106,KS,5807,9226,1
5193,C,27288,NC,5806,11127,1
5194,C,11501,NY,5805,9174,1
5195,C,02190,MA,5802,8601,1
5196,C,94578,CA,5798,14819,1
5197,C,60450,IL,5798,9306,1
5198,C,27263,NC,5798,8938,1
5199,C,91423,CA,5797,16678,1
5200,C,53172,WI,5797,9150,1
5201,C,32548,FL,5794,14040,1
5202,C,03801,NH,5793,11448,1
5203,C,46953,IN,5793,10095,1
5204,C,94585,CA,5793,9849,1
5205,C,39305,MS,5793,9547,1
5206,C,25427,WV,5793,7193,1
5207,C,06032,CT,5792,8539,1
5208,C,55305,MN,5790,10463,1
5209,C,34984,FL,5790,7254,1
5210,C,22041,VA,5789,11567,1
5211,C,29706,SC,5789,8850,1
5212,C,49002,MI,5788,8975,1
5213,C,84098,UT,5787,9854,1
5214,C,85658,AZ,5787,7752,1
5215,C,97078,OR,5784,9292,1
5216,C,97015,OR,5783,9420,1
5217,C,63121,MO,5780,12745,1
5218,C,19473,PA,5780,6801,1
5219,C,33460,FL,5779,14769,1
5220,C,93001,CA,5776,14705,1
5221,C,33712,FL,5776,13055,1
5222,C,94109,CA,5775,39043,0
5223,C,19804,DE,5773,8075,1
5224,C,07746,NJ,5772,6115,1
5225,C,20010,DC,5770,15917,1
5226,C,80110,CO,5770,10804,1
5227,C,46619,IN,5769,8823,1
5228,C,55429,MN,5768,10529,1
5229,C,32311,FL,5768,10166,1
5230,C,19465,PA,5768,7490,1
5231,C,44641,OH,5765,8412,1
5232,C,61073,IL,5763,7397,1
5233,C,25705,WV,5761,9909,1
5234,C,80487,CO,5760,13231,1
5235,C,80528,CO,5759,8986,1
5236,C,28312,NC,5758,8706,1
5237,C,75041,TX,5757,10378,1
5238,C,57110,SD,5757,9178,1
5239,C,55346,MN,5757,6804,1
5240,C,49048,MI,5754,10440,1
5241,C,48879,MI,5754,7521,1
5242,C,15017,PA,5753,8388,1
5243,C,55350,MN,5753,8276,1
5244,C,78729,TX,5752,15717,1
5245,C,13039,NY,5750,7241,1
5246,C,45502,OH,5750,7073,1
5247,C,70380,LA,5749,9739,1
5248,C,46224,IN,5748,16912,1
5249,C,23606,VA,5748,13186,1
5250,C,90210,CA,5748,9714,1
5251,C,93726,CA,5747,15744,1
5252,C,35661,AL,5747,8911,1
5253,C,19103,PA,5746,20064,1
5254,C,94107,CA,5746,18798,1
5255,C,16148,PA,5742,8182,1
5256,C,63049,MO,5742,7006,1
5257,C,33013,FL,5741,9544,1
5258,C,29205,SC,5739,12792,1
5259,C,92301,CA,5739,10069,1
5260,C,04092,ME,5739,9404,1
5261,C,07834,NJ,5737,7122,1
5262,C,91505,CA,5733,14258,1
5263,C,39702,MS,5733,9704,1
5264,C,10075,NY,5732,16415,0
5265,C,25701,WV,5732,12388,1
5266,C,68106,NE,5732,10935,1
5267,C,31204,GA,5728,15578,1
5268,C,10509,NY,5727,7839,1
5269,C,76310,TX,5726,8450,1
5270,C,19040,PA,5725,8277,1
5271,C,28328,NC,5724,10846,1
5272,C,40353,KY,5724,9876,1
5273,C,53548,WI,5724,8894,1
5274,C,16117,PA,5724,7995,1
5275,C,30307,GA,5722,10308,1
5276,C,01721,MA,5721,7995,1
5277,C,20705,MD,5719,9181,1
5278,C,37763,TN,5719,7659,1
5279,C,77505,TX,5718,8817,1
5280,C,07461,NJ,5718,7972,1
5281,C,20783,MD,5717,14389,1
5282,C,43725,OH,5717,9667,1
5283,C,21050,MD,5717,6507,1
5284,C,03102,NH,5716,15264,1
5285,C,60490,IL,5716,6523,1
5286,C,34470,FL,5715,10121,1
5287,C,03842,NH,5714,9978,1
5288,C,98901,WA,5713,12201,1
5289,C,95405,CA,5713,9664,1
5290,C,98506,WA,5713,9041,1
5291,C,23224,VA,5711,18201,1
5292,C,48125,MI,5711,8791,1
5293,C,61938,IL,5710,10299,1
5294,C,75020,TX,5709,10802,1
5295,C,19142,PA,5708,12943,1
5296,C,45224,OH,5707,9886,1
5297,C,01776,MA,5707,6446,1
5298,C,93612,CA,5706,14362,1
5299,C,11563,NY,5705,8088,1
5300,C,33981,FL,5704,7808,1
5301,C,02649,MA,5703,10522,1
5302,C,87501,NM,5703,10480,1
5303,C,28659,NC,5702,9647,1
5304,C,43138,OH,5702,8457,1
5305,C,40222,KY,5701,10953,1
5306,C,36507,AL,5701,8615,1
5307,C,60194,IL,5701,8325,1
5308,C,32541,FL,5700,16390,1
5309,C,60419,IL,5700,9006,1
5310,C,92843,CA,5698,12051,1
5311,C,82007,WY,5696,9542,1
5312,C,35674,AL,5696,8945,1
5313,C,31601,GA,5694,14345,1
5314,C,78411,TX,5694,10497,1
5315,C,92551,CA,5693,8574,1
5316,C,72206,AR,5692,10080,1
5317,C,86426,AZ,5692,7709,1
5318,C,22508,VA,5689,6420,1
5319,C,79765,TX,5686,9709,1
5320,C,41102,KY,5686,8780,1
5321,C,78332,TX,5683,10747,1
5322,C,33549,FL,5683,7586,1
5323,C,90810,CA,5682,10294,1
5324,C,77035,TX,5680,15662,1
5325,C,78363,TX,5679,12919,1
5326,C,29420,SC,5679,9537,1
5327,C,93105,CA,5678,11401,1
5328,C,02720,MA,5675,14940,1
5329,C,13905,NY,5675,13774,1
5330,C,93444,CA,5674,8406,1
5331,C,64082,MO,5674,6735,1
5332,C,90019,CA,5673,26203,1
5333,C,36804,AL,5673,8515,1
5334,C,55438,MN,5671,7509,1
5335,C,94601,CA,5670,17454,1
5336,C,61364,IL,5670,9251,1
5337,C,75159,TX,5669,7192,1
5338,C,07733,NJ,5669,6318,1
5339,C,11418,NY,5668,12072,1
5340,C,62249,IL,5667,7317,1
5341,C,91011,CA,5667,7059,1
5342,C,43140,OH,5666,8419,1
5343,C,92081,CA,5665,11075,1
5344,C,37217,TN,5664,14168,1
5345,C,35020,AL,5663,12327,1
5346,C,54017,WI,5663,7807,1
5347,C,02747,MA,5662,7339,1
5348,C,66223,KS,5661,10626,1
5349,C,02790,MA,5661,7523,1
5350,C,20877,MD,5660,13599,1
5351,C,63084,MO,5660,8511,1
5352,C,01748,MA,5660,6907,1
5353,C,35406,AL,5659,8291,1
5354,C,72211,AR,5657,12009,1
5355,C,11224,NY,5654,21354,1
5356,C,44089,OH,5654,8012,1
5357,C,29169,SC,5652,11087,1
5358,C,74701,OK,5650,11059,1
5359,C,06451,CT,5650,11004,1
5360,C,12144,NY,5649,10474,1
5361,C,92029,CA,5649,7976,1
5362,C,64030,MO,5648,11869,1
5363,C,32308,FL,5648,11838,1
5364,C,29369,SC,5648,6453,1
5365,C,30315,GA,5646,15458,1
5366,C,44053,OH,5644,9529,1
5367,C,70117,LA,5643,15821,1
5368,C,11423,NY,5643,10307,1
5369,C,79015,TX,5643,9311,1
5370,C,47111,IN,5643,7011,1
5371,C,76706,TX,5641,16600,1
5372,C,50125,IA,5641,8039,1
5373,C,11217,NY,5640,21590,0
5374,C,06804,CT,5640,7063,1
5375,C,22039,VA,5640,5856,1
5376,C,94306,CA,5637,11853,1
5377,C,63401,MO,5637,9700,1
5378,C,90022,CA,5636,17845,1
5379,C,28327,NC,5635,7874,1
5380,C,77043,TX,5633,11197,1
5381,C,91763,CA,5633,10557,1
5382,C,15425,PA,5633,8603,1
5383,C,34747,FL,5632,22016,1
5384,C,15666,PA,5632,7730,1
5385,C,78242,TX,5630,11326,1
5386,C,66604,KS,5628,10820,1
5387,C,35010,AL,5628,10648,1
5388,C,30179,GA,5628,7064,1
5389,C,77802,TX,5627,12189,1
5390,C,56501,MN,5627,10271,1
5391,C,35040,AL,5627,7576,1
5392,C,97070,OR,5626,11275,1
5393,C,38133,TN,5626,8336,1
5394,C,56073,MN,5626,7629,1
5395,C,08618,NJ,5625,15284,1
5396,C,90255,CA,5624,19265,1
5397,C,19342,PA,5624,8183,1
5398,C,14830,NY,5622,9324,1
5399,C,62035,IL,5621,7145,1
5400,C,53144,WI,5620,10731,1
5401,C,95959,CA,5619,8840,1
5402,C,77302,TX,5619,7040,1
5403,C,19525,PA,5619,6227,1
5404,C,98405,WA,5618,11645,1
5405,C,92082,CA,5618,6973,1
5406,C,32931,FL,5617,10763,1
5407,C,51104,IA,5616,9119,1
5408,C,32701,FL,5614,12085,1
5409,C,77384,TX,5614,11658,1
5410,C,33174,FL,5614,11474,1
5411,C,93060,CA,5614,10935,1
5412,C,97439,OR,5614,9056,1
5413,C,53024,WI,5613,8598,1
5414,C,76266,TX,5612,7211,1
5415,C,11369,NY,5611,13893,1
5416,C,64029,MO,5611,8185,1
5417,C,80513,CO,5609,6563,1
5418,C,07071,NJ,5608,9839,1
5419,C,95776,CA,5607,8410,1
5420,C,31794,GA,5606,11748,1
5421,C,15057,PA,5606,6833,1
5422,C,46011,IN,5605,7304,1
5423,C,83858,ID,5601,7660,1
5424,C,43611,OH,5600,8854,1
5425,C,83864,ID,5599,9909,1
5426,C,38139,TN,5598,5895,1
5427,C,66605,KS,5597,8655,1
5428,C,02067,MA,5597,6660,1
5429,C,85757,AZ,5596,6894,1
5430,C,49010,MI,5594,7222,1
5431,C,92410,CA,5593,14325,1
5432,C,29307,SC,5593,8946,1
5433,C,17044,PA,5591,10167,1
5434,C,22546,VA,5589,7086,1
5435,C,30009,GA,5588,9168,1
5436,C,34685,FL,5588,7924,1
5437,C,48323,MI,5584,6516,1
5438,C,33409,FL,5582,13715,1
5439,C,18707,PA,5582,6554,1
5440,C,95618,CA,5581,10898,1
5441,C,53121,WI,5581,8397,1
5442,C,63025,MO,5580,6726,1
5443,C,45895,OH,5579,7963,1
5444,C,34240,FL,5578,7570,1
5445,C,37321,TN,5577,8947,1
5446,C,80465,CO,5577,6505,1
5447,C,44140,OH,5576,6311,1
5448,C,60644,IL,5575,20619,1
5449,C,33125,FL,5574,22496,1
5450,C,55431,MN,5574,8483,1
5451,C,14559,NY,5574,7412,1
5452,C,36066,AL,5573,9201,1
5453,C,01075,MA,5573,7597,1
5454,C,17070,PA,5573,7487,1
5455,C,77705,TX,5572,12203,1
5456,C,16505,PA,5572,8407,1
5457,C,07042,NJ,5570,11682,1
5458,C,55398,MN,5570,6292,1
5459,C,92860,CA,5569,7073,1
5460,C,05403,VT,5568,9565,1
5461,C,62801,IL,5567,9044,1
5462,C,33566,FL,5567,8224,1
5463,C,90039,CA,5564,13332,1
5464,C,25404,WV,5563,9973,1
5465,C,94040,CA,5561,16963,1
5466,C,77033,TX,5559,10228,1
5467,C,99338,WA,5557,6909,1
5468,C,10530,NY,5555,6795,1
5469,C,71457,LA,5554,12086,1
5470,C,98274,WA,5554,7868,1
5471,C,79107,TX,5552,12346,1
5472,C,54751,WI,5552,10517,1
5473,C,80534,CO,5552,7137,1
5474,C,50208,IA,5549,8919,1
5475,C,16365,PA,5549,8861,1
5476,C,12477,NY,5547,9483,1
5477,C,44126,OH,5547,8099,1
5478,C,20782,MD,5546,13312,1
5479,C,89156,NV,5544,10413,1
5480,C,30286,GA,5543,10903,1
5481,C,30720,GA,5543,10731,1
5482,C,18049,PA,5543,7659,1
5483,C,68007,NE,5543,6268,1
5484,C,10065,NY,5542,22734,0
5485,C,83843,ID,5542,12089,1
5486,C,29206,SC,5541,9460,1
5487,C,77069,TX,5541,9399,1
5488,C,11021,NY,5541,8705,1
5489,C,02766,MA,5541,6725,1
5490,C,89144,NV,5539,8684,1
5491,C,92316,CA,5538,8349,1
5492,C,20132,VA,5538,6309,1
5493,C,08108,NJ,5537,9173,1
5494,C,20895,MD,5537,7316,1
5495,C,94124,CA,5536,11780,1
5496,C,92808,CA,5536,7768,1
5497,C,32669,FL,5536,7054,1
5498,C,91737,CA,5534,8159,1
5499,C,66102,KS,5533,11481,1
5500,C,71118,LA,5532,10078,1
5501,C,52245,IA,5531,10210,1
5502,C,74804,OK,5531,8860,1
5503,C,33872,FL,5531,7882,1
5504,C,91340,CA,5530,9011,1
5505,C,11411,NY,5530,6775,1
5506,C,23226,VA,5527,7827,1
5507,C,43160,OH,5525,10012,1
5508,C,91390,CA,5525,6673,1
5509,C,33406,FL,5524,9426,1
5510,C,46323,IN,5524,8955,1
5511,C,30107,GA,5524,6536,1
5512,C,01841,MA,5523,17546,1
5513,C,86403,AZ,5522,11604,1
5514,C,21108,MD,5518,6526,1
5515,C,28714,NC,5517,9719,1
5516,C,78732,TX,5516,7748,1
5517,C,37412,TN,5511,10305,1
5518,C,44144,OH,5509,9994,1
5519,C,33778,FL,5509,8130,1
5520,C,29078,SC,5509,6796,1
5521,C,33401,FL,5508,19051,1
5522,C,16002,PA,5506,6573,1
5523,C,67501,KS,5504,11075,1
5524,C,08879,NJ,5504,9737,1
5525,C,32960,FL,5501,11590,1
5526,C,07928,NJ,5501,6837,1
5527,C,19968,DE,5500,7380,1
5528,C,46808,IN,5499,9298,1
5529,C,25314,WV,5499,7328,1
5530,C,20151,VA,5499,6966,1
5531,C,14216,NY,5496,12773,1
5532,C,60654,IL,5493,17960,0
5533,C,43452,OH,5490,10859,1
5534,C,28034,NC,5490,8085,1
5535,C,12304,NY,5489,9438,1
5536,C,43606,OH,5487,11700,1
5537,C,30125,GA,5487,9562,1
5538,C,98520,WA,5487,9333,1
5539,C,31005,GA,5486,7514,1
5540,C,22306,VA,5484,11514,1
5541,C,31721,GA,5484,8508,1
5542,C,98264,WA,5483,8395,1
5543,C,19121,PA,5482,19673,1
5544,C,75205,TX,5482,10577,1
5545,C,46774,IN,5482,7287,1
5546,C,41076,KY,5481,7729,1
5547,C,53147,WI,5480,11455,1
5548,C,06062,CT,5480,8558,1
5549,C,17025,PA,5479,7661,1
5550,C,47303,IN,5477,11567,1
5551,C,46805,IN,5477,10742,1
5552,C,28805,NC,5477,10737,1
5553,C,11362,NY,5477,7634,1
5554,C,36542,AL,5476,18551,1
5555,C,62223,IL,5476,7804,1
5556,C,83338,ID,5476,7606,1
5557,C,46013,IN,5474,9062,1
5558,C,93534,CA,5472,16343,1
5559,C,21216,MD,5472,15613,1
5560,C,11417,NY,5472,9855,1
5561,C,68510,NE,5471,9871,1
5562,C,14228,NY,5470,10601,1
5563,C,75134,TX,5470,7003,1
5564,C,78702,TX,5469,14573,1
5565,C,06340,CT,5469,14441,1
5566,C,47112,IN,5469,7390,1
5567,C,98055,WA,5468,9994,1
5568,C,85031,AZ,5468,8816,1
5569,C,37127,TN,5468,7710,1
5570,C,36832,AL,5466,14136,1
5571,C,01501,MA,5465,7040,1
5572,C,22025,VA,5465,6444,1
5573,C,07067,NJ,5465,6243,1
5574,C,90068,CA,5464,14662,1
5575,C,22911,VA,5463,8254,1
5576,C,55362,MN,5462,7589,1
5577,C,71446,LA,5461,10812,1
5578,C,87015,NM,5461,6593,1
5579,C,80113,CO,5459,11447,1
5580,C,38242,TN,5459,9390,1
5581,C,46992,IN,5459,7654,1
5582,C,30011,GA,5458,7039,1
5583,C,10705,NY,5453,15620,1
5584,C,89120,NV,5453,9861,1
5585,C,70447,LA,5451,6020,1
5586,C,48458,MI,5450,9136,1
5587,C,89403,NV,5449,6906,1
5588,C,26505,WV,5448,19220,1
5589,C,10303,NY,5448,9580,1
5590,C,55804,MN,5448,6720,1
5591,C,06897,CT,5448,6474,1
5592,C,07740,NJ,5447,15208,1
5593,C,20770,MD,5446,12736,1
5594,C,98408,WA,5444,8418,1
5595,C,77401,TX,5444,6699,1
5596,C,98119,WA,5443,15323,1
5597,C,29360,SC,5443,9521,1
5598,C,95126,CA,5441,16936,1
5599,C,90720,CA,5441,8675,1
5600,C,35757,AL,5439,7177,1
5601,C,48451,MI,5438,6005,1
5602,C,90025,CA,5437,24965,1
5603,C,22066,VA,5437,5852,1
5604,C,29492,SC,5435,10069,1
5605,C,26104,WV,5434,8351,1
5606,C,19707,DE,5434,6610,1
5607,C,66441,KS,5433,12670,1
5608,C,29053,SC,5430,8787,1
5609,C,13413,NY,5430,7537,1
5610,C,13031,NY,5430,7414,1
5611,C,44820,OH,5429,7982,1
5612,C,33565,FL,5428,6926,1
5613,C,20190,VA,5426,12180,1
5614,C,91042,CA,5426,10815,1
5615,C,85266,AZ,5426,6454,1
5616,C,92123,CA,5425,13108,1
5617,C,33609,FL,5425,9169,1
5618,C,91775,CA,5425,8905,1
5619,C,07405,NJ,5425,6990,1
5620,C,05641,VT,5424,8053,1
5621,C,90002,CA,5423,13808,1
5622,C,49004,MI,5423,7663,1
5623,C,57501,SD,5422,7851,1
5624,C,40206,KY,5421,11637,1
5625,C,46952,IN,5421,8832,1
5626,C,33714,FL,5420,9889,1
5627,C,27408,NC,5420,8043,1
5628,C,90024,CA,5417,20304,1
5629,C,07306,NJ,5416,24770,1
5630,C,44446,OH,5416,10476,1
5631,C,11030,NY,5414,6531,1
5632,C,29406,SC,5413,14542,1
5633,C,19007,PA,5411,9675,1
5634,C,99217,WA,5410,8166,1
5635,C,43056,OH,5410,7154,1
5636,C,01007,MA,5409,6569,1
5637,C,77071,TX,5408,11396,1
5638,C,53575,WI,5408,7036,1
5639,C,49093,MI,5406,8512,1
5640,C,57104,SD,5403,13952,1
5641,C,48130,MI,5403,6316,1
5642,C,40744,KY,5402,8159,1
5643,C,02726,MA,5398,6719,1
5644,C,84720,UT,5397,8984,1
5645,C,55391,MN,5397,7445,1
5646,C,32653,FL,5397,6746,1
5647,C,49431,MI,5396,9959,1
5648,C,02459,MA,5395,6828,1
5649,C,21901,MD,5394,7952,1
5650,C,33480,FL,5393,12438,0
5651,C,12831,NY,5393,7228,1
5652,C,22312,VA,5392,11191,1
5653,C,53216,WI,5391,13556,1
5654,C,72205,AR,5390,12187,1
5655,C,28326,NC,5390,9277,1
5656,C,73003,OK,5389,9760,1
5657,C,19015,PA,5389,7160,1
5658,C,85015,AZ,5388,17889,1
5659,C,76543,TX,5388,15300,1
5660,C,32444,FL,5388,8632,1
5661,C,92083,CA,5387,11901,1
5662,C,46319,IN,5387,7904,1
5663,C,60164,IL,5387,7513,1
5664,C,60466,IL,5384,9103,1
5665,C,91010,CA,5384,8900,1
5666,C,82609,WY,5383,9184,1
5667,C,79065,TX,5383,9114,1
5668,C,21085,MD,5383,7073,1
5669,C,02332,MA,5383,6341,1
5670,C,37377,TN,5382,6726,1
5671,C,85014,AZ,5380,14778,1
5672,C,28779,NC,5379,9551,1
5673,C,38829,MS,5379,7916,1
5674,C,11553,NY,5379,7365,1
5675,C,27518,NC,5378,9211,1
5676,C,37862,TN,5377,13676,1
5677,C,05701,VT,5377,10528,1
5678,C,19027,PA,5377,8550,1
5679,C,34420,FL,5375,8555,1
5680,C,48059,MI,5375,7324,1
5681,C,32968,FL,5374,6630,1
5682,C,78212,TX,5373,13399,1
5683,C,98942,WA,5373,7629,1
5684,C,06705,CT,5371,12222,1
5685,C,48855,MI,5370,6294,1
5686,C,06854,CT,5368,12246,1
5687,C,36360,AL,5368,9052,1
5688,C,75180,TX,5367,9238,1
5689,C,17821,PA,5366,8335,1
5690,C,87701,NM,5364,9699,1
5691,C,45344,OH,5364,7174,1
5692,C,46703,IN,5363,9755,1
5693,C,07481,NJ,5363,6278,1
5694,C,90744,CA,5362,15536,1
5695,C,54476,WI,5362,8574,1
5696,C,78566,TX,5362,8275,1
5697,C,64063,MO,5360,9104,1
5698,C,50702,IA,5356,9722,1
5699,C,14564,NY,5356,7021,1
5700,C,75454,TX,5356,6289,1
5701,C,37311,TN,5355,12942,1
5702,C,85040,AZ,5355,11962,1
5703,C,72761,AR,5355,9101,1
5704,C,48230,MI,5355,7369,1
5705,C,02878,RI,5354,7747,1
5706,C,60521,IL,5354,6528,1
5707,C,60192,IL,5354,6090,1
5708,C,30093,GA,5352,20303,1
5709,C,33704,FL,5352,9037,1
5710,C,75142,TX,5352,7699,1
5711,C,98321,WA,5351,6319,1
5712,C,01027,MA,5350,9221,1
5713,C,18302,PA,5350,8089,1
5714,C,73025,OK,5350,5633,1
5715,C,36701,AL,5349,10390,1
5716,C,55430,MN,5348,8098,1
5717,C,20613,MD,5348,5684,1
5718,C,91792,CA,5347,9673,1
5719,C,94608,CA,5344,17956,1
5720,C,93662,CA,5344,9810,1
5721,C,91361,CA,5344,8320,1
5722,C,34234,FL,5342,10257,1
5723,C,52002,IA,5342,7535,1
5724,C,29115,SC,5341,14058,1
5725,C,50211,IA,5341,6469,1
5726,C,90018,CA,5340,17917,1
5727,C,55371,MN,5340,6838,1
5728,C,08361,NJ,5339,6760,1
5729,C,28504,NC,5338,9355,1
5730,C,29341,SC,5338,8241,1
5731,C,42633,KY,5337,9280,1
5732,C,93560,CA,5337,7458,1
5733,C,49770,MI,5335,10244,1
5734,C,48209,MI,5334,11020,1
5735,C,24333,VA,5334,9029,1
5736,C,08691,NJ,5333,7322,1
5737,C,63126,MO,5333,6529,1
5738,C,01106,MA,5333,6091,1
5739,C,27262,NC,5332,10246,1
5740,C,78654,TX,5331,9764,1
5741,C,75090,TX,5331,9602,1
5742,C,49091,MI,5331,8732,1
5743,C,92116,CA,5330,17827,1
5744,C,44830,OH,5328,8231,1
5745,C,53110,WI,5327,8866,1
5746,C,15668,PA,5327,5893,1
5747,C,43206,OH,5324,12758,1
5748,C,90680,CA,5324,10866,1
5749,C,06830,CT,5323,11065,1
5750,C,29410,SC,5322,8501,1
5751,C,76058,TX,5322,7851,1
5752,C,02806,RI,5322,6341,1
5753,C,73069,OK,5321,12719,1
5754,C,36571,AL,5321,7755,1
5755,C,91746,CA,5321,7315,1
5756,C,82414,WY,5320,8337,1
5757,C,02453,MA,5319,13163,1
5758,C,45208,OH,5317,8928,1
5759,C,06385,CT,5317,7407,1
5760,C,74134,OK,5316,9068,1
5761,C,02719,MA,5316,7777,1
5762,C,02865,RI,5316,7079,1
5763,C,87532,NM,5314,8946,1
5764,C,18938,PA,5314,6369,1
5765,C,95116,CA,5313,13987,1
5766,C,29405,SC,5313,13058,1
5767,C,40351,KY,5312,9497,1
5768,C,32836,FL,5310,10571,1
5769,C,52241,IA,5309,10294,1
5770,C,80124,CO,5309,10167,1
5771,C,30707,GA,5309,6957,1
5772,C,60417,IL,5308,6356,1
5773,C,99216,WA,5307,12703,1
5774,C,66203,KS,5307,8419,1
5775,C,33440,FL,5307,8230,1
5776,C,45245,OH,5305,8897,1
5777,C,20745,MD,5304,13124,1
5778,C,15147,PA,5304,8593,1
5779,C,11226,NY,5303,42618,1
5780,C,48205,MI,5302,17102,1
5781,C,29302,SC,5302,8169,1
5782,C,27525,NC,5302,7071,1
5783,C,12019,NY,5302,6911,1
5784,C,13219,NY,5302,6551,1
5785,C,66762,KS,5301,11523,1
5786,C,92841,CA,5301,9813,1
5787,C,43064,OH,5301,6450,1
5788,C,85017,AZ,5300,12743,1
5789,C,95348,CA,5300,12173,1
5790,C,29657,SC,5300,6744,1
5791,C,98372,WA,5299,10701,1
5792,C,12054,NY,5299,7221,1
5793,C,70126,LA,5297,12686,1
5794,C,64060,MO,5297,6641,1
5795,C,78255,TX,5297,6568,1
5796,C,95205,CA,5295,11722,1
5797,C,33523,FL,5295,8132,1
5798,C,16201,PA,5295,8010,1
5799,C,80521,CO,5293,15121,1
5800,C,77019,TX,5293,14387,1
5801,C,77656,TX,5293,7822,1
5802,C,54143,WI,5293,7526,1
5803,C,45243,OH,5293,6160,1
5804,C,76114,TX,5292,10648,1
5805,C,10471,NY,5292,9453,1
5806,C,28791,NC,5292,7268,1
5807,C,90034,CA,5291,29262,1
5808,C,02840,RI,5291,13515,1
5809,C,07010,NJ,5291,11223,1
5810,C,27803,NC,5291,10079,1
5811,C,50036,IA,5291,7416,1
5812,C,28539,NC,5290,8091,1
5813,C,35071,AL,5289,7054,1
5814,C,30656,GA,5285,6266,1
5815,C,37748,TN,5284,8208,1
5816,C,99353,WA,5284,6592,1
5817,C,46517,IN,5283,9915,1
5818,C,11427,NY,5281,8435,1
5819,C,81521,CO,5281,6531,1
5820,C,36265,AL,5278,9582,1
5821,C,35235,AL,5278,8944,1
5822,C,71303,LA,5276,10388,1
5823,C,32413,FL,5274,16334,1
5824,C,37725,TN,5273,8606,1
5825,C,50313,IA,5273,7674,1
5826,C,60542,IL,5273,7328,1
5827,C,64506,MO,5272,9820,1
5828,C,45638,OH,5272,9039,1
5829,C,07087,NJ,5271,27442,1
5830,C,94559,CA,5271,11599,1
5831,C,57301,SD,5271,9148,1
5832,C,63118,MO,5268,14770,1
5833,C,30517,GA,5267,6775,1
5834,C,78676,TX,5265,7487,1
5835,C,33613,FL,5264,17686,1
5836,C,02446,MA,5263,15298,1
5837,C,70806,LA,5263,14972,1
5838,C,36203,AL,5263,8032,1
5839,C,43227,OH,5260,10874,1
5840,C,10538,NY,5260,7017,1
5841,C,71105,LA,5256,11139,1
5842,C,19001,PA,5256,6643,1
5843,C,31705,GA,5254,12829,1
5844,C,34105,FL,5254,11654,1
5845,C,91504,CA,5254,10629,1
5846,C,48025,MI,5253,5866,1
5847,C,19013,PA,5252,15664,1
5848,C,92806,CA,5252,13144,1
5849,C,16701,PA,5250,7544,1
5850,C,06351,CT,5250,6864,1
5851,C,20816,MD,5250,6779,1
5852,C,36869,AL,5249,10372,1
5853,C,23005,VA,5248,7639,1
5854,C,86327,AZ,5248,6544,1
5855,C,91740,CA,5246,8314,1
5856,C,77017,TX,5244,11281,1
5857,C,24017,VA,5244,11263,1
5858,C,54166,WI,5244,8884,1
5859,C,34241,FL,5242,6719,1
5860,C,50325,IA,5241,7455,1
5861,C,60084,IL,5241,6811,1
5862,C,76109,TX,5240,11573,1
5863,C,39301,MS,5240,11047,1
5864,C,70507,LA,5239,8133,1
5865,C,06716,CT,5239,6337,1
5866,C,07026,NJ,5237,12234,1
5867,C,28043,NC,5235,9356,1
5868,C,74136,OK,5234,16375,1
5869,C,13903,NY,5234,8620,1
5870,C,14456,NY,5233,9087,1
5871,C,33189,FL,5233,8901,1
5872,C,72209,AR,5232,13863,1
5873,C,24151,VA,5232,8668,1
5874,C,02035,MA,5232,7414,1
5875,C,27021,NC,5231,7926,1
5876,C,74112,OK,5230,10524,1
5877,C,36527,AL,5230,7621,1
5878,C,08859,NJ,5229,9067,1
5879,C,37188,TN,5229,6815,1
5880,C,80303,CO,5228,12583,1
5881,C,03431,NH,5227,11168,1
5882,C,78252,TX,5227,5943,0
5883,C,93710,CA,5226,12581,1
5884,C,44622,OH,5226,8228,1
5885,C,13820,NY,5225,10083,1
5886,C,79904,TX,5224,13571,1
5887,C,07508,NJ,5223,8608,1
5888,C,07480,NJ,5223,6239,1
5889,C,55411,MN,5222,10967,1
5890,C,62220,IL,5222,8784,1
5891,C,94564,CA,5222,7285,1
5892,C,12110,NY,5221,8269,1
5893,C,37663,TN,5221,6679,1
5894,C,92706,CA,5220,10473,1
5895,C,90041,CA,5220,10425,1
5896,C,13104,NY,5219,6575,1
5897,C,76247,TX,5218,6610,1
5898,C,64052,MO,5215,10570,1
5899,C,33773,FL,5215,8353,1
5900,C,60403,IL,5215,7884,1
5901,C,23120,VA,5215,5435,1
5902,C,95133,CA,5213,9378,1
5903,C,72058,AR,5213,7143,1
5904,C,95531,CA,5212,8708,1
5905,C,19046,PA,5212,8418,1
5906,C,28574,NC,5212,8055,1
5907,C,29532,SC,5211,9641,1
5908,C,91606,CA,5210,16563,1
5909,C,89030,NV,5209,16632,1
5910,C,03087,NH,5208,5753,1
5911,C,32169,FL,5206,12339,1
5912,C,30345,GA,5206,10987,1
5913,C,04038,ME,5206,6527,1
5914,C,21074,MD,5206,6158,1
5915,C,11231,NY,5203,18265,1
5916,C,60653,IL,5202,18279,1
5917,C,02370,MA,5201,7046,1
5918,C,37912,TN,5200,10916,1
5919,C,46268,IN,5198,11904,1
5920,C,29627,SC,5197,7330,1
5921,C,10467,NY,5195,40582,1
5922,C,04005,ME,5195,11001,1
5923,C,18504,PA,5195,10017,1
5924,C,89706,NV,5191,9107,1
5925,C,07506,NJ,5190,8033,1
5926,C,08062,NJ,5190,5796,1
5927,C,29379,SC,5189,9010,1
5928,C,24572,VA,5189,7415,1
5929,C,90249,CA,5188,9292,1
5930,C,96749,HI,5188,7545,1
5931,C,53227,WI,5186,11519,1
5932,C,30504,GA,5186,10162,1
5933,C,26501,WV,5186,9541,1
5934,C,28716,NC,5186,8590,1
5935,C,19054,PA,5186,6630,1
5936,C,36693,AL,5185,8833,1
5937,C,54656,WI,5185,7630,1
5938,C,49037,MI,5184,9971,1
5939,C,29070,SC,5181,7733,1
5940,C,85546,AZ,5180,7831,1
5941,C,35120,AL,5180,6570,1
5942,C,77477,TX,5179,13888,1
5943,C,92831,CA,5179,13691,1
5944,C,97058,OR,5179,8797,1
5945,C,92124,CA,5178,12004,1
5946,C,07104,NJ,5176,21762,1
5947,C,22603,VA,5174,7380,1
5948,C,32428,FL,5173,7475,1
5949,C,72713,AR,5171,10752,1
5950,C,15120,PA,5171,9514,1
5951,C,31503,GA,5171,9009,1
5952,C,30728,GA,5171,8225,1
5953,C,91403,CA,5170,13095,1
5954,C,93618,CA,5168,9040,1
5955,C,56377,MN,5165,8239,1
5956,C,32401,FL,5164,10239,1
5957,C,22205,VA,5164,6875,1
5958,C,02421,MA,5162,6913,1
5959,C,07304,NJ,5160,21211,1
5960,C,75219,TX,5160,19190,1
5961,C,49783,MI,5160,9388,1
5962,C,01440,MA,5159,9600,1
5963,C,34239,FL,5159,8044,1
5964,C,08505,NJ,5159,7792,1
5965,C,12118,NY,5158,8079,1
5966,C,35213,AL,5158,6841,1
5967,C,48827,MI,5158,6656,1
5968,C,79413,TX,5157,9590,1
5969,C,01913,MA,5157,7827,1
5970,C,76106,TX,5156,11543,1
5971,C,63050,MO,5155,7089,1
5972,C,85650,AZ,5155,6639,1
5973,C,90710,CA,5154,9861,1
5974,C,96732,HI,5154,8728,1
5975,C,68005,NE,5152,9778,1
5976,C,29907,SC,5149,6217,1
5977,C,49829,MI,5147,8729,1
5978,C,39520,MS,5147,8593,1
5979,C,85139,AZ,5147,7197,1
5980,C,11733,NY,5147,6547,1
5981,C,28704,NC,5144,11514,1
5982,C,41071,KY,5144,10883,1
5983,C,61802,IL,5144,10066,1
5984,C,44709,OH,5142,9218,1
5985,C,80237,CO,5141,12620,1
5986,C,27886,NC,5141,8916,1
5987,C,15012,PA,5141,7604,1
5988,C,02139,MA,5140,16930,1
5989,C,19518,PA,5140,6274,1
5990,C,84601,UT,5139,11673,1
5991,C,97424,OR,5139,7920,1
5992,C,33327,FL,5138,6600,1
5993,C,08638,NJ,5137,10148,1
5994,C,46814,IN,5136,5848,1
5995,C,65251,MO,5135,8260,1
5996,C,48223,MI,5133,11264,1
5997,C,10591,NY,5133,10566,1
5998,C,95367,CA,5133,7579,1
5999,C,19010,PA,5131,8520,1
6000,C,57006,SD,5130,10773,1
6001,C,33431,FL,5130,9005,1
6002,C,44017,OH,5129,7359,1
6003,C,18036,PA,5129,6099,1
6004,C,11433,NY,5127,11849,1
6005,C,19061,PA,5127,8381,1
6006,C,77905,TX,5127,6854,1
6007,C,81501,CO,5126,11524,1
6008,C,15009,PA,5126,7137,1
6009,C,33498,FL,5126,5840,1
6010,C,48362,MI,5125,6428,1
6011,C,71201,LA,5124,10352,1
6012,C,06461,CT,5122,6093,1
6013,C,18102,PA,5121,18788,1
6014,C,44241,OH,5121,7756,1
6015,C,32903,FL,5119,7469,1
6016,C,75212,TX,5118,9250,1
6017,C,30312,GA,5117,15787,1
6018,C,78102,TX,5115,8865,1
6019,C,93654,CA,5114,9505,1
6020,C,92231,CA,5113,11799,1
6021,C,67226,KS,5113,9256,1
6022,C,16125,PA,5113,8070,1
6023,C,06704,CT,5112,12987,1
6024,C,72118,AR,5112,10823,1
6025,C,90201,CA,5111,24989,1
6026,C,36605,AL,5111,12195,1
6027,C,34235,FL,5110,8187,1
6028,C,53158,WI,5110,7181,1
6029,C,80603,CO,5109,5842,1
6030,C,98043,WA,5107,9493,1
6031,C,15228,PA,5104,7776,1
6032,C,77979,TX,5101,7797,1
6033,C,91401,CA,5099,15785,1
6034,C,25403,WV,5096,6477,1
6035,C,38104,TN,5095,14315,1
6036,C,30122,GA,5095,11679,1
6037,C,33478,FL,5095,5771,1
6038,C,44305,OH,5094,10230,1
6039,C,98409,WA,5091,12136,1
6040,C,46040,IN,5091,5923,1
6041,C,32433,FL,5089,8059,1
6042,C,48240,MI,5089,7328,1
6043,C,29334,SC,5088,7424,1
6044,C,37771,TN,5087,7573,1
6045,C,92107,CA,5086,14658,1
6046,C,39157,MS,5083,11690,1
6047,C,11946,NY,5083,9098,1
6048,C,46208,IN,5082,11619,1
6049,C,55720,MN,5082,7687,1
6050,C,30643,GA,5080,8647,1
6051,C,70518,LA,5080,6724,1
6052,C,71220,LA,5079,9425,1
6053,C,89445,NV,5079,7533,1
6054,C,90069,CA,5078,15160,1
6055,C,10310,NY,5078,9909,1
6056,C,34222,FL,5078,7931,1
6057,C,08028,NJ,5076,9006,1
6058,C,27344,NC,5076,8086,1
6059,C,66210,KS,5075,9700,1
6060,C,94945,CA,5075,7355,1
6061,C,35016,AL,5073,7372,1
6062,C,79603,TX,5072,9960,1
6063,C,46303,IN,5072,6922,1
6064,C,49068,MI,5072,6901,1
6065,C,90603,CA,5072,6659,1
6066,C,78644,TX,5071,7660,1
6067,C,01520,MA,5071,5946,1
6068,C,74801,OK,5070,9749,1
6069,C,97215,OR,5070,7855,1
6070,C,32809,FL,5069,10674,1
6071,C,65706,MO,5069,7070,1
6072,C,32011,FL,5069,6298,1
6073,C,21774,MD,5068,5503,1
6074,C,33603,FL,5067,9592,1
6075,C,27576,NC,5067,7911,1
6076,C,01851,MA,5066,11759,1
6077,C,91324,CA,5065,11408,1
6078,C,30642,GA,5065,8299,1
6079,C,67218,KS,5064,11483,1
6080,C,27514,NC,5064,11470,1
6081,C,61103,IL,5062,11271,1
6082,C,30106,GA,5061,9576,1
6083,C,84054,UT,5060,7658,1
6084,C,75146,TX,5059,9575,1
6085,C,43812,OH,5059,8741,1
6086,C,28164,NC,5059,6387,1
6087,C,01028,MA,5059,6051,1
6088,C,94579,CA,5057,6916,1
6089,C,94030,CA,5055,8566,1
6090,C,67207,KS,5054,12755,1
6091,C,18337,PA,5053,7615,1
6092,C,10014,NY,5052,21835,0
6093,C,80222,CO,5051,11625,1
6094,C,50323,IA,5050,5965,1
6095,C,37354,TN,5049,7370,1
6096,C,55364,MN,5049,6740,1
6097,C,30308,GA,5047,16007,1
6098,C,75156,TX,5046,8969,1
6099,C,19057,PA,5046,6452,1
6100,C,48838,MI,5045,7461,1
6101,C,92663,CA,5043,12348,1
6102,C,15025,PA,5043,7885,1
6103,C,27317,NC,5043,7276,1
6104,C,24210,VA,5042,8110,1
6105,C,48374,MI,5042,5840,1
6106,C,33187,FL,5042,5825,1
6107,C,90063,CA,5041,14046,1
6108,C,22206,VA,5041,11851,1
6109,C,76710,TX,5039,12391,1
6110,C,98383,WA,5039,9660,1
6111,C,88061,NM,5039,9049,1
6112,C,02445,MA,5038,10016,1
6113,C,77038,TX,5038,9134,1
6114,C,95358,CA,5037,8751,1
6115,C,07205,NJ,5037,7550,1
6116,C,90240,CA,5035,8014,1
6117,C,83204,ID,5034,8238,1
6118,C,02128,MA,5033,19124,1
6119,C,01702,MA,5033,15303,1
6120,C,48393,MI,5033,9847,1
6121,C,15116,PA,5033,6042,1
6122,C,06415,CT,5032,7019,1
6123,C,98136,WA,5031,8295,1
6124,C,91803,CA,5030,10439,1
6125,C,91945,CA,5030,9715,1
6126,C,32217,FL,5030,9632,1
6127,C,94519,CA,5030,7427,1
6128,C,15243,PA,5030,6035,1
6129,C,80215,CO,5029,9156,1
6130,C,32505,FL,5027,12278,1
6131,C,33166,FL,5027,10838,1
6132,C,46637,IN,5027,8396,1
6133,C,19090,PA,5027,8141,1
6134,C,97060,OR,5027,7823,1
6135,C,54981,WI,5025,8253,1
6136,C,84103,UT,5023,13528,1
6137,C,83617,ID,5022,6981,1
6138,C,45432,OH,5021,6715,1
6139,C,07017,NJ,5020,16770,1
6140,C,22601,VA,5020,13159,1
6141,C,77076,TX,5020,10650,1
6142,C,37398,TN,5020,7772,1
6143,C,55008,MN,5019,6851,1
6144,C,76040,TX,5018,12912,1
6145,C,99669,AK,5018,8221,1
6146,C,91405,CA,5017,19822,1
6147,C,38118,TN,5017,16317,1
6148,C,44092,OH,5017,8258,1
6149,C,31216,GA,5017,6439,1
6150,C,50312,IA,5016,8285,1
6151,C,68847,NE,5016,7751,1
6152,C,75474,TX,5015,7115,1
6153,C,77380,TX,5014,16232,1
6154,C,91040,CA,5013,8237,1
6155,C,73119,OK,5011,12008,1
6156,C,48334,MI,5011,8528,1
6157,C,89433,NV,5010,7531,1
6158,C,54241,WI,5009,7013,1
6159,C,11205,NY,5007,19200,0
6160,C,97214,OR,5007,15948,1
6161,C,76009,TX,5007,7648,1
6162,C,49080,MI,5007,6582,1
6163,C,80018,CO,5006,5919,1
6164,C,19462,PA,5005,6658,1
6165,C,48301,MI,5004,6131,1
6166,C,83703,ID,5003,7971,1
6167,C,31029,GA,5002,7006,1
6168,C,36618,AL,5001,7313,1
6169,C,19802,DE,5000,11596,1
6170,C,16105,PA,4999,7249,1
6171,C,53532,WI,4999,6375,1
6172,C,23805,VA,4998,9272,1
6173,C,32317,FL,4998,5817,1
6174,C,02476,MA,4996,8058,1
6175,C,18612,PA,4996,6713,1
6176,C,07059,NJ,4996,5924,1
6177,C,10804,NY,4996,5327,1
6178,C,07107,NJ,4995,16084,1
6179,C,77006,TX,4994,16654,1
6180,C,18013,PA,4993,7401,1
6181,C,19425,PA,4993,5672,1
6182,C,77086,TX,4992,9315,1
6183,C,02914,RI,4991,10082,1
6184,C,21704,MD,4989,6230,1
6185,C,48846,MI,4987,7597,1
6186,C,01108,MA,4986,11332,1
6187,C,70128,LA,4986,8609,1
6188,C,17512,PA,4986,8255,1
6189,C,80302,CO,4984,13556,1
6190,C,32951,FL,4984,7720,1
6191,C,94597,CA,4983,11262,1
6192,C,34210,FL,4979,11870,1
6193,C,38672,MS,4978,5999,1
6194,C,75103,TX,4977,6967,1
6195,C,02771,MA,4977,6324,1
6196,C,20017,DC,4976,9252,1
6197,C,44706,OH,4976,8003,1
6198,C,97415,OR,4976,7621,1
6199,C,80107,CO,4976,5387,1
6200,C,24014,VA,4975,8508,1
6201,C,39560,MS,4974,8429,1
6202,C,20905,MD,4974,5866,1
6203,C,47960,IN,4973,9757,1
6204,C,02905,RI,4972,10361,1
6205,C,38571,TN,4972,6469,1
6206,C,11961,NY,4972,6142,1
6207,C,08401,NJ,4971,20116,1
6208,C,94117,CA,4969,19709,1
6209,C,23220,VA,4968,16561,1
6210,C,94520,CA,4968,13661,1
6211,C,06905,CT,4966,8726,1
6212,C,77808,TX,4966,5850,1
6213,C,45320,OH,4965,7069,1
6214,C,60546,IL,4965,6913,1
6215,C,27504,NC,4964,7140,1
6216,C,01001,MA,4964,7033,1
6217,C,44425,OH,4963,6614,1
6218,C,38372,TN,4959,8696,1
6219,C,94132,CA,4955,11913,1
6220,C,37090,TN,4955,7665,1
6221,C,73135,OK,4954,9696,1
6222,C,29388,SC,4954,7466,1
6223,C,40071,KY,4954,6264,1
6224,C,48532,MI,4953,9093,1
6225,C,19508,PA,4950,6357,1
6226,C,46163,IN,4950,5476,1
6227,C,45237,OH,4948,10976,1
6228,C,92371,CA,4948,6683,1
6229,C,33140,FL,4947,16000,1
6230,C,37642,TN,4947,6989,1
6231,C,46064,IN,4947,6158,1
6232,C,80214,CO,4946,13298,1
6233,C,53143,WI,4944,9118,1
6234,C,27574,NC,4942,6474,1
6235,C,80125,CO,4942,5377,1
6236,C,75253,TX,4941,7374,1
6237,C,34669,FL,4941,6747,1
6238,C,93907,CA,4940,7659,1
6239,C,42164,KY,4939,7683,1
6240,C,15220,PA,4938,9785,1
6241,C,05446,VT,4937,7679,1
6242,C,02019,MA,4937,6555,1
6243,C,45449,OH,4936,8859,1
6244,C,36541,AL,4936,6432,1
6245,C,88210,NM,4935,7851,1
6246,C,04073,ME,4934,7772,1
6247,C,38930,MS,4931,10608,1
6248,C,59802,MT,4930,10416,1
6249,C,19428,PA,4928,10032,1
6250,C,35773,AL,4924,5813,1
6251,C,46228,IN,4922,6242,1
6252,C,93901,CA,4919,11328,1
6253,C,27523,NC,4919,7730,1
6254,C,33805,FL,4917,11908,1
6255,C,32222,FL,4917,7385,1
6256,C,47129,IN,4916,9382,1
6257,C,32615,FL,4916,6908,1
6258,C,15202,PA,4915,10555,1
6259,C,90291,CA,4914,16709,1
6260,C,01013,MA,4914,10309,1
6261,C,52003,IA,4914,5855,1
6262,C,73701,OK,4912,10924,1
6263,C,22302,VA,4912,9660,1
6264,C,29108,SC,4912,9096,1
6265,C,91768,CA,4912,8848,1
6266,C,60463,IL,4912,5501,1
6267,C,34432,FL,4911,6899,1
6268,C,84097,UT,4910,7237,1
6269,C,01864,MA,4910,5920,1
6270,C,33168,FL,4909,6761,1
6271,C,33144,FL,4907,9665,1
6272,C,01746,MA,4907,5774,1
6273,C,40962,KY,4906,7385,1
6274,C,43605,OH,4905,11985,1
6275,C,84115,UT,4903,13899,1
6276,C,60447,IL,4903,5429,1
6277,C,94603,CA,4901,11199,1
6278,C,74135,OK,4901,10855,1
6279,C,94505,CA,4900,6136,1
6280,C,24701,WV,4899,9419,1
6281,C,18969,PA,4899,6324,1
6282,C,77042,TX,4898,21252,1
6283,C,48340,MI,4897,12154,1
6284,C,20018,DC,4896,9753,1
6285,C,05301,VT,4896,8487,1
6286,C,01742,MA,4896,6659,1
6287,C,84014,UT,4896,5894,1
6288,C,01581,MA,4895,8407,1
6289,C,44321,OH,4895,6597,1
6290,C,68845,NE,4894,9057,1
6291,C,32607,FL,4892,16465,1
6292,C,76207,TX,4891,7657,1
6293,C,30071,GA,4890,9644,1
6294,C,48503,MI,4888,11823,1
6295,C,80224,CO,4887,9200,1
6296,C,34996,FL,4886,8684,1
6297,C,73507,OK,4885,10504,1
6298,C,27358,NC,4885,5699,1
6299,C,50014,IA,4883,14860,1
6300,C,43528,OH,4882,6946,1
6301,C,21217,MD,4881,20064,1
6302,C,97801,OR,4881,9033,1
6303,C,90265,CA,4881,8642,1
6304,C,01532,MA,4881,5913,1
6305,C,38141,TN,4880,8306,1
6306,C,60104,IL,4879,6492,1
6307,C,48462,MI,4879,5214,1
6308,C,33412,FL,4878,6614,1
6309,C,14760,NY,4876,8917,1
6310,C,38478,TN,4876,8772,1
6311,C,98499,WA,4875,14683,1
6312,C,33305,FL,4873,8285,1
6313,C,34610,FL,4872,6447,1
6314,C,48335,MI,4871,11964,1
6315,C,53115,WI,4871,8848,1
6316,C,37411,TN,4870,8807,1
6317,C,34117,FL,4870,5796,1
6318,C,20015,DC,4869,6727,1
6319,C,46214,IN,4867,11228,1
6320,C,56345,MN,4867,6761,1
6321,C,75460,TX,4865,11210,1
6322,C,44906,OH,4863,8613,1
6323,C,08840,NJ,4863,6552,1
6324,C,37179,TN,4858,5755,1
6325,C,35950,AL,4857,7762,1
6326,C,46113,IN,4857,6390,1
6327,C,45227,OH,4856,9425,1
6328,C,53226,WI,4856,8912,1
6329,C,29153,SC,4856,7083,1
6330,C,76014,TX,4854,11274,1
6331,C,34994,FL,4854,10086,1
6332,C,95620,CA,4854,8179,1
6333,C,01095,MA,4853,5678,1
6334,C,75672,TX,4852,7215,1
6335,C,36609,AL,4851,12701,1
6336,C,33405,FL,4851,9557,1
6337,C,95391,CA,4851,7005,1
6338,C,43219,OH,4850,13210,1
6339,C,98108,WA,4850,9096,1
6340,C,97470,OR,4850,8872,1
6341,C,94596,CA,4848,11242,1
6342,C,91902,CA,4848,6277,1
6343,C,72315,AR,4847,10081,1
6344,C,41101,KY,4847,9269,1
6345,C,46259,IN,4847,5108,1
6346,C,94801,CA,4845,11012,1
6347,C,94618,CA,4845,7873,1
6348,C,49660,MI,4845,7744,1
6349,C,44654,OH,4844,6848,1
6350,C,37772,TN,4844,6186,1
6351,C,32114,FL,4843,17118,1
6352,C,12508,NY,4843,8798,1
6353,C,48238,MI,4842,16341,1
6354,C,02125,MA,4841,14999,1
6355,C,35473,AL,4841,8601,1
6356,C,16648,PA,4841,6849,1
6357,C,28557,NC,4839,9168,1
6358,C,81503,CO,4838,6567,1
6359,C,32839,FL,4837,24325,1
6360,C,79110,TX,4837,7760,1
6361,C,35976,AL,4837,7472,1
6362,C,15904,PA,4836,7243,1
6363,C,02420,MA,4836,5759,1
6364,C,30241,GA,4835,10433,1
6365,C,30461,GA,4835,7328,1
6366,C,12534,NY,4833,9613,1
6367,C,47167,IN,4833,6547,1
6368,C,11780,NY,4833,5907,1
6369,C,31768,GA,4832,9820,1
6370,C,14218,NY,4832,9478,1
6371,C,70764,LA,4831,7419,1
6372,C,98045,WA,4831,5871,1
6373,C,67235,KS,4831,5311,1
6374,C,31523,GA,4829,5773,1
6375,C,34103,FL,4827,10443,1
6376,C,37341,TN,4827,6034,1
6377,C,71006,LA,4827,6032,1
6378,C,36022,AL,4827,5960,1
6379,C,55374,MN,4826,5496,1
6380,C,33010,FL,4825,16456,1
6381,C,31792,GA,4825,10875,1
6382,C,84104,UT,4825,8452,1
6383,C,89005,NV,4825,7437,1
6384,C,59803,MT,4825,6813,1
6385,C,97739,OR,4822,6929,1
6386,C,27370,NC,4821,6007,1
6387,C,77039,TX,4818,8692,1
6388,C,87113,NM,4818,7155,1
6389,C,77474,TX,4818,6665,1
6390,C,46806,IN,4817,10282,1
6391,C,55102,MN,4816,11582,1
6392,C,29906,SC,4816,11028,1
6393,C,23324,VA,4816,9834,1
6394,C,32976,FL,4816,6950,1
6395,C,85349,AZ,4814,6907,0
6396,C,74344,OK,4811,8523,1
6397,C,75137,TX,4811,7198,1
6398,C,73521,OK,4810,9975,1
6399,C,33907,FL,4809,14125,1
6400,C,70127,LA,4809,10719,1
6401,C,03060,NH,4808,13003,1
6402,C,59937,MT,4808,8744,1
6403,C,08033,NJ,4808,6914,1
6404,C,14420,NY,4807,8245,1
6405,C,13057,NY,4807,6744,1
6406,C,91776,CA,4805,12806,1
6407,C,06615,CT,4805,7448,1
6408,C,91206,CA,4804,13767,1
6409,C,48836,MI,4803,5614,1
6410,C,78238,TX,4801,11726,1
6411,C,33635,FL,4801,8032,1
6412,C,94556,CA,4800,5830,1
6413,C,54868,WI,4799,7640,1
6414,C,07055,NJ,4798,21019,1
6415,C,39209,MS,4797,12438,1
6416,C,34714,FL,4797,11651,1
6417,C,77619,TX,4796,6885,1
6418,C,87106,NM,4795,13893,1
6419,C,71953,AR,4795,6924,1
6420,C,32025,FL,4794,9162,1
6421,C,28023,NC,4794,6490,1
6422,C,28584,NC,4793,7550,1
6423,C,31407,GA,4792,9613,1
6424,C,55441,MN,4792,8340,1
6425,C,39553,MS,4791,7470,1
6426,C,02090,MA,4791,5721,1
6427,C,28472,NC,4790,8073,1
6428,C,66207,KS,4790,6455,1
6429,C,25405,WV,4790,5917,1
6430,C,31558,GA,4789,9729,1
6431,C,94507,CA,4789,5392,1
6432,C,42134,KY,4787,8138,1
6433,C,19440,PA,4786,7635,1
6434,C,43506,OH,4786,6940,1
6435,C,34452,FL,4784,6353,1
6436,C,62629,IL,4784,6160,1
6437,C,45891,OH,4783,6679,1
6438,C,21211,MD,4782,9056,1
6439,C,13901,NY,4780,10148,1
6440,C,10952,NY,4778,11743,1
6441,C,96826,HI,4777,16564,1
6442,C,02351,MA,4777,6576,1
6443,C,31707,GA,4776,12652,1
6444,C,35967,AL,4776,7825,1
6445,C,44839,OH,4776,6786,1
6446,C,46122,IN,4776,6405,1
6447,C,90001,CA,4775,13998,1
6448,C,02532,MA,4775,7362,1
6449,C,79407,TX,4771,11817,1
6450,C,53718,WI,4770,8408,1
6451,C,72022,AR,4769,7353,1
6452,C,26330,WV,4769,6912,1
6453,C,91901,CA,4769,6593,1
6454,C,19601,PA,4768,14024,1
6455,C,49401,MI,4768,9083,1
6456,C,60160,IL,4768,8947,1
6457,C,76067,TX,4767,8660,1
6458,C,49721,MI,4763,8535,1
6459,C,38863,MS,4763,8394,1
6460,C,72714,AR,4763,5931,1
6461,C,89119,NV,4761,24756,1
6462,C,24141,VA,4761,10043,1
6463,C,40160,KY,4761,9991,1
6464,C,92582,CA,4761,5858,1
6465,C,67460,KS,4759,7097,1
6466,C,92377,CA,4758,5633,1
6467,C,70739,LA,4758,5211,1
6468,C,32606,FL,4756,11230,1
6469,C,33711,FL,4756,9522,1
6470,C,76135,TX,4756,8148,1
6471,C,49202,MI,4755,9598,1
6472,C,13662,NY,4755,7785,1
6473,C,48189,MI,4755,6196,1
6474,C,48625,MI,4754,10903,1
6475,C,54636,WI,4754,6517,1
6476,C,86001,AZ,4753,15364,1
6477,C,11968,NY,4753,10444,1
6478,C,06084,CT,4753,5375,1
6479,C,97031,OR,4752,8010,1
6480,C,35211,AL,4750,14302,1
6481,C,40361,KY,4749,8173,1
6482,C,45233,OH,4749,6001,1
6483,C,75964,TX,4748,8314,1
6484,C,06117,CT,4748,6147,1
6485,C,44833,OH,4747,8278,1
6486,C,75402,TX,4746,8024,1
6487,C,33019,FL,4745,12453,1
6488,C,67206,KS,4745,8310,1
6489,C,22401,VA,4744,12270,1
6490,C,73018,OK,4743,9509,1
6491,C,78801,TX,4742,8340,1
6492,C,43558,OH,4742,5703,1
6493,C,61520,IL,4741,7301,1
6494,C,32829,FL,4739,7432,1
6495,C,64131,MO,4738,11005,1
6496,C,24382,VA,4738,7682,1
6497,C,14622,NY,4738,6047,1
6498,C,13215,NY,4737,5925,1
6499,C,73115,OK,4735,9329,1
6500,C,40213,KY,4735,7730,1
6501,C,70043,LA,4734,8782,1
6502,C,53073,WI,4734,6591,1
6503,C,39429,MS,4733,7459,1
6504,C,46310,IN,4733,5800,1
6505,C,56003,MN,4732,6543,1
6506,C,48026,MI,4731,6778,1
6507,C,33054,FL,4730,10263,1
6508,C,01002,MA,4729,11089,1
6509,C,21030,MD,4728,11341,1
6510,C,63104,MO,4728,10958,1
6511,C,12208,NY,4727,11522,1
6512,C,75054,TX,4727,5214,0
6513,C,41048,KY,4726,5562,1
6514,C,45504,OH,4725,7100,1
6515,C,43074,OH,4724,6204,1
6516,C,77328,TX,4723,6943,1
6517,C,33444,FL,4722,10469,1
6518,C,77063,TX,4721,22625,1
6519,C,99004,WA,4719,8992,1
6520,C,60426,IL,4717,10870,1
6521,C,35901,AL,4716,9075,1
6522,C,37766,TN,4715,9721,1
6523,C,45212,OH,4713,11027,1
6524,C,38611,MS,4713,7206,1
6525,C,75169,TX,4713,6558,1
6526,C,32811,FL,4712,18487,1
6527,C,35057,AL,4711,6312,1
6528,C,06416,CT,4711,6286,1
6529,C,77020,TX,4710,10054,1
6530,C,91436,CA,4710,6288,1
6531,C,68028,NE,4710,5672,1
6532,C,20855,MD,4709,6141,1
6533,C,38572,TN,4709,6103,1
6534,C,89508,NV,4707,5308,1
6535,C,26041,WV,4706,7224,1
6536,C,63383,MO,4706,6523,1
6537,C,49286,MI,4704,6144,1
6538,C,11703,NY,4704,5665,1
6539,C,76528,TX,4701,7311,1
6540,C,55444,MN,4701,5440,1
6541,C,21047,MD,4701,4925,1
6542,C,80002,CO,4700,9960,1
6543,C,44141,OH,4698,5998,1
6544,C,06470,CT,4697,5577,1
6545,C,48210,MI,4696,10576,1
6546,C,04605,ME,4696,9188,1
6547,C,82501,WY,4696,7882,1
6548,C,34288,FL,4696,6171,1
6549,C,22151,VA,4695,5853,1
6550,C,58401,ND,4694,8751,1
6551,C,19610,PA,4694,7327,1
6552,C,41075,KY,4694,6851,1
6553,C,46055,IN,4693,5759,1
6554,C,90003,CA,4692,18349,1
6555,C,19512,PA,4692,6726,1
6556,C,84058,UT,4690,11749,1
6557,C,76209,TX,4690,11403,1
6558,C,23325,VA,4690,7860,1
6559,C,18505,PA,4689,9996,1
6560,C,15229,PA,4689,6720,1
6561,C,37617,TN,4687,6188,1
6562,C,94552,CA,4687,5079,1
6563,C,33483,FL,4686,9493,1
6564,C,07628,NJ,4686,6781,1
6565,C,60445,IL,4686,6228,1
6566,C,49001,MI,4685,9670,1
6567,C,95827,CA,4683,7922,1
6568,C,96778,HI,4681,6814,1
6569,C,92344,CA,4680,6329,1
6570,C,60503,IL,4680,5167,1
6571,C,02915,RI,4679,7746,1
6572,C,92865,CA,4679,7188,1
6573,C,31516,GA,4679,6627,1
6574,C,62236,IL,4679,5797,1
6575,C,77550,TX,4678,15811,1
6576,C,77640,TX,4678,9020,1
6577,C,29626,SC,4677,6443,1
6578,C,96022,CA,4676,6539,1
6579,C,43545,OH,4674,6351,1
6580,C,24426,VA,4673,7249,1
6581,C,98903,WA,4673,6541,1
6582,C,89441,NV,4673,5314,1
6583,C,62208,IL,4672,8148,1
6584,C,83644,ID,4672,5362,1
6585,C,06477,CT,4671,5388,1
6586,C,92587,CA,4668,6529,1
6587,C,77090,TX,4667,19076,1
6588,C,16803,PA,4667,12155,1
6589,C,66205,KS,4667,6470,1
6590,C,63135,MO,4666,9764,1
6591,C,70714,LA,4666,7278,1
6592,C,33131,FL,4665,18872,0
6593,C,76086,TX,4665,9689,1
6594,C,89102,NV,4664,16964,1
6595,C,01907,MA,4664,6666,1
6596,C,98188,WA,4663,12025,1
6597,C,59912,MT,4662,6831,1
6598,C,02129,MA,4661,9987,1
6599,C,56379,MN,4661,7356,1
6600,C,11788,NY,4661,5818,1
6601,C,43231,OH,4660,9005,1
6602,C,94089,CA,4659,9449,1
6603,C,35243,AL,4658,10027,1
6604,C,98310,WA,4658,9635,1
6605,C,32656,FL,4658,6565,1
6606,C,28352,NC,4657,9803,1
6607,C,70586,LA,4657,8626,1
6608,C,72212,AR,4656,5469,1
6609,C,95066,CA,4655,6733,1
6610,C,91733,CA,4654,11172,1
6611,C,38701,MS,4654,10640,1
6612,C,27282,NC,4654,6560,1
6613,C,32826,FL,4653,10714,1
6614,C,19604,PA,4653,10089,1
6615,C,40514,KY,4653,6566,1
6616,C,38351,TN,4652,7909,1
6617,C,92405,CA,4651,9727,1
6618,C,30340,GA,4650,11829,1
6619,C,37721,TN,4650,5844,1
6620,C,94503,CA,4648,6129,1
6621,C,71055,LA,4647,8725,1
6622,C,43021,OH,4647,5082,1
6623,C,78612,TX,4646,5981,1
6624,C,02364,MA,4643,5658,1
6625,C,15501,PA,4642,7656,1
6626,C,60304,IL,4641,6842,1
6627,C,46561,IN,4641,5580,1
6628,C,96746,HI,4640,8178,1
6629,C,55056,MN,4640,5696,1
6630,C,23505,VA,4639,13715,1
6631,C,45640,OH,4637,7064,1
6632,C,06483,CT,4637,6436,1
6633,C,95138,CA,4636,5733,1
6634,C,19943,DE,4635,5807,1
6635,C,06320,CT,4634,12528,1
6636,C,53208,WI,4632,13778,1
6637,C,68507,NE,4632,7144,1
6638,C,68128,NE,4630,8136,1
6639,C,53094,WI,4630,7387,1
6640,C,77036,TX,4629,30508,1
6641,C,37874,TN,4629,7497,1
6642,C,91506,CA,4628,8530,1
6643,C,95519,CA,4627,8240,1
6644,C,27546,NC,4626,7933,1
6645,C,97524,OR,4625,6216,1
6646,C,76308,TX,4623,9601,1
6647,C,48609,MI,4623,5494,1
6648,C,08736,NJ,4622,6155,1
6649,C,64113,MO,4622,4912,1
6650,C,44320,OH,4621,9240,1
6651,C,92277,CA,4618,13657,1
6652,C,44030,OH,4618,7211,1
6653,C,01905,MA,4617,9583,1
6654,C,17362,PA,4617,5595,1
6655,C,39206,MS,4616,11237,1
6656,C,53714,WI,4616,7975,1
6657,C,12047,NY,4615,10963,1
6658,C,97005,OR,4614,12130,1
6659,C,77510,TX,4613,5896,1
6660,C,83406,ID,4612,6837,1
6661,C,48623,MI,4612,5495,1
6662,C,78374,TX,4610,8426,1
6663,C,21550,MD,4610,8395,1
6664,C,76177,TX,4609,10140,0
6665,C,29102,SC,4609,8741,1
6666,C,72405,AR,4609,7049,1
6667,C,76031,TX,4609,6596,1
6668,C,48377,MI,4608,9961,1
6669,C,33955,FL,4608,6872,1
6670,C,07008,NJ,4607,8717,1
6671,C,31750,GA,4606,8595,1
6672,C,36305,AL,4606,7453,1
6673,C,64050,MO,4602,10338,1
6674,C,44614,OH,4602,5961,1
6675,C,60612,IL,4601,16763,1
6676,C,08110,NJ,4601,6738,1
6677,C,68127,NE,4600,10435,1
6678,C,55436,MN,4600,6449,1
6679,C,55040,MN,4599,5635,1
6680,C,74429,OK,4597,6457,1
6681,C,79072,TX,4595,10093,1
6682,C,02467,MA,4595,7293,1
6683,C,20639,MD,4595,5182,1
6684,C,48383,MI,4595,5066,1
6685,C,61920,IL,4594,9786,1
6686,C,98005,WA,4593,9420,1
6687,C,63042,MO,4591,9619,1
6688,C,03045,NH,4591,5521,1
6689,C,39571,MS,4590,6790,1
6690,C,37813,TN,4588,7492,1
6691,C,02171,MA,4587,9513,1
6692,C,91030,CA,4586,11040,1
6693,C,33037,FL,4586,10494,1
6694,C,74115,OK,4586,9583,1
6695,C,80925,CO,4584,5870,1
6696,C,44721,OH,4584,5421,1
6697,C,16504,PA,4583,7038,1
6698,C,02135,MA,4582,22519,1
6699,C,25425,WV,4582,6351,1
6700,C,20740,MD,4581,13079,1
6701,C,45419,OH,4581,7480,1
6702,C,89815,NV,4581,5448,1
6703,C,49090,MI,4580,8904,1
6704,C,10603,NY,4577,7624,1
6705,C,90802,CA,4576,25055,1
6706,C,74361,OK,4576,7437,1
6707,C,06413,CT,4576,6389,1
6708,C,55387,MN,4576,5711,1
6709,C,22553,VA,4574,5891,1
6710,C,95650,CA,4573,5234,1
6711,C,29303,SC,4570,10891,1
6712,C,03303,NH,4570,6907,1
6713,C,90502,CA,4570,6899,1
6714,C,31632,GA,4569,5932,1
6715,C,32219,FL,4569,5780,1
6716,C,27023,NC,4567,5471,1
6717,C,38120,TN,4566,6785,1
6718,C,44260,OH,4566,5429,1
6719,C,67216,KS,4563,9928,1
6720,C,63775,MO,4563,7148,1
6721,C,31820,GA,4562,5343,1
6722,C,34236,FL,4561,11661,1
6723,C,45801,OH,4560,9351,1
6724,C,75401,TX,4560,9067,1
6725,C,16508,PA,4560,7385,1
6726,C,77437,TX,4560,7322,1
6727,C,10543,NY,4558,8141,1
6728,C,33980,FL,4558,8108,1
6729,C,76088,TX,4558,5573,1
6730,C,35903,AL,4557,8338,1
6731,C,11702,NY,4557,5939,1
6732,C,13790,NY,4556,9585,1
6733,C,18444,PA,4554,5954,1
6734,C,01301,MA,4553,8761,1
6735,C,54660,WI,4553,7356,1
6736,C,97089,OR,4551,4991,1
6737,C,78611,TX,4550,7417,1
6738,C,75707,TX,4550,6858,1
6739,C,63069,MO,4550,6498,1
6740,C,70070,LA,4549,5448,1
6741,C,71701,AR,4548,8834,1
6742,C,44420,OH,4547,7047,1
6743,C,19522,PA,4547,5625,1
6744,C,24501,VA,4546,12157,1
6745,C,42728,KY,4545,7510,1
6746,C,11225,NY,4544,26703,1
6747,C,90059,CA,4543,10650,1
6748,C,92251,CA,4543,7719,1
6749,C,02767,MA,4543,6089,1
6750,C,07044,NJ,4543,5997,1
6751,C,21128,MD,4540,5811,1
6752,C,97333,OR,4539,10604,1
6753,C,25428,WV,4539,5399,1
6754,C,77023,TX,4537,11850,1
6755,C,17517,PA,4537,5636,1
6756,C,77056,TX,4536,15347,1
6757,C,42276,KY,4536,6799,1
6758,C,78121,TX,4535,5304,1
6759,C,54843,WI,4533,10039,1
6760,C,35214,AL,4533,8048,1
6761,C,19096,PA,4532,5894,1
6762,C,83440,ID,4531,13845,1
6763,C,38122,TN,4531,10201,1
6764,C,39367,MS,4531,6461,1
6765,C,61114,IL,4530,6599,1
6766,C,82070,WY,4529,9838,1
6767,C,92102,CA,4528,15622,1
6768,C,85350,AZ,4528,6421,1
6769,C,90254,CA,4527,10454,1
6770,C,07066,NJ,4527,6084,1
6771,C,85013,AZ,4525,11618,1
6772,C,18466,PA,4525,7892,1
6773,C,29204,SC,4524,8687,1
6774,C,47501,IN,4523,7696,1
6775,C,33776,FL,4523,5461,1
6776,C,14623,NY,4522,9612,1
6777,C,11726,NY,4521,6492,1
6778,C,11211,NY,4520,29068,0
6779,C,46240,IN,4520,11673,1
6780,C,18436,PA,4519,9747,1
6781,C,70501,LA,4517,12657,1
6782,C,98363,WA,4516,7195,1
6783,C,30168,GA,4515,10405,1
6784,C,67530,KS,4514,8759,1
6785,C,75951,TX,4513,7664,1
6786,C,17801,PA,4513,7519,1
6787,C,30635,GA,4513,7422,1
6788,C,11212,NY,4512,34782,1
6789,C,15234,PA,4512,6733,1
6790,C,48213,MI,4511,11365,1
6791,C,90260,CA,4511,10787,1
6792,C,94707,CA,4511,5377,1
6793,C,64089,MO,4508,5471,1
6794,C,94949,CA,4507,7541,1
6795,C,01778,MA,4506,5136,1
6796,C,90222,CA,4505,8874,1
6797,C,20124,VA,4504,4889,1
6798,C,35094,AL,4503,6502,1
6799,C,72103,AR,4503,6078,1
6800,C,48204,MI,4502,13691,1
6801,C,33607,FL,4502,13158,1
6802,C,20882,MD,4502,4644,1
6803,C,29693,SC,4501,8002,1
6804,C,92106,CA,4501,7908,1
6805,C,22181,VA,4499,5555,1
6806,C,77551,TX,4497,11184,1
6807,C,17745,PA,4496,8348,1
6808,C,21666,MD,4496,5781,1
6809,C,30904,GA,4495,12558,1
6810,C,67002,KS,4495,6006,1
6811,C,98065,WA,4495,5681,1
6812,C,60406,IL,4492,9925,1
6813,C,06478,CT,4492,5091,1
6814,C,29572,SC,4491,14313,1
6815,C,72936,AR,4490,6019,1
6816,C,28462,NC,4488,11620,1
6817,C,02118,MA,4487,15554,0
6818,C,20012,DC,4487,7599,1
6819,C,65613,MO,4487,7327,1
6820,C,62656,IL,4485,7569,1
6821,C,75702,TX,4483,10273,1
6822,C,35043,AL,4483,5126,1
6823,C,97103,OR,4481,8007,1
6824,C,11778,NY,4481,5028,1
6825,C,30501,GA,4480,12916,1
6826,C,37083,TN,4480,6958,1
6827,C,90806,CA,4479,13106,1
6828,C,11426,NY,4479,6813,1
6829,C,30273,GA,4478,6548,1
6830,C,01109,MA,4476,10786,1
6831,C,49047,MI,4476,8205,1
6832,C,41031,KY,4476,7050,1
6833,C,70394,LA,4476,5986,1
6834,C,90008,CA,4475,16245,1
6835,C,24015,VA,4473,7593,1
6836,C,03246,NH,4472,10426,1
6837,C,27249,NC,4472,6391,1
6838,C,06903,CT,4472,5141,1
6839,C,77378,TX,4471,6503,1
6840,C,17067,PA,4471,6155,1
6841,C,92110,CA,4470,13227,1
6842,C,13066,NY,4470,5971,1
6843,C,47805,IN,4470,5749,1
6844,C,39272,MS,4469,6197,1
6845,C,06029,CT,4468,6726,1
6846,C,81623,CO,4465,7280,1
6847,C,55042,MN,4464,4987,1
6848,C,05478,VT,4462,7205,1
6849,C,06795,CT,4462,5751,1
6850,C,38901,MS,4461,8831,1
6851,C,78735,TX,4459,9957,1
6852,C,16301,PA,4459,7648,1
6853,C,22308,VA,4459,4850,1
6854,C,24739,WV,4458,6549,1
6855,C,32696,FL,4458,6133,1
6856,C,06070,CT,4458,5899,1
6857,C,11767,NY,4458,4961,1
6858,C,33634,FL,4457,8219,1
6859,C,70002,LA,4456,9585,1
6860,C,78214,TX,4455,8447,1
6861,C,29323,SC,4455,6266,1
6862,C,59840,MT,4454,7287,1
6863,C,53566,WI,4454,6810,1
6864,C,10010,NY,4453,19014,0
6865,C,77541,TX,4452,9292,1
6866,C,64080,MO,4451,5669,1
6867,C,08260,NJ,4450,23076,1
6868,C,35650,AL,4449,5989,1
6869,C,48118,MI,4448,5864,1
6870,C,10580,NY,4447,6614,1
6871,C,97386,OR,4445,6339,1
6872,C,31032,GA,4445,5716,1
6873,C,77575,TX,4444,7059,1
6874,C,16323,PA,4442,7088,1
6875,C,49801,MI,4441,5927,1
6876,C,38114,TN,4438,12252,1
6877,C,11738,NY,4438,5888,1
6878,C,79930,TX,4437,11729,1
6879,C,77067,TX,4437,11072,1
6880,C,04090,ME,4437,9590,1
6881,C,07801,NJ,4437,9442,1
6882,C,42754,KY,4437,7375,1
6883,C,06355,CT,4436,6099,1
6884,C,32766,FL,4436,5023,1
6885,C,90062,CA,4435,10060,1
6886,C,60153,IL,4434,8385,1
6887,C,75143,TX,4433,7088,1
6888,C,84087,UT,4432,5254,1
6889,C,40444,KY,4431,6096,1
6890,C,50111,IA,4428,6345,1
6891,C,48381,MI,4428,5588,1
6892,C,66226,KS,4428,5259,1
6893,C,40175,KY,4427,6630,1
6894,C,75602,TX,4426,8131,1
6895,C,63601,MO,4426,7721,1
6896,C,39440,MS,4425,9035,1
6897,C,77503,TX,4425,8980,1
6898,C,30291,GA,4424,11434,1
6899,C,02451,MA,4423,7852,1
6900,C,19341,PA,4422,9209,1
6901,C,62568,IL,4422,6997,1
6902,C,60118,IL,4422,6428,1
6903,C,18706,PA,4421,7675,1
6904,C,67042,KS,4421,7342,1
6905,C,14305,NY,4420,8348,1
6906,C,95252,CA,4420,5406,1
6907,C,29697,SC,4417,6130,1
6908,C,14621,NY,4415,15013,1
6909,C,64130,MO,4415,10952,1
6910,C,22026,VA,4415,6648,1
6911,C,11428,NY,4415,6335,1
6912,C,01118,MA,4415,5787,1
6913,C,80620,CO,4414,6794,1
6914,C,98360,WA,4414,5328,1
6915,C,90027,CA,4413,24267,1
6916,C,89460,NV,4413,5813,1
6917,C,33184,FL,4412,6773,1
6918,C,07106,NJ,4411,13633,1
6919,C,32439,FL,4411,6772,1
6920,C,15613,PA,4411,5891,1
6921,C,98109,WA,4410,23162,1
6922,C,77707,TX,4410,7312,1
6923,C,06401,CT,4409,8430,1
6924,C,20724,MD,4409,7514,1
6925,C,33167,FL,4409,6978,1
6926,C,35045,AL,4409,6542,1
6927,C,03076,NH,4408,5174,1
6928,C,32305,FL,4406,8517,1
6929,C,60131,IL,4406,6120,1
6930,C,27617,NC,4405,10522,1
6931,C,20746,MD,4404,14075,1
6932,C,46312,IN,4403,12429,1
6933,C,66202,KS,4403,9308,1
6934,C,78148,TX,4403,8597,1
6935,C,53212,WI,4402,15749,1
6936,C,95965,CA,4402,7846,1
6937,C,77306,TX,4402,5913,1
6938,C,21054,MD,4401,5377,1
6939,C,71115,LA,4400,7506,1
6940,C,02152,MA,4399,8467,1
6941,C,06238,CT,4399,5120,1
6942,C,29662,SC,4398,6512,1
6943,C,29569,SC,4397,7504,1
6944,C,91381,CA,4396,7407,1
6945,C,97459,OR,4396,6856,1
6946,C,07446,NJ,4395,5267,1
6947,C,10550,NY,4394,16865,1
6948,C,13669,NY,4394,7419,1
6949,C,39475,MS,4392,5821,1
6950,C,18428,PA,4390,9606,1
6951,C,35750,AL,4389,5698,1
6952,C,66224,KS,4389,5156,1
6953,C,08852,NJ,4388,6721,1
6954,C,70578,LA,4387,6563,1
6955,C,07070,NJ,4386,7163,1
6956,C,49307,MI,4385,7997,1
6957,C,48141,MI,4383,11497,1
6958,C,44055,OH,4381,9258,1
6959,C,30153,GA,4381,7318,1
6960,C,77021,TX,4380,12819,1
6961,C,83669,ID,4380,5608,1
6962,C,57783,SD,4379,8347,1
6963,C,92802,CA,4377,12724,1
6964,C,36867,AL,4377,10782,1
6965,C,34142,FL,4376,10002,1
6966,C,15226,PA,4374,6979,1
6967,C,61071,IL,4373,6612,1
6968,C,33330,FL,4373,4944,1
6969,C,74075,OK,4372,12255,1
6970,C,46975,IN,4372,6646,1
6971,C,15238,PA,4372,6001,1
6972,C,69361,NE,4371,7750,1
6973,C,77022,TX,4370,10717,1
6974,C,93702,CA,4369,13386,1
6975,C,37073,TN,4369,5460,1
6976,C,46184,IN,4369,5290,1
6977,C,15857,PA,4368,6266,1
6978,C,75220,TX,4367,15589,1
6979,C,06511,CT,4366,24579,1
6980,C,97038,OR,4365,6423,1
6981,C,92845,CA,4365,5569,1
6982,C,28401,NC,4364,13017,1
6983,C,64134,MO,4364,9503,1
6984,C,63080,MO,4364,6460,1
6985,C,64024,MO,4364,6165,1
6986,C,98077,WA,4364,4865,1
6987,C,35121,AL,4363,6747,1
6988,C,95354,CA,4362,9797,1
6989,C,94960,CA,4362,6641,1
6990,C,08872,NJ,4359,7837,1
6991,C,93514,CA,4359,6942,1
6992,C,46714,IN,4359,6581,1
6993,C,01569,MA,4359,5523,1
6994,C,02170,MA,4358,8471,1
6995,C,23093,VA,4357,6431,1
6996,C,30317,GA,4355,7220,1
6997,C,27040,NC,4353,5366,1
6998,C,13208,NY,4352,10325,1
6999,C,75209,TX,4352,7498,1
7000,C,90405,CA,4351,15726,1
7001,C,92274,CA,4351,7030,1
7002,C,19126,PA,4350,7490,1
7003,C,79360,TX,4350,5766,1
7004,C,93706,CA,4349,12239,1
7005,C,38804,MS,4349,7978,1
7006,C,44904,OH,4347,5956,1
7007,C,35645,AL,4347,5800,1
7008,C,19023,PA,4346,9089,1
7009,C,68505,NE,4346,7961,1
7010,C,93402,CA,4346,6586,1
7011,C,72301,AR,4345,11298,1
7012,C,02911,RI,4345,6894,1
7013,C,95366,CA,4345,6726,1
7014,C,75762,TX,4345,6052,1
7015,C,47710,IN,4344,9119,1
7016,C,19975,DE,4343,8890,1
7017,C,30620,GA,4343,5524,1
7018,C,44054,OH,4342,6059,1
7019,C,66067,KS,4341,7090,1
7020,C,49337,MI,4341,6688,1
7021,C,75803,TX,4340,7046,1
7022,C,43023,OH,4340,5344,1
7023,C,92227,CA,4339,9062,1
7024,C,13206,NY,4339,8460,1
7025,C,76111,TX,4335,8523,1
7026,C,43950,OH,4335,6683,1
7027,C,80218,CO,4333,13116,1
7028,C,30824,GA,4333,7548,1
7029,C,45505,OH,4332,9365,1
7030,C,77048,TX,4332,8029,1
7031,C,78040,TX,4331,13567,0
7032,C,50703,IA,4331,8705,1
7033,C,01570,MA,4331,8211,1
7034,C,62294,IL,4330,6138,1
7035,C,37924,TN,4330,6052,1
7036,C,55442,MN,4329,5750,1
7037,C,11949,NY,4329,5162,1
7038,C,02481,MA,4329,5145,1
7039,C,14211,NY,4328,11498,0
7040,C,39648,MS,4328,10063,1
7041,C,94706,CA,4328,8386,1
7042,C,68048,NE,4328,5644,1
7043,C,86336,AZ,4327,8066,1
7044,C,07882,NJ,4327,6290,1
7045,C,06850,CT,4326,8556,1
7046,C,19809,DE,4324,6531,1
7047,C,48001,MI,4324,5787,1
7048,C,27856,NC,4323,7122,1
7049,C,55306,MN,4322,7088,1
7050,C,35180,AL,4322,5677,1
7051,C,35150,AL,4321,8453,1
7052,C,29669,SC,4321,5928,1
7053,C,22046,VA,4320,7303,1
7054,C,10549,NY,4320,6339,1
7055,C,35761,AL,4320,5522,1
7056,C,30103,GA,4319,5726,1
7057,C,24740,WV,4318,8069,1
7058,C,49008,MI,4318,7124,1
7059,C,80305,CO,4317,7263,1
7060,C,37218,TN,4315,6497,1
7061,C,32908,FL,4315,5140,1
7062,C,28387,NC,4314,8731,1
7063,C,43223,OH,4313,10662,1
7064,C,24202,VA,4313,6270,1
7065,C,11730,NY,4312,5230,1
7066,C,37618,TN,4311,6250,1
7067,C,24121,VA,4309,7407,1
7068,C,44041,OH,4308,7155,1
7069,C,73089,OK,4307,5040,1
7070,C,92614,CA,4306,12499,1
7071,C,19947,DE,4306,6972,1
7072,C,06610,CT,4305,9292,1
7073,C,08009,NJ,4305,5764,1
7074,C,70529,LA,4304,6357,1
7075,C,60555,IL,4304,5894,1
7076,C,98102,WA,4303,17944,1
7077,C,46816,IN,4303,8264,1
7078,C,33030,FL,4302,11217,1
7079,C,38558,TN,4302,5571,1
7080,C,81147,CO,4300,9258,1
7081,C,33559,FL,4300,7322,1
7082,C,70535,LA,4299,7749,1
7083,C,29672,SC,4299,6483,1
7084,C,48173,MI,4298,5391,1
7085,C,32827,FL,4296,7586,1
7086,C,35210,AL,4295,7204,1
7087,C,45406,OH,4294,10695,1
7088,C,36854,AL,4293,7761,1
7089,C,47601,IN,4289,5803,1
7090,C,05468,VT,4288,5137,1
7091,C,92602,CA,4287,10245,1
7092,C,97051,OR,4287,6804,1
7093,C,93725,CA,4286,6998,1
7094,C,44875,OH,4285,6211,1
7095,C,10307,NY,4285,5390,1
7096,C,14519,NY,4283,5281,1
7097,C,20650,MD,4282,6158,1
7098,C,83318,ID,4278,6786,1
7099,C,31217,GA,4277,7870,1
7100,C,57350,SD,4277,7100,1
7101,C,06096,CT,4277,5483,1
7102,C,48079,MI,4277,5403,1
7103,C,93111,CA,4276,6724,1
7104,C,74070,OK,4275,6179,1
7105,C,60558,IL,4274,4568,1
7106,C,38635,MS,4273,6393,1
7107,C,03106,NH,4273,5679,1
7108,C,27958,NC,4271,4878,1
7109,C,66044,KS,4270,12723,1
7110,C,45434,OH,4270,4766,1
7111,C,70767,LA,4269,6817,1
7112,C,49333,MI,4269,5206,1
7113,C,28365,NC,4268,6541,1
7114,C,92010,CA,4267,7114,1
7115,C,02144,MA,4266,11881,1
7116,C,11370,NY,4266,11679,1
7117,C,15132,PA,4266,10511,1
7118,C,19056,PA,4265,6030,1
7119,C,29365,SC,4265,5193,1
7120,C,10965,NY,4264,5937,1
7121,C,31513,GA,4262,7482,1
7122,C,67010,KS,4262,5691,1
7123,C,60554,IL,4262,4797,1
7124,C,21842,MD,4261,32684,1
7125,C,49321,MI,4261,6693,1
7126,C,55408,MN,4260,17874,1
7127,C,04105,ME,4260,5332,1
7128,C,91607,CA,4259,14597,1
7129,C,24450,VA,4259,7650,1
7130,C,48033,MI,4257,9198,1
7131,C,76118,TX,4257,6584,1
7132,C,35759,AL,4257,4785,1
7133,C,14048,NY,4256,7506,1
7134,C,19363,PA,4255,6247,1
7135,C,44108,OH,4254,11798,1
7136,C,99006,WA,4253,5287,1
7137,C,99611,AK,4252,7130,1
7138,C,33947,FL,4250,6973,1
7139,C,65020,MO,4249,9962,1
7140,C,02842,RI,4249,8255,1
7141,C,27522,NC,4249,5775,1
7142,C,73801,OK,4248,7046,1
7143,C,07203,NJ,4247,8430,1
7144,C,33314,FL,4246,12041,1
7145,C,36201,AL,4244,9543,1
7146,C,45377,OH,4243,6800,1
7147,C,02339,MA,4243,4974,1
7148,C,96761,HI,4241,11851,1
7149,C,73078,OK,4241,4683,1
7150,C,70427,LA,4240,8424,1
7151,C,73127,OK,4239,11329,1
7152,C,28390,NC,4239,10204,1
7153,C,80751,CO,4237,6864,1
7154,C,38060,TN,4237,5124,1
7155,C,32220,FL,4236,5223,1
7156,C,73036,OK,4235,7790,1
7157,C,59047,MT,4234,6710,1
7158,C,77836,TX,4233,5990,1
7159,C,46135,IN,4231,7148,1
7160,C,86413,AZ,4231,5759,1
7161,C,12524,NY,4230,6702,1
7162,C,35115,AL,4230,6388,1
7163,C,34461,FL,4230,5552,1
7164,C,68008,NE,4229,5289,1
7165,C,97239,OR,4228,9963,1
7166,C,68310,NE,4228,6963,1
7167,C,44314,OH,4227,9085,1
7168,C,87410,NM,4226,6402,1
7169,C,80863,CO,4226,5734,1
7170,C,18640,PA,4225,8036,1
7171,C,14615,NY,4224,8258,1
7172,C,30523,GA,4224,6764,1
7173,C,22203,VA,4223,14528,1
7174,C,13032,NY,4222,6217,1
7175,C,61443,IL,4221,6613,1
7176,C,63051,MO,4219,5415,1
7177,C,44306,OH,4218,10424,1
7178,C,15209,PA,4218,6098,1
7179,C,33982,FL,4218,6091,1
7180,C,12589,NY,4218,5871,1
7181,C,35401,AL,4217,19517,1
7182,C,48017,MI,4213,5827,1
7183,C,02769,MA,4213,4845,1
7184,C,06424,CT,4210,5223,1
7185,C,28460,NC,4209,9134,1
7186,C,27948,NC,4208,10143,1
7187,C,94571,CA,4207,5525,1
7188,C,10980,NY,4207,5081,1
7189,C,37405,TN,4205,9959,1
7190,C,24201,VA,4205,8138,1
7191,C,36567,AL,4205,6054,1
7192,C,70546,LA,4204,7288,1
7193,C,08830,NJ,4204,6618,1
7194,C,43031,OH,4204,5240,1
7195,C,39773,MS,4202,7278,1
7196,C,79549,TX,4202,6388,1
7197,C,27607,NC,4201,10698,1
7198,C,73008,OK,4201,8774,1
7199,C,76501,TX,4201,7298,1
7200,C,52627,IA,4201,6134,1
7201,C,07094,NJ,4200,9109,1
7202,C,02333,MA,4198,5165,1
7203,C,48653,MI,4197,9814,1
7204,C,20912,MD,4196,10140,1
7205,C,43952,OH,4196,8613,1
7206,C,34731,FL,4196,6370,1
7207,C,61853,IL,4196,5338,1
7208,C,02330,MA,4196,5048,1
7209,C,99163,WA,4195,14888,1
7210,C,34604,FL,4194,4948,1
7211,C,68124,NE,4193,6941,1
7212,C,97814,OR,4193,6254,1
7213,C,78669,TX,4193,5967,1
7214,C,02189,MA,4190,6689,1
7215,C,02382,MA,4190,6031,1
7216,C,48895,MI,4190,5019,1
7217,C,11213,NY,4189,29186,1
7218,C,48030,MI,4188,7149,1
7219,C,42501,KY,4185,8039,1
7220,C,33473,FL,4185,4782,0
7221,C,48043,MI,4184,7059,1
7222,C,77074,TX,4183,15154,1
7223,C,95742,CA,4183,4941,1
7224,C,08052,NJ,4182,9401,1
7225,C,74601,OK,4182,8924,1
7226,C,80549,CO,4182,5131,1
7227,C,02188,MA,4181,7166,1
7228,C,51103,IA,4181,6867,1
7229,C,60190,IL,4181,4618,1
7230,C,33901,FL,4179,11709,1
7231,C,73142,OK,4178,7997,1
7232,C,01938,MA,4178,6270,1
7233,C,11751,NY,4177,5246,1
7234,C,06604,CT,4174,12972,1
7235,C,48203,MI,4173,13591,1
7236,C,33931,FL,4171,14561,1
7237,C,07407,NJ,4171,7561,1
7238,C,60478,IL,4171,5761,1
7239,C,44056,OH,4170,4898,1
7240,C,48360,MI,4169,4951,1
7241,C,33540,FL,4168,5625,1
7242,C,64735,MO,4166,6620,1
7243,C,19934,DE,4166,5318,1
7244,C,63501,MO,4164,9445,1
7245,C,93703,CA,4160,11155,1
7246,C,74145,OK,4160,8523,1
7247,C,52246,IA,4159,10627,1
7248,C,01940,MA,4159,5033,1
7249,C,88130,NM,4157,7985,1
7250,C,08534,NJ,4157,5107,1
7251,C,98233,WA,4156,7295,1
7252,C,49345,MI,4156,5074,1
7253,C,25419,WV,4154,5388,1
7254,C,94502,CA,4154,5012,1
7255,C,08824,NJ,4154,4799,1
7256,C,28650,NC,4152,5390,1
7257,C,74107,OK,4150,8566,1
7258,C,03055,NH,4149,6692,1
7259,C,07009,NJ,4149,5107,1
7260,C,78741,TX,4148,24763,1
7261,C,01730,MA,4148,5970,1
7262,C,94115,CA,4146,19312,1
7263,C,64870,MO,4146,6796,1
7264,C,23661,VA,4146,6614,1
7265,C,13209,NY,4145,6374,1
7266,C,66047,KS,4143,9368,1
7267,C,89060,NV,4143,5722,1
7268,C,70452,LA,4143,5535,1
7269,C,38652,MS,4142,6977,1
7270,C,48193,MI,4142,6775,1
7271,C,03063,NH,4142,6746,1
7272,C,01835,MA,4142,5702,1
7273,C,83001,WY,4141,8827,1
7274,C,49230,MI,4140,6108,1
7275,C,93923,CA,4139,7108,1
7276,C,72719,AR,4138,6989,1
7277,C,39051,MS,4138,6637,1
7278,C,79336,TX,4138,6584,1
7279,C,32754,FL,4138,5657,1
7280,C,15767,PA,4137,6718,1
7281,C,06108,CT,4136,9963,1
7282,C,67005,KS,4136,7113,1
7283,C,01507,MA,4136,5240,1
7284,C,53558,WI,4131,5414,1
7285,C,03031,NH,4131,4558,1
7286,C,75965,TX,4127,8786,1
7287,C,28021,NC,4126,6306,1
7288,C,66204,KS,4125,9292,1
7289,C,70526,LA,4125,8500,1
7290,C,36619,AL,4124,6147,1
7291,C,11356,NY,4122,9003,1
7292,C,07081,NJ,4122,6844,1
7293,C,53129,WI,4122,6046,1
7294,C,20872,MD,4122,4850,1
7295,C,61548,IL,4122,4671,1
7296,C,46755,IN,4118,6857,1
7297,C,49858,MI,4118,6486,1
7298,C,18643,PA,4118,6321,1
7299,C,77422,TX,4117,6103,1
7300,C,07922,NJ,4117,4474,1
7301,C,80223,CO,4116,9532,1
7302,C,41094,KY,4116,5204,1
7303,C,95215,CA,4114,7367,1
7304,C,76450,TX,4114,6238,1
7305,C,92603,CA,4113,7895,1
7306,C,11436,NY,4113,6617,1
7307,C,37650,TN,4113,6352,1
7308,C,34450,FL,4112,6642,1
7309,C,67060,KS,4112,5459,1
7310,C,14904,NY,4111,7629,1
7311,C,11782,NY,4111,6680,1
7312,C,48214,MI,4108,13279,1
7313,C,25704,WV,4108,6931,1
7314,C,70037,LA,4108,6682,1
7315,C,78503,TX,4107,8090,1
7316,C,49079,MI,4107,6019,1
7317,C,74354,OK,4106,7502,1
7318,C,98944,WA,4106,6806,1
7319,C,35957,AL,4106,6755,1
7320,C,36064,AL,4106,5075,1
7321,C,28532,NC,4104,8677,1
7322,C,96768,HI,4104,6816,1
7323,C,38343,TN,4103,7173,1
7324,C,08251,NJ,4103,6716,1
7325,C,08070,NJ,4103,5802,1
7326,C,32301,FL,4102,17029,1
7327,C,60191,IL,4102,5516,1
7328,C,20194,VA,4101,5784,1
7329,C,55301,MN,4101,4720,1
7330,C,70114,LA,4100,11860,1
7331,C,45056,OH,4100,9702,1
7332,C,16652,PA,4100,7259,1
7333,C,48184,MI,4099,7739,1
7334,C,47170,IN,4099,6313,1
7335,C,54961,WI,4099,6249,1
7336,C,02145,MA,4098,12669,1
7337,C,60442,IL,4098,4680,1
7338,C,60455,IL,4095,6834,1
7339,C,20607,MD,4094,4264,1
7340,C,04102,ME,4093,8633,1
7341,C,07095,NJ,4093,8132,1
7342,C,19044,PA,4093,7144,1
7343,C,87544,NM,4089,6378,1
7344,C,86005,AZ,4087,8850,1
7345,C,78248,TX,4086,6003,1
7346,C,72364,AR,4084,6415,1
7347,C,14625,NY,4084,5153,1
7348,C,27403,NC,4083,8671,1
7349,C,82435,WY,4082,5432,1
7350,C,10703,NY,4080,7925,1
7351,C,37166,TN,4080,7199,1
7352,C,66071,KS,4080,5415,1
7353,C,68105,NE,4079,10633,1
7354,C,97448,OR,4076,6150,1
7355,C,07005,NJ,4076,6115,1
7356,C,13041,NY,4076,4686,1
7357,C,66503,KS,4075,7855,1
7358,C,38606,MS,4075,6279,1
7359,C,84655,UT,4075,4721,1
7360,C,01104,MA,4074,9562,1
7361,C,34448,FL,4074,6437,1
7362,C,14513,NY,4074,6202,1
7363,C,08215,NJ,4074,5813,1
7364,C,19962,DE,4073,4730,1
7365,C,34102,FL,4072,9791,1
7366,C,54409,WI,4072,6449,1
7367,C,63628,MO,4072,6183,1
7368,C,93631,CA,4072,6149,1
7369,C,90037,CA,4071,18709,1
7370,C,45885,OH,4071,5734,1
7371,C,08226,NJ,4070,20905,1
7372,C,82930,WY,4070,7143,1
7373,C,59870,MT,4070,5251,1
7374,C,61705,IL,4067,5378,1
7375,C,40504,KY,4066,13175,1
7376,C,60410,IL,4066,4673,1
7377,C,81321,CO,4065,6332,1
7378,C,49348,MI,4065,5629,1
7379,C,32609,FL,4064,8515,1
7380,C,04043,ME,4063,6243,1
7381,C,11694,NY,4062,9103,1
7382,C,06812,CT,4061,5137,1
7383,C,90621,CA,4056,11244,1
7384,C,95448,CA,4056,7783,1
7385,C,01331,MA,4055,6050,1
7386,C,43607,OH,4054,10568,1
7387,C,62034,IL,4054,6197,1
7388,C,33896,FL,4053,11929,1
7389,C,76643,TX,4053,6231,1
7390,C,18353,PA,4053,5376,1
7391,C,49242,MI,4050,6687,1
7392,C,06518,CT,4049,7285,1
7393,C,77423,TX,4048,5612,1
7394,C,68133,NE,4048,5149,1
7395,C,42211,KY,4047,7098,1
7396,C,41164,KY,4046,5953,1
7397,C,53225,WI,4045,11019,1
7398,C,95030,CA,4045,5817,1
7399,C,35504,AL,4044,5904,1
7400,C,85355,AZ,4044,4514,1
7401,C,12528,NY,4043,6332,1
7402,C,61254,IL,4043,5233,1
7403,C,08846,NJ,4042,5703,1
7404,C,92058,CA,4041,15443,1
7405,C,32534,FL,4041,7573,1
7406,C,48160,MI,4041,5224,1
7407,C,15214,PA,4039,6914,1
7408,C,53901,WI,4039,6550,1
7409,C,75757,TX,4038,5826,1
7410,C,80905,CO,4036,8933,1
7411,C,80640,CO,4036,4889,1
7412,C,11790,NY,4036,4856,1
7413,C,61101,IL,4035,9005,1
7414,C,48166,MI,4034,5387,1
7415,C,92014,CA,4033,6746,1
7416,C,28315,NC,4032,6350,1
7417,C,32407,FL,4031,12163,1
7418,C,56701,MN,4031,6246,1
7419,C,21620,MD,4030,6259,1
7420,C,66206,KS,4029,4910,1
7421,C,02921,RI,4029,4823,1
7422,C,97850,OR,4028,7501,1
7423,C,26241,WV,4028,6807,1
7424,C,85128,AZ,4028,6527,1
7425,C,94019,CA,4028,5849,1
7426,C,47620,IN,4028,5803,1
7427,C,07436,NJ,4028,4680,1
7428,C,84341,UT,4025,9287,1
7429,C,99517,AK,4025,7718,1
7430,C,19133,PA,4022,10766,0
7431,C,27025,NC,4021,5513,1
7432,C,11951,NY,4021,5352,1
7433,C,35146,AL,4021,4820,1
7434,C,75204,TX,4019,23304,1
7435,C,02907,RI,4019,11474,1
7436,C,23502,VA,4019,8839,1
7437,C,33875,FL,4019,5655,1
7438,C,30474,GA,4018,7171,1
7439,C,02645,MA,4018,6745,1
7440,C,63137,MO,4014,9708,1
7441,C,43212,OH,4013,13506,1
7442,C,27203,NC,4013,9937,1
7443,C,95501,CA,4012,10577,1
7444,C,90004,CA,4011,26046,1
7445,C,44718,OH,4011,6134,1
7446,C,85019,AZ,4010,8127,1
7447,C,02571,MA,4010,6205,1
7448,C,01119,MA,4010,5517,1
7449,C,19106,PA,4009,9913,1
7450,C,60457,IL,4009,5745,1
7451,C,07202,NJ,4008,15866,1
7452,C,45067,OH,4008,5432,1
7453,C,02116,MA,4007,14110,1
7454,C,73644,OK,4007,7256,1
7455,C,06831,CT,4007,5939,1
7456,C,11576,NY,4007,4552,1
7457,C,66046,KS,4005,9452,1
7458,C,91755,CA,4005,9316,1
7459,C,37204,TN,4004,8095,1
7460,C,44705,OH,4004,7955,1
7461,C,98007,WA,4002,12403,1
7462,C,53224,WI,4002,8530,1
7463,C,27055,NC,4001,6190,1
7464,C,89118,NV,4000,10345,1
7465,C,02122,MA,4000,10039,1
7466,C,16635,PA,4000,5475,1
7467,C,04345,ME,3999,5562,1
7468,C,65560,MO,3998,6355,1
7469,C,67209,KS,3997,5381,1
7470,C,02053,MA,3997,4601,1
7471,C,07853,NJ,3997,4309,1
7472,C,27260,NC,3994,11233,1
7473,C,36426,AL,3994,7303,1
7474,C,77506,TX,3993,11973,1
7475,C,36108,AL,3993,8326,1
7476,C,98674,WA,3993,5830,1
7477,C,81403,CO,3992,5355,1
7478,C,25313,WV,3990,6214,1
7479,C,65355,MO,3987,8504,1
7480,C,18431,PA,3987,6217,1
7481,C,61944,IL,3987,5859,1
7482,C,90292,CA,3986,16878,1
7483,C,61455,IL,3986,8682,1
7484,C,73118,OK,3986,7856,1
7485,C,25411,WV,3985,6195,1
7486,C,94517,CA,3985,4433,1
7487,C,65265,MO,3984,6690,1
7488,C,97408,OR,3984,6585,1
7489,C,37062,TN,3984,4962,1
7490,C,20032,DC,3983,19708,1
7491,C,18705,PA,3983,7268,1
7492,C,49457,MI,3983,4925,1
7493,C,65270,MO,3981,7187,1
7494,C,45807,OH,3981,5109,1
7495,C,95824,CA,3980,9686,1
7496,C,21204,MD,3980,9529,1
7497,C,21613,MD,3979,9331,1
7498,C,75773,TX,3979,6291,1
7499,C,91345,CA,3979,5672,1
7500,C,45152,OH,3979,4999,1
7501,C,11577,NY,3979,4453,1
7502,C,31906,GA,3977,11046,1
7503,C,33759,FL,3977,8821,1
7504,C,19055,PA,3977,5089,1
7505,C,75751,TX,3976,7432,1
7506,C,29118,SC,3976,6742,1
7507,C,16127,PA,3976,5731,1
7508,C,63074,MO,3975,7523,1
7509,C,24055,VA,3975,6273,1
7510,C,80924,CO,3975,6154,1
7511,C,88021,NM,3975,5742,1
7512,C,94708,CA,3975,5048,1
7513,C,98579,WA,3974,5005,1
7514,C,19734,DE,3973,4689,1
7515,C,06517,CT,3972,6875,1
7516,C,23150,VA,3971,5446,1
7517,C,29902,SC,3970,7131,1
7518,C,23662,VA,3967,4945,1
7519,C,07456,NJ,3966,4241,1
7520,C,36054,AL,3965,6265,1
7521,C,12211,NY,3964,4561,1
7522,C,72543,AR,3963,7088,1
7523,C,29920,SC,3961,7045,1
7524,C,99037,WA,3961,6189,1
7525,C,20866,MD,3961,5142,1
7526,C,99712,AK,3960,6037,1
7527,C,41701,KY,3958,7596,1
7528,C,26105,WV,3957,5861,1
7529,C,17350,PA,3957,5600,1
7530,C,53563,WI,3957,4672,1
7531,C,49849,MI,3956,5915,1
7532,C,91103,CA,3955,9392,1
7533,C,32063,FL,3955,5408,1
7534,C,41143,KY,3954,6083,1
7535,C,33527,FL,3954,5768,1
7536,C,14219,NY,3954,5612,1
7537,C,21102,MD,3954,4513,1
7538,C,49306,MI,3950,4207,1
7539,C,02150,MA,3949,14162,1
7540,C,76120,TX,3949,8885,1
7541,C,19956,DE,3949,6556,1
7542,C,08611,NJ,3947,11638,1
7543,C,60119,IL,3947,4595,1
7544,C,32055,FL,3946,7498,1
7545,C,33606,FL,3945,10918,1
7546,C,31030,GA,3945,7942,1
7547,C,45002,OH,3945,5817,1
7548,C,08889,NJ,3945,4449,1
7549,C,40204,KY,3944,8759,1
7550,C,49071,MI,3944,4415,1
7551,C,72908,AR,3943,6374,1
7552,C,19086,PA,3943,4570,1
7553,C,44310,OH,3942,11074,1
7554,C,73026,OK,3942,4349,1
7555,C,19003,PA,3941,6346,1
7556,C,36027,AL,3940,7541,1
7557,C,80701,CO,3940,6575,1
7558,C,43567,OH,3939,5179,1
7559,C,38556,TN,3938,6406,1
7560,C,11545,NY,3937,4686,1
7561,C,02052,MA,3937,4679,1
7562,C,01603,MA,3935,8504,1
7563,C,14610,NY,3935,7823,1
7564,C,97113,OR,3934,5500,1
7565,C,43609,OH,3933,10272,1
7566,C,21788,MD,3933,5102,1
7567,C,95825,CA,3932,16803,1
7568,C,30260,GA,3932,9858,1
7569,C,17222,PA,3932,5108,1
7570,C,93263,CA,3931,6489,1
7571,C,28217,NC,3930,13615,1
7572,C,68114,NE,3929,8437,1
7573,C,30747,GA,3929,7121,1
7574,C,32776,FL,3929,5022,1
7575,C,93730,CA,3928,5266,1
7576,C,96786,HI,3926,14444,1
7577,C,33304,FL,3926,12367,1
7578,C,72901,AR,3926,10337,1
7579,C,39507,MS,3926,9032,1
7580,C,65809,MO,3924,4930,1
7581,C,17319,PA,3924,4386,1
7582,C,02721,MA,3923,12358,1
7583,C,70401,LA,3922,10321,1
7584,C,60106,IL,3921,7704,1
7585,C,38732,MS,3921,7354,1
7586,C,18407,PA,3919,7028,1
7587,C,78064,TX,3919,6179,1
7588,C,25302,WV,3918,7676,1
7589,C,79045,TX,3918,7026,1
7590,C,39339,MS,3918,6517,1
7591,C,91208,CA,3918,6450,1
7592,C,87104,NM,3917,6628,1
7593,C,27244,NC,3917,5740,1
7594,C,53959,WI,3916,5930,1
7595,C,27892,NC,3915,6690,1
7596,C,33301,FL,3914,13955,1
7597,C,48341,MI,3914,8601,1
7598,C,87059,NM,3913,4436,1
7599,C,06051,CT,3912,13798,1
7600,C,34972,FL,3911,7004,1
7601,C,27214,NC,3911,5992,1
7602,C,32333,FL,3911,5162,1
7603,C,62522,IL,3910,7215,1
7604,C,60070,IL,3910,6353,1
7605,C,01527,MA,3910,5603,1
7606,C,06357,CT,3909,6042,1
7607,C,49097,MI,3908,4861,1
7608,C,07078,NJ,3908,4433,1
7609,C,34228,FL,3907,9865,1
7610,C,31411,GA,3907,4666,1
7611,C,33701,FL,3904,13434,1
7612,C,01247,MA,3903,7859,1
7613,C,07079,NJ,3903,6131,1
7614,C,92113,CA,3902,14443,1
7615,C,35077,AL,3902,6045,1
7616,C,30110,GA,3902,5822,1
7617,C,44811,OH,3902,5658,1
7618,C,22303,VA,3901,8669,1
7619,C,45631,OH,3901,6328,1
7620,C,96743,HI,3900,6690,1
7621,C,36272,AL,3900,6166,1
7622,C,75116,TX,3898,7041,1
7623,C,37683,TN,3898,5870,1
7624,C,07843,NJ,3898,4917,1
7625,C,31015,GA,3897,9252,1
7626,C,40769,KY,3897,7486,1
7627,C,98580,WA,3897,4743,1
7628,C,56258,MN,3895,6976,1
7629,C,93110,CA,3894,6866,1
7630,C,19526,PA,3894,5240,1
7631,C,07444,NJ,3894,4908,1
7632,C,15065,PA,3893,5754,1
7633,C,36502,AL,3892,7404,1
7634,C,17837,PA,3892,6767,1
7635,C,27608,NC,3892,5589,1
7636,C,11950,NY,3892,5039,1
7637,C,07974,NJ,3890,4995,1
7638,C,18014,PA,3890,4822,1
7639,C,93636,CA,3890,4759,1
7640,C,38261,TN,3889,7178,1
7641,C,93933,CA,3888,10227,1
7642,C,72210,AR,3888,6876,1
7643,C,31545,GA,3887,6856,1
7644,C,74467,OK,3887,6826,1
7645,C,34453,FL,3887,5628,1
7646,C,48128,MI,3887,4589,1
7647,C,46615,IN,3885,7234,1
7648,C,71202,LA,3884,11119,1
7649,C,77091,TX,3882,12501,1
7650,C,44907,OH,3881,7798,1
7651,C,07644,NJ,3880,9864,1
7652,C,79124,TX,3880,4676,1
7653,C,02632,MA,3879,6363,1
7654,C,60712,IL,3878,4987,1
7655,C,72830,AR,3876,6802,1
7656,C,44026,OH,3876,4516,1
7657,C,61607,IL,3874,4887,1
7658,C,43326,OH,3873,5695,1
7659,C,60418,IL,3873,5331,1
7660,C,55092,MN,3873,4313,1
7661,C,94805,CA,3872,6076,1
7662,C,15215,PA,3872,5718,1
7663,C,63110,MO,3871,10260,1
7664,C,47006,IN,3871,5025,1
7665,C,47119,IN,3871,4635,1
7666,C,94607,CA,3869,14362,1
7667,C,60827,IL,3868,11481,1
7668,C,37777,TN,3868,5995,1
7669,C,53210,WI,3867,11005,1
7670,C,33954,FL,3866,5099,1
7671,C,48144,MI,3866,4179,1
7672,C,93955,CA,3865,11150,1
7673,C,75633,TX,3865,6399,1
7674,C,97221,OR,3864,5593,1
7675,C,36093,AL,3864,4491,1
7676,C,56071,MN,3863,4773,1
7677,C,64116,MO,3862,9691,1
7678,C,67301,KS,3862,6421,1
7679,C,76550,TX,3862,6129,1
7680,C,39574,MS,3862,5329,1
7681,C,92612,CA,3861,16161,1
7682,C,61102,IL,3861,7386,1
7683,C,20186,VA,3861,6114,1
7684,C,51301,IA,3861,6096,1
7685,C,37879,TN,3861,5534,1
7686,C,07646,NJ,3860,6428,1
7687,C,48138,MI,3860,4537,1
7688,C,15201,PA,3859,7970,1
7689,C,75791,TX,3857,5758,1
7690,C,60026,IL,3856,5932,1
7691,C,74604,OK,3856,5576,1
7692,C,23836,VA,3856,5519,1
7693,C,11105,NY,3855,17518,1
7694,C,24354,VA,3855,6929,1
7695,C,72117,AR,3854,6691,1
7696,C,35223,AL,3854,4743,1
7697,C,31520,GA,3853,10619,1
7698,C,98467,WA,3852,6718,1
7699,C,76132,TX,3851,13906,1
7700,C,38063,TN,3851,7070,1
7701,C,32736,FL,3851,4445,1
7702,C,06076,CT,3849,5216,1
7703,C,79905,TX,3847,9168,1
7704,C,36606,AL,3847,9129,1
7705,C,80517,CO,3847,7043,1
7706,C,10027,NY,3846,28038,0
7707,C,05401,VT,3846,13898,1
7708,C,39213,MS,3846,10172,1
7709,C,52807,IA,3846,8136,1
7710,C,16830,PA,3846,6841,1
7711,C,35404,AL,3845,11427,1
7712,C,77868,TX,3844,6510,1
7713,C,14502,NY,3844,4769,1
7714,C,33812,FL,3843,5516,1
7715,C,89423,NV,3843,4963,1
7716,C,38866,MS,3842,5399,1
7717,C,90403,CA,3840,14853,1
7718,C,54467,WI,3840,6233,1
7719,C,32351,FL,3839,7065,1
7720,C,97381,OR,3839,5882,1
7721,C,95673,CA,3838,5426,1
7722,C,06482,CT,3836,4388,1
7723,C,39470,MS,3833,5353,1
7724,C,34785,FL,3831,6595,1
7725,C,93305,CA,3830,11824,1
7726,C,30035,GA,3830,8731,1
7727,C,63105,MO,3830,7231,1
7728,C,35954,AL,3830,5646,1
7729,C,62966,IL,3828,7125,1
7730,C,85390,AZ,3828,5702,1
7731,C,02882,RI,3827,8870,1
7732,C,48638,MI,3827,6479,1
7733,C,02917,RI,3827,5119,1
7734,C,62712,IL,3827,4938,1
7735,C,95963,CA,3826,6270,1
7736,C,21046,MD,3825,6361,1
7737,C,75249,TX,3825,5188,1
7738,C,98329,WA,3825,4545,1
7739,C,07438,NJ,3825,4486,1
7740,C,05201,VT,3824,6941,1
7741,C,49412,MI,3824,5143,1
7742,C,90031,CA,3823,12686,1
7743,C,16686,PA,3823,5919,1
7744,C,98663,WA,3822,6753,1
7745,C,07936,NJ,3820,4162,1
7746,C,33534,FL,3819,6219,1
7747,C,71295,LA,3819,6151,1
7748,C,28501,NC,3817,9896,1
7749,C,61764,IL,3817,6058,1
7750,C,19036,PA,3817,5258,1
7751,C,66610,KS,3817,4010,1
7752,C,40336,KY,3816,6030,1
7753,C,92118,CA,3814,9521,1
7754,C,68512,NE,3814,5898,1
7755,C,11415,NY,3812,9794,1
7756,C,40484,KY,3812,5686,1
7757,C,93013,CA,3811,7640,1
7758,C,46807,IN,3811,7182,1
7759,C,25504,WV,3811,5492,1
7760,C,06475,CT,3810,5983,1
7761,C,01854,MA,3809,10960,1
7762,C,72904,AR,3809,8406,1
7763,C,01843,MA,3808,10968,1
7764,C,46250,IN,3808,9815,1
7765,C,34474,FL,3808,9207,1
7766,C,60012,IL,3808,4356,1
7767,C,70665,LA,3807,5626,1
7768,C,60305,IL,3806,4494,1
7769,C,64056,MO,3803,6451,1
7770,C,48225,MI,3802,6271,1
7771,C,02563,MA,3802,4898,1
7772,C,34479,FL,3801,5906,1
7773,C,50138,IA,3801,5181,1
7774,C,60097,IL,3799,4446,1
7775,C,29033,SC,3798,6873,1
7776,C,35453,AL,3798,5215,1
7777,C,76054,TX,3797,4702,1
7778,C,20695,MD,3797,4475,1
7779,C,64772,MO,3796,6054,1
7780,C,56093,MN,3796,5216,1
7781,C,48723,MI,3796,5175,1
7782,C,91914,CA,3795,4948,1
7783,C,18055,PA,3795,4946,1
7784,C,77504,TX,3794,10080,1
7785,C,92411,CA,3793,7065,1
7786,C,28469,NC,3792,8730,1
7787,C,16428,PA,3792,5576,1
7788,C,75167,TX,3792,4298,1
7789,C,80236,CO,3791,6549,1
7790,C,02375,MA,3790,4682,1
7791,C,03064,NH,3788,6671,1
7792,C,13421,NY,3788,5953,1
7793,C,62010,IL,3788,5163,1
7794,C,12561,NY,3787,7081,1
7795,C,33413,FL,3786,6217,1
7796,C,99901,AK,3785,6659,1
7797,C,39482,MS,3785,4760,1
7798,C,29936,SC,3783,6120,1
7799,C,85501,AZ,3783,6102,1
7800,C,67156,KS,3782,6392,1
7801,C,97503,OR,3782,4708,1
7802,C,92108,CA,3781,14072,0
7803,C,32148,FL,3781,5371,1
7804,C,02143,MA,3780,12901,1
7805,C,11416,NY,3780,8047,1
7806,C,24477,VA,3780,5037,1
7807,C,08536,NJ,3779,8894,1
7808,C,74127,OK,3779,7474,1
7809,C,21769,MD,3777,4519,1
7810,C,91202,CA,3776,9177,1
7811,C,33972,FL,3776,5422,1
7812,C,97056,OR,3775,5179,1
7813,C,25309,WV,3774,5867,1
7814,C,60130,IL,3773,7777,1
7815,C,30601,GA,3772,11634,1
7816,C,23117,VA,3772,5537,1
7817,C,92701,CA,3770,13470,1
7818,C,15218,PA,3768,7321,1
7819,C,07670,NJ,3768,5415,1
7820,C,97216,OR,3767,7235,1
7821,C,50327,IA,3767,5077,1
7822,C,77029,TX,3766,6386,1
7823,C,60526,IL,3766,5474,1
7824,C,38019,TN,3765,6543,1
7825,C,36078,AL,3764,5991,1
7826,C,52101,IA,3764,5611,1
7827,C,78063,TX,3764,4947,1
7828,C,17740,PA,3762,5041,1
7829,C,49696,MI,3762,5005,1
7830,C,18073,PA,3761,4266,1
7831,C,48065,MI,3760,4672,1
7832,C,60436,IL,3757,7136,1
7833,C,45690,OH,3757,6291,1
7834,C,32922,FL,3756,8667,1
7835,C,64110,MO,3756,8655,1
7836,C,84335,UT,3756,4769,1
7837,C,40211,KY,3755,11450,1
7838,C,33974,FL,3755,5771,1
7839,C,41056,KY,3754,6826,1
7840,C,05602,VT,3754,5961,1
7841,C,15071,PA,3754,5285,1
7842,C,64505,MO,3753,5836,1
7843,C,53527,WI,3753,4732,1
7844,C,02093,MA,3753,4656,1
7845,C,39525,MS,3753,4538,1
7846,C,55445,MN,3752,4793,1
7847,C,52577,IA,3751,6242,1
7848,C,32344,FL,3751,5988,1
7849,C,53228,WI,3750,7180,1
7850,C,75647,TX,3750,5706,1
7851,C,23221,VA,3749,7776,1
7852,C,42642,KY,3749,6453,1
7853,C,92610,CA,3749,4809,1
7854,C,40217,KY,3748,6840,1
7855,C,75686,TX,3748,6003,1
7856,C,64701,MO,3748,5988,1
7857,C,47460,IN,3748,5045,1
7858,C,20678,MD,3748,5016,1
7859,C,99202,WA,3747,8296,1
7860,C,65340,MO,3747,6293,1
7861,C,71602,AR,3743,7489,1
7862,C,77651,TX,3743,5964,1
7863,C,08318,NJ,3743,4648,1
7864,C,11766,NY,3743,4040,1
7865,C,02554,MA,3741,10985,1
7866,C,14425,NY,3741,5414,1
7867,C,38821,MS,3740,5840,1
7868,C,53074,WI,3739,5859,1
7869,C,30204,GA,3739,5651,1
7870,C,53085,WI,3738,5308,1
7871,C,85621,AZ,3737,8244,1
7872,C,53965,WI,3737,6792,1
7873,C,61264,IL,3737,4978,1
7874,C,29512,SC,3735,7755,1
7875,C,21029,MD,3735,4155,1
7876,C,46582,IN,3732,7064,1
7877,C,30513,GA,3731,8960,1
7878,C,18080,PA,3731,4947,1
7879,C,34242,FL,3730,10418,1
7880,C,29506,SC,3730,8710,1
7881,C,75801,TX,3730,7259,1
7882,C,54487,WI,3730,7200,1
7883,C,02631,MA,3729,8215,1
7884,C,68132,NE,3729,6856,1
7885,C,87004,NM,3728,4916,1
7886,C,01030,MA,3725,5199,1
7887,C,10013,NY,3723,15933,0
7888,C,44123,OH,3723,9176,1
7889,C,80030,CO,3722,6823,1
7890,C,81601,CO,3722,6491,1
7891,C,50219,IA,3722,5621,1
7892,C,29054,SC,3722,4950,1
7893,C,04530,ME,3720,6162,1
7894,C,17870,PA,3719,5778,1
7895,C,01605,MA,3718,12757,1
7896,C,47371,IN,3718,5458,1
7897,C,70047,LA,3718,5316,1
7898,C,48040,MI,3718,4588,1
7899,C,19312,PA,3718,4526,1
7900,C,78728,TX,3717,13878,1
7901,C,67213,KS,3717,9788,1
7902,C,30297,GA,3716,11438,1
7903,C,28711,NC,3715,7563,1
7904,C,75654,TX,3712,5285,1
7905,C,18954,PA,3712,3812,1
7906,C,02045,MA,3711,5733,1
7907,C,63138,MO,3710,9033,1
7908,C,17754,PA,3710,5381,1
7909,C,72012,AR,3708,6110,1
7910,C,75935,TX,3708,5753,1
7911,C,70805,LA,3707,11502,1
7912,C,74955,OK,3707,6353,1
7913,C,48840,MI,3707,6323,1
7914,C,14810,NY,3707,6110,1
7915,C,87413,NM,3706,5764,1
7916,C,66083,KS,3706,4677,1
7917,C,02126,MA,3705,9617,1
7918,C,17557,PA,3705,5460,1
7919,C,03909,ME,3704,7101,1
7920,C,24301,VA,3704,6554,1
7921,C,64057,MO,3703,6652,1
7922,C,27944,NC,3703,6038,1
7923,C,28697,NC,3703,6038,1
7924,C,60642,IL,3700,12144,1
7925,C,20708,MD,3700,11023,1
7926,C,68147,NE,3700,4641,1
7927,C,38004,TN,3700,4398,1
7928,C,67230,KS,3697,4093,1
7929,C,28465,NC,3696,10482,1
7930,C,93280,CA,3696,6848,1
7931,C,56031,MN,3696,5771,1
7932,C,28612,NC,3696,5449,1
7933,C,70006,LA,3695,6645,1
7934,C,38115,TN,3694,19179,1
7935,C,37909,TN,3694,8076,1
7936,C,74401,OK,3694,7818,1
7937,C,96130,CA,3694,7193,1
7938,C,93015,CA,3694,6196,1
7939,C,42345,KY,3694,4917,1
7940,C,44044,OH,3694,4304,1
7941,C,08837,NJ,3693,7670,1
7942,C,45694,OH,3693,5397,1
7943,C,18512,PA,3691,6272,1
7944,C,14411,NY,3691,5683,1
7945,C,01462,MA,3691,4711,1
7946,C,82520,WY,3690,5806,1
7947,C,29620,SC,3690,5705,1
7948,C,89703,NV,3690,5119,1
7949,C,15063,PA,3690,5045,1
7950,C,61523,IL,3690,4773,1
7951,C,67208,KS,3689,8067,1
7952,C,74447,OK,3689,7295,1
7953,C,85615,AZ,3688,4294,1
7954,C,18109,PA,3687,7395,1
7955,C,18964,PA,3687,5686,1
7956,C,10924,NY,3687,5178,1
7957,C,84066,UT,3686,5243,1
7958,C,97914,OR,3685,6730,1
7959,C,45068,OH,3685,4605,1
7960,C,33760,FL,3684,8779,1
7961,C,60432,IL,3684,7287,1
7962,C,27863,NC,3684,5385,1
7963,C,18202,PA,3682,6036,1
7964,C,63124,MO,3682,5410,1
7965,C,28516,NC,3681,7183,1
7966,C,32409,FL,3681,4525,1
7967,C,33976,FL,3679,5339,1
7968,C,95437,CA,3677,7654,1
7969,C,35951,AL,3677,5778,1
7970,C,12538,NY,3677,5609,1
7971,C,13492,NY,3677,4983,1
7972,C,94621,CA,3676,11078,1
7973,C,53534,WI,3676,5982,1
7974,C,27524,NC,3675,5988,1
7975,C,28551,NC,3675,5827,1
7976,C,11742,NY,3675,4610,1
7977,C,23707,VA,3674,7216,1
7978,C,10570,NY,3674,4481,1
7979,C,90035,CA,3673,13795,1
7980,C,31211,GA,3673,7736,1
7981,C,91106,CA,3671,11809,1
7982,C,49512,MI,3671,8870,1
7983,C,11206,NY,3670,34838,0
7984,C,20732,MD,3670,4512,1
7985,C,36874,AL,3670,4502,1
7986,C,99114,WA,3668,6154,1
7987,C,40243,KY,3667,6151,1
7988,C,81650,CO,3664,5088,1
7989,C,02896,RI,3664,4759,1
7990,C,10805,NY,3663,8731,1
7991,C,68122,NE,3663,4595,1
7992,C,18960,PA,3662,5264,1
7993,C,14006,NY,3662,5012,1
7994,C,44905,OH,3661,5227,1
7995,C,33868,FL,3661,5197,1
7996,C,49323,MI,3661,3920,1
7997,C,53204,WI,3660,14979,1
7998,C,49006,MI,3660,12093,1
7999,C,40108,KY,3660,5311,1
8000,C,77372,TX,3660,4779,1
8001,C,08882,NJ,3659,5789,1
8002,C,65742,MO,3659,5589,1
8003,C,64507,MO,3658,6017,1
8004,C,48801,MI,3658,5408,1
8005,C,55011,MN,3658,4060,1
8006,C,97218,OR,3657,6440,1
8007,C,99344,WA,3657,5936,1
8008,C,44112,OH,3656,11828,1
8009,C,41230,KY,3656,5621,1
8010,C,19060,PA,3656,3842,1
8011,C,70538,LA,3655,6428,1
8012,C,15066,PA,3655,6019,1
8013,C,75670,TX,3654,7357,1
8014,C,72150,AR,3654,5359,1
8015,C,94301,CA,3653,8220,1
8016,C,77591,TX,3653,7465,1
8017,C,48505,MI,3652,10546,1
8018,C,45415,OH,3651,5596,1
8019,C,22657,VA,3649,5274,1
8020,C,63670,MO,3648,5337,1
8021,C,57005,SD,3648,4693,1
8022,C,81505,CO,3647,5379,1
8023,C,97023,OR,3647,4718,1
8024,C,29403,SC,3646,13013,1
8025,C,14586,NY,3646,5108,1
8026,C,26726,WV,3645,5978,1
8027,C,28364,NC,3645,5490,1
8028,C,61068,IL,3643,6220,1
8029,C,48117,MI,3643,4316,1
8030,C,19703,DE,3642,7114,1
8031,C,33715,FL,3642,7060,1
8032,C,64117,MO,3641,7091,1
8033,C,93614,CA,3641,4875,1
8034,C,87571,NM,3640,7038,1
8035,C,86322,AZ,3639,5230,1
8036,C,95815,CA,3638,10527,1
8037,C,79007,TX,3638,6671,1
8038,C,13815,NY,3638,6445,1
8039,C,31206,GA,3637,11415,1
8040,C,46408,IN,3637,7861,1
8041,C,45806,OH,3636,4792,1
8042,C,72207,AR,3635,5800,1
8043,C,15061,PA,3634,5855,1
8044,C,15522,PA,3633,5752,1
8045,C,82935,WY,3632,5159,1
8046,C,35208,AL,3630,7469,1
8047,C,19344,PA,3630,4813,1
8048,C,94702,CA,3629,8209,1
8049,C,61603,IL,3627,8291,1
8050,C,02748,MA,3627,5409,1
8051,C,93908,CA,3625,4543,1
8052,C,27932,NC,3624,6550,1
8053,C,32640,FL,3624,5353,1
8054,C,29520,SC,3623,6554,1
8055,C,20619,MD,3622,6028,1
8056,C,28470,NC,3619,6123,1
8057,C,81082,CO,3619,6121,1
8058,C,60020,IL,3619,5523,1
8059,C,77037,TX,3619,5312,1
8060,C,14004,NY,3617,4386,1
8061,C,06106,CT,3616,16938,1
8062,C,39563,MS,3614,5717,1
8063,C,15037,PA,3614,4563,1
8064,C,87301,NM,3612,7776,1
8065,C,95117,CA,3611,11226,1
8066,C,64079,MO,3611,5515,1
8067,C,48661,MI,3610,6442,1
8068,C,81625,CO,3610,5667,1
8069,C,95451,CA,3609,6295,1
8070,C,62948,IL,3609,6177,1
8071,C,44481,OH,3609,4743,1
8072,C,08051,NJ,3609,4602,1
8073,C,32425,FL,3608,5922,1
8074,C,45249,OH,3608,5740,1
8075,C,45410,OH,3607,8028,1
8076,C,50316,IA,3607,6002,1
8077,C,94920,CA,3607,5778,1
8078,C,16137,PA,3607,4966,1
8079,C,01879,MA,3606,4374,1
8080,C,02140,MA,3605,11117,1
8081,C,28904,NC,3605,6561,1
8082,C,34488,FL,3604,6816,1
8083,C,51401,IA,3604,5576,1
8084,C,19030,PA,3603,4782,1
8085,C,32920,FL,3602,8872,1
8086,C,81416,CO,3601,5874,1
8087,C,32693,FL,3601,4908,1
8088,C,07043,NJ,3601,4499,1
8089,C,87102,NM,3600,11346,1
8090,C,14214,NY,3600,9280,1
8091,C,71753,AR,3600,7421,1
8092,C,94904,CA,3600,5982,1
8093,C,60545,IL,3600,4982,1
8094,C,45122,OH,3600,4603,1
8095,C,71047,LA,3600,4578,1
8096,C,77531,TX,3599,7502,1
8097,C,01754,MA,3599,4845,1
8098,C,33815,FL,3598,7646,1
8099,C,14092,NY,3598,5241,1
8100,C,94085,CA,3597,9666,1
8101,C,15963,PA,3597,5227,1
8102,C,84337,UT,3597,5111,1
8103,C,94123,CA,3596,14883,1
8104,C,59401,MT,3596,6921,1
8105,C,85735,AZ,3596,4609,1
8106,C,74857,OK,3596,4243,1
8107,C,91377,CA,3595,5239,1
8108,C,61525,IL,3595,4324,1
8109,C,12189,NY,3593,9887,1
8110,C,01463,MA,3593,4516,1
8111,C,10514,NY,3593,4205,1
8112,C,65026,MO,3592,5718,1
8113,C,55435,MN,3591,8218,1
8114,C,23072,VA,3591,5549,1
8115,C,98070,WA,3590,5616,1
8116,C,22835,VA,3588,6291,1
8117,C,98019,WA,3588,4090,1
8118,C,15005,PA,3587,4470,1
8119,C,11222,NY,3586,21917,0
8120,C,78701,TX,3585,8021,0
8121,C,98528,WA,3584,5455,1
8122,C,60033,IL,3583,5279,1
8123,C,02743,MA,3581,4139,1
8124,C,33916,FL,3580,12480,1
8125,C,79601,TX,3579,9422,1
8126,C,34434,FL,3579,4559,1
8127,C,79902,TX,3578,9752,1
8128,C,05495,VT,3578,5070,1
8129,C,83333,ID,3576,5525,1
8130,C,13207,NY,3575,5954,1
8131,C,07940,NJ,3575,5733,1
8132,C,92320,CA,3575,4156,1
8133,C,10026,NY,3574,17648,0
8134,C,62052,IL,3574,5564,1
8135,C,77085,TX,3573,5800,1
8136,C,59044,MT,3573,5247,1
8137,C,08722,NJ,3573,4180,1
8138,C,29061,SC,3572,5479,1
8139,C,28168,NC,3572,4743,1
8140,C,85006,AZ,3571,10607,1
8141,C,02341,MA,3571,4014,1
8142,C,10001,NY,3570,17554,0
8143,C,81006,CO,3570,4795,1
8144,C,95341,CA,3568,9331,1
8145,C,85607,AZ,3568,6811,1
8146,C,55108,MN,3567,6938,1
8147,C,16059,PA,3567,4369,1
8148,C,94609,CA,3566,11915,1
8149,C,39183,MS,3566,6764,1
8150,C,02601,MA,3565,9077,1
8151,C,48912,MI,3564,9064,1
8152,C,60950,IL,3564,5243,1
8153,C,67410,KS,3563,4781,1
8154,C,93108,CA,3562,5670,1
8155,C,07663,NJ,3562,5457,1
8156,C,54942,WI,3562,4056,1
8157,C,36106,AL,3561,7236,1
8158,C,12188,NY,3561,5197,1
8159,C,90717,CA,3560,8199,1
8160,C,18634,PA,3560,6497,1
8161,C,28690,NC,3560,4754,1
8162,C,80421,CO,3560,4702,1
8163,C,72086,AR,3559,4983,1
8164,C,76367,TX,3558,4370,1
8165,C,63012,MO,3558,4146,1
8166,C,60422,IL,3558,3894,1
8167,C,75065,TX,3557,5125,1
8168,C,94063,CA,3556,12162,1
8169,C,60152,IL,3556,4715,1
8170,C,34690,FL,3554,7182,1
8171,C,32569,FL,3554,5795,1
8172,C,61072,IL,3554,4333,1
8173,C,35904,AL,3551,6272,1
8174,C,06418,CT,3551,6086,1
8175,C,95338,CA,3551,5656,1
8176,C,44667,OH,3551,5381,1
8177,C,44062,OH,3551,4659,1
8178,C,99603,AK,3550,6251,1
8179,C,30650,GA,3549,5723,1
8180,C,47001,IN,3549,4529,1
8181,C,06479,CT,3547,4375,1
8182,C,06114,CT,3546,11206,1
8183,C,07458,NJ,3546,4210,1
8184,C,60429,IL,3545,5969,1
8185,C,60624,IL,3544,16250,1
8186,C,74129,OK,3544,7751,1
8187,C,98446,WA,3544,5447,1
8188,C,23875,VA,3544,5013,1
8189,C,19104,PA,3543,23888,1
8190,C,19970,DE,3540,8418,1
8191,C,11004,NY,3539,5394,1
8192,C,71119,LA,3539,5239,1
8193,C,02343,MA,3539,4268,1
8194,C,29645,SC,3538,5012,1
8195,C,19540,PA,3537,4515,1
8196,C,75601,TX,3533,6545,1
8197,C,90305,CA,3533,6499,1
8198,C,90670,CA,3533,5814,1
8199,C,06371,CT,3533,5503,1
8200,C,07045,NJ,3533,3707,1
8201,C,64127,MO,3532,8884,1
8202,C,55107,MN,3532,6063,1
8203,C,12839,NY,3531,6515,1
8204,C,28016,NC,3531,5805,1
8205,C,24211,VA,3531,4748,1
8206,C,49720,MI,3528,6236,1
8207,C,01510,MA,3526,7017,1
8208,C,33843,FL,3526,5930,1
8209,C,44301,OH,3525,6859,1
8210,C,94965,CA,3525,6797,1
8211,C,49240,MI,3525,4050,1
8212,C,73068,OK,3524,5115,1
8213,C,47122,IN,3524,4242,1
8214,C,72455,AR,3522,5858,1
8215,C,44615,OH,3522,5077,1
8216,C,67211,KS,3521,9568,1
8217,C,12095,NY,3521,5808,1
8218,C,80621,CO,3521,5110,1
8219,C,15129,PA,3521,4759,1
8220,C,33146,FL,3519,6788,1
8221,C,16407,PA,3518,5178,1
8222,C,14207,NY,3517,11317,1
8223,C,78220,TX,3516,7098,1
8224,C,79403,TX,3516,6530,1
8225,C,08048,NJ,3516,5024,1
8226,C,76537,TX,3516,4538,1
8227,C,35004,AL,3515,4801,1
8228,C,02356,MA,3515,4768,1
8229,C,61356,IL,3514,5120,1
8230,C,66618,KS,3514,3974,1
8231,C,45426,OH,3513,7476,1
8232,C,92625,CA,3513,6802,1
8233,C,34429,FL,3512,5458,1
8234,C,43953,OH,3512,5313,1
8235,C,29691,SC,3511,5518,1
8236,C,67357,KS,3509,5887,1
8237,C,11953,NY,3509,5848,1
8238,C,35620,AL,3509,4358,1
8239,C,66085,KS,3509,4248,1
8240,C,37416,TN,3508,6598,1
8241,C,45305,OH,3507,4466,1
8242,C,06019,CT,3507,4264,1
8243,C,71801,AR,3506,6900,1
8244,C,32091,FL,3506,6751,1
8245,C,59923,MT,3506,5295,1
8246,C,23024,VA,3506,4956,1
8247,C,93103,CA,3505,8069,1
8248,C,74948,OK,3504,5358,1
8249,C,95490,CA,3502,6077,1
8250,C,62450,IL,3502,5881,1
8251,C,19444,PA,3501,4751,1
8252,C,76084,TX,3501,4011,1
8253,C,31539,GA,3499,6141,1
8254,C,90402,CA,3499,5731,1
8255,C,14527,NY,3498,6252,1
8256,C,59501,MT,3496,5790,1
8257,C,36877,AL,3496,4929,1
8258,C,60449,IL,3496,3752,1
8259,C,95422,CA,3495,7890,1
8260,C,38663,MS,3495,5665,1
8261,C,55409,MN,3495,5488,1
8262,C,97141,OR,3494,6367,1
8263,C,33873,FL,3494,5655,1
8264,C,10302,NY,3493,6927,1
8265,C,73065,OK,3491,4413,1
8266,C,98121,WA,3490,15781,0
8267,C,92354,CA,3490,8975,1
8268,C,48750,MI,3490,7074,1
8269,C,31220,GA,3490,6475,1
8270,C,50677,IA,3490,5053,1
8271,C,33966,FL,3489,7472,1
8272,C,94542,CA,3489,5232,1
8273,C,32136,FL,3487,5498,1
8274,C,08812,NJ,3487,4916,1
8275,C,53202,WI,3486,18629,1
8276,C,19317,PA,3485,4212,1
8277,C,75645,TX,3484,4505,1
8278,C,45833,OH,3483,4735,1
8279,C,76105,TX,3482,7667,1
8280,C,89410,NV,3482,5285,1
8281,C,14063,NY,3481,5861,1
8282,C,77713,TX,3480,6636,1
8283,C,33513,FL,3480,5527,1
8284,C,19390,PA,3480,4524,1
8285,C,12771,NY,3479,6163,1
8286,C,90623,CA,3478,5191,1
8287,C,38618,MS,3478,4810,1
8288,C,03077,NH,3478,4521,1
8289,C,77554,TX,3477,10516,1
8290,C,14213,NY,3476,11397,1
8291,C,78224,TX,3476,7034,1
8292,C,32680,FL,3476,5666,0
8293,C,01082,MA,3476,5021,1
8294,C,06883,CT,3475,3845,1
8295,C,77060,TX,3474,16660,1
8296,C,33149,FL,3474,7514,1
8297,C,70647,LA,3474,4702,1
8298,C,60464,IL,3474,4450,1
8299,C,14032,NY,3474,3936,1
8300,C,47586,IN,3472,5197,1
8301,C,34949,FL,3471,8033,1
8302,C,95453,CA,3471,5488,1
8303,C,72745,AR,3471,5324,1
8304,C,78003,TX,3470,5194,1
8305,C,63111,MO,3468,10541,1
8306,C,08105,NJ,3468,8681,1
8307,C,63841,MO,3468,6008,1
8308,C,19475,PA,3468,5154,1
8309,C,33767,FL,3467,8806,1
8310,C,88008,NM,3466,4364,1
8311,C,01540,MA,3466,4337,1
8312,C,44485,OH,3465,7640,1
8313,C,03275,NH,3465,4739,1
8314,C,12801,NY,3464,7287,1
8315,C,08901,NJ,3462,17071,1
8316,C,20737,MD,3462,7218,1
8317,C,46540,IN,3462,4245,1
8318,C,77061,TX,3461,9942,1
8319,C,71655,AR,3461,6659,1
8320,C,10520,NY,3461,5425,1
8321,C,38112,TN,3460,7425,1
8322,C,88260,NM,3459,5474,1
8323,C,28457,NC,3458,4799,1
8324,C,77028,TX,3457,7102,0
8325,C,60548,IL,3457,4649,1
8326,C,27701,NC,3456,13409,1
8327,C,15370,PA,3456,5580,1
8328,C,75758,TX,3456,5080,1
8329,C,68138,NE,3456,4889,1
8330,C,70754,LA,3456,4743,1
8331,C,10960,NY,3455,6680,1
8332,C,29829,SC,3455,4849,1
8333,C,95368,CA,3455,4337,1
8334,C,73139,OK,3454,8790,1
8335,C,49738,MI,3454,7299,1
8336,C,46107,IN,3454,5755,1
8337,C,64503,MO,3453,5774,1
8338,C,38668,MS,3453,5301,1
8339,C,29180,SC,3452,6373,1
8340,C,26354,WV,3450,4678,1
8341,C,17033,PA,3449,6733,1
8342,C,61354,IL,3449,5111,1
8343,C,19350,PA,3449,3992,1
8344,C,53713,WI,3447,11635,1
8345,C,81101,CO,3447,6739,1
8346,C,44028,OH,3447,3907,1
8347,C,85087,AZ,3447,3794,1
8348,C,99701,AK,3446,8757,1
8349,C,76301,TX,3446,7762,1
8350,C,62812,IL,3446,5582,1
8351,C,10472,NY,3445,24259,1
8352,C,75462,TX,3444,4717,1
8353,C,67220,KS,3443,6032,1
8354,C,92075,CA,3442,5994,1
8355,C,07419,NJ,3442,4637,1
8356,C,35128,AL,3442,4635,1
8357,C,17340,PA,3442,4489,1
8358,C,94703,CA,3441,9654,1
8359,C,21532,MD,3441,6044,1
8360,C,56649,MN,3440,5071,1
8361,C,49127,MI,3440,5043,1
8362,C,93041,CA,3439,9083,1
8363,C,48732,MI,3437,5329,1
8364,C,95320,CA,3435,5123,1
8365,C,14620,NY,3434,13060,1
8366,C,94705,CA,3434,6335,1
8367,C,70525,LA,3432,5670,1
8368,C,81008,CO,3432,5302,1
8369,C,17756,PA,3431,4574,1
8370,C,51031,IA,3430,5443,1
8371,C,38462,TN,3430,4711,1
8372,C,21048,MD,3429,3740,1
8373,C,75551,TX,3428,5054,1
8374,C,49408,MI,3427,4933,1
8375,C,29325,SC,3426,6385,1
8376,C,54806,WI,3425,5599,1
8377,C,44505,OH,3424,7524,1
8378,C,18071,PA,3423,5082,1
8379,C,10918,NY,3423,4607,1
8380,C,10803,NY,3423,4360,1
8381,C,96021,CA,3422,5879,1
8382,C,37327,TN,3422,5319,1
8383,C,23002,VA,3422,4615,1
8384,C,16415,PA,3422,3958,1
8385,C,22307,VA,3419,4742,1
8386,C,28207,NC,3419,4495,1
8387,C,61801,IL,3418,13468,1
8388,C,81520,CO,3418,5411,1
8389,C,13205,NY,3417,8868,1
8390,C,39501,MS,3416,10565,1
8391,C,54603,WI,3416,7168,1
8392,C,02347,MA,3415,4443,1
8393,C,28166,NC,3415,4423,1
8394,C,56470,MN,3414,7478,1
8395,C,79903,TX,3414,6708,1
8396,C,62946,IL,3414,5621,1
8397,C,06798,CT,3413,4704,1
8398,C,22827,VA,3413,4671,1
8399,C,32643,FL,3413,4487,1
8400,C,63132,MO,3412,6253,1
8401,C,75418,TX,3412,5704,1
8402,C,28638,NC,3412,4961,1
8403,C,34431,FL,3412,4744,1
8404,C,79935,TX,3411,7165,1
8405,C,97027,OR,3411,5365,1
8406,C,77336,TX,3411,5138,1
8407,C,33182,FL,3411,4245,1
8408,C,46534,IN,3410,5614,1
8409,C,60481,IL,3410,5553,1
8410,C,78225,TX,3410,5410,0
8411,C,93950,CA,3409,8315,1
8412,C,84501,UT,3408,5459,1
8413,C,08022,NJ,3407,3709,1
8414,C,43125,OH,3406,6206,1
8415,C,15084,PA,3406,4756,1
8416,C,19609,PA,3406,4291,1
8417,C,68111,NE,3402,9729,1
8418,C,45804,OH,3401,7108,1
8419,C,53717,WI,3400,6404,1
8420,C,53120,WI,3399,4847,1
8421,C,48509,MI,3396,4166,1
8422,C,21793,MD,3396,4069,1
8423,C,01060,MA,3395,7875,1
8424,C,37854,TN,3395,5908,1
8425,C,30025,GA,3395,4086,1
8426,C,70062,LA,3394,6679,1
8427,C,47012,IN,3393,4978,1
8428,C,02664,MA,3392,7185,1
8429,C,21787,MD,3392,4429,1
8430,C,78861,TX,3391,5163,1
8431,C,63390,MO,3389,5681,1
8432,C,65605,MO,3389,5299,1
8433,C,08004,NJ,3388,4238,1
8434,C,71301,LA,3387,9173,1
8435,C,11575,NY,3386,4597,1
8436,C,32206,FL,3385,9415,1
8437,C,22301,VA,3385,6400,1
8438,C,70422,LA,3385,6204,1
8439,C,74033,OK,3385,4868,1
8440,C,39074,MS,3384,6222,1
8441,C,45875,OH,3383,4203,1
8442,C,98250,WA,3382,5998,1
8443,C,03281,NH,3382,3987,1
8444,C,32561,FL,3381,6591,1
8445,C,39059,MS,3380,5281,1
8446,C,65583,MO,3379,5836,1
8447,C,76657,TX,3379,4775,1
8448,C,27101,NC,3378,11958,1
8449,C,13148,NY,3378,5565,1
8450,C,49112,MI,3377,4631,1
8451,C,54451,WI,3376,5088,1
8452,C,48206,MI,3375,10784,1
8453,C,84532,UT,3375,5658,1
8454,C,35634,AL,3375,4959,1
8455,C,40513,KY,3375,4734,1
8456,C,87048,NM,3375,4079,1
8457,C,54521,WI,3374,7687,1
8458,C,38852,MS,3374,5095,1
8459,C,60433,IL,3373,5774,1
8460,C,49837,MI,3373,4488,1
8461,C,18708,PA,3373,4174,1
8462,C,16511,PA,3372,4861,1
8463,C,62960,IL,3371,5462,1
8464,C,17972,PA,3371,5033,1
8465,C,08863,NJ,3371,4770,1
8466,C,55077,MN,3370,5403,1
8467,C,17241,PA,3369,4636,1
8468,C,11598,NY,3368,4079,1
8469,C,28445,NC,3367,8832,1
8470,C,99026,WA,3367,3623,1
8471,C,39730,MS,3366,5530,1
8472,C,47408,IN,3365,10456,1
8473,C,25401,WV,3364,6841,1
8474,C,04107,ME,3362,4007,1
8475,C,14843,NY,3361,6353,1
8476,C,45106,OH,3361,4724,1
8477,C,30830,GA,3359,6208,1
8478,C,59911,MT,3359,5707,1
8479,C,63077,MO,3359,5392,1
8480,C,33154,FL,3358,10104,1
8481,C,49107,MI,3358,5096,1
8482,C,92606,CA,3357,9436,1
8483,C,62881,IL,3357,5032,1
8484,C,28610,NC,3356,5050,1
8485,C,60523,IL,3356,4601,1
8486,C,98252,WA,3356,4441,1
8487,C,84029,UT,3356,4045,1
8488,C,48074,MI,3356,3809,1
8489,C,73109,OK,3352,8344,1
8490,C,56431,MN,3352,7113,1
8491,C,28721,NC,3352,5154,1
8492,C,38843,MS,3352,5136,1
8493,C,55424,MN,3352,3845,1
8494,C,33137,FL,3351,15237,1
8495,C,99218,WA,3351,6464,1
8496,C,45309,OH,3350,4849,1
8497,C,78264,TX,3350,4465,0
8498,C,17003,PA,3349,4507,1
8499,C,33859,FL,3348,5739,1
8500,C,11764,NY,3348,4605,1
8501,C,80203,CO,3347,16887,1
8502,C,24592,VA,3347,6821,1
8503,C,18324,PA,3347,5788,0
8504,C,52632,IA,3346,5793,1
8505,C,53555,WI,3346,4523,1
8506,C,07722,NJ,3346,3723,1
8507,C,01562,MA,3345,5788,1
8508,C,46036,IN,3345,5284,1
8509,C,76504,TX,3344,11068,1
8510,C,19123,PA,3343,10636,1
8511,C,77094,TX,3343,4362,1
8512,C,66086,KS,3342,4205,1
8513,C,32038,FL,3341,4739,1
8514,C,27376,NC,3341,4598,1
8515,C,46341,IN,3341,4179,1
8516,C,07452,NJ,3341,3755,1
8517,C,78584,TX,3340,6639,0
8518,C,72921,AR,3340,5287,1
8519,C,27045,NC,3340,4632,1
8520,C,33602,FL,3339,11972,1
8521,C,60083,IL,3339,3628,1
8522,C,94103,CA,3337,20920,0
8523,C,79108,TX,3336,5079,1
8524,C,95540,CA,3335,6087,1
8525,C,85602,AZ,3334,5386,1
8526,C,15137,PA,3334,5336,1
8527,C,29536,SC,3333,7264,1
8528,C,73045,OK,3333,4488,1
8529,C,63348,MO,3333,4018,1
8530,C,07417,NJ,3333,3886,1
8531,C,02061,MA,3333,3739,1
8532,C,44216,OH,3332,3691,1
8533,C,40215,KY,3331,9070,1
8534,C,75494,TX,3331,5181,1
8535,C,95054,CA,3330,10001,1
8536,C,75862,TX,3330,5809,0
8537,C,03878,NH,3330,5722,1
8538,C,18657,PA,3330,5346,1
8539,C,11753,NY,3329,4132,1
8540,C,78945,TX,3328,5461,1
8541,C,06078,CT,3328,4174,1
8542,C,77027,TX,3327,13286,1
8543,C,33316,FL,3326,8946,1
8544,C,62896,IL,3326,5271,1
8545,C,39437,MS,3326,5210,1
8546,C,43146,OH,3326,4000,1
8547,C,38106,TN,3325,11630,1
8548,C,97367,OR,3325,8138,1
8549,C,34637,FL,3325,3875,0
8550,C,07105,NJ,3324,20608,1
8551,C,33150,FL,3323,12403,1
8552,C,40242,KY,3322,4963,1
8553,C,16441,PA,3322,4173,1
8554,C,76085,TX,3322,4027,1
8555,C,92225,CA,3321,7797,1
8556,C,23508,VA,3321,7112,1
8557,C,08010,NJ,3321,4995,1
8558,C,71923,AR,3320,7087,1
8559,C,07661,NJ,3320,4479,1
8560,C,08502,NJ,3320,4049,1
8561,C,27801,NC,3318,9162,1
8562,C,30054,GA,3318,4545,1
8563,C,37764,TN,3317,4673,1
8564,C,95816,CA,3314,11553,1
8565,C,30314,GA,3313,9900,1
8566,C,19945,DE,3313,5823,1
8567,C,72396,AR,3313,5524,1
8568,C,90048,CA,3312,13733,1
8569,C,15656,PA,3311,4752,1
8570,C,31023,GA,3310,6423,1
8571,C,29556,SC,3310,5660,1
8572,C,96766,HI,3310,5562,1
8573,C,16901,PA,3309,5360,1
8574,C,33765,FL,3308,6873,1
8575,C,22202,VA,3307,18110,1
8576,C,59860,MT,3307,6760,1
8577,C,59711,MT,3306,6108,1
8578,C,80615,CO,3306,3684,1
8579,C,04064,ME,3304,6783,1
8580,C,12182,NY,3303,7314,1
8581,C,14031,NY,3303,4539,1
8582,C,38058,TN,3303,4113,1
8583,C,30622,GA,3302,4336,1
8584,C,99005,WA,3302,3656,1
8585,C,68522,NE,3300,4682,1
8586,C,32805,FL,3299,9332,1
8587,C,55386,MN,3299,3670,1
8588,C,52556,IA,3298,6141,1
8589,C,07442,NJ,3298,4235,1
8590,C,45506,OH,3297,6613,1
8591,C,78578,TX,3297,6391,1
8592,C,07208,NJ,3296,12958,1
8593,C,54457,WI,3296,5594,1
8594,C,83350,ID,3296,4939,1
8595,C,02482,MA,3296,4249,1
8596,C,39828,GA,3295,6346,1
8597,C,32821,FL,3294,15061,1
8598,C,43103,OH,3294,4651,1
8599,C,48164,MI,3294,3625,1
8600,C,89512,NV,3293,12374,1
8601,C,49078,MI,3293,4315,1
8602,C,13827,NY,3292,5108,1
8603,C,75231,TX,3291,21412,1
8604,C,35652,AL,3291,4758,1
8605,C,74003,OK,3290,6812,1
8606,C,56187,MN,3290,5453,1
8607,C,23704,VA,3288,9538,1
8608,C,12571,NY,3286,4454,1
8609,C,71109,LA,3284,9099,1
8610,C,23851,VA,3284,6063,1
8611,C,52641,IA,3284,5326,1
8612,C,85622,AZ,3284,4678,1
8613,C,46567,IN,3282,5849,1
8614,C,61080,IL,3282,4773,1
8615,C,89146,NV,3281,8385,1
8616,C,76905,TX,3281,5293,1
8617,C,22443,VA,3280,5561,1
8618,C,03109,NH,3280,4250,1
8619,C,07981,NJ,3279,3723,1
8620,C,48084,MI,3278,7402,1
8621,C,81506,CO,3278,5737,1
8622,C,01450,MA,3278,3773,1
8623,C,01609,MA,3277,9126,1
8624,C,60143,IL,3277,4879,1
8625,C,14619,NY,3276,5891,1
8626,C,45213,OH,3275,5844,1
8627,C,31533,GA,3274,7351,1
8628,C,07035,NJ,3273,4353,1
8629,C,36037,AL,3271,6613,1
8630,C,40033,KY,3271,5167,1
8631,C,44408,OH,3271,5079,1
8632,C,14210,NY,3270,7813,1
8633,C,02673,MA,3270,6596,1
8634,C,76309,TX,3270,6477,1
8635,C,77488,TX,3270,6106,1
8636,C,50112,IA,3270,5018,1
8637,C,76006,TX,3269,13815,1
8638,C,39666,MS,3269,4714,1
8639,C,29356,SC,3269,4434,1
8640,C,66701,KS,3268,5332,1
8641,C,38614,MS,3266,7793,1
8642,C,19078,PA,3266,4969,1
8643,C,11106,NY,3264,21681,1
8644,C,23509,VA,3264,5920,1
8645,C,45648,OH,3264,4834,1
8646,C,58203,ND,3263,8395,1
8647,C,18229,PA,3263,4820,1
8648,C,73501,OK,3262,9216,1
8649,C,38237,TN,3262,6754,1
8650,C,14437,NY,3261,4469,1
8651,C,45050,OH,3260,4395,1
8652,C,21219,MD,3259,4093,1
8653,C,90804,CA,3258,15998,1
8654,C,62095,IL,3258,5186,1
8655,C,95073,CA,3258,4722,1
8656,C,72173,AR,3258,4090,1
8657,C,97138,OR,3257,7785,1
8658,C,15902,PA,3257,6281,1
8659,C,34428,FL,3257,5058,1
8660,C,28429,NC,3257,3906,1
8661,C,28753,NC,3256,5381,1
8662,C,57107,SD,3256,4851,1
8663,C,15003,PA,3255,5955,1
8664,C,06110,CT,3255,5540,1
8665,C,98346,WA,3255,4259,1
8666,C,28203,NC,3253,11641,1
8667,C,25071,WV,3253,5078,1
8668,C,21911,MD,3253,4149,1
8669,C,31757,GA,3252,4896,1
8670,C,95521,CA,3251,9797,1
8671,C,53190,WI,3251,8331,1
8672,C,13078,NY,3251,3949,1
8673,C,66720,KS,3250,4958,1
8674,C,37807,TN,3249,4998,1
8675,C,49461,MI,3249,4220,1
8676,C,63112,MO,3248,11521,1
8677,C,06098,CT,3248,5576,1
8678,C,33181,FL,3246,9401,1
8679,C,67337,KS,3246,5660,1
8680,C,77563,TX,3246,4769,1
8681,C,11755,NY,3246,4146,1
8682,C,97487,OR,3245,4038,1
8683,C,39307,MS,3244,7363,1
8684,C,90715,CA,3244,6536,1
8685,C,04736,ME,3244,4719,1
8686,C,44110,OH,3243,11140,1
8687,C,33004,FL,3242,9427,1
8688,C,73129,OK,3241,7569,0
8689,C,18447,PA,3241,4799,1
8690,C,19311,PA,3241,3941,1
8691,C,21090,MD,3240,4191,1
8692,C,98550,WA,3239,5373,1
8693,C,78725,TX,3239,4293,0
8694,C,54971,WI,3238,4918,1
8695,C,27301,NC,3238,4231,1
8696,C,07112,NJ,3237,11779,1
8697,C,77026,TX,3237,9580,0
8698,C,29306,SC,3237,7618,1
8699,C,70121,LA,3237,6415,1
8700,C,70512,LA,3236,4292,1
8701,C,85305,AZ,3235,5977,1
8702,C,79029,TX,3235,5940,1
8703,C,70544,LA,3234,4637,1
8704,C,08232,NJ,3233,7136,1
8705,C,79556,TX,3233,6238,1
8706,C,43964,OH,3232,4493,1
8707,C,31014,GA,3230,5619,1
8708,C,28360,NC,3230,5092,1
8709,C,55063,MN,3230,4998,1
8710,C,44119,OH,3229,6941,1
8711,C,23901,VA,3229,6561,1
8712,C,70053,LA,3228,7865,1
8713,C,56082,MN,3228,5149,1
8714,C,85131,AZ,3226,5381,1
8715,C,35768,AL,3225,5460,1
8716,C,62024,IL,3225,4719,1
8717,C,91108,CA,3224,4490,1
8718,C,86315,AZ,3224,4213,1
8719,C,19933,DE,3223,4454,1
8720,C,19122,PA,3222,10139,1
8721,C,39667,MS,3222,5446,1
8722,C,10941,NY,3221,5486,1
8723,C,28134,NC,3221,5299,1
8724,C,22942,VA,3221,4947,1
8725,C,17702,PA,3221,4533,1
8726,C,61065,IL,3220,3846,1
8727,C,46001,IN,3219,5065,1
8728,C,64111,MO,3218,12430,1
8729,C,92314,CA,3218,9425,1
8730,C,73116,OK,3218,4966,1
8731,C,78076,TX,3217,5684,0
8732,C,49646,MI,3217,5652,1
8733,C,91602,CA,3216,10791,1
8734,C,45246,OH,3216,6289,1
8735,C,34607,FL,3216,5025,1
8736,C,50311,IA,3214,7180,1
8737,C,27052,NC,3214,4447,1
8738,C,01550,MA,3213,7644,1
8739,C,64075,MO,3213,4695,1
8740,C,43410,OH,3213,4456,1
8741,C,14103,NY,3212,4769,1
8742,C,08620,NJ,3212,4195,1
8743,C,10589,NY,3212,4020,1
8744,C,40212,KY,3211,8061,1
8745,C,33616,FL,3211,7068,1
8746,C,41465,KY,3208,4954,0
8747,C,04086,ME,3208,4389,1
8748,C,20024,DC,3207,11560,1
8749,C,15906,PA,3207,5913,1
8750,C,43211,OH,3206,9956,1
8751,C,48629,MI,3205,7248,1
8752,C,05408,VT,3205,4455,1
8753,C,47670,IN,3204,5440,1
8754,C,95425,CA,3204,4600,1
8755,C,15658,PA,3204,4584,1
8756,C,68112,NE,3204,4560,1
8757,C,07821,NJ,3204,3779,1
8758,C,61462,IL,3203,4800,1
8759,C,17963,PA,3203,4301,1
8760,C,91501,CA,3202,8510,1
8761,C,78219,TX,3202,6303,1
8762,C,52748,IA,3202,3913,1
8763,C,71129,LA,3201,6523,1
8764,C,35769,AL,3201,4704,1
8765,C,28425,NC,3200,4910,1
8766,C,95841,CA,3199,8817,1
8767,C,28748,NC,3199,4908,1
8768,C,39114,MS,3199,4538,1
8769,C,01062,MA,3199,4481,1
8770,C,55439,MN,3199,3735,1
8771,C,81611,CO,3198,7564,1
8772,C,30546,GA,3198,6129,1
8773,C,41653,KY,3198,5361,1
8774,C,48768,MI,3198,4146,1
8775,C,07945,NJ,3198,3651,1
8776,C,74106,OK,3197,8341,1
8777,C,25541,WV,3197,4500,1
8778,C,02056,MA,3197,3464,1
8779,C,97209,OR,3195,16437,0
8780,C,82072,WY,3195,7834,1
8781,C,76103,TX,3194,6040,1
8782,C,31535,GA,3194,4991,1
8783,C,38320,TN,3194,4983,1
8784,C,43351,OH,3194,4749,1
8785,C,90301,CA,3193,12884,1
8786,C,02493,MA,3193,3814,1
8787,C,34237,FL,3192,9194,1
8788,C,80433,CO,3192,3578,1
8789,C,93442,CA,3191,6537,1
8790,C,95640,CA,3190,4120,1
8791,C,29630,SC,3187,7662,1
8792,C,81201,CO,3187,5407,1
8793,C,77612,TX,3187,4211,1
8794,C,53963,WI,3186,4807,1
8795,C,70445,LA,3186,4323,1
8796,C,16055,PA,3186,3601,1
8797,C,89106,NV,3185,10906,1
8798,C,48875,MI,3185,4330,1
8799,C,53037,WI,3184,4298,1
8800,C,44662,OH,3184,4069,1
8801,C,19352,PA,3182,3427,1
8802,C,07828,NJ,3180,5970,1
8803,C,46394,IN,3179,5437,1
8804,C,29127,SC,3179,4872,1
8805,C,45669,OH,3179,4724,1
8806,C,24521,VA,3179,4592,1
8807,C,89143,NV,3178,4341,1
8808,C,99019,WA,3177,5202,1
8809,C,53536,WI,3177,4092,1
8810,C,37381,TN,3176,5004,1
8811,C,30360,GA,3175,6065,1
8812,C,14001,NY,3175,4477,1
8813,C,94606,CA,3173,17457,1
8814,C,84050,UT,3172,3754,1
8815,C,32784,FL,3171,4971,1
8816,C,28103,NC,3169,4516,1
8817,C,36274,AL,3168,5237,1
8818,C,29670,SC,3167,4933,1
8819,C,32132,FL,3167,4266,1
8820,C,46278,IN,3167,3357,1
8821,C,31316,GA,3165,4842,0
8822,C,33637,FL,3164,8402,1
8823,C,21713,MD,3164,4109,1
8824,C,10930,NY,3164,3647,1
8825,C,37760,TN,3163,5798,1
8826,C,53549,WI,3163,4544,1
8827,C,12566,NY,3163,4454,1
8828,C,76707,TX,3162,6678,1
8829,C,36863,AL,3162,5421,1
8830,C,66002,KS,3162,5278,1
8831,C,36587,AL,3162,4616,1
8832,C,07921,NJ,3162,4072,1
8833,C,23664,VA,3160,4871,1
8834,C,49712,MI,3159,5075,1
8835,C,07932,NJ,3159,4880,1
8836,C,98328,WA,3159,4309,1
8837,C,25312,WV,3159,4305,1
8838,C,35805,AL,3158,10618,1
8839,C,77484,TX,3158,5180,1
8840,C,29322,SC,3158,4280,1
8841,C,51360,IA,3157,6638,1
8842,C,88081,NM,3157,5914,0
8843,C,34602,FL,3157,4079,1
8844,C,54482,WI,3157,3983,1
8845,C,08031,NJ,3155,5118,1
8846,C,44632,OH,3155,4066,1
8847,C,16146,PA,3154,7026,1
8848,C,55807,MN,3154,4572,1
8849,C,17104,PA,3153,8700,1
8850,C,35565,AL,3153,5674,1
8851,C,48809,MI,3153,4612,1
8852,C,62901,IL,3150,12498,1
8853,C,18031,PA,3150,4569,1
8854,C,76571,TX,3150,3742,1
8855,C,54615,WI,3149,4913,1
8856,C,44090,OH,3149,4241,1
8857,C,15332,PA,3148,3878,1
8858,C,28731,NC,3147,4417,1
8859,C,24084,VA,3146,5325,1
8860,C,02458,MA,3146,5238,1
8861,C,77461,TX,3146,4380,1
8862,C,04444,ME,3146,3936,1
8863,C,78112,TX,3146,3695,0
8864,C,72801,AR,3145,7530,1
8865,C,16354,PA,3145,5216,1
8866,C,44471,OH,3145,5120,1
8867,C,50588,IA,3145,5040,1
8868,C,62454,IL,3145,4682,1
8869,C,18058,PA,3145,4590,1
8870,C,80903,CO,3144,8340,1
8871,C,74432,OK,3144,6496,1
8872,C,15207,PA,3144,5624,1
8873,C,82633,WY,3143,4653,1
8874,C,53086,WI,3143,4003,1
8875,C,77011,TX,3142,7366,1
8876,C,06239,CT,3142,4936,1
8877,C,70359,LA,3141,3768,1
8878,C,49224,MI,3140,5277,1
8879,C,45157,OH,3140,4069,1
8880,C,07836,NJ,3139,4777,1
8881,C,31320,GA,3139,4631,1
8882,C,55340,MN,3139,3418,1
8883,C,72227,AR,3137,5700,1
8884,C,75442,TX,3136,4060,1
8885,C,76692,TX,3134,5299,1
8886,C,97370,OR,3134,4302,1
8887,C,33135,FL,3133,15922,1
8888,C,33315,FL,3133,6991,1
8889,C,19952,DE,3133,4446,1
8890,C,07825,NJ,3133,3704,1
8891,C,30329,GA,3132,14157,1
8892,C,57785,SD,3132,4879,1
8893,C,72916,AR,3132,4720,1
8894,C,19806,DE,3131,6638,1
8895,C,32550,FL,3130,14909,1
8896,C,93630,CA,3130,6265,1
8897,C,07676,NJ,3130,3363,1
8898,C,69341,NE,3129,4648,1
8899,C,18222,PA,3129,3980,1
8900,C,45680,OH,3128,5682,1
8901,C,77058,TX,3127,11203,1
8902,C,15367,PA,3127,3367,1
8903,C,90602,CA,3125,8514,1
8904,C,75644,TX,3124,5150,1
8905,C,20640,MD,3124,4272,1
8906,C,74868,OK,3123,5361,1
8907,C,07204,NJ,3122,5373,1
8908,C,94105,CA,3121,9680,0
8909,C,50428,IA,3121,5630,1
8910,C,62918,IL,3121,5001,1
8911,C,34229,FL,3121,4662,1
8912,C,43338,OH,3121,4510,1
8913,C,33597,FL,3120,4205,1
8914,C,92241,CA,3119,6006,1
8915,C,63645,MO,3119,5200,1
8916,C,75652,TX,3119,4994,1
8917,C,03825,NH,3119,3550,1
8918,C,76354,TX,3118,5207,1
8919,C,41035,KY,3118,4552,1
8920,C,12828,NY,3118,3974,1
8921,C,31064,GA,3117,4264,1
8922,C,24293,VA,3114,4642,1
8923,C,14467,NY,3114,4561,1
8924,C,08835,NJ,3114,4538,1
8925,C,06071,CT,3114,3634,1
8926,C,56304,MN,3113,7538,1
8927,C,92501,CA,3113,7488,1
8928,C,29812,SC,3113,5061,1
8929,C,18840,PA,3113,5048,1
8930,C,14870,NY,3112,4691,1
8931,C,55051,MN,3112,4667,1
8932,C,35058,AL,3110,4541,1
8933,C,07760,NJ,3110,3845,1
8934,C,47542,IN,3109,4140,1
8935,C,07849,NJ,3109,3648,1
8936,C,92832,CA,3108,9170,1
8937,C,13676,NY,3108,5955,1
8938,C,11518,NY,3108,4235,1
8939,C,08322,NJ,3108,3687,1
8940,C,22968,VA,3107,3957,1
8941,C,12953,NY,3106,5693,1
8942,C,37208,TN,3105,10793,1
8943,C,20736,MD,3105,3470,1
8944,C,04976,ME,3104,4967,1
8945,C,53168,WI,3101,4072,1
8946,C,29571,SC,3100,6473,1
8947,C,46761,IN,3100,4466,1
8948,C,21617,MD,3100,4218,1
8949,C,73055,OK,3099,4482,1
8950,C,95713,CA,3099,4164,1
8951,C,64078,MO,3099,3864,1
8952,C,06896,CT,3099,3672,1
8953,C,98569,WA,3098,5884,1
8954,C,97479,OR,3097,4759,1
8955,C,01077,MA,3096,4159,1
8956,C,38108,TN,3094,7881,1
8957,C,18252,PA,3094,5152,1
8958,C,32579,FL,3093,5130,1
8959,C,01772,MA,3093,3571,1
8960,C,06712,CT,3093,3546,1
8961,C,21210,MD,3091,5416,1
8962,C,56353,MN,3090,4048,1
8963,C,76306,TX,3089,6529,1
8964,C,90232,CA,3087,7995,1
8965,C,56472,MN,3087,6212,1
8966,C,39090,MS,3086,5351,1
8967,C,13357,NY,3086,5101,1
8968,C,38570,TN,3086,4628,1
8969,C,90302,CA,3085,11366,1
8970,C,38340,TN,3084,4542,1
8971,C,48612,MI,3083,5375,1
8972,C,61820,IL,3082,18672,1
8973,C,07031,NJ,3082,6986,1
8974,C,10970,NY,3082,4138,1
8975,C,11565,NY,3082,3466,1
8976,C,79735,TX,3081,4959,1
8977,C,72730,AR,3081,4017,1
8978,C,08512,NJ,3080,5237,1
8979,C,10510,NY,3080,3942,1
8980,C,41339,KY,3079,4970,0
8981,C,19072,PA,3079,4400,1
8982,C,11366,NY,3078,4915,1
8983,C,35503,AL,3077,4486,1
8984,C,27357,NC,3077,4016,1
8985,C,54944,WI,3077,3552,1
8986,C,77445,TX,3076,5810,1
8987,C,17847,PA,3076,5341,1
8988,C,89101,NV,3074,18258,1
8989,C,37397,TN,3074,4709,1
8990,C,01460,MA,3074,3858,1
8991,C,93610,CA,3073,6029,1
8992,C,34436,FL,3073,4740,1
8993,C,34614,FL,3073,3401,1
8994,C,18929,PA,3073,3307,1
8995,C,95946,CA,3072,4337,1
8996,C,91105,CA,3071,6773,1
8997,C,15632,PA,3071,3951,1
8998,C,68776,NE,3070,5634,1
8999,C,08008,NJ,3069,16979,1
9000,C,95033,CA,3069,4305,1
9001,C,24522,VA,3067,4487,1
9002,C,78557,TX,3067,4141,1
9003,C,37840,TN,3066,4189,1
9004,C,53098,WI,3065,4753,1
9005,C,07604,NJ,3065,4544,1
9006,C,47446,IN,3065,3998,1
9007,C,01949,MA,3065,3450,1
9008,C,46202,IN,3064,12297,1
9009,C,53581,WI,3064,5012,1
9010,C,84738,UT,3064,4469,1
9011,C,62062,IL,3064,3638,1
9012,C,07876,NJ,3064,3348,1
9013,C,78336,TX,3063,6577,1
9014,C,07012,NJ,3063,5641,1
9015,C,89179,NV,3063,4002,0
9016,C,01863,MA,3063,3677,1
9017,C,07642,NJ,3063,3479,1
9018,C,70802,LA,3062,13887,1
9019,C,33567,FL,3059,4237,1
9020,C,73114,OK,3058,9311,1
9021,C,12061,NY,3058,4144,1
9022,C,97426,OR,3058,4050,1
9023,C,90023,CA,3057,12319,1
9024,C,29560,SC,3057,6236,1
9025,C,12586,NY,3056,4711,1
9026,C,36544,AL,3056,4535,1
9027,C,46404,IN,3055,7708,1
9028,C,35206,AL,3054,7967,1
9029,C,46550,IN,3054,4656,1
9030,C,99156,WA,3053,4981,1
9031,C,15717,PA,3053,4773,1
9032,C,99021,WA,3053,3679,1
9033,C,64601,MO,3052,5219,1
9034,C,06112,CT,3051,8785,1
9035,C,30436,GA,3049,5635,1
9036,C,14522,NY,3049,4313,1
9037,C,32641,FL,3048,5876,1
9038,C,48604,MI,3048,4603,1
9039,C,70774,LA,3048,4412,1
9040,C,30814,GA,3048,4269,1
9041,C,76230,TX,3046,4937,1
9042,C,44890,OH,3046,4705,1
9043,C,30290,GA,3046,3542,1
9044,C,60633,IL,3044,5713,1
9045,C,29067,SC,3044,4486,1
9046,C,11101,NY,3043,27093,0
9047,C,78559,TX,3043,5047,1
9048,C,44444,OH,3043,4866,1
9049,C,39170,MS,3043,3899,1
9050,C,14059,NY,3043,3803,1
9051,C,73942,OK,3041,5391,1
9052,C,55355,MN,3041,4560,1
9053,C,26651,WV,3041,4525,1
9054,C,10038,NY,3040,12624,0
9055,C,76302,TX,3040,5333,1
9056,C,44509,OH,3039,5581,1
9057,C,34688,FL,3039,3522,1
9058,C,15024,PA,3038,3975,1
9059,C,35205,AL,3037,11908,1
9060,C,62707,IL,3037,3751,1
9061,C,10536,NY,3037,3749,1
9062,C,94065,CA,3036,4884,1
9063,C,44657,OH,3036,4540,1
9064,C,03901,ME,3036,3617,1
9065,C,10033,NY,3035,21338,0
9066,C,50035,IA,3035,3394,1
9067,C,44432,OH,3034,4768,1
9068,C,97457,OR,3034,4688,1
9069,C,60514,IL,3034,4030,1
9070,C,90245,CA,3033,7677,1
9071,C,75244,TX,3033,6346,1
9072,C,08083,NJ,3032,3973,1
9073,C,33957,FL,3031,8525,1
9074,C,97365,OR,3031,6026,1
9075,C,18328,PA,3031,5171,1
9076,C,77098,TX,3030,10181,1
9077,C,90293,CA,3029,7050,1
9078,C,60081,IL,3029,3436,1
9079,C,46405,IN,3028,4566,1
9080,C,95357,CA,3028,4357,1
9081,C,08833,NJ,3028,3682,1
9082,C,78629,TX,3027,5335,1
9083,C,29927,SC,3027,4563,1
9084,C,27048,NC,3027,3808,1
9085,C,30666,GA,3027,3606,1
9086,C,25901,WV,3026,4776,1
9087,C,95130,CA,3025,5019,1
9088,C,02813,RI,3024,5334,1
9089,C,69301,NE,3023,4613,1
9090,C,19004,PA,3023,4453,1
9091,C,15931,PA,3023,4214,1
9092,C,02885,RI,3022,5546,1
9093,C,08030,NJ,3022,5470,1
9094,C,19560,PA,3021,3888,1
9095,C,03049,NH,3021,3397,1
9096,C,78016,TX,3020,4281,1
9097,C,55079,MN,3020,3377,1
9098,C,11249,NY,3019,18958,0
9099,C,19081,PA,3019,3875,1
9100,C,07463,NJ,3019,3486,1
9101,C,45405,OH,3017,11773,1
9102,C,97760,OR,3017,3701,1
9103,C,06013,CT,3017,3457,1
9104,C,19153,PA,3016,5965,1
9105,C,01952,MA,3016,4981,1
9106,C,48429,MI,3015,4059,1
9107,C,23663,VA,3014,6246,1
9108,C,32179,FL,3014,5204,1
9109,C,37877,TN,3014,3865,1
9110,C,06339,CT,3014,3545,1
9111,C,78957,TX,3013,4743,1
9112,C,39455,MS,3013,4542,1
9113,C,01571,MA,3012,4295,1
9114,C,37641,TN,3012,4077,1
9115,C,35096,AL,3012,3971,1
9116,C,55328,MN,3012,3684,1
9117,C,54929,WI,3011,4633,1
9118,C,08629,NJ,3011,4559,1
9119,C,28422,NC,3011,4385,1
9120,C,17566,PA,3011,4367,1
9121,C,08107,NJ,3010,6180,1
9122,C,28513,NC,3009,4855,1
9123,C,43076,OH,3009,4078,1
9124,C,10031,NY,3008,24110,0
9125,C,76104,TX,3008,9605,1
9126,C,11792,NY,3008,3343,1
9127,C,13323,NY,3007,4664,1
9128,C,29172,SC,3007,4216,1
9129,C,35960,AL,3006,5607,1
9130,C,07103,NJ,3005,13832,0
9131,C,23504,VA,3005,9462,1
9132,C,45714,OH,3005,4616,1
9133,C,15085,PA,3005,3866,1
9134,C,91601,CA,3004,20539,1
9135,C,76015,TX,3004,7027,1
9136,C,33605,FL,3003,8994,1
9137,C,33035,FL,3003,6711,1
9138,C,47978,IN,3001,4355,1
9139,C,78404,TX,3000,6884,1
9140,C,04915,ME,3000,5192,1
9141,C,02465,MA,3000,4452,1
9142,C,02675,MA,3000,4051,1
9143,C,29624,SC,2999,6750,1
9144,C,01862,MA,2999,4263,1
9145,C,93465,CA,2999,4160,1
9146,C,19530,PA,2998,4921,1
9147,C,48415,MI,2998,3790,1
9148,C,48359,MI,2997,4477,1
9149,C,25550,WV,2997,4433,1
9150,C,76539,TX,2997,3718,1
9151,C,06605,CT,2996,10799,1
9152,C,75495,TX,2996,4082,1
9153,C,43019,OH,2996,3667,1
9154,C,98606,WA,2996,3538,1
9155,C,49938,MI,2994,4728,1
9156,C,37757,TN,2993,4830,1
9157,C,12572,NY,2992,4785,1
9158,C,55352,MN,2992,3503,1
9159,C,29472,SC,2991,3989,1
9160,C,32310,FL,2990,7621,1
9161,C,18032,PA,2990,4142,1
9162,C,75835,TX,2989,6157,1
9163,C,06480,CT,2989,3961,1
9164,C,35079,AL,2989,3695,1
9165,C,91731,CA,2988,8809,1
9166,C,06119,CT,2988,7206,1
9167,C,01069,MA,2988,4192,1
9168,C,74851,OK,2988,3844,1
9169,C,44132,OH,2986,7586,1
9170,C,93723,CA,2986,3886,1
9171,C,18210,PA,2985,5954,0
9172,C,89061,NV,2985,3909,1
9173,C,07062,NJ,2984,4960,1
9174,C,45176,OH,2984,4140,1
9175,C,65619,MO,2984,4018,1
9176,C,07874,NJ,2984,3325,1
9177,C,29654,SC,2981,4232,1
9178,C,63108,MO,2980,13208,1
9179,C,83316,ID,2980,4279,1
9180,C,93221,CA,2979,5046,1
9181,C,28778,NC,2978,4865,1
9182,C,67147,KS,2978,4106,1
9183,C,20636,MD,2978,3906,1
9184,C,14085,NY,2978,3135,1
9185,C,12549,NY,2977,3918,1
9186,C,50616,IA,2976,4590,1
9187,C,81122,CO,2976,4506,1
9188,C,31808,GA,2976,3405,1
9189,C,64034,MO,2976,3269,1
9190,C,74434,OK,2974,4015,1
9191,C,33129,FL,2973,8275,1
9192,C,07050,NJ,2972,13412,1
9193,C,77807,TX,2970,6007,1
9194,C,97741,OR,2970,4777,1
9195,C,39531,MS,2969,9660,1
9196,C,72616,AR,2969,4587,1
9197,C,49329,MI,2969,3824,1
9198,C,02191,MA,2969,3704,1
9199,C,04039,ME,2968,4265,1
9200,C,23294,VA,2967,8745,1
9201,C,64154,MO,2967,6343,1
9202,C,62863,IL,2967,4608,1
9203,C,70818,LA,2967,4358,1
9204,C,07885,NJ,2966,4947,1
9205,C,12209,NY,2966,4768,1
9206,C,84653,UT,2966,3235,1
9207,C,73122,OK,2965,6128,1
9208,C,36467,AL,2965,4865,1
9209,C,37367,TN,2965,4550,1
9210,C,53572,WI,2965,4032,1
9211,C,70125,LA,2962,7972,1
9212,C,95304,CA,2962,5085,1
9213,C,56721,MN,2962,4381,1
9214,C,07512,NJ,2962,4002,1
9215,C,83274,ID,2961,3856,1
9216,C,36561,AL,2960,16184,1
9217,C,19939,DE,2960,4252,1
9218,C,47904,IN,2959,7776,1
9219,C,75961,TX,2959,7594,1
9220,C,93247,CA,2959,5731,1
9221,C,29541,SC,2959,4401,1
9222,C,19565,PA,2959,3696,1
9223,C,08203,NJ,2958,9340,1
9224,C,36551,AL,2958,4309,1
9225,C,53181,WI,2957,4479,1
9226,C,04730,ME,2956,4803,1
9227,C,78736,TX,2956,4539,1
9228,C,01475,MA,2955,4095,1
9229,C,84664,UT,2955,3463,1
9230,C,28621,NC,2954,4864,1
9231,C,60044,IL,2953,4599,1
9232,C,70669,LA,2953,4425,1
9233,C,06786,CT,2953,4314,1
9234,C,70775,LA,2952,4807,1
9235,C,02494,MA,2952,4254,1
9236,C,64468,MO,2951,6211,1
9237,C,90814,CA,2950,9939,1
9238,C,06515,CT,2950,7531,1
9239,C,14901,NY,2950,6739,1
9240,C,55810,MN,2950,3648,1
9241,C,87402,NM,2949,4146,1
9242,C,77078,TX,2947,5607,0
9243,C,55405,MN,2946,8724,1
9244,C,46173,IN,2946,4617,1
9245,C,39577,MS,2946,4542,1
9246,C,06382,CT,2946,3987,1
9247,C,81230,CO,2945,5453,1
9248,C,48746,MI,2945,3721,1
9249,C,76115,TX,2944,6706,1
9250,C,53146,WI,2943,3073,1
9251,C,11963,NY,2942,6304,1
9252,C,60482,IL,2942,4777,1
9253,C,98823,WA,2942,4646,1
9254,C,11740,NY,2942,3662,1
9255,C,56011,MN,2942,3546,1
9256,C,97530,OR,2941,4260,1
9257,C,89519,NV,2941,4137,1
9258,C,55308,MN,2941,3319,1
9259,C,16417,PA,2940,4165,1
9260,C,76426,TX,2939,4435,1
9261,C,63115,MO,2938,10208,1
9262,C,63144,MO,2938,5159,1
9263,C,30145,GA,2938,3364,1
9264,C,31791,GA,2936,5010,1
9265,C,44230,OH,2936,3516,1
9266,C,28657,NC,2935,6249,1
9267,C,06525,CT,2935,3408,1
9268,C,16226,PA,2934,4241,1
9269,C,35907,AL,2934,3429,1
9270,C,01850,MA,2933,6028,1
9271,C,95360,CA,2932,4556,1
9272,C,07660,NJ,2930,5389,1
9273,C,36421,AL,2930,4769,1
9274,C,18088,PA,2930,3612,1
9275,C,74728,OK,2929,5172,1
9276,C,53818,WI,2927,6146,1
9277,C,42445,KY,2927,4913,1
9278,C,01504,MA,2927,4079,1
9279,C,65708,MO,2926,5222,1
9280,C,48039,MI,2926,3701,1
9281,C,53128,WI,2925,4053,1
9282,C,33332,FL,2925,3575,1
9283,C,33449,FL,2924,3509,1
9284,C,61301,IL,2920,4832,1
9285,C,66007,KS,2920,3706,1
9286,C,70437,LA,2920,3451,1
9287,C,10451,NY,2919,21850,0
9288,C,60415,IL,2918,5840,1
9289,C,15022,PA,2918,5164,1
9290,C,85194,AZ,2918,3888,1
9291,C,81050,CO,2917,4555,1
9292,C,18069,PA,2917,3250,1
9293,C,32833,FL,2916,3892,1
9294,C,15042,PA,2916,3714,1
9295,C,29010,SC,2915,5111,1
9296,C,10017,NY,2914,12866,0
9297,C,48444,MI,2914,4140,1
9298,C,43202,OH,2913,10055,1
9299,C,63857,MO,2913,5559,1
9300,C,98922,WA,2913,5445,1
9301,C,29161,SC,2913,5115,1
9302,C,45327,OH,2913,3764,1
9303,C,80424,CO,2912,11886,1
9304,C,65043,MO,2912,4126,1
9305,C,46738,IN,2911,3756,1
9306,C,48207,MI,2910,13026,0
9307,C,32046,FL,2909,4060,1
9308,C,73601,OK,2908,4611,1
9309,C,98418,WA,2908,4520,1
9310,C,17866,PA,2908,4035,1
9311,C,02648,MA,2908,3476,1
9312,C,33953,FL,2907,4339,1
9313,C,28785,NC,2905,4831,1
9314,C,99320,WA,2905,3781,1
9315,C,49460,MI,2905,3537,1
9316,C,41144,KY,2904,3951,1
9317,C,60069,IL,2903,3846,1
9318,C,60416,IL,2903,3803,1
9319,C,95954,CA,2902,4050,1
9320,C,47842,IN,2901,4460,1
9321,C,20903,MD,2900,7471,1
9322,C,03743,NH,2900,5850,1
9323,C,78416,TX,2899,5274,0
9324,C,36420,AL,2899,5147,1
9325,C,76655,TX,2899,3478,1
9326,C,15131,PA,2898,4219,1
9327,C,38651,MS,2898,3296,1
9328,C,77068,TX,2897,4551,1
9329,C,72740,AR,2897,4440,1
9330,C,76273,TX,2897,4182,1
9331,C,08225,NJ,2897,3447,1
9332,C,73096,OK,2896,6408,1
9333,C,49302,MI,2896,3096,1
9334,C,80816,CO,2895,4181,1
9335,C,11769,NY,2895,3783,1
9336,C,47348,IN,2894,4541,1
9337,C,77418,TX,2894,4327,1
9338,C,68118,NE,2894,3670,1
9339,C,32820,FL,2894,3617,1
9340,C,19129,PA,2893,6228,1
9341,C,39652,MS,2893,4287,1
9342,C,63040,MO,2892,3324,1
9343,C,99350,WA,2891,4954,1
9344,C,14895,NY,2891,4612,1
9345,C,55403,MN,2890,12906,1
9346,C,36111,AL,2890,5789,1
9347,C,38358,TN,2889,5113,1
9348,C,32446,FL,2889,4523,1
9349,C,30354,GA,2888,7274,1
9350,C,31401,GA,2887,11832,1
9351,C,33850,FL,2887,4947,1
9352,C,27377,NC,2887,4538,1
9353,C,02119,MA,2886,12937,1
9354,C,32801,FL,2886,12133,1
9355,C,32456,FL,2886,6252,1
9356,C,51534,IA,2886,3777,1
9357,C,78733,TX,2886,3395,1
9358,C,32134,FL,2885,5671,1
9359,C,74953,OK,2884,4755,1
9360,C,98541,WA,2884,4527,1
9361,C,50273,IA,2884,3927,1
9362,C,55413,MN,2883,8080,1
9363,C,72837,AR,2883,3988,1
9364,C,65233,MO,2882,4622,1
9365,C,17316,PA,2882,3599,1
9366,C,01564,MA,2882,3298,1
9367,C,20181,VA,2881,3301,1
9368,C,66111,KS,2880,4200,1
9369,C,01057,MA,2880,3656,1
9370,C,07734,NJ,2879,5349,1
9371,C,30536,GA,2879,4953,1
9372,C,20851,MD,2877,5263,1
9373,C,44047,OH,2877,4075,1
9374,C,98629,WA,2877,3547,1
9375,C,53703,WI,2876,21025,1
9376,C,27401,NC,2876,9650,1
9377,C,07020,NJ,2876,7601,1
9378,C,12414,NY,2876,5342,1
9379,C,85123,AZ,2875,4294,1
9380,C,68108,NE,2874,6084,1
9381,C,27910,NC,2874,5282,1
9382,C,61856,IL,2874,3492,1
9383,C,24266,VA,2873,4188,1
9384,C,61104,IL,2872,9253,1
9385,C,29006,SC,2872,4256,1
9386,C,46507,IN,2872,3966,1
9387,C,93960,CA,2871,4998,1
9388,C,74023,OK,2870,5474,1
9389,C,75021,TX,2870,3871,1
9390,C,39573,MS,2869,3619,1
9391,C,70814,LA,2867,5126,1
9392,C,01473,MA,2866,3469,1
9393,C,43449,OH,2865,4311,1
9394,C,80543,CO,2865,3281,1
9395,C,40508,KY,2864,11458,1
9396,C,72834,AR,2862,4294,1
9397,C,79414,TX,2860,9219,1
9398,C,48455,MI,2860,3218,1
9399,C,28345,NC,2859,5590,1
9400,C,23314,VA,2859,4150,1
9401,C,17020,PA,2859,3847,1
9402,C,28777,NC,2858,4949,1
9403,C,63044,MO,2858,4634,1
9404,C,13036,NY,2858,3959,1
9405,C,32124,FL,2858,3483,1
9406,C,31052,GA,2858,3418,1
9407,C,39154,MS,2857,3593,1
9408,C,21783,MD,2856,3952,1
9409,C,98611,WA,2856,3687,1
9410,C,48062,MI,2856,3631,1
9411,C,90061,CA,2855,8300,1
9412,C,91932,CA,2854,10276,1
9413,C,75038,TX,2853,15385,1
9414,C,08069,NJ,2853,5838,1
9415,C,33190,FL,2852,5578,1
9416,C,52411,IA,2852,2927,1
9417,C,10470,NY,2851,6869,1
9418,C,74426,OK,2851,5465,1
9419,C,10709,NY,2851,3897,1
9420,C,48356,MI,2851,3315,1
9421,C,80498,CO,2850,6931,1
9422,C,78368,TX,2850,4992,0
9423,C,70444,LA,2849,4662,1
9424,C,17844,PA,2848,4586,1
9425,C,02338,MA,2848,3041,1
9426,C,46106,IN,2847,3593,1
9427,C,60621,IL,2846,15348,1
9428,C,37212,TN,2846,8306,1
9429,C,66043,KS,2844,3563,1
9430,C,71108,LA,2843,8341,1
9431,C,31793,GA,2843,4337,1
9432,C,44106,OH,2840,13287,1
9433,C,79835,TX,2840,4347,1
9434,C,76567,TX,2840,4184,1
9435,C,02724,MA,2839,8808,1
9436,C,30607,GA,2839,4504,1
9437,C,75135,TX,2839,3454,1
9438,C,52057,IA,2838,4049,1
9439,C,64834,MO,2838,3936,1
9440,C,70583,LA,2837,4476,1
9441,C,72007,AR,2837,3799,1
9442,C,08758,NJ,2837,3765,1
9443,C,23168,VA,2837,3189,1
9444,C,27573,NC,2836,5748,1
9445,C,19533,PA,2836,3217,1
9446,C,92844,CA,2835,7187,1
9447,C,49740,MI,2835,6057,1
9448,C,16057,PA,2834,6171,1
9449,C,40965,KY,2833,6047,1
9450,C,75783,TX,2833,3967,1
9451,C,46962,IN,2831,3881,1
9452,C,49083,MI,2831,3255,1
9453,C,95726,CA,2829,4586,1
9454,C,02054,MA,2829,3580,1
9455,C,76205,TX,2828,8114,1
9456,C,39540,MS,2828,5444,1
9457,C,11716,NY,2828,3535,1
9458,C,48657,MI,2828,3460,1
9459,C,06035,CT,2828,3201,1
9460,C,27239,NC,2826,3920,1
9461,C,19510,PA,2826,3064,1
9462,C,70811,LA,2825,5093,1
9463,C,13165,NY,2825,4501,1
9464,C,46506,IN,2825,4062,1
9465,C,71302,LA,2824,6213,1
9466,C,36613,AL,2823,4890,1
9467,C,17320,PA,2823,3454,1
9468,C,08406,NJ,2822,7772,1
9469,C,27949,NC,2821,9001,1
9470,C,17113,PA,2821,4955,1
9471,C,66227,KS,2821,3431,1
9472,C,78639,TX,2820,5359,1
9473,C,37861,TN,2820,4391,1
9474,C,66012,KS,2819,3588,1
9475,C,74301,OK,2818,4857,1
9476,C,55792,MN,2817,5628,1
9477,C,15825,PA,2817,4745,1
9478,C,63362,MO,2816,3659,1
9479,C,59635,MT,2816,3427,1
9480,C,55947,MN,2816,3384,1
9481,C,45121,OH,2815,4243,1
9482,C,76384,TX,2814,5595,1
9483,C,71351,LA,2814,5448,1
9484,C,64076,MO,2814,3752,1
9485,C,02857,RI,2814,3549,1
9486,C,77708,TX,2813,5505,1
9487,C,76022,TX,2812,6202,1
9488,C,78065,TX,2812,4105,1
9489,C,77625,TX,2812,4063,1
9490,C,61727,IL,2811,4363,1
9491,C,46072,IN,2811,4034,1
9492,C,10989,NY,2810,3379,1
9493,C,38011,TN,2809,3726,1
9494,C,11596,NY,2809,3450,1
9495,C,93268,CA,2808,6289,1
9496,C,28466,NC,2808,4647,1
9497,C,61866,IL,2807,6280,1
9498,C,24343,VA,2807,4556,1
9499,C,55009,MN,2807,3654,1
9500,C,13203,NY,2806,9092,1
9501,C,14428,NY,2806,3491,1
9502,C,92067,CA,2805,3843,0
9503,C,85344,AZ,2804,6815,1
9504,C,32348,FL,2804,5463,1
9505,C,14482,NY,2804,3889,1
9506,C,30752,GA,2803,4386,1
9507,C,94925,CA,2802,4147,1
9508,C,77331,TX,2801,4992,1
9509,C,62206,IL,2800,6586,1
9510,C,36853,AL,2800,6319,1
9511,C,04046,ME,2800,4740,1
9512,C,93405,CA,2799,9687,1
9513,C,07001,NJ,2799,5693,1
9514,C,74960,OK,2799,4863,1
9515,C,30427,GA,2799,4753,1
9516,C,98239,WA,2799,4062,1
9517,C,97201,OR,2798,10748,1
9518,C,89429,NV,2798,3737,1
9519,C,49327,MI,2798,3537,1
9520,C,96097,CA,2797,4737,1
9521,C,32054,FL,2797,4098,1
9522,C,19938,DE,2797,3246,1
9523,C,64504,MO,2796,4431,1
9524,C,52802,IA,2796,4379,1
9525,C,71635,AR,2794,5415,1
9526,C,37037,TN,2794,3543,1
9527,C,28377,NC,2793,4715,1
9528,C,24091,VA,2793,3980,1
9529,C,02452,MA,2792,5838,1
9530,C,74873,OK,2792,4565,1
9531,C,04002,ME,2792,3684,1
9532,C,01590,MA,2792,3359,1
9533,C,03811,NH,2792,3042,1
9534,C,21223,MD,2791,13034,1
9535,C,77995,TX,2791,4777,1
9536,C,46016,IN,2790,9225,1
9537,C,95969,CA,2790,3908,1
9538,C,35151,AL,2790,3647,1
9539,C,99022,WA,2790,3564,1
9540,C,16412,PA,2789,4806,1
9541,C,13037,NY,2789,3987,1
9542,C,17363,PA,2789,3355,1
9543,C,43617,OH,2788,3248,1
9544,C,06422,CT,2788,3080,1
9545,C,42539,KY,2787,4502,1
9546,C,97411,OR,2787,4396,1
9547,C,08530,NJ,2787,3816,1
9548,C,93101,CA,2786,13664,1
9549,C,50644,IA,2786,3921,1
9550,C,35127,AL,2786,3807,1
9551,C,28138,NC,2785,4228,1
9552,C,49866,MI,2785,3723,1
9553,C,43608,OH,2784,6419,1
9554,C,38012,TN,2784,6052,1
9555,C,53014,WI,2784,3770,1
9556,C,47396,IN,2784,3297,1
9557,C,18034,PA,2784,3189,1
9558,C,41129,KY,2783,4084,1
9559,C,54665,WI,2782,3964,1
9560,C,79412,TX,2780,6480,1
9561,C,54001,WI,2780,4348,1
9562,C,27310,NC,2780,3034,1
9563,C,27409,NC,2779,9616,1
9564,C,01516,MA,2779,3558,1
9565,C,30401,GA,2778,5875,1
9566,C,31636,GA,2778,4989,1
9567,C,08071,NJ,2778,3984,1
9568,C,60458,IL,2777,5710,1
9569,C,46819,IN,2777,4384,1
9570,C,04280,ME,2777,3277,1
9571,C,67219,KS,2776,4831,1
9572,C,79331,TX,2776,4670,1
9573,C,62837,IL,2775,4157,1
9574,C,99501,AK,2774,8906,1
9575,C,03885,NH,2774,3019,1
9576,C,36079,AL,2773,4610,1
9577,C,35653,AL,2772,4614,1
9578,C,27542,NC,2771,4307,1
9579,C,22932,VA,2771,3925,1
9580,C,12033,NY,2771,3843,1
9581,C,35005,AL,2770,3628,1
9582,C,92313,CA,2769,4883,1
9583,C,54162,WI,2769,3594,1
9584,C,77562,TX,2768,4184,1
9585,C,37185,TN,2767,4853,1
9586,C,23607,VA,2766,10764,1
9587,C,30467,GA,2766,5425,1
9588,C,08884,NJ,2766,3318,1
9589,C,35125,AL,2765,4593,1
9590,C,21032,MD,2765,3252,1
9591,C,90303,CA,2764,7354,1
9592,C,03874,NH,2764,4403,1
9593,C,61036,IL,2763,5187,1
9594,C,71269,LA,2763,5046,1
9595,C,32254,FL,2762,6331,1
9596,C,12569,NY,2761,4266,1
9597,C,35179,AL,2760,3577,1
9598,C,70345,LA,2759,3683,1
9599,C,45205,OH,2758,7874,1
9600,C,47804,IN,2758,5118,1
9601,C,12159,NY,2758,3980,1
9602,C,29449,SC,2758,3702,1
9603,C,10992,NY,2758,3559,1
9604,C,93449,CA,2757,6060,1
9605,C,28694,NC,2757,4805,1
9606,C,15211,PA,2756,6700,1
9607,C,14470,NY,2756,3436,1
9608,C,53040,WI,2756,3377,1
9609,C,93433,CA,2755,5757,1
9610,C,31639,GA,2755,4761,1
9611,C,14057,NY,2755,3230,1
9612,C,48158,MI,2754,3348,1
9613,C,74128,OK,2753,4954,1
9614,C,65240,MO,2753,3903,1
9615,C,43105,OH,2753,3584,1
9616,C,08104,NJ,2752,9821,1
9617,C,37034,TN,2752,3570,1
9618,C,02916,RI,2751,3941,1
9619,C,38068,TN,2750,4411,1
9620,C,48353,MI,2748,3038,1
9621,C,50801,IA,2746,4566,1
9622,C,24251,VA,2745,4388,0
9623,C,37347,TN,2745,3996,1
9624,C,57717,SD,2745,3832,1
9625,C,08848,NJ,2745,3100,1
9626,C,11797,NY,2744,3194,1
9627,C,53551,WI,2743,4048,1
9628,C,46231,IN,2743,3895,1
9629,C,17538,PA,2743,3111,1
9630,C,48461,MI,2742,3245,1
9631,C,01921,MA,2742,2961,1
9632,C,70820,LA,2741,11589,1
9633,C,18330,PA,2741,3196,1
9634,C,07650,NJ,2740,7612,1
9635,C,72753,AR,2739,4078,1
9636,C,23141,VA,2739,3262,1
9637,C,77587,TX,2738,5549,1
9638,C,66617,KS,2738,3422,1
9639,C,12540,NY,2738,3318,1
9640,C,44113,OH,2737,12554,1
9641,C,01230,MA,2737,5025,1
9642,C,78362,TX,2737,4701,1
9643,C,01543,MA,2736,3257,1
9644,C,04032,ME,2735,4133,1
9645,C,23847,VA,2734,6406,1
9646,C,92173,CA,2733,8190,1
9647,C,47885,IN,2732,3592,1
9648,C,53235,WI,2731,5279,1
9649,C,78942,TX,2731,4285,1
9650,C,08090,NJ,2731,3158,1
9651,C,38574,TN,2730,3827,1
9652,C,86440,AZ,2729,4748,1
9653,C,29554,SC,2729,4406,1
9654,C,66220,KS,2729,3035,1
9655,C,96708,HI,2728,4523,1
9656,C,29135,SC,2728,3990,1
9657,C,21231,MD,2727,9342,1
9658,C,39819,GA,2727,5750,1
9659,C,49031,MI,2727,4238,1
9660,C,72751,AR,2727,3487,1
9661,C,92657,CA,2726,4353,0
9662,C,28107,NC,2726,3594,1
9663,C,28713,NC,2725,5816,1
9664,C,26070,WV,2725,3977,1
9665,C,88063,NM,2724,4150,0
9666,C,92868,CA,2723,9105,1
9667,C,82240,WY,2723,4314,1
9668,C,71328,LA,2723,3294,1
9669,C,24219,VA,2722,4473,1
9670,C,57718,SD,2722,3182,1
9671,C,25143,WV,2721,4423,1
9672,C,49349,MI,2721,4265,1
9673,C,36345,AL,2721,3761,1
9674,C,46737,IN,2720,4614,1
9675,C,10579,NY,2720,3642,1
9676,C,27313,NC,2720,3544,1
9677,C,48357,MI,2719,3340,1
9678,C,49038,MI,2718,5124,1
9679,C,97759,OR,2718,5110,1
9680,C,35062,AL,2718,3570,1
9681,C,25560,WV,2718,3546,1
9682,C,57032,SD,2718,3511,1
9683,C,59457,MT,2716,4710,1
9684,C,62056,IL,2715,4095,1
9685,C,43028,OH,2715,3697,1
9686,C,50003,IA,2715,3680,1
9687,C,13367,NY,2714,4546,1
9688,C,82834,WY,2714,3985,1
9689,C,76249,TX,2714,3375,1
9690,C,46034,IN,2714,3327,1
9691,C,92325,CA,2712,6692,1
9692,C,80230,CO,2712,5672,1
9693,C,74010,OK,2712,4607,1
9694,C,08628,NJ,2712,4539,1
9695,C,75765,TX,2712,4317,1
9696,C,62471,IL,2712,4025,1
9697,C,46783,IN,2712,3140,1
9698,C,95110,CA,2711,7568,1
9699,C,17584,PA,2711,4999,1
9700,C,79849,TX,2711,4182,0
9701,C,05001,VT,2710,4932,1
9702,C,65559,MO,2710,4162,1
9703,C,02762,MA,2709,4416,1
9704,C,32234,FL,2707,3316,1
9705,C,60041,IL,2706,3621,1
9706,C,30531,GA,2705,4744,1
9707,C,55041,MN,2705,3825,1
9708,C,02540,MA,2704,6200,1
9709,C,17872,PA,2704,5419,0
9710,C,37686,TN,2704,3790,1
9711,C,55920,MN,2703,3294,1
9712,C,55944,MN,2703,3062,1
9713,C,36081,AL,2702,7398,1
9714,C,24901,WV,2702,4769,1
9715,C,23009,VA,2702,3077,1
9716,C,06498,CT,2701,4180,1
9717,C,37841,TN,2700,4298,1
9718,C,90077,CA,2700,3677,1
9719,C,14472,NY,2700,3524,1
9720,C,91935,CA,2700,3106,1
9721,C,56320,MN,2699,3630,1
9722,C,32618,FL,2699,3561,1
9723,C,33132,FL,2698,12725,0
9724,C,77031,TX,2698,6906,1
9725,C,20166,VA,2698,5300,1
9726,C,45015,OH,2698,5146,1
9727,C,46723,IN,2697,3343,1
9728,C,89451,NV,2696,7733,1
9729,C,65737,MO,2696,5340,1
9730,C,60475,IL,2696,4790,1
9731,C,07421,NJ,2696,3257,1
9732,C,49659,MI,2695,4586,1
9733,C,07018,NJ,2694,13107,1
9734,C,11777,NY,2694,3893,1
9735,C,97707,OR,2693,8021,1
9736,C,22960,VA,2693,4711,1
9737,C,03249,NH,2692,5012,1
9738,C,79382,TX,2692,3649,1
9739,C,60022,IL,2692,3168,1
9740,C,78405,TX,2691,6068,0
9741,C,98930,WA,2691,4910,1
9742,C,40118,KY,2690,4405,1
9743,C,22044,VA,2689,5495,1
9744,C,36105,AL,2689,5468,1
9745,C,49103,MI,2689,4833,1
9746,C,29376,SC,2689,3446,1
9747,C,42602,KY,2688,4994,1
9748,C,53925,WI,2688,3766,1
9749,C,10009,NY,2687,32375,0
9750,C,71449,LA,2687,5787,1
9751,C,24531,VA,2687,3994,1
9752,C,91723,CA,2685,6516,1
9753,C,44233,OH,2685,2880,1
9754,C,77598,TX,2683,13337,1
9755,C,91024,CA,2683,5113,1
9756,C,20841,MD,2683,3116,1
9757,C,29510,SC,2682,4310,1
9758,C,19343,PA,2682,3217,1
9759,C,75254,TX,2681,13935,1
9760,C,35986,AL,2680,3529,1
9761,C,25064,WV,2679,5058,1
9762,C,62832,IL,2679,4256,1
9763,C,60428,IL,2679,4138,1
9764,C,07656,NJ,2678,3410,1
9765,C,84059,UT,2677,5325,1
9766,C,71852,AR,2677,4481,1
9767,C,29702,SC,2677,4220,1
9768,C,46574,IN,2677,3952,1
9769,C,11103,NY,2676,18833,1
9770,C,78101,TX,2676,3059,1
9771,C,19075,PA,2676,3016,1
9772,C,90036,CA,2675,21890,1
9773,C,92007,CA,2675,4687,1
9774,C,60534,IL,2675,4461,1
9775,C,15074,PA,2675,4331,1
9776,C,71104,LA,2674,7160,1
9777,C,32626,FL,2674,4358,1
9778,C,22611,VA,2674,3855,1
9779,C,48048,MI,2674,3518,1
9780,C,31027,GA,2673,4643,1
9781,C,10706,NY,2673,3413,1
9782,C,55115,MN,2673,3408,1
9783,C,34433,FL,2672,3622,1
9784,C,84315,UT,2672,2754,1
9785,C,35570,AL,2671,5020,1
9786,C,55976,MN,2671,3462,1
9787,C,18518,PA,2669,3949,1
9788,C,66606,KS,2668,5433,1
9789,C,17032,PA,2668,3417,1
9790,C,33576,FL,2668,3067,1
9791,C,81003,CO,2667,6233,1
9792,C,10528,NY,2667,5101,1
9793,C,85714,AZ,2666,5589,1
9794,C,93505,CA,2666,5352,1
9795,C,49544,MI,2666,4195,1
9796,C,42330,KY,2666,4017,1
9797,C,08086,NJ,2666,3950,1
9798,C,06379,CT,2665,4216,1
9799,C,25508,WV,2665,3938,0
9800,C,52060,IA,2665,3825,1
9801,C,17236,PA,2665,3741,1
9802,C,43566,OH,2664,3594,1
9803,C,44287,OH,2664,3250,1
9804,C,45223,OH,2663,6765,1
9805,C,76667,TX,2663,4734,1
9806,C,41139,KY,2663,3576,1
9807,C,81303,CO,2659,4181,1
9808,C,04096,ME,2659,3625,1
9809,C,76044,TX,2659,3127,1
9810,C,31501,GA,2658,6867,1
9811,C,78730,TX,2658,4480,1
9812,C,24605,VA,2658,4187,1
9813,C,11771,NY,2658,4048,1
9814,C,17345,PA,2656,3616,1
9815,C,04963,ME,2655,4279,1
9816,C,13340,NY,2655,3427,1
9817,C,11692,NY,2654,8475,1
9818,C,18037,PA,2654,3263,1
9819,C,33920,FL,2654,3193,1
9820,C,29655,SC,2653,3711,1
9821,C,29631,SC,2652,7185,1
9822,C,33170,FL,2652,4839,1
9823,C,72949,AR,2652,4179,1
9824,C,30755,GA,2652,4080,1
9825,C,74110,OK,2651,5992,1
9826,C,27017,NC,2651,4187,1
9827,C,47441,IN,2650,4327,1
9828,C,54923,WI,2650,4137,1
9829,C,67110,KS,2650,3394,1
9830,C,70130,LA,2648,10927,1
9831,C,38355,TN,2648,3285,1
9832,C,29160,SC,2647,3595,1
9833,C,43515,OH,2647,3366,1
9834,C,11752,NY,2647,3180,1
9835,C,46617,IN,2646,5502,1
9836,C,31082,GA,2646,4739,1
9837,C,78231,TX,2646,4189,1
9838,C,12308,NY,2645,6442,1
9839,C,07034,NJ,2645,4459,1
9840,C,01833,MA,2645,3220,1
9841,C,48915,MI,2644,4768,1
9842,C,19021,PA,2643,3942,1
9843,C,51442,IA,2642,3772,1
9844,C,47424,IN,2641,3986,1
9845,C,19137,PA,2641,3485,1
9846,C,74331,OK,2640,6183,1
9847,C,07762,NJ,2640,5109,1
9848,C,64429,MO,2640,4539,1
9849,C,29676,SC,2640,3657,1
9850,C,48380,MI,2640,2722,1
9851,C,68410,NE,2639,3781,1
9852,C,21797,MD,2639,3006,1
9853,C,49419,MI,2639,2983,1
9854,C,86047,AZ,2638,4932,1
9855,C,36206,AL,2638,4798,1
9856,C,04093,ME,2638,3906,1
9857,C,65018,MO,2638,3558,1
9858,C,49404,MI,2638,3369,1
9859,C,27822,NC,2637,3535,1
9860,C,72110,AR,2636,5021,1
9861,C,03244,NH,2636,3667,1
9862,C,13732,NY,2636,3162,1
9863,C,24171,VA,2635,4682,1
9864,C,75706,TX,2634,4332,1
9865,C,29201,SC,2633,12619,1
9866,C,13365,NY,2633,4066,1
9867,C,65757,MO,2633,3130,1
9868,C,93728,CA,2631,6878,1
9869,C,70548,LA,2631,4637,1
9870,C,78009,TX,2631,3470,1
9871,C,25413,WV,2631,3388,1
9872,C,77611,TX,2630,3989,1
9873,C,75979,TX,2629,5019,1
9874,C,35555,AL,2629,4958,1
9875,C,39194,MS,2628,6722,1
9876,C,11104,NY,2627,13224,1
9877,C,91201,CA,2627,8570,1
9878,C,31620,GA,2626,4803,1
9879,C,35952,AL,2626,3914,1
9880,C,98660,WA,2625,7048,1
9881,C,68467,NE,2625,4249,1
9882,C,07607,NJ,2625,3908,1
9883,C,33853,FL,2624,5483,1
9884,C,78657,TX,2624,5272,1
9885,C,76078,TX,2624,3540,1
9886,C,48457,MI,2624,3438,1
9887,C,95817,CA,2623,7014,1
9888,C,84319,UT,2623,3216,1
9889,C,50201,IA,2622,3806,1
9890,C,03865,NH,2622,3180,1
9891,C,71601,AR,2620,6573,1
9892,C,39428,MS,2620,4068,1
9893,C,30217,GA,2620,4067,1
9894,C,49046,MI,2619,3672,1
9895,C,31308,GA,2619,3556,1
9896,C,78721,TX,2618,4808,1
9897,C,17313,PA,2618,4649,1
9898,C,21795,MD,2618,4308,1
9899,C,24175,VA,2618,3540,1
9900,C,70615,LA,2617,5498,1
9901,C,39567,MS,2617,4802,1
9902,C,64123,MO,2617,4459,1
9903,C,14905,NY,2617,4303,1
9904,C,84004,UT,2617,3133,1
9905,C,65711,MO,2616,4130,1
9906,C,48734,MI,2616,3827,1
9907,C,30417,GA,2615,4859,1
9908,C,99518,AK,2615,4568,1
9909,C,07462,NJ,2615,3589,1
9910,C,30740,GA,2615,3356,1
9911,C,35660,AL,2613,5139,1
9912,C,01588,MA,2613,4553,1
9913,C,28384,NC,2613,4196,1
9914,C,35068,AL,2613,3970,1
9915,C,35051,AL,2613,3480,1
9916,C,80202,CO,2612,14394,0
9917,C,71225,LA,2612,3665,1
9918,C,81632,CO,2611,5529,1
9919,C,08201,NJ,2611,4286,1
9920,C,60915,IL,2611,4274,1
9921,C,63134,MO,2610,5675,1
9922,C,90813,CA,2609,18603,1
9923,C,33127,FL,2609,11245,1
9924,C,70812,LA,2609,4342,1
9925,C,79911,TX,2609,3499,1
9926,C,75233,TX,2608,4970,1
9927,C,45403,OH,2606,7429,1
9928,C,75650,TX,2606,4244,1
9929,C,17857,PA,2605,3721,1
9930,C,74104,OK,2604,6367,1
9931,C,29138,SC,2604,4407,1
9932,C,07716,NJ,2604,3931,1
9933,C,27571,NC,2604,2975,1
9934,C,85045,AZ,2604,2954,1
9935,C,23103,VA,2604,2842,1
9936,C,26155,WV,2603,3775,1
9937,C,31709,GA,2602,6846,1
9938,C,98294,WA,2602,3144,1
9939,C,37404,TN,2601,5887,1
9940,C,07830,NJ,2601,2746,1
9941,C,37701,TN,2600,4485,1
9942,C,28754,NC,2600,4460,1
9943,C,60601,IL,2598,10727,0
9944,C,28301,NC,2598,8590,1
9945,C,14222,NY,2598,7355,1
9946,C,35906,AL,2598,4743,1
9947,C,07930,NJ,2598,2849,1
9948,C,28771,NC,2597,4736,1
9949,C,48122,MI,2597,4693,1
9950,C,37080,TN,2596,3322,1
9951,C,07645,NJ,2596,3188,1
9952,C,38201,TN,2595,4124,1
9953,C,57719,SD,2594,4707,1
9954,C,02814,RI,2594,3249,1
9955,C,23140,VA,2594,2987,1
9956,C,17349,PA,2594,2976,1
9957,C,30442,GA,2592,4397,1
9958,C,33592,FL,2591,4944,1
9959,C,97862,OR,2590,5245,1
9960,C,98841,WA,2590,4056,1
9961,C,01568,MA,2590,2947,1
9962,C,40456,KY,2589,4111,1
9963,C,28761,NC,2589,3864,1
9964,C,11933,NY,2589,3704,1
9965,C,78726,TX,2588,6325,1
9966,C,42743,KY,2588,4177,1
9967,C,41472,KY,2588,4074,1
9968,C,02025,MA,2588,3300,1
9969,C,30553,GA,2587,4422,1
9970,C,08270,NJ,2587,3717,1
9971,C,46701,IN,2587,3386,1
9972,C,75215,TX,2586,8481,1
9973,C,18644,PA,2586,3670,1
9974,C,88345,NM,2585,8844,1
9975,C,13350,NY,2585,4709,1
9976,C,05819,VT,2585,4352,1
9977,C,90248,CA,2585,4249,1
9978,C,14212,NY,2584,5935,1
9979,C,86429,AZ,2584,5509,1
9980,C,47448,IN,2584,3995,1
9981,C,37190,TN,2584,3898,1
9982,C,48438,MI,2584,2781,1
9983,C,19301,PA,2583,3283,1
9984,C,55130,MN,2582,6368,1
9985,C,05753,VT,2581,4266,1
9986,C,16033,PA,2581,3503,1
9987,C,03042,NH,2581,3170,1
9988,C,76645,TX,2580,4559,1
9989,C,03304,NH,2580,2906,1
9990,C,99615,AK,2579,5284,1
9991,C,21035,MD,2579,2859,1
9992,C,74437,OK,2578,4355,1
9993,C,95119,CA,2577,3538,1
9994,C,13035,NY,2576,3345,1
9995,C,79830,TX,2575,4672,1
9996,C,15683,PA,2575,3838,1
9997,C,60471,IL,2574,5505,1
9998,C,46075,IN,2574,3423,1
9999,C,37871,TN,2573,3621,1
10000,C,32531,FL,2573,3379,1
10001,C,83341,ID,2572,3028,1
10002,C,21084,MD,2572,2846,1
10003,C,38375,TN,2571,4162,1
10004,C,46809,IN,2571,4116,1
10005,C,08106,NJ,2571,3996,1
10006,C,43543,OH,2571,3555,1
10007,C,75057,TX,2570,7171,1
10008,C,73080,OK,2570,4007,1
10009,C,44231,OH,2570,3253,1
10010,C,48848,MI,2570,3090,1
10011,C,01566,MA,2570,3041,1
10012,C,28759,NC,2569,3300,1
10013,C,24588,VA,2567,4049,1
10014,C,31537,GA,2567,3757,0
10015,C,70555,LA,2567,3408,1
10016,C,84042,UT,2567,3349,1
10017,C,96067,CA,2565,4517,1
10018,C,75704,TX,2565,4325,1
10019,C,66547,KS,2565,3419,1
10020,C,30187,GA,2565,3029,1
10021,C,27850,NC,2564,5211,1
10022,C,97009,OR,2564,3081,1
10023,C,22305,VA,2563,8028,1
10024,C,72335,AR,2563,6513,1
10025,C,52349,IA,2563,3548,1
10026,C,10012,NY,2562,14568,0
10027,C,55616,MN,2561,4103,1
10028,C,47394,IN,2561,3689,1
10029,C,38107,TN,2560,8093,1
10030,C,13152,NY,2560,4044,1
10031,C,37187,TN,2560,3523,1
10032,C,08734,NJ,2560,3028,1
10033,C,13617,NY,2559,4645,1
10034,C,83619,ID,2559,3508,1
10035,C,28673,NC,2559,3380,1
10036,C,83712,ID,2558,4606,1
10037,C,15537,PA,2558,4092,1
10038,C,24590,VA,2558,3363,1
10039,C,23605,VA,2557,6944,1
10040,C,30268,GA,2557,4641,1
10041,C,31701,GA,2556,9535,1
10042,C,48342,MI,2556,7559,1
10043,C,48165,MI,2556,3587,1
10044,C,56374,MN,2555,3662,1
10045,C,20037,DC,2554,8828,1
10046,C,14301,NY,2554,7285,1
10047,C,73111,OK,2554,5670,1
10048,C,75173,TX,2554,3040,1
10049,C,37203,TN,2553,16422,1
10050,C,67214,KS,2553,8197,1
10051,C,55344,MN,2553,7416,1
10052,C,63113,MO,2553,7400,1
10053,C,49651,MI,2553,4968,1
10054,C,36856,AL,2553,2942,0
10055,C,24148,VA,2552,3876,1
10056,C,79415,TX,2551,7225,1
10057,C,14208,NY,2551,5884,0
10058,C,49854,MI,2549,4307,1
10059,C,35217,AL,2548,6196,1
10060,C,42748,KY,2548,3704,1
10061,C,91411,CA,2547,10003,1
10062,C,77051,TX,2547,7453,1
10063,C,11023,NY,2547,3398,1
10064,C,38028,TN,2547,2789,1
10065,C,08805,NJ,2546,5524,1
10066,C,95006,CA,2546,3855,1
10067,C,98577,WA,2546,3240,1
10068,C,37385,TN,2545,4251,1
10069,C,38965,MS,2545,4192,1
10070,C,62258,IL,2545,3908,1
10071,C,53010,WI,2545,3420,1
10072,C,10920,NY,2545,2940,1
10073,C,33050,FL,2544,7314,1
10074,C,48617,MI,2544,4087,1
10075,C,49727,MI,2544,4075,1
10076,C,02642,MA,2543,6349,1
10077,C,30529,GA,2543,4642,1
10078,C,21629,MD,2543,3972,1
10079,C,71078,LA,2543,3083,1
10080,C,03052,NH,2543,3063,1
10081,C,18848,PA,2540,4470,1
10082,C,60042,IL,2540,3263,1
10083,C,35748,AL,2540,3207,1
10084,C,37146,TN,2540,3078,1
10085,C,36375,AL,2539,3630,1
10086,C,48054,MI,2539,3219,1
10087,C,04468,ME,2538,4664,1
10088,C,55336,MN,2538,3423,1
10089,C,53118,WI,2538,3196,1
10090,C,11934,NY,2537,2819,1
10091,C,38008,TN,2536,4292,1
10092,C,20005,DC,2535,9558,0
10093,C,06762,CT,2534,3071,1
10094,C,33130,FL,2533,20377,0
10095,C,08904,NJ,2533,6858,1
10096,C,98563,WA,2533,3657,1
10097,C,34950,FL,2532,8055,1
10098,C,50595,IA,2532,4170,1
10099,C,49643,MI,2532,3490,1
10100,C,14589,NY,2531,3396,1
10101,C,28080,NC,2531,3182,1
10102,C,32040,FL,2531,3148,1
10103,C,27572,NC,2531,2857,1
10104,C,66103,KS,2530,6971,1
10105,C,77964,TX,2530,4395,1
10106,C,27298,NC,2530,4340,1
10107,C,73165,OK,2529,2942,1
10108,C,78576,TX,2528,3362,0
10109,C,55045,MN,2527,3001,1
10110,C,31643,GA,2526,4522,1
10111,C,98014,WA,2525,2858,1
10112,C,02828,RI,2523,3012,1
10113,C,32110,FL,2522,4102,1
10114,C,11705,NY,2522,2988,1
10115,C,08079,NJ,2521,5213,1
10116,C,44074,OH,2520,4038,1
10117,C,17401,PA,2518,8202,1
10118,C,53948,WI,2518,4135,1
10119,C,01220,MA,2517,4563,1
10120,C,30554,GA,2516,3476,1
10121,C,58301,ND,2515,5040,1
10122,C,65608,MO,2515,3804,1
10123,C,47429,IN,2514,3082,1
10124,C,35824,AL,2513,4986,1
10125,C,04938,ME,2513,4936,1
10126,C,13642,NY,2513,4214,0
10127,C,76424,TX,2513,4206,0
10128,C,55302,MN,2513,3667,1
10129,C,44714,OH,2512,4458,1
10130,C,79070,TX,2512,4210,1
10131,C,28518,NC,2512,3702,1
10132,C,06281,CT,2512,3248,1
10133,C,46392,IN,2512,3135,1
10134,C,10040,NY,2511,17020,0
10135,C,76164,TX,2511,4866,0
10136,C,75076,TX,2511,4361,1
10137,C,89447,NV,2511,3878,1
10138,C,75789,TX,2511,3350,1
10139,C,43201,OH,2510,17484,1
10140,C,56716,MN,2510,4416,1
10141,C,97383,OR,2510,4116,1
10142,C,29330,SC,2509,3852,1
10143,C,83805,ID,2509,3497,1
10144,C,54669,WI,2509,3246,1
10145,C,28372,NC,2508,4652,1
10146,C,03904,ME,2505,4375,1
10147,C,04084,ME,2504,3710,1
10148,C,06226,CT,2503,7622,1
10149,C,63664,MO,2503,3961,1
10150,C,46167,IN,2503,2610,1
10151,C,56378,MN,2502,3835,1
10152,C,17547,PA,2501,3538,1
10153,C,81211,CO,2500,4154,1
10154,C,38474,TN,2499,3687,1
10155,C,97523,OR,2499,3606,1
10156,C,28202,NC,2498,11490,1
10157,C,93203,CA,2498,5005,1
10158,C,93109,CA,2498,4910,1
10159,C,35956,AL,2498,3892,1
10160,C,32340,FL,2497,4567,1
10161,C,47553,IN,2497,3453,1
10162,C,29574,SC,2496,5003,1
10163,C,40906,KY,2496,4969,1
10164,C,84102,UT,2495,11348,1
10165,C,30439,GA,2495,4426,1
10166,C,48131,MI,2495,3838,1
10167,C,54020,WI,2495,3491,1
10168,C,77012,TX,2494,6867,0
10169,C,31036,GA,2494,4534,1
10170,C,22815,VA,2494,3957,1
10171,C,48616,MI,2494,3226,1
10172,C,07063,NJ,2493,4119,1
10173,C,28040,NC,2493,3396,1
10174,C,76258,TX,2492,3079,1
10175,C,11693,NY,2491,5850,1
10176,C,60136,IL,2491,3123,1
10177,C,48529,MI,2490,4430,1
10178,C,53206,WI,2489,10077,1
10179,C,87020,NM,2489,4593,1
10180,C,35085,AL,2489,3558,1
10181,C,26452,WV,2488,4624,1
10182,C,96019,CA,2488,4277,1
10183,C,07626,NJ,2488,3200,1
10184,C,12972,NY,2488,2965,1
10185,C,04412,ME,2487,4565,1
10186,C,53018,WI,2486,3431,1
10187,C,75956,TX,2486,3375,0
10188,C,37330,TN,2485,3357,1
10189,C,22712,VA,2484,3207,1
10190,C,64128,MO,2483,6681,1
10191,C,65672,MO,2483,4696,1
10192,C,05482,VT,2483,3596,1
10193,C,93546,CA,2482,10905,1
10194,C,45439,OH,2482,5290,1
10195,C,25271,WV,2482,4047,1
10196,C,71822,AR,2482,3836,1
10197,C,10590,NY,2482,2820,1
10198,C,94931,CA,2481,4244,1
10199,C,37820,TN,2481,3485,1
10200,C,06471,CT,2481,2938,1
10201,C,42261,KY,2480,4168,1
10202,C,29130,SC,2480,3571,1
10203,C,11557,NY,2480,2792,1
10204,C,13204,NY,2479,10410,1
10205,C,54982,WI,2479,4409,1
10206,C,28730,NC,2479,3927,1
10207,C,44286,OH,2479,2770,1
10208,C,34291,FL,2478,3204,1
10209,C,27043,NC,2478,2993,1
10210,C,95683,CA,2478,2673,1
10211,C,20794,MD,2476,4230,1
10212,C,59330,MT,2474,3996,1
10213,C,38103,TN,2473,8811,1
10214,C,95326,CA,2473,4211,1
10215,C,38344,TN,2473,4099,1
10216,C,93543,CA,2473,3750,1
10217,C,44827,OH,2472,3564,1
10218,C,27041,NC,2472,3410,1
10219,C,07502,NJ,2471,4861,1
10220,C,01432,MA,2471,3770,1
10221,C,14568,NY,2471,2668,1
10222,C,76446,TX,2470,3591,1
10223,C,17038,PA,2470,3460,1
10224,C,07075,NJ,2469,3888,1
10225,C,20833,MD,2469,2628,1
10226,C,14141,NY,2468,3675,1
10227,C,07206,NJ,2467,9712,1
10228,C,07086,NJ,2467,9399,1
10229,C,16870,PA,2467,2958,1
10230,C,08850,NJ,2466,3165,1
10231,C,52333,IA,2466,2949,1
10232,C,83661,ID,2465,3988,1
10233,C,29851,SC,2465,3974,1
10234,C,44273,OH,2464,2791,1
10235,C,15690,PA,2463,4485,1
10236,C,75785,TX,2463,3814,1
10237,C,08035,NJ,2462,3326,1
10238,C,37406,TN,2461,5894,1
10239,C,29842,SC,2461,3552,1
10240,C,06787,CT,2461,3341,1
10241,C,29040,SC,2460,3729,1
10242,C,32304,FL,2459,23296,1
10243,C,93210,CA,2459,4883,1
10244,C,42320,KY,2459,3674,1
10245,C,66214,KS,2458,5652,1
10246,C,36264,AL,2458,3799,1
10247,C,05156,VT,2457,4280,1
10248,C,79316,TX,2457,4226,1
10249,C,37186,TN,2457,4168,1
10250,C,56367,MN,2457,2899,1
10251,C,02723,MA,2456,7976,1
10252,C,37825,TN,2456,4040,1
10253,C,29835,SC,2456,3829,1
10254,C,54217,WI,2456,3265,1
10255,C,37742,TN,2456,2989,1
10256,C,83860,ID,2455,3850,1
10257,C,79510,TX,2455,3552,1
10258,C,30633,GA,2454,3579,1
10259,C,25840,WV,2454,3405,1
10260,C,45304,OH,2454,3146,1
10261,C,36703,AL,2453,5661,1
10262,C,90755,CA,2453,5071,1
10263,C,03220,NH,2453,3562,1
10264,C,83263,ID,2452,3610,1
10265,C,65453,MO,2451,4333,1
10266,C,06260,CT,2450,4289,1
10267,C,31510,GA,2450,4135,1
10268,C,01834,MA,2450,2756,1
10269,C,18509,PA,2449,6017,1
10270,C,60401,IL,2449,3152,1
10271,C,70420,LA,2449,3027,1
10272,C,35114,AL,2449,2786,1
10273,C,60171,IL,2448,4456,1
10274,C,28428,NC,2447,6268,1
10275,C,49913,MI,2447,3990,1
10276,C,38824,MS,2446,3642,1
10277,C,18433,PA,2446,3390,1
10278,C,62246,IL,2445,3879,1
10279,C,37033,TN,2445,3848,1
10280,C,44255,OH,2445,3148,1
10281,C,65584,MO,2444,5184,1
10282,C,50022,IA,2444,4097,1
10283,C,74044,OK,2444,3369,1
10284,C,52205,IA,2443,3358,1
10285,C,10468,NY,2442,29553,1
10286,C,98640,WA,2442,4991,1
10287,C,59270,MT,2442,4358,1
10288,C,12009,NY,2442,3238,1
10289,C,45335,OH,2442,3055,1
10290,C,01523,MA,2442,2970,1
10291,C,70116,LA,2441,9620,1
10292,C,18801,PA,2441,4126,0
10293,C,53126,WI,2441,2918,1
10294,C,21131,MD,2441,2622,1
10295,C,84060,UT,2438,9160,1
10296,C,70807,LA,2438,6645,1
10297,C,07718,NJ,2438,2603,1
10298,C,68503,NE,2437,6851,1
10299,C,98848,WA,2437,5476,1
10300,C,25311,WV,2437,5412,1
10301,C,85929,AZ,2437,5089,1
10302,C,20781,MD,2437,4665,1
10303,C,22812,VA,2437,3570,1
10304,C,98826,WA,2436,5868,1
10305,C,39117,MS,2435,3774,1
10306,C,06370,CT,2435,2799,1
10307,C,08244,NJ,2434,5898,1
10308,C,85603,AZ,2432,4183,1
10309,C,19807,DE,2432,3813,1
10310,C,95315,CA,2432,3601,1
10311,C,06374,CT,2432,3298,1
10312,C,28609,NC,2432,3264,1
10313,C,61951,IL,2432,3169,1
10314,C,10460,NY,2431,24085,0
10315,C,20616,MD,2431,2541,1
10316,C,77003,TX,2430,6201,1
10317,C,28170,NC,2430,4768,1
10318,C,29728,SC,2430,4363,1
10319,C,06779,CT,2430,3558,1
10320,C,37322,TN,2429,3749,1
10321,C,21120,MD,2429,2589,1
10322,C,93927,CA,2428,5037,1
10323,C,08098,NJ,2428,3589,1
10324,C,40069,KY,2428,3570,1
10325,C,77701,TX,2427,5755,0
10326,C,46923,IN,2427,3681,1
10327,C,45154,OH,2427,3569,1
10328,C,27018,NC,2427,3490,1
10329,C,16866,PA,2426,4083,1
10330,C,51250,IA,2426,3254,1
10331,C,85623,AZ,2426,3017,1
10332,C,83672,ID,2424,3691,1
10333,C,55070,MN,2424,2947,1
10334,C,72734,AR,2423,3395,1
10335,C,78605,TX,2423,2972,1
10336,C,39556,MS,2422,3222,1
10337,C,78616,TX,2422,3165,1
10338,C,77840,TX,2421,25423,1
10339,C,47882,IN,2421,4017,1
10340,C,13224,NY,2421,3948,1
10341,C,65459,MO,2421,3323,1
10342,C,67152,KS,2420,4288,1
10343,C,43215,OH,2419,13428,1
10344,C,61342,IL,2419,3758,1
10345,C,73179,OK,2418,3038,1
10346,C,17842,PA,2417,3486,1
10347,C,75140,TX,2417,3436,1
10348,C,60425,IL,2416,3526,1
10349,C,15126,PA,2416,3249,1
10350,C,35673,AL,2414,3561,1
10351,C,06419,CT,2414,2713,1
10352,C,91708,CA,2412,5645,0
10353,C,03253,NH,2412,5111,1
10354,C,74525,OK,2412,4159,0
10355,C,37058,TN,2412,3840,1
10356,C,33876,FL,2412,3313,1
10357,C,49415,MI,2412,2566,1
10358,C,15203,PA,2411,6983,1
10359,C,10606,NY,2411,6920,1
10360,C,52353,IA,2411,3995,1
10361,C,36617,AL,2410,5828,1
10362,C,36530,AL,2410,3988,1
10363,C,02379,MA,2410,2955,1
10364,C,07649,NJ,2410,2749,1
10365,C,10504,NY,2410,2665,1
10366,C,78204,TX,2409,6210,1
10367,C,50220,IA,2409,3925,1
10368,C,44081,OH,2409,2749,1
10369,C,24557,VA,2408,4121,1
10370,C,30646,GA,2408,3561,1
10371,C,54025,WI,2407,3141,1
10372,C,74132,OK,2406,4818,1
10373,C,48350,MI,2406,2893,1
10374,C,62260,IL,2406,2863,1
10375,C,39845,GA,2405,4568,1
10376,C,78266,TX,2405,2824,1
10377,C,85354,AZ,2404,3024,1
10378,C,55401,MN,2401,8988,0
10379,C,78580,TX,2401,4270,0
10380,C,10522,NY,2401,4074,1
10381,C,22172,VA,2401,3903,1
10382,C,17327,PA,2401,3341,1
10383,C,01033,MA,2401,2768,1
10384,C,17569,PA,2401,2661,1
10385,C,32601,FL,2400,11204,1
10386,C,66609,KS,2400,3832,1
10387,C,07023,NJ,2400,2783,1
10388,C,99027,WA,2400,2734,1
10389,C,43906,OH,2399,4202,1
10390,C,75949,TX,2399,4131,1
10391,C,03276,NH,2399,3984,1
10392,C,84606,UT,2398,11428,1
10393,C,15417,PA,2398,3864,1
10394,C,28333,NC,2397,4336,1
10395,C,02121,MA,2396,11384,1
10396,C,98390,WA,2396,4836,1
10397,C,85378,AZ,2396,4671,1
10398,C,74834,OK,2395,3203,1
10399,C,98365,WA,2395,3164,1
10400,C,33403,FL,2393,5906,1
10401,C,60096,IL,2393,2930,1
10402,C,19118,PA,2392,5079,1
10403,C,98589,WA,2392,3122,1
10404,C,84036,UT,2391,3972,1
10405,C,81637,CO,2391,3291,1
10406,C,23842,VA,2391,2957,1
10407,C,60501,IL,2390,4134,1
10408,C,24550,VA,2390,3401,1
10409,C,25430,WV,2389,3235,1
10410,C,19950,DE,2388,3480,1
10411,C,48650,MI,2388,3036,1
10412,C,97361,OR,2387,4858,1
10413,C,31788,GA,2387,4390,1
10414,C,13316,NY,2387,3175,1
10415,C,58072,ND,2386,3970,1
10416,C,79103,TX,2386,3784,1
10417,C,68504,NE,2385,8793,1
10418,C,35228,AL,2385,4519,1
10419,C,62441,IL,2385,3290,1
10420,C,45430,OH,2385,3131,1
10421,C,81620,CO,2384,9432,1
10422,C,22209,VA,2384,9261,1
10423,C,53050,WI,2384,3120,1
10424,C,03766,NH,2383,5346,1
10425,C,49065,MI,2383,3559,1
10426,C,54963,WI,2383,3195,1
10427,C,67052,KS,2383,3081,1
10428,C,33548,FL,2383,3023,1
10429,C,07028,NJ,2383,2629,1
10430,C,90033,CA,2382,13874,1
10431,C,07004,NJ,2382,3054,1
10432,C,70346,LA,2381,4275,1
10433,C,42064,KY,2381,3886,1
10434,C,21754,MD,2381,2510,1
10435,C,36323,AL,2380,3976,1
10436,C,45107,OH,2380,3656,1
10437,C,85361,AZ,2380,2805,1
10438,C,81052,CO,2379,4062,1
10439,C,63038,MO,2379,2753,1
10440,C,40013,KY,2379,2571,1
10441,C,28340,NC,2378,4250,1
10442,C,15204,PA,2378,3940,1
10443,C,70734,LA,2378,3141,1
10444,C,35044,AL,2377,3804,1
10445,C,63016,MO,2377,2985,1
10446,C,66053,KS,2376,3309,1
10447,C,43619,OH,2376,3191,1
10448,C,65712,MO,2375,3555,1
10449,C,29477,SC,2375,3527,1
10450,C,15946,PA,2375,3222,1
10451,C,53033,WI,2375,2541,1
10452,C,12018,NY,2374,3123,1
10453,C,82301,WY,2372,4108,1
10454,C,32266,FL,2372,3792,1
10455,C,11789,NY,2372,2888,1
10456,C,78538,TX,2370,3745,0
10457,C,98620,WA,2370,3629,1
10458,C,47060,IN,2370,2747,1
10459,C,97496,OR,2369,3510,1
10460,C,47454,IN,2368,3424,1
10461,C,43571,OH,2368,2965,1
10462,C,44270,OH,2366,3420,1
10463,C,35474,AL,2366,3005,1
10464,C,73439,OK,2365,5202,1
10465,C,85007,AZ,2364,5981,1
10466,C,49690,MI,2364,3476,1
10467,C,14886,NY,2364,3225,1
10468,C,48883,MI,2364,2912,1
10469,C,30525,GA,2363,4762,1
10470,C,16063,PA,2363,3541,1
10471,C,44813,OH,2363,3167,1
10472,C,28586,NC,2362,3717,1
10473,C,28768,NC,2362,3542,1
10474,C,99201,WA,2361,8842,1
10475,C,78648,TX,2361,3563,1
10476,C,14611,NY,2360,8292,1
10477,C,08312,NJ,2360,3558,1
10478,C,26187,WV,2360,2921,1
10479,C,77480,TX,2359,3581,1
10480,C,98672,WA,2358,3176,1
10481,C,63117,MO,2357,4917,1
10482,C,82401,WY,2357,3434,1
10483,C,68117,NE,2357,3258,1
10484,C,75240,TX,2356,12014,1
10485,C,08402,NJ,2356,6940,1
10486,C,95666,CA,2356,3740,1
10487,C,06249,CT,2356,3210,1
10488,C,38851,MS,2354,3855,1
10489,C,16502,PA,2353,7811,1
10490,C,07630,NJ,2353,2641,1
10491,C,52742,IA,2352,3077,1
10492,C,08221,NJ,2352,2859,1
10493,C,17370,PA,2352,2769,1
10494,C,20180,VA,2352,2702,1
10495,C,46403,IN,2351,6317,1
10496,C,28782,NC,2351,3718,1
10497,C,98327,WA,2350,4014,1
10498,C,02460,MA,2349,4171,1
10499,C,07924,NJ,2349,2683,1
10500,C,90701,CA,2348,4657,1
10501,C,65781,MO,2348,3287,1
10502,C,32501,FL,2346,5505,1
10503,C,36322,AL,2346,4403,1
10504,C,02739,MA,2346,3614,1
10505,C,75752,TX,2346,3217,1
10506,C,19801,DE,2345,9390,1
10507,C,29401,SC,2345,5808,1
10508,C,75657,TX,2345,4140,1
10509,C,31329,GA,2345,3444,1
10510,C,21770,MD,2345,2448,1
10511,C,27536,NC,2344,7432,1
10512,C,02653,MA,2344,5685,1
10513,C,17540,PA,2344,4068,1
10514,C,14892,NY,2344,3887,1
10515,C,40210,KY,2343,7137,1
10516,C,68850,NE,2343,4299,1
10517,C,56425,MN,2343,3898,1
10518,C,28675,NC,2343,3867,1
10519,C,46069,IN,2343,3054,1
10520,C,15213,PA,2342,11349,1
10521,C,13114,NY,2342,3351,1
10522,C,49053,MI,2342,2919,1
10523,C,97024,OR,2341,5157,1
10524,C,07605,NJ,2341,3581,1
10525,C,32448,FL,2340,3791,1
10526,C,40359,KY,2340,3331,1
10527,C,03903,ME,2340,3092,1
10528,C,07727,NJ,2339,2951,1
10529,C,79022,TX,2338,3911,1
10530,C,93510,CA,2338,2718,1
10531,C,11721,NY,2338,2497,1
10532,C,04101,ME,2337,11510,1
10533,C,06052,CT,2337,3731,1
10534,C,71342,LA,2337,3556,1
10535,C,54021,WI,2337,3183,1
10536,C,20711,MD,2337,2484,1
10537,C,75570,TX,2336,3638,1
10538,C,98236,WA,2336,3489,1
10539,C,29385,SC,2336,3444,1
10540,C,63070,MO,2336,3234,1
10541,C,01775,MA,2336,2761,1
10542,C,72687,AR,2335,3458,1
10543,C,93930,CA,2334,4744,1
10544,C,08558,NJ,2334,2758,1
10545,C,13077,NY,2333,3245,1
10546,C,66112,KS,2332,5512,1
10547,C,87740,NM,2332,3889,1
10548,C,21875,MD,2332,3553,1
10549,C,39355,MS,2332,3403,1
10550,C,01583,MA,2332,2946,1
10551,C,48421,MI,2331,2987,1
10552,C,06706,CT,2329,5907,1
10553,C,33042,FL,2329,4835,1
10554,C,36460,AL,2329,4700,1
10555,C,05443,VT,2329,3040,1
10556,C,08810,NJ,2329,2814,1
10557,C,48821,MI,2329,2591,1
10558,C,75440,TX,2328,3431,1
10559,C,07757,NJ,2328,2620,1
10560,C,31087,GA,2327,5124,1
10561,C,13619,NY,2327,4649,1
10562,C,83856,ID,2327,3969,1
10563,C,16150,PA,2327,3384,1
10564,C,02660,MA,2326,4617,1
10565,C,53042,WI,2325,3034,1
10566,C,27583,NC,2325,2748,1
10567,C,15062,PA,2324,4015,1
10568,C,99567,AK,2324,3156,1
10569,C,21716,MD,2324,2849,1
10570,C,77013,TX,2323,6839,1
10571,C,34475,FL,2323,5668,1
10572,C,72560,AR,2323,4509,1
10573,C,48229,MI,2323,4156,1
10574,C,94930,CA,2323,3729,1
10575,C,17322,PA,2322,2516,1
10576,C,46327,IN,2321,4389,1
10577,C,01536,MA,2321,3230,1
10578,C,39111,MS,2319,4049,1
10579,C,04769,ME,2317,4568,1
10580,C,54153,WI,2317,3540,1
10581,C,66218,KS,2317,2776,1
10582,C,48363,MI,2317,2431,1
10583,C,27828,NC,2316,4006,1
10584,C,90404,CA,2314,11499,1
10585,C,92252,CA,2314,5201,1
10586,C,95953,CA,2314,3642,1
10587,C,78073,TX,2314,3020,0
10588,C,45209,OH,2312,6592,1
10589,C,98247,WA,2312,3257,1
10590,C,61241,IL,2312,2947,1
10591,C,77030,TX,2311,7842,1
10592,C,18508,PA,2311,5466,1
10593,C,28127,NC,2311,4690,1
10594,C,14464,NY,2310,2907,1
10595,C,43011,OH,2309,2804,1
10596,C,44050,OH,2309,2777,1
10597,C,46320,IN,2308,6236,1
10598,C,28580,NC,2308,4206,1
10599,C,64485,MO,2308,3488,1
10600,C,07823,NJ,2307,3643,1
10601,C,08823,NJ,2307,3445,1
10602,C,18947,PA,2307,2703,1
10603,C,40447,KY,2305,3797,0
10604,C,37331,TN,2305,3721,1
10605,C,06234,CT,2305,3219,1
10606,C,10029,NY,2304,36955,0
10607,C,70090,LA,2304,3312,1
10608,C,42376,KY,2304,2800,1
10609,C,64132,MO,2303,6006,1
10610,C,83861,ID,2302,3382,1
10611,C,56347,MN,2302,3272,1
10612,C,53949,WI,2301,4088,1
10613,C,61605,IL,2300,7114,1
10614,C,93212,CA,2300,4967,1
10615,C,44405,OH,2300,3719,1
10616,C,57747,SD,2300,3481,1
10617,C,12184,NY,2299,3415,1
10618,C,61282,IL,2297,4665,1
10619,C,37074,TN,2297,3482,1
10620,C,53520,WI,2297,3188,1
10621,C,79922,TX,2297,3125,1
10622,C,08801,NJ,2297,2732,1
10623,C,10604,NY,2296,4436,1
10624,C,73086,OK,2296,4259,1
10625,C,62088,IL,2296,3263,1
10626,C,77465,TX,2295,3793,1
10627,C,27817,NC,2295,3537,1
10628,C,78202,TX,2294,5288,1
10629,C,08093,NJ,2294,4473,1
10630,C,25304,WV,2294,4062,1
10631,C,24614,VA,2294,3680,0
10632,C,20141,VA,2294,2650,1
10633,C,59725,MT,2292,3838,1
10634,C,76060,TX,2292,3208,1
10635,C,54165,WI,2292,3002,1
10636,C,62274,IL,2291,3087,1
10637,C,44889,OH,2291,3072,1
10638,C,95018,CA,2291,3029,1
10639,C,95334,CA,2290,4411,1
10640,C,50707,IA,2290,3555,1
10641,C,95605,CA,2289,5517,1
10642,C,53404,WI,2289,5110,1
10643,C,39817,GA,2289,4943,1
10644,C,17339,PA,2289,2705,1
10645,C,08036,NJ,2289,2601,1
10646,C,18078,PA,2288,2731,1
10647,C,13904,NY,2287,3962,1
10648,C,27051,NC,2286,3365,1
10649,C,50226,IA,2286,2517,1
10650,C,16438,PA,2285,4146,1
10651,C,08065,NJ,2285,3406,1
10652,C,85937,AZ,2285,3159,1
10653,C,08515,NJ,2284,2556,1
10654,C,72112,AR,2283,4394,1
10655,C,89029,NV,2282,5658,1
10656,C,45692,OH,2282,3782,1
10657,C,05488,VT,2281,3883,1
10658,C,63143,MO,2279,5089,1
10659,C,47872,IN,2279,3695,1
10660,C,74745,OK,2278,4366,1
10661,C,62565,IL,2278,3769,1
10662,C,04027,ME,2278,2654,1
10663,C,37029,TN,2278,2568,1
10664,C,32666,FL,2277,3398,1
10665,C,61010,IL,2277,3049,1
10666,C,75203,TX,2276,6862,1
10667,C,97210,OR,2275,7910,1
10668,C,30817,GA,2275,4197,1
10669,C,77518,TX,2275,3950,1
10670,C,45619,OH,2275,3421,1
10671,C,44413,OH,2275,3351,1
10672,C,13029,NY,2275,3304,1
10673,C,21202,MD,2274,12731,1
10674,C,63935,MO,2274,3716,0
10675,C,49437,MI,2274,3229,1
10676,C,26416,WV,2273,3485,0
10677,C,97540,OR,2272,4228,1
10678,C,77957,TX,2272,4119,1
10679,C,05855,VT,2272,3880,1
10680,C,37890,TN,2272,3423,1
10681,C,15021,PA,2272,3252,1
10682,C,56329,MN,2272,2939,1
10683,C,17851,PA,2271,3907,0
10684,C,06085,CT,2271,2961,1
10685,C,71241,LA,2270,3855,1
10686,C,48413,MI,2270,3393,1
10687,C,48422,MI,2270,2875,1
10688,C,45202,OH,2269,11432,1
10689,C,03235,NH,2269,4021,1
10690,C,74015,OK,2268,3578,1
10691,C,36549,AL,2268,3042,1
10692,C,91205,CA,2267,14424,1
10693,C,29601,SC,2267,8067,1
10694,C,28337,NC,2267,5176,1
10695,C,35222,AL,2267,4383,1
10696,C,61270,IL,2267,2965,1
10697,C,50511,IA,2266,3385,1
10698,C,24065,VA,2266,2943,1
10699,C,60176,IL,2265,4423,1
10700,C,94133,CA,2264,15733,0
10701,C,37722,TN,2264,3591,1
10702,C,28097,NC,2264,3002,1
10703,C,28604,NC,2262,9148,1
10704,C,64129,MO,2262,4002,1
10705,C,38059,TN,2261,3517,1
10706,C,06878,CT,2261,2824,1
10707,C,44103,OH,2260,9479,1
10708,C,19033,PA,2260,2987,1
10709,C,03857,NH,2259,4443,1
10710,C,93428,CA,2259,4199,1
10711,C,97351,OR,2259,3697,1
10712,C,27954,NC,2259,3587,1
10713,C,62231,IL,2259,3233,1
10714,C,44681,OH,2259,2987,1
10715,C,92567,CA,2259,2953,1
10716,C,01982,MA,2259,2892,1
10717,C,53097,WI,2259,2477,1
10718,C,11232,NY,2258,10004,0
10719,C,12834,NY,2258,2996,1
10720,C,01430,MA,2258,2892,1
10721,C,95631,CA,2258,2819,1
10722,C,48611,MI,2258,2700,1
10723,C,01966,MA,2257,4232,1
10724,C,28320,NC,2257,3741,1
10725,C,80547,CO,2257,2843,1
10726,C,13865,NY,2256,3127,1
10727,C,38703,MS,2254,5155,1
10728,C,75223,TX,2254,4872,1
10729,C,37030,TN,2254,3364,1
10730,C,76634,TX,2253,3660,1
10731,C,48519,MI,2253,3356,1
10732,C,68526,NE,2253,3041,1
10733,C,61061,IL,2252,3445,1
10734,C,68152,NE,2252,2953,1
10735,C,54216,WI,2251,3030,1
10736,C,03841,NH,2251,2810,1
10737,C,19506,PA,2251,2696,1
10738,C,02779,MA,2250,2428,1
10739,C,37419,TN,2249,2952,1
10740,C,53179,WI,2249,2761,1
10741,C,66219,KS,2248,7044,1
10742,C,72927,AR,2246,3831,1
10743,C,54140,WI,2246,3634,1
10744,C,65049,MO,2245,8049,1
10745,C,03570,NH,2244,4372,1
10746,C,28705,NC,2244,3997,1
10747,C,60661,IL,2243,8049,0
10748,C,71019,LA,2243,3440,0
10749,C,01469,MA,2242,2707,1
10750,C,48202,MI,2241,10078,1
10751,C,36545,AL,2241,4439,1
10752,C,06870,CT,2241,2897,1
10753,C,57069,SD,2240,5307,1
10754,C,96790,HI,2240,3592,1
10755,C,17751,PA,2240,3263,1
10756,C,98936,WA,2240,2782,1
10757,C,91207,CA,2239,4272,1
10758,C,06907,CT,2239,3701,1
10759,C,26164,WV,2239,3364,1
10760,C,11971,NY,2237,3963,1
10761,C,04572,ME,2237,2957,1
10762,C,48070,MI,2235,2402,1
10763,C,78752,TX,2234,10929,1
10764,C,42167,KY,2234,3756,1
10765,C,37184,TN,2233,2918,1
10766,C,84332,UT,2233,2729,1
10767,C,55315,MN,2233,2504,1
10768,C,28801,NC,2232,8490,1
10769,C,79102,TX,2232,4695,1
10770,C,73051,OK,2232,3210,1
10771,C,55103,MN,2231,5652,1
10772,C,29123,SC,2231,3339,1
10773,C,70633,LA,2231,3223,1
10774,C,11709,NY,2231,2803,1
10775,C,33430,FL,2230,7158,1
10776,C,38544,TN,2230,3327,1
10777,C,54724,WI,2230,3129,1
10778,C,28468,NC,2229,5528,1
10779,C,78643,TX,2229,4149,1
10780,C,77362,TX,2228,2664,1
10781,C,08501,NJ,2228,2495,1
10782,C,17347,PA,2228,2493,1
10783,C,10707,NY,2227,4186,1
10784,C,50662,IA,2227,3260,1
10785,C,12186,NY,2227,2718,1
10786,C,20685,MD,2227,2494,1
10787,C,12564,NY,2226,3169,1
10788,C,37046,TN,2226,2740,1
10789,C,63552,MO,2225,3720,1
10790,C,62821,IL,2225,3547,1
10791,C,65010,MO,2225,3092,1
10792,C,35064,AL,2224,4776,1
10793,C,70466,LA,2224,3879,1
10794,C,98625,WA,2224,2995,1
10795,C,55404,MN,2223,14372,1
10796,C,86351,AZ,2223,4680,1
10797,C,35953,AL,2223,3381,1
10798,C,97016,OR,2223,3115,1
10799,C,45123,OH,2222,3863,1
10800,C,02835,RI,2222,3177,1
10801,C,48808,MI,2222,2938,1
10802,C,04364,ME,2221,3342,1
10803,C,15133,PA,2221,3086,1
10804,C,31031,GA,2221,3035,1
10805,C,02718,MA,2221,2612,1
10806,C,97232,OR,2220,9594,1
10807,C,94028,CA,2220,2783,1
10808,C,73075,OK,2219,4409,1
10809,C,92342,CA,2218,3118,1
10810,C,17368,PA,2218,3105,1
10811,C,06612,CT,2218,2646,1
10812,C,46613,IN,2217,4758,1
10813,C,78619,TX,2217,2484,1
10814,C,40203,KY,2216,10754,1
10815,C,93301,CA,2216,6202,1
10816,C,35747,AL,2215,3402,1
10817,C,30710,GA,2214,2930,1
10818,C,40023,KY,2214,2377,1
10819,C,43935,OH,2213,4130,1
10820,C,61240,IL,2213,2561,1
10821,C,38382,TN,2212,4132,1
10822,C,24609,VA,2212,3530,1
10823,C,99324,WA,2211,3601,1
10824,C,62839,IL,2211,2960,1
10825,C,75754,TX,2211,2904,1
10826,C,06403,CT,2211,2668,1
10827,C,46795,IN,2210,3730,1
10828,C,70446,LA,2210,2682,1
10829,C,54114,WI,2209,5795,1
10830,C,48133,MI,2209,2646,1
10831,C,37210,TN,2208,9201,1
10832,C,46767,IN,2208,3209,1
10833,C,44104,OH,2207,9851,0
10834,C,77954,TX,2207,4707,1
10835,C,92359,CA,2207,3483,1
10836,C,68333,NE,2207,3306,1
10837,C,01073,MA,2207,2552,1
10838,C,12198,NY,2206,3069,1
10839,C,07092,NJ,2206,2616,1
10840,C,95694,CA,2205,3701,1
10841,C,75182,TX,2205,2722,1
10842,C,35654,AL,2204,3874,1
10843,C,88401,NM,2204,3759,1
10844,C,15089,PA,2204,3234,1
10845,C,49935,MI,2203,4610,1
10846,C,72472,AR,2202,4198,1
10847,C,74462,OK,2202,4068,1
10848,C,74020,OK,2202,3425,1
10849,C,56265,MN,2202,3398,1
10850,C,95203,CA,2200,5858,1
10851,C,83467,ID,2200,3495,1
10852,C,45383,OH,2200,3193,1
10853,C,78229,TX,2199,19149,1
10854,C,48003,MI,2199,2469,1
10855,C,23702,VA,2198,5278,1
10856,C,53182,WI,2198,3471,1
10857,C,28206,NC,2197,7094,1
10858,C,62230,IL,2197,2707,1
10859,C,85307,AZ,2196,4957,1
10860,C,46280,IN,2196,3920,1
10861,C,02537,MA,2195,3280,1
10862,C,04937,ME,2195,3041,1
10863,C,46160,IN,2193,2804,1
10864,C,93644,CA,2192,3788,1
10865,C,30683,GA,2192,3132,1
10866,C,13210,NY,2191,9774,1
10867,C,24504,VA,2191,5206,1
10868,C,55734,MN,2191,3516,1
10869,C,53821,WI,2190,3899,1
10870,C,11516,NY,2190,3346,1
10871,C,94574,CA,2189,4112,1
10872,C,30230,GA,2189,3971,1
10873,C,59804,MT,2189,3487,1
10874,C,35962,AL,2189,3417,1
10875,C,27557,NC,2188,3260,1
10876,C,24416,VA,2186,4037,1
10877,C,39823,GA,2186,3800,1
10878,C,60064,IL,2185,5801,1
10879,C,21154,MD,2185,2835,1
10880,C,70390,LA,2183,3272,1
10881,C,77486,TX,2183,3124,1
10882,C,22473,VA,2182,3904,1
10883,C,64085,MO,2182,3701,1
10884,C,61834,IL,2182,2811,1
10885,C,38562,TN,2181,3337,1
10886,C,28339,NC,2181,3245,1
10887,C,52310,IA,2181,2937,1
10888,C,24230,VA,2180,3863,1
10889,C,49677,MI,2180,3452,1
10890,C,24101,VA,2180,3095,1
10891,C,78543,TX,2179,3018,0
10892,C,14469,NY,2178,2904,1
10893,C,74036,OK,2178,2858,1
10894,C,37025,TN,2177,2848,1
10895,C,01519,MA,2177,2724,1
10896,C,97325,OR,2177,2611,1
10897,C,80927,CO,2176,2492,0
10898,C,92352,CA,2174,7515,1
10899,C,74126,OK,2174,4742,0
10900,C,35147,AL,2174,2467,1
10901,C,54755,WI,2173,3188,1
10902,C,47165,IN,2173,2783,1
10903,C,08230,NJ,2173,2669,1
10904,C,36024,AL,2172,3676,1
10905,C,61341,IL,2172,3419,1
10906,C,13214,NY,2172,3417,1
10907,C,91303,CA,2171,11073,1
10908,C,29544,SC,2171,3013,1
10909,C,27371,NC,2170,3900,1
10910,C,35501,AL,2169,4591,1
10911,C,23075,VA,2169,3796,1
10912,C,27569,NC,2169,3559,1
10913,C,45409,OH,2169,3458,1
10914,C,29661,SC,2169,3097,1
10915,C,64744,MO,2168,3720,1
10916,C,37048,TN,2167,2545,1
10917,C,18510,PA,2166,5824,1
10918,C,17061,PA,2166,3175,1
10919,C,03908,ME,2165,3169,1
10920,C,03835,NH,2165,2994,1
10921,C,15748,PA,2165,2987,1
10922,C,55013,MN,2164,3077,1
10923,C,88242,NM,2164,2776,1
10924,C,98424,WA,2163,4558,1
10925,C,15627,PA,2163,3029,1
10926,C,75708,TX,2162,3585,0
10927,C,25813,WV,2162,2880,1
10928,C,86333,AZ,2161,3296,1
10929,C,99835,AK,2160,4080,1
10930,C,53533,WI,2160,3557,1
10931,C,37737,TN,2160,3032,1
10932,C,55359,MN,2160,2649,1
10933,C,07738,NJ,2160,2445,1
10934,C,98260,WA,2159,3296,1
10935,C,07624,NJ,2159,2723,1
10936,C,20837,MD,2159,2470,1
10937,C,04021,ME,2159,2428,1
10938,C,39365,MS,2158,3569,1
10939,C,51566,IA,2158,3435,1
10940,C,31321,GA,2158,3242,1
10941,C,76442,TX,2157,3482,1
10942,C,30535,GA,2157,3386,1
10943,C,75161,TX,2157,2541,1
10944,C,70129,LA,2155,3727,1
10945,C,42171,KY,2155,2992,1
10946,C,07465,NJ,2155,2594,1
10947,C,20769,MD,2155,2398,1
10948,C,07739,NJ,2155,2352,1
10949,C,08078,NJ,2154,3338,1
10950,C,70443,LA,2153,3321,1
10951,C,79404,TX,2152,4289,0
10952,C,14445,NY,2152,3661,1
10953,C,72176,AR,2152,3598,1
10954,C,10506,NY,2152,2408,1
10955,C,41858,KY,2150,3613,0
10956,C,39191,MS,2150,3386,1
10957,C,51334,IA,2150,3265,1
10958,C,17961,PA,2150,2907,1
10959,C,52544,IA,2149,4096,1
10960,C,91978,CA,2149,3340,1
10961,C,13108,NY,2149,2799,1
10962,C,06333,CT,2148,2894,1
10963,C,80235,CO,2146,4448,1
10964,C,39232,MS,2146,4204,1
10965,C,86046,AZ,2146,3572,1
10966,C,10533,NY,2146,2999,1
10967,C,95658,CA,2146,2511,1
10968,C,15223,PA,2145,3653,1
10969,C,49082,MI,2145,3171,1
10970,C,06057,CT,2145,2707,1
10971,C,10456,NY,2144,33321,0
10972,C,35594,AL,2144,3557,1
10973,C,73446,OK,2144,3516,1
10974,C,64112,MO,2143,6047,1
10975,C,33034,FL,2142,6631,1
10976,C,07603,NJ,2142,3203,1
10977,C,65037,MO,2140,5426,1
10978,C,18403,PA,2140,3108,1
10979,C,43502,OH,2140,2873,1
10980,C,29431,SC,2140,2858,1
10981,C,01860,MA,2140,2851,1
10982,C,02863,RI,2139,8341,1
10983,C,45693,OH,2139,3717,1
10984,C,95832,CA,2139,3334,1
10985,C,17074,PA,2139,3139,1
10986,C,01226,MA,2139,3013,1
10987,C,98596,WA,2139,2676,1
10988,C,48215,MI,2138,6044,1
10989,C,31331,GA,2138,3915,1
10990,C,48872,MI,2138,2793,1
10991,C,49055,MI,2137,3197,1
10992,C,28762,NC,2136,3544,1
10993,C,04841,ME,2135,4073,1
10994,C,03848,NH,2135,2796,1
10995,C,78257,TX,2133,6522,0
10996,C,54801,WI,2133,4828,1
10997,C,39083,MS,2133,4320,1
10998,C,29666,SC,2133,3306,1
10999,C,66025,KS,2133,2862,1
11000,C,67133,KS,2133,2543,1
11001,C,66101,KS,2132,5995,1
11002,C,63088,MO,2132,4209,1
11003,C,17551,PA,2132,3891,1
11004,C,01238,MA,2132,3069,1
11005,C,02830,RI,2132,2837,1
11006,C,21163,MD,2132,2693,1
11007,C,75603,TX,2129,2983,1
11008,C,30288,GA,2129,2967,1
11009,C,31903,GA,2128,9593,1
11010,C,12803,NY,2128,3819,1
11011,C,54484,WI,2127,2529,1
11012,C,25303,WV,2126,3558,1
11013,C,04429,ME,2126,2963,1
11014,C,37681,TN,2126,2709,1
11015,C,98010,WA,2124,2540,1
11016,C,48015,MI,2123,3789,1
11017,C,62626,IL,2123,3537,1
11018,C,62232,IL,2123,3082,1
11019,C,14009,NY,2123,2877,1
11020,C,30662,GA,2122,3701,1
11021,C,30566,GA,2121,3827,1
11022,C,11713,NY,2121,3788,1
11023,C,92276,CA,2120,3757,1
11024,C,42544,KY,2120,3665,1
11025,C,28901,NC,2120,3292,1
11026,C,26426,WV,2120,2991,0
11027,C,10459,NY,2119,18678,1
11028,C,75941,TX,2119,3047,1
11029,C,19025,PA,2119,2731,1
11030,C,75948,TX,2118,4722,1
11031,C,33841,FL,2118,3776,1
11032,C,14068,NY,2118,3439,1
11033,C,66006,KS,2118,2944,1
11034,C,32435,FL,2118,2885,1
11035,C,27258,NC,2118,2869,1
11036,C,18106,PA,2118,2737,1
11037,C,97444,OR,2117,3347,1
11038,C,74047,OK,2117,2826,1
11039,C,44710,OH,2116,4001,1
11040,C,31302,GA,2116,3299,1
11041,C,44201,OH,2116,2673,1
11042,C,78606,TX,2115,3408,1
11043,C,55731,MN,2114,4954,1
11044,C,66611,KS,2114,4814,1
11045,C,96738,HI,2114,4751,1
11046,C,43315,OH,2114,2950,1
11047,C,76073,TX,2114,2612,1
11048,C,54720,WI,2113,3979,1
11049,C,93463,CA,2113,3672,1
11050,C,68434,NE,2113,3499,1
11051,C,84741,UT,2113,3094,1
11052,C,60135,IL,2113,2923,1
11053,C,61953,IL,2113,2860,1
11054,C,34269,FL,2112,3221,1
11055,C,93924,CA,2111,3001,1
11056,C,83340,ID,2110,5836,1
11057,C,26181,WV,2110,2599,1
11058,C,27882,NC,2109,3898,1
11059,C,04457,ME,2109,3587,1
11060,C,96771,HI,2109,3144,0
11061,C,60162,IL,2109,3097,1
11062,C,75763,TX,2109,2958,1
11063,C,20754,MD,2109,2330,1
11064,C,90304,CA,2108,7673,1
11065,C,65622,MO,2108,3517,1
11066,C,46120,IN,2108,3045,1
11067,C,46552,IN,2108,2981,1
11068,C,46635,IN,2108,2913,1
11069,C,78124,TX,2108,2674,1
11070,C,81631,CO,2107,3137,1
11071,C,18074,PA,2107,2231,1
11072,C,16503,PA,2106,6375,0
11073,C,06016,CT,2106,3078,1
11074,C,05851,VT,2106,2769,1
11075,C,75235,TX,2104,9983,1
11076,C,08886,NJ,2104,2250,1
11077,C,50321,IA,2103,3689,1
11078,C,97537,OR,2103,3107,1
11079,C,49285,MI,2103,2686,1
11080,C,38751,MS,2102,4383,1
11081,C,53954,WI,2102,2898,1
11082,C,03773,NH,2101,3865,1
11083,C,53955,WI,2101,2805,1
11084,C,43205,OH,2100,7303,1
11085,C,60173,IL,2100,6901,1
11086,C,58075,ND,2100,4251,1
11087,C,64137,MO,2099,4879,1
11088,C,27983,NC,2097,4061,1
11089,C,07033,NJ,2097,3058,1
11090,C,65746,MO,2097,2870,1
11091,C,21776,MD,2097,2378,1
11092,C,78756,TX,2095,4943,1
11093,C,95642,CA,2095,3428,1
11094,C,62278,IL,2095,2763,1
11095,C,83801,ID,2095,2738,1
11096,C,76043,TX,2094,2945,1
11097,C,03254,NH,2093,5130,1
11098,C,54548,WI,2093,5096,1
11099,C,36604,AL,2093,5032,1
11100,C,47102,IN,2093,3245,1
11101,C,73108,OK,2092,6221,0
11102,C,47567,IN,2092,2750,1
11103,C,05465,VT,2092,2292,1
11104,C,35031,AL,2091,3305,1
11105,C,36580,AL,2091,2932,1
11106,C,36271,AL,2091,2675,1
11107,C,36572,AL,2091,2662,1
11108,C,59833,MT,2091,2541,1
11109,C,72160,AR,2089,4565,1
11110,C,98815,WA,2089,3007,1
11111,C,72774,AR,2088,2882,1
11112,C,95948,CA,2087,4149,1
11113,C,42129,KY,2087,3217,1
11114,C,59847,MT,2087,2781,1
11115,C,17361,PA,2087,2690,1
11116,C,26753,WV,2087,2689,1
11117,C,01364,MA,2086,3435,1
11118,C,71263,LA,2086,3244,1
11119,C,07432,NJ,2086,3112,1
11120,C,64156,MO,2086,3015,1
11121,C,02568,MA,2085,5432,1
11122,C,57042,SD,2085,3768,1
11123,C,41041,KY,2085,3462,1
11124,C,48412,MI,2085,2335,1
11125,C,49841,MI,2084,3847,1
11126,C,82201,WY,2083,3539,1
11127,C,92397,CA,2083,3155,1
11128,C,12832,NY,2083,3136,1
11129,C,45879,OH,2083,3047,1
11130,C,70710,LA,2082,2922,1
11131,C,80118,CO,2082,2273,1
11132,C,85643,AZ,2081,3965,1
11133,C,54728,WI,2080,3491,1
11134,C,64058,MO,2080,2780,1
11135,C,76201,TX,2079,13087,1
11136,C,03894,NH,2079,4347,1
11137,C,37885,TN,2079,2971,1
11138,C,43162,OH,2079,2736,1
11139,C,48626,MI,2079,2307,1
11140,C,18925,PA,2079,2208,1
11141,C,07403,NJ,2078,3079,1
11142,C,14414,NY,2078,2950,1
11143,C,25213,WV,2078,2630,1
11144,C,07422,NJ,2078,2528,1
11145,C,15330,PA,2078,2520,1
11146,C,15208,PA,2077,5599,1
11147,C,71483,LA,2076,4335,1
11148,C,56482,MN,2076,3387,1
11149,C,70533,LA,2076,3020,1
11150,C,11363,NY,2076,3002,1
11151,C,14047,NY,2076,2707,1
11152,C,95693,CA,2076,2599,1
11153,C,07069,NJ,2076,2471,1
11154,C,76011,TX,2075,11991,1
11155,C,62951,IL,2075,2705,1
11156,C,62549,IL,2075,2554,1
11157,C,10994,NY,2075,2178,1
11158,C,27349,NC,2074,2727,1
11159,C,30184,GA,2074,2666,1
11160,C,22936,VA,2074,2347,1
11161,C,19611,PA,2073,4555,1
11162,C,17554,PA,2073,3115,1
11163,C,46933,IN,2073,2939,1
11164,C,53119,WI,2073,2440,1
11165,C,71667,AR,2072,3264,1
11166,C,23970,VA,2070,3987,1
11167,C,32008,FL,2070,3397,1
11168,C,76050,TX,2070,2711,1
11169,C,57064,SD,2070,2652,1
11170,C,33762,FL,2069,3117,1
11171,C,04270,ME,2068,3222,1
11172,C,62012,IL,2068,2803,1
11173,C,21853,MD,2067,4962,1
11174,C,14706,NY,2067,2828,1
11175,C,28129,NC,2067,2565,1
11176,C,97048,OR,2066,3115,1
11177,C,24360,VA,2066,2638,1
11178,C,45663,OH,2065,3087,1
11179,C,71832,AR,2064,4012,1
11180,C,62557,IL,2064,3338,1
11181,C,80530,CO,2064,2315,1
11182,C,95065,CA,2063,3090,1
11183,C,97378,OR,2063,2891,1
11184,C,73049,OK,2063,2698,1
11185,C,75236,TX,2061,7439,1
11186,C,28383,NC,2060,3058,0
11187,C,25530,WV,2060,3000,1
11188,C,17059,PA,2059,3341,0
11189,C,07850,NJ,2059,2722,1
11190,C,46777,IN,2058,2794,1
11191,C,46936,IN,2058,2522,1
11192,C,50049,IA,2057,2869,1
11193,C,52537,IA,2057,2778,1
11194,C,72031,AR,2056,3755,1
11195,C,65625,MO,2056,3637,1
11196,C,01129,MA,2056,2699,1
11197,C,45206,OH,2055,7191,1
11198,C,37708,TN,2055,3490,1
11199,C,27013,NC,2055,2681,1
11200,C,43832,OH,2054,3349,1
11201,C,43968,OH,2054,3184,1
11202,C,44730,OH,2054,2749,1
11203,C,89169,NV,2053,14070,1
11204,C,64683,MO,2053,3836,1
11205,C,14903,NY,2053,3344,1
11206,C,28479,NC,2052,2737,1
11207,C,77859,TX,2051,3361,1
11208,C,05733,VT,2051,3289,1
11209,C,72727,AR,2051,2803,1
11210,C,71052,LA,2050,4579,1
11211,C,80461,CO,2050,3762,1
11212,C,30108,GA,2050,3147,1
11213,C,18651,PA,2049,4586,1
11214,C,98948,WA,2049,3620,1
11215,C,11942,NY,2049,3471,1
11216,C,32112,FL,2048,3866,1
11217,C,67124,KS,2048,3571,1
11218,C,60480,IL,2048,2441,1
11219,C,44303,OH,2047,4172,1
11220,C,56334,MN,2046,3327,1
11221,C,03446,NH,2045,2939,1
11222,C,14036,NY,2045,2521,1
11223,C,27350,NC,2044,2713,1
11224,C,46748,IN,2044,2521,1
11225,C,43334,OH,2044,2470,1
11226,C,13733,NY,2043,2637,1
11227,C,12077,NY,2042,2742,1
11228,C,27962,NC,2041,3678,1
11229,C,21904,MD,2041,2787,1
11230,C,36732,AL,2040,4207,1
11231,C,50213,IA,2040,3533,1
11232,C,19365,PA,2040,2818,1
11233,C,37036,TN,2040,2521,1
11234,C,48655,MI,2040,2469,1
11235,C,37220,TN,2040,2364,1
11236,C,97394,OR,2039,3686,1
11237,C,98148,WA,2038,4382,1
11238,C,62906,IL,2038,3333,1
11239,C,01524,MA,2037,2448,1
11240,C,61088,IL,2037,2371,1
11241,C,55327,MN,2037,2219,1
11242,C,41040,KY,2036,3385,1
11243,C,18655,PA,2036,2940,1
11244,C,29511,SC,2036,2596,1
11245,C,33716,FL,2035,11596,0
11246,C,54002,WI,2035,2636,1
11247,C,49021,MI,2035,2547,1
11248,C,25306,WV,2034,3503,1
11249,C,48622,MI,2034,3213,1
11250,C,57730,SD,2033,3328,1
11251,C,87547,NM,2032,2304,1
11252,C,55414,MN,2031,15541,1
11253,C,71463,LA,2031,3699,1
11254,C,01983,MA,2030,2319,1
11255,C,70392,LA,2029,3396,1
11256,C,21851,MD,2028,3547,1
11257,C,76520,TX,2028,3247,1
11258,C,49802,MI,2028,2768,1
11259,C,11507,NY,2028,2432,1
11260,C,12701,NY,2027,7188,1
11261,C,36401,AL,2027,3952,0
11262,C,33031,FL,2027,2346,1
11263,C,13856,NY,2026,3652,1
11264,C,41179,KY,2026,3439,0
11265,C,56283,MN,2026,3089,1
11266,C,81647,CO,2026,2808,1
11267,C,49087,MI,2026,2474,1
11268,C,41097,KY,2025,2998,1
11269,C,62439,IL,2024,3563,1
11270,C,08066,NJ,2023,3605,1
11271,C,74743,OK,2022,4102,0
11272,C,95388,CA,2022,3957,1
11273,C,97423,OR,2022,2835,1
11274,C,49251,MI,2022,2499,1
11275,C,10927,NY,2020,4180,1
11276,C,84701,UT,2020,3345,1
11277,C,52172,IA,2020,2923,1
11278,C,62243,IL,2020,2537,1
11279,C,06073,CT,2020,2236,1
11280,C,19520,PA,2019,2532,1
11281,C,04282,ME,2019,2431,1
11282,C,78751,TX,2018,9966,1
11283,C,65065,MO,2018,8164,1
11284,C,54011,WI,2018,2878,1
11285,C,28114,NC,2017,3528,1
11286,C,14132,NY,2017,2372,1
11287,C,94041,CA,2016,7383,1
11288,C,55806,MN,2016,4848,1
11289,C,04274,ME,2016,2794,1
11290,C,32465,FL,2015,3434,1
11291,C,35670,AL,2015,3239,1
11292,C,25443,WV,2015,2816,1
11293,C,64501,MO,2014,5598,1
11294,C,19333,PA,2014,3039,1
11295,C,76023,TX,2014,2614,1
11296,C,74146,OK,2013,6138,1
11297,C,93250,CA,2013,4060,1
11298,C,28174,NC,2013,2891,1
11299,C,45660,OH,2012,3448,1
11300,C,02874,RI,2012,2565,1
11301,C,83638,ID,2011,7004,1
11302,C,80808,CO,2011,2631,1
11303,C,72736,AR,2009,2682,1
11304,C,17314,PA,2009,2550,1
11305,C,21722,MD,2009,2347,1
11306,C,92254,CA,2008,3701,0
11307,C,66749,KS,2008,3532,1
11308,C,69153,NE,2008,3239,1
11309,C,12983,NY,2007,4664,1
11310,C,28090,NC,2005,3413,1
11311,C,97392,OR,2005,2480,1
11312,C,47220,IN,2005,2470,1
11313,C,62930,IL,2004,2990,1
11314,C,44618,OH,2004,2751,1
11315,C,10601,NY,2003,6031,0
11316,C,74346,OK,2002,3745,1
11317,C,01267,MA,2002,3440,1
11318,C,70092,LA,2002,2778,1
11319,C,19070,PA,2002,2707,1
11320,C,11237,NY,2001,18801,0
11321,C,30292,GA,2001,2489,1
11322,C,20637,MD,2001,2208,1
11323,C,87043,NM,1998,2349,1
11324,C,84049,UT,1997,3331,1
11325,C,11558,NY,1996,3317,1
11326,C,65653,MO,1996,2894,1
11327,C,57049,SD,1995,3386,1
11328,C,27505,NC,1994,3158,1
11329,C,62049,IL,1994,2970,1
11330,C,11560,NY,1994,2534,1
11331,C,98816,WA,1993,5398,1
11332,C,60155,IL,1993,3231,1
11333,C,39218,MS,1993,2950,1
11334,C,48893,MI,1993,2721,1
11335,C,48450,MI,1992,4113,1
11336,C,20115,VA,1992,3134,1
11337,C,28018,NC,1992,2681,1
11338,C,53122,WI,1992,2335,1
11339,C,06423,CT,1992,2304,1
11340,C,18641,PA,1991,3077,1
11341,C,99141,WA,1991,3015,1
11342,C,15224,PA,1990,6380,1
11343,C,46565,IN,1990,2574,1
11344,C,17360,PA,1990,2407,1
11345,C,76541,TX,1989,10207,0
11346,C,94027,CA,1989,2682,1
11347,C,07068,NJ,1989,2470,1
11348,C,02633,MA,1988,5425,1
11349,C,16403,PA,1988,2638,1
11350,C,55373,MN,1988,2345,1
11351,C,17578,PA,1987,2632,1
11352,C,01969,MA,1987,2428,1
11353,C,34251,FL,1987,2323,1
11354,C,83455,ID,1986,3139,1
11355,C,52726,IA,1986,2257,1
11356,C,48095,MI,1986,2086,1
11357,C,90056,CA,1985,3704,1
11358,C,53508,WI,1985,2421,1
11359,C,54208,WI,1985,2343,1
11360,C,37329,TN,1984,2650,1
11361,C,02817,RI,1983,2509,1
11362,C,06791,CT,1983,2326,1
11363,C,81635,CO,1982,3066,1
11364,C,07764,NJ,1982,3030,1
11365,C,72855,AR,1982,2840,1
11366,C,49451,MI,1982,2433,1
11367,C,30673,GA,1981,3507,1
11368,C,17520,PA,1981,2221,1
11369,C,16735,PA,1980,3404,0
11370,C,11559,NY,1980,2849,1
11371,C,03307,NH,1980,2361,1
11372,C,62563,IL,1980,2141,1
11373,C,78061,TX,1979,3798,0
11374,C,19079,PA,1978,3577,1
11375,C,01464,MA,1978,2512,1
11376,C,02468,MA,1978,2038,1
11377,C,07108,NJ,1977,12862,0
11378,C,43440,OH,1977,6605,1
11379,C,22664,VA,1977,4061,1
11380,C,06378,CT,1977,3144,1
11381,C,02141,MA,1976,8128,1
11382,C,63147,MO,1976,4542,1
11383,C,59828,MT,1976,2513,1
11384,C,33158,FL,1976,2236,1
11385,C,07082,NJ,1976,2107,1
11386,C,75428,TX,1975,4616,1
11387,C,75148,TX,1974,3625,1
11388,C,40311,KY,1974,3366,1
11389,C,17737,PA,1974,3001,1
11390,C,30173,GA,1974,2952,1
11391,C,27325,NC,1974,2951,1
11392,C,13211,NY,1974,2624,1
11393,C,87047,NM,1974,2392,1
11394,C,61874,IL,1973,3755,1
11395,C,95005,CA,1973,2892,1
11396,C,13166,NY,1973,2629,1
11397,C,21087,MD,1973,2250,1
11398,C,06759,CT,1972,2885,1
11399,C,02461,MA,1972,2785,1
11400,C,53104,WI,1972,2448,1
11401,C,07501,NJ,1971,13119,1
11402,C,18661,PA,1971,3644,1
11403,C,30176,GA,1971,3172,1
11404,C,43724,OH,1971,3141,1
11405,C,35614,AL,1971,3129,1
11406,C,79121,TX,1970,2953,1
11407,C,15478,PA,1970,2730,0
11408,C,53177,WI,1970,2566,1
11409,C,56573,MN,1969,3632,1
11410,C,47041,IN,1969,2449,1
11411,C,45216,OH,1968,4262,1
11412,C,35578,AL,1968,2530,1
11413,C,27316,NC,1967,3101,1
11414,C,62233,IL,1967,2946,1
11415,C,06241,CT,1967,2841,1
11416,C,45345,OH,1967,2575,1
11417,C,27510,NC,1964,7671,1
11418,C,28128,NC,1964,3584,1
11419,C,13073,NY,1964,2803,1
11420,C,77703,TX,1963,5345,0
11421,C,44117,OH,1963,5320,1
11422,C,71334,LA,1962,4020,1
11423,C,14489,NY,1962,3065,1
11424,C,35905,AL,1962,2862,1
11425,C,96088,CA,1961,2775,1
11426,C,30183,GA,1961,2731,1
11427,C,49779,MI,1961,2726,1
11428,C,19504,PA,1960,2249,1
11429,C,74108,OK,1959,3159,1
11430,C,26836,WV,1959,3154,0
11431,C,62675,IL,1959,2812,1
11432,C,44606,OH,1959,2611,1
11433,C,07643,NJ,1957,4672,1
11434,C,05661,VT,1957,3276,1
11435,C,54456,WI,1957,3080,1
11436,C,75114,TX,1957,2416,1
11437,C,48049,MI,1957,2224,1
11438,C,68949,NE,1956,3185,1
11439,C,98349,WA,1956,3063,1
11440,C,56156,MN,1956,2756,1
11441,C,36266,AL,1955,3399,1
11442,C,43764,OH,1955,3214,1
11443,C,65079,MO,1954,6537,1
11444,C,49346,MI,1954,3179,1
11445,C,51537,IA,1954,2893,1
11446,C,22973,VA,1953,2979,1
11447,C,53528,WI,1953,2589,1
11448,C,35622,AL,1952,2803,1
11449,C,06331,CT,1952,2311,1
11450,C,90006,CA,1951,21475,1
11451,C,24441,VA,1951,2719,1
11452,C,70373,LA,1951,2698,1
11453,C,63068,MO,1951,2442,1
11454,C,12962,NY,1951,2412,1
11455,C,03755,NH,1950,3612,1
11456,C,13142,NY,1950,3465,1
11457,C,61252,IL,1950,2772,1
11458,C,49631,MI,1949,3704,1
11459,C,98465,WA,1948,3771,1
11460,C,49649,MI,1947,2639,1
11461,C,36521,AL,1947,2392,1
11462,C,45229,OH,1946,7813,1
11463,C,95327,CA,1946,3283,1
11464,C,12158,NY,1946,3205,1
11465,C,27837,NC,1946,2715,1
11466,C,36083,AL,1945,4598,1
11467,C,87801,NM,1945,4272,1
11468,C,14569,NY,1945,3314,1
11469,C,07022,NJ,1944,5724,1
11470,C,17777,PA,1944,2849,1
11471,C,37020,TN,1944,2130,1
11472,C,33785,FL,1943,5863,1
11473,C,39168,MS,1943,2833,0
11474,C,06472,CT,1943,2337,1
11475,C,40977,KY,1942,3770,0
11476,C,32621,FL,1942,2495,0
11477,C,71671,AR,1941,3788,1
11478,C,22939,VA,1941,2971,1
11479,C,62363,IL,1941,2843,1
11480,C,19940,DE,1941,2711,1
11481,C,26525,WV,1941,2521,1
11482,C,65610,MO,1941,2229,1
11483,C,06855,CT,1940,3682,1
11484,C,52233,IA,1940,3123,1
11485,C,06447,CT,1940,2208,1
11486,C,20759,MD,1940,2031,1
11487,C,49420,MI,1939,2862,1
11488,C,64062,MO,1939,2518,1
11489,C,45656,OH,1938,3069,1
11490,C,27243,NC,1938,2402,1
11491,C,49270,MI,1938,2316,1
11492,C,48880,MI,1937,2722,1
11493,C,64124,MO,1936,4914,1
11494,C,39530,MS,1936,4533,1
11495,C,51108,IA,1936,2142,1
11496,C,27306,NC,1935,4410,1
11497,C,33538,FL,1935,3409,0
11498,C,16314,PA,1935,2733,1
11499,C,07826,NJ,1935,2676,1
11500,C,95010,CA,1934,4741,1
11501,C,49265,MI,1934,2468,1
11502,C,97146,OR,1933,3449,1
11503,C,65066,MO,1933,3107,1
11504,C,75166,TX,1933,2186,1
11505,C,34947,FL,1932,4691,1
11506,C,04009,ME,1932,4580,1
11507,C,39629,MS,1932,2980,1
11508,C,52531,IA,1932,2724,1
11509,C,78387,TX,1931,3762,1
11510,C,25438,WV,1931,3025,1
11511,C,17053,PA,1931,2297,1
11512,C,49749,MI,1930,3995,1
11513,C,63357,MO,1930,2405,1
11514,C,48888,MI,1929,2928,1
11515,C,79836,TX,1929,2488,0
11516,C,33070,FL,1928,4366,1
11517,C,49421,MI,1928,2817,1
11518,C,86324,AZ,1928,2593,1
11519,C,04462,ME,1927,3302,1
11520,C,95220,CA,1927,2908,1
11521,C,14487,NY,1927,2456,1
11522,C,45381,OH,1927,2430,1
11523,C,52040,IA,1927,2378,1
11524,C,70462,LA,1926,3042,1
11525,C,01534,MA,1926,2515,1
11526,C,27020,NC,1925,2911,1
11527,C,80422,CO,1925,2797,1
11528,C,96094,CA,1924,3233,1
11529,C,45817,OH,1924,2479,1
11530,C,11102,NY,1923,19431,0
11531,C,99503,AK,1923,7411,1
11532,C,03222,NH,1923,4071,1
11533,C,48034,MI,1922,8634,1
11534,C,24228,VA,1922,3327,0
11535,C,17921,PA,1922,2980,1
11536,C,23192,VA,1922,2428,1
11537,C,55733,MN,1921,2048,1
11538,C,07514,NJ,1920,6752,1
11539,C,15139,PA,1920,3606,1
11540,C,71343,LA,1919,3518,0
11541,C,46711,IN,1919,2588,1
11542,C,40067,KY,1919,2500,1
11543,C,56572,MN,1918,4191,1
11544,C,64037,MO,1918,3060,1
11545,C,84765,UT,1918,2867,1
11546,C,43344,OH,1918,2684,1
11547,C,76711,TX,1917,4143,0
11548,C,38485,TN,1917,3029,1
11549,C,18072,PA,1917,2779,1
11550,C,16841,PA,1917,2773,1
11551,C,45311,OH,1917,2749,1
11552,C,01756,MA,1916,2226,1
11553,C,12043,NY,1915,3292,1
11554,C,37711,TN,1915,2611,1
11555,C,86325,AZ,1914,2914,1
11556,C,54157,WI,1914,2868,1
11557,C,87068,NM,1914,2252,1
11558,C,06441,CT,1914,2199,1
11559,C,07704,NJ,1914,2082,1
11560,C,97467,OR,1913,2816,1
11561,C,55808,MN,1913,2786,1
11562,C,77547,TX,1912,2928,1
11563,C,56352,MN,1912,2656,1
11564,C,07657,NJ,1910,4192,1
11565,C,07029,NJ,1909,10485,1
11566,C,21205,MD,1909,6502,1
11567,C,17103,PA,1909,5345,1
11568,C,46996,IN,1909,3053,1
11569,C,37380,TN,1909,2906,1
11570,C,30628,GA,1909,2383,1
11571,C,37085,TN,1909,2263,1
11572,C,11952,NY,1908,2773,1
11573,C,37101,TN,1908,2640,1
11574,C,02892,RI,1908,2222,1
11575,C,54495,WI,1907,3605,1
11576,C,03868,NH,1907,2426,1
11577,C,63089,MO,1907,2354,1
11578,C,98951,WA,1906,3672,1
11579,C,31779,GA,1905,3298,1
11580,C,81144,CO,1905,2979,1
11581,C,76691,TX,1904,2573,1
11582,C,15342,PA,1904,2493,1
11583,C,50047,IA,1904,2411,1
11584,C,75039,TX,1903,13286,0
11585,C,35816,AL,1903,7972,1
11586,C,70374,LA,1903,2724,1
11587,C,78408,TX,1902,4543,0
11588,C,49343,MI,1902,2528,1
11589,C,18066,PA,1902,2311,1
11590,C,01036,MA,1902,2025,1
11591,C,12570,NY,1901,2252,1
11592,C,45830,OH,1901,2235,1
11593,C,90270,CA,1900,6451,1
11594,C,07057,NJ,1900,5153,1
11595,C,24319,VA,1900,3100,1
11596,C,19034,PA,1900,2613,1
11597,C,19362,PA,1900,2277,1
11598,C,67215,KS,1900,2266,1
11599,C,92210,CA,1899,5025,1
11600,C,44683,OH,1899,3566,1
11601,C,75684,TX,1899,2789,0
11602,C,22824,VA,1899,2756,1
11603,C,35117,AL,1898,2399,1
11604,C,30739,GA,1898,2255,1
11605,C,30530,GA,1897,2964,1
11606,C,19960,DE,1896,2509,1
11607,C,85935,AZ,1895,5596,1
11608,C,46124,IN,1895,3118,1
11609,C,61873,IL,1895,2298,1
11610,C,36310,AL,1894,4159,1
11611,C,28530,NC,1894,3557,1
11612,C,65631,MO,1894,2413,1
11613,C,30621,GA,1894,2226,1
11614,C,07201,NJ,1893,10404,1
11615,C,92866,CA,1893,5991,1
11616,C,95222,CA,1893,2888,1
11617,C,46765,IN,1893,2070,1
11618,C,31730,GA,1892,3840,1
11619,C,29709,SC,1892,2819,1
11620,C,53578,WI,1892,2779,1
11621,C,64109,MO,1891,6103,1
11622,C,03824,NH,1891,3884,1
11623,C,49045,MI,1891,2855,1
11624,C,23487,VA,1891,2751,1
11625,C,03290,NH,1891,2206,1
11626,C,36268,AL,1890,2554,1
11627,C,65648,MO,1890,2509,1
11628,C,06807,CT,1889,2881,1
11629,C,06359,CT,1889,2272,1
11630,C,46121,IN,1888,2281,1
11631,C,01740,MA,1888,2083,1
11632,C,53934,WI,1887,4342,1
11633,C,12833,NY,1887,2327,1
11634,C,55356,MN,1887,2312,1
11635,C,19032,PA,1885,2866,1
11636,C,35754,AL,1885,2494,1
11637,C,93737,CA,1885,2052,1
11638,C,43912,OH,1884,3219,1
11639,C,78026,TX,1884,2926,1
11640,C,07677,NJ,1882,2221,1
11641,C,36110,AL,1881,5072,1
11642,C,98249,WA,1881,3283,1
11643,C,29470,SC,1881,2370,1
11644,C,01373,MA,1881,2344,1
11645,C,03070,NH,1881,2189,1
11646,C,44502,OH,1880,4354,1
11647,C,56164,MN,1880,2634,1
11648,C,08533,NJ,1880,2625,1
11649,C,49250,MI,1880,2560,1
11650,C,48634,MI,1880,2098,1
11651,C,64759,MO,1879,3387,1
11652,C,19012,PA,1879,2314,1
11653,C,68142,NE,1879,2111,1
11654,C,98403,WA,1878,4863,1
11655,C,81252,CO,1878,3886,1
11656,C,38826,MS,1878,2924,1
11657,C,61016,IL,1878,2183,1
11658,C,85012,AZ,1877,5269,1
11659,C,54568,WI,1877,3855,1
11660,C,12025,NY,1877,3211,1
11661,C,43713,OH,1877,3015,1
11662,C,72081,AR,1877,2941,1
11663,C,37022,TN,1877,2314,1
11664,C,14174,NY,1876,2601,1
11665,C,23181,VA,1876,2455,1
11666,C,98675,WA,1876,2292,1
11667,C,40162,KY,1876,2121,1
11668,C,53583,WI,1875,2525,1
11669,C,08826,NJ,1875,2249,1
11670,C,39581,MS,1874,5411,1
11671,C,14454,NY,1874,3937,1
11672,C,73538,OK,1874,2496,1
11673,C,37082,TN,1874,2298,1
11674,C,04260,ME,1874,2274,1
11675,C,17090,PA,1872,2414,1
11676,C,97002,OR,1872,2381,1
11677,C,22947,VA,1872,2285,1
11678,C,03032,NH,1872,1998,1
11679,C,21104,MD,1872,1985,1
11680,C,39476,MS,1871,3055,1
11681,C,56362,MN,1871,2942,1
11682,C,42366,KY,1871,2293,1
11683,C,18224,PA,1870,3072,1
11684,C,32113,FL,1870,2734,1
11685,C,31833,GA,1869,3072,1
11686,C,30415,GA,1869,2602,1
11687,C,60970,IL,1868,3071,1
11688,C,29696,SC,1867,2327,1
11689,C,45252,OH,1867,2140,1
11690,C,53017,WI,1867,1909,1
11691,C,48632,MI,1866,4389,1
11692,C,42408,KY,1866,3075,1
11693,C,25951,WV,1865,3497,0
11694,C,72958,AR,1865,3199,0
11695,C,05491,VT,1865,2900,1
11696,C,52031,IA,1865,2529,1
11697,C,30175,GA,1864,2763,1
11698,C,18414,PA,1864,2410,1
11699,C,70431,LA,1864,2124,1
11700,C,95672,CA,1864,2064,1
11701,C,50314,IA,1863,4780,1
11702,C,04055,ME,1863,3455,1
11703,C,54154,WI,1863,2699,1
11704,C,55319,MN,1863,2144,1
11705,C,96704,HI,1862,3367,1
11706,C,65084,MO,1862,3006,1
11707,C,45226,OH,1860,3272,1
11708,C,45171,OH,1860,2819,1
11709,C,08344,NJ,1860,2362,1
11710,C,05461,VT,1860,2241,1
11711,C,14590,NY,1859,3383,1
11712,C,49663,MI,1859,2637,1
11713,C,50659,IA,1859,2557,1
11714,C,27589,NC,1858,3586,0
11715,C,27011,NC,1858,2589,1
11716,C,55071,MN,1858,2454,1
11717,C,85054,AZ,1857,6271,1
11718,C,08551,NJ,1857,2196,1
11719,C,78839,TX,1856,3053,0
11720,C,41073,KY,1856,2915,1
11721,C,17922,PA,1856,2248,1
11722,C,23924,VA,1855,3323,1
11723,C,26037,WV,1855,2993,1
11724,C,12563,NY,1855,2276,1
11725,C,77864,TX,1854,3361,1
11726,C,28382,NC,1854,2992,1
11727,C,26704,WV,1854,2730,0
11728,C,50461,IA,1854,2564,1
11729,C,55388,MN,1854,2386,1
11730,C,57033,SD,1854,2326,1
11731,C,02030,MA,1854,1951,1
11732,C,40360,KY,1853,3255,1
11733,C,12822,NY,1853,3246,1
11734,C,35204,AL,1852,5333,0
11735,C,49756,MI,1852,4531,1
11736,C,03873,NH,1852,2293,1
11737,C,29479,SC,1851,2804,1
11738,C,41169,KY,1851,2582,1
11739,C,99025,WA,1851,2328,1
11740,C,54106,WI,1851,2169,1
11741,C,10547,NY,1850,2956,1
11742,C,30510,GA,1850,2922,1
11743,C,70339,LA,1850,2722,1
11744,C,32735,FL,1850,2457,1
11745,C,07662,NJ,1850,2377,1
11746,C,87035,NM,1849,2884,1
11747,C,49028,MI,1849,2858,1
11748,C,71964,AR,1849,2074,1
11749,C,61616,IL,1848,3119,1
11750,C,72732,AR,1848,2834,1
11751,C,56101,MN,1848,2811,1
11752,C,73106,OK,1847,6069,1
11753,C,83544,ID,1847,2864,1
11754,C,21017,MD,1847,2643,1
11755,C,64040,MO,1847,2621,1
11756,C,98443,WA,1847,2294,1
11757,C,38310,TN,1846,2932,1
11758,C,12721,NY,1846,2876,1
11759,C,08084,NJ,1846,2574,1
11760,C,95134,CA,1845,14688,1
11761,C,34217,FL,1845,5940,1
11762,C,12498,NY,1845,2926,1
11763,C,73077,OK,1845,2878,1
11764,C,04071,ME,1844,4004,1
11765,C,56058,MN,1844,2759,1
11766,C,28124,NC,1844,2452,1
11767,C,47610,IN,1844,2420,1
11768,C,10607,NY,1844,2291,1
11769,C,32033,FL,1844,2288,1
11770,C,14607,NY,1843,11971,1
11771,C,24558,VA,1843,3150,1
11772,C,40729,KY,1843,2499,1
11773,C,77054,TX,1842,18845,0
11774,C,58854,ND,1842,4941,1
11775,C,10039,NY,1841,13300,0
11776,C,25570,WV,1841,2822,0
11777,C,39641,MS,1841,2660,0
11778,C,83328,ID,1841,2518,1
11779,C,53559,WI,1841,2395,1
11780,C,03862,NH,1841,2311,1
11781,C,02770,MA,1841,2135,1
11782,C,22923,VA,1840,2809,1
11783,C,16833,PA,1840,2494,1
11784,C,75640,TX,1840,2343,1
11785,C,54829,WI,1839,3140,1
11786,C,65336,MO,1839,2999,1
11787,C,54201,WI,1839,2603,1
11788,C,42553,KY,1839,2426,1
11789,C,03229,NH,1839,2389,1
11790,C,41016,KY,1838,2958,1
11791,C,70087,LA,1838,2734,1
11792,C,48428,MI,1838,2084,1
11793,C,38967,MS,1837,3523,1
11794,C,53130,WI,1837,3279,1
11795,C,61610,IL,1837,2550,1
11796,C,95932,CA,1836,3041,1
11797,C,71646,AR,1836,2901,1
11798,C,14551,NY,1835,2673,1
11799,C,56751,MN,1835,2657,1
11800,C,56085,MN,1835,2409,1
11801,C,52340,IA,1834,2400,1
11802,C,40026,KY,1834,2107,1
11803,C,26170,WV,1833,2634,1
11804,C,46017,IN,1833,2386,1
11805,C,81652,CO,1833,2223,1
11806,C,19330,PA,1833,2087,1
11807,C,16915,PA,1832,3532,1
11808,C,95467,CA,1832,2489,1
11809,C,32347,FL,1831,3393,1
11810,C,38225,TN,1831,2670,1
11811,C,99109,WA,1830,2610,1
11812,C,28722,NC,1829,3151,1
11813,C,13309,NY,1829,2804,1
11814,C,14136,NY,1829,2699,1
11815,C,32668,FL,1828,2440,1
11816,C,49930,MI,1827,3366,1
11817,C,51041,IA,1827,2565,1
11818,C,81621,CO,1826,3145,1
11819,C,48847,MI,1826,2490,1
11820,C,48618,MI,1826,2443,1
11821,C,23089,VA,1826,2301,1
11822,C,35212,AL,1825,5537,1
11823,C,65686,MO,1825,3633,1
11824,C,62448,IL,1825,2575,1
11825,C,30326,GA,1824,6332,0
11826,C,76559,TX,1824,2846,1
11827,C,63107,MO,1823,6651,1
11828,C,29451,SC,1823,4581,1
11829,C,89301,NV,1823,2959,1
11830,C,55992,MN,1823,2365,1
11831,C,31804,GA,1823,2158,1
11832,C,93240,CA,1822,3319,1
11833,C,98354,WA,1821,3242,1
11834,C,54986,WI,1821,2628,1
11835,C,63389,MO,1821,2525,1
11836,C,43072,OH,1821,2511,1
11837,C,02114,MA,1820,9525,0
11838,C,93241,CA,1820,4698,1
11839,C,77371,TX,1820,3158,0
11840,C,17555,PA,1820,2154,1
11841,C,70584,LA,1819,2698,1
11842,C,08510,NJ,1819,1891,1
11843,C,06105,CT,1818,11705,1
11844,C,39204,MS,1818,7613,1
11845,C,19095,PA,1818,3841,1
11846,C,45387,OH,1818,2707,1
11847,C,39145,MS,1818,2457,1
11848,C,29824,SC,1817,3079,1
11849,C,73084,OK,1817,2978,1
11850,C,83445,ID,1817,2549,1
11851,C,37769,TN,1816,2855,1
11852,C,21013,MD,1816,2022,1
11853,C,78069,TX,1815,2351,0
11854,C,11786,NY,1815,1951,1
11855,C,08559,NJ,1814,2198,1
11856,C,80116,CO,1814,1973,1
11857,C,03458,NH,1813,3610,1
11858,C,72529,AR,1813,3092,1
11859,C,24066,VA,1813,2644,1
11860,C,83530,ID,1812,3001,1
11861,C,56364,MN,1812,2301,1
11862,C,55046,MN,1812,2202,1
11863,C,06248,CT,1812,2201,1
11864,C,05672,VT,1811,4062,1
11865,C,51012,IA,1811,2889,1
11866,C,90040,CA,1810,3376,1
11867,C,38756,MS,1810,3130,1
11868,C,78002,TX,1810,2634,1
11869,C,80514,CO,1810,2315,1
11870,C,95665,CA,1809,2294,1
11871,C,44280,OH,1809,2271,1
11872,C,10523,NY,1808,3727,1
11873,C,56468,MN,1808,3653,1
11874,C,45865,OH,1808,2298,1
11875,C,61025,IL,1808,2216,1
11876,C,80216,CO,1807,6924,1
11877,C,54848,WI,1807,3132,1
11878,C,79364,TX,1807,2949,1
11879,C,61530,IL,1807,2804,1
11880,C,72106,AR,1807,2602,1
11881,C,45065,OH,1805,2527,1
11882,C,07401,NJ,1805,2505,1
11883,C,82701,WY,1804,2541,1
11884,C,14108,NY,1804,2354,1
11885,C,26047,WV,1803,2687,0
11886,C,96073,CA,1803,1971,1
11887,C,38680,MS,1802,2949,1
11888,C,35672,AL,1802,2675,1
11889,C,48726,MI,1802,2467,1
11890,C,75692,TX,1801,2311,1
11891,C,71251,LA,1800,3681,1
11892,C,77665,TX,1800,2764,1
11893,C,54110,WI,1800,2328,1
11894,C,55320,MN,1800,2253,1
11895,C,02825,RI,1800,2027,1
11896,C,62684,IL,1800,1981,1
11897,C,78052,TX,1799,2412,0
11898,C,23936,VA,1798,2656,1
11899,C,21152,MD,1798,2542,1
11900,C,97403,OR,1797,5146,1
11901,C,70760,LA,1796,3383,1
11902,C,56081,MN,1796,2798,1
11903,C,75125,TX,1796,2341,1
11904,C,08867,NJ,1796,2021,1
11905,C,64628,MO,1795,2896,1
11906,C,39071,MS,1795,2874,1
11907,C,43465,OH,1795,2493,1
11908,C,75147,TX,1794,3302,1
11909,C,42437,KY,1794,3108,1
11910,C,81413,CO,1794,3047,1
11911,C,42567,KY,1794,2772,1
11912,C,17820,PA,1794,2705,1
11913,C,43316,OH,1793,2712,1
11914,C,49228,MI,1793,2185,1
11915,C,19602,PA,1792,7907,1
11916,C,98388,WA,1792,2846,1
11917,C,18011,PA,1792,2185,1
11918,C,28478,NC,1791,2317,1
11919,C,28572,NC,1790,2909,1
11920,C,17579,PA,1790,2213,1
11921,C,80102,CO,1790,2098,1
11922,C,76633,TX,1790,1930,1
11923,C,02744,MA,1789,5609,1
11924,C,24263,VA,1788,2975,0
11925,C,04416,ME,1788,2773,1
11926,C,08091,NJ,1788,2588,1
11927,C,29805,SC,1788,2186,1
11928,C,49099,MI,1786,2719,1
11929,C,78013,TX,1786,2571,1
11930,C,26034,WV,1786,2459,0
11931,C,21755,MD,1786,2200,1
11932,C,21226,MD,1785,3093,1
11933,C,02859,RI,1785,2465,1
11934,C,49269,MI,1785,2083,1
11935,C,75840,TX,1784,3243,1
11936,C,65041,MO,1784,2961,1
11937,C,18424,PA,1783,4031,0
11938,C,73750,OK,1782,2960,1
11939,C,25510,WV,1782,2261,1
11940,C,04609,ME,1781,3499,1
11941,C,17519,PA,1781,2672,1
11942,C,75839,TX,1781,2581,0
11943,C,22821,VA,1781,2493,1
11944,C,52753,IA,1781,2489,1
11945,C,35739,AL,1781,2388,1
11946,C,10032,NY,1780,23178,0
11947,C,43331,OH,1780,3578,1
11948,C,17976,PA,1780,3315,0
11949,C,70722,LA,1780,2848,1
11950,C,49247,MI,1780,2457,1
11951,C,13159,NY,1780,2273,1
11952,C,37645,TN,1780,2115,1
11953,C,03036,NH,1780,1911,1
11954,C,23124,VA,1780,1892,1
11955,C,81328,CO,1779,2321,1
11956,C,78059,TX,1779,2166,0
11957,C,29148,SC,1778,3726,1
11958,C,21111,MD,1778,1902,1
11959,C,79347,TX,1777,2850,0
11960,C,14867,NY,1777,2488,1
11961,C,89704,NV,1777,1937,1
11962,C,47124,IN,1777,1930,1
11963,C,98844,WA,1776,3017,1
11964,C,54155,WI,1776,2933,1
11965,C,24370,VA,1776,2890,0
11966,C,31811,GA,1776,2297,1
11967,C,30021,GA,1775,8416,1
11968,C,45220,OH,1775,7400,1
11969,C,10923,NY,1775,2909,1
11970,C,60957,IL,1775,2627,1
11971,C,52136,IA,1775,2611,1
11972,C,11024,NY,1775,2454,1
11973,C,06237,CT,1775,2218,1
11974,C,36862,AL,1774,3130,1
11975,C,27521,NC,1774,2896,1
11976,C,32352,FL,1774,2756,1
11977,C,89705,NV,1774,2304,1
11978,C,39479,MS,1773,2611,1
11979,C,48097,MI,1773,2331,1
11980,C,94158,CA,1772,5300,0
11981,C,42717,KY,1772,3415,1
11982,C,03748,NH,1772,2581,1
11983,C,66018,KS,1772,2497,1
11984,C,31096,GA,1771,2589,0
11985,C,64145,MO,1771,2134,1
11986,C,03234,NH,1771,2026,1
11987,C,84111,UT,1770,8635,1
11988,C,64108,MO,1770,6141,1
11989,C,78934,TX,1770,3198,1
11990,C,39474,MS,1770,2904,0
11991,C,08809,NJ,1770,2353,1
11992,C,29853,SC,1769,3131,1
11993,C,51201,IA,1769,2776,1
11994,C,15626,PA,1769,2676,1
11995,C,95709,CA,1768,2597,1
11996,C,59741,MT,1768,2330,1
11997,C,97133,OR,1768,2212,1
11998,C,98101,WA,1767,13193,0
11999,C,30002,GA,1767,3197,1
12000,C,77879,TX,1767,3013,0
12001,C,48730,MI,1766,3536,1
12002,C,26757,WV,1766,3389,0
12003,C,70648,LA,1766,2788,1
12004,C,81526,CO,1766,2573,1
12005,C,47713,IN,1765,5507,1
12006,C,50126,IA,1765,2966,1
12007,C,53523,WI,1765,2356,1
12008,C,17073,PA,1765,2247,1
12009,C,93445,CA,1764,3285,1
12010,C,72638,AR,1764,2803,1
12011,C,21773,MD,1764,2134,1
12012,C,50129,IA,1763,2619,1
12013,C,21903,MD,1763,2451,1
12014,C,34753,FL,1762,2320,1
12015,C,19946,DE,1762,2307,1
12016,C,47040,IN,1761,2401,1
12017,C,16037,PA,1761,2035,1
12018,C,66211,KS,1760,2963,1
12019,C,86335,AZ,1760,2767,1
12020,C,28651,NC,1760,2690,1
12021,C,74059,OK,1760,2642,1
12022,C,80136,CO,1760,2012,1
12023,C,53950,WI,1759,3326,1
12024,C,28431,NC,1759,3252,1
12025,C,48023,MI,1759,2375,1
12026,C,03033,NH,1759,1915,1
12027,C,39576,MS,1758,3488,1
12028,C,54136,WI,1758,3084,1
12029,C,22520,VA,1757,2996,1
12030,C,98953,WA,1757,2343,1
12031,C,46181,IN,1757,1959,1
12032,C,10983,NY,1757,1926,1
12033,C,07041,NJ,1756,2843,1
12034,C,35175,AL,1756,2302,1
12035,C,12446,NY,1755,2775,1
12036,C,17007,PA,1755,2238,1
12037,C,10030,NY,1754,14602,0
12038,C,28789,NC,1754,4057,1
12039,C,17728,PA,1754,2228,1
12040,C,14505,NY,1754,2201,1
12041,C,14131,NY,1754,2198,1
12042,C,16828,PA,1754,2175,1
12043,C,13135,NY,1753,2592,1
12044,C,35980,AL,1753,2405,1
12045,C,76005,TX,1753,2384,0
12046,C,28678,NC,1753,2079,1
12047,C,22840,VA,1751,3642,1
12048,C,42220,KY,1751,2653,0
12049,C,30802,GA,1751,2543,1
12050,C,74441,OK,1751,2415,1
12051,C,36312,AL,1750,2751,1
12052,C,56544,MN,1750,2735,1
12053,C,01585,MA,1750,2432,1
12054,C,98524,WA,1750,2154,1
12055,C,51632,IA,1749,2818,1
12056,C,03461,NH,1749,2388,1
12057,C,43526,OH,1749,2234,1
12058,C,56288,MN,1748,2773,1
12059,C,47353,IN,1748,2466,1
12060,C,21161,MD,1748,1959,1
12061,C,03870,NH,1747,2653,1
12062,C,72933,AR,1747,2555,1
12063,C,45318,OH,1747,2534,1
12064,C,91101,CA,1746,12400,1
12065,C,90094,CA,1746,6786,0
12066,C,54555,WI,1746,3553,1
12067,C,95988,CA,1746,3480,1
12068,C,21619,MD,1746,3002,1
12069,C,67432,KS,1746,2741,1
12070,C,30113,GA,1746,2536,1
12071,C,85263,AZ,1746,2521,1
12072,C,14613,NY,1745,6561,1
12073,C,23824,VA,1745,3267,1
12074,C,17307,PA,1745,2450,1
12075,C,63023,MO,1745,2108,1
12076,C,56273,MN,1744,2421,1
12077,C,42206,KY,1744,2305,1
12078,C,28463,NC,1743,3063,1
12079,C,45402,OH,1742,6484,1
12080,C,48817,MI,1742,2513,1
12081,C,42122,KY,1742,2116,1
12082,C,24340,VA,1741,2647,1
12083,C,44272,OH,1741,2447,1
12084,C,45315,OH,1741,2125,1
12085,C,46407,IN,1740,6644,0
12086,C,55719,MN,1740,2568,1
12087,C,03906,ME,1740,2237,1
12088,C,06365,CT,1740,2088,1
12089,C,04079,ME,1739,3225,1
12090,C,65548,MO,1739,2779,1
12091,C,93223,CA,1739,2699,1
12092,C,18041,PA,1739,2383,1
12093,C,52772,IA,1739,2334,1
12094,C,34201,FL,1739,2310,1
12095,C,48849,MI,1739,2295,1
12096,C,81323,CO,1738,2780,1
12097,C,14512,NY,1738,2717,1
12098,C,24368,VA,1738,2275,1
12099,C,06524,CT,1738,1846,1
12100,C,36522,AL,1737,3039,1
12101,C,72823,AR,1737,2792,1
12102,C,08514,NJ,1737,2156,1
12103,C,08730,NJ,1736,2093,1
12104,C,26537,WV,1735,2717,1
12105,C,42347,KY,1735,2493,1
12106,C,32950,FL,1735,2002,1
12107,C,20634,MD,1734,2872,1
12108,C,26150,WV,1734,2720,1
12109,C,49057,MI,1734,2433,1
12110,C,93022,CA,1734,2264,1
12111,C,14011,NY,1733,2332,1
12112,C,37032,TN,1733,2259,1
12113,C,59634,MT,1733,2028,1
12114,C,12428,NY,1732,3762,1
12115,C,50548,IA,1732,2556,1
12116,C,11980,NY,1732,2467,1
12117,C,24054,VA,1731,2682,1
12118,C,12816,NY,1731,2581,1
12119,C,06335,CT,1731,2406,1
12120,C,83655,ID,1731,2106,1
12121,C,48471,MI,1730,2556,1
12122,C,56069,MN,1730,2150,1
12123,C,80435,CO,1729,7778,1
12124,C,49920,MI,1729,3236,1
12125,C,46366,IN,1729,2342,1
12126,C,15320,PA,1729,2151,0
12127,C,80542,CO,1729,1778,1
12128,C,43460,OH,1728,2753,1
12129,C,38483,TN,1728,2589,1
12130,C,17366,PA,1728,2559,1
12131,C,48137,MI,1728,2451,1
12132,C,16827,PA,1728,2400,1
12133,C,79363,TX,1728,2233,1
12134,C,04239,ME,1728,2171,1
12135,C,46803,IN,1727,4634,1
12136,C,79339,TX,1727,3081,1
12137,C,65542,MO,1727,2561,1
12138,C,04276,ME,1726,3584,1
12139,C,53032,WI,1726,2372,1
12140,C,28163,NC,1726,2138,1
12141,C,77565,TX,1725,3304,1
12142,C,60942,IL,1725,2753,1
12143,C,10595,NY,1725,2543,1
12144,C,70591,LA,1725,2247,1
12145,C,35042,AL,1724,2735,1
12146,C,80106,CO,1724,1927,1
12147,C,94572,CA,1723,3156,1
12148,C,55358,MN,1723,2488,1
12149,C,54552,WI,1722,3602,1
12150,C,23927,VA,1722,3576,1
12151,C,74631,OK,1722,3569,1
12152,C,76437,TX,1722,2793,1
12153,C,44438,OH,1722,2632,1
12154,C,74881,OK,1722,2224,0
12155,C,06043,CT,1722,2009,1
12156,C,55121,MN,1720,4296,1
12157,C,95322,CA,1720,3785,1
12158,C,06906,CT,1720,3727,1
12159,C,49615,MI,1720,3575,1
12160,C,44262,OH,1720,2290,1
12161,C,24078,VA,1719,3323,1
12162,C,63334,MO,1719,2719,1
12163,C,12542,NY,1719,2459,1
12164,C,31546,GA,1718,3055,1
12165,C,42256,KY,1718,2981,1
12166,C,28391,NC,1718,2414,1
12167,C,24064,VA,1718,2099,1
12168,C,81657,CO,1717,7343,1
12169,C,50436,IA,1717,2534,1
12170,C,75638,TX,1717,2465,0
12171,C,19543,PA,1717,2075,1
12172,C,31635,GA,1716,3133,0
12173,C,40380,KY,1716,2850,1
12174,C,84648,UT,1716,2358,1
12175,C,76825,TX,1715,3414,1
12176,C,43430,OH,1715,1985,1
12177,C,08869,NJ,1714,3257,1
12178,C,63780,MO,1714,2600,1
12179,C,46802,IN,1713,5831,1
12180,C,28305,NC,1713,3497,1
12181,C,16316,PA,1713,3474,1
12182,C,12758,NY,1713,3114,1
12183,C,12123,NY,1713,2346,1
12184,C,06354,CT,1713,2279,1
12185,C,90716,CA,1712,3988,1
12186,C,29003,SC,1712,2896,0
12187,C,96741,HI,1712,2474,1
12188,C,27807,NC,1712,2436,1
12189,C,45380,OH,1712,2280,1
12190,C,49098,MI,1711,3032,1
12191,C,54812,WI,1711,2455,1
12192,C,66901,KS,1710,2998,1
12193,C,75491,TX,1710,2353,1
12194,C,04473,ME,1709,3759,1
12195,C,79323,TX,1709,2675,1
12196,C,93648,CA,1708,4066,1
12197,C,13339,NY,1708,2703,0
12198,C,01719,MA,1708,2279,1
12199,C,38855,MS,1708,2264,1
12200,C,28356,NC,1707,2566,1
12201,C,80540,CO,1707,2510,1
12202,C,43143,OH,1707,2378,1
12203,C,40143,KY,1706,2885,1
12204,C,95139,CA,1706,2190,1
12205,C,07640,NJ,1706,1858,1
12206,C,76255,TX,1705,3113,1
12207,C,37010,TN,1705,1897,1
12208,C,12885,NY,1704,2724,1
12209,C,17931,PA,1704,2447,1
12210,C,31408,GA,1703,4529,1
12211,C,81226,CO,1703,2620,1
12212,C,05663,VT,1703,2549,1
12213,C,80814,CO,1703,2435,1
12214,C,47356,IN,1703,2369,1
12215,C,01035,MA,1703,2293,1
12216,C,30559,GA,1702,3058,1
12217,C,32189,FL,1701,3619,1
12218,C,77360,TX,1701,3284,0
12219,C,51351,IA,1701,3104,1
12220,C,47635,IN,1701,2625,1
12221,C,10553,NY,1700,3801,1
12222,C,65793,MO,1700,2682,1
12223,C,14432,NY,1700,2347,1
12224,C,60468,IL,1700,2329,1
12225,C,44021,OH,1700,2291,1
12226,C,31415,GA,1699,5591,1
12227,C,51105,IA,1699,4197,1
12228,C,74523,OK,1699,2817,0
12229,C,12143,NY,1699,2523,1
12230,C,16229,PA,1699,2324,1
12231,C,21643,MD,1699,2323,1
12232,C,36278,AL,1698,3277,1
12233,C,45661,OH,1698,3219,1
12234,C,76661,TX,1698,3159,0
12235,C,65785,MO,1698,2722,1
12236,C,48763,MI,1697,3007,1
12237,C,37818,TN,1697,2441,1
12238,C,05346,VT,1697,2361,1
12239,C,56310,MN,1697,2203,1
12240,C,04843,ME,1696,3276,1
12241,C,95446,CA,1696,3189,1
12242,C,10576,NY,1696,1974,1
12243,C,07732,NJ,1695,3040,1
12244,C,24134,VA,1695,2627,1
12245,C,57022,SD,1695,2130,1
12246,C,32732,FL,1695,2095,1
12247,C,58047,ND,1695,1815,1
12248,C,72476,AR,1694,3306,1
12249,C,53061,WI,1694,2351,1
12250,C,32438,FL,1694,2232,0
12251,C,30220,GA,1694,2168,1
12252,C,78962,TX,1693,2628,1
12253,C,24538,VA,1693,2195,1
12254,C,55972,MN,1693,2134,1
12255,C,10455,NY,1692,16608,0
12256,C,46562,IN,1692,2593,1
12257,C,37705,TN,1692,2449,1
12258,C,35619,AL,1692,2413,1
12259,C,16662,PA,1692,2338,1
12260,C,94939,CA,1691,3691,1
12261,C,72432,AR,1691,2618,1
12262,C,43830,OH,1691,2201,1
12263,C,23437,VA,1691,2126,1
12264,C,37336,TN,1691,2005,1
12265,C,47462,IN,1691,1964,1
12266,C,98855,WA,1690,3120,1
12267,C,14787,NY,1690,2669,1
12268,C,35466,AL,1690,2432,1
12269,C,19085,PA,1690,1800,1
12270,C,45404,OH,1689,4846,1
12271,C,13118,NY,1689,2702,1
12272,C,48005,MI,1689,1869,1
12273,C,12946,NY,1688,3923,1
12274,C,04358,ME,1688,2461,1
12275,C,18621,PA,1688,2187,1
12276,C,08056,NJ,1688,1770,1
12277,C,94102,CA,1687,23153,0
12278,C,36610,AL,1687,5203,0
12279,C,02466,MA,1687,3284,1
12280,C,49706,MI,1687,2893,1
12281,C,77514,TX,1687,2585,1
12282,C,01773,MA,1687,2408,1
12283,C,08223,NJ,1687,2352,1
12284,C,96785,HI,1686,2493,0
12285,C,30735,GA,1686,2464,1
12286,C,93620,CA,1685,3490,1
12287,C,55921,MN,1685,2278,1
12288,C,23030,VA,1685,2225,1
12289,C,45828,OH,1685,2164,1
12290,C,81435,CO,1684,5033,1
12291,C,32052,FL,1684,2952,1
12292,C,22727,VA,1684,2509,1
12293,C,53813,WI,1684,2430,1
12294,C,23230,VA,1683,5066,1
12295,C,17043,PA,1683,3037,1
12296,C,80723,CO,1683,2746,1
12297,C,70343,LA,1683,2053,1
12298,C,15909,PA,1682,2422,1
12299,C,77517,TX,1682,2035,1
12300,C,12206,NY,1681,8641,1
12301,C,60408,IL,1681,2162,1
12302,C,08027,NJ,1681,2010,1
12303,C,94515,CA,1680,3214,1
12304,C,38666,MS,1680,3115,1
12305,C,56636,MN,1680,2937,1
12306,C,87529,NM,1680,2892,1
12307,C,74352,OK,1680,2791,1
12308,C,60954,IL,1680,2395,1
12309,C,16933,PA,1679,3131,1
12310,C,59864,MT,1679,2818,1
12311,C,42724,KY,1679,2151,1
12312,C,08068,NJ,1678,2888,1
12313,C,36352,AL,1678,2370,1
12314,C,28741,NC,1677,6089,1
12315,C,95436,CA,1677,2668,1
12316,C,45697,OH,1677,2293,1
12317,C,46391,IN,1677,2174,1
12318,C,43756,OH,1676,2854,1
12319,C,32577,FL,1676,2043,1
12320,C,42029,KY,1675,2923,1
12321,C,35116,AL,1675,2052,1
12322,C,18977,PA,1675,1791,1
12323,C,79512,TX,1674,3084,0
12324,C,10036,NY,1673,22473,0
12325,C,71373,LA,1673,3326,1
12326,C,13830,NY,1673,2452,0
12327,C,04989,ME,1673,2296,1
12328,C,98024,WA,1673,2083,1
12329,C,72923,AR,1672,2608,1
12330,C,06088,CT,1672,2407,1
12331,C,92861,CA,1672,1952,1
12332,C,25702,WV,1671,3841,1
12333,C,19074,PA,1671,2513,1
12334,C,62681,IL,1671,2505,1
12335,C,55963,MN,1671,2218,1
12336,C,73150,OK,1671,2168,1
12337,C,97106,OR,1671,1975,1
12338,C,15104,PA,1669,4616,0
12339,C,73052,OK,1669,2789,1
12340,C,66616,KS,1669,2714,1
12341,C,44842,OH,1669,2480,1
12342,C,47320,IN,1669,2176,1
12343,C,37370,TN,1669,2066,1
12344,C,44707,OH,1668,4209,1
12345,C,27341,NC,1668,2399,1
12346,C,83869,ID,1668,2197,1
12347,C,10457,NY,1667,27795,1
12348,C,36350,AL,1667,3382,1
12349,C,31305,GA,1667,2715,1
12350,C,01747,MA,1667,2320,1
12351,C,10516,NY,1666,2603,1
12352,C,14070,NY,1666,2589,1
12353,C,66064,KS,1666,2328,1
12354,C,07503,NJ,1665,6560,1
12355,C,90290,CA,1665,2678,1
12356,C,45323,OH,1665,2229,1
12357,C,14779,NY,1664,3519,0
12358,C,29044,SC,1664,2536,1
12359,C,02738,MA,1664,2468,1
12360,C,16102,PA,1664,2390,1
12361,C,97352,OR,1664,2144,1
12362,C,72634,AR,1663,2608,1
12363,C,30901,GA,1662,8848,1
12364,C,36744,AL,1662,3256,1
12365,C,37307,TN,1662,2391,1
12366,C,22560,VA,1661,3310,1
12367,C,71405,LA,1661,2261,1
12368,C,25420,WV,1661,2148,1
12369,C,33471,FL,1660,3284,0
12370,C,76642,TX,1660,2824,1
12371,C,14530,NY,1660,2808,1
12372,C,72416,AR,1660,2405,1
12373,C,13407,NY,1660,2283,1
12374,C,60163,IL,1660,2039,1
12375,C,14837,NY,1659,2983,1
12376,C,74073,OK,1659,2258,1
12377,C,65753,MO,1659,2212,1
12378,C,83252,ID,1659,2036,1
12379,C,33956,FL,1658,3600,1
12380,C,24986,WV,1658,3182,1
12381,C,30582,GA,1658,2936,1
12382,C,39837,GA,1658,2848,1
12383,C,32565,FL,1658,2554,1
12384,C,39439,MS,1658,2336,0
12385,C,47330,IN,1658,2240,1
12386,C,54667,WI,1658,2085,1
12387,C,45764,OH,1657,3525,1
12388,C,74959,OK,1657,2771,0
12389,C,63127,MO,1657,2213,1
12390,C,75559,TX,1656,2892,0
12391,C,30753,GA,1656,2619,1
12392,C,32066,FL,1656,2379,0
12393,C,05445,VT,1656,2098,1
12394,C,37690,TN,1656,1932,1
12395,C,68131,NE,1655,7861,1
12396,C,71040,LA,1655,3416,1
12397,C,72631,AR,1655,2892,1
12398,C,39119,MS,1655,2579,0
12399,C,62859,IL,1655,2489,1
12400,C,63740,MO,1655,2416,1
12401,C,49236,MI,1655,2042,1
12402,C,43025,OH,1654,2608,1
12403,C,37616,TN,1654,2547,1
12404,C,25832,WV,1654,2109,1
12405,C,92624,CA,1653,3309,1
12406,C,28692,NC,1653,3101,1
12407,C,38858,MS,1652,3048,1
12408,C,29565,SC,1652,2949,1
12409,C,95316,CA,1652,2585,1
12410,C,97525,OR,1652,2366,1
12411,C,22503,VA,1651,2811,1
12412,C,05450,VT,1650,2402,1
12413,C,85552,AZ,1650,2270,1
12414,C,93460,CA,1649,2724,1
12415,C,15552,PA,1649,2597,1
12416,C,75124,TX,1649,2371,1
12417,C,43947,OH,1648,2576,1
12418,C,53070,WI,1648,2211,1
12419,C,37353,TN,1648,2081,1
12420,C,19031,PA,1648,2045,1
12421,C,45710,OH,1647,2318,1
12422,C,44851,OH,1647,2238,1
12423,C,78256,TX,1646,6592,1
12424,C,12090,NY,1646,2714,1
12425,C,81137,CO,1646,2562,1
12426,C,98337,WA,1644,3696,1
12427,C,32619,FL,1644,2141,0
12428,C,01451,MA,1644,1939,1
12429,C,52730,IA,1643,2100,1
12430,C,66607,KS,1642,3933,1
12431,C,54024,WI,1642,2641,1
12432,C,41175,KY,1642,2638,1
12433,C,12518,NY,1642,2474,1
12434,C,54411,WI,1642,2106,1
12435,C,23930,VA,1641,2678,1
12436,C,41014,KY,1640,3521,1
12437,C,62254,IL,1640,2725,1
12438,C,47432,IN,1640,2213,1
12439,C,75109,TX,1640,2210,1
12440,C,03819,NH,1640,1774,1
12441,C,13778,NY,1639,2702,1
12442,C,44440,OH,1639,2177,1
12443,C,77435,TX,1638,2068,1
12444,C,08525,NJ,1638,2024,1
12445,C,17560,PA,1638,1844,1
12446,C,04743,ME,1637,2396,0
12447,C,48744,MI,1637,2027,1
12448,C,70657,LA,1637,1978,1
12449,C,22311,VA,1636,9129,1
12450,C,33043,FL,1636,3003,1
12451,C,03044,NH,1636,1817,1
12452,C,01240,MA,1635,3029,1
12453,C,34945,FL,1635,2026,1
12454,C,24630,VA,1634,2910,0
12455,C,14727,NY,1634,2759,0
12456,C,77963,TX,1634,2644,1
12457,C,63461,MO,1634,2458,1
12458,C,16159,PA,1634,2276,1
12459,C,76272,TX,1634,2057,1
12460,C,14514,NY,1633,2715,1
12461,C,85616,AZ,1633,2421,1
12462,C,70744,LA,1633,1996,1
12463,C,08049,NJ,1632,2289,1
12464,C,38849,MS,1632,2245,1
12465,C,04042,ME,1632,2044,1
12466,C,08735,NJ,1631,7244,1
12467,C,68003,NE,1631,2447,1
12468,C,27235,NC,1631,2095,1
12469,C,77358,TX,1630,2624,1
12470,C,32145,FL,1630,2482,1
12471,C,59917,MT,1630,2462,1
12472,C,19567,PA,1630,2151,1
12473,C,29684,SC,1630,2121,1
12474,C,64730,MO,1629,2986,1
12475,C,07416,NJ,1629,2837,1
12476,C,75001,TX,1628,10590,1
12477,C,01151,MA,1628,3959,1
12478,C,48218,MI,1628,3466,1
12479,C,05143,VT,1628,2818,1
12480,C,06279,CT,1628,2793,1
12481,C,43938,OH,1628,2588,1
12482,C,31569,GA,1628,2357,1
12483,C,37752,TN,1627,2772,1
12484,C,28371,NC,1627,2566,1
12485,C,08029,NJ,1627,2217,1
12486,C,85003,AZ,1625,6117,1
12487,C,98257,WA,1625,2385,1
12488,C,12170,NY,1625,2327,1
12489,C,02822,RI,1625,2084,1
12490,C,97231,OR,1625,2003,1
12491,C,73005,OK,1624,3421,0
12492,C,68528,NE,1624,2899,1
12493,C,24651,VA,1624,2889,1
12494,C,98245,WA,1624,2812,1
12495,C,70344,LA,1624,2634,1
12496,C,71423,LA,1624,2273,1
12497,C,01741,MA,1624,1787,1
12498,C,17102,PA,1623,5105,1
12499,C,01607,MA,1623,4172,1
12500,C,12986,NY,1623,3617,1
12501,C,47918,IN,1623,2546,1
12502,C,03858,NH,1623,1860,1
12503,C,20036,DC,1621,4383,0
12504,C,64067,MO,1621,2553,1
12505,C,67665,KS,1621,2510,1
12506,C,04578,ME,1621,2286,1
12507,C,30558,GA,1621,2220,1
12508,C,70763,LA,1621,1810,1
12509,C,15232,PA,1620,6740,1
12510,C,17233,PA,1620,2660,1
12511,C,68661,NE,1620,2439,1
12512,C,30521,GA,1620,2375,1
12513,C,31543,GA,1620,2347,0
12514,C,78722,TX,1619,3278,1
12515,C,72632,AR,1619,2840,1
12516,C,62263,IL,1619,2293,1
12517,C,71467,LA,1619,2249,1
12518,C,90015,CA,1618,14635,1
12519,C,48656,MI,1618,3784,1
12520,C,29689,SC,1618,2652,1
12521,C,68818,NE,1618,2444,1
12522,C,30563,GA,1618,2172,1
12523,C,24090,VA,1618,2107,1
12524,C,25545,WV,1618,2041,1
12525,C,12053,NY,1618,1997,1
12526,C,31719,GA,1617,3617,1
12527,C,92356,CA,1617,3053,1
12528,C,42765,KY,1617,2688,1
12529,C,16673,PA,1617,2302,1
12530,C,07632,NJ,1617,2029,1
12531,C,56387,MN,1616,3460,1
12532,C,78583,TX,1616,2781,0
12533,C,54822,WI,1616,2318,1
12534,C,49709,MI,1615,3763,1
12535,C,24422,VA,1615,2882,1
12536,C,26431,WV,1615,2613,1
12537,C,97882,OR,1615,2450,1
12538,C,05454,VT,1615,2085,1
12539,C,40437,KY,1615,2043,1
12540,C,36010,AL,1614,2984,0
12541,C,32466,FL,1614,2427,1
12542,C,89086,NV,1613,3495,0
12543,C,95386,CA,1613,3179,1
12544,C,28555,NC,1613,2619,1
12545,C,73054,OK,1613,1956,1
12546,C,83330,ID,1612,2551,1
12547,C,48217,MI,1611,3071,1
12548,C,50441,IA,1611,2548,1
12549,C,32424,FL,1610,2831,1
12550,C,07072,NJ,1610,2733,1
12551,C,28642,NC,1610,2653,1
12552,C,74436,OK,1609,2237,0
12553,C,40006,KY,1609,2069,1
12554,C,41301,KY,1608,2802,0
12555,C,50324,IA,1608,2327,1
12556,C,15135,PA,1608,2231,1
12557,C,02832,RI,1607,2170,1
12558,C,16214,PA,1606,4113,1
12559,C,22656,VA,1606,1909,1
12560,C,46979,IN,1606,1836,1
12561,C,03452,NH,1605,2487,1
12562,C,77984,TX,1605,2232,0
12563,C,14423,NY,1605,2166,1
12564,C,48892,MI,1605,2036,1
12565,C,26378,WV,1604,2102,1
12566,C,49330,MI,1604,2055,1
12567,C,43783,OH,1604,2046,1
12568,C,55425,MN,1603,4671,1
12569,C,30560,GA,1603,3596,1
12570,C,29335,SC,1603,2282,1
12571,C,64153,MO,1602,3088,1
12572,C,45810,OH,1602,2811,1
12573,C,55069,MN,1602,2266,1
12574,C,36576,AL,1602,2183,1
12575,C,48463,MI,1602,1902,1
12576,C,19066,PA,1602,1866,1
12577,C,34946,FL,1601,3435,1
12578,C,55037,MN,1601,3117,1
12579,C,51555,IA,1599,2337,1
12580,C,10594,NY,1599,1820,1
12581,C,85933,AZ,1598,5099,1
12582,C,68110,NE,1598,3545,1
12583,C,54730,WI,1598,2364,1
12584,C,14080,NY,1598,2108,1
12585,C,52314,IA,1598,1949,1
12586,C,24224,VA,1597,2687,0
12587,C,08825,NJ,1596,2139,1
12588,C,41311,KY,1595,2807,0
12589,C,95722,CA,1595,1936,1
12590,C,72718,AR,1595,1823,1
12591,C,76834,TX,1594,3041,0
12592,C,46164,IN,1594,2500,1
12593,C,31771,GA,1594,2367,1
12594,C,54940,WI,1594,2142,1
12595,C,43845,OH,1594,2141,1
12596,C,62286,IL,1593,2695,1
12597,C,48416,MI,1593,2068,1
12598,C,97374,OR,1593,2005,1
12599,C,48418,MI,1593,1838,1
12600,C,22842,VA,1592,3197,1
12601,C,80829,CO,1592,2920,1
12602,C,39645,MS,1592,2516,0
12603,C,65441,MO,1592,2434,1
12604,C,28634,NC,1592,2333,1
12605,C,16424,PA,1591,3522,1
12606,C,03813,NH,1590,2661,1
12607,C,92548,CA,1590,2350,1
12608,C,71929,AR,1590,2176,1
12609,C,32130,FL,1590,2082,1
12610,C,04222,ME,1590,1712,1
12611,C,92315,CA,1589,9861,1
12612,C,80246,CO,1589,8148,1
12613,C,93286,CA,1589,3074,1
12614,C,35184,AL,1589,2411,1
12615,C,07648,NJ,1589,2048,1
12616,C,42629,KY,1588,3286,1
12617,C,10532,NY,1588,1887,1
12618,C,73128,OK,1587,3006,1
12619,C,26847,WV,1587,2812,1
12620,C,14105,NY,1587,2149,1
12621,C,62644,IL,1586,2438,1
12622,C,79536,TX,1586,2313,1
12623,C,60203,IL,1586,1772,1
12624,C,22580,VA,1585,2032,1
12625,C,10502,NY,1585,2002,1
12626,C,75152,TX,1585,1987,1
12627,C,80019,CO,1585,1955,0
12628,C,87901,NM,1584,3981,1
12629,C,42038,KY,1584,2992,1
12630,C,39095,MS,1584,2956,0
12631,C,98251,WA,1584,2226,1
12632,C,29436,SC,1584,2162,1
12633,C,76259,TX,1584,2041,1
12634,C,92408,CA,1583,4403,1
12635,C,70084,LA,1583,2960,1
12636,C,03861,NH,1582,1890,1
12637,C,90020,CA,1581,19119,1
12638,C,17814,PA,1581,2615,1
12639,C,59072,MT,1581,2344,1
12640,C,40150,KY,1581,1999,1
12641,C,60552,IL,1581,1999,1
12642,C,27823,NC,1580,3385,1
12643,C,60461,IL,1580,2034,1
12644,C,37153,TN,1580,1941,1
12645,C,95614,CA,1580,1755,1
12646,C,54758,WI,1579,2160,1
12647,C,77659,TX,1579,2099,1
12648,C,62615,IL,1579,1961,1
12649,C,16433,PA,1578,2094,1
12650,C,46721,IN,1578,2075,1
12651,C,44676,OH,1578,2041,1
12652,C,35207,AL,1577,3746,1
12653,C,31774,GA,1577,2818,1
12654,C,53594,WI,1577,2308,1
12655,C,29831,SC,1577,2006,1
12656,C,43431,OH,1577,1907,1
12657,C,92382,CA,1576,4006,1
12658,C,45217,OH,1576,2852,1
12659,C,72065,AR,1576,2370,1
12660,C,13403,NY,1576,2082,1
12661,C,03071,NH,1576,2020,1
12662,C,14871,NY,1576,1978,1
12663,C,34484,FL,1575,2717,1
12664,C,38023,TN,1575,2135,1
12665,C,34737,FL,1575,1951,1
12666,C,28751,NC,1574,4134,1
12667,C,35046,AL,1574,2638,1
12668,C,76802,TX,1574,2391,1
12669,C,62420,IL,1574,2140,1
12670,C,17824,PA,1574,1916,1
12671,C,01985,MA,1574,1799,1
12672,C,42262,KY,1573,3980,1
12673,C,65747,MO,1573,3245,1
12674,C,75709,TX,1573,3113,1
12675,C,18334,PA,1573,2643,0
12676,C,76305,TX,1573,2321,1
12677,C,14067,NY,1573,1933,1
12678,C,90005,CA,1572,19357,1
12679,C,66739,KS,1572,2708,1
12680,C,56479,MN,1572,2341,1
12681,C,44065,OH,1572,1896,1
12682,C,85377,AZ,1571,2258,1
12683,C,21638,MD,1571,2219,1
12684,C,16025,PA,1570,2168,1
12685,C,49073,MI,1570,1980,1
12686,C,72202,AR,1569,7403,1
12687,C,04268,ME,1569,2869,1
12688,C,15530,PA,1569,2270,1
12689,C,07755,NJ,1568,2411,1
12690,C,60021,IL,1568,1968,1
12691,C,35978,AL,1567,2305,1
12692,C,73527,OK,1567,2115,1
12693,C,59752,MT,1567,2101,1
12694,C,44431,OH,1567,2093,1
12695,C,19547,PA,1567,2042,1
12696,C,65656,MO,1566,2534,1
12697,C,06026,CT,1566,2115,1
12698,C,36277,AL,1566,2007,1
12699,C,43135,OH,1566,1955,1
12700,C,46347,IN,1566,1845,1
12701,C,21632,MD,1565,2929,1
12702,C,35186,AL,1565,2108,1
12703,C,35054,AL,1565,2064,1
12704,C,44403,OH,1565,1894,1
12705,C,62561,IL,1564,2437,1
12706,C,38468,TN,1564,2204,1
12707,C,70075,LA,1564,1889,1
12708,C,43793,OH,1563,2593,0
12709,C,47390,IN,1563,2418,1
12710,C,66032,KS,1563,2156,1
12711,C,47648,IN,1563,2147,1
12712,C,18091,PA,1562,2585,1
12713,C,18452,PA,1561,2502,1
12714,C,37357,TN,1561,2300,1
12715,C,17841,PA,1561,1994,0
12716,C,64831,MO,1560,2586,1
12717,C,29164,SC,1560,2226,1
12718,C,42348,KY,1560,2174,1
12719,C,70441,LA,1559,2906,0
12720,C,65556,MO,1559,2332,1
12721,C,17527,PA,1559,2162,1
12722,C,21791,MD,1559,1975,1
12723,C,25918,WV,1559,1880,1
12724,C,78652,TX,1559,1773,1
12725,C,14801,NY,1558,2360,1
12726,C,75158,TX,1558,1899,1
12727,C,06268,CT,1557,3938,1
12728,C,70711,LA,1557,2350,1
12729,C,80470,CO,1557,1967,1
12730,C,97119,OR,1557,1796,1
12731,C,49106,MI,1556,2472,1
12732,C,35581,AL,1556,2436,1
12733,C,39740,MS,1556,2251,1
12734,C,98237,WA,1555,2327,1
12735,C,30725,GA,1555,1963,1
12736,C,21830,MD,1555,1872,1
12737,C,93640,CA,1554,3521,1
12738,C,97391,OR,1554,2478,1
12739,C,78947,TX,1554,2240,1
12740,C,04083,ME,1554,2202,1
12741,C,93625,CA,1553,2969,1
12742,C,22572,VA,1552,3039,1
12743,C,75410,TX,1552,2285,1
12744,C,46554,IN,1552,1817,1
12745,C,03561,NH,1551,3124,1
12746,C,46406,IN,1550,3938,0
12747,C,39345,MS,1550,2695,0
12748,C,98576,WA,1550,1895,1
12749,C,37031,TN,1550,1780,1
12750,C,56267,MN,1549,2809,1
12751,C,99672,AK,1549,2670,1
12752,C,28394,NC,1549,2383,1
12753,C,01944,MA,1549,2281,1
12754,C,15610,PA,1549,1960,1
12755,C,35959,AL,1548,3211,1
12756,C,44254,OH,1548,2174,1
12757,C,10034,NY,1547,16599,0
12758,C,54830,WI,1547,5022,1
12759,C,95619,CA,1547,2740,1
12760,C,49455,MI,1547,2733,1
12761,C,03872,NH,1546,2435,1
12762,C,45614,OH,1546,2389,1
12763,C,44612,OH,1546,2296,1
12764,C,78025,TX,1545,2544,1
12765,C,44072,OH,1545,2011,1
12766,C,41008,KY,1544,3104,1
12767,C,93647,CA,1544,2950,1
12768,C,74016,OK,1544,2692,1
12769,C,41522,KY,1544,2502,0
12770,C,55812,MN,1543,3954,1
12771,C,97458,OR,1543,2376,1
12772,C,04252,ME,1543,2046,1
12773,C,01505,MA,1543,1964,1
12774,C,78595,TX,1543,1952,0
12775,C,24641,VA,1542,2830,1
12776,C,45769,OH,1542,2822,1
12777,C,06784,CT,1542,1971,1
12778,C,56143,MN,1541,2250,1
12779,C,50156,IA,1541,1896,1
12780,C,13132,NY,1541,1813,1
12781,C,46928,IN,1540,2149,1
12782,C,54742,WI,1540,1805,1
12783,C,29429,SC,1540,1753,1
12784,C,08061,NJ,1540,1619,1
12785,C,84624,UT,1539,2257,1
12786,C,24184,VA,1538,2207,1
12787,C,61362,IL,1537,2689,1
12788,C,04236,ME,1537,1847,1
12789,C,77032,TX,1536,4843,0
12790,C,28636,NC,1536,2078,1
12791,C,34773,FL,1536,1848,0
12792,C,49682,MI,1535,2439,1
12793,C,48658,MI,1535,2435,1
12794,C,29435,SC,1535,2078,1
12795,C,17324,PA,1535,2025,1
12796,C,66725,KS,1534,2389,1
12797,C,02576,MA,1534,1928,1
12798,C,35741,AL,1534,1928,1
12799,C,65255,MO,1534,1928,1
12800,C,48367,MI,1534,1652,1
12801,C,49765,MI,1532,2787,1
12802,C,24563,VA,1532,2653,1
12803,C,13849,NY,1532,2472,1
12804,C,39483,MS,1532,2347,1
12805,C,47138,IN,1532,2077,1
12806,C,46616,IN,1531,2824,1
12807,C,37692,TN,1531,2297,1
12808,C,55975,MN,1531,1985,1
12809,C,85356,AZ,1530,2781,1
12810,C,45628,OH,1530,2450,1
12811,C,36251,AL,1530,2409,1
12812,C,17018,PA,1530,2054,1
12813,C,89034,NV,1530,1933,0
12814,C,11020,NY,1530,1893,1
12815,C,13082,NY,1530,1808,1
12816,C,74578,OK,1529,2750,0
12817,C,72941,AR,1529,2043,1
12818,C,97004,OR,1529,1693,1
12819,C,66436,KS,1528,2328,1
12820,C,39066,MS,1528,2146,1
12821,C,15681,PA,1528,2109,1
12822,C,78355,TX,1527,3628,0
12823,C,99003,WA,1527,2115,1
12824,C,06890,CT,1527,1848,1
12825,C,54893,WI,1526,3823,1
12826,C,30453,GA,1526,2718,0
12827,C,25506,WV,1526,2699,0
12828,C,79036,TX,1526,2335,1
12829,C,48739,MI,1525,4015,1
12830,C,02655,MA,1525,3014,1
12831,C,18810,PA,1525,2911,1
12832,C,68787,NE,1525,2668,1
12833,C,98380,WA,1525,2123,1
12834,C,35452,AL,1525,1777,1
12835,C,56474,MN,1524,2857,1
12836,C,45869,OH,1524,1890,1
12837,C,79410,TX,1523,4736,1
12838,C,04849,ME,1523,2521,1
12839,C,68066,NE,1523,2223,1
12840,C,14510,NY,1523,2190,1
12841,C,56307,MN,1522,2058,1
12842,C,46542,IN,1522,1780,1
12843,C,71232,LA,1521,2864,1
12844,C,74048,OK,1521,2589,1
12845,C,19041,PA,1521,2548,1
12846,C,63361,MO,1521,2253,1
12847,C,06278,CT,1521,2112,1
12848,C,16858,PA,1521,2018,0
12849,C,99009,WA,1521,1879,1
12850,C,63703,MO,1520,4182,1
12851,C,04015,ME,1520,2982,1
12852,C,37880,TN,1520,2356,1
12853,C,55363,MN,1520,2075,1
12854,C,01468,MA,1520,1823,1
12855,C,07627,NJ,1520,1746,1
12856,C,48320,MI,1519,2269,1
12857,C,04862,ME,1519,2065,1
12858,C,43061,OH,1519,1634,1
12859,C,37302,TN,1518,2139,1
12860,C,21655,MD,1518,2041,1
12861,C,74053,OK,1518,1986,1
12862,C,48041,MI,1517,1838,1
12863,C,73717,OK,1516,3289,1
12864,C,08059,NJ,1516,2408,1
12865,C,35646,AL,1516,2181,1
12866,C,54727,WI,1516,2003,1
12867,C,62293,IL,1516,1936,1
12868,C,42127,KY,1515,3107,1
12869,C,42053,KY,1515,2172,1
12870,C,48881,MI,1515,2014,1
12871,C,45846,OH,1515,1733,1
12872,C,41074,KY,1512,2699,1
12873,C,28594,NC,1511,6802,1
12874,C,07504,NJ,1511,4105,1
12875,C,13605,NY,1511,2497,1
12876,C,29682,SC,1511,2115,1
12877,C,29059,SC,1510,2801,1
12878,C,56368,MN,1510,2312,1
12879,C,61752,IL,1510,1880,1
12880,C,76448,TX,1509,2799,1
12881,C,40312,KY,1509,2748,1
12882,C,83660,ID,1509,2227,1
12883,C,29129,SC,1509,2150,0
12884,C,19551,PA,1509,1882,1
12885,C,06420,CT,1509,1785,1
12886,C,03261,NH,1508,2191,1
12887,C,01610,MA,1507,10263,1
12888,C,98057,WA,1507,6656,1
12889,C,45612,OH,1507,2219,1
12890,C,47452,IN,1507,2198,1
12891,C,47031,IN,1507,2036,1
12892,C,47136,IN,1507,1783,1
12893,C,12582,NY,1507,1735,1
12894,C,55709,MN,1506,2479,1
12895,C,15714,PA,1506,2314,0
12896,C,41030,KY,1505,2293,1
12897,C,14572,NY,1505,2288,1
12898,C,15431,PA,1505,2154,0
12899,C,61755,IL,1505,2013,1
12900,C,66409,KS,1505,1585,1
12901,C,04496,ME,1504,1684,1
12902,C,40208,KY,1503,6675,1
12903,C,28073,NC,1503,2664,1
12904,C,85363,AZ,1503,2629,1
12905,C,47327,IN,1503,2093,1
12906,C,24577,VA,1502,2593,1
12907,C,36558,AL,1502,2117,0
12908,C,56529,MN,1502,2018,1
12909,C,55923,MN,1502,1789,1
12910,C,37096,TN,1501,3330,0
12911,C,69130,NE,1501,2480,1
12912,C,72114,AR,1500,6733,0
12913,C,47932,IN,1500,2502,1
12914,C,53565,WI,1500,2026,1
12915,C,54230,WI,1500,1789,1
12916,C,48014,MI,1500,1763,1
12917,C,59079,MT,1500,1647,1
12918,C,39842,GA,1499,3636,1
12919,C,18519,PA,1499,2672,1
12920,C,07058,NJ,1499,2261,1
12921,C,29142,SC,1499,2083,1
12922,C,48884,MI,1499,1873,1
12923,C,46126,IN,1499,1848,1
12924,C,04426,ME,1497,3285,1
12925,C,54840,WI,1497,2770,1
12926,C,54426,WI,1497,1785,1
12927,C,62285,IL,1497,1703,1
12928,C,17752,PA,1496,2020,1
12929,C,12157,NY,1496,1853,1
12930,C,18847,PA,1495,2810,0
12931,C,32686,FL,1495,2691,1
12932,C,30313,GA,1494,3604,0
12933,C,24273,VA,1494,2690,1
12934,C,36340,AL,1494,2444,1
12935,C,05477,VT,1494,2111,1
12936,C,54448,WI,1494,1776,1
12937,C,07073,NJ,1493,4325,1
12938,C,58237,ND,1493,2356,1
12939,C,45872,OH,1493,2025,1
12940,C,33922,FL,1492,2925,1
12941,C,39150,MS,1492,2699,0
12942,C,70668,LA,1492,2650,1
12943,C,05089,VT,1492,2459,1
12944,C,67456,KS,1492,2151,1
12945,C,12845,NY,1491,3441,1
12946,C,32440,FL,1491,2646,1
12947,C,44470,OH,1491,1702,1
12948,C,93591,CA,1490,2124,1
12949,C,08802,NJ,1490,1604,1
12950,C,51601,IA,1489,2762,1
12951,C,45856,OH,1489,1939,1
12952,C,04049,ME,1489,1836,1
12953,C,38451,TN,1489,1733,1
12954,C,28458,NC,1488,2768,1
12955,C,03603,NH,1488,2240,1
12956,C,18419,PA,1488,2211,1
12957,C,32567,FL,1488,2112,1
12958,C,71282,LA,1487,3889,1
12959,C,48651,MI,1487,3825,1
12960,C,74848,OK,1486,3092,1
12961,C,14737,NY,1486,2546,0
12962,C,38581,TN,1486,2010,1
12963,C,35760,AL,1486,1935,1
12964,C,63459,MO,1486,1885,1
12965,C,98359,WA,1486,1836,1
12966,C,74859,OK,1485,2822,0
12967,C,95228,CA,1485,2572,1
12968,C,61348,IL,1485,2182,1
12969,C,57252,SD,1485,2171,1
12970,C,12148,NY,1485,1949,1
12971,C,10035,NY,1484,16340,0
12972,C,83211,ID,1484,2319,1
12973,C,41007,KY,1484,1660,1
12974,C,01452,MA,1484,1639,1
12975,C,53103,WI,1484,1624,1
12976,C,36089,AL,1483,3378,0
12977,C,12790,NY,1483,2827,1
12978,C,32431,FL,1483,2392,1
12979,C,16134,PA,1482,2715,1
12980,C,55005,MN,1482,1750,1
12981,C,62205,IL,1481,3792,0
12982,C,29069,SC,1481,2293,1
12983,C,07827,NJ,1481,1854,1
12984,C,82941,WY,1480,2497,1
12985,C,76365,TX,1480,2384,1
12986,C,56763,MN,1480,2347,1
12987,C,20722,MD,1480,2307,1
12988,C,54406,WI,1480,1776,1
12989,C,83336,ID,1479,2249,1
12990,C,06255,CT,1479,2026,1
12991,C,16423,PA,1479,1836,1
12992,C,10913,NY,1479,1572,1
12993,C,28204,NC,1478,6291,1
12994,C,97446,OR,1478,1887,1
12995,C,07522,NJ,1477,7440,1
12996,C,75844,TX,1477,2866,0
12997,C,30571,GA,1477,2501,1
12998,C,75693,TX,1477,2366,1
12999,C,47018,IN,1477,2011,1
13000,C,04350,ME,1477,1993,1
13001,C,11005,NY,1476,2011,0
13002,C,17960,PA,1476,1901,1
13003,C,13811,NY,1476,1854,1
13004,C,63957,MO,1475,2964,0
13005,C,87557,NM,1475,2509,1
13006,C,36344,AL,1475,2461,1
13007,C,52247,IA,1475,2047,1
13008,C,08103,NJ,1474,5384,1
13009,C,23507,VA,1474,3530,1
13010,C,01612,MA,1474,1727,1
13011,C,18421,PA,1473,2234,1
13012,C,48453,MI,1473,2147,1
13013,C,27851,NC,1472,2215,1
13014,C,32331,FL,1472,2173,0
13015,C,72390,AR,1471,3441,1
13016,C,22849,VA,1471,2403,1
13017,C,55321,MN,1471,2033,1
13018,C,13308,NY,1471,2026,1
13019,C,48866,MI,1471,1828,1
13020,C,47807,IN,1470,6805,1
13021,C,89820,NV,1470,2607,1
13022,C,37687,TN,1470,2305,1
13023,C,55325,MN,1470,2043,1
13024,C,90211,CA,1469,4209,1
13025,C,29692,SC,1469,2630,1
13026,C,31822,GA,1469,2387,1
13027,C,60964,IL,1469,2147,1
13028,C,46118,IN,1469,2026,1
13029,C,64865,MO,1468,2065,1
13030,C,45135,OH,1468,2046,1
13031,C,37754,TN,1468,2038,1
13032,C,56549,MN,1468,1866,1
13033,C,05404,VT,1467,3952,1
13034,C,19076,PA,1467,2680,1
13035,C,47532,IN,1467,1832,1
13036,C,80645,CO,1467,1774,1
13037,C,38860,MS,1466,2708,0
13038,C,30564,GA,1466,1934,1
13039,C,68157,NE,1465,2129,1
13040,C,68462,NE,1465,1763,1
13041,C,30557,GA,1464,2602,1
13042,C,39422,MS,1464,2282,0
13043,C,21863,MD,1464,2152,1
13044,C,08853,NJ,1464,2057,1
13045,C,84339,UT,1464,1664,1
13046,C,84310,UT,1463,2335,1
13047,C,37873,TN,1463,2224,0
13048,C,75459,TX,1462,2448,1
13049,C,82443,WY,1462,2436,1
13050,C,61231,IL,1462,2344,1
13051,C,30055,GA,1462,1720,1
13052,C,08242,NJ,1461,2083,1
13053,C,90029,CA,1460,14465,1
13054,C,95470,CA,1460,2392,1
13055,C,19127,PA,1459,3496,1
13056,C,14772,NY,1459,1936,0
13057,C,71409,LA,1458,2848,1
13058,C,19107,PA,1457,10239,1
13059,C,32814,FL,1457,4533,0
13060,C,46538,IN,1457,2783,1
13061,C,40337,KY,1457,2236,1
13062,C,49344,MI,1457,2101,1
13063,C,51054,IA,1457,2028,1
13064,C,19539,PA,1457,1607,1
13065,C,06519,CT,1456,6424,0
13066,C,73448,OK,1456,2624,0
13067,C,43731,OH,1456,2187,1
13068,C,08518,NJ,1455,2165,1
13069,C,47118,IN,1455,2085,1
13070,C,47126,IN,1455,1784,1
13071,C,24244,VA,1454,2720,0
13072,C,06250,CT,1454,1882,1
13073,C,96712,HI,1453,3117,1
13074,C,74451,OK,1453,2653,1
13075,C,54736,WI,1453,1986,1
13076,C,24279,VA,1452,1972,0
13077,C,62411,IL,1452,1932,1
13078,C,88312,NM,1451,3219,1
13079,C,53946,WI,1451,2596,1
13080,C,37811,TN,1451,2233,1
13081,C,02635,MA,1451,2200,1
13082,C,78343,TX,1451,2076,0
13083,C,37843,TN,1451,2056,1
13084,C,03884,NH,1451,1874,1
13085,C,02115,MA,1450,11556,0
13086,C,19930,DE,1450,8884,1
13087,C,46710,IN,1450,1895,1
13088,C,12443,NY,1450,1772,1
13089,C,12580,NY,1450,1695,1
13090,C,48811,MI,1449,1997,1
13091,C,17068,PA,1449,1737,1
13092,C,12027,NY,1449,1715,1
13093,C,02657,MA,1448,4778,1
13094,C,04930,ME,1448,2463,1
13095,C,27299,NC,1448,2049,1
13096,C,61275,IL,1448,1776,1
13097,C,31328,GA,1447,3490,1
13098,C,49676,MI,1447,2470,1
13099,C,43044,OH,1447,2054,1
13100,C,35444,AL,1447,1867,1
13101,C,29048,SC,1446,2617,1
13102,C,46148,IN,1446,2137,1
13103,C,02746,MA,1445,7640,1
13104,C,48756,MI,1445,3087,1
13105,C,18517,PA,1445,2117,1
13106,C,43907,OH,1444,2515,1
13107,C,47639,IN,1444,1853,1
13108,C,03037,NH,1444,1832,1
13109,C,23457,VA,1444,1720,1
13110,C,25387,WV,1443,2904,1
13111,C,38469,TN,1443,1776,1
13112,C,67026,KS,1443,1756,1
13113,C,35961,AL,1442,2604,1
13114,C,76458,TX,1442,2545,1
13115,C,45369,OH,1442,1690,1
13116,C,52068,IA,1442,1676,1
13117,C,84318,UT,1442,1597,1
13118,C,16142,PA,1441,2096,1
13119,C,28318,NC,1441,2029,1
13120,C,11579,NY,1441,1977,1
13121,C,28640,NC,1440,2832,1
13122,C,71234,LA,1440,2057,1
13123,C,22851,VA,1439,2544,1
13124,C,23310,VA,1438,3386,1
13125,C,38363,TN,1438,2839,1
13126,C,72131,AR,1438,2265,1
13127,C,13452,NY,1438,2216,0
13128,C,32464,FL,1438,1914,0
13129,C,08535,NJ,1438,1715,1
13130,C,78834,TX,1437,3135,0
13131,C,78956,TX,1437,2723,1
13132,C,61063,IL,1437,1811,1
13133,C,27880,NC,1437,1722,1
13134,C,45052,OH,1437,1708,1
13135,C,49448,MI,1437,1700,1
13136,C,18054,PA,1436,1834,1
13137,C,23015,VA,1436,1779,1
13138,C,91203,CA,1435,7503,1
13139,C,56464,MN,1435,2532,1
13140,C,72417,AR,1435,2391,1
13141,C,55927,MN,1435,1760,1
13142,C,11715,NY,1435,1742,1
13143,C,45207,OH,1434,3008,1
13144,C,10464,NY,1434,2255,1
13145,C,22920,VA,1434,2053,1
13146,C,31028,GA,1433,2253,1
13147,C,45341,OH,1433,1846,1
13148,C,40379,KY,1433,1767,1
13149,C,28512,NC,1432,8944,1
13150,C,96791,HI,1431,2697,1
13151,C,72010,AR,1431,2487,1
13152,C,35490,AL,1431,1928,1
13153,C,42749,KY,1430,2473,1
13154,C,79838,TX,1430,2217,0
13155,C,54739,WI,1430,1991,1
13156,C,97114,OR,1430,1720,1
13157,C,10962,NY,1430,1678,1
13158,C,14209,NY,1429,4729,1
13159,C,28756,NC,1429,2375,1
13160,C,56048,MN,1429,1762,1
13161,C,36445,AL,1428,2404,1
13162,C,95685,CA,1428,2388,1
13163,C,47243,IN,1428,2206,1
13164,C,24549,VA,1428,2011,1
13165,C,79821,TX,1428,1997,1
13166,C,05676,VT,1427,2381,1
13167,C,35553,AL,1427,2329,1
13168,C,74337,OK,1427,2019,1
13169,C,53588,WI,1427,1944,1
13170,C,43412,OH,1427,1811,1
13171,C,93953,CA,1426,2958,1
13172,C,75457,TX,1426,2574,1
13173,C,35072,AL,1426,2430,0
13174,C,24586,VA,1426,2192,1
13175,C,86334,AZ,1426,1954,1
13176,C,53805,WI,1425,2358,1
13177,C,37061,TN,1425,2280,1
13178,C,04957,ME,1425,2050,0
13179,C,17084,PA,1425,2045,1
13180,C,14532,NY,1425,1873,1
13181,C,74864,OK,1424,2023,0
13182,C,50248,IA,1424,1949,1
13183,C,30543,GA,1423,1877,1
13184,C,07863,NJ,1423,1618,1
13185,C,02702,MA,1423,1615,1
13186,C,42044,KY,1422,2371,1
13187,C,71280,LA,1422,2280,1
13188,C,38868,MS,1422,2240,1
13189,C,97535,OR,1422,2104,1
13190,C,44824,OH,1422,1824,1
13191,C,06277,CT,1422,1816,1
13192,C,27562,NC,1422,1678,1
13193,C,32064,FL,1421,3645,1
13194,C,92823,CA,1421,1973,1
13195,C,48191,MI,1421,1685,1
13196,C,21918,MD,1421,1645,1
13197,C,37665,TN,1420,2397,1
13198,C,78372,TX,1420,2285,1
13199,C,10925,NY,1420,2220,1
13200,C,95046,CA,1420,2048,1
13201,C,59019,MT,1420,1905,1
13202,C,72011,AR,1420,1782,1
13203,C,49746,MI,1419,2689,1
13204,C,02837,RI,1419,2473,1
13205,C,07457,NJ,1419,2038,1
13206,C,07848,NJ,1419,1694,1
13207,C,93427,CA,1418,2712,1
13208,C,63353,MO,1418,2439,1
13209,C,55981,MN,1418,2229,1
13210,C,49454,MI,1418,2122,1
13211,C,16056,PA,1418,2101,1
13212,C,33194,FL,1418,1865,1
13213,C,49328,MI,1418,1736,1
13214,C,46157,IN,1418,1665,1
13215,C,74029,OK,1417,2488,1
13216,C,76066,TX,1417,1977,1
13217,C,49254,MI,1417,1805,1
13218,C,55020,MN,1417,1501,1
13219,C,27855,NC,1416,2588,1
13220,C,37098,TN,1416,2288,1
13221,C,18347,PA,1415,4370,0
13222,C,02667,MA,1415,4139,1
13223,C,71639,AR,1415,2819,1
13224,C,83536,ID,1415,2124,1
13225,C,54229,WI,1415,1976,1
13226,C,03840,NH,1415,1686,1
13227,C,03034,NH,1415,1569,1
13228,C,44076,OH,1414,2171,1
13229,C,54023,WI,1414,1724,1
13230,C,95321,CA,1413,3666,1
13231,C,79201,TX,1413,3006,0
13232,C,24104,VA,1413,2526,1
13233,C,49665,MI,1413,2231,1
13234,C,29653,SC,1413,1918,1
13235,C,36250,AL,1413,1784,1
13236,C,50124,IA,1413,1717,1
13237,C,80651,CO,1413,1672,1
13238,C,18038,PA,1413,1559,1
13239,C,95971,CA,1412,2699,1
13240,C,03257,NH,1412,2395,1
13241,C,06417,CT,1412,2169,1
13242,C,38865,MS,1412,2052,1
13243,C,61448,IL,1412,1715,1
13244,C,29847,SC,1411,2065,1
13245,C,02717,MA,1411,1734,1
13246,C,21758,MD,1411,1672,1
13247,C,78383,TX,1410,2410,1
13248,C,35772,AL,1410,2311,0
13249,C,66713,KS,1410,2297,1
13250,C,13068,NY,1410,2165,1
13251,C,28386,NC,1410,2130,0
13252,C,52776,IA,1410,1912,1
13253,C,80135,CO,1410,1847,1
13254,C,12754,NY,1409,3783,1
13255,C,31714,GA,1409,2751,1
13256,C,36477,AL,1409,2263,0
13257,C,57013,SD,1409,2064,1
13258,C,07440,NJ,1409,1598,1
13259,C,07856,NJ,1408,2441,1
13260,C,53807,WI,1408,1845,1
13261,C,08007,NJ,1407,2602,1
13262,C,29058,SC,1407,2092,1
13263,C,21710,MD,1407,1748,1
13264,C,61048,IL,1407,1740,1
13265,C,55805,MN,1406,5430,1
13266,C,32321,FL,1406,2317,1
13267,C,74730,OK,1406,2301,1
13268,C,24970,WV,1406,2162,0
13269,C,22642,VA,1406,2047,1
13270,C,66092,KS,1406,1811,1
13271,C,49868,MI,1405,2951,1
13272,C,24260,VA,1405,2363,0
13273,C,45338,OH,1405,1913,1
13274,C,10453,NY,1404,28801,0
13275,C,36607,AL,1404,3175,1
13276,C,74056,OK,1404,2613,0
13277,C,68352,NE,1404,2511,1
13278,C,29032,SC,1404,2202,1
13279,C,61846,IL,1404,2149,1
13280,C,70819,LA,1404,1604,1
13281,C,47987,IN,1403,1692,1
13282,C,75860,TX,1402,2478,0
13283,C,65689,MO,1402,2214,1
13284,C,66434,KS,1402,2206,1
13285,C,31553,GA,1402,2081,0
13286,C,75497,TX,1402,1954,1
13287,C,48631,MI,1402,1942,1
13288,C,08836,NJ,1402,1461,1
13289,C,14303,NY,1401,3505,0
13290,C,22844,VA,1400,2257,1
13291,C,13074,NY,1400,1930,0
13292,C,04474,ME,1400,1739,1
13293,C,73131,OK,1400,1541,1
13294,C,21140,MD,1400,1470,1
13295,C,64126,MO,1399,2797,1
13296,C,29555,SC,1399,2484,1
13297,C,83127,WY,1399,2221,1
13298,C,29945,SC,1399,2196,0
13299,C,71033,LA,1399,1678,1
13300,C,71665,AR,1398,2263,1
13301,C,29372,SC,1397,2127,1
13302,C,10560,NY,1397,1851,1
13303,C,32328,FL,1396,3029,1
13304,C,32131,FL,1396,2153,1
13305,C,85925,AZ,1396,2124,1
13306,C,40051,KY,1396,2082,1
13307,C,03470,NH,1395,2248,1
13308,C,36280,AL,1395,2202,1
13309,C,97630,OR,1394,2440,1
13310,C,96064,CA,1394,2122,1
13311,C,35765,AL,1394,2089,1
13312,C,85736,AZ,1394,1966,1
13313,C,47562,IN,1394,1901,0
13314,C,55705,MN,1394,1891,1
13315,C,64016,MO,1394,1817,1
13316,C,95623,CA,1394,1737,1
13317,C,43318,OH,1394,1648,1
13318,C,73529,OK,1393,2243,0
13319,C,97624,OR,1393,2202,1
13320,C,49013,MI,1393,2045,1
13321,C,60456,IL,1393,1916,1
13322,C,95626,CA,1393,1849,1
13323,C,06259,CT,1393,1838,1
13324,C,74338,OK,1392,2183,0
13325,C,04250,ME,1392,2038,1
13326,C,20714,MD,1391,1973,1
13327,C,46793,IN,1391,1782,1
13328,C,43542,OH,1391,1571,1
13329,C,44644,OH,1390,2295,1
13330,C,04864,ME,1390,1876,1
13331,C,19541,PA,1390,1632,1
13332,C,81428,CO,1389,2150,1
13333,C,56013,MN,1389,2110,1
13334,C,27921,NC,1389,2109,1
13335,C,49042,MI,1389,2000,1
13336,C,40419,KY,1389,1975,0
13337,C,44473,OH,1389,1961,1
13338,C,59859,MT,1388,2155,1
13339,C,24482,VA,1388,2003,1
13340,C,29055,SC,1388,1915,0
13341,C,66217,KS,1387,2820,1
13342,C,65565,MO,1387,2598,1
13343,C,92372,CA,1387,1924,1
13344,C,95383,CA,1386,3243,1
13345,C,49633,MI,1386,2724,1
13346,C,11940,NY,1386,2212,1
13347,C,37887,TN,1385,2054,1
13348,C,55604,MN,1384,3412,1
13349,C,64158,MO,1384,2896,1
13350,C,71417,LA,1384,2348,1
13351,C,08827,NJ,1384,1644,1
13352,C,60484,IL,1383,2410,1
13353,C,24517,VA,1383,2376,1
13354,C,07737,NJ,1383,1615,1
13355,C,37014,TN,1383,1444,1
13356,C,25880,WV,1382,2334,1
13357,C,49067,MI,1382,1977,1
13358,C,61546,IL,1382,1791,1
13359,C,49117,MI,1381,3790,1
13360,C,37640,TN,1381,2344,1
13361,C,44442,OH,1381,1704,1
13362,C,04281,ME,1380,2438,1
13363,C,76557,TX,1380,1994,1
13364,C,59644,MT,1380,1976,1
13365,C,24095,VA,1380,1954,1
13366,C,76431,TX,1380,1698,1
13367,C,08609,NJ,1379,5347,1
13368,C,56215,MN,1379,2246,1
13369,C,98232,WA,1379,1769,1
13370,C,44437,OH,1379,1749,1
13371,C,23040,VA,1378,2263,1
13372,C,57769,SD,1378,1670,1
13373,C,07046,NJ,1377,1451,1
13374,C,98331,WA,1376,2808,1
13375,C,63845,MO,1376,2689,1
13376,C,75656,TX,1376,2170,0
13377,C,59875,MT,1375,1825,1
13378,C,46571,IN,1375,1761,1
13379,C,02715,MA,1375,1573,1
13380,C,03242,NH,1374,2359,1
13381,C,62902,IL,1374,2340,1
13382,C,35550,AL,1374,2325,1
13383,C,29540,SC,1374,1930,1
13384,C,43203,OH,1373,5301,1
13385,C,11978,NY,1373,3936,1
13386,C,54612,WI,1373,2145,1
13387,C,29047,SC,1373,2046,1
13388,C,18255,PA,1373,1876,1
13389,C,48006,MI,1373,1581,1
13390,C,48063,MI,1373,1567,1
13391,C,48208,MI,1372,5226,1
13392,C,23063,VA,1372,1941,1
13393,C,98591,WA,1372,1617,1
13394,C,98937,WA,1371,2525,1
13395,C,42726,KY,1370,2977,1
13396,C,45416,OH,1370,2445,1
13397,C,83676,ID,1370,1841,1
13398,C,52213,IA,1370,1677,1
13399,C,13326,NY,1369,2724,1
13400,C,53080,WI,1369,2425,1
13401,C,35968,AL,1369,1968,1
13402,C,21850,MD,1369,1675,1
13403,C,28723,NC,1368,5600,1
13404,C,10280,NY,1368,5015,0
13405,C,49332,MI,1368,2529,1
13406,C,29924,SC,1368,2205,1
13407,C,43080,OH,1368,2198,1
13408,C,32948,FL,1368,1921,1
13409,C,40489,KY,1368,1656,1
13410,C,54126,WI,1368,1569,1
13411,C,72744,AR,1367,2196,1
13412,C,65704,MO,1367,2017,1
13413,C,01005,MA,1367,1876,1
13414,C,37143,TN,1367,1639,1
13415,C,15834,PA,1366,2685,0
13416,C,14042,NY,1366,2052,1
13417,C,38585,TN,1366,1962,0
13418,C,18249,PA,1366,1752,1
13419,C,49931,MI,1365,3490,1
13420,C,12404,NY,1365,2512,1
13421,C,48850,MI,1365,1973,1
13422,C,16345,PA,1365,1802,0
13423,C,56055,MN,1365,1712,1
13424,C,67101,KS,1364,2793,1
13425,C,12122,NY,1364,2395,1
13426,C,81425,CO,1364,2059,1
13427,C,83110,WY,1364,2053,1
13428,C,53530,WI,1364,1947,1
13429,C,15026,PA,1364,1869,1
13430,C,97462,OR,1364,1797,1
13431,C,72846,AR,1364,1748,1
13432,C,62204,IL,1363,3313,0
13433,C,47043,IN,1363,2223,1
13434,C,45347,OH,1363,1818,1
13435,C,24361,VA,1362,2006,1
13436,C,29940,SC,1362,1892,1
13437,C,48436,MI,1362,1547,1
13438,C,49878,MI,1361,2524,1
13439,C,07647,NJ,1361,1777,1
13440,C,43112,OH,1361,1604,1
13441,C,10916,NY,1361,1545,1
13442,C,38006,TN,1360,2224,1
13443,C,48096,MI,1360,1682,1
13444,C,30185,GA,1360,1647,1
13445,C,16630,PA,1359,2143,1
13446,C,43844,OH,1359,1692,1
13447,C,12883,NY,1358,2845,1
13448,C,24088,VA,1358,2115,1
13449,C,04950,ME,1357,2755,1
13450,C,30363,GA,1357,2570,0
13451,C,61880,IL,1357,1894,1
13452,C,98047,WA,1356,2389,1
13453,C,61074,IL,1356,2344,1
13454,C,55382,MN,1356,2249,1
13455,C,60071,IL,1356,2161,1
13456,C,56360,MN,1355,2688,1
13457,C,37869,TN,1355,2541,0
13458,C,03741,NH,1355,2171,1
13459,C,01535,MA,1355,2163,1
13460,C,28701,NC,1355,1996,1
13461,C,64747,MO,1355,1720,1
13462,C,45308,OH,1355,1716,1
13463,C,32667,FL,1354,2011,1
13464,C,50438,IA,1354,1812,1
13465,C,48064,MI,1354,1457,1
13466,C,95247,CA,1353,2604,1
13467,C,71968,AR,1353,2159,1
13468,C,74079,OK,1353,2036,1
13469,C,61883,IL,1353,2009,1
13470,C,55055,MN,1353,2001,1
13471,C,61547,IL,1353,1460,1
13472,C,10928,NY,1352,2442,1
13473,C,18507,PA,1352,2362,1
13474,C,39094,MS,1352,2030,0
13475,C,47042,IN,1352,1930,1
13476,C,48757,MI,1352,1687,1
13477,C,08089,NJ,1352,1515,1
13478,C,63830,MO,1351,3065,1
13479,C,29832,SC,1351,2497,1
13480,C,01770,MA,1351,1575,1
13481,C,49088,MI,1351,1425,1
13482,C,71418,LA,1350,2807,1
13483,C,03809,NH,1350,2001,1
13484,C,01908,MA,1350,1810,1
13485,C,12134,NY,1349,2906,1
13486,C,15033,PA,1349,2850,0
13487,C,28323,NC,1349,1828,0
13488,C,45113,OH,1349,1729,1
13489,C,79104,TX,1348,2893,0
13490,C,13053,NY,1348,2099,1
13491,C,21057,MD,1348,1664,1
13492,C,61745,IL,1348,1645,1
13493,C,35971,AL,1347,1994,1
13494,C,53021,WI,1347,1809,1
13495,C,35014,AL,1346,1786,1
13496,C,02322,MA,1346,1716,1
13497,C,41572,KY,1346,1698,0
13498,C,94710,CA,1345,4105,1
13499,C,24124,VA,1345,2062,1
13500,C,45368,OH,1345,1916,1
13501,C,78160,TX,1345,1824,0
13502,C,60421,IL,1345,1645,1
13503,C,20622,MD,1345,1433,1
13504,C,33036,FL,1344,3651,1
13505,C,14608,NY,1343,6935,1
13506,C,54768,WI,1343,2206,1
13507,C,89444,NV,1343,1682,1
13508,C,54874,WI,1343,1660,1
13509,C,63048,MO,1343,1657,1
13510,C,32461,FL,1342,5860,1
13511,C,74884,OK,1342,2721,0
13512,C,49617,MI,1342,2684,1
13513,C,52361,IA,1342,2134,1
13514,C,60936,IL,1342,1914,1
13515,C,56241,MN,1342,1793,1
13516,C,89085,NV,1342,1575,0
13517,C,70426,LA,1341,2616,1
13518,C,47117,IN,1341,1744,1
13519,C,75561,TX,1340,2317,1
13520,C,54983,WI,1340,1999,1
13521,C,75117,TX,1340,1886,1
13522,C,03451,NH,1340,1880,1
13523,C,74937,OK,1339,2361,0
13524,C,76457,TX,1339,2092,0
13525,C,48647,MI,1338,3139,1
13526,C,30520,GA,1338,1895,1
13527,C,14712,NY,1337,2273,1
13528,C,38257,TN,1337,2127,1
13529,C,72153,AR,1337,1964,1
13530,C,72946,AR,1337,1659,1
13531,C,55043,MN,1337,1589,1
13532,C,62203,IL,1336,2788,1
13533,C,93926,CA,1336,2454,1
13534,C,18343,PA,1336,1879,1
13535,C,44609,OH,1336,1675,1
13536,C,54121,WI,1335,3238,1
13537,C,48441,MI,1335,2165,1
13538,C,43822,OH,1335,2060,1
13539,C,50648,IA,1335,1700,1
13540,C,94709,CA,1334,6139,1
13541,C,37870,TN,1334,2262,1
13542,C,13748,NY,1334,1894,1
13543,C,14025,NY,1334,1692,1
13544,C,10921,NY,1334,1630,1
13545,C,53531,WI,1334,1612,1
13546,C,71322,LA,1333,3117,1
13547,C,25159,WV,1333,1863,1
13548,C,20158,VA,1333,1610,1
13549,C,45651,OH,1332,2354,1
13550,C,14883,NY,1332,2062,1
13551,C,10524,NY,1332,1850,1
13552,C,55375,MN,1332,1524,1
13553,C,47660,IN,1331,2069,1
13554,C,99328,WA,1331,1967,1
13555,C,27207,NC,1331,1835,1
13556,C,97032,OR,1330,1805,1
13557,C,56621,MN,1329,2149,1
13558,C,29581,SC,1329,2083,1
13559,C,42210,KY,1329,2058,0
13560,C,54837,WI,1329,2043,1
13561,C,36091,AL,1329,1996,1
13562,C,72024,AR,1329,1821,1
13563,C,37738,TN,1328,7075,1
13564,C,37324,TN,1328,2542,1
13565,C,21919,MD,1328,2329,1
13566,C,35541,AL,1327,2567,1
13567,C,37826,TN,1327,1760,1
13568,C,54873,WI,1326,2904,1
13569,C,29384,SC,1326,2576,1
13570,C,36260,AL,1326,1830,1
13571,C,08343,NJ,1326,1561,1
13572,C,73173,OK,1326,1434,0
13573,C,75831,TX,1325,2632,0
13574,C,70554,LA,1325,2618,1
13575,C,70032,LA,1325,2160,1
13576,C,65604,MO,1325,1700,1
13577,C,40390,KY,1324,2598,1
13578,C,17066,PA,1324,2512,0
13579,C,95634,CA,1324,2068,1
13580,C,55964,MN,1324,1793,1
13581,C,97053,OR,1324,1426,1
13582,C,70656,LA,1323,2000,0
13583,C,36351,AL,1323,1836,1
13584,C,01225,MA,1323,1612,1
13585,C,45831,OH,1323,1517,1
13586,C,93204,CA,1322,3085,1
13587,C,66608,KS,1322,2484,1
13588,C,26764,WV,1322,2421,0
13589,C,35582,AL,1322,2355,0
13590,C,28643,NC,1322,2301,1
13591,C,53809,WI,1322,1856,1
13592,C,64048,MO,1322,1648,1
13593,C,85321,AZ,1321,2326,1
13594,C,75755,TX,1321,2286,1
13595,C,50536,IA,1321,2127,1
13596,C,68788,NE,1321,2085,1
13597,C,45644,OH,1321,2068,1
13598,C,38313,TN,1321,1628,1
13599,C,54170,WI,1321,1624,1
13600,C,14543,NY,1321,1379,1
13601,C,15144,PA,1320,2065,1
13602,C,66040,KS,1319,2036,1
13603,C,81240,CO,1319,1857,1
13604,C,04217,ME,1318,2579,1
13605,C,49862,MI,1318,2462,1
13606,C,12992,NY,1318,1837,1
13607,C,18642,PA,1317,2062,1
13608,C,75472,TX,1317,2022,1
13609,C,63019,MO,1317,1927,1
13610,C,53020,WI,1317,1865,1
13611,C,54171,WI,1317,1443,1
13612,C,27976,NC,1317,1366,1
13613,C,02539,MA,1316,5157,1
13614,C,70085,LA,1316,2252,1
13615,C,02032,MA,1316,1715,1
13616,C,14416,NY,1316,1620,1
13617,C,06093,CT,1316,1411,1
13618,C,14433,NY,1315,1784,0
13619,C,41240,KY,1314,3225,1
13620,C,48610,MI,1314,2651,1
13621,C,82637,WY,1314,1955,1
13622,C,84754,UT,1314,1658,1
13623,C,47459,IN,1314,1616,1
13624,C,12827,NY,1313,1862,1
13625,C,04097,ME,1313,1596,1
13626,C,57754,SD,1312,2929,1
13627,C,39654,MS,1312,2487,1
13628,C,74962,OK,1312,2357,0
13629,C,46511,IN,1311,2482,1
13630,C,05060,VT,1311,2213,1
13631,C,26250,WV,1311,1958,0
13632,C,14485,NY,1311,1789,1
13633,C,65652,MO,1311,1674,1
13634,C,23336,VA,1310,4495,1
13635,C,45887,OH,1310,1863,1
13636,C,65360,MO,1310,1862,1
13637,C,57004,SD,1310,1702,1
13638,C,49336,MI,1310,1701,1
13639,C,53038,WI,1310,1644,1
13640,C,07014,NJ,1309,2006,1
13641,C,38916,MS,1308,2214,1
13642,C,75691,TX,1308,2029,0
13643,C,61739,IL,1308,1949,1
13644,C,44084,OH,1308,1848,1
13645,C,32617,FL,1308,1804,1
13646,C,76689,TX,1308,1782,1
13647,C,42327,KY,1308,1781,1
13648,C,37191,TN,1308,1717,1
13649,C,63133,MO,1307,3439,1
13650,C,99349,WA,1307,2754,0
13651,C,05743,VT,1307,2107,1
13652,C,06426,CT,1307,1739,1
13653,C,70777,LA,1307,1648,1
13654,C,50237,IA,1307,1369,1
13655,C,28366,NC,1306,2118,1
13656,C,68064,NE,1306,2113,1
13657,C,75683,TX,1306,1745,0
13658,C,49267,MI,1306,1593,1
13659,C,11954,NY,1305,4565,1
13660,C,59068,MT,1305,2967,1
13661,C,75426,TX,1305,2581,0
13662,C,03851,NH,1305,1785,1
13663,C,47346,IN,1305,1759,1
13664,C,40008,KY,1305,1718,1
13665,C,13478,NY,1305,1547,1
13666,C,47638,IN,1305,1506,1
13667,C,52228,IA,1305,1470,1
13668,C,08750,NJ,1304,2032,1
13669,C,21727,MD,1304,1838,1
13670,C,20106,VA,1304,1821,1
13671,C,22645,VA,1304,1788,1
13672,C,61738,IL,1304,1741,1
13673,C,21782,MD,1304,1683,1
13674,C,75473,TX,1304,1610,1
13675,C,26541,WV,1304,1548,0
13676,C,38066,TN,1304,1490,1
13677,C,92363,CA,1303,3867,1
13678,C,27050,NC,1303,1729,1
13679,C,55779,MN,1303,1709,1
13680,C,76462,TX,1303,1604,1
13681,C,93622,CA,1302,2966,1
13682,C,18618,PA,1302,2087,1
13683,C,53525,WI,1302,1771,1
13684,C,49304,MI,1301,5773,1
13685,C,32455,FL,1301,1945,0
13686,C,54151,WI,1301,1922,1
13687,C,13140,NY,1301,1895,0
13688,C,35091,AL,1301,1622,1
13689,C,49621,MI,1300,2047,1
13690,C,03086,NH,1300,1820,1
13691,C,28635,NC,1300,1659,1
13692,C,60151,IL,1300,1648,1
13693,C,01107,MA,1299,4534,1
13694,C,72650,AR,1299,2473,0
13695,C,49326,MI,1299,1755,1
13696,C,15145,PA,1298,3290,1
13697,C,11944,NY,1298,3106,1
13698,C,38549,TN,1298,2529,1
13699,C,28790,NC,1298,1728,1
13700,C,17062,PA,1298,1690,1
13701,C,90007,CA,1297,14153,1
13702,C,60420,IL,1297,2002,1
13703,C,70342,LA,1297,1958,1
13704,C,02538,MA,1297,1825,1
13705,C,38260,TN,1297,1794,1
13706,C,07423,NJ,1297,1532,1
13707,C,97341,OR,1296,2693,1
13708,C,14891,NY,1296,2602,1
13709,C,16053,PA,1296,1601,1
13710,C,30337,GA,1295,5702,1
13711,C,93225,CA,1295,2397,1
13712,C,99122,WA,1295,2262,1
13713,C,31773,GA,1295,2007,1
13714,C,56097,MN,1295,1801,1
13715,C,16401,PA,1295,1767,1
13716,C,74421,OK,1295,1736,1
13717,C,30434,GA,1294,2312,1
13718,C,45732,OH,1294,2221,1
13719,C,51109,IA,1294,1570,1
13720,C,12210,NY,1293,6580,1
13721,C,53039,WI,1293,1919,1
13722,C,14204,NY,1292,5514,0
13723,C,71837,AR,1292,1941,0
13724,C,01010,MA,1292,1643,1
13725,C,54757,WI,1291,2207,1
13726,C,52301,IA,1291,1850,1
13727,C,18635,PA,1291,1727,1
13728,C,37656,TN,1291,1647,1
13729,C,08560,NJ,1291,1475,1
13730,C,78705,TX,1290,12519,1
13731,C,37714,TN,1290,2096,1
13732,C,54630,WI,1290,1813,1
13733,C,28349,NC,1290,1798,1
13734,C,53004,WI,1290,1537,1
13735,C,95223,CA,1289,7273,1
13736,C,72422,AR,1289,2295,0
13737,C,03753,NH,1289,2232,1
13738,C,36451,AL,1289,2182,1
13739,C,55120,MN,1289,2119,1
13740,C,39175,MS,1289,2053,1
13741,C,64844,MO,1289,1873,1
13742,C,59759,MT,1289,1848,1
13743,C,49946,MI,1288,2223,1
13744,C,61911,IL,1288,1845,1
13745,C,21658,MD,1288,1827,1
13746,C,15473,PA,1288,1650,1
13747,C,08554,NJ,1288,1521,1
13748,C,85544,AZ,1287,3731,1
13749,C,12809,NY,1287,1815,1
13750,C,43762,OH,1287,1813,1
13751,C,31816,GA,1286,2542,1
13752,C,21817,MD,1286,2511,1
13753,C,12846,NY,1286,2338,1
13754,C,12015,NY,1286,2244,1
13755,C,75563,TX,1286,2114,0
13756,C,72135,AR,1286,1468,1
13757,C,75756,TX,1285,1953,1
13758,C,11804,NY,1285,1521,1
13759,C,46797,IN,1285,1422,1
13760,C,02639,MA,1284,5162,1
13761,C,13753,NY,1284,2339,1
13762,C,75966,TX,1284,2233,0
13763,C,24149,VA,1284,1572,1
13764,C,52338,IA,1284,1380,1
13765,C,71082,LA,1283,2005,0
13766,C,54646,WI,1282,2661,1
13767,C,04040,ME,1282,2128,1
13768,C,16242,PA,1282,2050,0
13769,C,07420,NJ,1282,1873,1
13770,C,98557,WA,1282,1622,1
13771,C,53108,WI,1282,1437,1
13772,C,21053,MD,1282,1385,1
13773,C,27053,NC,1281,1691,1
13774,C,54113,WI,1281,1488,1
13775,C,85004,AZ,1280,6455,1
13776,C,49781,MI,1280,2423,1
13777,C,81089,CO,1280,2415,1
13778,C,95249,CA,1280,2033,1
13779,C,17364,PA,1280,1672,1
13780,C,17301,PA,1280,1591,1
13781,C,78384,TX,1279,2212,0
13782,C,27019,NC,1279,1594,1
13783,C,36726,AL,1278,2366,1
13784,C,21663,MD,1278,2110,1
13785,C,98570,WA,1278,2031,1
13786,C,99652,AK,1277,3220,0
13787,C,24963,WV,1277,1782,0
13788,C,78152,TX,1277,1490,1
13789,C,05255,VT,1276,2454,1
13790,C,92036,CA,1276,2305,1
13791,C,13634,NY,1276,2046,1
13792,C,74365,OK,1276,1986,0
13793,C,47106,IN,1276,1960,1
13794,C,54634,WI,1276,1888,1
13795,C,38315,TN,1276,1776,1
13796,C,30527,GA,1276,1580,1
13797,C,97127,OR,1276,1432,1
13798,C,76821,TX,1275,2180,0
13799,C,30139,GA,1275,1786,1
13800,C,24277,VA,1274,2560,0
13801,C,39631,MS,1274,2109,0
13802,C,61568,IL,1274,1849,1
13803,C,30567,GA,1274,1608,1
13804,C,03581,NH,1273,1970,1
13805,C,11514,NY,1273,1758,1
13806,C,12514,NY,1273,1556,1
13807,C,55322,MN,1273,1461,1
13808,C,18458,PA,1272,2853,1
13809,C,48703,MI,1272,2836,1
13810,C,03264,NH,1272,2720,1
13811,C,15323,PA,1272,1816,1
13812,C,24421,VA,1272,1690,1
13813,C,07758,NJ,1272,1653,1
13814,C,44217,OH,1272,1553,1
13815,C,46225,IN,1271,3056,1
13816,C,28398,NC,1271,3004,1
13817,C,47283,IN,1271,1573,1
13818,C,81224,CO,1270,2459,1
13819,C,47438,IN,1270,1854,1
13820,C,49249,MI,1270,1754,1
13821,C,22974,VA,1270,1544,1
13822,C,14750,NY,1269,2352,1
13823,C,48759,MI,1269,1928,1
13824,C,02644,MA,1269,1547,1
13825,C,24574,VA,1268,1721,1
13826,C,23086,VA,1268,1549,1
13827,C,38256,TN,1267,3006,1
13828,C,64053,MO,1267,2751,1
13829,C,72542,AR,1267,2186,1
13830,C,28626,NC,1267,2092,1
13831,C,13803,NY,1267,1715,0
13832,C,78263,TX,1267,1630,1
13833,C,85631,AZ,1267,1602,1
13834,C,32195,FL,1267,1591,1
13835,C,15636,PA,1267,1531,1
13836,C,21826,MD,1266,2148,1
13837,C,70395,LA,1266,1985,1
13838,C,15531,PA,1266,1907,1
13839,C,88230,NM,1266,1869,0
13840,C,98333,WA,1266,1509,1
13841,C,48002,MI,1266,1386,1
13842,C,84526,UT,1265,2591,1
13843,C,31803,GA,1265,2417,1
13844,C,72947,AR,1265,1870,1
13845,C,95258,CA,1265,1597,1
13846,C,29112,SC,1264,2008,1
13847,C,54474,WI,1264,1889,1
13848,C,54173,WI,1264,1468,1
13849,C,96756,HI,1263,3534,1
13850,C,27563,NC,1263,2489,0
13851,C,52655,IA,1263,1874,1
13852,C,68959,NE,1263,1806,1
13853,C,63730,MO,1263,1695,1
13854,C,27959,NC,1262,5214,1
13855,C,21162,MD,1262,1555,1
13856,C,44253,OH,1262,1412,1
13857,C,01541,MA,1262,1409,1
13858,C,93219,CA,1261,2481,1
13859,C,71235,LA,1261,2121,1
13860,C,61536,IL,1261,1697,1
13861,C,46510,IN,1261,1685,1
13862,C,65483,MO,1260,2077,1
13863,C,19094,PA,1260,1862,1
13864,C,37658,TN,1260,1839,1
13865,C,16749,PA,1259,2150,0
13866,C,19953,DE,1259,1830,1
13867,C,30178,GA,1259,1586,1
13868,C,62033,IL,1258,2112,1
13869,C,16232,PA,1258,1882,0
13870,C,13030,NY,1258,1797,1
13871,C,77831,TX,1258,1791,0
13872,C,44680,OH,1258,1778,1
13873,C,21536,MD,1258,1742,1
13874,C,70030,LA,1258,1642,1
13875,C,43824,OH,1258,1568,0
13876,C,29128,SC,1257,2098,1
13877,C,33890,FL,1257,2068,0
13878,C,30565,GA,1257,1973,1
13879,C,35033,AL,1257,1694,1
13880,C,24083,VA,1257,1678,1
13881,C,31831,GA,1257,1665,1
13882,C,53574,WI,1257,1617,1
13883,C,06231,CT,1257,1483,1
13884,C,77081,TX,1256,21245,1
13885,C,81067,CO,1256,2419,1
13886,C,73047,OK,1256,2273,0
13887,C,03225,NH,1256,1871,1
13888,C,63343,MO,1256,1849,1
13889,C,37891,TN,1255,1729,1
13890,C,07702,NJ,1255,1526,1
13891,C,12484,NY,1255,1479,1
13892,C,36756,AL,1254,2272,0
13893,C,17834,PA,1254,1669,0
13894,C,54129,WI,1254,1642,1
13895,C,23696,VA,1254,1455,1
13896,C,43357,OH,1253,1732,1
13897,C,11096,NY,1252,2706,1
13898,C,32628,FL,1252,2092,0
13899,C,38230,TN,1252,1782,0
13900,C,95379,CA,1252,1648,1
13901,C,78370,TX,1251,1790,0
13902,C,49435,MI,1251,1472,1
13903,C,44703,OH,1250,4600,1
13904,C,72521,AR,1250,2302,1
13905,C,16947,PA,1250,2239,0
13906,C,98340,WA,1250,1969,1
13907,C,55721,MN,1250,1924,1
13908,C,29353,SC,1250,1908,1
13909,C,60112,IL,1250,1691,1
13910,C,44436,OH,1250,1682,1
13911,C,07852,NJ,1250,1629,1
13912,C,18660,PA,1250,1564,1
13913,C,90012,CA,1249,16541,1
13914,C,59722,MT,1249,2130,1
13915,C,35983,AL,1249,1957,1
13916,C,80642,CO,1249,1506,1
13917,C,27810,NC,1248,2626,1
13918,C,05250,VT,1248,1970,1
13919,C,73463,OK,1248,1709,0
13920,C,56514,MN,1248,1512,1
13921,C,95324,CA,1247,2663,1
13922,C,24348,VA,1247,2414,1
13923,C,27874,NC,1247,2408,0
13924,C,16121,PA,1247,2273,0
13925,C,73541,OK,1247,1682,0
13926,C,45142,OH,1247,1647,1
13927,C,01506,MA,1247,1546,1
13928,C,42378,KY,1247,1493,1
13929,C,25045,WV,1246,2026,0
13930,C,39327,MS,1246,1699,0
13931,C,13456,NY,1246,1549,1
13932,C,23417,VA,1245,2511,1
13933,C,49128,MI,1245,1929,1
13934,C,70341,LA,1245,1716,1
13935,C,02764,MA,1245,1517,1
13936,C,68372,NE,1245,1387,1
13937,C,37863,TN,1243,5570,1
13938,C,54853,WI,1243,2529,1
13939,C,31634,GA,1243,2275,0
13940,C,30629,GA,1243,1975,1
13941,C,74902,OK,1243,1952,1
13942,C,47037,IN,1243,1851,1
13943,C,16875,PA,1243,1640,1
13944,C,17372,PA,1243,1593,1
13945,C,37362,TN,1243,1553,1
13946,C,16051,PA,1243,1392,1
13947,C,62535,IL,1243,1346,1
13948,C,44003,OH,1242,3009,1
13949,C,54174,WI,1242,2482,1
13950,C,71653,AR,1242,2425,1
13951,C,14546,NY,1242,2225,1
13952,C,75172,TX,1242,2075,0
13953,C,27541,NC,1242,1719,1
13954,C,50674,IA,1242,1669,1
13955,C,39459,MS,1242,1609,1
13956,C,65051,MO,1241,2293,1
13957,C,12887,NY,1241,2163,1
13958,C,41004,KY,1241,1710,1
13959,C,47665,IN,1241,1592,1
13960,C,37189,TN,1241,1571,1
13961,C,46787,IN,1241,1569,1
13962,C,04927,ME,1241,1528,0
13963,C,55917,MN,1241,1489,1
13964,C,98631,WA,1240,3143,1
13965,C,65078,MO,1240,2834,1
13966,C,18853,PA,1240,2170,0
13967,C,95655,CA,1240,1634,1
13968,C,55073,MN,1240,1476,1
13969,C,37180,TN,1240,1431,1
13970,C,06092,CT,1240,1327,1
13971,C,33946,FL,1239,3217,1
13972,C,45169,OH,1239,1969,1
13973,C,12526,NY,1239,1838,1
13974,C,38456,TN,1239,1608,1
13975,C,02903,RI,1238,6588,0
13976,C,45204,OH,1238,3709,1
13977,C,49668,MI,1238,1929,1
13978,C,64011,MO,1238,1683,1
13979,C,16693,PA,1238,1644,1
13980,C,65063,MO,1238,1626,1
13981,C,47923,IN,1238,1594,1
13982,C,43532,OH,1238,1424,1
13983,C,02831,RI,1238,1360,1
13984,C,99204,WA,1237,4357,1
13985,C,05101,VT,1237,2296,1
13986,C,99111,WA,1237,1920,1
13987,C,62467,IL,1237,1714,1
13988,C,27027,NC,1236,2191,1
13989,C,17724,PA,1236,2145,0
13990,C,65052,MO,1236,1858,1
13991,C,55349,MN,1236,1679,1
13992,C,33306,FL,1235,2109,1
13993,C,81432,CO,1235,2058,1
13994,C,62613,IL,1235,1579,1
13995,C,49253,MI,1234,2196,1
13996,C,48876,MI,1234,1817,1
13997,C,52778,IA,1234,1766,1
13998,C,75452,TX,1234,1747,1
13999,C,29583,SC,1233,2399,1
14000,C,71403,LA,1233,2051,1
14001,C,46741,IN,1233,1386,1
14002,C,45053,OH,1233,1294,1
14003,C,63120,MO,1232,4082,0
14004,C,63863,MO,1232,2697,1
14005,C,75969,TX,1232,1688,0
14006,C,63341,MO,1232,1372,1
14007,C,97205,OR,1231,6727,1
14008,C,13346,NY,1231,2261,1
14009,C,72088,AR,1231,2090,1
14010,C,17501,PA,1231,2028,1
14011,C,30295,GA,1231,1921,1
14012,C,56520,MN,1231,1904,1
14013,C,78390,TX,1230,2364,0
14014,C,40057,KY,1230,1795,1
14015,C,72370,AR,1229,3451,1
14016,C,12871,NY,1229,1844,1
14017,C,28098,NC,1229,1685,1
14018,C,89109,NV,1228,12053,0
14019,C,71770,AR,1228,1869,0
14020,C,42351,KY,1228,1727,1
14021,C,56473,MN,1228,1684,1
14022,C,07803,NJ,1228,1463,1
14023,C,53521,WI,1228,1433,1
14024,C,27891,NC,1227,2035,1
14025,C,37342,TN,1227,1644,1
14026,C,80443,CO,1226,5552,1
14027,C,29438,SC,1226,3545,1
14028,C,56461,MN,1226,2013,1
14029,C,71433,LA,1226,1995,1
14030,C,53560,WI,1226,1546,1
14031,C,32009,FL,1226,1442,1
14032,C,08751,NJ,1225,5319,1
14033,C,12037,NY,1225,2035,1
14034,C,44837,OH,1225,1643,1
14035,C,80643,CO,1225,1620,1
14036,C,61559,IL,1225,1490,1
14037,C,93434,CA,1224,2296,1
14038,C,04220,ME,1224,1638,1
14039,C,62558,IL,1224,1633,1
14040,C,45850,OH,1224,1472,1
14041,C,27605,NC,1223,4377,1
14042,C,01376,MA,1223,2471,1
14043,C,76531,TX,1223,2333,1
14044,C,45144,OH,1223,2089,1
14045,C,12944,NY,1223,2008,1
14046,C,70449,LA,1223,1835,1
14047,C,81419,CO,1223,1668,1
14048,C,30259,GA,1223,1398,1
14049,C,35476,AL,1222,3597,1
14050,C,38326,TN,1222,2828,1
14051,C,96122,CA,1222,2533,1
14052,C,30147,GA,1222,1901,1
14053,C,43821,OH,1222,1836,1
14054,C,29718,SC,1222,1771,0
14055,C,13624,NY,1221,3431,1
14056,C,72454,AR,1221,2266,0
14057,C,62321,IL,1221,1892,1
14058,C,07750,NJ,1221,1884,1
14059,C,24554,VA,1221,1730,1
14060,C,37407,TN,1220,3540,1
14061,C,54520,WI,1220,2948,1
14062,C,77856,TX,1220,2642,1
14063,C,58318,ND,1220,2461,1
14064,C,78022,TX,1220,2175,1
14065,C,71350,LA,1220,2056,1
14066,C,28456,NC,1220,1810,1
14067,C,79562,TX,1220,1432,1
14068,C,76579,TX,1219,2133,1
14069,C,36875,AL,1219,1764,1
14070,C,52358,IA,1219,1653,1
14071,C,53013,WI,1219,1491,1
14072,C,56444,MN,1218,2579,1
14073,C,35966,AL,1218,1768,1
14074,C,14548,NY,1218,1651,1
14075,C,35083,AL,1218,1590,1
14076,C,43910,OH,1218,1568,1
14077,C,69138,NE,1217,1921,1
14078,C,98612,WA,1217,1530,1
14079,C,43102,OH,1217,1485,1
14080,C,12545,NY,1216,2492,1
14081,C,47512,IN,1216,1959,1
14082,C,37387,TN,1216,1807,0
14083,C,32421,FL,1216,1766,0
14084,C,42217,KY,1216,1654,1
14085,C,16115,PA,1216,1547,1
14086,C,37860,TN,1216,1518,1
14087,C,48831,MI,1216,1486,1
14088,C,98840,WA,1215,2258,1
14089,C,64633,MO,1215,2232,1
14090,C,71001,LA,1215,2139,1
14091,C,54945,WI,1215,1912,1
14092,C,49245,MI,1215,1830,1
14093,C,35049,AL,1215,1768,1
14094,C,67550,KS,1214,2424,1
14095,C,33838,FL,1214,2162,1
14096,C,84312,UT,1214,1573,1
14097,C,38551,TN,1213,2262,0
14098,C,04917,ME,1213,2261,1
14099,C,43777,OH,1213,1932,1
14100,C,93265,CA,1213,1901,1
14101,C,13460,NY,1212,1923,0
14102,C,70730,LA,1212,1666,1
14103,C,30738,GA,1212,1591,1
14104,C,43522,OH,1212,1468,1
14105,C,17026,PA,1212,1433,1
14106,C,07832,NJ,1212,1412,1
14107,C,45219,OH,1211,8023,1
14108,C,04037,ME,1211,2193,1
14109,C,18336,PA,1211,2002,1
14110,C,96093,CA,1211,1879,1
14111,C,04294,ME,1211,1844,1
14112,C,44264,OH,1211,1494,1
14113,C,56442,MN,1210,3415,1
14114,C,35580,AL,1210,1881,1
14115,C,97064,OR,1210,1653,1
14116,C,45843,OH,1209,1650,1
14117,C,37035,TN,1209,1392,1
14118,C,44880,OH,1209,1315,1
14119,C,03860,NH,1208,3169,1
14120,C,98266,WA,1208,1918,1
14121,C,35006,AL,1207,1729,1
14122,C,45723,OH,1207,1689,1
14123,C,70057,LA,1207,1628,1
14124,C,13795,NY,1207,1547,1
14125,C,13438,NY,1206,1944,1
14126,C,27809,NC,1206,1848,1
14127,C,54661,WI,1206,1709,1
14128,C,92004,CA,1205,2917,1
14129,C,23890,VA,1205,2047,1
14130,C,28585,NC,1205,1916,0
14131,C,84713,UT,1204,1811,1
14132,C,36866,AL,1204,1722,1
14133,C,76374,TX,1203,2074,0
14134,C,15670,PA,1203,1463,0
14135,C,48722,MI,1203,1401,1
14136,C,25601,WV,1202,2350,0
14137,C,97720,OR,1202,2247,1
14138,C,16426,PA,1202,1476,1
14139,C,38251,TN,1202,1468,1
14140,C,27503,NC,1202,1445,1
14141,C,21756,MD,1202,1360,1
14142,C,75201,TX,1201,13619,0
14143,C,24317,VA,1201,2136,1
14144,C,21639,MD,1201,1890,1
14145,C,96760,HI,1201,1768,0
14146,C,60551,IL,1201,1486,1
14147,C,27581,NC,1201,1435,1
14148,C,16666,PA,1201,1386,1
14149,C,23146,VA,1201,1315,1
14150,C,14201,NY,1200,7172,1
14151,C,15219,PA,1200,7139,0
14152,C,27326,NC,1200,1879,1
14153,C,44234,OH,1200,1450,1
14154,C,24910,WV,1199,1941,0
14155,C,32460,FL,1199,1923,0
14156,C,83101,WY,1199,1867,1
14157,C,17045,PA,1199,1647,1
14158,C,20676,MD,1199,1522,1
14159,C,45302,OH,1198,1601,1
14160,C,63072,MO,1198,1350,1
14161,C,68524,NE,1197,2063,1
14162,C,28338,NC,1197,1771,1
14163,C,30750,GA,1197,1565,1
14164,C,57039,SD,1197,1554,1
14165,C,37049,TN,1197,1494,1
14166,C,02638,MA,1196,3043,1
14167,C,49655,MI,1196,1934,1
14168,C,08562,NJ,1196,1768,1
14169,C,14882,NY,1196,1619,1
14170,C,78373,TX,1195,5614,1
14171,C,36904,AL,1195,2202,1
14172,C,15045,PA,1195,2121,1
14173,C,63764,MO,1195,2090,0
14174,C,59427,MT,1195,1963,1
14175,C,70719,LA,1195,1669,1
14176,C,11749,NY,1195,1324,1
14177,C,02562,MA,1194,1788,1
14178,C,46371,IN,1194,1622,1
14179,C,63825,MO,1193,2061,1
14180,C,49274,MI,1193,1956,1
14181,C,54124,WI,1193,1765,1
14182,C,17856,PA,1193,1344,1
14183,C,92549,CA,1192,4182,1
14184,C,71064,LA,1192,1881,1
14185,C,17004,PA,1192,1823,0
14186,C,21750,MD,1192,1821,1
14187,C,16651,PA,1192,1781,0
14188,C,42086,KY,1192,1711,1
14189,C,23841,VA,1192,1414,1
14190,C,27248,NC,1191,1842,1
14191,C,14738,NY,1191,1714,1
14192,C,61910,IL,1191,1615,1
14193,C,54771,WI,1191,1549,1
14194,C,01431,MA,1191,1308,1
14195,C,76444,TX,1190,1815,0
14196,C,97111,OR,1190,1609,1
14197,C,37770,TN,1190,1395,0
14198,C,47143,IN,1189,1300,1
14199,C,49635,MI,1188,3014,1
14200,C,90067,CA,1188,2400,0
14201,C,46792,IN,1188,1723,1
14202,C,12196,NY,1188,1308,1
14203,C,65791,MO,1187,1904,1
14204,C,96727,HI,1187,1642,1
14205,C,32568,FL,1187,1398,1
14206,C,37886,TN,1186,1808,1
14207,C,80610,CO,1186,1595,1
14208,C,80446,CO,1185,3333,1
14209,C,41314,KY,1185,2199,0
14210,C,12522,NY,1185,2135,1
14211,C,54722,WI,1185,1846,1
14212,C,81132,CO,1185,1756,1
14213,C,43342,OH,1185,1532,1
14214,C,27601,NC,1184,4874,1
14215,C,46409,IN,1184,4238,0
14216,C,28746,NC,1184,3310,1
14217,C,28571,NC,1184,1889,1
14218,C,54970,WI,1184,1816,1
14219,C,54891,WI,1184,1736,1
14220,C,17065,PA,1184,1705,1
14221,C,06375,CT,1184,1541,1
14222,C,49229,MI,1184,1484,1
14223,C,04287,ME,1184,1426,1
14224,C,54949,WI,1183,1764,1
14225,C,29704,SC,1183,1454,1
14226,C,40831,KY,1182,2480,1
14227,C,72461,AR,1182,1927,0
14228,C,66535,KS,1182,1722,1
14229,C,04259,ME,1181,1890,1
14230,C,57601,SD,1181,1886,1
14231,C,61542,IL,1180,1727,1
14232,C,83628,ID,1180,1704,1
14233,C,24087,VA,1179,1911,1
14234,C,03584,NH,1179,1817,1
14235,C,54619,WI,1179,1557,1
14236,C,55101,MN,1178,5651,0
14237,C,35224,AL,1178,2761,1
14238,C,01951,MA,1178,1731,1
14239,C,42721,KY,1178,1721,0
14240,C,76071,TX,1178,1579,1
14241,C,47032,IN,1178,1264,1
14242,C,67210,KS,1177,3676,1
14243,C,80807,CO,1177,2057,1
14244,C,21201,MD,1176,11468,1
14245,C,54177,WI,1176,2884,1
14246,C,63565,MO,1176,2190,1
14247,C,22482,VA,1176,2152,1
14248,C,39827,GA,1176,2080,1
14249,C,18472,PA,1176,2002,1
14250,C,29591,SC,1176,2002,1
14251,C,70770,LA,1176,1353,1
14252,C,32204,FL,1175,5342,1
14253,C,24013,VA,1175,3334,1
14254,C,85543,AZ,1175,1768,1
14255,C,37779,TN,1175,1554,0
14256,C,06710,CT,1174,4515,1
14257,C,12204,NY,1174,4290,1
14258,C,44302,OH,1174,3011,1
14259,C,65705,MO,1173,2049,1
14260,C,92249,CA,1173,1882,1
14261,C,76527,TX,1173,1652,1
14262,C,15541,PA,1173,1619,1
14263,C,30742,GA,1172,3681,1
14264,C,29075,SC,1172,1413,1
14265,C,71075,LA,1171,3027,1
14266,C,03223,NH,1171,1825,1
14267,C,77434,TX,1171,1772,0
14268,C,15312,PA,1171,1716,1
14269,C,14172,NY,1171,1702,1
14270,C,51510,IA,1171,1461,1
14271,C,97115,OR,1171,1451,1
14272,C,55960,MN,1171,1307,1
14273,C,12202,NY,1170,5434,1
14274,C,27009,NC,1170,1347,1
14275,C,10507,NY,1169,2024,1
14276,C,22853,VA,1169,1839,1
14277,C,38828,MS,1169,1839,1
14278,C,95692,CA,1169,1813,1
14279,C,90212,CA,1168,6107,1
14280,C,25015,WV,1168,1924,1
14281,C,54169,WI,1168,1231,1
14282,C,31642,GA,1167,1908,0
14283,C,22213,VA,1167,1814,1
14284,C,61054,IL,1167,1776,1
14285,C,16023,PA,1167,1734,1
14286,C,08829,NJ,1167,1485,1
14287,C,46573,IN,1167,1400,1
14288,C,37144,TN,1166,1474,1
14289,C,32058,FL,1165,1608,1
14290,C,47558,IN,1165,1516,1
14291,C,54767,WI,1165,1496,1
14292,C,06608,CT,1164,4915,0
14293,C,36107,AL,1164,3995,1
14294,C,76849,TX,1164,2247,0
14295,C,18434,PA,1164,1902,1
14296,C,42459,KY,1164,1729,1
14297,C,50225,IA,1164,1432,1
14298,C,15679,PA,1164,1431,0
14299,C,04579,ME,1164,1413,1
14300,C,67068,KS,1163,2117,1
14301,C,24127,VA,1163,1962,1
14302,C,59873,MT,1163,1776,1
14303,C,30257,GA,1163,1557,1
14304,C,23920,VA,1162,1889,1
14305,C,55032,MN,1162,1409,1
14306,C,04967,ME,1161,1815,0
14307,C,24528,VA,1161,1785,1
14308,C,37310,TN,1161,1736,1
14309,C,49256,MI,1161,1608,1
14310,C,54013,WI,1161,1576,1
14311,C,71254,LA,1160,3002,0
14312,C,23974,VA,1160,2100,1
14313,C,34981,FL,1160,2069,1
14314,C,35616,AL,1160,1993,1
14315,C,12487,NY,1160,1693,1
14316,C,56057,MN,1160,1619,1
14317,C,49807,MI,1160,1573,1
14318,C,10007,NY,1159,3711,0
14319,C,80452,CO,1159,2046,1
14320,C,26143,WV,1159,1825,0
14321,C,54479,WI,1159,1462,1
14322,C,36611,AL,1158,2713,1
14323,C,98261,WA,1158,2396,1
14324,C,29178,SC,1158,1753,0
14325,C,38052,TN,1158,1734,1
14326,C,61310,IL,1158,1712,1
14327,C,13787,NY,1158,1678,1
14328,C,07838,NJ,1158,1451,1
14329,C,27871,NC,1157,2025,0
14330,C,44621,OH,1157,1992,1
14331,C,15943,PA,1157,1975,0
14332,C,23837,VA,1157,1796,1
14333,C,45118,OH,1157,1663,1
14334,C,47993,IN,1157,1652,1
14335,C,55006,MN,1157,1639,1
14336,C,32502,FL,1156,2582,1
14337,C,38040,TN,1156,2320,1
14338,C,23421,VA,1156,2157,1
14339,C,16668,PA,1156,1651,0
14340,C,73093,OK,1156,1559,1
14341,C,44626,OH,1156,1471,1
14342,C,28605,NC,1155,4336,1
14343,C,60469,IL,1155,1704,1
14344,C,70543,LA,1155,1621,1
14345,C,01503,MA,1155,1502,1
14346,C,42450,KY,1154,1914,0
14347,C,14823,NY,1154,1856,0
14348,C,50638,IA,1154,1535,1
14349,C,54015,WI,1154,1528,1
14350,C,71742,AR,1153,2340,0
14351,C,55946,MN,1153,1398,1
14352,C,17028,PA,1153,1363,1
14353,C,85348,AZ,1152,2005,0
14354,C,59935,MT,1152,1979,1
14355,C,49040,MI,1152,1956,1
14356,C,45760,OH,1152,1886,0
14357,C,37846,TN,1152,1678,1
14358,C,64465,MO,1152,1659,1
14359,C,87042,NM,1152,1496,1
14360,C,30538,GA,1152,1425,0
14361,C,25514,WV,1151,1899,0
14362,C,31645,GA,1151,1832,0
14363,C,61410,IL,1151,1763,1
14364,C,58368,ND,1151,1668,1
14365,C,28729,NC,1151,1544,1
14366,C,29450,SC,1151,1446,1
14367,C,43723,OH,1150,2179,1
14368,C,35776,AL,1150,1641,1
14369,C,68069,NE,1150,1476,1
14370,C,95237,CA,1150,1443,1
14371,C,21738,MD,1150,1166,1
14372,C,73737,OK,1149,1842,0
14373,C,92003,CA,1149,1798,1
14374,C,54960,WI,1148,2192,1
14375,C,55934,MN,1148,1517,1
14376,C,19035,PA,1148,1404,1
14377,C,63456,MO,1147,2335,1
14378,C,06412,CT,1147,1679,1
14379,C,34756,FL,1147,1515,1
14380,C,20135,VA,1147,1434,1
14381,C,01223,MA,1146,2153,1
14382,C,53952,WI,1146,2043,1
14383,C,47944,IN,1146,1597,1
14384,C,55001,MN,1146,1221,1
14385,C,58545,ND,1145,1887,1
14386,C,66523,KS,1145,1777,1
14387,C,10987,NY,1145,1646,1
14388,C,46989,IN,1145,1591,1
14389,C,72959,AR,1145,1569,1
14390,C,25670,WV,1144,1654,0
14391,C,51249,IA,1144,1581,1
14392,C,27805,NC,1144,1556,0
14393,C,81615,CO,1143,3046,0
14394,C,39038,MS,1143,2375,0
14395,C,56466,MN,1143,2093,1
14396,C,18326,PA,1143,1914,1
14397,C,44864,OH,1143,1575,1
14398,C,75424,TX,1143,1387,1
14399,C,92256,CA,1142,1971,1
14400,C,62265,IL,1142,1879,1
14401,C,35546,AL,1142,1683,0
14402,C,49266,MI,1142,1547,1
14403,C,49076,MI,1142,1544,1
14404,C,88352,NM,1141,2032,1
14405,C,13833,NY,1141,1741,1
14406,C,44085,OH,1141,1422,1
14407,C,02559,MA,1140,2575,1
14408,C,32320,FL,1140,2104,1
14409,C,74855,OK,1140,1748,1
14410,C,72937,AR,1140,1633,1
14411,C,17846,PA,1140,1617,1
14412,C,37709,TN,1140,1613,1
14413,C,55741,MN,1140,1610,1
14414,C,43943,OH,1140,1579,1
14415,C,55357,MN,1140,1284,1
14416,C,73117,OK,1139,3402,0
14417,C,05091,VT,1139,2205,1
14418,C,83276,ID,1139,1856,1
14419,C,49916,MI,1139,1788,1
14420,C,12594,NY,1138,1605,1
14421,C,49715,MI,1137,1950,1
14422,C,49246,MI,1137,1467,1
14423,C,37183,TN,1137,1405,1
14424,C,68059,NE,1137,1369,1
14425,C,14710,NY,1136,2146,1
14426,C,70354,LA,1136,1741,1
14427,C,47161,IN,1136,1514,1
14428,C,49650,MI,1136,1451,1
14429,C,23069,VA,1136,1414,1
14430,C,18426,PA,1135,3973,0
14431,C,93646,CA,1135,2700,1
14432,C,10458,NY,1134,30592,0
14433,C,37150,TN,1134,2253,1
14434,C,32102,FL,1134,1789,1
14435,C,62939,IL,1134,1691,1
14436,C,28032,NC,1134,1664,1
14437,C,47334,IN,1134,1402,1
14438,C,97844,OR,1134,1396,1
14439,C,16116,PA,1134,1297,1
14440,C,13668,NY,1133,1494,0
14441,C,97385,OR,1133,1483,1
14442,C,79088,TX,1132,2253,0
14443,C,30104,GA,1132,1755,1
14444,C,70653,LA,1132,1666,0
14445,C,76524,TX,1132,1473,1
14446,C,48637,MI,1132,1319,1
14447,C,16507,PA,1131,4149,0
14448,C,73542,OK,1131,2254,0
14449,C,63873,MO,1131,2013,1
14450,C,45784,OH,1131,1384,1
14451,C,04008,ME,1131,1355,1
14452,C,44672,OH,1130,2670,1
14453,C,15557,PA,1130,2001,1
14454,C,63630,MO,1130,1771,0
14455,C,90038,CA,1129,14998,1
14456,C,31092,GA,1129,2402,1
14457,C,64776,MO,1129,2196,1
14458,C,94005,CA,1129,2101,1
14459,C,19029,PA,1129,1908,1
14460,C,49870,MI,1129,1649,1
14461,C,13033,NY,1129,1475,1
14462,C,46788,IN,1129,1215,1
14463,C,92250,CA,1128,2476,1
14464,C,03263,NH,1128,1868,1
14465,C,70748,LA,1128,1867,1
14466,C,77485,TX,1128,1831,1
14467,C,78593,TX,1128,1755,0
14468,C,41010,KY,1128,1729,1
14469,C,85193,AZ,1128,1650,1
14470,C,43310,OH,1128,1590,1
14471,C,61064,IL,1127,1842,1
14472,C,20764,MD,1127,1708,1
14473,C,14062,NY,1127,1489,0
14474,C,05489,VT,1127,1381,1
14475,C,26038,WV,1127,1269,1
14476,C,39202,MS,1126,4332,1
14477,C,77650,TX,1126,2829,1
14478,C,27379,NC,1126,2089,1
14479,C,29332,SC,1126,2063,1
14480,C,41006,KY,1126,1741,1
14481,C,51246,IA,1126,1616,1
14482,C,01984,MA,1126,1390,1
14483,C,07027,NJ,1125,2093,1
14484,C,64720,MO,1125,1735,1
14485,C,49614,MI,1124,1967,1
14486,C,78575,TX,1124,1902,1
14487,C,63650,MO,1124,1808,1
14488,C,27544,NC,1124,1760,1
14489,C,94018,CA,1124,1423,1
14490,C,18051,PA,1124,1349,1
14491,C,84017,UT,1123,2218,1
14492,C,38650,MS,1123,1985,0
14493,C,68632,NE,1123,1717,1
14494,C,13116,NY,1123,1467,1
14495,C,13354,NY,1123,1259,1
14496,C,03046,NH,1123,1200,1
14497,C,56435,MN,1122,2236,1
14498,C,74370,OK,1122,1794,1
14499,C,66534,KS,1122,1738,1
14500,C,68826,NE,1122,1635,1
14501,C,80951,CO,1122,1563,1
14502,C,01360,MA,1122,1415,1
14503,C,14605,NY,1121,5141,0
14504,C,46590,IN,1121,1969,1
14505,C,39897,GA,1121,1856,1
14506,C,50109,IA,1121,1450,1
14507,C,51040,IA,1120,1677,1
14508,C,04428,ME,1120,1526,1
14509,C,66861,KS,1119,1748,1
14510,C,62014,IL,1119,1584,1
14511,C,54414,WI,1119,1475,1
14512,C,79525,TX,1119,1241,0
14513,C,03827,NH,1119,1232,1
14514,C,48069,MI,1119,1201,1
14515,C,84101,UT,1118,5605,0
14516,C,35563,AL,1118,1928,1
14517,C,34289,FL,1118,1923,0
14518,C,83355,ID,1118,1730,1
14519,C,64856,MO,1118,1724,0
14520,C,36025,AL,1118,1545,1
14521,C,05777,VT,1118,1530,1
14522,C,28071,NC,1118,1528,1
14523,C,05763,VT,1118,1488,1
14524,C,29810,SC,1117,2268,0
14525,C,74954,OK,1117,2089,1
14526,C,01370,MA,1117,1945,1
14527,C,40019,KY,1117,1709,1
14528,C,32071,FL,1117,1562,0
14529,C,01521,MA,1117,1524,1
14530,C,56342,MN,1116,2409,1
14531,C,01560,MA,1116,2028,1
14532,C,39423,MS,1116,1419,0
14533,C,13167,NY,1116,1339,1
14534,C,13060,NY,1116,1329,1
14535,C,65039,MO,1116,1216,1
14536,C,71227,LA,1115,1624,1
14537,C,24137,VA,1114,2208,1
14538,C,75567,TX,1114,1821,0
14539,C,66743,KS,1113,1958,1
14540,C,62341,IL,1113,1612,1
14541,C,97753,OR,1113,1469,1
14542,C,45742,OH,1113,1372,1
14543,C,74965,OK,1112,2109,0
14544,C,73662,OK,1112,2014,0
14545,C,29643,SC,1112,1758,1
14546,C,74039,OK,1112,1673,1
14547,C,54101,WI,1112,1219,1
14548,C,78636,TX,1111,2101,1
14549,C,23944,VA,1111,2036,1
14550,C,16950,PA,1111,1959,0
14551,C,24381,VA,1111,1906,1
14552,C,62690,IL,1111,1716,1
14553,C,62069,IL,1111,1658,1
14554,C,24637,VA,1111,1532,1
14555,C,41168,KY,1111,1373,1
14556,C,44040,OH,1111,1228,1
14557,C,28654,NC,1110,1953,1
14558,C,66846,KS,1110,1816,0
14559,C,18446,PA,1110,1680,0
14560,C,44847,OH,1110,1657,1
14561,C,12865,NY,1110,1654,1
14562,C,53036,WI,1110,1380,1
14563,C,46773,IN,1110,1368,1
14564,C,32764,FL,1110,1353,1
14565,C,45883,OH,1110,1281,1
14566,C,56441,MN,1109,2155,1
14567,C,49056,MI,1109,1961,1
14568,C,32580,FL,1109,1936,1
14569,C,97918,OR,1109,1841,1
14570,C,17970,PA,1109,1831,0
14571,C,04953,ME,1109,1830,1
14572,C,04742,ME,1109,1668,0
14573,C,61084,IL,1109,1425,1
14574,C,23885,VA,1109,1308,1
14575,C,07460,NJ,1109,1220,1
14576,C,28433,NC,1108,1950,1
14577,C,62995,IL,1108,1904,1
14578,C,19967,DE,1108,1786,0
14579,C,28905,NC,1108,1656,1
14580,C,22625,VA,1108,1378,1
14581,C,62207,IL,1107,3395,0
14582,C,95423,CA,1107,2418,1
14583,C,99664,AK,1107,2171,1
14584,C,71429,LA,1107,2066,1
14585,C,19505,PA,1107,1441,1
14586,C,32343,FL,1107,1308,0
14587,C,47022,IN,1107,1137,1
14588,C,98339,WA,1106,1681,1
14589,C,23102,VA,1106,1296,1
14590,C,64070,MO,1106,1278,1
14591,C,95987,CA,1105,2144,1
14592,C,23690,VA,1105,1601,1
14593,C,76577,TX,1105,1591,1
14594,C,17252,PA,1105,1472,1
14595,C,47598,IN,1105,1383,1
14596,C,13439,NY,1104,2192,1
14597,C,68305,NE,1104,2023,1
14598,C,27883,NC,1103,1734,1
14599,C,49064,MI,1102,1746,1
14600,C,44643,OH,1102,1559,1
14601,C,95245,CA,1102,1443,1
14602,C,06232,CT,1102,1289,1
14603,C,46553,IN,1102,1236,1
14604,C,49449,MI,1101,2642,1
14605,C,35456,AL,1101,1853,1
14606,C,16346,PA,1101,1615,0
14607,C,55707,MN,1101,1581,1
14608,C,20119,VA,1101,1476,1
14609,C,43107,OH,1101,1406,1
14610,C,30222,GA,1100,2091,1
14611,C,76844,TX,1100,1889,0
14612,C,66839,KS,1100,1848,1
14613,C,61019,IL,1100,1553,1
14614,C,54984,WI,1099,2691,1
14615,C,81641,CO,1099,1899,1
14616,C,75446,TX,1099,1685,0
14617,C,35643,AL,1099,1423,1
14618,C,13862,NY,1098,1674,1
14619,C,28669,NC,1098,1417,1
14620,C,98051,WA,1098,1292,1
14621,C,53191,WI,1097,2277,1
14622,C,71038,LA,1097,2014,0
14623,C,04856,ME,1097,1959,1
14624,C,86025,AZ,1097,1921,1
14625,C,15014,PA,1097,1747,1
14626,C,76093,TX,1097,1496,1
14627,C,31046,GA,1097,1361,1
14628,C,17532,PA,1097,1268,1
14629,C,72046,AR,1096,1897,1
14630,C,35549,AL,1096,1796,0
14631,C,46932,IN,1096,1503,1
14632,C,15461,PA,1095,1693,0
14633,C,82636,WY,1095,1682,1
14634,C,13080,NY,1095,1681,1
14635,C,76225,TX,1095,1460,1
14636,C,32744,FL,1095,1411,1
14637,C,45064,OH,1095,1253,1
14638,C,37882,TN,1094,2455,1
14639,C,83254,ID,1094,1806,1
14640,C,31606,GA,1094,1558,1
14641,C,36273,AL,1094,1509,1
14642,C,54725,WI,1094,1405,1
14643,C,32730,FL,1093,3119,1
14644,C,56515,MN,1093,2861,1
14645,C,55072,MN,1093,2425,1
14646,C,27283,NC,1093,1383,1
14647,C,48140,MI,1093,1195,1
14648,C,43610,OH,1092,2470,1
14649,C,98244,WA,1092,1893,1
14650,C,47874,IN,1092,1415,1
14651,C,30205,GA,1092,1310,1
14652,C,04258,ME,1092,1186,1
14653,C,56484,MN,1091,2592,1
14654,C,03818,NH,1091,2174,1
14655,C,72576,AR,1091,1858,0
14656,C,38049,TN,1091,1800,1
14657,C,12154,NY,1091,1280,1
14658,C,29817,SC,1090,2232,0
14659,C,32535,FL,1090,2036,1
14660,C,24136,VA,1090,1720,1
14661,C,04357,ME,1090,1697,1
14662,C,04048,ME,1090,1565,1
14663,C,79311,TX,1090,1554,1
14664,C,65486,MO,1090,1479,1
14665,C,98240,WA,1090,1200,1
14666,C,02134,MA,1089,9027,1
14667,C,97913,OR,1089,2104,1
14668,C,46742,IN,1089,2071,1
14669,C,36033,AL,1089,2041,0
14670,C,84647,UT,1089,1747,1
14671,C,45130,OH,1089,1487,1
14672,C,50212,IA,1089,1419,1
14673,C,01827,MA,1089,1167,1
14674,C,49007,MI,1088,5102,1
14675,C,29638,SC,1088,1590,1
14676,C,64477,MO,1088,1584,1
14677,C,43517,OH,1088,1555,1
14678,C,31801,GA,1088,1238,1
14679,C,75486,TX,1088,1154,0
14680,C,34449,FL,1087,1986,1
14681,C,21660,MD,1087,1571,1
14682,C,14812,NY,1087,1345,0
14683,C,99556,AK,1086,1852,1
14684,C,95236,CA,1086,1851,1
14685,C,40734,KY,1086,1712,0
14686,C,50651,IA,1086,1650,1
14687,C,63736,MO,1086,1580,1
14688,C,55614,MN,1086,1529,1
14689,C,54107,WI,1086,1525,1
14690,C,53960,WI,1086,1510,1
14691,C,38034,TN,1086,1449,0
14692,C,28742,NC,1086,1323,1
14693,C,27864,NC,1085,2111,0
14694,C,59034,MT,1085,1987,1
14695,C,03839,NH,1085,1729,1
14696,C,20117,VA,1085,1643,1
14697,C,66512,KS,1085,1360,1
14698,C,06063,CT,1085,1273,1
14699,C,38915,MS,1084,1902,0
14700,C,97131,OR,1084,1809,1
14701,C,16254,PA,1084,1551,0
14702,C,95457,CA,1083,1801,1
14703,C,24380,VA,1083,1578,1
14704,C,03048,NH,1083,1560,1
14705,C,49012,MI,1083,1344,1
14706,C,49101,MI,1083,1343,1
14707,C,14719,NY,1082,1859,0
14708,C,21813,MD,1082,1604,1
14709,C,32420,FL,1082,1540,0
14710,C,28676,NC,1082,1536,1
14711,C,61753,IL,1082,1308,1
14712,C,01529,MA,1082,1262,1
14713,C,12918,NY,1082,1243,1
14714,C,56633,MN,1081,2547,1
14715,C,26456,WV,1081,1741,0
14716,C,46501,IN,1081,1595,1
14717,C,12074,NY,1081,1577,1
14718,C,38857,MS,1081,1530,1
14719,C,72132,AR,1081,1411,1
14720,C,38619,MS,1080,2579,1
14721,C,17048,PA,1080,1771,1
14722,C,26570,WV,1080,1579,0
14723,C,30555,GA,1080,1501,1
14724,C,18092,PA,1080,1249,1
14725,C,07064,NJ,1080,1210,1
14726,C,07933,NJ,1080,1163,1
14727,C,75414,TX,1079,1540,1
14728,C,45786,OH,1079,1312,1
14729,C,44843,OH,1079,1244,1
14730,C,21561,MD,1078,2471,1
14731,C,93270,CA,1078,1718,1
14732,C,95684,CA,1078,1576,1
14733,C,18972,PA,1078,1510,1
14734,C,37060,TN,1078,1287,1
14735,C,49637,MI,1077,1562,1
14736,C,04419,ME,1077,1318,1
14737,C,12835,NY,1076,2773,1
14738,C,18610,PA,1076,2117,0
14739,C,52052,IA,1076,1805,1
14740,C,62806,IL,1076,1537,0
14741,C,45813,OH,1076,1524,1
14742,C,97327,OR,1076,1407,1
14743,C,02108,MA,1075,2473,0
14744,C,35034,AL,1075,1705,0
14745,C,39451,MS,1075,1670,0
14746,C,37051,TN,1075,1605,1
14747,C,56087,MN,1075,1442,1
14748,C,04461,ME,1075,1426,1
14749,C,44840,OH,1075,1322,1
14750,C,80440,CO,1074,2509,1
14751,C,24330,VA,1074,1695,0
14752,C,27233,NC,1074,1332,1
14753,C,76877,TX,1073,2028,0
14754,C,63435,MO,1073,1895,1
14755,C,71836,AR,1073,1622,0
14756,C,10044,NY,1072,6004,0
14757,C,71857,AR,1072,2512,0
14758,C,49657,MI,1072,1568,1
14759,C,63037,MO,1072,1448,1
14760,C,05679,VT,1072,1362,1
14761,C,48179,MI,1071,1485,1
14762,C,25248,WV,1071,1451,0
14763,C,11796,NY,1071,1348,1
14764,C,28033,NC,1071,1267,1
14765,C,48755,MI,1070,2180,1
14766,C,62239,IL,1070,1813,1
14767,C,38057,TN,1070,1684,1
14768,C,69357,NE,1070,1615,1
14769,C,46536,IN,1070,1455,1
14770,C,93626,CA,1070,1260,1
14771,C,28773,NC,1069,2045,1
14772,C,17771,PA,1069,1639,1
14773,C,47164,IN,1069,1554,1
14774,C,17023,PA,1069,1453,1
14775,C,14471,NY,1068,2034,1
14776,C,35131,AL,1068,1705,1
14777,C,95045,CA,1068,1681,1
14778,C,62920,IL,1068,1407,1
14779,C,49096,MI,1068,1289,1
14780,C,50525,IA,1067,1852,1
14781,C,07927,NJ,1067,1825,1
14782,C,12138,NY,1067,1661,1
14783,C,49111,MI,1067,1600,1
14784,C,27281,NC,1067,1440,1
14785,C,53076,WI,1067,1268,1
14786,C,49237,MI,1067,1265,1
14787,C,08741,NJ,1067,1224,1
14788,C,55360,MN,1067,1158,1
14789,C,99737,AK,1066,2442,0
14790,C,98548,WA,1066,2348,1
14791,C,41537,KY,1066,1913,0
14792,C,70542,LA,1066,1614,1
14793,C,16925,PA,1066,1560,0
14794,C,45314,OH,1066,1460,1
14795,C,50622,IA,1066,1340,1
14796,C,23523,VA,1065,3472,1
14797,C,04614,ME,1065,2199,1
14798,C,16373,PA,1065,1787,0
14799,C,96754,HI,1065,1735,1
14800,C,24315,VA,1065,1592,0
14801,C,20776,MD,1065,1241,1
14802,C,08097,NJ,1065,1164,1
14803,C,11935,NY,1064,2018,1
14804,C,27937,NC,1064,1307,1
14805,C,73103,OK,1063,3489,1
14806,C,35053,AL,1063,2286,1
14807,C,35579,AL,1063,1525,0
14808,C,80758,CO,1063,1515,1
14809,C,98392,WA,1063,1497,1
14810,C,13044,NY,1063,1216,1
14811,C,36104,AL,1062,5265,1
14812,C,35592,AL,1062,2500,1
14813,C,71435,LA,1062,1691,1
14814,C,35989,AL,1062,1559,1
14815,C,01922,MA,1062,1253,1
14816,C,95663,CA,1062,1239,1
14817,C,40056,KY,1062,1228,1
14818,C,45686,OH,1061,1658,0
14819,C,13491,NY,1061,1526,0
14820,C,77363,TX,1061,1407,0
14821,C,48027,MI,1061,1255,1
14822,C,55390,MN,1061,1244,1
14823,C,55341,MN,1061,1184,1
14824,C,35143,AL,1060,1894,1
14825,C,35130,AL,1060,1760,1
14826,C,67063,KS,1060,1462,1
14827,C,36320,AL,1059,1700,1
14828,C,32462,FL,1059,1645,0
14829,C,30624,GA,1059,1577,1
14830,C,54141,WI,1059,1309,1
14831,C,21034,MD,1059,1199,1
14832,C,85145,AZ,1059,1158,0
14833,C,48467,MI,1058,2913,1
14834,C,61606,IL,1058,2898,1
14835,C,07756,NJ,1058,2831,1
14836,C,17948,PA,1058,2555,0
14837,C,95458,CA,1058,2113,1
14838,C,04076,ME,1058,2027,1
14839,C,38683,MS,1058,1919,0
14840,C,47868,IN,1058,1575,1
14841,C,05033,VT,1058,1476,1
14842,C,53075,WI,1058,1475,1
14843,C,55080,MN,1058,1363,1
14844,C,71957,AR,1057,2297,1
14845,C,65633,MO,1057,1533,1
14846,C,45623,OH,1057,1471,0
14847,C,52033,IA,1057,1399,1
14848,C,15052,PA,1057,1338,1
14849,C,48857,MI,1057,1259,1
14850,C,32324,FL,1056,1898,0
14851,C,04756,ME,1056,1854,0
14852,C,29039,SC,1056,1817,1
14853,C,71023,LA,1056,1694,1
14854,C,32096,FL,1056,1468,0
14855,C,65074,MO,1056,1262,1
14856,C,01128,MA,1056,1117,1
14857,C,08243,NJ,1055,6719,1
14858,C,53964,WI,1055,2122,1
14859,C,43447,OH,1055,1402,1
14860,C,15774,PA,1055,1367,0
14861,C,37335,TN,1055,1351,1
14862,C,45832,OH,1055,1288,1
14863,C,95633,CA,1055,1225,1
14864,C,04348,ME,1054,1891,1
14865,C,31566,GA,1054,1743,0
14866,C,95912,CA,1054,1630,1
14867,C,05655,VT,1054,1412,1
14868,C,68767,NE,1054,1397,1
14869,C,56358,MN,1054,1357,1
14870,C,96145,CA,1053,4915,1
14871,C,99688,AK,1053,3245,0
14872,C,14757,NY,1053,2181,1
14873,C,58523,ND,1053,1842,1
14874,C,12117,NY,1053,1767,1
14875,C,73438,OK,1053,1562,0
14876,C,26385,WV,1053,1419,0
14877,C,56467,MN,1052,2540,1
14878,C,03576,NH,1052,2318,1
14879,C,45167,OH,1052,1710,1
14880,C,30663,GA,1052,1442,1
14881,C,52645,IA,1052,1363,1
14882,C,46390,IN,1052,1278,1
14883,C,73007,OK,1052,1194,1
14884,C,38001,TN,1051,1928,0
14885,C,70776,LA,1051,1827,1
14886,C,84745,UT,1051,1507,1
14887,C,73105,OK,1050,3416,1
14888,C,14840,NY,1050,2774,1
14889,C,03598,NH,1050,2132,1
14890,C,54871,WI,1050,1914,1
14891,C,79027,TX,1050,1867,0
14892,C,56150,MN,1050,1335,1
14893,C,34734,FL,1050,1265,1
14894,C,64061,MO,1050,1259,1
14895,C,28480,NC,1049,2940,1
14896,C,80466,CO,1049,1971,1
14897,C,98253,WA,1049,1742,1
14898,C,43450,OH,1049,1666,1
14899,C,70071,LA,1049,1419,1
14900,C,55397,MN,1049,1250,1
14901,C,40037,KY,1049,1177,1
14902,C,49453,MI,1048,2113,1
14903,C,54161,WI,1048,2108,1
14904,C,73449,OK,1048,1771,1
14905,C,05735,VT,1048,1746,1
14906,C,15314,PA,1048,1576,1
14907,C,97623,OR,1048,1478,1
14908,C,35648,AL,1048,1400,1
14909,C,62664,IL,1048,1398,1
14910,C,63377,MO,1048,1294,1
14911,C,25661,WV,1047,2450,1
14912,C,73030,OK,1047,1929,1
14913,C,71068,LA,1047,1801,0
14914,C,50459,IA,1047,1341,1
14915,C,66542,KS,1047,1244,1
14916,C,78164,TX,1046,1796,0
14917,C,33839,FL,1046,1643,1
14918,C,43046,OH,1046,1539,1
14919,C,39041,MS,1046,1523,1
14920,C,62447,IL,1046,1522,1
14921,C,14807,NY,1046,1385,0
14922,C,19043,PA,1046,1309,1
14923,C,73651,OK,1045,2069,0
14924,C,97828,OR,1045,1707,1
14925,C,55353,MN,1045,1333,1
14926,C,43154,OH,1045,1223,1
14927,C,17860,PA,1045,1081,0
14928,C,70577,LA,1044,2042,1
14929,C,40347,KY,1044,1520,1
14930,C,54139,WI,1044,1403,1
14931,C,98862,WA,1043,2227,1
14932,C,46746,IN,1043,1602,1
14933,C,53156,WI,1043,1492,1
14934,C,07931,NJ,1043,1405,1
14935,C,83641,ID,1043,1397,1
14936,C,16156,PA,1043,1302,1
14937,C,35621,AL,1043,1271,1
14938,C,22737,VA,1043,1079,1
14939,C,96013,CA,1042,2025,1
14940,C,47581,IN,1042,1555,0
14941,C,73028,OK,1041,1562,0
14942,C,89040,NV,1040,1828,1
14943,C,87522,NM,1040,1588,0
14944,C,45629,OH,1040,1325,1
14945,C,08880,NJ,1039,1870,1
14946,C,84629,UT,1039,1806,1
14947,C,42647,KY,1039,1536,0
14948,C,71101,LA,1038,4548,0
14949,C,30711,GA,1038,1489,1
14950,C,67025,KS,1038,1376,1
14951,C,10998,NY,1038,1273,1
14952,C,71327,LA,1037,1851,1
14953,C,62016,IL,1037,1745,1
14954,C,43003,OH,1037,1492,1
14955,C,15944,PA,1037,1449,1
14956,C,44666,OH,1037,1235,1
14957,C,27929,NC,1037,1178,1
14958,C,76638,TX,1037,1174,1
14959,C,11976,NY,1036,2550,1
14960,C,15672,PA,1036,1675,1
14961,C,38449,TN,1036,1539,1
14962,C,16406,PA,1036,1473,0
14963,C,76487,TX,1036,1437,1
14964,C,44846,OH,1036,1334,1
14965,C,40045,KY,1035,1581,1
14966,C,55003,MN,1035,1213,1
14967,C,97042,OR,1035,1176,1
14968,C,76380,TX,1034,2196,0
14969,C,53941,WI,1034,1837,1
14970,C,73554,OK,1034,1688,0
14971,C,71921,AR,1034,1678,0
14972,C,71260,LA,1034,1666,0
14973,C,32798,FL,1034,1339,0
14974,C,41059,KY,1034,1286,1
14975,C,44275,OH,1034,1255,1
14976,C,70455,LA,1034,1219,1
14977,C,48022,MI,1034,1131,1
14978,C,78119,TX,1033,2375,0
14979,C,70549,LA,1033,1664,1
14980,C,78569,TX,1033,1459,0
14981,C,44491,OH,1033,1360,1
14982,C,61528,IL,1033,1158,1
14983,C,94612,CA,1032,11928,0
14984,C,04001,ME,1032,2321,1
14985,C,47340,IN,1032,1548,1
14986,C,87008,NM,1032,1173,1
14987,C,92285,CA,1031,2413,1
14988,C,66736,KS,1031,1815,0
14989,C,73742,OK,1031,1687,0
14990,C,74653,OK,1031,1625,0
14991,C,21849,MD,1031,1621,1
14992,C,06853,CT,1031,1412,1
14993,C,56373,MN,1031,1309,1
14994,C,27925,NC,1030,1893,0
14995,C,95442,CA,1030,1625,1
14996,C,61085,IL,1030,1459,1
14997,C,72847,AR,1030,1346,1
14998,C,97022,OR,1030,1338,1
14999,C,16262,PA,1030,1301,0
15000,C,29374,SC,1030,1228,1
15001,C,78597,TX,1029,5895,1
15002,C,11964,NY,1029,2483,0
15003,C,98851,WA,1029,2078,1
15004,C,72442,AR,1029,1833,1
15005,C,37888,TN,1029,1556,0
15006,C,47246,IN,1029,1462,1
15007,C,38620,MS,1029,1432,1
15008,C,46071,IN,1029,1373,1
15009,C,99559,AK,1028,2754,0
15010,C,42041,KY,1028,1998,1
15011,C,38603,MS,1028,1781,0
15012,C,41092,KY,1028,1247,1
15013,C,17329,PA,1028,1129,1
15014,C,56623,MN,1027,2074,1
15015,C,60518,IL,1027,1590,1
15016,C,70783,LA,1027,1559,1
15017,C,49233,MI,1027,1324,1
15018,C,06455,CT,1027,1235,1
15019,C,30808,GA,1026,1778,1
15020,C,72437,AR,1026,1533,1
15021,C,19507,PA,1026,1373,1
15022,C,77861,TX,1026,1363,1
15023,C,21837,MD,1026,1255,1
15024,C,49094,MI,1025,1710,1
15025,C,35447,AL,1025,1669,0
15026,C,58540,ND,1025,1515,1
15027,C,19555,PA,1025,1509,1
15028,C,29856,SC,1025,1207,0
15029,C,48414,MI,1025,1162,1
15030,C,75833,TX,1024,1852,0
15031,C,17063,PA,1024,1597,0
15032,C,55718,MN,1024,1251,1
15033,C,45054,OH,1024,1246,1
15034,C,75210,TX,1023,2824,0
15035,C,54810,WI,1023,2175,1
15036,C,36861,AL,1023,1982,1
15037,C,56096,MN,1023,1566,1
15038,C,58421,ND,1023,1504,1
15039,C,13131,NY,1023,1306,1
15040,C,76704,TX,1022,3703,0
15041,C,14733,NY,1022,1626,0
15042,C,76055,TX,1022,1372,0
15043,C,10974,NY,1022,1286,1
15044,C,98546,WA,1021,2012,1
15045,C,24954,WV,1021,1951,0
15046,C,97539,OR,1021,1738,1
15047,C,75144,TX,1021,1655,0
15048,C,79014,TX,1021,1642,1
15049,C,28344,NC,1021,1411,1
15050,C,06607,CT,1020,2696,0
15051,C,99686,AK,1020,1961,0
15052,C,30471,GA,1020,1945,1
15053,C,78010,TX,1020,1675,0
15054,C,49051,MI,1020,1076,1
15055,C,78941,TX,1019,1749,0
15056,C,50533,IA,1019,1681,1
15057,C,38330,TN,1019,1643,1
15058,C,48829,MI,1019,1366,1
15059,C,28454,NC,1019,1278,0
15060,C,97026,OR,1019,1196,1
15061,C,92539,CA,1018,2011,1
15062,C,56567,MN,1018,1497,1
15063,C,15445,PA,1018,1418,0
15064,C,49648,MI,1017,1985,1
15065,C,97818,OR,1017,1825,1
15066,C,52175,IA,1017,1790,1
15067,C,62075,IL,1017,1517,1
15068,C,49072,MI,1017,1336,1
15069,C,35133,AL,1017,1335,1
15070,C,44307,OH,1016,3488,1
15071,C,19405,PA,1016,2318,1
15072,C,23947,VA,1016,2068,1
15073,C,56172,MN,1016,1645,1
15074,C,16625,PA,1016,1626,0
15075,C,74966,OK,1016,1613,0
15076,C,52327,IA,1016,1474,1
15077,C,12966,NY,1016,1433,0
15078,C,85346,AZ,1015,2540,0
15079,C,74058,OK,1015,1831,0
15080,C,13317,NY,1015,1548,0
15081,C,25168,WV,1015,1341,0
15082,C,54180,WI,1015,1264,1
15083,C,71943,AR,1014,1833,0
15084,C,52339,IA,1014,1650,1
15085,C,47433,IN,1014,1623,1
15086,C,48145,MI,1014,1318,1
15087,C,65647,MO,1014,1309,0
15088,C,83014,WY,1013,2556,1
15089,C,06280,CT,1013,1517,1
15090,C,95938,CA,1013,1515,1
15091,C,56220,MN,1013,1372,1
15092,C,62428,IL,1013,1346,1
15093,C,78659,TX,1013,1339,0
15094,C,71103,LA,1012,3264,0
15095,C,72126,AR,1012,1782,1
15096,C,93451,CA,1012,1671,1
15097,C,30625,GA,1012,1485,1
15098,C,21915,MD,1012,1439,1
15099,C,50421,IA,1012,1418,1
15100,C,64098,MO,1012,1401,1
15101,C,62264,IL,1012,1390,1
15102,C,54440,WI,1012,1270,1
15103,C,55760,MN,1011,3385,1
15104,C,60472,IL,1011,2010,0
15105,C,45844,OH,1011,1189,1
15106,C,31063,GA,1010,2109,1
15107,C,35740,AL,1010,1744,1
15108,C,84511,UT,1010,1680,1
15109,C,01929,MA,1010,1527,1
15110,C,08092,NJ,1010,1475,1
15111,C,77830,TX,1010,1374,1
15112,C,44412,OH,1010,1160,1
15113,C,52208,IA,1009,1451,1
15114,C,32949,FL,1009,1216,1
15115,C,46204,IN,1008,6582,0
15116,C,22841,VA,1008,1269,1
15117,C,35462,AL,1007,2270,0
15118,C,76856,TX,1007,1886,0
15119,C,53910,WI,1007,1820,1
15120,C,22578,VA,1007,1812,1
15121,C,56554,MN,1007,1792,1
15122,C,38850,MS,1007,1537,0
15123,C,88316,NM,1007,1451,0
15124,C,86332,AZ,1007,1368,1
15125,C,20777,MD,1007,1062,1
15126,C,50025,IA,1006,1512,1
15127,C,98648,WA,1006,1460,1
15128,C,64840,MO,1006,1397,1
15129,C,03285,NH,1005,1982,1
15130,C,26261,WV,1005,1754,0
15131,C,40409,KY,1005,1626,0
15132,C,21132,MD,1005,1139,1
15133,C,49622,MI,1004,1945,1
15134,C,18237,PA,1004,1844,1
15135,C,76233,TX,1004,1433,1
15136,C,04981,ME,1004,1379,1
15137,C,31901,GA,1003,3971,1
15138,C,72021,AR,1003,1968,0
15139,C,54889,WI,1003,1812,1
15140,C,24092,VA,1003,1596,1
15141,C,38357,TN,1003,1436,1
15142,C,27054,NC,1002,1196,1
15143,C,26601,WV,1001,1927,0
15144,C,27844,NC,1001,1701,0
15145,C,40146,KY,1001,1646,0
15146,C,06756,CT,1001,1527,1
15147,C,98610,WA,1001,1459,1
15148,C,14012,NY,1001,1375,1
15149,C,77968,TX,1001,1309,1
15150,C,07641,NJ,1001,1186,1
15151,C,48740,MI,1000,1656,1
15152,C,75792,TX,1000,1434,0
15153,C,35171,AL,1000,1416,1
15154,C,70377,LA,1000,1364,0
15155,C,30182,GA,1000,1341,1
15156,C,85324,AZ,1000,1261,1
15157,C,48120,MI,999,2910,1
15158,C,26175,WV,999,1413,0
15159,C,04224,ME,999,1406,0
15160,C,49272,MI,999,1210,1
15161,C,49911,MI,998,1879,1
15162,C,13743,NY,998,1474,0
15163,C,72067,AR,997,2634,1
15164,C,71049,LA,997,1770,0
15165,C,72635,AR,997,1732,1
15166,C,13329,NY,997,1685,0
15167,C,29018,SC,997,1576,0
15168,C,61956,IL,997,1380,1
15169,C,46740,IN,997,1333,1
15170,C,50450,IA,996,1489,1
15171,C,43014,OH,996,1430,1
15172,C,16442,PA,996,1176,1
15173,C,47579,IN,996,1171,1
15174,C,69201,NE,995,2086,1
15175,C,46555,IN,995,1770,1
15176,C,53598,WI,995,1666,1
15177,C,35771,AL,995,1493,1
15178,C,13461,NY,995,1428,1
15179,C,67135,KS,995,1409,1
15180,C,68446,NE,995,1333,1
15181,C,43469,OH,995,1270,1
15182,C,02210,MA,994,5227,0
15183,C,32053,FL,994,1788,0
15184,C,28578,NC,994,1782,1
15185,C,56063,MN,994,1627,1
15186,C,41635,KY,994,1512,1
15187,C,24747,WV,994,1499,0
15188,C,65734,MO,994,1438,0
15189,C,53956,WI,994,1404,1
15190,C,61360,IL,994,1319,1
15191,C,11718,NY,994,1033,1
15192,C,93285,CA,993,2225,1
15193,C,94599,CA,993,1781,1
15194,C,47336,IN,993,1498,1
15195,C,32180,FL,993,1461,1
15196,C,31557,GA,993,1451,1
15197,C,55943,MN,993,1315,1
15198,C,53715,WI,992,5640,1
15199,C,70778,LA,992,1107,1
15200,C,07513,NJ,991,3299,0
15201,C,93222,CA,991,2241,1
15202,C,18822,PA,991,1569,0
15203,C,82937,WY,991,1293,1
15204,C,33834,FL,990,2024,0
15205,C,45159,OH,990,1383,1
15206,C,76682,TX,990,1319,0
15207,C,02367,MA,990,1253,1
15208,C,19529,PA,990,1248,1
15209,C,55769,MN,989,1491,1
15210,C,96755,HI,989,1329,0
15211,C,24486,VA,989,1242,1
15212,C,66066,KS,989,1158,1
15213,C,55354,MN,989,1151,1
15214,C,45214,OH,988,5028,1
15215,C,74538,OK,988,1898,0
15216,C,79356,TX,988,1892,0
15217,C,15059,PA,988,1796,1
15218,C,06069,CT,988,1741,1
15219,C,05068,VT,988,1707,1
15220,C,25962,WV,988,1608,0
15221,C,27559,NC,988,1246,1
15222,C,50643,IA,988,1156,1
15223,C,55415,MN,987,3124,0
15224,C,04619,ME,987,1603,0
15225,C,71454,LA,987,1464,0
15226,C,38341,TN,987,1406,0
15227,C,46938,IN,987,1311,1
15228,C,77801,TX,986,7221,1
15229,C,36603,AL,986,3880,0
15230,C,35221,AL,986,2183,0
15231,C,63624,MO,986,1734,1
15232,C,38873,MS,986,1557,0
15233,C,47523,IN,986,1440,1
15234,C,16038,PA,986,1327,1
15235,C,45325,OH,986,1073,1
15236,C,53205,WI,985,4164,0
15237,C,52653,IA,985,1596,1
15238,C,97396,OR,985,1473,1
15239,C,63627,MO,985,1334,1
15240,C,66539,KS,985,1207,1
15241,C,02556,MA,984,2751,1
15242,C,99001,WA,984,2739,1
15243,C,67045,KS,984,1788,0
15244,C,83332,ID,984,1435,1
15245,C,01522,MA,984,1199,1
15246,C,17240,PA,984,1190,1
15247,C,18942,PA,984,1179,1
15248,C,17536,PA,984,1150,1
15249,C,23950,VA,983,1828,1
15250,C,65248,MO,983,1815,1
15251,C,01436,MA,983,1331,1
15252,C,38221,TN,982,1954,1
15253,C,45771,OH,982,1748,0
15254,C,52738,IA,982,1387,1
15255,C,42413,KY,982,1190,1
15256,C,22644,VA,982,1115,1
15257,C,99148,WA,981,2099,1
15258,C,93675,CA,981,1436,1
15259,C,62237,IL,981,1246,1
15260,C,24556,VA,981,1134,1
15261,C,94305,CA,980,4223,1
15262,C,61531,IL,980,1414,1
15263,C,54005,WI,980,1320,1
15264,C,22958,VA,979,2914,1
15265,C,38329,TN,979,2086,1
15266,C,97368,OR,979,1668,1
15267,C,67449,KS,979,1564,1
15268,C,94951,CA,979,1554,1
15269,C,17980,PA,979,1447,1
15270,C,10548,NY,979,1401,1
15271,C,06384,CT,979,1262,1
15272,C,96137,CA,978,3948,1
15273,C,18834,PA,978,1999,0
15274,C,36442,AL,978,1905,0
15275,C,97463,OR,978,1775,1
15276,C,75630,TX,978,1589,0
15277,C,14821,NY,978,1357,1
15278,C,86320,AZ,978,1349,0
15279,C,77664,TX,978,1316,0
15280,C,91962,CA,978,1215,1
15281,C,04061,ME,978,1186,1
15282,C,61046,IL,977,1916,1
15283,C,76651,TX,977,1539,1
15284,C,04861,ME,977,1445,1
15285,C,08752,NJ,976,4137,1
15286,C,42055,KY,976,1658,1
15287,C,12546,NY,976,1594,1
15288,C,50115,IA,976,1344,1
15289,C,52214,IA,976,1339,1
15290,C,61517,IL,976,1184,1
15291,C,75237,TX,975,8790,0
15292,C,07720,NJ,975,2836,1
15293,C,93501,CA,975,2416,1
15294,C,84627,UT,975,1909,1
15295,C,44822,OH,975,1479,1
15296,C,24085,VA,975,1281,1
15297,C,49953,MI,974,1909,1
15298,C,31078,GA,974,1884,0
15299,C,96055,CA,974,1708,1
15300,C,38316,TN,974,1338,0
15301,C,18250,PA,974,1312,1
15302,C,36925,AL,973,1974,0
15303,C,61434,IL,973,1439,1
15304,C,73121,OK,973,1411,1
15305,C,08020,NJ,973,1011,1
15306,C,32322,FL,972,2258,1
15307,C,93643,CA,972,1630,1
15308,C,37853,TN,972,1608,1
15309,C,71749,AR,972,1492,0
15310,C,14111,NY,972,1390,1
15311,C,72102,AR,972,1316,0
15312,C,43416,OH,972,1236,1
15313,C,47115,IN,972,1215,1
15314,C,02111,MA,971,4535,0
15315,C,84317,UT,971,2296,1
15316,C,12051,NY,971,1732,1
15317,C,74030,OK,971,1675,0
15318,C,11977,NY,971,1594,1
15319,C,17509,PA,971,1505,1
15320,C,14435,NY,971,1490,1
15321,C,53573,WI,971,1452,1
15322,C,95004,CA,971,1371,1
15323,C,47229,IN,971,1205,1
15324,C,84340,UT,971,1139,1
15325,C,45218,OH,970,1595,1
15326,C,98564,WA,970,1563,1
15327,C,75790,TX,970,1536,1
15328,C,65770,MO,970,1212,1
15329,C,77050,TX,969,1846,0
15330,C,16049,PA,969,1544,0
15331,C,35178,AL,969,1527,1
15332,C,74764,OK,969,1407,0
15333,C,55307,MN,969,1398,1
15334,C,76476,TX,969,1230,1
15335,C,43001,OH,969,1195,1
15336,C,89883,NV,968,2156,1
15337,C,54941,WI,968,1915,1
15338,C,65438,MO,968,1417,0
15339,C,57532,SD,968,1405,1
15340,C,62281,IL,968,1103,1
15341,C,50216,IA,967,1825,1
15342,C,96035,CA,967,1747,1
15343,C,81326,CO,967,1354,1
15344,C,27852,NC,967,1213,1
15345,C,49305,MI,966,1647,1
15346,C,54773,WI,966,1498,1
15347,C,66763,KS,966,1498,1
15348,C,53058,WI,966,1485,1
15349,C,52328,IA,966,1036,1
15350,C,48216,MI,965,3398,0
15351,C,48427,MI,965,1645,1
15352,C,12083,NY,965,1492,1
15353,C,94704,CA,964,9722,1
15354,C,13754,NY,964,1990,0
15355,C,11732,NY,964,1504,1
15356,C,13480,NY,964,1436,0
15357,C,24527,VA,964,1351,1
15358,C,35958,AL,964,1336,1
15359,C,61540,IL,964,1298,1
15360,C,64106,MO,963,5998,0
15361,C,96748,HI,963,2122,0
15362,C,07857,NJ,963,1973,1
15363,C,46929,IN,963,1429,1
15364,C,75433,TX,963,1336,0
15365,C,29487,SC,963,1266,1
15366,C,46504,IN,963,1232,1
15367,C,07114,NJ,962,4694,0
15368,C,48654,MI,962,1989,1
15369,C,66757,KS,962,1666,0
15370,C,21562,MD,962,1517,1
15371,C,77880,TX,962,1458,0
15372,C,38870,MS,962,1456,1
15373,C,57025,SD,962,1318,1
15374,C,07524,NJ,961,4670,0
15375,C,43324,OH,961,1697,1
15376,C,26059,WV,961,1501,0
15377,C,91906,CA,961,1336,1
15378,C,55971,MN,961,1326,1
15379,C,43917,OH,961,1225,1
15380,C,16154,PA,961,1022,1
15381,C,50627,IA,960,1598,1
15382,C,79329,TX,960,1473,1
15383,C,62952,IL,960,1375,1
15384,C,56359,MN,959,2072,1
15385,C,56465,MN,959,1749,1
15386,C,89415,NV,959,1684,1
15387,C,85539,AZ,959,1674,0
15388,C,37308,TN,959,1390,1
15389,C,16157,PA,959,1368,0
15390,C,18214,PA,959,1084,1
15391,C,74343,OK,958,1507,1
15392,C,62694,IL,958,1438,1
15393,C,92536,CA,958,1400,1
15394,C,44402,OH,958,1251,1
15395,C,55768,MN,957,1344,1
15396,C,15935,PA,957,1282,0
15397,C,53015,WI,957,1139,1
15398,C,20712,MD,956,4271,1
15399,C,23868,VA,956,2257,1
15400,C,54847,WI,956,2176,1
15401,C,24236,VA,956,1716,1
15402,C,47359,IN,956,1530,1
15403,C,46982,IN,956,1445,1
15404,C,16145,PA,956,1324,0
15405,C,48835,MI,956,1119,1
15406,C,23919,VA,955,2679,1
15407,C,18344,PA,955,1621,1
15408,C,75770,TX,955,1360,0
15409,C,36279,AL,955,1275,1
15410,C,43518,OH,955,1167,1
15411,C,73149,OK,954,2288,1
15412,C,93267,CA,954,1686,1
15413,C,04254,ME,954,1676,0
15414,C,30421,GA,954,1541,0
15415,C,54228,WI,954,1284,1
15416,C,50170,IA,954,1231,1
15417,C,49277,MI,954,1134,1
15418,C,94038,CA,954,1007,1
15419,C,20623,MD,954,968,1
15420,C,93430,CA,953,2707,1
15421,C,62922,IL,953,1430,1
15422,C,55395,MN,953,1277,1
15423,C,53153,WI,953,1094,1
15424,C,03855,NH,952,1648,1
15425,C,01237,MA,952,1431,1
15426,C,61053,IL,952,1399,1
15427,C,37852,TN,952,1336,0
15428,C,72858,AR,952,1223,1
15429,C,43749,OH,952,1183,1
15430,C,62097,IL,952,1144,1
15431,C,20861,MD,952,1007,1
15432,C,10452,NY,951,28854,0
15433,C,54814,WI,951,1902,1
15434,C,53933,WI,951,1793,1
15435,C,81054,CO,951,1791,1
15436,C,54968,WI,951,1661,1
15437,C,70450,LA,951,1527,0
15438,C,78631,TX,951,1462,1
15439,C,16248,PA,951,1438,0
15440,C,42757,KY,951,1438,0
15441,C,75453,TX,951,1298,1
15442,C,39044,MS,951,1249,1
15443,C,11568,NY,951,1090,0
15444,C,81223,CO,950,1767,1
15445,C,15728,PA,950,1538,0
15446,C,55767,MN,950,1534,1
15447,C,68873,NE,950,1472,1
15448,C,46349,IN,950,1351,1
15449,C,56062,MN,950,1309,1
15450,C,94037,CA,950,1226,1
15451,C,17744,PA,950,1203,1
15452,C,60040,IL,949,1969,1
15453,C,74571,OK,949,1772,0
15454,C,38841,MS,949,1470,1
15455,C,79068,TX,949,1430,1
15456,C,36750,AL,949,1224,1
15457,C,22728,VA,949,1223,1
15458,C,60940,IL,949,1173,1
15459,C,38463,TN,949,1165,0
15460,C,42274,KY,949,1082,1
15461,C,10454,NY,948,15397,0
15462,C,71275,LA,948,1489,0
15463,C,49283,MI,948,1383,1
15464,C,49310,MI,948,1175,1
15465,C,78118,TX,947,1746,0
15466,C,62353,IL,947,1585,1
15467,C,66615,KS,947,1566,1
15468,C,59011,MT,947,1537,1
15469,C,37352,TN,947,1493,1
15470,C,66054,KS,947,1226,1
15471,C,61011,IL,947,1025,1
15472,C,31055,GA,946,2139,0
15473,C,26362,WV,946,1371,0
15474,C,61281,IL,946,1146,1
15475,C,23917,VA,945,1769,1
15476,C,54950,WI,945,1357,1
15477,C,98857,WA,945,1355,1
15478,C,61238,IL,945,1158,1
15479,C,61748,IL,945,1108,1
15480,C,46068,IN,945,1048,1
15481,C,74120,OK,944,3308,1
15482,C,38317,TN,944,1481,0
15483,C,51445,IA,944,1372,1
15484,C,44452,OH,944,1166,1
15485,C,17365,PA,944,1153,1
15486,C,38553,TN,944,1030,1
15487,C,74455,OK,943,1865,0
15488,C,38075,TN,943,1624,0
15489,C,14521,NY,943,1566,1
15490,C,74454,OK,943,1403,0
15491,C,03237,NH,943,1340,1
15492,C,61250,IL,943,1274,1
15493,C,30170,GA,943,1149,1
15494,C,03258,NH,943,1097,1
15495,C,71654,AR,942,2058,1
15496,C,13825,NY,942,1573,1
15497,C,43758,OH,942,1394,0
15498,C,55783,MN,941,1820,1
15499,C,54534,WI,941,1719,1
15500,C,95461,CA,941,1646,1
15501,C,61273,IL,941,1221,1
15502,C,44086,OH,941,1071,1
15503,C,70113,LA,940,5512,1
15504,C,97734,OR,940,2047,1
15505,C,13730,NY,940,1595,0
15506,C,62858,IL,940,1424,0
15507,C,32087,FL,940,1377,0
15508,C,30206,GA,940,1271,1
15509,C,27970,NC,939,1791,1
15510,C,88231,NM,939,1449,0
15511,C,74347,OK,939,1357,0
15512,C,60541,IL,939,1189,1
15513,C,40370,KY,939,1187,1
15514,C,50169,IA,939,1161,1
15515,C,93602,CA,938,1590,1
15516,C,27024,NC,938,1476,1
15517,C,79086,TX,938,1453,0
15518,C,64644,MO,938,1394,1
15519,C,79501,TX,938,1386,0
15520,C,04427,ME,938,1288,1
15521,C,78662,TX,938,1270,0
15522,C,47471,IN,938,1242,0
15523,C,16222,PA,938,1224,0
15524,C,72020,AR,937,1550,0
15525,C,78655,TX,937,1534,1
15526,C,72127,AR,937,1324,1
15527,C,35586,AL,936,1885,0
15528,C,99833,AK,936,1871,1
15529,C,75572,TX,936,1556,0
15530,C,48417,MI,936,1064,1
15531,C,76102,TX,935,5629,0
15532,C,10069,NY,935,3647,0
15533,C,58763,ND,935,2337,0
15534,C,78417,TX,935,1627,0
15535,C,35973,AL,935,1490,1
15536,C,17563,PA,935,1209,1
15537,C,52227,IA,935,1121,1
15538,C,61020,IL,935,1102,1
15539,C,36879,AL,935,1087,1
15540,C,32442,FL,934,1605,1
15541,C,75058,TX,934,1265,1
15542,C,80536,CO,933,1395,1
15543,C,17572,PA,933,1267,1
15544,C,29475,SC,933,1207,0
15545,C,48725,MI,932,2703,1
15546,C,12520,NY,932,1359,1
15547,C,36043,AL,932,1325,1
15548,C,17938,PA,932,1236,1
15549,C,40486,KY,932,1155,0
15550,C,97358,OR,932,1100,1
15551,C,79843,TX,931,1639,0
15552,C,56438,MN,931,1475,1
15553,C,26415,WV,931,1325,0
15554,C,75681,TX,931,1323,0
15555,C,54466,WI,930,1431,1
15556,C,04757,ME,930,1326,1
15557,C,44428,OH,930,1294,1
15558,C,51546,IA,929,1287,1
15559,C,01096,MA,929,1214,1
15560,C,43718,OH,929,1159,1
15561,C,20733,MD,929,1115,1
15562,C,53515,WI,929,1114,1
15563,C,53048,WI,928,1639,1
15564,C,13667,NY,928,1597,0
15565,C,66748,KS,928,1344,0
15566,C,35172,AL,928,1301,1
15567,C,15456,PA,928,1163,0
15568,C,63382,MO,927,1560,1
15569,C,30828,GA,927,1519,0
15570,C,14125,NY,927,1470,1
15571,C,23958,VA,927,1451,0
15572,C,58054,ND,927,1393,1
15573,C,37317,TN,927,1371,1
15574,C,70079,LA,927,1349,1
15575,C,97019,OR,927,1207,1
15576,C,04363,ME,927,1183,1
15577,C,50472,IA,927,1151,1
15578,C,54558,WI,926,2655,1
15579,C,23603,VA,926,1671,0
15580,C,59729,MT,926,1636,1
15581,C,48891,MI,926,1268,1
15582,C,31019,GA,926,1229,1
15583,C,27046,NC,926,1190,1
15584,C,22534,VA,926,1153,1
15585,C,11724,NY,926,1059,1
15586,C,43604,OH,925,5868,0
15587,C,10926,NY,925,1495,1
15588,C,46030,IN,925,1331,1
15589,C,54629,WI,925,1239,1
15590,C,71743,AR,924,1661,0
15591,C,67544,KS,924,1562,1
15592,C,15563,PA,924,1525,1
15593,C,64862,MO,924,1498,1
15594,C,59865,MT,924,1382,1
15595,C,32767,FL,924,1198,1
15596,C,66402,KS,924,1161,1
15597,C,41063,KY,924,1081,1
15598,C,73460,OK,923,1898,0
15599,C,56278,MN,923,1565,1
15600,C,41514,KY,923,1510,1
15601,C,45744,OH,923,1310,0
15602,C,72952,AR,923,1020,1
15603,C,42519,KY,922,2144,1
15604,C,42635,KY,922,1678,0
15605,C,95329,CA,922,1402,1
15606,C,83210,ID,922,1325,1
15607,C,18240,PA,921,1783,0
15608,C,07721,NJ,921,1687,1
15609,C,74647,OK,921,1523,0
15610,C,65231,MO,921,1279,1
15611,C,45645,OH,921,1122,0
15612,C,99166,WA,920,1682,1
15613,C,29685,SC,920,1520,0
15614,C,03278,NH,920,1507,1
15615,C,16371,PA,920,1477,0
15616,C,75432,TX,920,1380,0
15617,C,49766,MI,920,1257,1
15618,C,46065,IN,920,1224,1
15619,C,17502,PA,920,1030,1
15620,C,94525,CA,919,1837,1
15621,C,59425,MT,919,1771,1
15622,C,70589,LA,919,1522,1
15623,C,54738,WI,919,1349,1
15624,C,03447,NH,919,1285,1
15625,C,54446,WI,919,1207,1
15626,C,15110,PA,918,2939,0
15627,C,74035,OK,918,1573,0
15628,C,24656,VA,918,1554,0
15629,C,24271,VA,918,1546,0
15630,C,72554,AR,918,1522,0
15631,C,77871,TX,918,1489,0
15632,C,44451,OH,918,1396,1
15633,C,28385,NC,918,1307,1
15634,C,49032,MI,918,1155,1
15635,C,04353,ME,918,1126,1
15636,C,95311,CA,917,1441,1
15637,C,53139,WI,917,1109,1
15638,C,16844,PA,917,1106,1
15639,C,05656,VT,916,1447,1
15640,C,83352,ID,916,1300,1
15641,C,98568,WA,916,1217,1
15642,C,64019,MO,916,1039,1
15643,C,65806,MO,915,8049,1
15644,C,96725,HI,915,1690,1
15645,C,16731,PA,915,1311,0
15646,C,44430,OH,915,1297,1
15647,C,75416,TX,915,1257,0
15648,C,29126,SC,915,1186,1
15649,C,01542,MA,915,1052,1
15650,C,64658,MO,914,1411,0
15651,C,87016,NM,914,1390,0
15652,C,15046,PA,914,1135,1
15653,C,49777,MI,913,1815,1
15654,C,13411,NY,913,1484,0
15655,C,49234,MI,913,1234,1
15656,C,60520,IL,913,1212,1
15657,C,37373,TN,913,1142,1
15658,C,10037,NY,912,11218,0
15659,C,42031,KY,912,1735,0
15660,C,28763,NC,912,1530,1
15661,C,44288,OH,912,1384,1
15662,C,75925,TX,911,1559,0
15663,C,17267,PA,911,1266,1
15664,C,20751,MD,911,1128,1
15665,C,17954,PA,910,2290,0
15666,C,28622,NC,910,1896,1
15667,C,38477,TN,910,1348,1
15668,C,46910,IN,910,1196,1
15669,C,08063,NJ,910,1144,1
15670,C,52336,IA,910,1129,1
15671,C,67144,KS,910,1112,1
15672,C,55047,MN,910,1062,1
15673,C,79521,TX,909,1981,0
15674,C,38922,MS,909,1867,0
15675,C,49887,MI,909,1727,1
15676,C,84021,UT,909,1681,0
15677,C,46747,IN,909,1269,1
15678,C,28167,NC,909,1234,1
15679,C,48460,MI,909,1107,1
15680,C,42653,KY,908,1728,0
15681,C,63445,MO,908,1649,0
15682,C,77983,TX,908,1492,0
15683,C,58474,ND,908,1205,1
15684,C,17772,PA,908,1090,0
15685,C,54538,WI,907,2835,1
15686,C,87935,NM,907,1938,1
15687,C,65338,MO,907,1667,1
15688,C,75163,TX,907,1596,1
15689,C,06751,CT,907,1499,1
15690,C,73572,OK,907,1483,1
15691,C,37806,TN,907,1461,1
15692,C,79411,TX,906,3474,1
15693,C,98831,WA,906,2253,1
15694,C,27830,NC,906,2083,1
15695,C,77702,TX,906,1624,1
15696,C,59872,MT,906,1300,1
15697,C,44704,OH,905,1992,0
15698,C,31089,GA,905,1963,1
15699,C,49629,MI,905,1696,1
15700,C,24639,VA,905,1673,0
15701,C,38917,MS,905,1669,0
15702,C,14098,NY,905,1591,1
15703,C,26287,WV,905,1472,0
15704,C,83313,ID,905,1410,1
15705,C,62288,IL,905,1337,1
15706,C,82426,WY,905,1300,1
15707,C,05048,VT,905,1177,1
15708,C,67039,KS,905,1174,1
15709,C,83422,ID,904,2061,1
15710,C,63834,MO,904,1778,1
15711,C,78832,TX,904,1548,0
15712,C,20664,MD,904,1524,1
15713,C,67335,KS,904,1506,0
15714,C,18630,PA,904,1495,0
15715,C,05055,VT,904,1370,1
15716,C,32443,FL,904,1206,0
15717,C,27311,NC,903,1596,1
15718,C,26588,WV,903,1359,0
15719,C,04456,ME,903,1299,1
15720,C,17562,PA,903,1229,1
15721,C,75423,TX,903,1213,1
15722,C,40516,KY,903,1131,1
15723,C,35218,AL,902,3274,0
15724,C,49095,MI,902,1345,1
15725,C,56024,MN,902,1343,1
15726,C,37375,TN,902,1282,1
15727,C,83347,ID,902,1267,1
15728,C,49259,MI,902,1230,1
15729,C,34705,FL,902,1182,1
15730,C,50072,IA,902,1103,1
15731,C,60157,IL,902,920,1
15732,C,23510,VA,901,4948,1
15733,C,96020,CA,901,1994,1
15734,C,04640,ME,901,1454,1
15735,C,38450,TN,901,1432,0
15736,C,54437,WI,901,1354,1
15737,C,30511,GA,901,1305,1
15738,C,61842,IL,901,1145,1
15739,C,04463,ME,900,1950,0
15740,C,75778,TX,900,1731,0
15741,C,70515,LA,900,1498,0
15742,C,14081,NY,900,1470,0
15743,C,56175,MN,900,1373,1
15744,C,75750,TX,900,1318,1
15745,C,46940,IN,900,1265,1
15746,C,28088,NC,900,1233,1
15747,C,13746,NY,900,1145,0
15748,C,72101,AR,899,1469,0
15749,C,01235,MA,899,1433,1
15750,C,99326,WA,899,1413,1
15751,C,30256,GA,899,1156,1
15752,C,35234,AL,898,2588,0
15753,C,01518,MA,898,1291,1
15754,C,53183,WI,898,1117,1
15755,C,74435,OK,897,1686,0
15756,C,75571,TX,897,1216,0
15757,C,75980,TX,896,1855,0
15758,C,64640,MO,896,1802,1
15759,C,40322,KY,896,1626,0
15760,C,25123,WV,896,1473,0
15761,C,18405,PA,896,1421,0
15762,C,19941,DE,896,1273,1
15763,C,12850,NY,896,1248,1
15764,C,42518,KY,895,2152,1
15765,C,15926,PA,895,1512,1
15766,C,82431,WY,895,1482,1
15767,C,05476,VT,895,1469,1
15768,C,45390,OH,895,1434,1
15769,C,56477,MN,895,1394,1
15770,C,18076,PA,895,1327,1
15771,C,08804,NJ,895,1230,1
15772,C,46770,IN,895,1090,1
15773,C,51239,IA,895,1053,1
15774,C,54872,WI,894,2056,1
15775,C,65281,MO,894,1408,0
15776,C,67637,KS,894,1277,1
15777,C,46044,IN,894,1121,1
15778,C,71744,AR,893,1669,0
15779,C,15954,PA,893,1175,0
15780,C,97101,OR,892,1397,1
15781,C,07077,NJ,892,1302,1
15782,C,15928,PA,892,1030,1
15783,C,61422,IL,891,1607,1
15784,C,24248,VA,891,1433,0
15785,C,96114,CA,891,1426,1
15786,C,30734,GA,891,1391,1
15787,C,17747,PA,891,1333,0
15788,C,50054,IA,891,1250,1
15789,C,65740,MO,890,1634,1
15790,C,54732,WI,890,1243,1
15791,C,51455,IA,890,1132,1
15792,C,52253,IA,890,1125,1
15793,C,02668,MA,889,1315,1
15794,C,31778,GA,889,1218,1
15795,C,17889,PA,889,1118,1
15796,C,21661,MD,888,1737,1
15797,C,16946,PA,888,1300,0
15798,C,49340,MI,888,1281,1
15799,C,01337,MA,888,1176,1
15800,C,48201,MI,887,9900,0
15801,C,69145,NE,887,1407,1
15802,C,12075,NY,887,1348,1
15803,C,25976,WV,887,1174,0
15804,C,24324,VA,887,1135,1
15805,C,31091,GA,886,1442,0
15806,C,73632,OK,886,1431,1
15807,C,18325,PA,886,1415,0
15808,C,53929,WI,886,1315,1
15809,C,50423,IA,886,1277,1
15810,C,52356,IA,886,1228,1
15811,C,97136,OR,885,2795,1
15812,C,67062,KS,885,1700,1
15813,C,32759,FL,885,1471,1
15814,C,52162,IA,885,1406,1
15815,C,35118,AL,885,1335,1
15816,C,68739,NE,885,1210,1
15817,C,62442,IL,885,1179,1
15818,C,65769,MO,885,1118,1
15819,C,63103,MO,884,5990,0
15820,C,73098,OK,884,1648,0
15821,C,72016,AR,884,1401,1
15822,C,57274,SD,884,1349,1
15823,C,80467,CO,884,1338,1
15824,C,95982,CA,884,1150,1
15825,C,95669,CA,884,1067,1
15826,C,16637,PA,884,1058,0
15827,C,03224,NH,884,995,1
15828,C,24016,VA,883,5602,1
15829,C,53184,WI,883,1644,1
15830,C,25130,WV,883,1623,1
15831,C,03269,NH,883,1571,1
15832,C,71465,LA,883,1368,0
15833,C,45882,OH,883,1226,1
15834,C,84642,UT,883,1216,1
15835,C,72142,AR,883,1183,1
15836,C,57030,SD,883,1155,1
15837,C,56340,MN,883,1013,1
15838,C,68347,NE,883,935,1
15839,C,35442,AL,882,2149,0
15840,C,05673,VT,882,1872,1
15841,C,37409,TN,882,1719,1
15842,C,62822,IL,882,1451,1
15843,C,37145,TN,882,1130,1
15844,C,47520,IN,881,1407,1
15845,C,27939,NC,881,1324,1
15846,C,14560,NY,881,1279,1
15847,C,62082,IL,881,1242,1
15848,C,28125,NC,881,1179,1
15849,C,21757,MD,881,1129,1
15850,C,55955,MN,881,976,1
15851,C,10005,NY,880,6495,0
15852,C,12547,NY,880,1358,1
15853,C,28525,NC,880,1312,1
15854,C,54499,WI,880,1281,1
15855,C,49639,MI,880,1270,1
15856,C,62550,IL,880,1224,1
15857,C,44645,OH,880,1038,1
15858,C,03810,NH,879,2494,1
15859,C,54859,WI,879,2358,1
15860,C,95485,CA,879,1322,1
15861,C,50250,IA,879,1163,1
15862,C,50261,IA,879,1067,1
15863,C,80133,CO,879,1065,1
15864,C,98402,WA,878,4788,0
15865,C,54421,WI,878,1291,1
15866,C,15618,PA,878,1171,0
15867,C,01050,MA,878,1166,1
15868,C,16353,PA,877,3694,0
15869,C,68620,NE,877,1352,1
15870,C,70532,LA,877,1280,0
15871,C,54658,WI,877,1155,1
15872,C,15955,PA,877,1034,0
15873,C,54817,WI,876,2414,1
15874,C,22427,VA,876,1643,1
15875,C,75661,TX,876,1642,0
15876,C,14755,NY,876,1487,0
15877,C,36850,AL,876,1410,0
15878,C,61858,IL,876,1257,1
15879,C,55940,MN,876,1186,1
15880,C,48615,MI,876,1158,1
15881,C,05032,VT,875,1500,1
15882,C,28679,NC,875,1443,1
15883,C,80734,CO,875,1356,1
15884,C,17264,PA,875,1327,0
15885,C,78940,TX,875,1269,0
15886,C,18332,PA,875,1226,0
15887,C,48449,MI,875,1075,1
15888,C,07418,NJ,875,881,1
15889,C,33973,FL,874,4286,1
15890,C,39153,MS,874,1368,0
15891,C,48659,MI,874,1300,1
15892,C,62216,IL,874,1093,1
15893,C,62501,IL,874,1060,1
15894,C,97227,OR,873,3835,1
15895,C,27816,NC,873,1474,0
15896,C,71346,LA,873,1424,1
15897,C,04355,ME,873,1335,1
15898,C,16123,PA,873,1024,1
15899,C,26288,WV,872,1853,0
15900,C,13691,NY,872,1692,0
15901,C,12567,NY,872,1434,1
15902,C,51023,IA,872,1350,1
15903,C,45814,OH,872,1151,1
15904,C,33136,FL,871,7994,1
15905,C,97049,OR,871,2164,1
15906,C,05860,VT,871,1670,1
15907,C,26253,WV,871,1447,0
15908,C,29321,SC,871,1318,1
15909,C,44401,OH,871,1062,1
15910,C,04654,ME,870,1928,1
15911,C,18470,PA,870,1620,0
15912,C,79081,TX,870,1525,1
15913,C,53570,WI,870,1223,1
15914,C,41039,KY,870,1202,0
15915,C,48819,MI,870,950,1
15916,C,33476,FL,869,2318,0
15917,C,59474,MT,869,1580,1
15918,C,81648,CO,869,1351,1
15919,C,43748,OH,869,1175,0
15920,C,51039,IA,869,1075,1
15921,C,64054,MO,868,1674,1
15922,C,74547,OK,868,1501,0
15923,C,53811,WI,868,1401,1
15924,C,40759,KY,868,1308,0
15925,C,15545,PA,868,1247,0
15926,C,30293,GA,868,1228,1
15927,C,38321,TN,868,1177,0
15928,C,14561,NY,868,1004,1
15929,C,98812,WA,867,1898,1
15930,C,74872,OK,867,1422,0
15931,C,31637,GA,867,1360,0
15932,C,79041,TX,867,1316,0
15933,C,41222,KY,867,1273,0
15934,C,56065,MN,867,1107,1
15935,C,21155,MD,867,1098,1
15936,C,54247,WI,867,1093,1
15937,C,55027,MN,867,1028,1
15938,C,98856,WA,866,1544,1
15939,C,56381,MN,866,1393,1
15940,C,36453,AL,866,1115,0
15941,C,43516,OH,866,1104,1
15942,C,47633,IN,866,1020,1
15943,C,88346,NM,865,1673,0
15944,C,75846,TX,865,1492,0
15945,C,97041,OR,865,1443,1
15946,C,22435,VA,865,1339,1
15947,C,67013,KS,865,1262,1
15948,C,12926,NY,865,1176,0
15949,C,49060,MI,865,1144,1
15950,C,47383,IN,865,1039,1
15951,C,52206,IA,865,938,1
15952,C,18709,PA,864,1648,1
15953,C,17344,PA,864,1526,1
15954,C,68405,NE,864,1409,1
15955,C,75760,TX,864,1349,0
15956,C,95917,CA,864,1277,1
15957,C,97456,OR,864,1243,1
15958,C,75496,TX,864,1234,1
15959,C,46166,IN,864,1168,1
15960,C,62275,IL,864,1160,1
15961,C,15554,PA,864,1131,1
15962,C,54009,WI,864,1125,1
15963,C,37149,TN,864,1048,1
15964,C,56547,MN,864,999,1
15965,C,27509,NC,863,1482,1
15966,C,50665,IA,863,1289,1
15967,C,28373,NC,863,1138,1
15968,C,17529,PA,862,1501,1
15969,C,04344,ME,862,1481,1
15970,C,63555,MO,862,1374,0
15971,C,26711,WV,862,1239,0
15972,C,68731,NE,862,1045,1
15973,C,76270,TX,862,1039,1
15974,C,39840,GA,861,2556,0
15975,C,13612,NY,861,1458,0
15976,C,71060,LA,861,1400,1
15977,C,76664,TX,861,1292,0
15978,C,54622,WI,861,1112,1
15979,C,37332,TN,861,1101,1
15980,C,07865,NJ,861,1086,1
15981,C,03782,NH,860,2135,1
15982,C,15697,PA,860,1542,1
15983,C,89419,NV,860,1511,1
15984,C,72121,AR,860,1444,1
15985,C,74330,OK,860,1301,0
15986,C,97148,OR,860,1170,1
15987,C,76624,TX,860,1072,1
15988,C,54613,WI,859,2305,1
15989,C,65681,MO,859,1876,1
15990,C,28665,NC,859,1556,1
15991,C,12920,NY,859,1530,0
15992,C,28135,NC,859,1445,1
15993,C,98376,WA,859,1314,1
15994,C,44215,OH,859,1260,1
15995,C,29590,SC,859,1201,0
15996,C,37847,TN,859,1182,0
15997,C,22620,VA,859,1127,1
15998,C,68023,NE,859,1122,1
15999,C,36528,AL,858,2283,1
16000,C,63869,MO,858,1691,1
16001,C,36016,AL,858,1655,0
16002,C,43787,OH,858,1487,0
16003,C,64843,MO,858,1299,0
16004,C,97469,OR,858,1128,1
16005,C,13734,NY,858,959,0
16006,C,43240,OH,857,3602,1
16007,C,13838,NY,857,2126,1
16008,C,35481,AL,857,1551,0
16009,C,65667,MO,857,1367,1
16010,C,43557,OH,857,1087,1
16011,C,78203,TX,856,2380,0
16012,C,75845,TX,856,1558,0
16013,C,03440,NH,856,1365,1
16014,C,98377,WA,856,1346,1
16015,C,72644,AR,856,1322,1
16016,C,73443,OK,856,1259,0
16017,C,71268,LA,856,1151,1
16018,C,24174,VA,856,1131,1
16019,C,51050,IA,856,1115,1
16020,C,66524,KS,856,1080,1
16021,C,45162,OH,856,942,1
16022,C,83622,ID,855,1785,1
16023,C,62938,IL,855,1571,0
16024,C,14724,NY,855,1288,0
16025,C,75490,TX,855,1162,1
16026,C,75155,TX,855,1111,0
16027,C,53726,WI,854,2599,1
16028,C,61277,IL,854,1325,1
16029,C,14517,NY,854,1207,1
16030,C,45658,OH,854,1109,0
16031,C,79853,TX,854,982,0
16032,C,05764,VT,853,1472,1
16033,C,85625,AZ,853,1437,1
16034,C,49968,MI,853,1405,1
16035,C,49664,MI,853,1399,1
16036,C,28137,NC,853,1384,1
16037,C,85173,AZ,853,1347,1
16038,C,36560,AL,853,1264,0
16039,C,54473,WI,853,1203,1
16040,C,29742,SC,853,1149,1
16041,C,43149,OH,853,1125,1
16042,C,39664,MS,853,1106,0
16043,C,04253,ME,853,1079,1
16044,C,18930,PA,853,963,1
16045,C,04257,ME,852,1490,0
16046,C,76534,TX,852,1197,1
16047,C,54947,WI,852,1044,1
16048,C,76470,TX,851,1731,0
16049,C,82331,WY,851,1418,1
16050,C,03574,NH,851,1401,1
16051,C,62884,IL,851,1215,0
16052,C,55007,MN,851,1178,1
16053,C,76430,TX,851,1166,0
16054,C,65013,MO,850,1657,1
16055,C,16678,PA,850,1350,0
16056,C,06469,CT,850,1334,1
16057,C,26547,WV,850,1214,0
16058,C,17853,PA,850,1166,0
16059,C,30171,GA,850,1163,1
16060,C,35987,AL,850,1159,1
16061,C,63347,MO,850,1157,1
16062,C,43358,OH,850,1064,1
16063,C,62865,IL,850,1022,1
16064,C,46543,IN,850,985,1
16065,C,12307,NY,849,3491,0
16066,C,71222,LA,849,1500,0
16067,C,50583,IA,849,1374,1
16068,C,42784,KY,849,1344,0
16069,C,62917,IL,849,1260,1
16070,C,77534,TX,849,1161,1
16071,C,12068,NY,849,1138,0
16072,C,24431,VA,849,1027,1
16073,C,56452,MN,848,3029,1
16074,C,39854,GA,848,1895,0
16075,C,48419,MI,848,1293,1
16076,C,67467,KS,848,1282,1
16077,C,75639,TX,848,1267,0
16078,C,37345,TN,848,1055,1
16079,C,97455,OR,848,1046,1
16080,C,43933,OH,848,935,0
16081,C,60184,IL,848,900,1
16082,C,06060,CT,848,848,1
16083,C,65611,MO,847,1574,1
16084,C,52342,IA,847,1390,1
16085,C,06783,CT,847,1354,1
16086,C,16641,PA,847,1135,0
16087,C,28160,NC,846,1953,1
16088,C,62640,IL,846,1577,1
16089,C,65772,MO,846,1174,0
16090,C,39464,MS,846,1134,0
16091,C,68520,NE,846,1126,1
16092,C,61736,IL,846,980,1
16093,C,12413,NY,845,1807,1
16094,C,30576,GA,845,1754,1
16095,C,21673,MD,845,1553,1
16096,C,56256,MN,845,1349,1
16097,C,38367,TN,845,1332,1
16098,C,75422,TX,845,1226,1
16099,C,83639,ID,845,1226,1
16100,C,43569,OH,845,1163,1
16101,C,52637,IA,845,1130,1
16102,C,40076,KY,845,1106,1
16103,C,06247,CT,845,1003,1
16104,C,13156,NY,844,1629,0
16105,C,40740,KY,844,1358,1
16106,C,76823,TX,844,1330,0
16107,C,81639,CO,844,1256,1
16108,C,49284,MI,844,1206,1
16109,C,64454,MO,844,1077,1
16110,C,40068,KY,844,1004,1
16111,C,65679,MO,843,1517,1
16112,C,18346,PA,843,1371,0
16113,C,44865,OH,843,1279,1
16114,C,98601,WA,843,1187,1
16115,C,98537,WA,843,1166,1
16116,C,74871,OK,843,1157,0
16117,C,65669,MO,843,1079,1
16118,C,90017,CA,842,15953,0
16119,C,28747,NC,842,1864,0
16120,C,37338,TN,842,1315,0
16121,C,29714,SC,842,1218,0
16122,C,53556,WI,842,1194,1
16123,C,49620,MI,842,1145,1
16124,C,43944,OH,842,1121,1
16125,C,64855,MO,842,1038,1
16126,C,03784,NH,841,2168,1
16127,C,30833,GA,841,1740,0
16128,C,42050,KY,841,1588,0
16129,C,02464,MA,841,1503,1
16130,C,63960,MO,841,1442,0
16131,C,38069,TN,841,1430,0
16132,C,65325,MO,841,1365,1
16133,C,39140,MS,841,1218,0
16134,C,30648,GA,841,1212,1
16135,C,83822,ID,841,1197,1
16136,C,04085,ME,841,1049,1
16137,C,99347,WA,840,1325,1
16138,C,12921,NY,840,1313,1
16139,C,44637,OH,840,1246,1
16140,C,13613,NY,840,1208,0
16141,C,76449,TX,839,2832,1
16142,C,97846,OR,839,1587,1
16143,C,28726,NC,839,1450,1
16144,C,77335,TX,839,1401,0
16145,C,30473,GA,839,1359,0
16146,C,79373,TX,839,1352,0
16147,C,04537,ME,839,1305,1
16148,C,49252,MI,839,1119,1
16149,C,46128,IN,839,1001,1
16150,C,66013,KS,839,890,1
16151,C,04974,ME,838,1628,1
16152,C,17967,PA,838,1094,0
16153,C,66070,KS,838,1060,1
16154,C,36474,AL,837,1237,0
16155,C,25825,WV,837,943,1
16156,C,10984,NY,837,916,1
16157,C,46402,IN,836,3360,0
16158,C,89449,NV,836,2296,1
16159,C,70788,LA,836,1763,1
16160,C,79553,TX,836,1582,0
16161,C,43155,OH,836,1171,1
16162,C,21678,MD,836,1107,1
16163,C,35019,AL,836,1058,1
16164,C,15722,PA,836,982,0
16165,C,13164,NY,836,978,1
16166,C,72556,AR,835,1850,0
16167,C,76950,TX,835,1802,0
16168,C,40823,KY,835,1727,0
16169,C,41095,KY,835,1645,1
16170,C,87556,NM,835,1505,0
16171,C,35073,AL,835,1446,1
16172,C,06763,CT,835,1320,1
16173,C,96772,HI,835,1289,0
16174,C,43521,OH,835,1257,1
16175,C,04030,ME,835,1160,1
16176,C,47951,IN,835,1158,1
16177,C,21028,MD,835,1127,1
16178,C,35470,AL,834,1732,1
16179,C,27209,NC,834,1576,1
16180,C,49730,MI,834,1376,1
16181,C,46051,IN,834,1192,1
16182,C,61817,IL,834,1163,1
16183,C,01038,MA,834,1119,1
16184,C,31303,GA,834,1091,1
16185,C,22624,VA,834,1069,1
16186,C,15938,PA,834,1000,0
16187,C,95918,CA,834,995,1
16188,C,31076,GA,833,1518,0
16189,C,28453,NC,833,1379,0
16190,C,71762,AR,833,1350,0
16191,C,49220,MI,833,1313,1
16192,C,50658,IA,833,1189,1
16193,C,47024,IN,833,1171,1
16194,C,50601,IA,833,1135,1
16195,C,15050,PA,833,926,1
16196,C,54819,WI,832,1454,1
16197,C,48818,MI,832,1416,1
16198,C,83420,ID,832,1350,1
16199,C,03221,NH,832,1284,1
16200,C,29437,SC,832,1073,1
16201,C,52045,IA,832,1062,1
16202,C,52656,IA,832,1018,0
16203,C,83611,ID,831,3315,1
16204,C,50171,IA,831,1592,1
16205,C,17082,PA,831,1287,0
16206,C,66090,KS,831,1265,1
16207,C,04351,ME,831,1209,1
16208,C,15067,PA,831,1196,1
16209,C,42406,KY,831,1127,1
16210,C,51002,IA,831,1113,1
16211,C,54410,WI,831,968,1
16212,C,07435,NJ,830,1353,1
16213,C,65275,MO,830,1217,1
16214,C,76252,TX,830,1212,1
16215,C,83871,ID,830,1025,1
16216,C,84333,UT,830,1018,1
16217,C,24472,VA,830,984,1
16218,C,19102,PA,829,4606,0
16219,C,56361,MN,829,1221,1
16220,C,66414,KS,829,1100,1
16221,C,45858,OH,829,1075,1
16222,C,16061,PA,829,1063,1
16223,C,35087,AL,829,969,1
16224,C,10993,NY,828,1462,1
16225,C,30216,GA,828,1385,1
16226,C,50063,IA,828,1134,1
16227,C,78056,TX,828,1067,1
16228,C,97498,OR,827,1769,1
16229,C,63933,MO,827,1459,0
16230,C,04694,ME,827,1433,0
16231,C,17098,PA,826,1192,0
16232,C,37026,TN,826,1136,1
16233,C,37137,TN,826,1129,0
16234,C,47613,IN,826,1025,1
16235,C,53035,WI,826,1017,1
16236,C,31006,GA,825,1916,0
16237,C,12529,NY,825,1754,1
16238,C,57469,SD,825,1565,1
16239,C,12775,NY,825,1506,1
16240,C,13040,NY,825,1274,0
16241,C,67672,KS,825,1214,1
16242,C,49616,MI,825,1096,1
16243,C,17565,PA,825,920,1
16244,C,56277,MN,824,1422,1
16245,C,85936,AZ,824,1396,1
16246,C,58249,ND,824,1292,1
16247,C,12072,NY,824,1186,1
16248,C,03869,NH,824,1113,1
16249,C,01022,MA,824,1069,0
16250,C,12106,NY,824,1053,1
16251,C,95562,CA,823,1604,1
16252,C,97449,OR,823,1537,1
16253,C,31626,GA,823,1463,1
16254,C,75973,TX,823,1422,0
16255,C,52159,IA,823,1232,0
16256,C,67333,KS,823,1225,0
16257,C,78950,TX,823,1200,1
16258,C,38366,TN,823,1173,1
16259,C,53049,WI,823,1099,1
16260,C,15486,PA,823,1040,0
16261,C,38641,MS,823,966,1
16262,C,83539,ID,822,1222,0
16263,C,02804,RI,822,1182,1
16264,C,46914,IN,822,1133,1
16265,C,21631,MD,822,1094,1
16266,C,79567,TX,821,1618,0
16267,C,98588,WA,821,1493,1
16268,C,31044,GA,821,1412,0
16269,C,44656,OH,821,1354,1
16270,C,40109,KY,821,964,1
16271,C,98595,WA,820,2109,1
16272,C,36441,AL,820,1832,0
16273,C,88415,NM,820,1524,1
16274,C,57366,SD,820,1173,1
16275,C,43945,OH,820,1154,1
16276,C,40440,KY,820,1136,1
16277,C,76640,TX,820,1114,0
16278,C,89439,NV,820,1096,1
16279,C,56750,MN,820,1082,1
16280,C,18656,PA,820,1060,1
16281,C,17304,PA,820,1041,1
16282,C,03057,NH,820,964,1
16283,C,80117,CO,820,954,1
16284,C,95536,CA,819,1548,1
16285,C,49799,MI,819,1484,1
16286,C,37866,TN,819,1294,1
16287,C,62018,IL,819,1220,1
16288,C,21651,MD,819,1142,1
16289,C,14476,NY,819,1016,1
16290,C,29101,SC,818,1283,0
16291,C,61529,IL,818,1158,1
16292,C,29009,SC,818,1135,0
16293,C,80103,CO,818,1097,1
16294,C,76059,TX,817,2100,1
16295,C,86444,AZ,817,1435,0
16296,C,12919,NY,817,1262,1
16297,C,27229,NC,817,1244,0
16298,C,72064,AR,817,1230,0
16299,C,47634,IN,817,952,1
16300,C,80447,CO,816,3743,1
16301,C,44504,OH,816,2474,1
16302,C,16748,PA,816,1565,0
16303,C,24328,VA,816,1551,1
16304,C,49713,MI,816,1496,1
16305,C,95460,CA,816,1401,1
16306,C,13110,NY,816,1297,1
16307,C,74729,OK,816,1221,0
16308,C,24467,VA,816,1064,1
16309,C,05261,VT,816,1029,1
16310,C,18053,PA,816,953,1
16311,C,54745,WI,815,1581,1
16312,C,37756,TN,815,1566,0
16313,C,02110,MA,815,1563,0
16314,C,52211,IA,815,1516,1
16315,C,29107,SC,815,1413,0
16316,C,47977,IN,815,1048,1
16317,C,47954,IN,815,942,1
16318,C,95811,CA,814,5085,1
16319,C,75859,TX,814,1577,1
16320,C,93283,CA,814,1292,0
16321,C,68978,NE,814,1271,0
16322,C,28357,NC,814,1216,1
16323,C,43773,OH,814,1201,0
16324,C,23109,VA,814,1162,1
16325,C,23872,VA,814,1139,1
16326,C,25253,WV,814,1053,0
16327,C,03585,NH,813,1415,1
16328,C,53178,WI,813,1184,1
16329,C,59825,MT,813,1174,1
16330,C,62670,IL,813,1128,1
16331,C,45877,OH,813,1013,1
16332,C,31807,GA,813,940,1
16333,C,79504,TX,812,1372,0
16334,C,77364,TX,812,1340,0
16335,C,17353,PA,812,1252,1
16336,C,99169,WA,812,1206,1
16337,C,16617,PA,812,1202,1
16338,C,95942,CA,812,1102,1
16339,C,54423,WI,812,894,1
16340,C,02646,MA,811,2519,1
16341,C,54666,WI,811,1370,1
16342,C,12523,NY,811,1315,1
16343,C,35461,AL,811,1080,0
16344,C,50841,IA,810,1366,1
16345,C,18445,PA,810,1346,1
16346,C,37755,TN,810,1317,0
16347,C,32094,FL,810,1306,0
16348,C,29137,SC,810,1294,0
16349,C,11719,NY,810,1174,1
16350,C,28523,NC,810,1145,1
16351,C,17321,PA,810,941,1
16352,C,31033,GA,810,937,0
16353,C,43739,OH,810,918,1
16354,C,02725,MA,810,868,1
16355,C,37134,TN,809,1305,1
16356,C,72944,AR,809,1271,0
16357,C,38472,TN,809,1180,1
16358,C,80535,CO,809,1079,1
16359,C,17224,PA,809,1008,1
16360,C,31201,GA,808,4916,1
16361,C,17764,PA,808,1938,0
16362,C,30079,GA,808,1762,1
16363,C,28420,NC,808,1593,0
16364,C,74733,OK,808,1310,0
16365,C,45647,OH,808,1184,1
16366,C,54614,WI,808,1151,1
16367,C,68527,NE,808,870,1
16368,C,89049,NV,807,1601,0
16369,C,74849,OK,807,1433,0
16370,C,27016,NC,807,1131,0
16371,C,20662,MD,807,963,1
16372,C,04958,ME,806,1454,0
16373,C,38488,TN,806,1072,1
16374,C,83850,ID,806,1055,1
16375,C,44048,OH,806,1022,1
16376,C,18232,PA,805,2129,0
16377,C,92121,CA,805,1774,1
16378,C,71846,AR,805,1278,0
16379,C,31555,GA,805,1270,1
16380,C,68037,NE,805,1029,1
16381,C,78226,TX,804,2850,0
16382,C,75931,TX,804,1819,0
16383,C,25434,WV,804,1396,0
16384,C,38229,TN,804,1248,1
16385,C,56481,MN,804,1072,1
16386,C,15901,PA,803,2629,0
16387,C,13648,NY,803,1719,0
16388,C,45780,OH,803,1652,1
16389,C,98932,WA,803,1502,1
16390,C,59922,MT,803,1450,1
16391,C,06330,CT,803,1305,1
16392,C,04256,ME,803,1195,1
16393,C,37361,TN,803,1137,0
16394,C,46539,IN,803,1083,1
16395,C,03256,NH,803,1032,1
16396,C,78650,TX,803,974,0
16397,C,53065,WI,803,945,1
16398,C,08202,NJ,802,5668,1
16399,C,32346,FL,802,1716,1
16400,C,24133,VA,802,1170,0
16401,C,13424,NY,802,1023,1
16402,C,47920,IN,802,979,1
16403,C,26184,WV,802,978,0
16404,C,85701,AZ,801,3631,1
16405,C,59868,MT,801,1652,1
16406,C,05464,VT,801,1521,1
16407,C,97067,OR,801,1519,1
16408,C,27846,NC,801,1351,1
16409,C,08045,NJ,801,1288,1
16410,C,40371,KY,801,1120,0
16411,C,36852,AL,801,1061,0
16412,C,46130,IN,801,847,1
16413,C,54562,WI,800,2878,1
16414,C,56551,MN,800,1385,1
16415,C,36311,AL,800,1305,0
16416,C,56209,MN,800,1280,1
16417,C,30547,GA,800,1261,1
16418,C,52773,IA,800,1216,1
16419,C,26159,WV,800,1187,0
16420,C,31765,GA,800,1152,0
16421,C,56131,MN,800,1060,1
16422,C,70372,LA,800,1052,1
16423,C,55054,MN,800,939,1
16424,C,12094,NY,800,846,1
16425,C,97465,OR,799,1376,1
16426,C,31744,GA,799,1363,1
16427,C,29125,SC,799,1332,0
16428,C,10963,NY,799,1281,1
16429,C,80654,CO,799,1165,1
16430,C,54026,WI,799,1058,1
16431,C,37079,TN,798,1107,0
16432,C,53502,WI,798,1016,1
16433,C,67851,KS,798,1004,1
16434,C,44836,OH,798,974,1
16435,C,48435,MI,798,903,1
16436,C,98645,WA,798,891,1
16437,C,49644,MI,797,2951,1
16438,C,36612,AL,797,1753,0
16439,C,73433,OK,797,1181,0
16440,C,29448,SC,797,1118,1
16441,C,03608,NH,796,1386,1
16442,C,28341,NC,796,1366,1
16443,C,47841,IN,796,1187,1
16444,C,16929,PA,796,1178,0
16445,C,13783,NY,795,1918,0
16446,C,64020,MO,795,1469,1
16447,C,57028,SD,795,1467,1
16448,C,31738,GA,795,1271,1
16449,C,15442,PA,795,1208,0
16450,C,70052,LA,795,1192,1
16451,C,67107,KS,795,1163,1
16452,C,69334,NE,795,1080,0
16453,C,98039,WA,795,1077,1
16454,C,38232,TN,794,1310,0
16455,C,54639,WI,794,1204,1
16456,C,93532,CA,794,1174,1
16457,C,72943,AR,794,1133,0
16458,C,12193,NY,794,1104,1
16459,C,69356,NE,794,1103,1
16460,C,37178,TN,794,991,0
16461,C,48822,MI,794,861,1
16462,C,43780,OH,793,1728,1
16463,C,70757,LA,793,1391,0
16464,C,47140,IN,793,1269,1
16465,C,21822,MD,793,1056,1
16466,C,89021,NV,793,995,1
16467,C,03467,NH,793,944,1
16468,C,12817,NY,792,2115,1
16469,C,02838,RI,792,1546,1
16470,C,54112,WI,792,1308,1
16471,C,61726,IL,792,1218,1
16472,C,85137,AZ,792,1152,1
16473,C,37306,TN,792,1146,1
16474,C,61469,IL,792,1137,0
16475,C,74041,OK,792,1057,1
16476,C,71032,LA,792,1055,1
16477,C,25442,WV,792,942,1
16478,C,54943,WI,791,1525,1
16479,C,28441,NC,791,1307,0
16480,C,61537,IL,791,1246,1
16481,C,05843,VT,791,1236,1
16482,C,64779,MO,791,1144,0
16483,C,42087,KY,791,1100,1
16484,C,27231,NC,791,1096,1
16485,C,36080,AL,791,1072,1
16486,C,48628,MI,791,1061,1
16487,C,55019,MN,791,855,1
16488,C,04441,ME,790,2435,1
16489,C,78017,TX,790,1599,0
16490,C,05859,VT,790,1584,1
16491,C,65723,MO,790,1268,1
16492,C,66536,KS,790,1157,1
16493,C,48877,MI,790,1051,1
16494,C,59834,MT,790,1006,1
16495,C,43527,OH,790,965,1
16496,C,37915,TN,789,3722,0
16497,C,71958,AR,789,1461,0
16498,C,73006,OK,789,1281,0
16499,C,97827,OR,789,1182,1
16500,C,05458,VT,789,1180,1
16501,C,24520,VA,789,1176,0
16502,C,93066,CA,789,1127,1
16503,C,06334,CT,789,1027,1
16504,C,19951,DE,789,886,1
16505,C,07310,NJ,788,8149,0
16506,C,96143,CA,788,2824,1
16507,C,38665,MS,788,1423,0
16508,C,73082,OK,788,1304,0
16509,C,49232,MI,788,1264,1
16510,C,44688,OH,788,1225,1
16511,C,78123,TX,788,1225,1
16512,C,63660,MO,788,1107,0
16513,C,48464,MI,788,1101,1
16514,C,48851,MI,788,924,1
16515,C,50276,IA,788,899,1
16516,C,02827,RI,788,843,1
16517,C,29042,SC,787,2017,0
16518,C,29570,SC,787,1769,0
16519,C,73059,OK,787,1273,0
16520,C,13656,NY,787,1190,0
16521,C,61734,IL,787,1108,1
16522,C,59632,MT,787,1099,1
16523,C,53820,WI,787,1076,1
16524,C,76569,TX,787,1065,0
16525,C,53504,WI,787,1007,1
16526,C,12491,NY,787,935,1
16527,C,28159,NC,786,1458,1
16528,C,59829,MT,786,1362,1
16529,C,43008,OH,786,1331,1
16530,C,65452,MO,786,1245,1
16531,C,26743,WV,786,1008,0
16532,C,22734,VA,785,1422,1
16533,C,88044,NM,785,1331,1
16534,C,03826,NH,785,1179,1
16535,C,85332,AZ,785,1171,0
16536,C,44882,OH,785,1107,1
16537,C,98356,WA,785,1087,1
16538,C,57451,SD,785,1030,1
16539,C,44507,OH,784,2165,0
16540,C,95627,CA,784,1415,1
16541,C,36523,AL,784,1201,1
16542,C,63468,MO,784,1188,1
16543,C,50574,IA,784,1142,1
16544,C,11941,NY,784,1019,1
16545,C,71411,LA,783,1624,0
16546,C,27808,NC,783,1420,1
16547,C,38233,TN,783,1280,1
16548,C,14813,NY,783,1274,0
16549,C,50669,IA,783,1161,1
16550,C,49339,MI,783,1036,1
16551,C,38368,TN,783,1017,0
16552,C,65326,MO,782,2251,1
16553,C,39189,MS,782,1296,0
16554,C,22567,VA,782,1090,1
16555,C,55396,MN,782,1047,1
16556,C,22843,VA,782,1038,1
16557,C,62548,IL,782,945,1
16558,C,78377,TX,781,1563,0
16559,C,84761,UT,781,1499,1
16560,C,72662,AR,781,1416,1
16561,C,28698,NC,781,1152,1
16562,C,23071,VA,781,1118,1
16563,C,56232,MN,781,1039,1
16564,C,57744,SD,781,995,1
16565,C,38646,MS,780,1255,0
16566,C,29458,SC,780,1217,1
16567,C,65663,MO,780,1068,1
16568,C,37047,TN,780,1001,1
16569,C,30541,GA,780,981,1
16570,C,55790,MN,779,2390,1
16571,C,03216,NH,779,1018,1
16572,C,55049,MN,779,989,1
16573,C,66073,KS,779,968,1
16574,C,55750,MN,779,957,1
16575,C,58278,ND,779,855,1
16576,C,08102,NJ,778,3387,0
16577,C,83837,ID,778,1707,1
16578,C,81069,CO,778,1380,1
16579,C,63822,MO,778,1281,0
16580,C,38222,TN,778,1260,1
16581,C,99181,WA,778,1110,1
16582,C,53516,WI,778,1006,1
16583,C,22469,VA,777,1676,1
16584,C,59421,MT,777,1439,1
16585,C,96032,CA,777,1361,1
16586,C,03602,NH,777,1329,1
16587,C,31079,GA,777,1322,0
16588,C,42023,KY,777,1235,0
16589,C,35540,AL,777,1166,0
16590,C,53002,WI,777,953,1
16591,C,16052,PA,777,907,1
16592,C,14817,NY,776,1358,1
16593,C,14735,NY,776,1300,0
16594,C,73141,OK,776,1260,0
16595,C,38255,TN,776,1190,0
16596,C,49271,MI,776,1062,1
16597,C,46779,IN,776,1037,1
16598,C,77962,TX,775,1535,0
16599,C,63966,MO,775,1512,0
16600,C,45659,OH,775,1278,0
16601,C,03905,ME,775,1089,1
16602,C,22542,VA,775,867,1
16603,C,79235,TX,774,1570,0
16604,C,76648,TX,774,1313,0
16605,C,04684,ME,774,1312,1
16606,C,72513,AR,774,1152,0
16607,C,56762,MN,774,1114,1
16608,C,29729,SC,774,1094,1
16609,C,46994,IN,774,1002,1
16610,C,44807,OH,774,974,1
16611,C,85553,AZ,773,1316,0
16612,C,28526,NC,773,1258,0
16613,C,67056,KS,773,1165,1
16614,C,15759,PA,773,1128,0
16615,C,42120,KY,773,1050,0
16616,C,55389,MN,773,1037,1
16617,C,42082,KY,773,896,1
16618,C,49125,MI,772,1649,1
16619,C,26205,WV,772,1405,0
16620,C,71640,AR,772,1322,0
16621,C,55334,MN,772,1260,1
16622,C,71485,LA,772,1169,1
16623,C,54486,WI,772,1144,1
16624,C,67030,KS,772,977,1
16625,C,52625,IA,772,974,0
16626,C,78560,TX,771,1777,0
16627,C,47952,IN,771,1342,1
16628,C,75568,TX,771,1276,0
16629,C,74445,OK,771,1275,0
16630,C,54111,WI,771,1198,1
16631,C,31075,GA,771,1101,1
16632,C,21036,MD,771,834,1
16633,C,55723,MN,770,2053,1
16634,C,19022,PA,770,1796,1
16635,C,63556,MO,770,1601,0
16636,C,30816,GA,770,1224,0
16637,C,73169,OK,770,1070,1
16638,C,98947,WA,770,1006,1
16639,C,50309,IA,769,7562,0
16640,C,73772,OK,769,1586,0
16641,C,30731,GA,769,1461,1
16642,C,85924,AZ,769,1423,0
16643,C,30124,GA,769,1291,1
16644,C,65606,MO,769,1261,0
16645,C,66088,KS,769,1210,1
16646,C,38833,MS,769,1196,0
16647,C,73852,OK,769,1189,0
16648,C,05677,VT,769,1067,1
16649,C,54443,WI,769,1038,1
16650,C,46147,IN,769,1016,1
16651,C,50647,IA,769,913,1
16652,C,47232,IN,769,912,1
16653,C,14838,NY,769,901,0
16654,C,59037,MT,769,901,1
16655,C,99610,AK,768,1553,0
16656,C,49011,MI,768,1054,1
16657,C,61723,IL,768,1014,1
16658,C,68002,NE,768,1012,1
16659,C,13409,NY,768,966,0
16660,C,55074,MN,768,885,1
16661,C,25082,WV,768,878,0
16662,C,43719,OH,767,1179,0
16663,C,71071,LA,767,1165,0
16664,C,14865,NY,767,1151,1
16665,C,16914,PA,767,1106,0
16666,C,54004,WI,767,1058,1
16667,C,22922,VA,767,974,1
16668,C,97532,OR,767,974,1
16669,C,27950,NC,767,966,1
16670,C,26035,WV,767,939,0
16671,C,93921,CA,766,2910,0
16672,C,56672,MN,766,2394,1
16673,C,04414,ME,766,1527,0
16674,C,49653,MI,766,1523,1
16675,C,27832,NC,766,1268,0
16676,C,02630,MA,766,1062,1
16677,C,24440,VA,766,1051,1
16678,C,18614,PA,765,1781,0
16679,C,49751,MI,765,1765,1
16680,C,06089,CT,765,1619,1
16681,C,14741,NY,765,1272,1
16682,C,41003,KY,765,1131,1
16683,C,17981,PA,765,1091,1
16684,C,04928,ME,765,1004,0
16685,C,50061,IA,765,802,1
16686,C,54435,WI,764,1556,1
16687,C,79520,TX,764,1298,0
16688,C,01257,MA,764,1238,1
16689,C,74131,OK,764,1078,1
16690,C,62326,IL,764,1072,1
16691,C,54460,WI,764,1009,1
16692,C,97437,OR,764,1009,1
16693,C,61284,IL,764,876,1
16694,C,04493,ME,763,1276,0
16695,C,49688,MI,763,1251,1
16696,C,50849,IA,763,1239,1
16697,C,45679,OH,763,1231,1
16698,C,84528,UT,763,1098,1
16699,C,68073,NE,763,931,1
16700,C,49241,MI,763,915,1
16701,C,53944,WI,762,1233,1
16702,C,43314,OH,762,1135,1
16703,C,02808,RI,762,1091,1
16704,C,65243,MO,762,1035,1
16705,C,54627,WI,762,934,1
16706,C,53044,WI,762,929,1
16707,C,04443,ME,761,1656,0
16708,C,28684,NC,761,1471,1
16709,C,92233,CA,761,1461,0
16710,C,03902,ME,761,1399,1
16711,C,24593,VA,761,1122,1
16712,C,38871,MS,761,1119,1
16713,C,68017,NE,761,853,1
16714,C,95570,CA,760,1495,1
16715,C,28743,NC,760,1447,0
16716,C,79079,TX,760,1425,0
16717,C,12578,NY,760,1044,1
16718,C,13417,NY,759,1869,1
16719,C,64150,MO,759,1760,1
16720,C,88045,NM,759,1520,0
16721,C,44429,OH,759,1476,1
16722,C,93271,CA,759,1441,1
16723,C,39663,MS,759,1247,0
16724,C,23881,VA,759,1207,1
16725,C,97875,OR,759,1097,1
16726,C,65014,MO,759,1087,1
16727,C,31565,GA,759,1058,1
16728,C,40461,KY,759,1043,1
16729,C,42051,KY,759,1019,1
16730,C,07439,NJ,759,984,1
16731,C,13606,NY,759,930,0
16732,C,22539,VA,758,1778,1
16733,C,12543,NY,758,1519,1
16734,C,24089,VA,758,1285,1
16735,C,31560,GA,758,1260,1
16736,C,72642,AR,758,1152,1
16737,C,53011,WI,758,1109,1
16738,C,01351,MA,758,1041,1
16739,C,14058,NY,758,915,1
16740,C,83113,WY,757,1294,1
16741,C,05363,VT,756,2615,1
16742,C,63851,MO,756,1663,0
16743,C,29827,SC,756,1522,0
16744,C,05828,VT,756,1006,1
16745,C,46172,IN,756,991,1
16746,C,83849,ID,756,921,1
16747,C,67001,KS,756,820,1
16748,C,26149,WV,755,1250,0
16749,C,72519,AR,755,1229,0
16750,C,68840,NE,755,1189,1
16751,C,49411,MI,755,1156,1
16752,C,38015,TN,755,1038,1
16753,C,53576,WI,755,1016,1
16754,C,04347,ME,754,1436,1
16755,C,66935,KS,754,1334,0
16756,C,22576,VA,754,1005,1
16757,C,37052,TN,754,843,1
16758,C,44859,OH,754,754,1
16759,C,59422,MT,753,1347,1
16760,C,04472,ME,753,1279,1
16761,C,76570,TX,753,1191,0
16762,C,16259,PA,753,1124,0
16763,C,14826,NY,753,1104,0
16764,C,51346,IA,753,1026,1
16765,C,54014,WI,753,875,1
16766,C,48211,MI,752,2518,0
16767,C,32702,FL,752,1561,1
16768,C,46784,IN,752,1333,1
16769,C,65259,MO,752,1165,1
16770,C,67860,KS,752,1107,1
16771,C,54245,WI,752,987,1
16772,C,54747,WI,751,1250,1
16773,C,72853,AR,751,1216,0
16774,C,97366,OR,751,1174,1
16775,C,13332,NY,751,1172,0
16776,C,12531,NY,751,1085,1
16777,C,40055,KY,751,1040,1
16778,C,50676,IA,751,917,1
16779,C,10958,NY,751,904,1
16780,C,14139,NY,751,871,1
16781,C,62060,IL,750,2018,0
16782,C,74085,OK,750,1197,0
16783,C,12780,NY,750,1162,1
16784,C,61756,IL,750,1109,1
16785,C,62417,IL,750,1086,0
16786,C,30733,GA,750,1070,1
16787,C,58045,ND,750,1050,1
16788,C,56072,MN,750,1034,1
16789,C,29712,SC,750,977,1
16790,C,54082,WI,750,931,1
16791,C,23356,VA,749,1420,0
16792,C,43977,OH,749,1153,1
16793,C,55965,MN,749,1072,1
16794,C,47970,IN,749,1005,1
16795,C,46702,IN,749,926,1
16796,C,16153,PA,748,1119,1
16797,C,37309,TN,748,1005,1
16798,C,49452,MI,748,944,1
16799,C,44127,OH,747,2182,0
16800,C,40119,KY,747,2034,1
16801,C,71861,AR,747,1592,0
16802,C,56586,MN,747,1310,1
16803,C,56208,MN,747,1147,1
16804,C,17094,PA,747,1103,0
16805,C,26542,WV,747,1007,0
16806,C,37350,TN,747,864,1
16807,C,49070,MI,747,847,1
16808,C,19373,PA,747,770,1
16809,C,21777,MD,747,750,1
16810,C,54234,WI,746,2350,1
16811,C,28395,NC,746,1083,1
16812,C,61491,IL,746,1061,0
16813,C,62468,IL,746,1046,1
16814,C,46978,IN,746,1025,0
16815,C,83804,ID,746,995,1
16816,C,65725,MO,746,994,1
16817,C,46056,IN,746,934,1
16818,C,60043,IL,746,815,1
16819,C,05149,VT,745,3399,1
16820,C,93656,CA,745,1852,1
16821,C,38041,TN,745,1313,0
16822,C,38356,TN,745,1243,1
16823,C,13626,NY,745,1167,0
16824,C,05667,VT,745,1104,1
16825,C,14171,NY,745,1008,1
16826,C,48767,MI,745,986,1
16827,C,62692,IL,745,940,1
16828,C,66021,KS,745,898,1
16829,C,03745,NH,745,859,1
16830,C,46772,IN,745,848,1
16831,C,30552,GA,744,1686,1
16832,C,21635,MD,744,1129,1
16833,C,17040,PA,744,1059,1
16834,C,04924,ME,744,1053,0
16835,C,83452,ID,744,938,0
16836,C,63877,MO,743,1573,0
16837,C,58012,ND,743,1230,1
16838,C,12197,NY,743,1222,0
16839,C,70067,LA,743,1186,1
16840,C,16350,PA,743,987,0
16841,C,83427,ID,743,980,1
16842,C,84535,UT,743,979,1
16843,C,43116,OH,743,786,1
16844,C,03582,NH,742,1271,0
16845,C,78609,TX,742,1271,0
16846,C,65655,MO,742,1244,0
16847,C,14809,NY,742,1239,0
16848,C,97883,OR,742,1214,1
16849,C,50636,IA,742,1016,1
16850,C,01515,MA,742,1014,1
16851,C,40385,KY,741,1256,1
16852,C,72512,AR,741,1214,1
16853,C,41049,KY,741,1094,0
16854,C,62895,IL,741,958,0
16855,C,04263,ME,741,956,1
16856,C,17087,PA,741,926,1
16857,C,42020,KY,741,912,1
16858,C,12521,NY,740,1326,1
16859,C,54849,WI,740,1276,1
16860,C,24571,VA,740,1128,1
16861,C,51001,IA,740,1051,1
16862,C,47341,IN,740,1000,1
16863,C,68883,NE,740,965,1
16864,C,54205,WI,740,828,1
16865,C,68102,NE,739,5922,0
16866,C,29168,SC,739,1321,0
16867,C,26851,WV,739,1273,0
16868,C,92365,CA,739,1240,0
16869,C,67663,KS,739,1187,1
16870,C,98303,WA,739,977,1
16871,C,17407,PA,739,975,1
16872,C,83245,ID,739,886,1
16873,C,04947,ME,738,2919,1
16874,C,67003,KS,738,1424,0
16875,C,36319,AL,738,1041,0
16876,C,45874,OH,738,942,1
16877,C,81524,CO,738,932,1
16878,C,03844,NH,738,931,1
16879,C,40372,KY,738,904,1
16880,C,46382,IN,738,819,1
16881,C,49436,MI,737,2300,1
16882,C,14715,NY,737,1259,0
16883,C,22514,VA,737,1084,1
16884,C,13812,NY,737,997,0
16885,C,06235,CT,737,913,1
16886,C,76360,TX,736,1507,0
16887,C,35148,AL,736,1226,1
16888,C,18077,PA,736,982,1
16889,C,52203,IA,736,949,1
16890,C,62677,IL,736,895,1
16891,C,88317,NM,735,2983,1
16892,C,59716,MT,735,2837,1
16893,C,15424,PA,735,1663,0
16894,C,12996,NY,735,1553,0
16895,C,62924,IL,735,1386,1
16896,C,39661,MS,735,1360,0
16897,C,96750,HI,735,1220,1
16898,C,43570,OH,735,1189,1
16899,C,53561,WI,735,1159,1
16900,C,97435,OR,735,1108,1
16901,C,49885,MI,735,1076,1
16902,C,83845,ID,735,1072,1
16903,C,43150,OH,735,913,1
16904,C,60145,IL,735,870,1
16905,C,29546,SC,734,1308,0
16906,C,74932,OK,734,1099,0
16907,C,13101,NY,734,987,0
16908,C,62067,IL,734,822,1
16909,C,78361,TX,733,1880,0
16910,C,18438,PA,733,1692,0
16911,C,54870,WI,733,1438,1
16912,C,97362,OR,733,1377,1
16913,C,46732,IN,733,1219,1
16914,C,68361,NE,733,1117,1
16915,C,76656,TX,733,1066,0
16916,C,47342,IN,733,1053,1
16917,C,15468,PA,733,1013,0
16918,C,97443,OR,733,1003,1
16919,C,25535,WV,733,961,0
16920,C,21623,MD,733,908,1
16921,C,06120,CT,732,5713,0
16922,C,56571,MN,732,1574,1
16923,C,05440,VT,732,1531,1
16924,C,48742,MI,732,1392,1
16925,C,50207,IA,732,1175,1
16926,C,28660,NC,732,1138,1
16927,C,55706,MN,732,1132,1
16928,C,58251,ND,732,983,1
16929,C,66440,KS,732,920,1
16930,C,49683,MI,731,1662,1
16931,C,55735,MN,731,1390,1
16932,C,32694,FL,731,1305,0
16933,C,49755,MI,731,1303,1
16934,C,04920,ME,731,1298,0
16935,C,75480,TX,731,1250,1
16936,C,95641,CA,731,1161,1
16937,C,45120,OH,731,1119,1
16938,C,12981,NY,731,1061,0
16939,C,50670,IA,731,910,1
16940,C,95638,CA,731,863,1
16941,C,13476,NY,730,1307,1
16942,C,82729,WY,730,1273,1
16943,C,72443,AR,730,1263,0
16944,C,14782,NY,730,1166,0
16945,C,56159,MN,730,1051,1
16946,C,21160,MD,730,1004,1
16947,C,67031,KS,730,928,1
16948,C,61256,IL,730,897,1
16949,C,11109,NY,729,4826,0
16950,C,64854,MO,729,1889,0
16951,C,04562,ME,729,1694,1
16952,C,79226,TX,729,1628,0
16953,C,45767,OH,729,1452,0
16954,C,30456,GA,729,1183,0
16955,C,80720,CO,729,1166,1
16956,C,44423,OH,729,942,1
16957,C,50161,IA,729,938,1
16958,C,53114,WI,729,904,1
16959,C,44634,OH,729,852,1
16960,C,78140,TX,728,1260,0
16961,C,15559,PA,728,1128,1
16962,C,53951,WI,728,1119,1
16963,C,62890,IL,728,1061,1
16964,C,40078,KY,728,986,1
16965,C,43137,OH,728,968,1
16966,C,24435,VA,728,959,1
16967,C,20677,MD,728,781,1
16968,C,04029,ME,727,1506,1
16969,C,96041,CA,727,1499,0
16970,C,33827,FL,727,1239,1
16971,C,16341,PA,727,1154,0
16972,C,65332,MO,727,848,1
16973,C,91020,CA,726,3501,1
16974,C,49450,MI,726,1610,1
16975,C,70357,LA,726,1263,0
16976,C,65632,MO,726,1123,1
16977,C,42404,KY,726,1068,0
16978,C,14516,NY,726,1062,1
16979,C,49287,MI,726,1055,1
16980,C,38846,MS,726,957,0
16981,C,43071,OH,726,857,1
16982,C,08026,NJ,726,855,1
16983,C,20778,MD,726,739,1
16984,C,49670,MI,725,1706,1
16985,C,19562,PA,725,1323,1
16986,C,59327,MT,725,1263,1
16987,C,61024,IL,725,1024,1
16988,C,61561,IL,725,958,1
16989,C,53507,WI,725,954,1
16990,C,76433,TX,725,911,0
16991,C,49034,MI,725,854,1
16992,C,49325,MI,725,794,1
16993,C,95814,CA,724,7972,1
16994,C,27814,NC,724,1266,1
16995,C,54616,WI,724,1170,1
16996,C,06442,CT,724,1161,1
16997,C,12928,NY,724,1110,0
16998,C,31830,GA,724,1054,1
16999,C,54909,WI,724,1047,1
17000,C,77482,TX,724,1047,0
17001,C,41093,KY,724,1036,0
17002,C,53968,WI,724,962,1
17003,C,16143,PA,724,944,1
17004,C,54642,WI,724,938,1
17005,C,60948,IL,724,882,1
17006,C,98104,WA,723,10803,0
17007,C,04634,ME,723,1613,0
17008,C,10588,NY,723,1172,1
17009,C,13654,NY,723,1079,0
17010,C,47023,IN,723,1078,1
17011,C,16627,PA,723,1014,0
17012,C,26710,WV,723,934,0
17013,C,36006,AL,723,854,0
17014,C,30411,GA,722,1404,0
17015,C,45873,OH,722,1022,1
17016,C,61427,IL,722,984,1
17017,C,96703,HI,722,866,0
17018,C,68955,NE,722,825,1
17019,C,60195,IL,721,2469,1
17020,C,15027,PA,721,1151,1
17021,C,44675,OH,721,1105,1
17022,C,14879,NY,721,1032,0
17023,C,83236,ID,721,880,1
17024,C,68317,NE,721,792,1
17025,C,01375,MA,720,1930,1
17026,C,76035,TX,720,1341,0
17027,C,49446,MI,720,1143,1
17028,C,53932,WI,720,1050,1
17029,C,68748,NE,720,1019,0
17030,C,76511,TX,720,988,0
17031,C,49030,MI,720,938,1
17032,C,54202,WI,719,1865,1
17033,C,28396,NC,719,1188,1
17034,C,54470,WI,719,1110,1
17035,C,67526,KS,719,1104,1
17036,C,95567,CA,719,1056,1
17037,C,52043,IA,719,1015,1
17038,C,64742,MO,719,996,1
17039,C,04910,ME,719,993,0
17040,C,14170,NY,719,964,1
17041,C,72434,AR,719,903,0
17042,C,67543,KS,719,893,1
17043,C,28119,NC,718,1306,0
17044,C,05045,VT,718,1034,1
17045,C,44814,OH,718,988,1
17046,C,12458,NY,718,985,1
17047,C,12466,NY,718,884,1
17048,C,18218,PA,717,1118,0
17049,C,61373,IL,717,930,1
17050,C,40117,KY,717,836,1
17051,C,44866,OH,717,825,1
17052,C,03830,NH,716,1523,1
17053,C,10968,NY,716,1345,1
17054,C,65588,MO,716,1003,0
17055,C,55956,MN,716,936,1
17056,C,46070,IN,716,911,1
17057,C,53503,WI,716,879,1
17058,C,13063,NY,716,810,1
17059,C,12056,NY,716,805,1
17060,C,06901,CT,715,6440,0
17061,C,96722,HI,715,2800,1
17062,C,75569,TX,715,1449,0
17063,C,76665,TX,715,1441,0
17064,C,95542,CA,715,1429,1
17065,C,98241,WA,715,1143,1
17066,C,38573,TN,715,1095,1
17067,C,93667,CA,715,1023,1
17068,C,13736,NY,715,868,0
17069,C,59823,MT,715,865,1
17070,C,10511,NY,715,849,1
17071,C,62347,IL,715,827,1
17072,C,89448,NV,714,1744,1
17073,C,37762,TN,714,1419,0
17074,C,14818,NY,714,1171,0
17075,C,59821,MT,714,1100,1
17076,C,47631,IN,714,1001,1
17077,C,42452,KY,714,924,1
17078,C,12121,NY,714,798,1
17079,C,45174,OH,714,797,1
17080,C,22724,VA,714,790,1
17081,C,13324,NY,713,1372,0
17082,C,84631,UT,713,1074,1
17083,C,56312,MN,713,934,1
17084,C,67877,KS,713,919,1
17085,C,45729,OH,713,745,0
17086,C,97845,OR,712,1093,1
17087,C,74061,OK,712,984,1
17088,C,28423,NC,712,982,0
17089,C,60927,IL,712,917,1
17090,C,06256,CT,712,888,1
17091,C,45735,OH,712,877,0
17092,C,10577,NY,712,875,1
17093,C,23350,VA,711,1866,1
17094,C,99827,AK,711,1470,0
17095,C,12149,NY,711,1318,0
17096,C,68061,NE,711,1129,1
17097,C,46939,IN,711,1035,1
17098,C,71073,LA,711,1023,0
17099,C,52076,IA,711,1013,1
17100,C,65745,MO,710,1260,0
17101,C,63937,MO,710,1177,0
17102,C,62458,IL,710,954,0
17103,C,55329,MN,710,929,1
17104,C,46186,IN,710,805,1
17105,C,23921,VA,709,1144,0
17106,C,43060,OH,709,1054,1
17107,C,60953,IL,709,1032,0
17108,C,30258,GA,709,966,1
17109,C,72843,AR,709,863,0
17110,C,65072,MO,708,2755,1
17111,C,24445,VA,708,1701,0
17112,C,28709,NC,708,1372,1
17113,C,04971,ME,708,1273,0
17114,C,76687,TX,708,1244,0
17115,C,27806,NC,708,1205,0
17116,C,66509,KS,708,1060,1
17117,C,20197,VA,708,863,1
17118,C,79252,TX,707,1455,0
17119,C,52151,IA,707,1323,1
17120,C,65081,MO,707,1107,1
17121,C,31775,GA,707,1051,0
17122,C,26719,WV,707,1032,0
17123,C,36316,AL,707,1031,0
17124,C,23083,VA,707,985,1
17125,C,47108,IN,707,960,1
17126,C,04952,ME,707,869,1
17127,C,56449,MN,707,868,1
17128,C,71638,AR,706,1489,0
17129,C,49753,MI,706,1327,1
17130,C,72433,AR,706,1289,0
17131,C,56510,MN,706,1127,1
17132,C,55959,MN,706,1069,1
17133,C,59874,MT,706,955,1
17134,C,51028,IA,706,953,1
17135,C,26347,WV,706,907,0
17136,C,74022,OK,706,901,0
17137,C,60606,IL,705,3032,0
17138,C,40313,KY,705,1313,0
17139,C,56542,MN,705,1181,1
17140,C,75631,TX,705,1103,0
17141,C,77426,TX,705,1084,1
17142,C,42058,KY,705,1039,1
17143,C,35188,AL,705,976,1
17144,C,40402,KY,705,970,0
17145,C,46058,IN,705,859,1
17146,C,97495,OR,705,800,1
17147,C,52591,IA,704,1299,1
17148,C,84654,UT,704,1233,1
17149,C,87552,NM,704,1133,0
17150,C,16669,PA,704,1112,0
17151,C,76366,TX,704,966,0
17152,C,01330,MA,704,915,1
17153,C,37726,TN,704,873,0
17154,C,80105,CO,704,822,1
17155,C,48861,MI,704,746,1
17156,C,90057,CA,703,17912,1
17157,C,13622,NY,703,1335,0
17158,C,05822,VT,703,1241,1
17159,C,62320,IL,703,1055,1
17160,C,63673,MO,703,1050,1
17161,C,27820,NC,702,1394,0
17162,C,93235,CA,702,1249,1
17163,C,88337,NM,702,1134,1
17164,C,56296,MN,702,1043,1
17165,C,02215,MA,701,9390,0
17166,C,49309,MI,701,2025,1
17167,C,12167,NY,701,1486,0
17168,C,12764,NY,701,1477,1
17169,C,83612,ID,701,1198,1
17170,C,40873,KY,701,1142,0
17171,C,54204,WI,701,1062,1
17172,C,15724,PA,701,969,0
17173,C,21798,MD,701,933,1
17174,C,38582,TN,701,834,1
17175,C,13120,NY,701,800,0
17176,C,07021,NJ,701,792,1
17177,C,59730,MT,700,1337,1
17178,C,87415,NM,700,1089,1
17179,C,66733,KS,700,1047,0
17180,C,50247,IA,700,986,1
17181,C,81415,CO,700,979,1
17182,C,54412,WI,700,908,1
17183,C,64673,MO,699,1238,0
17184,C,41002,KY,699,1235,1
17185,C,79245,TX,699,1205,0
17186,C,43730,OH,699,1134,0
17187,C,68730,NE,699,1104,1
17188,C,37727,TN,699,985,0
17189,C,53586,WI,699,968,1
17190,C,13042,NY,699,948,0
17191,C,46743,IN,699,904,1
17192,C,50228,IA,699,891,1
17193,C,67017,KS,699,850,1
17194,C,51024,IA,699,841,1
17195,C,53057,WI,699,767,1
17196,C,04860,ME,698,1529,1
17197,C,25422,WV,698,1523,0
17198,C,14775,NY,698,1170,0
17199,C,56676,MN,698,1090,1
17200,C,28020,NC,698,1056,1
17201,C,56098,MN,698,1020,1
17202,C,53091,WI,698,918,1
17203,C,27291,NC,698,892,1
17204,C,54770,WI,698,845,1
17205,C,72932,AR,698,793,0
17206,C,50144,IA,697,1312,0
17207,C,75643,TX,697,1193,0
17208,C,23517,VA,696,2901,1
17209,C,49908,MI,696,1325,1
17210,C,24120,VA,696,1126,0
17211,C,60922,IL,696,1035,1
17212,C,26408,WV,696,946,0
17213,C,16034,PA,696,879,1
17214,C,14481,NY,696,827,0
17215,C,24479,VA,696,760,1
17216,C,92655,CA,695,2845,1
17217,C,49733,MI,695,1510,1
17218,C,01083,MA,695,1171,1
17219,C,13034,NY,695,1119,0
17220,C,62870,IL,695,1016,1
17221,C,46050,IN,695,935,1
17222,C,40003,KY,695,840,1
17223,C,84645,UT,695,818,1
17224,C,46986,IN,695,811,1
17225,C,02898,RI,695,768,1
17226,C,74342,OK,694,1899,0
17227,C,31805,GA,694,1435,0
17228,C,28740,NC,694,1308,0
17229,C,80512,CO,694,1304,1
17230,C,56511,MN,694,1301,1
17231,C,24555,VA,694,1127,1
17232,C,42746,KY,694,1077,0
17233,C,65707,MO,694,1025,1
17234,C,31827,GA,694,1014,0
17235,C,98828,WA,694,905,1
17236,C,15438,PA,694,902,0
17237,C,56026,MN,694,813,1
17238,C,16374,PA,693,1667,0
17239,C,37097,TN,693,1266,0
17240,C,97417,OR,693,1175,1
17241,C,66783,KS,693,1135,0
17242,C,05680,VT,693,976,1
17243,C,55952,MN,693,964,1
17244,C,14034,NY,693,865,1
17245,C,61732,IL,693,799,1
17246,C,06782,CT,693,766,1
17247,C,28444,NC,692,1287,0
17248,C,97442,OR,692,1041,1
17249,C,30056,GA,692,905,1
17250,C,56331,MN,692,837,1
17251,C,47527,IN,692,824,1
17252,C,46149,IN,692,816,1
17253,C,38460,TN,692,765,0
17254,C,48635,MI,691,1683,1
17255,C,75141,TX,691,1431,0
17256,C,50060,IA,691,1126,0
17257,C,29482,SC,691,1078,1
17258,C,16936,PA,691,1038,0
17259,C,43901,OH,691,1015,0
17260,C,45880,OH,691,941,1
17261,C,40468,KY,691,911,1
17262,C,55381,MN,691,871,1
17263,C,05354,VT,690,977,1
17264,C,63384,MO,690,969,0
17265,C,57029,SD,690,947,1
17266,C,48032,MI,690,802,1
17267,C,47273,IN,690,786,1
17268,C,38547,TN,690,764,1
17269,C,18833,PA,689,1266,0
17270,C,62092,IL,689,1230,1
17271,C,50675,IA,689,983,1
17272,C,98822,WA,689,964,1
17273,C,80644,CO,689,926,1
17274,C,68832,NE,689,894,1
17275,C,52224,IA,689,884,1
17276,C,19534,PA,689,866,1
17277,C,67228,KS,689,757,0
17278,C,53125,WI,688,2254,1
17279,C,54514,WI,688,1556,1
17280,C,35078,AL,688,970,1
17281,C,04965,ME,688,879,0
17282,C,53919,WI,688,879,1
17283,C,28449,NC,687,1958,1
17284,C,28529,NC,687,1120,0
17285,C,38658,MS,687,1108,0
17286,C,12060,NY,687,987,1
17287,C,18615,PA,687,903,0
17288,C,59820,MT,687,889,1
17289,C,83832,ID,687,839,1
17290,C,53093,WI,687,779,1
17291,C,90013,CA,686,10143,0
17292,C,22454,VA,686,1349,1
17293,C,54966,WI,686,1042,1
17294,C,61326,IL,686,981,1
17295,C,75651,TX,686,967,0
17296,C,17244,PA,686,897,1
17297,C,38661,MS,686,862,0
17298,C,46165,IN,686,837,1
17299,C,62693,IL,686,797,1
17300,C,73134,OK,685,4522,1
17301,C,49759,MI,685,1594,1
17302,C,96025,CA,685,1534,1
17303,C,76245,TX,685,1408,0
17304,C,80459,CO,685,1226,1
17305,C,98295,WA,685,1181,1
17306,C,23867,VA,685,1167,0
17307,C,05773,VT,685,1094,1
17308,C,73048,OK,685,1077,0
17309,C,44411,OH,685,991,1
17310,C,65256,MO,685,931,1
17311,C,27508,NC,685,927,0
17312,C,62888,IL,685,902,1
17313,C,50629,IA,685,894,1
17314,C,35463,AL,685,878,1
17315,C,05462,VT,685,836,1
17316,C,15233,PA,684,1730,1
17317,C,12455,NY,684,1697,0
17318,C,74038,OK,684,973,0
17319,C,22735,VA,684,952,1
17320,C,05262,VT,684,922,1
17321,C,45306,OH,684,913,1
17322,C,13697,NY,684,877,0
17323,C,30234,GA,684,843,1
17324,C,22610,VA,684,830,1
17325,C,20675,MD,684,711,1
17326,C,72348,AR,683,1368,1
17327,C,75851,TX,683,1220,0
17328,C,43973,OH,683,1191,0
17329,C,23420,VA,683,1182,0
17330,C,54405,WI,683,1032,1
17331,C,17965,PA,683,961,0
17332,C,50458,IA,683,932,1
17333,C,43466,OH,683,914,1
17334,C,12023,NY,683,906,1
17335,C,02109,MA,682,2719,0
17336,C,92391,CA,682,1546,1
17337,C,57732,SD,682,1519,1
17338,C,29628,SC,682,1375,0
17339,C,65649,MO,682,1054,1
17340,C,65239,MO,682,805,0
17341,C,03266,NH,681,1262,1
17342,C,28450,NC,681,1208,1
17343,C,35752,AL,681,1204,1
17344,C,46161,IN,681,974,1
17345,C,71941,AR,681,949,0
17346,C,27551,NC,680,1639,1
17347,C,24216,VA,680,1236,0
17348,C,35136,AL,680,1201,0
17349,C,29809,SC,680,1080,1
17350,C,78379,TX,680,1064,0
17351,C,63369,MO,680,1054,1
17352,C,56264,MN,680,968,1
17353,C,81410,CO,680,827,1
17354,C,46917,IN,680,804,1
17355,C,11509,NY,679,1193,1
17356,C,62958,IL,679,1012,1
17357,C,12137,NY,679,907,1
17358,C,52322,IA,679,819,1
17359,C,04555,ME,678,1144,1
17360,C,12581,NY,678,1144,1
17361,C,54028,WI,678,1001,1
17362,C,62898,IL,678,893,1
17363,C,50166,IA,678,737,1
17364,C,54135,WI,677,1671,1
17365,C,81120,CO,677,1609,0
17366,C,83226,ID,677,1409,0
17367,C,12979,NY,677,1344,1
17368,C,85630,AZ,677,1260,1
17369,C,50854,IA,677,1070,0
17370,C,37142,TN,677,823,1
17371,C,60146,IL,676,930,1
17372,C,65646,MO,676,926,0
17373,C,62351,IL,676,835,1
17374,C,13637,NY,675,2491,0
17375,C,82513,WY,675,1426,1
17376,C,39116,MS,675,939,0
17377,C,37694,TN,675,840,0
17378,C,21794,MD,675,700,1
17379,C,27356,NC,674,1442,0
17380,C,78656,TX,674,1073,0
17381,C,79241,TX,674,1005,0
17382,C,27007,NC,674,995,1
17383,C,47838,IN,674,945,0
17384,C,21838,MD,674,928,1
17385,C,44849,OH,674,872,1
17386,C,12057,NY,674,854,0
17387,C,08732,NJ,674,829,1
17388,C,56330,MN,674,768,1
17389,C,43620,OH,673,3003,1
17390,C,12776,NY,673,1882,0
17391,C,06757,CT,673,1272,1
17392,C,31542,GA,673,1271,0
17393,C,43942,OH,673,1150,0
17394,C,80828,CO,673,1117,1
17395,C,38067,TN,673,1082,0
17396,C,48834,MI,673,967,1
17397,C,83629,ID,673,941,1
17398,C,67431,KS,673,926,1
17399,C,03887,NH,673,900,1
17400,C,52755,IA,673,870,1
17401,C,57038,SD,673,765,1
17402,C,58784,ND,672,1339,0
17403,C,78357,TX,672,1276,0
17404,C,76671,TX,672,1158,0
17405,C,01340,MA,672,1001,1
17406,C,46031,IN,672,943,1
17407,C,53923,WI,672,889,1
17408,C,54896,WI,671,2179,1
17409,C,27812,NC,671,1240,0
17410,C,97544,OR,671,987,1
17411,C,17830,PA,671,984,0
17412,C,41086,KY,671,982,1
17413,C,99723,AK,670,1750,0
17414,C,03255,NH,670,1532,1
17415,C,72833,AR,670,1464,0
17416,C,28515,NC,670,1330,0
17417,C,38659,MS,670,1237,1
17418,C,71067,LA,670,1192,0
17419,C,98935,WA,670,1191,1
17420,C,57638,SD,670,1119,0
17421,C,15035,PA,670,1112,1
17422,C,14101,NY,670,1073,0
17423,C,21520,MD,670,1028,1
17424,C,87535,NM,670,1000,0
17425,C,10537,NY,670,984,1
17426,C,32564,FL,670,892,1
17427,C,49235,MI,670,888,1
17428,C,03449,NH,670,886,1
17429,C,76935,TX,670,885,1
17430,C,15521,PA,670,798,0
17431,C,47384,IN,670,792,1
17432,C,52639,IA,670,768,1
17433,C,03245,NH,669,1466,1
17434,C,59313,MT,669,1223,1
17435,C,71355,LA,669,1221,1
17436,C,23923,VA,669,1194,0
17437,C,70559,LA,669,1102,0
17438,C,25882,WV,669,1086,0
17439,C,42166,KY,669,1036,1
17440,C,43022,OH,669,945,1
17441,C,45153,OH,669,914,1
17442,C,42411,KY,669,898,0
17443,C,56044,MN,669,855,1
17444,C,56128,MN,669,815,1
17445,C,54209,WI,668,2012,1
17446,C,92561,CA,668,1014,1
17447,C,61028,IL,668,1013,1
17448,C,90028,CA,667,22344,1
17449,C,76857,TX,667,1762,0
17450,C,28618,NC,667,1348,1
17451,C,96752,HI,667,1343,0
17452,C,23175,VA,667,1307,1
17453,C,23888,VA,667,1153,1
17454,C,43332,OH,667,887,1
17455,C,72087,AR,667,738,0
17456,C,87025,NM,666,1200,1
17457,C,43988,OH,666,1183,1
17458,C,54618,WI,666,1059,1
17459,C,60938,IL,666,953,1
17460,C,62379,IL,666,931,1
17461,C,05759,VT,666,873,1
17462,C,05472,VT,666,867,1
17463,C,10526,NY,666,795,1
17464,C,61843,IL,666,787,1
17465,C,43903,OH,665,1131,0
17466,C,59523,MT,665,1131,0
17467,C,93527,CA,665,1069,1
17468,C,12916,NY,665,1060,0
17469,C,29162,SC,665,1000,0
17470,C,30105,GA,665,1000,1
17471,C,66087,KS,665,934,1
17472,C,83855,ID,665,914,1
17473,C,37325,TN,665,870,1
17474,C,66076,KS,665,862,1
17475,C,47272,IN,665,853,1
17476,C,04538,ME,664,1826,1
17477,C,13661,NY,664,1227,0
17478,C,50833,IA,664,1044,1
17479,C,16822,PA,664,1007,0
17480,C,37724,TN,663,1351,0
17481,C,58623,ND,663,1083,1
17482,C,03864,NH,663,987,1
17483,C,65717,MO,663,985,0
17484,C,12066,NY,663,864,1
17485,C,56332,MN,663,849,1
17486,C,50236,IA,663,803,1
17487,C,56655,MN,662,2000,1
17488,C,39063,MS,662,1439,0
17489,C,62257,IL,662,1092,1
17490,C,59221,MT,662,1031,0
17491,C,12912,NY,662,1011,0
17492,C,55939,MN,662,972,1
17493,C,43009,OH,662,782,1
17494,C,13607,NY,661,2079,0
17495,C,03814,NH,661,1886,1
17496,C,49689,MI,661,1611,1
17497,C,56433,MN,661,1365,1
17498,C,31749,GA,661,1102,0
17499,C,14427,NY,661,1024,1
17500,C,97107,OR,661,974,1
17501,C,47368,IN,661,960,1
17502,C,53170,WI,661,922,1
17503,C,50244,IA,661,761,1
17504,C,54227,WI,661,746,1
17505,C,47305,IN,660,2512,1
17506,C,92590,CA,660,2023,1
17507,C,93615,CA,660,1518,1
17508,C,28623,NC,660,1114,0
17509,C,76556,TX,660,931,0
17510,C,67067,KS,660,862,1
17511,C,53001,WI,660,832,1
17512,C,28717,NC,659,2310,1
17513,C,13646,NY,659,2236,0
17514,C,37356,TN,659,1372,1
17515,C,30669,GA,659,1282,1
17516,C,11939,NY,659,1222,1
17517,C,58220,ND,659,1171,1
17518,C,15436,PA,659,1149,0
17519,C,63771,MO,659,1083,1
17520,C,24589,VA,659,1020,0
17521,C,15458,PA,659,950,0
17522,C,65023,MO,659,874,1
17523,C,55932,MN,659,866,1
17524,C,01611,MA,659,845,1
17525,C,68523,NE,659,723,1
17526,C,67104,KS,658,1186,0
17527,C,22460,VA,658,1135,1
17528,C,13408,NY,658,984,0
17529,C,45303,OH,658,979,1
17530,C,75436,TX,658,977,0
17531,C,47145,IN,658,972,1
17532,C,13843,NY,658,913,0
17533,C,45232,OH,657,3369,1
17534,C,04983,ME,657,1075,0
17535,C,26147,WV,657,1033,0
17536,C,24067,VA,657,949,1
17537,C,25827,WV,657,884,1
17538,C,92676,CA,657,774,1
17539,C,77002,TX,656,8960,0
17540,C,15112,PA,656,1841,0
17541,C,60165,IL,656,1364,1
17542,C,30445,GA,656,1274,0
17543,C,26807,WV,656,1218,0
17544,C,14747,NY,656,997,0
17545,C,72039,AR,656,944,0
17546,C,55012,MN,656,821,1
17547,C,52248,IA,656,810,0
17548,C,61760,IL,655,1048,1
17549,C,74964,OK,655,957,0
17550,C,30251,GA,655,940,1
17551,C,28606,NC,655,929,0
17552,C,47850,IN,655,899,1
17553,C,48815,MI,655,872,1
17554,C,61030,IL,655,837,1
17555,C,10973,NY,655,817,1
17556,C,33786,FL,654,1207,1
17557,C,05660,VT,654,935,1
17558,C,22830,VA,654,919,0
17559,C,21871,MD,654,851,1
17560,C,83833,ID,653,1618,1
17561,C,54824,WI,653,1076,1
17562,C,61415,IL,653,904,1
17563,C,52747,IA,653,886,1
17564,C,84320,UT,653,842,1
17565,C,81055,CO,652,1718,1
17566,C,22967,VA,652,1455,1
17567,C,72722,AR,652,1208,1
17568,C,23960,VA,652,1112,0
17569,C,42088,KY,652,1030,1
17570,C,43554,OH,652,1021,1
17571,C,72840,AR,652,1006,0
17572,C,44867,OH,652,996,1
17573,C,23882,VA,652,990,0
17574,C,31020,GA,652,973,0
17575,C,58563,ND,652,927,1
17576,C,55052,MN,652,886,1
17577,C,62215,IL,652,814,1
17578,C,68937,NE,651,1300,1
17579,C,42455,KY,651,1278,1
17580,C,86337,AZ,651,1245,0
17581,C,72562,AR,651,1126,0
17582,C,05257,VT,651,1109,1
17583,C,74941,OK,651,1058,0
17584,C,53529,WI,651,899,1
17585,C,73016,OK,651,825,0
17586,C,62245,IL,651,770,1
17587,C,97018,OR,651,758,1
17588,C,48748,MI,650,1817,1
17589,C,79095,TX,650,1238,0
17590,C,32181,FL,650,1189,0
17591,C,38601,MS,650,1154,1
17592,C,03837,NH,650,1073,1
17593,C,62262,IL,650,919,1
17594,C,35089,AL,650,886,0
17595,C,70652,LA,650,883,1
17596,C,72534,AR,650,743,0
17597,C,15942,PA,650,726,0
17598,C,44441,OH,650,700,1
17599,C,04668,ME,649,1319,0
17600,C,14718,NY,649,927,0
17601,C,04087,ME,649,901,1
17602,C,39561,MS,649,891,1
17603,C,57053,SD,649,881,1
17604,C,12052,NY,649,876,1
17605,C,20860,MD,649,849,1
17606,C,98547,WA,648,1453,1
17607,C,68869,NE,648,1102,1
17608,C,36769,AL,648,1086,0
17609,C,13320,NY,648,1039,0
17610,C,03227,NH,648,1020,1
17611,C,08828,NJ,648,1008,1
17612,C,46991,IN,648,940,1
17613,C,47513,IN,648,936,1
17614,C,65254,MO,648,925,0
17615,C,38220,TN,648,923,0
17616,C,72633,AR,648,828,0
17617,C,83250,ID,648,780,1
17618,C,22713,VA,648,768,1
17619,C,49033,MI,648,741,1
17620,C,72006,AR,647,1162,0
17621,C,13775,NY,647,1041,0
17622,C,69358,NE,647,1031,1
17623,C,07074,NJ,647,985,1
17624,C,16130,PA,647,928,0
17625,C,49092,MI,647,826,1
17626,C,53006,WI,647,822,1
17627,C,52324,IA,647,723,1
17628,C,17034,PA,646,1553,1
17629,C,93609,CA,646,1483,1
17630,C,94511,CA,646,1072,1
17631,C,95255,CA,646,1048,1
17632,C,18850,PA,646,975,0
17633,C,15479,PA,646,968,0
17634,C,98635,WA,646,943,1
17635,C,97824,OR,646,824,1
17636,C,64146,MO,646,818,1
17637,C,95977,CA,646,778,1
17638,C,73151,OK,646,646,1
17639,C,65661,MO,645,1292,0
17640,C,08733,NJ,645,1117,1
17641,C,03781,NH,645,840,1
17642,C,66439,KS,644,1229,1
17643,C,23410,VA,644,1118,1
17644,C,36276,AL,644,1019,0
17645,C,72473,AR,644,996,0
17646,C,47373,IN,644,900,1
17647,C,61849,IL,644,813,1
17648,C,57793,SD,644,806,1
17649,C,73015,OK,643,1216,0
17650,C,73945,OK,643,1096,0
17651,C,37018,TN,643,1009,1
17652,C,27829,NC,643,979,0
17653,C,38568,TN,643,958,0
17654,C,51529,IA,643,914,1
17655,C,59436,MT,643,900,1
17656,C,59749,MT,643,885,1
17657,C,06752,CT,643,859,1
17658,C,01474,MA,643,777,1
17659,C,86441,AZ,642,1344,0
17660,C,28615,NC,642,1227,1
17661,C,38748,MS,642,1224,0
17662,C,72438,AR,642,1063,0
17663,C,64740,MO,642,1011,0
17664,C,61833,IL,642,953,1
17665,C,72137,AR,642,909,0
17666,C,60476,IL,642,849,1
17667,C,84325,UT,642,737,1
17668,C,46745,IN,642,659,1
17669,C,28774,NC,641,2603,1
17670,C,27842,NC,641,1927,1
17671,C,12870,NY,641,1852,1
17672,C,36748,AL,641,1431,1
17673,C,49795,MI,641,1197,1
17674,C,40011,KY,641,901,1
17675,C,56540,MN,641,829,1
17676,C,44064,OH,641,715,1
17677,C,23043,VA,640,1596,1
17678,C,26033,WV,640,1282,0
17679,C,92061,CA,640,1020,1
17680,C,42409,KY,640,981,0
17681,C,62910,IL,640,935,1
17682,C,47963,IN,640,890,1
17683,C,23438,VA,640,711,1
17684,C,29935,SC,639,2126,1
17685,C,85938,AZ,639,1241,1
17686,C,85646,AZ,639,1110,1
17687,C,67835,KS,639,1049,1
17688,C,05767,VT,639,1017,0
17689,C,55949,MN,639,998,1
17690,C,71259,LA,639,883,0
17691,C,38482,TN,639,733,1
17692,C,39203,MS,638,2806,0
17693,C,13685,NY,638,1444,1
17694,C,29056,SC,638,1161,0
17695,C,30630,GA,638,1152,1
17696,C,15535,PA,638,1124,0
17697,C,68779,NE,638,1008,1
17698,C,15637,PA,638,910,0
17699,C,49089,MI,638,795,1
17700,C,52623,IA,638,794,1
17701,C,20137,VA,638,721,1
17702,C,61535,IL,638,666,1
17703,C,49402,MI,637,1489,1
17704,C,76629,TX,637,1113,0
17705,C,42027,KY,637,903,1
17706,C,16878,PA,637,792,0
17707,C,96717,HI,636,1686,1
17708,C,49630,MI,636,1418,1
17709,C,95464,CA,636,1376,1
17710,C,94508,CA,636,1128,1
17711,C,54624,WI,636,1027,1
17712,C,04911,ME,636,986,0
17713,C,40107,KY,636,970,1
17714,C,16041,PA,636,967,0
17715,C,55342,MN,636,937,1
17716,C,81654,CO,636,935,1
17717,C,51521,IA,636,934,1
17718,C,74878,OK,636,817,0
17719,C,92661,CA,635,2727,1
17720,C,74116,OK,635,1665,1
17721,C,12788,NY,635,1341,1
17722,C,47959,IN,635,1112,1
17723,C,23922,VA,635,998,0
17724,C,12516,NY,635,990,1
17725,C,73543,OK,635,893,0
17726,C,57003,SD,635,772,1
17727,C,84326,UT,635,702,1
17728,C,06018,CT,634,1240,1
17729,C,38948,MS,634,1221,0
17730,C,12723,NY,634,1212,1
17731,C,11957,NY,634,1095,1
17732,C,14806,NY,634,998,0
17733,C,97538,OR,634,964,1
17734,C,31790,GA,634,919,1
17735,C,61914,IL,634,892,1
17736,C,61957,IL,634,850,0
17737,C,16141,PA,634,774,0
17738,C,66050,KS,634,759,1
17739,C,61087,IL,634,726,1
17740,C,21737,MD,634,689,1
17741,C,44902,OH,633,2240,1
17742,C,18372,PA,633,1741,0
17743,C,68791,NE,633,936,0
17744,C,47260,IN,633,833,1
17745,C,15043,PA,633,770,1
17746,C,01341,MA,633,760,1
17747,C,49656,MI,632,1612,0
17748,C,32358,FL,632,1327,1
17749,C,23966,VA,632,1036,1
17750,C,71419,LA,632,1002,0
17751,C,54436,WI,632,941,1
17752,C,56589,MN,631,1289,1
17753,C,56630,MN,631,1117,1
17754,C,67669,KS,631,990,0
17755,C,24983,WV,631,969,0
17756,C,23883,VA,631,963,1
17757,C,64482,MO,631,959,0
17758,C,75127,TX,631,850,0
17759,C,37328,TN,631,728,0
17760,C,10004,NY,630,2146,0
17761,C,54876,WI,630,1964,1
17762,C,56528,MN,630,1811,1
17763,C,37881,TN,630,1073,0
17764,C,60556,IL,630,781,1
17765,C,30805,GA,629,1139,0
17766,C,23149,VA,629,1092,1
17767,C,65590,MO,629,1025,0
17768,C,77564,TX,629,920,0
17769,C,74563,OK,629,909,0
17770,C,78638,TX,629,875,1
17771,C,49238,MI,629,836,1
17772,C,51576,IA,629,751,1
17773,C,38633,MS,628,1165,0
17774,C,63549,MO,628,1102,0
17775,C,03588,NH,628,1065,1
17776,C,96027,CA,628,928,1
17777,C,55732,MN,628,898,1
17778,C,46171,IN,628,813,1
17779,C,01054,MA,628,797,1
17780,C,04574,ME,628,788,1
17781,C,65724,MO,627,1434,0
17782,C,12155,NY,627,1007,0
17783,C,64469,MO,627,963,1
17784,C,53806,WI,627,958,1
17785,C,49905,MI,627,888,1
17786,C,04020,ME,627,876,1
17787,C,43222,OH,626,2311,1
17788,C,14743,NY,626,1111,0
17789,C,04943,ME,626,1102,0
17790,C,12737,NY,626,1089,1
17791,C,74726,OK,626,953,0
17792,C,42528,KY,626,920,0
17793,C,53059,WI,626,768,1
17794,C,13625,NY,625,1119,0
17795,C,03455,NH,625,1011,1
17796,C,51241,IA,625,860,1
17797,C,46919,IN,625,827,1
17798,C,30641,GA,625,725,1
17799,C,04543,ME,624,1339,1
17800,C,13160,NY,624,1000,0
17801,C,82410,WY,624,863,1
17802,C,23038,VA,624,822,1
17803,C,19964,DE,624,674,1
17804,C,02113,MA,623,4664,0
17805,C,14544,NY,623,1256,1
17806,C,24281,VA,623,1110,0
17807,C,13797,NY,623,856,0
17808,C,15747,PA,623,824,0
17809,C,62854,IL,623,779,0
17810,C,47619,IN,623,764,0
17811,C,51003,IA,623,762,1
17812,C,15344,PA,623,760,0
17813,C,66856,KS,623,738,1
17814,C,77430,TX,623,736,1
17815,C,95497,CA,622,1813,0
17816,C,66401,KS,622,1089,1
17817,C,54498,WI,622,950,1
17818,C,15322,PA,622,836,0
17819,C,65624,MO,622,831,1
17820,C,40144,KY,622,813,0
17821,C,14030,NY,622,791,0
17822,C,56036,MN,622,776,1
17823,C,02557,MA,621,2790,1
17824,C,54547,WI,621,1885,0
17825,C,54821,WI,621,1766,1
17826,C,04652,ME,621,1370,0
17827,C,12449,NY,621,1194,1
17828,C,96134,CA,621,1031,0
17829,C,76064,TX,621,1022,1
17830,C,43771,OH,621,997,1
17831,C,61012,IL,621,788,1
17832,C,06254,CT,621,754,1
17833,C,65349,MO,620,1250,0
17834,C,73573,OK,620,1159,0
17835,C,05148,VT,620,1145,1
17836,C,54424,WI,620,1138,1
17837,C,78055,TX,620,1137,0
17838,C,16912,PA,620,1075,0
17839,C,65284,MO,620,1013,1
17840,C,32044,FL,620,965,0
17841,C,53543,WI,620,867,1
17842,C,59063,MT,620,861,1
17843,C,80926,CO,620,729,1
17844,C,30568,GA,619,1231,1
17845,C,04352,ME,619,1136,0
17846,C,37012,TN,619,1014,1
17847,C,47230,IN,619,831,1
17848,C,97112,OR,618,1337,1
17849,C,07088,NJ,618,1140,1
17850,C,38563,TN,618,922,1
17851,C,85342,AZ,618,841,1
17852,C,51535,IA,618,825,1
17853,C,52218,IA,618,760,1
17854,C,43734,OH,618,757,1
17855,C,55031,MN,618,726,1
17856,C,74119,OK,617,3229,1
17857,C,14781,NY,617,900,0
17858,C,43145,OH,617,882,1
17859,C,12062,NY,617,865,1
17860,C,45768,OH,617,829,0
17861,C,63015,MO,617,791,1
17862,C,29726,SC,617,783,1
17863,C,15055,PA,617,677,0
17864,C,16313,PA,616,1243,0
17865,C,22971,VA,616,1157,1
17866,C,83448,ID,616,921,1
17867,C,54766,WI,616,849,1
17868,C,01081,MA,616,831,1
17869,C,54491,WI,615,1643,1
17870,C,51579,IA,615,919,1
17871,C,17864,PA,615,823,0
17872,C,16664,PA,615,774,0
17873,C,43136,OH,615,719,0
17874,C,05674,VT,614,2505,1
17875,C,84759,UT,614,1421,1
17876,C,12993,NY,614,1227,0
17877,C,96779,HI,614,1155,1
17878,C,24176,VA,614,1140,1
17879,C,57430,SD,614,1027,1
17880,C,87514,NM,614,1015,0
17881,C,72738,AR,614,945,1
17882,C,54635,WI,614,907,1
17883,C,61232,IL,614,700,1
17884,C,52756,IA,614,662,1
17885,C,31301,GA,613,2058,0
17886,C,32625,FL,613,1262,1
17887,C,46951,IN,613,1023,1
17888,C,64725,MO,613,888,1
17889,C,72136,AR,613,874,0
17890,C,38642,MS,613,782,0
17891,C,56338,MN,612,1229,1
17892,C,05829,VT,612,1141,1
17893,C,54856,WI,612,1038,1
17894,C,04342,ME,612,813,1
17895,C,02670,MA,611,2173,1
17896,C,72411,AR,611,1143,0
17897,C,66075,KS,611,1135,1
17898,C,16028,PA,611,1087,0
17899,C,35677,AL,611,1064,0
17900,C,65626,MO,611,1018,0
17901,C,97431,OR,611,953,1
17902,C,62271,IL,611,851,1
17903,C,61450,IL,611,850,1
17904,C,53019,WI,611,813,1
17905,C,92662,CA,610,1869,0
17906,C,18629,PA,610,1078,0
17907,C,23898,VA,610,998,1
17908,C,62330,IL,610,870,0
17909,C,76630,TX,610,788,1
17910,C,15423,PA,610,774,0
17911,C,36752,AL,610,770,0
17912,C,55936,MN,610,762,1
17913,C,56443,MN,609,1449,1
17914,C,08740,NJ,609,1231,1
17915,C,72354,AR,609,1093,0
17916,C,98592,WA,609,954,1
17917,C,43464,OH,609,860,1
17918,C,49113,MI,609,833,1
17919,C,05459,VT,609,830,1
17920,C,83241,ID,609,815,1
17921,C,84071,UT,609,640,1
17922,C,97054,OR,609,638,1
17923,C,39216,MS,608,2073,1
17924,C,96763,HI,608,1578,1
17925,C,63638,MO,608,1238,0
17926,C,29563,SC,608,1079,0
17927,C,58577,ND,608,961,1
17928,C,25520,WV,608,842,0
17929,C,44214,OH,608,776,1
17930,C,60180,IL,608,743,1
17931,C,42456,KY,608,728,1
17932,C,72342,AR,607,2448,1
17933,C,87825,NM,607,1401,0
17934,C,65668,MO,607,1065,0
17935,C,12059,NY,607,1020,1
17936,C,29030,SC,607,837,1
17937,C,01053,MA,607,820,1
17938,C,56229,MN,607,799,1
17939,C,41083,KY,607,766,0
17940,C,32359,FL,606,2068,0
17941,C,99587,AK,606,1587,0
17942,C,05345,VT,606,1102,1
17943,C,28670,NC,606,1031,0
17944,C,61285,IL,606,998,1
17945,C,62926,IL,606,989,0
17946,C,42740,KY,606,932,1
17947,C,67642,KS,606,928,0
17948,C,25070,WV,606,796,1
17949,C,77455,TX,606,785,0
17950,C,42716,KY,606,775,0
17951,C,83823,ID,606,746,1
17952,C,05494,VT,606,700,1
17953,C,85638,AZ,605,1127,1
17954,C,49776,MI,605,1025,1
17955,C,94020,CA,605,978,1
17956,C,48886,MI,605,975,1
17957,C,65682,MO,605,974,0
17958,C,36321,AL,605,892,0
17959,C,03465,NH,605,876,1
17960,C,04786,ME,605,873,0
17961,C,49061,MI,605,867,1
17962,C,99402,WA,605,843,1
17963,C,28435,NC,605,838,0
17964,C,61744,IL,605,813,1
17965,C,56475,MN,605,800,1
17966,C,05444,VT,605,706,1
17967,C,03856,NH,605,641,1
17968,C,93256,CA,604,1484,1
17969,C,72530,AR,604,1368,1
17970,C,81236,CO,604,1201,1
17971,C,24375,VA,604,1105,0
17972,C,29426,SC,604,819,0
17973,C,64490,MO,604,813,1
17974,C,61813,IL,604,805,1
17975,C,65552,MO,604,794,0
17976,C,56336,MN,603,1159,1
17977,C,59645,MT,603,1077,1
17978,C,71720,AR,603,1034,0
17979,C,71362,LA,603,935,1
17980,C,60424,IL,603,920,1
17981,C,87036,NM,603,901,0
17982,C,47928,IN,603,853,0
17983,C,55088,MN,603,671,1
17984,C,12740,NY,602,1095,1
17985,C,58552,ND,602,997,0
17986,C,26519,WV,602,885,0
17987,C,27507,NC,602,863,1
17988,C,65612,MO,602,825,1
17989,C,14028,NY,602,794,1
17990,C,17721,PA,602,780,0
17991,C,60955,IL,602,759,1
17992,C,14814,NY,602,737,1
17993,C,62554,IL,602,717,1
17994,C,24437,VA,602,602,1
17995,C,93516,CA,601,1286,0
17996,C,72619,AR,601,1159,1
17997,C,15639,PA,601,1008,1
17998,C,30627,GA,601,985,1
17999,C,74450,OK,601,733,1
18000,C,44417,OH,601,634,1
18001,C,35618,AL,600,985,0
18002,C,56088,MN,600,977,1
18003,C,51034,IA,600,889,1
18004,C,33514,FL,600,863,0
18005,C,56037,MN,600,744,1
18006,C,47386,IN,600,665,1
18007,C,63332,MO,600,652,1
18008,C,54156,WI,599,1770,1
18009,C,13083,NY,599,931,0
18010,C,45346,OH,599,862,1
18011,C,55084,MN,599,842,1
18012,C,17309,PA,599,795,1
18013,C,03230,NH,599,762,1
18014,C,49410,MI,598,1362,1
18015,C,73550,OK,598,1132,0
18016,C,55795,MN,598,1060,1
18017,C,74940,OK,598,957,0
18018,C,74561,OK,598,928,0
18019,C,15333,PA,598,865,0
18020,C,52565,IA,598,855,0
18021,C,29664,SC,597,1272,1
18022,C,72658,AR,597,992,1
18023,C,49026,MI,597,981,1
18024,C,68756,NE,597,959,1
18025,C,96056,CA,597,916,1
18026,C,40374,KY,597,862,0
18027,C,50604,IA,597,772,1
18028,C,67050,KS,597,709,1
18029,C,04095,ME,596,1058,1
18030,C,59932,MT,596,1033,1
18031,C,56017,MN,596,916,1
18032,C,50058,IA,596,860,1
18033,C,56243,MN,596,844,1
18034,C,74865,OK,596,834,0
18035,C,73067,OK,596,824,0
18036,C,62544,IL,596,748,1
18037,C,53137,WI,596,652,1
18038,C,39851,GA,595,1376,0
18039,C,49645,MI,595,1117,1
18040,C,62037,IL,595,1096,1
18041,C,54128,WI,595,1071,1
18042,C,13459,NY,595,992,0
18043,C,37892,TN,595,860,0
18044,C,85325,AZ,595,836,0
18045,C,50046,IA,595,792,1
18046,C,41539,KY,595,737,0
18047,C,80137,CO,595,639,1
18048,C,20710,MD,594,3593,1
18049,C,96103,CA,594,1773,1
18050,C,18917,PA,594,1059,1
18051,C,54930,WI,594,1011,1
18052,C,50028,IA,594,776,1
18053,C,15357,PA,594,766,0
18054,C,60444,IL,594,734,1
18055,C,78623,TX,594,678,1
18056,C,31829,GA,594,635,1
18057,C,11955,NY,593,1626,1
18058,C,26812,WV,593,1198,0
18059,C,13145,NY,593,1063,0
18060,C,28455,NC,593,964,0
18061,C,56531,MN,593,924,1
18062,C,04290,ME,593,870,0
18063,C,61483,IL,593,852,0
18064,C,54740,WI,593,837,1
18065,C,13146,NY,593,828,0
18066,C,79019,TX,593,826,0
18067,C,62360,IL,593,768,1
18068,C,74081,OK,593,757,0
18069,C,04539,ME,593,674,1
18070,C,64105,MO,592,4673,0
18071,C,65674,MO,592,1187,0
18072,C,04553,ME,592,918,1
18073,C,73762,OK,592,859,1
18074,C,12173,NY,592,835,1
18075,C,64734,MO,592,802,1
18076,C,51035,IA,592,790,1
18077,C,29743,SC,592,693,0
18078,C,95019,CA,591,1899,1
18079,C,44506,OH,591,1341,0
18080,C,29530,SC,591,1283,0
18081,C,97360,OR,591,964,1
18082,C,77417,TX,591,926,0
18083,C,67117,KS,591,914,1
18084,C,41064,KY,591,887,0
18085,C,12086,NY,591,864,0
18086,C,38541,TN,591,795,0
18087,C,94957,CA,591,775,1
18088,C,46182,IN,591,663,1
18089,C,46911,IN,591,654,1
18090,C,89501,NV,590,2975,0
18091,C,01080,MA,590,1097,0
18092,C,65786,MO,590,1065,1
18093,C,74032,OK,590,935,0
18094,C,43360,OH,590,807,1
18095,C,25241,WV,590,798,0
18096,C,65644,MO,590,740,1
18097,C,80650,CO,590,727,1
18098,C,75668,TX,589,1158,0
18099,C,99357,WA,589,1123,0
18100,C,27315,NC,589,944,1
18101,C,28573,NC,589,940,1
18102,C,56284,MN,589,924,1
18103,C,64489,MO,589,919,0
18104,C,14477,NY,589,851,1
18105,C,51025,IA,589,831,1
18106,C,76554,TX,589,828,0
18107,C,38369,TN,589,808,0
18108,C,15940,PA,589,773,1
18109,C,45333,OH,589,627,1
18110,C,23035,VA,588,929,1
18111,C,35744,AL,588,920,0
18112,C,27208,NC,588,902,1
18113,C,28689,NC,588,896,1
18114,C,21521,MD,588,747,0
18115,C,53046,WI,588,738,1
18116,C,99119,WA,587,1319,1
18117,C,04563,ME,587,992,1
18118,C,87537,NM,587,958,0
18119,C,28521,NC,587,937,0
18120,C,28369,NC,587,915,0
18121,C,13620,NY,587,900,0
18122,C,15474,PA,587,873,0
18123,C,66052,KS,587,827,1
18124,C,05483,VT,587,775,1
18125,C,35610,AL,587,642,1
18126,C,78208,TX,586,2292,0
18127,C,72365,AR,586,1162,0
18128,C,65761,MO,586,1063,0
18129,C,12974,NY,586,914,0
18130,C,81140,CO,586,864,0
18131,C,55710,MN,586,842,1
18132,C,67146,KS,586,809,1
18133,C,27980,NC,586,793,1
18134,C,37828,TN,586,791,1
18135,C,52352,IA,586,778,1
18136,C,67522,KS,586,770,1
18137,C,61047,IL,586,708,1
18138,C,03082,NH,586,694,1
18139,C,91204,CA,585,7095,1
18140,C,03217,NH,585,1340,1
18141,C,83631,ID,585,1115,0
18142,C,48770,MI,585,1016,1
18143,C,04354,ME,585,981,1
18144,C,27869,NC,585,974,0
18145,C,49405,MI,585,940,1
18146,C,65582,MO,585,934,0
18147,C,41256,KY,585,839,1
18148,C,21668,MD,585,792,1
18149,C,16865,PA,585,762,1
18150,C,65617,MO,585,734,1
18151,C,59254,MT,584,1127,0
18152,C,97836,OR,584,1120,1
18153,C,51450,IA,584,1038,1
18154,C,40806,KY,584,932,0
18155,C,76453,TX,584,927,0
18156,C,68045,NE,584,874,1
18157,C,03774,NH,584,843,0
18158,C,05830,VT,584,839,1
18159,C,63055,MO,584,775,1
18160,C,71834,AR,584,733,0
18161,C,58785,ND,584,642,1
18162,C,54566,WI,583,1394,1
18163,C,35548,AL,583,857,0
18164,C,68979,NE,583,769,1
18165,C,04110,ME,583,706,1
18166,C,55771,MN,582,1904,1
18167,C,04945,ME,582,1204,0
18168,C,20198,VA,582,1136,1
18169,C,93202,CA,582,1119,1
18170,C,38374,TN,582,1094,1
18171,C,36353,AL,582,936,0
18172,C,40050,KY,582,831,0
18173,C,74840,OK,582,818,0
18174,C,74051,OK,582,812,0
18175,C,71007,LA,582,795,1
18176,C,08738,NJ,581,1720,1
18177,C,25523,WV,581,1168,0
18178,C,79083,TX,581,1128,0
18179,C,74883,OK,581,1125,0
18180,C,28510,NC,581,1029,1
18181,C,65713,MO,581,946,1
18182,C,71842,AR,581,929,0
18183,C,53517,WI,581,834,1
18184,C,15428,PA,581,765,0
18185,C,46076,IN,581,745,1
18186,C,55089,MN,581,685,1
18187,C,47456,IN,581,649,1
18188,C,10018,NY,580,5678,0
18189,C,38079,TN,580,1534,0
18190,C,83654,ID,580,1148,1
18191,C,71039,LA,580,1011,0
18192,C,06777,CT,580,985,1
18193,C,50130,IA,580,726,1
18194,C,89510,NV,580,694,1
18195,C,77622,TX,580,666,0
18196,C,83810,ID,580,648,1
18197,C,04785,ME,579,1281,0
18198,C,55332,MN,579,773,1
18199,C,51237,IA,579,716,1
18200,C,94108,CA,578,7730,0
18201,C,74880,OK,578,897,0
18202,C,54433,WI,578,854,1
18203,C,28392,NC,578,842,0
18204,C,98351,WA,578,816,1
18205,C,55985,MN,578,764,1
18206,C,03823,NH,578,751,1
18207,C,35984,AL,577,1378,1
18208,C,07717,NJ,577,1254,1
18209,C,42048,KY,577,1089,1
18210,C,58639,ND,577,1048,0
18211,C,42352,KY,577,900,0
18212,C,40142,KY,577,874,0
18213,C,37050,TN,577,811,0
18214,C,13660,NY,577,757,0
18215,C,63621,MO,577,746,0
18216,C,68430,NE,577,606,1
18217,C,63101,MO,576,2457,0
18218,C,86024,AZ,576,2177,1
18219,C,95445,CA,576,1321,1
18220,C,77046,TX,576,1312,0
18221,C,80478,CO,576,1277,1
18222,C,93453,CA,576,1151,1
18223,C,28421,NC,576,1072,0
18224,C,54858,WI,576,1053,1
18225,C,87321,NM,576,1038,0
18226,C,99780,AK,576,984,0
18227,C,74332,OK,576,847,0
18228,C,14033,NY,576,727,1
18229,C,14040,NY,576,620,1
18230,C,03845,NH,575,1327,0
18231,C,24283,VA,575,988,0
18232,C,06058,CT,575,973,1
18233,C,62087,IL,575,933,0
18234,C,61943,IL,575,861,1
18235,C,46048,IN,575,809,1
18236,C,37313,TN,575,692,0
18237,C,68642,NE,575,691,1
18238,C,80442,CO,574,2976,1
18239,C,12941,NY,574,1062,0
18240,C,44608,OH,574,1037,1
18241,C,31815,GA,574,969,0
18242,C,61501,IL,574,968,0
18243,C,18812,PA,574,933,0
18244,C,58270,ND,574,911,1
18245,C,16650,PA,574,907,0
18246,C,16922,PA,573,1937,0
18247,C,28617,NC,573,1218,1
18248,C,14541,NY,573,1115,1
18249,C,31826,GA,573,999,1
18250,C,61924,IL,573,938,1
18251,C,44450,OH,573,795,1
18252,C,05765,VT,573,761,1
18253,C,51551,IA,573,757,1
18254,C,05151,VT,573,748,1
18255,C,47615,IN,573,740,0
18256,C,01068,MA,573,697,1
18257,C,74727,OK,572,1052,0
18258,C,36026,AL,572,986,1
18259,C,05457,VT,572,937,1
18260,C,65767,MO,572,892,0
18261,C,87560,NM,572,865,0
18262,C,30619,GA,572,793,1
18263,C,03047,NH,572,742,1
18264,C,15360,PA,572,731,1
18265,C,55751,MN,572,686,1
18266,C,12814,NY,571,1804,1
18267,C,76945,TX,571,1152,0
18268,C,39657,MS,571,1148,0
18269,C,12501,NY,571,1062,1
18270,C,64139,MO,571,930,1
18271,C,43164,OH,571,890,1
18272,C,57225,SD,571,842,0
18273,C,59001,MT,571,807,1
18274,C,52332,IA,571,789,1
18275,C,17810,PA,571,768,0
18276,C,14422,NY,571,700,1
18277,C,57014,SD,571,690,1
18278,C,22027,VA,571,623,1
18279,C,54531,WI,570,1546,1
18280,C,04966,ME,570,1205,0
18281,C,31037,GA,570,1045,0
18282,C,28091,NC,570,975,0
18283,C,37374,TN,570,792,0
18284,C,04941,ME,570,791,1
18285,C,04069,ME,570,657,1
18286,C,54149,WI,569,1918,1
18287,C,56628,MN,569,1605,1
18288,C,42045,KY,569,1219,1
18289,C,63462,MO,569,1040,0
18290,C,23866,VA,569,947,1
18291,C,25003,WV,569,943,1
18292,C,73095,OK,569,835,0
18293,C,70039,LA,569,834,1
18294,C,07980,NJ,569,824,1
18295,C,70051,LA,569,769,1
18296,C,43148,OH,569,745,1
18297,C,12859,NY,569,739,1
18298,C,61062,IL,569,702,1
18299,C,17024,PA,569,686,1
18300,C,03836,NH,568,1749,1
18301,C,12461,NY,568,903,1
18302,C,35135,AL,568,857,1
18303,C,23047,VA,568,830,1
18304,C,81423,CO,568,816,1
18305,C,79545,TX,568,797,0
18306,C,15321,PA,568,792,1
18307,C,53518,WI,568,766,1
18308,C,43406,OH,568,749,1
18309,C,31016,GA,568,747,1
18310,C,54471,WI,568,603,1
18311,C,30450,GA,567,987,0
18312,C,12431,NY,567,900,0
18313,C,56222,MN,567,880,1
18314,C,67022,KS,567,863,0
18315,C,95703,CA,567,820,1
18316,C,43837,OH,567,790,1
18317,C,46105,IN,567,775,1
18318,C,63056,MO,567,775,1
18319,C,63349,MO,567,772,1
18320,C,43755,OH,567,769,0
18321,C,95524,CA,567,719,1
18322,C,84774,UT,567,670,1
18323,C,48747,MI,567,635,1
18324,C,80482,CO,566,3632,1
18325,C,54631,WI,566,997,1
18326,C,56315,MN,566,975,1
18327,C,96781,HI,566,888,0
18328,C,54741,WI,566,845,1
18329,C,24951,WV,566,769,0
18330,C,48733,MI,566,768,1
18331,C,23315,VA,566,763,1
18332,C,64492,MO,566,727,1
18333,C,22959,VA,566,714,1
18334,C,21539,MD,565,1074,1
18335,C,22637,VA,565,1026,1
18336,C,12748,NY,565,1022,0
18337,C,12440,NY,565,865,1
18338,C,24534,VA,565,854,0
18339,C,17238,PA,565,809,1
18340,C,13425,NY,565,803,0
18341,C,34797,FL,565,744,1
18342,C,62868,IL,565,701,0
18343,C,24122,VA,565,687,1
18344,C,22952,VA,565,675,1
18345,C,50624,IA,565,656,1
18346,C,08349,NJ,564,1043,0
18347,C,63967,MO,564,1013,0
18348,C,04921,ME,564,930,0
18349,C,98325,WA,564,881,1
18350,C,46705,IN,564,830,1
18351,C,03768,NH,564,793,1
18352,C,15345,PA,564,788,0
18353,C,54977,WI,564,758,1
18354,C,47177,IN,564,701,1
18355,C,14005,NY,564,674,1
18356,C,31001,GA,563,1276,0
18357,C,38862,MS,563,1091,0
18358,C,95454,CA,563,1039,0
18359,C,74130,OK,563,938,0
18360,C,57216,SD,563,869,1
18361,C,49893,MI,563,775,1
18362,C,62048,IL,563,769,0
18363,C,38627,MS,563,752,0
18364,C,64077,MO,563,751,1
18365,C,24070,VA,563,720,1
18366,C,95428,CA,562,1306,0
18367,C,81023,CO,562,995,1
18368,C,65571,MO,562,903,0
18369,C,66056,KS,562,847,0
18370,C,72376,AR,562,741,0
18371,C,20689,MD,562,635,1
18372,C,28544,NC,561,2311,1
18373,C,03907,ME,561,2106,1
18374,C,13495,NY,561,965,0
18375,C,79546,TX,561,951,0
18376,C,62418,IL,561,876,0
18377,C,78393,TX,561,860,0
18378,C,12463,NY,561,825,0
18379,C,13112,NY,561,800,1
18380,C,12168,NY,561,793,1
18381,C,43343,OH,561,745,1
18382,C,55335,MN,561,743,1
18383,C,69143,NE,561,686,1
18384,C,12140,NY,561,646,1
18385,C,95328,CA,560,1317,1
18386,C,18415,PA,560,1087,0
18387,C,49729,MI,560,995,1
18388,C,97380,OR,560,865,1
18389,C,47946,IN,560,822,0
18390,C,27928,NC,560,787,0
18391,C,13111,NY,560,720,0
18392,C,99036,WA,560,696,1
18393,C,20818,MD,560,658,1
18394,C,74740,OK,559,922,0
18395,C,57226,SD,559,878,1
18396,C,57058,SD,559,829,1
18397,C,48890,MI,559,782,1
18398,C,50830,IA,559,744,0
18399,C,44817,OH,559,654,1
18400,C,14138,NY,558,940,0
18401,C,74825,OK,558,937,0
18402,C,37360,TN,558,841,1
18403,C,76371,TX,558,811,0
18404,C,81131,CO,558,794,0
18405,C,97014,OR,558,794,1
18406,C,23065,VA,558,737,1
18407,C,43556,OH,558,724,1
18408,C,56110,MN,558,715,1
18409,C,45148,OH,558,678,1
18410,C,32062,FL,557,1050,0
18411,C,29474,SC,557,988,0
18412,C,54726,WI,557,776,1
18413,C,51347,IA,557,747,1
18414,C,47971,IN,557,727,1
18415,C,97452,OR,557,709,1
18416,C,23084,VA,557,693,1
18417,C,68715,NE,557,675,1
18418,C,77865,TX,556,1029,0
18419,C,47468,IN,556,905,1
18420,C,64648,MO,556,826,0
18421,C,04986,ME,556,802,0
18422,C,62612,IL,556,786,1
18423,C,19706,DE,556,774,1
18424,C,98593,WA,556,694,0
18425,C,51240,IA,556,685,1
18426,C,66413,KS,555,933,1
18427,C,56319,MN,555,806,1
18428,C,68047,NE,555,740,1
18429,C,06021,CT,555,703,1
18430,C,48729,MI,555,678,1
18431,C,98281,WA,554,2088,1
18432,C,49780,MI,554,985,1
18433,C,30634,GA,554,974,1
18434,C,81073,CO,554,951,0
18435,C,16421,PA,554,930,1
18436,C,24553,VA,554,869,0
18437,C,74930,OK,554,817,0
18438,C,64624,MO,554,773,0
18439,C,55983,MN,554,756,1
18440,C,95372,CA,554,703,1
18441,C,42036,KY,554,641,1
18442,C,01105,MA,553,5554,1
18443,C,74427,OK,553,1244,0
18444,C,79096,TX,553,920,0
18445,C,04346,ME,553,888,1
18446,C,25063,WV,553,796,0
18447,C,47125,IN,553,758,0
18448,C,51443,IA,553,744,1
18449,C,54469,WI,553,742,1
18450,C,01072,MA,553,703,1
18451,C,38579,TN,553,671,0
18452,C,60511,IL,553,636,1
18453,C,65011,MO,552,1329,1
18454,C,23415,VA,552,1080,0
18455,C,04047,ME,552,1077,1
18456,C,67058,KS,552,994,1
18457,C,65351,MO,552,941,0
18458,C,53585,WI,552,896,1
18459,C,04289,ME,552,891,1
18460,C,15864,PA,552,829,0
18461,C,13304,NY,552,796,1
18462,C,93601,CA,552,691,1
18463,C,01008,MA,552,655,1
18464,C,54888,WI,551,1382,1
18465,C,13608,NY,551,852,0
18466,C,54416,WI,551,847,0
18467,C,16435,PA,551,820,0
18468,C,56171,MN,551,775,1
18469,C,66451,KS,551,746,1
18470,C,04973,ME,551,730,0
18471,C,48466,MI,551,679,1
18472,C,65035,MO,551,666,1
18473,C,47992,IN,551,638,1
18474,C,18915,PA,551,631,1
18475,C,95664,CA,551,615,1
18476,C,54175,WI,550,1889,1
18477,C,30537,GA,550,1716,1
18478,C,54511,WI,550,1483,1
18479,C,40387,KY,550,1316,0
18480,C,49640,MI,550,1236,1
18481,C,12583,NY,550,1027,1
18482,C,29727,SC,550,992,0
18483,C,77975,TX,550,988,0
18484,C,17935,PA,550,951,0
18485,C,57735,SD,550,915,0
18486,C,78954,TX,550,897,0
18487,C,38231,TN,550,890,0
18488,C,88301,NM,550,880,0
18489,C,42159,KY,550,857,1
18490,C,17009,PA,550,850,0
18491,C,61534,IL,550,771,1
18492,C,71229,LA,550,757,0
18493,C,57043,SD,550,715,0
18494,C,12789,NY,549,1985,0
18495,C,49719,MI,549,1645,1
18496,C,18464,PA,549,1314,0
18497,C,85337,AZ,549,905,0
18498,C,43946,OH,549,903,0
18499,C,04418,ME,549,866,0
18500,C,42732,KY,549,852,0
18501,C,60531,IL,549,847,1
18502,C,92386,CA,548,3101,1
18503,C,85034,AZ,548,2901,0
18504,C,43348,OH,548,1498,1
18505,C,38240,TN,548,972,0
18506,C,21530,MD,548,896,1
18507,C,25865,WV,548,852,0
18508,C,31058,GA,548,779,0
18509,C,76641,TX,548,756,0
18510,C,68876,NE,548,733,1
18511,C,32709,FL,548,725,1
18512,C,61741,IL,548,685,1
18513,C,54475,WI,548,657,1
18514,C,96052,CA,547,1032,0
18515,C,47957,IN,547,925,0
18516,C,67864,KS,547,914,0
18517,C,95310,CA,547,914,1
18518,C,24102,VA,547,902,0
18519,C,98858,WA,547,853,1
18520,C,51248,IA,547,728,1
18521,C,94923,CA,546,1353,1
18522,C,20763,MD,546,1113,1
18523,C,23308,VA,546,1021,0
18524,C,68649,NE,546,867,1
18525,C,37829,TN,546,853,0
18526,C,45634,OH,546,825,0
18527,C,49338,MI,546,823,1
18528,C,55368,MN,546,765,1
18529,C,97868,OR,546,752,1
18530,C,77872,TX,545,928,0
18531,C,29113,SC,545,841,0
18532,C,25984,WV,545,839,0
18533,C,51046,IA,545,825,1
18534,C,05061,VT,545,773,0
18535,C,31022,GA,545,758,1
18536,C,48897,MI,545,682,1
18537,C,43320,OH,545,674,1
18538,C,57068,SD,545,647,1
18539,C,42202,KY,544,926,0
18540,C,43986,OH,544,796,1
18541,C,95975,CA,544,796,1
18542,C,47436,IN,544,784,1
18543,C,62531,IL,544,780,1
18544,C,44427,OH,544,736,1
18545,C,44620,OH,544,722,1
18546,C,76627,TX,544,717,0
18547,C,30730,GA,544,700,0
18548,C,48028,MI,543,1538,1
18549,C,12076,NY,543,1162,0
18550,C,52553,IA,543,774,1
18551,C,99101,WA,543,765,1
18552,C,20842,MD,543,747,1
18553,C,04955,ME,543,727,0
18554,C,56009,MN,543,687,1
18555,C,44276,OH,543,671,1
18556,C,02120,MA,542,5061,1
18557,C,46776,IN,542,878,1
18558,C,54159,WI,542,823,1
18559,C,60034,IL,542,794,1
18560,C,25969,WV,542,691,0
18561,C,47234,IN,542,681,1
18562,C,05487,VT,542,658,1
18563,C,13052,NY,541,1054,0
18564,C,74339,OK,541,1026,0
18565,C,41183,KY,541,879,1
18566,C,12070,NY,541,790,0
18567,C,61570,IL,541,738,0
18568,C,58041,ND,541,734,0
18569,C,62001,IL,541,715,1
18570,C,15923,PA,541,705,0
18571,C,22715,VA,541,542,1
18572,C,50466,IA,540,872,0
18573,C,47469,IN,540,827,0
18574,C,60924,IL,540,781,1
18575,C,62974,IL,540,691,1
18576,C,86015,AZ,540,691,0
18577,C,44404,OH,540,627,1
18578,C,14202,NY,539,2452,1
18579,C,31527,GA,539,1434,1
18580,C,30668,GA,539,1413,0
18581,C,06068,CT,539,1157,1
18582,C,30631,GA,539,1006,0
18583,C,23937,VA,539,947,0
18584,C,59442,MT,539,938,1
18585,C,58746,ND,539,880,0
18586,C,04858,ME,539,865,1
18587,C,49255,MI,539,833,1
18588,C,75479,TX,539,803,0
18589,C,30413,GA,539,799,0
18590,C,62084,IL,539,789,1
18591,C,30410,GA,539,780,0
18592,C,56678,MN,539,738,1
18593,C,74364,OK,539,708,0
18594,C,47995,IN,539,686,1
18595,C,85611,AZ,539,663,1
18596,C,76636,TX,539,644,0
18597,C,46531,IN,539,621,1
18598,C,12577,NY,539,620,1
18599,C,10919,NY,539,539,1
18600,C,12468,NY,538,1262,0
18601,C,28508,NC,538,833,0
18602,C,72940,AR,538,794,1
18603,C,58027,ND,538,748,0
18604,C,05651,VT,538,727,1
18605,C,50469,IA,538,703,1
18606,C,45337,OH,538,635,1
18607,C,03268,NH,538,610,1
18608,C,59758,MT,537,1695,1
18609,C,59925,MT,537,922,1
18610,C,45896,OH,537,746,1
18611,C,45359,OH,537,740,1
18612,C,63344,MO,537,698,1
18613,C,07847,NJ,537,685,1
18614,C,45881,OH,537,659,1
18615,C,63940,MO,537,654,0
18616,C,50210,IA,537,604,1
18617,C,23830,VA,537,601,1
18618,C,05251,VT,536,1173,1
18619,C,24225,VA,536,1160,0
18620,C,04010,ME,536,914,1
18621,C,72447,AR,536,879,0
18622,C,04349,ME,536,867,0
18623,C,62824,IL,536,775,0
18624,C,48760,MI,536,754,1
18625,C,28582,NC,536,731,1
18626,C,43778,OH,536,718,0
18627,C,03043,NH,536,704,1
18628,C,61486,IL,536,694,1
18629,C,36262,AL,536,638,0
18630,C,32187,FL,536,620,0
18631,C,45889,OH,536,602,1
18632,C,55797,MN,536,600,1
18633,C,58042,ND,536,598,1
18634,C,54974,WI,536,583,1
18635,C,76443,TX,535,1059,0
18636,C,12116,NY,535,930,0
18637,C,16920,PA,535,880,0
18638,C,04041,ME,535,874,1
18639,C,43732,OH,535,760,0
18640,C,48370,MI,535,611,1
18641,C,61725,IL,535,589,1
18642,C,49043,MI,534,1418,1
18643,C,57745,SD,534,941,1
18644,C,24712,WV,534,892,0
18645,C,03816,NH,534,855,1
18646,C,01339,MA,534,799,1
18647,C,05836,VT,534,759,0
18648,C,62367,IL,534,731,0
18649,C,76271,TX,534,731,1
18650,C,62545,IL,534,584,1
18651,C,16351,PA,533,2335,0
18652,C,12093,NY,533,1107,0
18653,C,15550,PA,533,1032,0
18654,C,05486,VT,533,1023,1
18655,C,17845,PA,533,955,0
18656,C,67547,KS,533,911,0
18657,C,72626,AR,533,856,0
18658,C,97121,OR,533,776,1
18659,C,54864,WI,533,659,1
18660,C,15665,PA,533,594,1
18661,C,06027,CT,533,586,1
18662,C,54539,WI,532,1926,1
18663,C,27343,NC,532,1309,1
18664,C,04765,ME,532,1073,0
18665,C,24290,VA,532,1004,0
18666,C,81039,CO,532,1004,1
18667,C,64724,MO,532,941,0
18668,C,54610,WI,532,918,1
18669,C,56446,MN,532,720,1
18670,C,80648,CO,532,582,1
18671,C,83353,ID,531,2391,0
18672,C,56587,MN,531,1112,1
18673,C,04088,ME,531,993,1
18674,C,03462,NH,531,975,1
18675,C,37095,TN,531,929,0
18676,C,42160,KY,531,876,1
18677,C,69165,NE,531,849,1
18678,C,12910,NY,531,824,0
18679,C,17876,PA,531,785,0
18680,C,50635,IA,531,740,1
18681,C,62513,IL,531,730,1
18682,C,56074,MN,531,729,1
18683,C,51030,IA,531,720,1
18684,C,50682,IA,531,667,1
18685,C,48468,MI,530,1070,1
18686,C,36456,AL,530,1011,0
18687,C,71937,AR,530,919,0
18688,C,54875,WI,530,874,1
18689,C,50554,IA,530,809,1
18690,C,51559,IA,530,768,1
18691,C,35974,AL,530,717,0
18692,C,50641,IA,530,689,0
18693,C,60407,IL,530,656,1
18694,C,54979,WI,530,636,1
18695,C,71851,AR,529,962,0
18696,C,79064,TX,529,958,0
18697,C,13433,NY,529,898,0
18698,C,40111,KY,529,844,0
18699,C,32140,FL,529,822,0
18700,C,35572,AL,528,1088,1
18701,C,99921,AK,528,1064,0
18702,C,37872,TN,528,933,0
18703,C,72611,AR,528,828,0
18704,C,04068,ME,528,769,1
18705,C,96118,CA,528,766,1
18706,C,54425,WI,528,752,1
18707,C,24165,VA,528,731,0
18708,C,65462,MO,528,697,0
18709,C,03287,NH,528,696,1
18710,C,98850,WA,528,680,0
18711,C,98843,WA,527,1469,1
18712,C,80449,CO,527,1089,1
18713,C,65658,MO,527,1042,0
18714,C,14711,NY,527,896,0
18715,C,52654,IA,527,730,0
18716,C,53023,WI,527,596,1
18717,C,23878,VA,527,572,1
18718,C,54519,WI,526,1608,1
18719,C,40935,KY,526,1134,0
18720,C,53936,WI,526,1038,1
18721,C,35988,AL,526,901,0
18722,C,52132,IA,526,848,1
18723,C,84757,UT,526,726,1
18724,C,02763,MA,525,767,1
18725,C,01344,MA,525,751,1
18726,C,98638,WA,525,732,1
18727,C,45761,OH,525,730,0
18728,C,61051,IL,525,652,1
18729,C,68508,NE,524,7076,1
18730,C,27927,NC,524,4746,1
18731,C,55114,MN,524,2806,1
18732,C,24162,VA,524,1027,1
18733,C,57362,SD,524,1025,0
18734,C,49342,MI,524,893,1
18735,C,29481,SC,524,795,0
18736,C,54805,WI,524,790,1
18737,C,64835,MO,524,779,1
18738,C,21780,MD,524,738,1
18739,C,53579,WI,524,719,1
18740,C,15338,PA,524,693,0
18741,C,23027,VA,524,650,1
18742,C,02839,RI,524,634,1
18743,C,45225,OH,523,4694,1
18744,C,99676,AK,523,1701,0
18745,C,99674,AK,523,1081,0
18746,C,50424,IA,523,835,0
18747,C,62987,IL,523,751,0
18748,C,63944,MO,523,732,0
18749,C,13122,NY,523,671,0
18750,C,21555,MD,522,1011,0
18751,C,76693,TX,522,958,0
18752,C,61937,IL,522,832,1
18753,C,04430,ME,522,825,0
18754,C,45334,OH,522,799,1
18755,C,43534,OH,522,736,1
18756,C,17878,PA,522,672,0
18757,C,18321,PA,522,672,0
18758,C,03580,NH,521,1115,1
18759,C,98847,WA,521,1099,1
18760,C,42234,KY,521,952,0
18761,C,92230,CA,521,926,1
18762,C,68466,NE,521,897,0
18763,C,95333,CA,521,878,1
18764,C,15480,PA,521,863,0
18765,C,21545,MD,521,835,0
18766,C,96716,HI,521,817,0
18767,C,61235,IL,521,690,1
18768,C,62530,IL,521,689,1
18769,C,62546,IL,521,647,1
18770,C,38587,TN,521,619,0
18771,C,85645,AZ,521,591,1
18772,C,68065,NE,521,581,1
18773,C,72013,AR,520,961,0
18774,C,72821,AR,520,893,0
18775,C,93513,CA,520,864,1
18776,C,54655,WI,520,845,0
18777,C,98342,WA,520,815,1
18778,C,24258,VA,520,709,0
18779,C,80864,CO,520,696,1
18780,C,57020,SD,520,582,1
18781,C,49769,MI,519,928,1
18782,C,42713,KY,519,852,0
18783,C,71945,AR,519,782,0
18784,C,22733,VA,519,738,1
18785,C,08310,NJ,519,723,1
18786,C,05845,VT,519,670,0
18787,C,59846,MT,519,658,1
18788,C,22969,VA,519,656,1
18789,C,95635,CA,519,601,1
18790,C,83876,ID,518,1429,1
18791,C,05474,VT,518,1071,1
18792,C,54459,WI,518,1002,1
18793,C,31017,GA,518,829,0
18794,C,12058,NY,518,823,0
18795,C,56178,MN,518,766,1
18796,C,37181,TN,518,748,0
18797,C,04732,ME,517,988,0
18798,C,63537,MO,517,871,0
18799,C,36776,AL,517,869,0
18800,C,92091,CA,517,813,1
18801,C,21557,MD,517,782,1
18802,C,04411,ME,517,687,0
18803,C,55991,MN,517,641,1
18804,C,04547,ME,516,846,1
18805,C,60966,IL,516,778,0
18806,C,50621,IA,516,750,1
18807,C,62685,IL,516,731,1
18808,C,72583,AR,516,722,0
18809,C,02652,MA,515,1737,0
18810,C,58852,ND,515,1277,0
18811,C,99929,AK,515,1266,0
18812,C,64491,MO,515,882,0
18813,C,38334,TN,515,849,0
18814,C,36574,AL,515,785,1
18815,C,29081,SC,515,774,0
18816,C,27981,NC,515,772,1
18817,C,17052,PA,515,767,0
18818,C,56316,MN,515,721,1
18819,C,67074,KS,515,716,0
18820,C,54638,WI,515,672,1
18821,C,12305,NY,514,4103,0
18822,C,04970,ME,514,2286,1
18823,C,37810,TN,514,941,0
18824,C,74854,OK,514,779,0
18825,C,62983,IL,514,778,0
18826,C,45836,OH,514,696,1
18827,C,97820,OR,514,650,0
18828,C,23954,VA,513,1217,0
18829,C,50456,IA,513,797,1
18830,C,31049,GA,513,768,0
18831,C,14726,NY,513,754,0
18832,C,48806,MI,513,734,1
18833,C,36256,AL,513,679,0
18834,C,12481,NY,513,555,1
18835,C,04750,ME,512,1033,0
18836,C,48469,MI,512,1014,1
18837,C,62009,IL,512,1004,1
18838,C,78959,TX,512,858,0
18839,C,65274,MO,512,801,1
18840,C,54442,WI,512,764,1
18841,C,38580,TN,512,752,1
18842,C,49029,MI,512,697,1
18843,C,52161,IA,512,689,1
18844,C,54965,WI,512,600,1
18845,C,75202,TX,511,2035,0
18846,C,36088,AL,511,1849,0
18847,C,98320,WA,511,1320,1
18848,C,95589,CA,511,1159,1
18849,C,58622,ND,511,874,0
18850,C,44613,OH,511,797,1
18851,C,80731,CO,511,734,1
18852,C,12166,NY,511,677,0
18853,C,84662,UT,511,658,1
18854,C,29014,SC,511,649,0
18855,C,20004,DC,510,1593,0
18856,C,80813,CO,510,1319,1
18857,C,88023,NM,510,1151,0
18858,C,73773,OK,510,805,0
18859,C,62808,IL,510,764,0
18860,C,55310,MN,510,701,0
18861,C,01354,MA,510,674,1
18862,C,37365,TN,510,662,0
18863,C,13652,NY,509,898,0
18864,C,49625,MI,509,833,1
18865,C,18826,PA,509,829,0
18866,C,73061,OK,509,807,0
18867,C,54759,WI,509,791,1
18868,C,21874,MD,509,768,1
18869,C,87024,NM,509,743,0
18870,C,75420,TX,509,629,0
18871,C,37408,TN,508,1945,1
18872,C,65324,MO,508,1838,1
18873,C,01262,MA,508,1456,1
18874,C,96731,HI,508,1310,1
18875,C,72641,AR,508,1185,0
18876,C,36579,AL,508,966,1
18877,C,72482,AR,508,916,0
18878,C,21654,MD,508,877,1
18879,C,74637,OK,508,855,0
18880,C,37391,TN,508,850,0
18881,C,48472,MI,508,712,1
18882,C,61818,IL,508,655,1
18883,C,17983,PA,508,647,0
18884,C,10986,NY,508,621,1
18885,C,06778,CT,508,593,1
18886,C,95421,CA,507,1143,1
18887,C,57075,SD,507,962,1
18888,C,36860,AL,507,881,0
18889,C,92086,CA,507,739,1
18890,C,93553,CA,507,729,1
18891,C,62828,IL,507,695,0
18892,C,59920,MT,507,687,1
18893,C,52032,IA,507,672,1
18894,C,64439,MO,507,663,1
18895,C,67487,KS,507,651,0
18896,C,49050,MI,507,608,1
18897,C,49264,MI,507,604,1
18898,C,21640,MD,507,546,1
18899,C,12783,NY,506,1473,0
18900,C,49853,MI,506,1189,1
18901,C,04854,ME,506,1117,1
18902,C,33493,FL,506,907,0
18903,C,74002,OK,506,796,0
18904,C,55775,MN,506,740,1
18905,C,24938,WV,506,702,0
18906,C,99110,WA,506,680,1
18907,C,61740,IL,506,670,1
18908,C,15015,PA,506,521,1
18909,C,87710,NM,505,2877,1
18910,C,54104,WI,505,2306,1
18911,C,56354,MN,505,1086,1
18912,C,83128,WY,505,1010,0
18913,C,15558,PA,505,879,0
18914,C,76265,TX,505,876,0
18915,C,54664,WI,505,837,1
18916,C,47264,IN,505,638,1
18917,C,13302,NY,504,986,0
18918,C,55736,MN,504,876,1
18919,C,52157,IA,504,841,0
18920,C,52042,IA,504,770,1
18921,C,37723,TN,504,717,0
18922,C,52049,IA,504,699,1
18923,C,08311,NJ,504,675,1
18924,C,35975,AL,504,602,0
18925,C,52345,IA,504,576,1
18926,C,12496,NY,503,2006,1
18927,C,99714,AK,503,1168,0
18928,C,54754,WI,503,1013,1
18929,C,49679,MI,503,991,1
18930,C,32350,FL,503,723,0
18931,C,67480,KS,503,695,1
18932,C,23432,VA,503,636,1
18933,C,47141,IN,503,583,1
18934,C,56455,MN,502,820,1
18935,C,47649,IN,502,697,0
18936,C,50002,IA,502,690,1
18937,C,97348,OR,502,677,1
18938,C,23433,VA,502,545,1
18939,C,08403,NJ,501,1656,1
18940,C,51640,IA,501,756,1
18941,C,05739,VT,501,719,1
18942,C,64746,MO,501,658,1
18943,C,03251,NH,500,2722,1
18944,C,54838,WI,500,1685,1
18945,C,63965,MO,500,1257,0
18946,C,27355,NC,500,1006,1
18947,C,54626,WI,500,907,1
18948,C,68769,NE,500,774,1
18949,C,48401,MI,500,744,1
18950,C,51652,IA,500,700,1
18951,C,74860,OK,500,697,0
18952,C,89411,NV,500,696,1
18953,C,84328,UT,500,557,1
