zip,state,page
01001,MA,1
01002,MA,1
01005,MA,1
01007,MA,1
01008,MA,1
01009,MA,0
01010,MA,1
01011,MA,1
01012,MA,1
01013,MA,1
01020,MA,1
01022,MA,1
01026,MA,0
01027,MA,1
01028,MA,1
01029,MA,0
01030,MA,1
01031,MA,1
01032,MA,0
01033,MA,1
01034,MA,0
01035,MA,1
01036,MA,1
01037,MA,0
01038,MA,1
01039,MA,0
01040,MA,1
01050,MA,1
01053,MA,1
01054,MA,1
01056,MA,1
01057,MA,1
01060,MA,1
01062,MA,1
01068,MA,1
01069,MA,1
01070,MA,1
01071,MA,1
01072,MA,1
01073,MA,1
01074,MA,0
01075,MA,1
01077,MA,1
01079,MA,0
01080,MA,1
01081,MA,1
01082,MA,1
01083,MA,1
01085,MA,1
01089,MA,1
01095,MA,1
01096,MA,1
01098,MA,1
01103,MA,1
01104,MA,1
01105,MA,1
01106,MA,1
01107,MA,1
01108,MA,1
01109,MA,1
01116,MA,0
01118,MA,1
01119,MA,1
01128,MA,1
01129,MA,1
01151,MA,1
01201,MA,1
01220,MA,1
01222,MA,0
01223,MA,1
01225,MA,1
01226,MA,1
01229,MA,0
01230,MA,1
01235,MA,1
01236,MA,1
01237,MA,1
01238,MA,1
01240,MA,1
01243,MA,0
01245,MA,1
01247,MA,1
01253,MA,1
01254,MA,1
01255,MA,1
01256,MA,1
01257,MA,1
01258,MA,1
01259,MA,1
01262,MA,1
01263,MA,0
01266,MA,1
01267,MA,1
01270,MA,1
01301,MA,1
01330,MA,1
01331,MA,1
01337,MA,1
01339,MA,1
01340,MA,1
01341,MA,1
01342,MA,0
01343,MA,0
01344,MA,1
01346,MA,1
01349,MA,1
01350,MA,0
01351,MA,1
01354,MA,1
01360,MA,1
01364,MA,1
01366,MA,1
01368,MA,1
01370,MA,1
01373,MA,1
01375,MA,1
01376,MA,1
01378,MA,0
01379,MA,0
01420,MA,1
01430,MA,1
01431,MA,1
01432,MA,1
01434,MA,0
01436,MA,1
01440,MA,1
01450,MA,1
01451,MA,1
01452,MA,1
01453,MA,1
01460,MA,1
01462,MA,1
01463,MA,1
01464,MA,1
01467,MA,1
01468,MA,1
01469,MA,1
01471,MA,0
01473,MA,1
01474,MA,1
01475,MA,1
01501,MA,1
01503,MA,1
01504,MA,1
01505,MA,1
01506,MA,1
01507,MA,1
01510,MA,1
01515,MA,1
01516,MA,1
01518,MA,1
01519,MA,1
01520,MA,1
01521,MA,1
01522,MA,1
01523,MA,1
01524,MA,1
01527,MA,1
01529,MA,1
01531,MA,1
01532,MA,1
01534,MA,1
01535,MA,1
01536,MA,1
01537,MA,1
01540,MA,1
01541,MA,1
01542,MA,1
01543,MA,1
01545,MA,1
01546,MA,1
01550,MA,1
01560,MA,1
01562,MA,1
01564,MA,1
01566,MA,1
01568,MA,1
01569,MA,1
01570,MA,1
01571,MA,1
01581,MA,1
01583,MA,1
01585,MA,1
01588,MA,1
01590,MA,1
01602,MA,1
01603,MA,1
01604,MA,1
01605,MA,1
01606,MA,1
01607,MA,1
01608,MA,1
01609,MA,1
01610,MA,1
01611,MA,1
01612,MA,1
01701,MA,1
01702,MA,1
01718,MA,1
01719,MA,1
01720,MA,1
01721,MA,1
01730,MA,1
01740,MA,1
01741,MA,1
01742,MA,1
01745,MA,1
01746,MA,1
01747,MA,1
01748,MA,1
01749,MA,1
01752,MA,1
01754,MA,1
01756,MA,1
01757,MA,1
01760,MA,1
01770,MA,1
01772,MA,1
01773,MA,1
01775,MA,1
01776,MA,1
01778,MA,1
01801,MA,1
01803,MA,1
01810,MA,1
01821,MA,1
01824,MA,1
01826,MA,1
01827,MA,1
01830,MA,1
01832,MA,1
01833,MA,1
01834,MA,1
01835,MA,1
01840,MA,1
01841,MA,1
01843,MA,1
01844,MA,1
01845,MA,1
01850,MA,1
01851,MA,1
01852,MA,1
01854,MA,1
01860,MA,1
01862,MA,1
01863,MA,1
01864,MA,1
01867,MA,1
01876,MA,1
01879,MA,1
01880,MA,1
01886,MA,1
01887,MA,1
01890,MA,1
01899,MA,0
01901,MA,1
01902,MA,1
01904,MA,1
01905,MA,1
01906,MA,1
01907,MA,1
01908,MA,1
01913,MA,1
01915,MA,1
01921,MA,1
01922,MA,1
01923,MA,1
01929,MA,1
01930,MA,1
01938,MA,1
01940,MA,1
01944,MA,1
01945,MA,1
01949,MA,1
01950,MA,1
01951,MA,1
01952,MA,1
01960,MA,1
01966,MA,1
01969,MA,1
01970,MA,1
01982,MA,1
01983,MA,1
01984,MA,1
01985,MA,1
02019,MA,1
02020,MA,0
02021,MA,1
02025,MA,1
02026,MA,1
02030,MA,1
02032,MA,1
02035,MA,1
02038,MA,1
02043,MA,1
02045,MA,1
02047,MA,0
02048,MA,1
02050,MA,1
02052,MA,1
02053,MA,1
02054,MA,1
02056,MA,1
02061,MA,1
02062,MA,1
02066,MA,1
02067,MA,1
02071,MA,1
02072,MA,1
02081,MA,1
02090,MA,1
02093,MA,1
02108,MA,1
02109,MA,1
02110,MA,1
02111,MA,1
02113,MA,1
02114,MA,1
02115,MA,1
02116,MA,1
02117,MA,1
02118,MA,1
02119,MA,1
02120,MA,1
02121,MA,1
02122,MA,1
02124,MA,1
02125,MA,1
02126,MA,1
02127,MA,1
02128,MA,1
02129,MA,1
02130,MA,1
02131,MA,1
02132,MA,1
02134,MA,1
02135,MA,1
02136,MA,1
02138,MA,1
02139,MA,1
02140,MA,1
02141,MA,1
02142,MA,1
02143,MA,1
02144,MA,1
02145,MA,1
02148,MA,1
02149,MA,1
02150,MA,1
02151,MA,1
02152,MA,1
02155,MA,1
02169,MA,1
02170,MA,1
02171,MA,1
02176,MA,1
02180,MA,1
02184,MA,1
02186,MA,1
02188,MA,1
02189,MA,1
02190,MA,1
02191,MA,1
02199,MA,1
02205,MA,0
02210,MA,1
02215,MA,1
02301,MA,1
02302,MA,1
02322,MA,1
02324,MA,1
02330,MA,1
02332,MA,1
02333,MA,1
02338,MA,1
02339,MA,1
02341,MA,1
02343,MA,1
02346,MA,1
02347,MA,1
02350,MA,0
02351,MA,1
02356,MA,1
02359,MA,1
02360,MA,1
02364,MA,1
02367,MA,1
02368,MA,1
02370,MA,1
02375,MA,1
02379,MA,1
02382,MA,1
02420,MA,1
02421,MA,1
02445,MA,1
02446,MA,1
02451,MA,1
02452,MA,1
02453,MA,1
02458,MA,1
02459,MA,1
02460,MA,1
02461,MA,1
02462,MA,1
02464,MA,1
02465,MA,1
02466,MA,1
02467,MA,1
02468,MA,1
02472,MA,1
02474,MA,1
02476,MA,1
02478,MA,1
02481,MA,1
02482,MA,1
02492,MA,1
02493,MA,1
02494,MA,1
02532,MA,1
02534,MA,1
02535,MA,0
02536,MA,1
02537,MA,1
02538,MA,1
02539,MA,1
02540,MA,1
02543,MA,1
02554,MA,1
02556,MA,1
02557,MA,1
02559,MA,1
02562,MA,1
02563,MA,1
02568,MA,1
02571,MA,1
02575,MA,0
02576,MA,1
02601,MA,1
02630,MA,1
02631,MA,1
02632,MA,1
02633,MA,1
02635,MA,1
02638,MA,1
02639,MA,1
02641,MA,0
02642,MA,1
02644,MA,1
02645,MA,1
02646,MA,1
02648,MA,1
02649,MA,1
02650,MA,1
02652,MA,1
02653,MA,1
02655,MA,1
02657,MA,1
02659,MA,1
02660,MA,1
02662,MA,0
02664,MA,1
02666,MA,1
02667,MA,1
02668,MA,1
02670,MA,1
02671,MA,1
02673,MA,1
02675,MA,1
02702,MA,1
02703,MA,1
02715,MA,1
02717,MA,1
02718,MA,1
02719,MA,1
02720,MA,1
02721,MA,1
02723,MA,1
02724,MA,1
02725,MA,1
02726,MA,1
02738,MA,1
02739,MA,1
02740,MA,1
02743,MA,1
02744,MA,1
02745,MA,1
02746,MA,1
02747,MA,1
02748,MA,1
02760,MA,1
02762,MA,1
02763,MA,1
02764,MA,1
02766,MA,1
02767,MA,1
02769,MA,1
02770,MA,1
02771,MA,1
02777,MA,1
02779,MA,1
02780,MA,1
02790,MA,1
02802,RI,0
02804,RI,1
02806,RI,1
02807,RI,1
02808,RI,1
02809,RI,1
02812,RI,0
02813,RI,1
02814,RI,1
02816,RI,1
02817,RI,1
02818,RI,1
02822,RI,1
02824,RI,0
02825,RI,1
02827,RI,1
02828,RI,1
02830,RI,1
02831,RI,1
02832,RI,1
02833,RI,0
02835,RI,1
02837,RI,1
02838,RI,1
02839,RI,1
02840,RI,1
02842,RI,1
02852,RI,1
02857,RI,1
02858,RI,1
02859,RI,1
02860,RI,1
02861,RI,1
02863,RI,1
02864,RI,1
02865,RI,1
02871,RI,1
02872,RI,1
02874,RI,1
02876,RI,0
02878,RI,1
02879,RI,1
02881,RI,1
02882,RI,1
02885,RI,1
02886,RI,1
02888,RI,1
02889,RI,1
02891,RI,1
02892,RI,1
02893,RI,1
02894,RI,1
02895,RI,1
02896,RI,1
02898,RI,1
02903,RI,1
02904,RI,1
02905,RI,1
02906,RI,1
02907,RI,1
02908,RI,1
02909,RI,1
02910,RI,1
02911,RI,1
02914,RI,1
02915,RI,1
02916,RI,1
02917,RI,1
02919,RI,1
02920,RI,1
02921,RI,1
03031,NH,1
03032,NH,1
03033,NH,1
03034,NH,1
03036,NH,1
03037,NH,1
03038,NH,1
03042,NH,1
03043,NH,1
03044,NH,1
03045,NH,1
03046,NH,1
03047,NH,1
03048,NH,1
03049,NH,1
03051,NH,1
03052,NH,1
03053,NH,1
03054,NH,1
03055,NH,1
03057,NH,1
03060,NH,1
03062,NH,1
03063,NH,1
03064,NH,1
03070,NH,1
03071,NH,1
03076,NH,1
03077,NH,1
03079,NH,1
03082,NH,1
03084,NH,1
03086,NH,1
03087,NH,1
03101,NH,1
03102,NH,1
03103,NH,1
03104,NH,1
03106,NH,1
03109,NH,1
03110,NH,1
03215,NH,1
03216,NH,1
03217,NH,1
03218,NH,1
03220,NH,1
03221,NH,1
03222,NH,1
03223,NH,1
03224,NH,1
03225,NH,1
03226,NH,1
03227,NH,1
03229,NH,1
03230,NH,1
03234,NH,1
03235,NH,1
03237,NH,1
03240,NH,1
03241,NH,0
03242,NH,1
03243,NH,0
03244,NH,1
03245,NH,1
03246,NH,1
03249,NH,1
03251,NH,1
03253,NH,1
03254,NH,1
03255,NH,1
03256,NH,1
03257,NH,1
03258,NH,1
03260,NH,0
03261,NH,1
03262,NH,1
03263,NH,1
03264,NH,1
03266,NH,1
03268,NH,1
03269,NH,1
03275,NH,1
03276,NH,1
03278,NH,1
03279,NH,1
03280,NH,1
03281,NH,1
03282,NH,1
03284,NH,1
03285,NH,1
03287,NH,1
03290,NH,1
03301,NH,1
03303,NH,1
03304,NH,1
03307,NH,1
03431,NH,1
03440,NH,1
03441,NH,1
03442,NH,1
03443,NH,1
03444,NH,1
03445,NH,0
03446,NH,1
03447,NH,1
03448,NH,0
03449,NH,1
03450,NH,1
03451,NH,1
03452,NH,1
03455,NH,1
03456,NH,1
03457,NH,0
03458,NH,1
03461,NH,1
03462,NH,1
03464,NH,1
03465,NH,1
03466,NH,1
03467,NH,1
03470,NH,1
03561,NH,1
03570,NH,1
03574,NH,1
03576,NH,1
03579,NH,1
03580,NH,1
03581,NH,1
03582,NH,1
03583,NH,0
03584,NH,1
03585,NH,1
03586,NH,1
03588,NH,1
03590,NH,1
03592,NH,1
03593,NH,0
03598,NH,1
03601,NH,0
03602,NH,1
03603,NH,1
03605,NH,1
03608,NH,1
03609,NH,1
03740,NH,1
03741,NH,1
03743,NH,1
03745,NH,1
03746,NH,0
03748,NH,1
03750,NH,1
03752,NH,1
03753,NH,1
03755,NH,1
03765,NH,0
03766,NH,1
03768,NH,1
03771,NH,1
03773,NH,1
03774,NH,1
03777,NH,1
03779,NH,1
03780,NH,1
03781,NH,1
03782,NH,1
03784,NH,1
03785,NH,1
03801,NH,1
03802,NH,0
03805,NH,0
03809,NH,1
03810,NH,1
03811,NH,1
03812,NH,1
03813,NH,1
03814,NH,1
03816,NH,1
03817,NH,1
03818,NH,1
03819,NH,1
03820,NH,1
03823,NH,1
03824,NH,1
03825,NH,1
03826,NH,1
03827,NH,1
03830,NH,1
03833,NH,1
03835,NH,1
03836,NH,1
03837,NH,1
03838,NH,1
03839,NH,1
03840,NH,1
03841,NH,1
03842,NH,1
03844,NH,1
03845,NH,1
03846,NH,1
03848,NH,1
03849,NH,1
03851,NH,1
03852,NH,0
03853,NH,1
03854,NH,1
03855,NH,1
03856,NH,1
03857,NH,1
03858,NH,1
03860,NH,1
03861,NH,1
03862,NH,1
03864,NH,1
03865,NH,1
03867,NH,1
03868,NH,1
03869,NH,1
03870,NH,1
03871,NH,0
03872,NH,1
03873,NH,1
03874,NH,1
03875,NH,1
03878,NH,1
03882,NH,1
03883,NH,0
03884,NH,1
03885,NH,1
03886,NH,1
03887,NH,1
03894,NH,1
03897,NH,0
03901,ME,1
03902,ME,1
03903,ME,1
03904,ME,1
03905,ME,1
03906,ME,1
03907,ME,1
03908,ME,1
03909,ME,1
04001,ME,1
04002,ME,1
04003,ME,0
04005,ME,1
04008,ME,1
04009,ME,1
04010,ME,1
04011,ME,1
04013,ME,1
04015,ME,1
04017,ME,0
04020,ME,1
04021,ME,1
04022,ME,1
04024,ME,1
04027,ME,1
04029,ME,1
04030,ME,1
04032,ME,1
04037,ME,1
04038,ME,1
04039,ME,1
04040,ME,1
04041,ME,1
04042,ME,1
04043,ME,1
04046,ME,1
04047,ME,1
04048,ME,1
04049,ME,1
04050,ME,1
04051,ME,1
04055,ME,1
04056,ME,0
04057,ME,1
04061,ME,1
04062,ME,1
04064,ME,1
04066,ME,1
04068,ME,1
04069,ME,1
04071,ME,1
04072,ME,1
04073,ME,1
04074,ME,1
04076,ME,1
04079,ME,1
04083,ME,1
04084,ME,1
04085,ME,1
04086,ME,1
04087,ME,1
04088,ME,1
04090,ME,1
04091,ME,1
04092,ME,1
04093,ME,1
04095,ME,1
04096,ME,1
04097,ME,1
04101,ME,1
04102,ME,1
04103,ME,1
04105,ME,1
04106,ME,1
04107,ME,1
04108,ME,1
04109,ME,1
04110,ME,1
04210,ME,1
04216,ME,1
04217,ME,1
04219,ME,1
04220,ME,1
04221,ME,1
04222,ME,1
04224,ME,1
04226,ME,0
04231,ME,1
04236,ME,1
04237,ME,1
04238,ME,1
04239,ME,1
04240,ME,1
04250,ME,1
04252,ME,1
04253,ME,1
04254,ME,1
04255,ME,1
04256,ME,1
04257,ME,1
04258,ME,1
04259,ME,1
04260,ME,1
04261,ME,1
04263,ME,1
04265,ME,0
04268,ME,1
04270,ME,1
04274,ME,1
04275,ME,1
04276,ME,1
04280,ME,1
04281,ME,1
04282,ME,1
04284,ME,1
04285,ME,1
04287,ME,1
04289,ME,1
04290,ME,1
04292,ME,1
04294,ME,1
04330,ME,1
04342,ME,1
04343,ME,0
04344,ME,1
04345,ME,1
04346,ME,1
04347,ME,1
04348,ME,1
04349,ME,1
04350,ME,1
04351,ME,1
04352,ME,1
04353,ME,1
04354,ME,1
04355,ME,1
04357,ME,1
04358,ME,1
04359,ME,1
04360,ME,1
04363,ME,1
04364,ME,1
04401,ME,1
04406,ME,1
04408,ME,0
04410,ME,1
04411,ME,1
04412,ME,1
04414,ME,1
04416,ME,1
04417,ME,0
04418,ME,1
04419,ME,1
04420,ME,0
04421,ME,1
04422,ME,1
04424,ME,1
04426,ME,1
04427,ME,1
04428,ME,1
04429,ME,1
04430,ME,1
04434,ME,1
04435,ME,1
04438,ME,1
04441,ME,1
04442,ME,1
04443,ME,1
04444,ME,1
04448,ME,1
04449,ME,1
04450,ME,1
04451,ME,1
04455,ME,1
04456,ME,1
04457,ME,1
04459,ME,1
04460,ME,1
04461,ME,1
04462,ME,1
04463,ME,1
04464,ME,1
04468,ME,1
04471,ME,1
04472,ME,1
04473,ME,1
04474,ME,1
04475,ME,1
04476,ME,1
04478,ME,1
04479,ME,0
04481,ME,1
04485,ME,1
04487,ME,1
04488,ME,1
04489,ME,0
04493,ME,1
04495,ME,0
04496,ME,1
04497,ME,0
04530,ME,1
04535,ME,1
04537,ME,1
04538,ME,1
04539,ME,1
04541,ME,0
04543,ME,1
04544,ME,1
04547,ME,1
04548,ME,1
04549,ME,1
04551,ME,1
04553,ME,1
04554,ME,1
04555,ME,1
04556,ME,1
04562,ME,1
04563,ME,1
04564,ME,1
04568,ME,0
04570,ME,0
04571,ME,0
04572,ME,1
04573,ME,0
04574,ME,1
04576,ME,1
04578,ME,1
04579,ME,1
04605,ME,1
04606,ME,1
04607,ME,1
04609,ME,1
04611,ME,0
04612,ME,1
04614,ME,1
04616,ME,0
04617,ME,1
04619,ME,1
04622,ME,1
04623,ME,0
04624,ME,0
04626,ME,1
04627,ME,0
04628,ME,1
04630,ME,1
04631,ME,1
04634,ME,1
04640,ME,1
04642,ME,1
04643,ME,1
04645,ME,0
04648,ME,0
04649,ME,1
04652,ME,1
04653,ME,1
04654,ME,1
04655,ME,1
04657,ME,1
04658,ME,1
04660,ME,1
04662,ME,1
04664,ME,1
04666,ME,1
04667,ME,0
04668,ME,1
04671,ME,1
04673,ME,0
04675,ME,0
04676,ME,1
04677,ME,1
04679,ME,1
04680,ME,0
04681,ME,1
04683,ME,0
04684,ME,1
04685,ME,0
04686,ME,0
04691,ME,1
04693,ME,1
04694,ME,1
04730,ME,1
04732,ME,1
04733,ME,0
04734,ME,1
04735,ME,1
04736,ME,1
04737,ME,1
04739,ME,1
04740,ME,1
04742,ME,1
04743,ME,1
04745,ME,0
04746,ME,1
04747,ME,0
04750,ME,1
04756,ME,1
04757,ME,1
04758,ME,1
04760,ME,1
04761,ME,1
04762,ME,1
04763,ME,1
04764,ME,0
04765,ME,1
04768,ME,1
04769,ME,1
04772,ME,1
04773,ME,1
04774,ME,0
04776,ME,1
04777,ME,0
04779,ME,1
04780,ME,0
04781,ME,0
04783,ME,1
04785,ME,1
04786,ME,1
04841,ME,1
04843,ME,1
04847,ME,0
04848,ME,1
04849,ME,1
04851,ME,0
04852,ME,0
04853,ME,1
04854,ME,1
04856,ME,1
04858,ME,1
04859,ME,0
04860,ME,1
04861,ME,1
04862,ME,1
04863,ME,1
04864,ME,1
04901,ME,1
04910,ME,1
04911,ME,1
04912,ME,1
04915,ME,1
04917,ME,1
04920,ME,1
04921,ME,1
04922,ME,1
04923,ME,0
04924,ME,1
04927,ME,1
04928,ME,1
04929,ME,1
04930,ME,1
04932,ME,1
04936,ME,0
04937,ME,1
04938,ME,1
04939,ME,1
04940,ME,0
04941,ME,1
04942,ME,1
04943,ME,1
04945,ME,1
04947,ME,1
04949,ME,1
04950,ME,1
04951,ME,1
04952,ME,1
04953,ME,1
04955,ME,1
04956,ME,1
04957,ME,1
04958,ME,1
04961,ME,1
04962,ME,1
04963,ME,1
04964,ME,0
04965,ME,1
04966,ME,1
04967,ME,1
04970,ME,1
04971,ME,1
04973,ME,1
04974,ME,1
04975,ME,1
04976,ME,1
04978,ME,1
04979,ME,1
04981,ME,1
04982,ME,1
04983,ME,1
04984,ME,0
04985,ME,1
04986,ME,1
04988,ME,1
04989,ME,1
05001,VT,1
05032,VT,1
05033,VT,1
05034,VT,0
05035,VT,0
05036,VT,0
05037,VT,1
05038,VT,1
05039,VT,1
05040,VT,0
05042,VT,1
05043,VT,1
05045,VT,1
05046,VT,1
05048,VT,1
05050,VT,0
05051,VT,1
05053,VT,0
05054,VT,0
05055,VT,1
05056,VT,1
05058,VT,0
05060,VT,1
05061,VT,1
05062,VT,1
05065,VT,1
05067,VT,0
05068,VT,1
05069,VT,1
05071,VT,1
05072,VT,0
05077,VT,1
05079,VT,1
05081,VT,1
05084,VT,0
05088,VT,0
05089,VT,1
05091,VT,1
05101,VT,1
05142,VT,1
05143,VT,1
05146,VT,0
05148,VT,1
05149,VT,1
05150,VT,1
05151,VT,1
05152,VT,1
05153,VT,1
05155,VT,1
05156,VT,1
05158,VT,0
05161,VT,1
05201,VT,1
05250,VT,1
05251,VT,1
05252,VT,0
05253,VT,1
05254,VT,1
05255,VT,1
05257,VT,1
05261,VT,1
05262,VT,1
05301,VT,1
05340,VT,1
05341,VT,1
05342,VT,1
05343,VT,1
05345,VT,1
05346,VT,1
05350,VT,1
05351,VT,0
05352,VT,1
05353,VT,1
05354,VT,1
05355,VT,0
05356,VT,1
05358,VT,0
05359,VT,0
05360,VT,1
05361,VT,1
05363,VT,1
05401,VT,1
05403,VT,1
05404,VT,1
05407,VT,1
05408,VT,1
05440,VT,1
05442,VT,0
05443,VT,1
05444,VT,1
05445,VT,1
05446,VT,1
05447,VT,0
05448,VT,1
05450,VT,1
05452,VT,1
05454,VT,1
05455,VT,1
05456,VT,1
05457,VT,1
05458,VT,1
05459,VT,1
05461,VT,1
05462,VT,1
05463,VT,1
05464,VT,1
05465,VT,1
05468,VT,1
05471,VT,1
05472,VT,1
05473,VT,0
05474,VT,1
05476,VT,1
05477,VT,1
05478,VT,1
05482,VT,1
05483,VT,1
05486,VT,1
05487,VT,1
05488,VT,1
05489,VT,1
05491,VT,1
05492,VT,1
05494,VT,1
05495,VT,1
05602,VT,1
05641,VT,1
05647,VT,1
05649,VT,1
05650,VT,1
05651,VT,1
05652,VT,1
05653,VT,1
05654,VT,1
05655,VT,1
05656,VT,1
05658,VT,0
05660,VT,1
05661,VT,1
05663,VT,1
05667,VT,1
05669,VT,0
05672,VT,1
05673,VT,1
05674,VT,1
05675,VT,1
05676,VT,1
05677,VT,1
05679,VT,1
05680,VT,1
05682,VT,1
05701,VT,1
05730,VT,0
05732,VT,1
05733,VT,1
05734,VT,1
05735,VT,1
05736,VT,0
05737,VT,0
05738,VT,1
05739,VT,1
05741,VT,0
05742,VT,0
05743,VT,1
05744,VT,0
05748,VT,0
05751,VT,1
05753,VT,1
05757,VT,1
05758,VT,0
05759,VT,1
05760,VT,1
05761,VT,1
05762,VT,1
05763,VT,1
05764,VT,1
05765,VT,1
05767,VT,1
05769,VT,1
05770,VT,1
05772,VT,1
05773,VT,1
05774,VT,1
05777,VT,1
05778,VT,0
05819,VT,1
05821,VT,1
05822,VT,1
05824,VT,0
05826,VT,1
05827,VT,0
05828,VT,1
05829,VT,1
05830,VT,1
05832,VT,1
05836,VT,1
05837,VT,0
05839,VT,1
05841,VT,0
05842,VT,1
05843,VT,1
05845,VT,1
05846,VT,1
05847,VT,1
05850,VT,0
05851,VT,1
05853,VT,0
05855,VT,1
05857,VT,1
05858,VT,1
05859,VT,1
05860,VT,1
05866,VT,1
05867,VT,1
05871,VT,0
05872,VT,1
05873,VT,1
05874,VT,1
05875,VT,1
05901,VT,1
05902,VT,0
05903,VT,1
05905,VT,1
05906,VT,1
05907,VT,0
06001,CT,1
06002,CT,1
06010,CT,1
06013,CT,1
06016,CT,1
06018,CT,1
06019,CT,1
06021,CT,1
06022,CT,1
06023,CT,0
06024,CT,0
06026,CT,1
06027,CT,1
06029,CT,1
06030,CT,0
06031,CT,1
06032,CT,1
06033,CT,1
06034,CT,0
06035,CT,1
06037,CT,1
06039,CT,1
06040,CT,1
06042,CT,1
06043,CT,1
06045,CT,0
06051,CT,1
06052,CT,1
06053,CT,1
06057,CT,1
06058,CT,1
06060,CT,1
06061,CT,0
06062,CT,1
06063,CT,1
06064,CT,0
06065,CT,1
06066,CT,1
06067,CT,1
06068,CT,1
06069,CT,1
06070,CT,1
06071,CT,1
06073,CT,1
06074,CT,1
06076,CT,1
06078,CT,1
06081,CT,1
06082,CT,1
06084,CT,1
06085,CT,1
06088,CT,1
06089,CT,1
06090,CT,1
06091,CT,0
06092,CT,1
06093,CT,1
06095,CT,1
06096,CT,1
06098,CT,1
06103,CT,1
06105,CT,1
06106,CT,1
06107,CT,1
06108,CT,1
06109,CT,1
06110,CT,1
06111,CT,1
06112,CT,1
06114,CT,1
06117,CT,1
06118,CT,1
06119,CT,1
06120,CT,1
06134,CT,0
06152,CT,1
06226,CT,1
06230,CT,1
06231,CT,1
06232,CT,1
06234,CT,1
06235,CT,1
06237,CT,1
06238,CT,1
06239,CT,1
06241,CT,1
06242,CT,1
06247,CT,1
06248,CT,1
06249,CT,1
06250,CT,1
06254,CT,1
06255,CT,1
06256,CT,1
06259,CT,1
06260,CT,1
06263,CT,0
06264,CT,0
06266,CT,1
06268,CT,1
06277,CT,1
06278,CT,1
06279,CT,1
06280,CT,1
06281,CT,1
06282,CT,1
06320,CT,1
06330,CT,1
06331,CT,1
06333,CT,1
06334,CT,1
06335,CT,1
06336,CT,0
06339,CT,1
06340,CT,1
06351,CT,1
06354,CT,1
06355,CT,1
06357,CT,1
06359,CT,1
06360,CT,1
06365,CT,1
06370,CT,1
06371,CT,1
06374,CT,1
06375,CT,1
06377,CT,0
06378,CT,1
06379,CT,1
06380,CT,1
06382,CT,1
06384,CT,1
06385,CT,1
06387,CT,0
06401,CT,1
06403,CT,1
06405,CT,1
06409,CT,1
06410,CT,1
06412,CT,1
06413,CT,1
06415,CT,1
06416,CT,1
06417,CT,1
06418,CT,1
06419,CT,1
06420,CT,1
06422,CT,1
06423,CT,1
06424,CT,1
06426,CT,1
06437,CT,1
06438,CT,0
06441,CT,1
06442,CT,1
06443,CT,1
06447,CT,1
06450,CT,1
06451,CT,1
06455,CT,1
06457,CT,1
06460,CT,1
06461,CT,1
06468,CT,1
06469,CT,1
06470,CT,1
06471,CT,1
06472,CT,1
06473,CT,1
06475,CT,1
06477,CT,1
06478,CT,1
06479,CT,1
06480,CT,1
06481,CT,1
06482,CT,1
06483,CT,1
06484,CT,1
06488,CT,1
06489,CT,1
06492,CT,1
06497,CT,0
06498,CT,1
06510,CT,1
06511,CT,1
06512,CT,1
06513,CT,1
06514,CT,1
06515,CT,1
06516,CT,1
06517,CT,1
06518,CT,1
06519,CT,1
06524,CT,1
06525,CT,1
06604,CT,1
06605,CT,1
06606,CT,1
06607,CT,1
06608,CT,1
06610,CT,1
06611,CT,1
06612,CT,1
06614,CT,1
06615,CT,1
06650,CT,0
06702,CT,0
06704,CT,1
06705,CT,1
06706,CT,1
06708,CT,1
06710,CT,1
06712,CT,1
06716,CT,1
06750,CT,1
06751,CT,1
06752,CT,1
06754,CT,0
06755,CT,1
06756,CT,1
06757,CT,1
06758,CT,0
06759,CT,1
06762,CT,1
06763,CT,1
06770,CT,1
06776,CT,1
06777,CT,1
06778,CT,1
06779,CT,1
06782,CT,1
06783,CT,1
06784,CT,1
06785,CT,1
06786,CT,1
06787,CT,1
06790,CT,1
06791,CT,1
06793,CT,1
06794,CT,1
06795,CT,1
06796,CT,1
06798,CT,1
06801,CT,1
06804,CT,1
06807,CT,1
06810,CT,1
06811,CT,1
06812,CT,1
06820,CT,1
06824,CT,1
06825,CT,1
06830,CT,1
06831,CT,1
06840,CT,1
06850,CT,1
06851,CT,1
06853,CT,1
06854,CT,1
06855,CT,1
06870,CT,1
06877,CT,1
06878,CT,1
06880,CT,1
06881,CT,0
06883,CT,1
06890,CT,1
06896,CT,1
06897,CT,1
06901,CT,1
06902,CT,1
06903,CT,1
06905,CT,1
06906,CT,1
06907,CT,1
07001,NJ,1
07002,NJ,1
07003,NJ,1
07004,NJ,1
07005,NJ,1
07006,NJ,1
07008,NJ,1
07009,NJ,1
07010,NJ,1
07011,NJ,1
07012,NJ,1
07013,NJ,1
07014,NJ,1
07016,NJ,1
07017,NJ,1
07018,NJ,1
07020,NJ,1
07021,NJ,1
07022,NJ,1
07023,NJ,1
07024,NJ,1
07026,NJ,1
07027,NJ,1
07028,NJ,1
07029,NJ,1
07030,NJ,1
07031,NJ,1
07032,NJ,1
07033,NJ,1
07034,NJ,1
07035,NJ,1
07036,NJ,1
07039,NJ,1
07040,NJ,1
07041,NJ,1
07042,NJ,1
07043,NJ,1
07044,NJ,1
07045,NJ,1
07046,NJ,1
07047,NJ,1
07050,NJ,1
07052,NJ,1
07054,NJ,1
07055,NJ,1
07057,NJ,1
07058,NJ,1
07059,NJ,1
07060,NJ,1
07062,NJ,1
07063,NJ,1
07064,NJ,1
07065,NJ,1
07066,NJ,1
07067,NJ,1
07068,NJ,1
07069,NJ,1
07070,NJ,1
07071,NJ,1
07072,NJ,1
07073,NJ,1
07074,NJ,1
07075,NJ,1
07076,NJ,1
07077,NJ,1
07078,NJ,1
07079,NJ,1
07080,NJ,1
07081,NJ,1
07082,NJ,1
07083,NJ,1
07086,NJ,1
07087,NJ,1
07088,NJ,1
07090,NJ,1
07092,NJ,1
07093,NJ,1
07094,NJ,1
07095,NJ,1
07102,NJ,1
07103,NJ,1
07104,NJ,1
07105,NJ,1
07106,NJ,1
07107,NJ,1
07108,NJ,1
07109,NJ,1
07110,NJ,1
07111,NJ,1
07112,NJ,1
07114,NJ,1
07201,NJ,1
07202,NJ,1
07203,NJ,1
07204,NJ,1
07205,NJ,1
07206,NJ,1
07208,NJ,1
07302,NJ,1
07304,NJ,1
07305,NJ,1
07306,NJ,1
07307,NJ,1
07310,NJ,1
07401,NJ,1
07403,NJ,1
07405,NJ,1
07407,NJ,1
07410,NJ,1
07416,NJ,1
07417,NJ,1
07418,NJ,1
07419,NJ,1
07420,NJ,1
07421,NJ,1
07422,NJ,1
07423,NJ,1
07424,NJ,1
07430,NJ,1
07432,NJ,1
07435,NJ,1
07436,NJ,1
07438,NJ,1
07439,NJ,1
07440,NJ,1
07442,NJ,1
07444,NJ,1
07446,NJ,1
07450,NJ,1
07452,NJ,1
07456,NJ,1
07457,NJ,1
07458,NJ,1
07460,NJ,1
07461,NJ,1
07462,NJ,1
07463,NJ,1
07465,NJ,1
07470,NJ,1
07480,NJ,1
07481,NJ,1
07501,NJ,1
07502,NJ,1
07503,NJ,1
07504,NJ,1
07505,NJ,0
07506,NJ,1
07508,NJ,1
07510,NJ,1
07512,NJ,1
07513,NJ,1
07514,NJ,1
07522,NJ,1
07524,NJ,1
07601,NJ,1
07603,NJ,1
07604,NJ,1
07605,NJ,1
07607,NJ,1
07620,NJ,1
07621,NJ,1
07624,NJ,1
07626,NJ,1
07627,NJ,1
07628,NJ,1
07630,NJ,1
07631,NJ,1
07632,NJ,1
07640,NJ,1
07641,NJ,1
07642,NJ,1
07643,NJ,1
07644,NJ,1
07645,NJ,1
07646,NJ,1
07647,NJ,1
07648,NJ,1
07649,NJ,1
07650,NJ,1
07652,NJ,1
07656,NJ,1
07657,NJ,1
07660,NJ,1
07661,NJ,1
07662,NJ,1
07663,NJ,1
07666,NJ,1
07670,NJ,1
07675,NJ,1
07676,NJ,1
07677,NJ,1
07701,NJ,1
07702,NJ,1
07704,NJ,1
07711,NJ,1
07712,NJ,1
07716,NJ,1
07717,NJ,1
07718,NJ,1
07719,NJ,1
07720,NJ,1
07721,NJ,1
07722,NJ,1
07723,NJ,1
07724,NJ,1
07726,NJ,1
07727,NJ,1
07728,NJ,1
07730,NJ,1
07731,NJ,1
07732,NJ,1
07733,NJ,1
07734,NJ,1
07735,NJ,1
07737,NJ,1
07738,NJ,1
07739,NJ,1
07740,NJ,1
07746,NJ,1
07747,NJ,1
07748,NJ,1
07750,NJ,1
07751,NJ,1
07753,NJ,1
07755,NJ,1
07756,NJ,1
07757,NJ,1
07758,NJ,1
07760,NJ,1
07762,NJ,1
07764,NJ,1
07801,NJ,1
07803,NJ,1
07806,NJ,1
07821,NJ,1
07822,NJ,0
07823,NJ,1
07825,NJ,1
07826,NJ,1
07827,NJ,1
07828,NJ,1
07830,NJ,1
07832,NJ,1
07834,NJ,1
07836,NJ,1
07838,NJ,1
07840,NJ,1
07843,NJ,1
07847,NJ,1
07848,NJ,1
07849,NJ,1
07850,NJ,1
07851,NJ,1
07852,NJ,1
07853,NJ,1
07856,NJ,1
07857,NJ,1
07860,NJ,1
07863,NJ,1
07865,NJ,1
07866,NJ,1
07869,NJ,1
07871,NJ,1
07874,NJ,1
07876,NJ,1
07878,NJ,1
07880,NJ,0
07881,NJ,1
07882,NJ,1
07885,NJ,1
07901,NJ,1
07920,NJ,1
07921,NJ,1
07922,NJ,1
07924,NJ,1
07927,NJ,1
07928,NJ,1
07930,NJ,1
07931,NJ,1
07932,NJ,1
07933,NJ,1
07935,NJ,0
07936,NJ,1
07940,NJ,1
07945,NJ,1
07946,NJ,0
07950,NJ,1
07960,NJ,1
07970,NJ,1
07974,NJ,1
07976,NJ,0
07980,NJ,1
07981,NJ,1
08001,NJ,1
08002,NJ,1
08003,NJ,1
08004,NJ,1
08005,NJ,1
08006,NJ,1
08007,NJ,1
08008,NJ,1
08009,NJ,1
08010,NJ,1
08012,NJ,1
08014,NJ,1
08015,NJ,1
08016,NJ,1
08019,NJ,1
08020,NJ,1
08021,NJ,1
08022,NJ,1
08023,NJ,1
08026,NJ,1
08027,NJ,1
08028,NJ,1
08029,NJ,1
08030,NJ,1
08031,NJ,1
08032,NJ,0
08033,NJ,1
08034,NJ,1
08035,NJ,1
08036,NJ,1
08037,NJ,1
08041,NJ,1
08043,NJ,1
08045,NJ,1
08046,NJ,1
08048,NJ,1
08049,NJ,1
08050,NJ,1
08051,NJ,1
08052,NJ,1
08053,NJ,1
08054,NJ,1
08055,NJ,1
08056,NJ,1
08057,NJ,1
08059,NJ,1
08060,NJ,1
08061,NJ,1
08062,NJ,1
08063,NJ,1
08065,NJ,1
08066,NJ,1
08067,NJ,1
08068,NJ,1
08069,NJ,1
08070,NJ,1
08071,NJ,1
08072,NJ,0
08075,NJ,1
08077,NJ,1
08078,NJ,1
08079,NJ,1
08080,NJ,1
08081,NJ,1
08083,NJ,1
08084,NJ,1
08085,NJ,1
08086,NJ,1
08087,NJ,1
08088,NJ,1
08089,NJ,1
08090,NJ,1
08091,NJ,1
08092,NJ,1
08093,NJ,1
08094,NJ,1
08096,NJ,1
08097,NJ,1
08098,NJ,1
08102,NJ,1
08103,NJ,1
08104,NJ,1
08105,NJ,1
08106,NJ,1
08107,NJ,1
08108,NJ,1
08109,NJ,1
08110,NJ,1
08201,NJ,1
08202,NJ,1
08203,NJ,1
08204,NJ,1
08205,NJ,1
08210,NJ,1
08212,NJ,1
08215,NJ,1
08221,NJ,1
08223,NJ,1
08225,NJ,1
08226,NJ,1
08230,NJ,1
08232,NJ,1
08234,NJ,1
08241,NJ,1
08242,NJ,1
08243,NJ,1
08244,NJ,1
08247,NJ,1
08248,NJ,0
08251,NJ,1
08260,NJ,1
08270,NJ,1
08302,NJ,1
08310,NJ,1
08311,NJ,1
08312,NJ,1
08316,NJ,1
08317,NJ,1
08318,NJ,1
08319,NJ,1
08321,NJ,1
08322,NJ,1
08323,NJ,1
08324,NJ,1
08326,NJ,1
08327,NJ,1
08328,NJ,1
08329,NJ,0
08330,NJ,1
08332,NJ,1
08340,NJ,1
08341,NJ,1
08343,NJ,1
08344,NJ,1
08345,NJ,0
08346,NJ,0
08349,NJ,1
08350,NJ,1
08352,NJ,0
08353,NJ,1
08360,NJ,1
08361,NJ,1
08362,NJ,0
08401,NJ,1
08402,NJ,1
08403,NJ,1
08406,NJ,1
08501,NJ,1
08502,NJ,1
08505,NJ,1
08510,NJ,1
08511,NJ,1
08512,NJ,1
08514,NJ,1
08515,NJ,1
08518,NJ,1
08520,NJ,1
08525,NJ,1
08527,NJ,1
08528,NJ,1
08530,NJ,1
08533,NJ,1
08534,NJ,1
08535,NJ,1
08536,NJ,1
08540,NJ,1
08542,NJ,1
08543,NJ,0
08550,NJ,1
08551,NJ,1
08553,NJ,1
08554,NJ,1
08558,NJ,1
08559,NJ,1
08560,NJ,1
08562,NJ,1
08608,NJ,0
08609,NJ,1
08610,NJ,1
08611,NJ,1
08618,NJ,1
08619,NJ,1
08620,NJ,1
08628,NJ,1
08629,NJ,1
08638,NJ,1
08648,NJ,1
08690,NJ,1
08691,NJ,1
08701,NJ,1
08720,NJ,1
08721,NJ,1
08722,NJ,1
08723,NJ,1
08724,NJ,1
08730,NJ,1
08731,NJ,1
08732,NJ,1
08733,NJ,1
08734,NJ,1
08735,NJ,1
08736,NJ,1
08738,NJ,1
08740,NJ,1
08741,NJ,1
08742,NJ,1
08750,NJ,1
08751,NJ,1
08752,NJ,1
08753,NJ,1
08755,NJ,1
08757,NJ,1
08758,NJ,1
08759,NJ,1
08801,NJ,1
08802,NJ,1
08804,NJ,1
08805,NJ,1
08807,NJ,1
08809,NJ,1
08810,NJ,1
08812,NJ,1
08816,NJ,1
08817,NJ,1
08820,NJ,1
08822,NJ,1
08823,NJ,1
08824,NJ,1
08825,NJ,1
08826,NJ,1
08827,NJ,1
08828,NJ,1
08829,NJ,1
08830,NJ,1
08831,NJ,1
08832,NJ,0
08833,NJ,1
08835,NJ,1
08836,NJ,1
08837,NJ,1
08840,NJ,1
08844,NJ,1
08846,NJ,1
08848,NJ,1
08850,NJ,1
08852,NJ,1
08853,NJ,1
08854,NJ,1
08857,NJ,1
08859,NJ,1
08861,NJ,1
08863,NJ,1
08865,NJ,1
08867,NJ,1
08869,NJ,1
08872,NJ,1
08873,NJ,1
08876,NJ,1
08879,NJ,1
08880,NJ,1
08882,NJ,1
08884,NJ,1
08886,NJ,1
08887,NJ,1
08889,NJ,1
08901,NJ,1
08902,NJ,1
08904,NJ,1
10001,NY,1
10002,NY,1
10003,NY,1
10004,NY,1
10005,NY,1
10006,NY,1
10007,NY,1
10009,NY,1
10010,NY,1
10011,NY,1
10012,NY,1
10013,NY,1
10014,NY,1
10015,NY,0
10016,NY,1
10017,NY,1
10018,NY,1
10019,NY,1
10021,NY,1
10022,NY,1
10023,NY,1
10024,NY,1
10025,NY,1
10026,NY,1
10027,NY,1
10028,NY,1
10029,NY,1
10030,NY,1
10031,NY,1
10032,NY,1
10033,NY,1
10034,NY,1
10035,NY,1
10036,NY,1
10037,NY,1
10038,NY,1
10039,NY,1
10040,NY,1
10044,NY,1
10048,NY,0
10060,NY,0
10065,NY,1
10069,NY,1
10075,NY,1
10090,NY,1
10095,NY,0
10098,NY,0
10099,NY,0
10128,NY,1
10151,NY,0
10155,NY,1
10156,NY,1
10159,NY,1
10161,NY,1
10279,NY,1
10280,NY,1
10282,NY,1
10301,NY,1
10302,NY,1
10303,NY,1
10304,NY,1
10305,NY,1
10306,NY,1
10307,NY,1
10308,NY,1
10309,NY,1
10310,NY,1
10312,NY,1
10314,NY,1
10451,NY,1
10452,NY,1
10453,NY,1
10454,NY,1
10455,NY,1
10456,NY,1
10457,NY,1
10458,NY,1
10459,NY,1
10460,NY,1
10461,NY,1
10462,NY,1
10463,NY,1
10464,NY,1
10465,NY,1
10466,NY,1
10467,NY,1
10468,NY,1
10469,NY,1
10470,NY,1
10471,NY,1
10472,NY,1
10473,NY,1
10474,NY,1
10475,NY,1
10501,NY,1
10502,NY,1
10504,NY,1
10505,NY,1
10506,NY,1
10507,NY,1
10509,NY,1
10510,NY,1
10511,NY,1
10512,NY,1
10514,NY,1
10516,NY,1
10518,NY,1
10520,NY,1
10522,NY,1
10523,NY,1
10524,NY,1
10526,NY,1
10527,NY,1
10528,NY,1
10530,NY,1
10532,NY,1
10533,NY,1
10535,NY,1
10536,NY,1
10537,NY,1
10538,NY,1
10540,NY,0
10541,NY,1
10543,NY,1
10546,NY,1
10547,NY,1
10548,NY,1
10549,NY,1
10550,NY,1
10551,NY,0
10552,NY,1
10553,NY,1
10560,NY,1
10562,NY,1
10566,NY,1
10567,NY,1
10570,NY,1
10573,NY,1
10576,NY,1
10577,NY,1
10579,NY,1
10580,NY,1
10583,NY,1
10588,NY,1
10589,NY,1
10590,NY,1
10591,NY,1
10594,NY,1
10595,NY,1
10596,NY,1
10597,NY,1
10598,NY,1
10601,NY,1
10602,NY,1
10603,NY,1
10604,NY,1
10605,NY,1
10606,NY,1
10607,NY,1
10701,NY,1
10703,NY,1
10704,NY,1
10705,NY,1
10706,NY,1
10707,NY,1
10708,NY,1
10709,NY,1
10710,NY,1
10801,NY,1
10803,NY,1
10804,NY,1
10805,NY,1
10901,NY,1
10913,NY,1
10914,NY,0
10916,NY,1
10917,NY,1
10918,NY,1
10919,NY,1
10920,NY,1
10921,NY,1
10922,NY,1
10923,NY,1
10924,NY,1
10925,NY,1
10926,NY,1
10927,NY,1
10928,NY,1
10930,NY,1
10931,NY,0
10940,NY,1
10941,NY,1
10950,NY,1
10952,NY,1
10954,NY,1
10956,NY,1
10958,NY,1
10960,NY,1
10962,NY,1
10963,NY,1
10964,NY,1
10965,NY,1
10968,NY,1
10969,NY,0
10970,NY,1
10973,NY,1
10974,NY,1
10976,NY,1
10977,NY,1
10979,NY,0
10980,NY,1
10982,NY,1
10983,NY,1
10984,NY,1
10986,NY,1
10987,NY,1
10988,NY,0
10989,NY,1
10990,NY,1
10992,NY,1
10993,NY,1
10994,NY,1
10998,NY,1
11001,NY,1
11003,NY,1
11004,NY,1
11005,NY,1
11010,NY,1
11020,NY,1
11021,NY,1
11023,NY,1
11024,NY,1
11030,NY,1
11040,NY,1
11042,NY,0
11050,NY,1
11096,NY,1
11101,NY,1
11102,NY,1
11103,NY,1
11104,NY,1
11105,NY,1
11106,NY,1
11109,NY,1
11201,NY,1
11203,NY,1
11204,NY,1
11205,NY,1
11206,NY,1
11207,NY,1
11208,NY,1
11209,NY,1
11210,NY,1
11211,NY,1
11212,NY,1
11213,NY,1
11214,NY,1
11215,NY,1
11216,NY,1
11217,NY,1
11218,NY,1
11219,NY,1
11220,NY,1
11221,NY,1
11222,NY,1
11223,NY,1
11224,NY,1
11225,NY,1
11226,NY,1
11228,NY,1
11229,NY,1
11230,NY,1
11231,NY,1
11232,NY,1
11233,NY,1
11234,NY,1
11235,NY,1
11236,NY,1
11237,NY,1
11238,NY,1
11241,NY,1
11243,NY,1
11249,NY,1
11354,NY,1
11355,NY,1
11356,NY,1
11357,NY,1
11358,NY,1
11360,NY,1
11361,NY,1
11362,NY,1
11363,NY,1
11364,NY,1
11365,NY,1
11366,NY,1
11367,NY,1
11368,NY,1
11369,NY,1
11370,NY,1
11372,NY,1
11373,NY,1
11374,NY,1
11375,NY,1
11377,NY,1
11378,NY,1
11379,NY,1
11385,NY,1
11411,NY,1
11412,NY,1
11413,NY,1
11414,NY,1
11415,NY,1
11416,NY,1
11417,NY,1
11418,NY,1
11419,NY,1
11420,NY,1
11421,NY,1
11422,NY,1
11423,NY,1
11426,NY,1
11427,NY,1
11428,NY,1
11429,NY,1
11432,NY,1
11433,NY,1
11434,NY,1
11435,NY,1
11436,NY,1
11501,NY,1
11507,NY,1
11509,NY,1
11510,NY,1
11514,NY,1
11516,NY,1
11518,NY,1
11520,NY,1
11530,NY,1
11536,NY,0
11542,NY,1
11545,NY,1
11547,NY,1
11548,NY,0
11550,NY,1
11552,NY,1
11553,NY,1
11554,NY,1
11557,NY,1
11558,NY,1
11559,NY,1
11560,NY,1
11561,NY,1
11563,NY,1
11565,NY,1
11566,NY,1
11568,NY,1
11569,NY,1
11570,NY,1
11572,NY,1
11575,NY,1
11576,NY,1
11577,NY,1
11579,NY,1
11580,NY,1
11581,NY,1
11590,NY,1
11596,NY,1
11598,NY,1
11691,NY,1
11692,NY,1
11693,NY,1
11694,NY,1
11697,NY,0
11701,NY,1
11702,NY,1
11703,NY,1
11704,NY,1
11705,NY,1
11706,NY,1
11709,NY,1
11710,NY,1
11713,NY,1
11714,NY,1
11715,NY,1
11716,NY,1
11717,NY,1
11718,NY,1
11719,NY,1
11720,NY,1
11721,NY,1
11722,NY,1
11724,NY,1
11725,NY,1
11726,NY,1
11727,NY,1
11729,NY,1
11730,NY,1
11731,NY,1
11732,NY,1
11733,NY,1
11735,NY,1
11738,NY,1
11739,NY,1
11740,NY,1
11741,NY,1
11742,NY,1
11743,NY,1
11746,NY,1
11747,NY,1
11749,NY,1
11751,NY,1
11752,NY,1
11753,NY,1
11754,NY,1
11755,NY,1
11756,NY,1
11757,NY,1
11758,NY,1
11762,NY,1
11763,NY,1
11764,NY,1
11765,NY,0
11766,NY,1
11767,NY,1
11768,NY,1
11769,NY,1
11770,NY,1
11771,NY,1
11772,NY,1
11776,NY,1
11777,NY,1
11778,NY,1
11779,NY,1
11780,NY,1
11782,NY,1
11783,NY,1
11784,NY,1
11786,NY,1
11787,NY,1
11788,NY,1
11789,NY,1
11790,NY,1
11791,NY,1
11792,NY,1
11793,NY,1
11795,NY,1
11796,NY,1
11797,NY,1
11798,NY,1
11801,NY,1
11803,NY,1
11804,NY,1
11901,NY,1
11930,NY,1
11932,NY,0
11933,NY,1
11934,NY,1
11935,NY,1
11937,NY,1
11939,NY,1
11940,NY,1
11941,NY,1
11942,NY,1
11944,NY,1
11946,NY,1
11948,NY,1
11949,NY,1
11950,NY,1
11951,NY,1
11952,NY,1
11953,NY,1
11954,NY,1
11955,NY,1
11957,NY,1
11958,NY,1
11959,NY,1
11960,NY,1
11961,NY,1
11962,NY,1
11963,NY,1
11964,NY,1
11965,NY,1
11967,NY,1
11968,NY,1
11971,NY,1
11975,NY,0
11976,NY,1
11977,NY,1
11978,NY,1
11980,NY,1
12009,NY,1
12010,NY,1
12015,NY,1
12017,NY,1
12018,NY,1
12019,NY,1
12020,NY,1
12022,NY,1
12023,NY,1
12024,NY,1
12025,NY,1
12027,NY,1
12028,NY,1
12029,NY,1
12031,NY,0
12032,NY,0
12033,NY,1
12035,NY,0
12036,NY,1
12037,NY,1
12041,NY,0
12043,NY,1
12046,NY,1
12047,NY,1
12051,NY,1
12052,NY,1
12053,NY,1
12054,NY,1
12055,NY,1
12056,NY,1
12057,NY,1
12058,NY,1
12059,NY,1
12060,NY,1
12061,NY,1
12062,NY,1
12064,NY,0
12065,NY,1
12066,NY,1
12067,NY,1
12068,NY,1
12069,NY,0
12070,NY,1
12072,NY,1
12074,NY,1
12075,NY,1
12076,NY,1
12077,NY,1
12078,NY,1
12083,NY,1
12084,NY,0
12086,NY,1
12087,NY,0
12090,NY,1
12093,NY,1
12094,NY,1
12095,NY,1
12106,NY,1
12108,NY,0
12110,NY,1
12116,NY,1
12117,NY,1
12118,NY,1
12120,NY,1
12121,NY,1
12122,NY,1
12123,NY,1
12124,NY,1
12125,NY,1
12130,NY,1
12131,NY,1
12134,NY,1
12136,NY,1
12137,NY,1
12138,NY,1
12140,NY,1
12143,NY,1
12144,NY,1
12147,NY,0
12148,NY,1
12149,NY,1
12150,NY,1
12151,NY,1
12154,NY,1
12155,NY,1
12156,NY,1
12157,NY,1
12158,NY,1
12159,NY,1
12160,NY,1
12164,NY,0
12166,NY,1
12167,NY,1
12168,NY,1
12169,NY,0
12170,NY,1
12172,NY,1
12173,NY,1
12175,NY,1
12177,NY,0
12180,NY,1
12182,NY,1
12183,NY,1
12184,NY,1
12185,NY,0
12186,NY,1
12187,NY,1
12188,NY,1
12189,NY,1
12190,NY,1
12192,NY,1
12193,NY,1
12196,NY,1
12197,NY,1
12198,NY,1
12202,NY,1
12203,NY,1
12204,NY,1
12205,NY,1
12206,NY,1
12207,NY,0
12208,NY,1
12209,NY,1
12210,NY,1
12211,NY,1
12247,NY,1
12260,NY,1
12302,NY,1
12303,NY,1
12304,NY,1
12305,NY,1
12306,NY,1
12307,NY,1
12308,NY,1
12309,NY,1
12401,NY,1
12404,NY,1
12405,NY,1
12406,NY,1
12407,NY,0
12409,NY,1
12410,NY,0
12412,NY,0
12413,NY,1
12414,NY,1
12418,NY,0
12419,NY,1
12421,NY,1
12422,NY,0
12423,NY,1
12424,NY,0
12427,NY,1
12428,NY,1
12430,NY,1
12431,NY,1
12432,NY,0
12433,NY,1
12434,NY,0
12435,NY,0
12436,NY,1
12438,NY,0
12439,NY,1
12440,NY,1
12441,NY,0
12442,NY,1
12443,NY,1
12444,NY,1
12446,NY,1
12449,NY,1
12450,NY,0
12451,NY,1
12453,NY,1
12454,NY,0
12455,NY,1
12456,NY,0
12457,NY,1
12458,NY,1
12461,NY,1
12463,NY,1
12464,NY,1
12465,NY,1
12466,NY,1
12468,NY,1
12469,NY,1
12472,NY,1
12473,NY,1
12474,NY,1
12477,NY,1
12480,NY,1
12481,NY,1
12482,NY,0
12484,NY,1
12485,NY,1
12486,NY,1
12487,NY,1
12490,NY,0
12491,NY,1
12492,NY,0
12494,NY,1
12495,NY,0
12496,NY,1
12498,NY,1
12501,NY,1
12502,NY,1
12503,NY,0
12508,NY,1
12513,NY,0
12514,NY,1
12515,NY,0
12516,NY,1
12518,NY,1
12520,NY,1
12521,NY,1
12522,NY,1
12523,NY,1
12524,NY,1
12525,NY,1
12526,NY,1
12528,NY,1
12529,NY,1
12531,NY,1
12533,NY,1
12534,NY,1
12538,NY,1
12540,NY,1
12542,NY,1
12543,NY,1
12545,NY,1
12546,NY,1
12547,NY,1
12548,NY,1
12549,NY,1
12550,NY,1
12553,NY,1
12561,NY,1
12563,NY,1
12564,NY,1
12565,NY,0
12566,NY,1
12567,NY,1
12569,NY,1
12570,NY,1
12571,NY,1
12572,NY,1
12575,NY,1
12577,NY,1
12578,NY,1
12580,NY,1
12581,NY,1
12582,NY,1
12583,NY,1
12585,NY,1
12586,NY,1
12589,NY,1
12590,NY,1
12592,NY,0
12594,NY,1
12601,NY,1
12603,NY,1
12701,NY,1
12719,NY,1
12720,NY,0
12721,NY,1
12723,NY,1
12725,NY,1
12726,NY,1
12729,NY,1
12732,NY,1
12733,NY,0
12734,NY,1
12737,NY,1
12740,NY,1
12741,NY,0
12742,NY,0
12743,NY,1
12746,NY,1
12747,NY,0
12748,NY,1
12749,NY,0
12750,NY,0
12751,NY,1
12754,NY,1
12758,NY,1
12759,NY,1
12760,NY,1
12762,NY,1
12763,NY,1
12764,NY,1
12765,NY,1
12766,NY,0
12768,NY,1
12770,NY,1
12771,NY,1
12775,NY,1
12776,NY,1
12777,NY,1
12778,NY,1
12779,NY,0
12780,NY,1
12783,NY,1
12786,NY,0
12788,NY,1
12789,NY,1
12790,NY,1
12801,NY,1
12803,NY,1
12804,NY,1
12808,NY,1
12809,NY,1
12810,NY,1
12814,NY,1
12815,NY,1
12816,NY,1
12817,NY,1
12819,NY,0
12821,NY,1
12822,NY,1
12823,NY,1
12824,NY,1
12827,NY,1
12828,NY,1
12831,NY,1
12832,NY,1
12833,NY,1
12834,NY,1
12835,NY,1
12836,NY,1
12837,NY,0
12838,NY,1
12839,NY,1
12841,NY,0
12842,NY,1
12843,NY,0
12845,NY,1
12846,NY,1
12847,NY,1
12849,NY,1
12850,NY,1
12851,NY,0
12852,NY,1
12853,NY,1
12855,NY,0
12856,NY,0
12857,NY,1
12858,NY,0
12859,NY,1
12860,NY,1
12861,NY,0
12863,NY,1
12865,NY,1
12866,NY,1
12870,NY,1
12871,NY,1
12873,NY,0
12874,NY,0
12878,NY,1
12879,NY,1
12883,NY,1
12884,NY,0
12885,NY,1
12886,NY,0
12887,NY,1
12901,NY,1
12903,NY,1
12910,NY,1
12911,NY,0
12912,NY,1
12913,NY,0
12916,NY,1
12917,NY,1
12918,NY,1
12919,NY,1
12920,NY,1
12921,NY,1
12926,NY,1
12927,NY,0
12928,NY,1
12930,NY,0
12932,NY,1
12934,NY,1
12935,NY,1
12936,NY,1
12937,NY,0
12941,NY,1
12942,NY,1
12943,NY,1
12944,NY,1
12946,NY,1
12949,NY,1
12950,NY,0
12953,NY,1
12955,NY,0
12956,NY,1
12957,NY,1
12958,NY,0
12960,NY,1
12962,NY,1
12964,NY,0
12965,NY,1
12966,NY,1
12967,NY,1
12969,NY,1
12972,NY,1
12974,NY,1
12976,NY,0
12979,NY,1
12980,NY,0
12981,NY,1
12983,NY,1
12985,NY,1
12986,NY,1
12987,NY,0
12989,NY,1
12992,NY,1
12993,NY,1
12996,NY,1
12997,NY,1
13020,NY,0
13021,NY,1
13026,NY,1
13027,NY,1
13028,NY,1
13029,NY,1
13030,NY,1
13031,NY,1
13032,NY,1
13033,NY,1
13034,NY,1
13035,NY,1
13036,NY,1
13037,NY,1
13039,NY,1
13040,NY,1
13041,NY,1
13042,NY,1
13044,NY,1
13045,NY,1
13052,NY,1
13053,NY,1
13054,NY,1
13057,NY,1
13060,NY,1
13061,NY,1
13063,NY,1
13066,NY,1
13068,NY,1
13069,NY,1
13071,NY,1
13072,NY,0
13073,NY,1
13074,NY,1
13076,NY,0
13077,NY,1
13078,NY,1
13080,NY,1
13081,NY,1
13082,NY,1
13083,NY,1
13084,NY,0
13088,NY,1
13090,NY,1
13092,NY,0
13101,NY,1
13104,NY,1
13108,NY,1
13110,NY,1
13111,NY,1
13112,NY,1
13113,NY,0
13114,NY,1
13116,NY,1
13118,NY,1
13120,NY,1
13122,NY,1
13124,NY,0
13126,NY,1
13131,NY,1
13132,NY,1
13135,NY,1
13140,NY,1
13141,NY,0
13142,NY,1
13144,NY,1
13145,NY,1
13146,NY,1
13148,NY,1
13152,NY,1
13153,NY,0
13156,NY,1
13157,NY,1
13158,NY,1
13159,NY,1
13160,NY,1
13162,NY,1
13164,NY,1
13165,NY,1
13166,NY,1
13167,NY,1
13202,NY,1
13203,NY,1
13204,NY,1
13205,NY,1
13206,NY,1
13207,NY,1
13208,NY,1
13209,NY,1
13210,NY,1
13211,NY,1
13212,NY,1
13214,NY,1
13215,NY,1
13219,NY,1
13224,NY,1
13302,NY,1
13303,NY,1
13304,NY,1
13308,NY,1
13309,NY,1
13310,NY,0
13315,NY,1
13316,NY,1
13317,NY,1
13320,NY,1
13321,NY,1
13322,NY,0
13323,NY,1
13324,NY,1
13325,NY,1
13326,NY,1
13327,NY,0
13328,NY,0
13329,NY,1
13331,NY,1
13332,NY,1
13334,NY,1
13335,NY,1
13337,NY,0
13338,NY,0
13339,NY,1
13340,NY,1
13343,NY,0
13346,NY,1
13348,NY,0
13350,NY,1
13352,NY,0
13353,NY,0
13354,NY,1
13355,NY,0
13357,NY,1
13360,NY,1
13361,NY,1
13363,NY,0
13365,NY,1
13367,NY,1
13368,NY,0
13403,NY,1
13404,NY,0
13406,NY,0
13407,NY,1
13408,NY,1
13409,NY,1
13411,NY,1
13413,NY,1
13415,NY,1
13416,NY,0
13417,NY,1
13418,NY,0
13420,NY,1
13421,NY,1
13424,NY,1
13425,NY,1
13428,NY,0
13431,NY,0
13433,NY,1
13437,NY,1
13438,NY,1
13439,NY,1
13440,NY,1
13450,NY,0
13452,NY,1
13456,NY,1
13459,NY,1
13460,NY,1
13461,NY,1
13464,NY,1
13465,NY,1
13468,NY,0
13470,NY,1
13471,NY,0
13472,NY,1
13476,NY,1
13477,NY,1
13478,NY,1
13480,NY,1
13483,NY,0
13485,NY,0
13486,NY,0
13490,NY,1
13491,NY,1
13492,NY,1
13493,NY,0
13494,NY,0
13495,NY,1
13501,NY,1
13502,NY,1
13601,NY,1
13605,NY,1
13606,NY,1
13607,NY,1
13608,NY,1
13611,NY,0
13612,NY,1
13613,NY,1
13615,NY,1
13616,NY,1
13617,NY,1
13618,NY,0
13619,NY,1
13620,NY,1
13621,NY,0
13622,NY,1
13624,NY,1
13625,NY,1
13626,NY,1
13628,NY,1
13630,NY,1
13632,NY,1
13633,NY,0
13634,NY,1
13636,NY,0
13637,NY,1
13638,NY,1
13640,NY,1
13642,NY,1
13646,NY,1
13648,NY,1
13650,NY,1
13652,NY,1
13654,NY,1
13656,NY,1
13658,NY,0
13659,NY,0
13660,NY,1
13661,NY,1
13662,NY,1
13664,NY,1
13665,NY,0
13667,NY,1
13668,NY,1
13669,NY,1
13670,NY,1
13672,NY,0
13673,NY,1
13676,NY,1
13679,NY,0
13681,NY,0
13682,NY,1
13684,NY,1
13685,NY,1
13687,NY,0
13690,NY,1
13691,NY,1
13692,NY,0
13693,NY,1
13694,NY,1
13697,NY,1
13730,NY,1
13731,NY,1
13732,NY,1
13733,NY,1
13734,NY,1
13736,NY,1
13739,NY,0
13740,NY,0
13743,NY,1
13744,NY,0
13746,NY,1
13748,NY,1
13750,NY,0
13752,NY,1
13753,NY,1
13754,NY,1
13755,NY,0
13756,NY,1
13757,NY,0
13760,NY,1
13775,NY,1
13777,NY,1
13778,NY,1
13780,NY,1
13782,NY,1
13783,NY,1
13784,NY,1
13786,NY,0
13787,NY,1
13788,NY,1
13790,NY,1
13795,NY,1
13796,NY,1
13797,NY,1
13801,NY,0
13803,NY,1
13806,NY,0
13807,NY,1
13808,NY,1
13809,NY,0
13810,NY,1
13811,NY,1
13812,NY,1
13813,NY,1
13815,NY,1
13820,NY,1
13825,NY,1
13827,NY,1
13830,NY,1
13833,NY,1
13838,NY,1
13839,NY,1
13841,NY,0
13842,NY,0
13843,NY,1
13844,NY,0
13846,NY,0
13849,NY,1
13850,NY,1
13856,NY,1
13861,NY,1
13862,NY,1
13864,NY,0
13865,NY,1
13901,NY,1
13903,NY,1
13904,NY,1
13905,NY,1
14001,NY,1
14004,NY,1
14005,NY,1
14006,NY,1
14008,NY,0
14009,NY,1
14011,NY,1
14012,NY,1
14013,NY,0
14020,NY,1
14025,NY,1
14026,NY,0
14028,NY,1
14030,NY,1
14031,NY,1
14032,NY,1
14033,NY,1
14034,NY,1
14036,NY,1
14038,NY,0
14040,NY,1
14042,NY,1
14043,NY,1
14047,NY,1
14048,NY,1
14051,NY,1
14052,NY,1
14054,NY,1
14055,NY,0
14056,NY,0
14057,NY,1
14058,NY,1
14059,NY,1
14060,NY,0
14062,NY,1
14063,NY,1
14065,NY,0
14067,NY,1
14068,NY,1
14069,NY,0
14070,NY,1
14072,NY,1
14075,NY,1
14080,NY,1
14081,NY,1
14082,NY,0
14085,NY,1
14086,NY,1
14092,NY,1
14094,NY,1
14098,NY,1
14101,NY,1
14103,NY,1
14105,NY,1
14108,NY,1
14111,NY,1
14120,NY,1
14125,NY,1
14126,NY,1
14127,NY,1
14131,NY,1
14132,NY,1
14136,NY,1
14138,NY,1
14139,NY,1
14141,NY,1
14143,NY,0
14145,NY,0
14150,NY,1
14166,NY,0
14167,NY,0
14170,NY,1
14171,NY,1
14172,NY,1
14174,NY,1
14201,NY,1
14202,NY,1
14203,NY,1
14204,NY,1
14206,NY,1
14207,NY,1
14208,NY,1
14209,NY,1
14210,NY,1
14211,NY,1
14212,NY,1
14213,NY,1
14214,NY,1
14215,NY,1
14216,NY,1
14217,NY,1
14218,NY,1
14219,NY,1
14220,NY,1
14221,NY,1
14222,NY,1
14223,NY,1
14224,NY,1
14225,NY,1
14226,NY,1
14227,NY,1
14228,NY,1
14280,NY,0
14301,NY,1
14303,NY,1
14304,NY,1
14305,NY,1
14411,NY,1
14414,NY,1
14415,NY,0
14416,NY,1
14418,NY,1
14420,NY,1
14422,NY,1
14423,NY,1
14424,NY,1
14425,NY,1
14427,NY,1
14428,NY,1
14432,NY,1
14433,NY,1
14435,NY,1
14437,NY,1
14441,NY,1
14445,NY,1
14450,NY,1
14454,NY,1
14456,NY,1
14462,NY,0
14464,NY,1
14466,NY,0
14467,NY,1
14468,NY,1
14469,NY,1
14470,NY,1
14471,NY,1
14472,NY,1
14476,NY,1
14477,NY,1
14478,NY,1
14481,NY,1
14482,NY,1
14485,NY,1
14487,NY,1
14489,NY,1
14502,NY,1
14504,NY,0
14505,NY,1
14506,NY,1
14507,NY,1
14510,NY,1
14512,NY,1
14513,NY,1
14514,NY,1
14516,NY,1
14517,NY,1
14519,NY,1
14521,NY,1
14522,NY,1
14525,NY,0
14526,NY,1
14527,NY,1
14530,NY,1
14532,NY,1
14533,NY,1
14534,NY,1
14537,NY,0
14541,NY,1
14543,NY,1
14544,NY,1
14546,NY,1
14548,NY,1
14549,NY,0
14550,NY,0
14551,NY,1
14555,NY,0
14559,NY,1
14560,NY,1
14561,NY,1
14564,NY,1
14568,NY,1
14569,NY,1
14571,NY,1
14572,NY,1
14580,NY,1
14586,NY,1
14589,NY,1
14590,NY,1
14591,NY,0
14592,NY,0
14604,NY,1
14605,NY,1
14606,NY,1
14607,NY,1
14608,NY,1
14609,NY,1
14610,NY,1
14611,NY,1
14612,NY,1
14613,NY,1
14614,NY,0
14615,NY,1
14616,NY,1
14617,NY,1
14618,NY,1
14619,NY,1
14620,NY,1
14621,NY,1
14622,NY,1
14623,NY,1
14624,NY,1
14625,NY,1
14626,NY,1
14701,NY,1
14706,NY,1
14709,NY,1
14710,NY,1
14711,NY,1
14712,NY,1
14715,NY,1
14716,NY,0
14717,NY,1
14718,NY,1
14719,NY,1
14720,NY,1
14722,NY,1
14723,NY,1
14724,NY,1
14726,NY,1
14727,NY,1
14728,NY,1
14729,NY,1
14731,NY,1
14733,NY,1
14735,NY,1
14736,NY,0
14737,NY,1
14738,NY,1
14739,NY,0
14741,NY,1
14742,NY,1
14743,NY,1
14744,NY,0
14747,NY,1
14750,NY,1
14755,NY,1
14757,NY,1
14760,NY,1
14770,NY,0
14772,NY,1
14775,NY,1
14777,NY,0
14779,NY,1
14781,NY,1
14782,NY,1
14784,NY,0
14785,NY,0
14787,NY,1
14801,NY,1
14802,NY,1
14803,NY,1
14804,NY,1
14805,NY,0
14806,NY,1
14807,NY,1
14808,NY,0
14809,NY,1
14810,NY,1
14812,NY,1
14813,NY,1
14814,NY,1
14815,NY,1
14816,NY,1
14817,NY,1
14818,NY,1
14819,NY,0
14821,NY,1
14822,NY,1
14823,NY,1
14826,NY,1
14830,NY,1
14837,NY,1
14838,NY,1
14840,NY,1
14841,NY,1
14842,NY,1
14843,NY,1
14845,NY,1
14847,NY,0
14850,NY,1
14855,NY,1
14858,NY,1
14859,NY,1
14860,NY,1
14861,NY,1
14864,NY,0
14865,NY,1
14867,NY,1
14869,NY,0
14870,NY,1
14871,NY,1
14872,NY,1
14873,NY,0
14877,NY,0
14878,NY,1
14879,NY,1
14880,NY,0
14881,NY,0
14882,NY,1
14883,NY,1
14884,NY,0
14885,NY,1
14886,NY,1
14889,NY,1
14891,NY,1
14892,NY,1
14894,NY,1
14895,NY,1
14897,NY,1
14898,NY,1
14901,NY,1
14903,NY,1
14904,NY,1
14905,NY,1
14925,NY,0
15001,PA,1
15003,PA,1
15005,PA,1
15007,PA,0
15009,PA,1
15010,PA,1
15012,PA,1
15014,PA,1
15015,PA,1
15017,PA,1
15019,PA,1
15021,PA,1
15022,PA,1
15024,PA,1
15025,PA,1
15026,PA,1
15027,PA,1
15030,PA,1
15031,PA,0
15033,PA,1
15034,PA,1
15035,PA,1
15037,PA,1
15038,PA,0
15042,PA,1
15043,PA,1
15044,PA,1
15045,PA,1
15046,PA,1
15047,PA,0
15049,PA,1
15050,PA,1
15051,PA,0
15052,PA,1
15053,PA,1
15054,PA,0
15055,PA,1
15056,PA,1
15057,PA,1
15059,PA,1
15060,PA,1
15061,PA,1
15062,PA,1
15063,PA,1
15065,PA,1
15066,PA,1
15067,PA,1
15068,PA,1
15071,PA,1
15074,PA,1
15076,PA,1
15078,PA,1
15081,PA,0
15082,PA,1
15083,PA,0
15084,PA,1
15085,PA,1
15086,PA,1
15089,PA,1
15090,PA,1
15101,PA,1
15102,PA,1
15104,PA,1
15106,PA,1
15108,PA,1
15110,PA,1
15112,PA,1
15116,PA,1
15120,PA,1
15122,PA,1
15126,PA,1
15129,PA,1
15131,PA,1
15132,PA,1
15133,PA,1
15135,PA,1
15136,PA,1
15137,PA,1
15139,PA,1
15140,PA,1
15142,PA,1
15143,PA,1
15144,PA,1
15145,PA,1
15146,PA,1
15147,PA,1
15148,PA,1
15201,PA,1
15202,PA,1
15203,PA,1
15204,PA,1
15205,PA,1
15206,PA,1
15207,PA,1
15208,PA,1
15209,PA,1
15210,PA,1
15211,PA,1
15212,PA,1
15213,PA,1
15214,PA,1
15215,PA,1
15216,PA,1
15217,PA,1
15218,PA,1
15219,PA,1
15220,PA,1
15221,PA,1
15222,PA,1
15223,PA,1
15224,PA,1
15225,PA,1
15226,PA,1
15227,PA,1
15228,PA,1
15229,PA,1
15232,PA,1
15233,PA,1
15234,PA,1
15235,PA,1
15236,PA,1
15237,PA,1
15238,PA,1
15239,PA,1
15241,PA,1
15243,PA,1
15253,PA,1
15272,PA,1
15295,PA,1
15301,PA,1
15311,PA,1
15312,PA,1
15314,PA,1
15317,PA,1
15320,PA,1
15321,PA,1
15322,PA,1
15323,PA,1
15324,PA,0
15327,PA,0
15329,PA,0
15330,PA,1
15332,PA,1
15333,PA,1
15337,PA,0
15338,PA,1
15340,PA,1
15342,PA,1
15344,PA,1
15345,PA,1
15348,PA,0
15349,PA,0
15352,PA,0
15357,PA,1
15360,PA,1
15363,PA,0
15367,PA,1
15368,PA,0
15370,PA,1
15376,PA,1
15377,PA,0
15401,PA,1
15410,PA,0
15411,PA,0
15413,PA,0
15417,PA,1
15419,PA,1
15420,PA,0
15421,PA,0
15423,PA,1
15424,PA,1
15425,PA,1
15427,PA,1
15428,PA,1
15431,PA,1
15432,PA,0
15433,PA,1
15434,PA,1
15436,PA,1
15437,PA,1
15438,PA,1
15442,PA,1
15444,PA,1
15445,PA,1
15451,PA,0
15456,PA,1
15458,PA,1
15459,PA,0
15461,PA,1
15462,PA,0
15464,PA,0
15466,PA,0
15468,PA,1
15470,PA,0
15473,PA,1
15474,PA,1
15475,PA,1
15478,PA,1
15479,PA,1
15480,PA,1
15483,PA,0
15484,PA,0
15486,PA,1
15501,PA,1
15521,PA,1
15522,PA,1
15530,PA,1
15531,PA,1
15532,PA,0
15533,PA,1
15534,PA,0
15535,PA,1
15536,PA,0
15537,PA,1
15540,PA,0
15541,PA,1
15544,PA,0
15545,PA,1
15550,PA,1
15552,PA,1
15554,PA,1
15557,PA,1
15558,PA,1
15559,PA,1
15563,PA,1
15601,PA,1
15610,PA,1
15612,PA,0
15613,PA,1
15618,PA,1
15622,PA,1
15623,PA,1
15626,PA,1
15627,PA,1
15628,PA,1
15629,PA,1
15631,PA,0
15632,PA,1
15635,PA,0
15636,PA,1
15637,PA,1
15639,PA,1
15641,PA,1
15642,PA,1
15644,PA,1
15650,PA,1
15655,PA,1
15656,PA,1
15658,PA,1
15660,PA,0
15665,PA,1
15666,PA,1
15668,PA,1
15670,PA,1
15671,PA,1
15672,PA,1
15673,PA,1
15674,PA,0
15675,PA,1
15676,PA,0
15677,PA,0
15678,PA,0
15679,PA,1
15681,PA,1
15683,PA,1
15686,PA,1
15687,PA,1
15688,PA,1
15690,PA,1
15697,PA,1
15698,PA,1
15701,PA,1
15714,PA,1
15717,PA,1
15722,PA,1
15724,PA,1
15725,PA,1
15728,PA,1
15729,PA,0
15732,PA,0
15737,PA,0
15739,PA,0
15745,PA,1
15746,PA,1
15747,PA,1
15748,PA,1
15750,PA,0
15754,PA,0
15758,PA,1
15759,PA,1
15765,PA,1
15767,PA,1
15771,PA,1
15772,PA,0
15773,PA,0
15774,PA,1
15801,PA,1
15821,PA,0
15824,PA,0
15825,PA,1
15828,PA,0
15829,PA,0
15832,PA,1
15834,PA,1
15845,PA,0
15851,PA,0
15853,PA,0
15857,PA,1
15860,PA,0
15864,PA,1
15866,PA,0
15868,PA,0
15870,PA,0
15901,PA,1
15902,PA,1
15904,PA,1
15905,PA,1
15906,PA,1
15909,PA,1
15915,PA,1
15921,PA,1
15922,PA,0
15923,PA,1
15924,PA,1
15926,PA,1
15927,PA,1
15928,PA,1
15931,PA,1
15935,PA,1
15936,PA,0
15938,PA,1
15940,PA,1
15942,PA,1
15943,PA,1
15944,PA,1
15946,PA,1
15951,PA,0
15952,PA,1
15954,PA,1
15955,PA,1
15956,PA,0
15963,PA,1
16001,PA,1
16002,PA,1
16020,PA,0
16021,PA,1
16023,PA,1
16025,PA,1
16027,PA,0
16028,PA,1
16033,PA,1
16034,PA,1
16037,PA,1
16038,PA,1
16040,PA,0
16041,PA,1
16045,PA,1
16046,PA,1
16049,PA,1
16050,PA,0
16051,PA,1
16052,PA,1
16053,PA,1
16055,PA,1
16056,PA,1
16057,PA,1
16059,PA,1
16061,PA,1
16063,PA,1
16066,PA,1
16101,PA,1
16102,PA,1
16105,PA,1
16112,PA,1
16115,PA,1
16116,PA,1
16117,PA,1
16120,PA,0
16121,PA,1
16123,PA,1
16124,PA,0
16125,PA,1
16127,PA,1
16130,PA,1
16133,PA,0
16134,PA,1
16136,PA,0
16137,PA,1
16141,PA,1
16142,PA,1
16143,PA,1
16145,PA,1
16146,PA,1
16148,PA,1
16150,PA,1
16153,PA,1
16154,PA,1
16156,PA,1
16157,PA,1
16159,PA,1
16160,PA,0
16201,PA,1
16210,PA,0
16212,PA,1
16214,PA,1
16218,PA,1
16222,PA,1
16226,PA,1
16229,PA,1
16232,PA,1
16233,PA,1
16236,PA,0
16239,PA,1
16240,PA,0
16242,PA,1
16248,PA,1
16249,PA,0
16254,PA,1
16255,PA,0
16256,PA,0
16257,PA,1
16258,PA,0
16259,PA,1
16260,PA,0
16261,PA,1
16262,PA,1
16301,PA,1
16311,PA,0
16313,PA,1
16314,PA,1
16316,PA,1
16317,PA,1
16319,PA,0
16323,PA,1
16326,PA,1
16327,PA,0
16333,PA,0
16334,PA,0
16335,PA,1
16341,PA,1
16342,PA,0
16343,PA,0
16345,PA,1
16346,PA,1
16347,PA,1
16350,PA,1
16351,PA,1
16353,PA,1
16354,PA,1
16360,PA,1
16362,PA,1
16365,PA,1
16371,PA,1
16373,PA,1
16374,PA,1
16401,PA,1
16403,PA,1
16404,PA,0
16405,PA,0
16406,PA,1
16407,PA,1
16411,PA,1
16412,PA,1
16415,PA,1
16417,PA,1
16421,PA,1
16423,PA,1
16424,PA,1
16426,PA,1
16428,PA,1
16432,PA,1
16433,PA,1
16434,PA,0
16435,PA,1
16436,PA,0
16438,PA,1
16441,PA,1
16442,PA,1
16443,PA,1
16502,PA,1
16503,PA,1
16504,PA,1
16505,PA,1
16506,PA,1
16507,PA,1
16508,PA,1
16509,PA,1
16510,PA,1
16511,PA,1
16541,PA,1
16544,PA,1
16601,PA,1
16602,PA,1
16611,PA,0
16613,PA,0
16617,PA,1
16623,PA,1
16625,PA,1
16627,PA,1
16630,PA,1
16635,PA,1
16636,PA,0
16637,PA,1
16640,PA,1
16641,PA,1
16646,PA,0
16647,PA,1
16648,PA,1
16650,PA,1
16651,PA,1
16652,PA,1
16655,PA,1
16656,PA,0
16657,PA,1
16662,PA,1
16664,PA,1
16666,PA,1
16667,PA,0
16668,PA,1
16669,PA,1
16673,PA,1
16674,PA,0
16678,PA,1
16679,PA,0
16686,PA,1
16689,PA,0
16692,PA,1
16693,PA,1
16694,PA,0
16695,PA,0
16701,PA,1
16720,PA,1
16728,PA,0
16729,PA,0
16731,PA,1
16735,PA,1
16738,PA,1
16740,PA,1
16743,PA,0
16746,PA,1
16748,PA,1
16749,PA,1
16801,PA,1
16803,PA,1
16820,PA,1
16822,PA,1
16823,PA,1
16825,PA,0
16827,PA,1
16828,PA,1
16829,PA,1
16830,PA,1
16833,PA,1
16836,PA,0
16840,PA,1
16841,PA,1
16844,PA,1
16845,PA,1
16847,PA,0
16852,PA,1
16854,PA,1
16858,PA,1
16859,PA,0
16860,PA,0
16865,PA,1
16866,PA,1
16868,PA,0
16870,PA,1
16874,PA,1
16875,PA,1
16877,PA,0
16878,PA,1
16881,PA,0
16882,PA,1
16901,PA,1
16912,PA,1
16914,PA,1
16915,PA,1
16920,PA,1
16921,PA,1
16922,PA,1
16923,PA,0
16925,PA,1
16926,PA,0
16927,PA,0
16928,PA,1
16929,PA,1
16930,PA,1
16933,PA,1
16935,PA,1
16936,PA,1
16937,PA,0
16938,PA,0
16940,PA,0
16942,PA,0
16946,PA,1
16947,PA,1
16948,PA,0
16950,PA,1
17003,PA,1
17004,PA,1
17006,PA,1
17007,PA,1
17008,PA,0
17009,PA,1
17011,PA,1
17013,PA,1
17015,PA,1
17017,PA,0
17018,PA,1
17019,PA,1
17020,PA,1
17021,PA,1
17022,PA,1
17023,PA,1
17024,PA,1
17025,PA,1
17026,PA,1
17028,PA,1
17029,PA,0
17032,PA,1
17033,PA,1
17034,PA,1
17036,PA,1
17037,PA,0
17038,PA,1
17040,PA,1
17042,PA,1
17043,PA,1
17044,PA,1
17045,PA,1
17046,PA,1
17047,PA,0
17048,PA,1
17049,PA,0
17050,PA,1
17051,PA,0
17052,PA,1
17053,PA,1
17055,PA,1
17057,PA,1
17058,PA,1
17059,PA,1
17060,PA,0
17061,PA,1
17062,PA,1
17063,PA,1
17064,PA,1
17065,PA,1
17066,PA,1
17067,PA,1
17068,PA,1
17070,PA,1
17073,PA,1
17074,PA,1
17078,PA,1
17080,PA,0
17082,PA,1
17084,PA,1
17086,PA,0
17087,PA,1
17088,PA,1
17090,PA,1
17093,PA,0
17094,PA,1
17097,PA,0
17098,PA,1
17099,PA,1
17101,PA,1
17102,PA,1
17103,PA,1
17104,PA,1
17109,PA,1
17110,PA,1
17111,PA,1
17112,PA,1
17113,PA,1
17129,PA,1
17201,PA,1
17202,PA,1
17212,PA,0
17214,PA,1
17215,PA,0
17220,PA,1
17221,PA,0
17222,PA,1
17223,PA,0
17224,PA,1
17225,PA,1
17228,PA,0
17229,PA,1
17233,PA,1
17236,PA,1
17237,PA,1
17238,PA,1
17240,PA,1
17241,PA,1
17243,PA,1
17244,PA,1
17246,PA,0
17249,PA,1
17252,PA,1
17253,PA,0
17255,PA,1
17257,PA,1
17260,PA,0
17262,PA,1
17264,PA,1
17265,PA,0
17266,PA,0
17267,PA,1
17268,PA,1
17301,PA,1
17302,PA,0
17304,PA,1
17307,PA,1
17309,PA,1
17313,PA,1
17314,PA,1
17315,PA,1
17316,PA,1
17319,PA,1
17320,PA,1
17321,PA,1
17322,PA,1
17324,PA,1
17325,PA,1
17327,PA,1
17329,PA,1
17331,PA,1
17339,PA,1
17340,PA,1
17344,PA,1
17345,PA,1
17347,PA,1
17349,PA,1
17350,PA,1
17352,PA,1
17353,PA,1
17354,PA,1
17355,PA,1
17356,PA,1
17360,PA,1
17361,PA,1
17362,PA,1
17363,PA,1
17364,PA,1
17365,PA,1
17366,PA,1
17368,PA,1
17370,PA,1
17372,PA,1
17401,PA,1
17402,PA,1
17403,PA,1
17404,PA,1
17406,PA,1
17407,PA,1
17408,PA,1
17501,PA,1
17502,PA,1
17505,PA,1
17508,PA,0
17509,PA,1
17512,PA,1
17516,PA,0
17517,PA,1
17518,PA,0
17519,PA,1
17520,PA,1
17522,PA,1
17527,PA,1
17529,PA,1
17532,PA,1
17535,PA,1
17536,PA,1
17538,PA,1
17540,PA,1
17543,PA,1
17545,PA,1
17547,PA,1
17550,PA,0
17551,PA,1
17552,PA,1
17554,PA,1
17555,PA,1
17557,PA,1
17560,PA,1
17562,PA,1
17563,PA,1
17565,PA,1
17566,PA,1
17569,PA,1
17572,PA,1
17578,PA,1
17579,PA,1
17580,PA,0
17581,PA,1
17582,PA,0
17584,PA,1
17601,PA,1
17602,PA,1
17603,PA,1
17611,PA,1
17701,PA,1
17702,PA,1
17721,PA,1
17724,PA,1
17728,PA,1
17729,PA,0
17737,PA,1
17738,PA,0
17740,PA,1
17744,PA,1
17745,PA,1
17747,PA,1
17750,PA,0
17751,PA,1
17752,PA,1
17754,PA,1
17756,PA,1
17758,PA,1
17760,PA,1
17764,PA,1
17765,PA,0
17768,PA,1
17771,PA,1
17772,PA,1
17774,PA,0
17776,PA,1
17777,PA,1
17801,PA,1
17810,PA,1
17812,PA,0
17814,PA,1
17815,PA,1
17820,PA,1
17821,PA,1
17823,PA,0
17824,PA,1
17827,PA,0
17830,PA,1
17832,PA,1
17834,PA,1
17837,PA,1
17840,PA,0
17841,PA,1
17842,PA,1
17843,PA,1
17844,PA,1
17845,PA,1
17846,PA,1
17847,PA,1
17850,PA,0
17851,PA,1
17853,PA,1
17855,PA,1
17856,PA,1
17857,PA,1
17860,PA,1
17864,PA,1
17866,PA,1
17870,PA,1
17872,PA,1
17876,PA,1
17878,PA,1
17881,PA,1
17886,PA,1
17888,PA,1
17889,PA,1
17901,PA,1
17921,PA,1
17922,PA,1
17923,PA,1
17925,PA,0
17929,PA,1
17931,PA,1
17933,PA,0
17934,PA,1
17935,PA,1
17936,PA,0
17938,PA,1
17944,PA,0
17948,PA,1
17949,PA,0
17953,PA,0
17954,PA,1
17957,PA,0
17959,PA,1
17960,PA,1
17961,PA,1
17963,PA,1
17965,PA,1
17967,PA,1
17968,PA,0
17970,PA,1
17972,PA,1
17976,PA,1
17980,PA,1
17981,PA,1
17982,PA,0
17983,PA,1
17985,PA,1
18011,PA,1
18013,PA,1
18014,PA,1
18015,PA,1
18017,PA,1
18018,PA,1
18020,PA,1
18031,PA,1
18032,PA,1
18034,PA,1
18036,PA,1
18037,PA,1
18038,PA,1
18040,PA,1
18041,PA,1
18042,PA,1
18045,PA,1
18049,PA,1
18051,PA,1
18052,PA,1
18053,PA,1
18054,PA,1
18055,PA,1
18056,PA,0
18058,PA,1
18059,PA,1
18062,PA,1
18063,PA,0
18064,PA,1
18066,PA,1
18067,PA,1
18069,PA,1
18071,PA,1
18072,PA,1
18073,PA,1
18074,PA,1
18076,PA,1
18077,PA,1
18078,PA,1
18079,PA,0
18080,PA,1
18083,PA,0
18085,PA,1
18086,PA,0
18088,PA,1
18091,PA,1
18092,PA,1
18101,PA,1
18102,PA,1
18103,PA,1
18104,PA,1
18106,PA,1
18109,PA,1
18201,PA,1
18202,PA,1
18210,PA,1
18211,PA,0
18214,PA,1
18216,PA,0
18218,PA,1
18219,PA,0
18222,PA,1
18224,PA,1
18229,PA,1
18232,PA,1
18234,PA,0
18235,PA,1
18237,PA,1
18240,PA,1
18242,PA,0
18249,PA,1
18250,PA,1
18252,PA,1
18255,PA,1
18301,PA,1
18302,PA,1
18321,PA,1
18322,PA,0
18323,PA,0
18324,PA,1
18325,PA,1
18326,PA,1
18327,PA,0
18328,PA,1
18330,PA,1
18331,PA,1
18332,PA,1
18333,PA,1
18334,PA,1
18336,PA,1
18337,PA,1
18343,PA,1
18344,PA,1
18346,PA,1
18347,PA,1
18349,PA,0
18350,PA,1
18351,PA,1
18353,PA,1
18354,PA,1
18355,PA,1
18360,PA,1
18370,PA,1
18371,PA,1
18372,PA,1
18403,PA,1
18405,PA,1
18407,PA,1
18411,PA,1
18414,PA,1
18415,PA,1
18417,PA,1
18419,PA,1
18421,PA,1
18424,PA,1
18425,PA,1
18426,PA,1
18428,PA,1
18430,PA,0
18431,PA,1
18433,PA,1
18434,PA,1
18435,PA,1
18436,PA,1
18437,PA,0
18438,PA,1
18439,PA,1
18443,PA,0
18444,PA,1
18445,PA,1
18446,PA,1
18447,PA,1
18451,PA,1
18452,PA,1
18453,PA,1
18456,PA,0
18458,PA,1
18461,PA,0
18462,PA,1
18464,PA,1
18465,PA,1
18466,PA,1
18469,PA,0
18470,PA,1
18472,PA,1
18503,PA,0
18504,PA,1
18505,PA,1
18507,PA,1
18508,PA,1
18509,PA,1
18510,PA,1
18512,PA,1
18517,PA,1
18518,PA,1
18519,PA,1
18540,PA,1
18601,PA,0
18603,PA,1
18610,PA,1
18612,PA,1
18614,PA,1
18615,PA,1
18617,PA,1
18618,PA,1
18619,PA,0
18621,PA,1
18623,PA,0
18624,PA,1
18625,PA,0
18626,PA,1
18628,PA,0
18629,PA,1
18630,PA,1
18631,PA,1
18632,PA,0
18634,PA,1
18635,PA,1
18640,PA,1
18641,PA,1
18642,PA,1
18643,PA,1
18644,PA,1
18651,PA,1
18653,PA,0
18655,PA,1
18656,PA,1
18657,PA,1
18660,PA,1
18661,PA,1
18701,PA,1
18702,PA,1
18704,PA,1
18705,PA,1
18706,PA,1
18707,PA,1
18708,PA,1
18709,PA,1
18801,PA,1
18810,PA,1
18812,PA,1
18813,PA,0
18818,PA,1
18821,PA,1
18822,PA,1
18824,PA,1
18826,PA,1
18828,PA,0
18829,PA,0
18831,PA,0
18832,PA,0
18833,PA,1
18834,PA,1
18837,PA,0
18840,PA,1
18844,PA,1
18845,PA,0
18847,PA,1
18848,PA,1
18850,PA,1
18853,PA,1
18901,PA,1
18902,PA,1
18914,PA,1
18915,PA,1
18917,PA,1
18920,PA,0
18923,PA,1
18925,PA,1
18929,PA,1
18930,PA,1
18932,PA,0
18933,PA,1
18936,PA,0
18938,PA,1
18940,PA,1
18942,PA,1
18944,PA,1
18947,PA,1
18949,PA,1
18951,PA,1
18954,PA,1
18955,PA,1
18960,PA,1
18964,PA,1
18966,PA,1
18969,PA,1
18972,PA,1
18974,PA,1
18976,PA,1
18977,PA,1
19001,PA,1
19002,PA,1
19003,PA,1
19004,PA,1
19006,PA,1
19007,PA,1
19008,PA,1
19010,PA,1
19012,PA,1
19013,PA,1
19014,PA,1
19015,PA,1
19017,PA,1
19018,PA,1
19020,PA,1
19021,PA,1
19022,PA,1
19023,PA,1
19025,PA,1
19026,PA,1
19027,PA,1
19029,PA,1
19030,PA,1
19031,PA,1
19032,PA,1
19033,PA,1
19034,PA,1
19035,PA,1
19036,PA,1
19038,PA,1
19040,PA,1
19041,PA,1
19043,PA,1
19044,PA,1
19046,PA,1
19047,PA,1
19050,PA,1
19053,PA,1
19054,PA,1
19055,PA,1
19056,PA,1
19057,PA,1
19060,PA,1
19061,PA,1
19063,PA,1
19064,PA,1
19066,PA,1
19067,PA,1
19070,PA,1
19072,PA,1
19073,PA,1
19074,PA,1
19075,PA,1
19076,PA,1
19078,PA,1
19079,PA,1
19081,PA,1
19082,PA,1
19083,PA,1
19085,PA,1
19086,PA,1
19087,PA,1
19090,PA,1
19094,PA,1
19095,PA,1
19096,PA,1
19102,PA,1
19103,PA,1
19104,PA,1
19106,PA,1
19107,PA,1
19110,PA,1
19111,PA,1
19114,PA,1
19115,PA,1
19116,PA,1
19118,PA,1
19119,PA,1
19120,PA,1
19121,PA,1
19122,PA,1
19123,PA,1
19124,PA,1
19125,PA,1
19126,PA,1
19127,PA,1
19128,PA,1
19129,PA,1
19130,PA,1
19131,PA,1
19132,PA,1
19133,PA,1
19134,PA,1
19135,PA,1
19136,PA,1
19137,PA,1
19138,PA,1
19139,PA,1
19140,PA,1
19141,PA,1
19142,PA,1
19143,PA,1
19144,PA,1
19145,PA,1
19146,PA,1
19147,PA,1
19148,PA,1
19149,PA,1
19150,PA,1
19151,PA,1
19152,PA,1
19153,PA,1
19154,PA,1
19192,PA,1
19301,PA,1
19310,PA,0
19311,PA,1
19312,PA,1
19317,PA,1
19319,PA,1
19320,PA,1
19330,PA,1
19333,PA,1
19335,PA,1
19341,PA,1
19342,PA,1
19343,PA,1
19344,PA,1
19348,PA,1
19350,PA,1
19352,PA,1
19355,PA,1
19362,PA,1
19363,PA,1
19365,PA,1
19369,PA,0
19372,PA,1
19373,PA,1
19380,PA,1
19382,PA,1
19390,PA,1
19401,PA,1
19403,PA,1
19405,PA,1
19406,PA,1
19422,PA,1
19425,PA,1
19426,PA,1
19428,PA,1
19438,PA,1
19440,PA,1
19442,PA,0
19444,PA,1
19446,PA,1
19453,PA,1
19454,PA,1
19460,PA,1
19462,PA,1
19464,PA,1
19465,PA,1
19468,PA,1
19473,PA,1
19474,PA,1
19475,PA,1
19486,PA,1
19501,PA,1
19503,PA,1
19504,PA,1
19505,PA,1
19506,PA,1
19507,PA,1
19508,PA,1
19510,PA,1
19512,PA,1
19518,PA,1
19520,PA,1
19522,PA,1
19525,PA,1
19526,PA,1
19529,PA,1
19530,PA,1
19533,PA,1
19534,PA,1
19539,PA,1
19540,PA,1
19541,PA,1
19542,PA,0
19543,PA,1
19547,PA,1
19551,PA,1
19555,PA,1
19560,PA,1
19562,PA,1
19565,PA,1
19567,PA,1
19601,PA,1
19602,PA,1
19604,PA,1
19605,PA,1
19606,PA,1
19607,PA,1
19608,PA,1
19609,PA,1
19610,PA,1
19611,PA,1
19701,DE,1
19702,DE,1
19703,DE,1
19706,DE,1
19707,DE,1
19709,DE,1
19711,DE,1
19713,DE,1
19718,DE,0
19720,DE,1
19730,DE,1
19732,DE,0
19734,DE,1
19801,DE,1
19802,DE,1
19803,DE,1
19804,DE,1
19805,DE,1
19806,DE,1
19807,DE,1
19808,DE,1
19809,DE,1
19810,DE,1
19901,DE,1
19904,DE,1
19906,DE,1
19930,DE,1
19931,DE,0
19933,DE,1
19934,DE,1
19938,DE,1
19939,DE,1
19940,DE,1
19941,DE,1
19943,DE,1
19944,DE,1
19945,DE,1
19946,DE,1
19947,DE,1
19950,DE,1
19951,DE,1
19952,DE,1
19953,DE,1
19954,DE,1
19955,DE,1
19956,DE,1
19958,DE,1
19960,DE,1
19962,DE,1
19963,DE,1
19964,DE,1
19966,DE,1
19967,DE,1
19968,DE,1
19970,DE,1
19971,DE,1
19973,DE,1
19975,DE,1
19977,DE,1
19979,DE,1
20001,DC,1
20002,DC,1
20003,DC,1
20004,DC,1
20005,DC,1
20006,DC,1
20007,DC,1
20008,DC,1
20009,DC,1
20010,DC,1
20011,DC,1
20012,DC,1
20015,DC,1
20016,DC,1
20017,DC,1
20018,DC,1
20019,DC,1
20020,DC,1
20024,DC,1
20027,DC,0
20032,DC,1
20036,DC,1
20037,DC,1
20105,VA,1
20106,VA,1
20109,VA,1
20110,VA,1
20111,VA,1
20112,VA,1
20115,VA,1
20117,VA,1
20119,VA,1
20120,VA,1
20121,VA,1
20124,VA,1
20129,VA,1
20130,VA,1
20132,VA,1
20135,VA,1
20136,VA,1
20137,VA,1
20141,VA,1
20143,VA,1
20144,VA,1
20147,VA,1
20148,VA,1
20151,VA,1
20152,VA,1
20155,VA,1
20156,VA,1
20158,VA,1
20164,VA,1
20165,VA,1
20166,VA,1
20167,VA,1
20169,VA,1
20170,VA,1
20171,VA,1
20175,VA,1
20176,VA,1
20180,VA,1
20181,VA,1
20184,VA,0
20186,VA,1
20187,VA,1
20189,VA,1
20190,VA,1
20191,VA,1
20194,VA,1
20197,VA,1
20198,VA,1
20306,DC,1
20391,DC,1
20398,DC,1
20422,DC,0
20532,DC,0
20593,DC,0
20601,MD,1
20602,MD,1
20603,MD,1
20607,MD,1
20608,MD,1
20609,MD,1
20611,MD,1
20612,MD,1
20613,MD,1
20615,MD,0
20616,MD,1
20617,MD,1
20618,MD,1
20619,MD,1
20620,MD,1
20621,MD,1
20622,MD,1
20623,MD,1
20625,MD,1
20626,MD,1
20629,MD,1
20630,MD,1
20632,MD,0
20634,MD,1
20636,MD,1
20637,MD,1
20639,MD,1
20640,MD,1
20645,MD,1
20646,MD,1
20650,MD,1
20653,MD,1
20657,MD,1
20658,MD,1
20659,MD,1
20662,MD,1
20664,MD,1
20674,MD,1
20675,MD,1
20676,MD,1
20677,MD,1
20678,MD,1
20680,MD,1
20684,MD,1
20685,MD,1
20687,MD,1
20688,MD,1
20689,MD,1
20690,MD,1
20692,MD,0
20693,MD,1
20695,MD,1
20705,MD,1
20706,MD,1
20707,MD,1
20708,MD,1
20710,MD,1
20711,MD,1
20712,MD,1
20714,MD,1
20715,MD,1
20716,MD,1
20717,MD,1
20720,MD,1
20721,MD,1
20722,MD,1
20723,MD,1
20724,MD,1
20731,MD,0
20732,MD,1
20733,MD,1
20735,MD,1
20736,MD,1
20737,MD,1
20740,MD,1
20743,MD,1
20744,MD,1
20745,MD,1
20746,MD,1
20747,MD,1
20748,MD,1
20751,MD,1
20754,MD,1
20755,MD,0
20757,MD,0
20758,MD,0
20759,MD,1
20763,MD,1
20764,MD,1
20765,MD,1
20769,MD,1
20770,MD,1
20772,MD,1
20774,MD,1
20776,MD,1
20777,MD,1
20778,MD,1
20779,MD,1
20781,MD,1
20782,MD,1
20783,MD,1
20784,MD,1
20785,MD,1
20794,MD,1
20812,MD,0
20814,MD,1
20815,MD,1
20816,MD,1
20817,MD,1
20818,MD,1
20824,MD,1
20830,MD,1
20832,MD,1
20833,MD,1
20837,MD,1
20841,MD,1
20842,MD,1
20850,MD,1
20851,MD,1
20852,MD,1
20853,MD,1
20854,MD,1
20855,MD,1
20860,MD,1
20861,MD,1
20862,MD,1
20866,MD,1
20871,MD,1
20872,MD,1
20874,MD,1
20876,MD,1
20877,MD,1
20878,MD,1
20879,MD,1
20880,MD,1
20882,MD,1
20884,MD,0
20886,MD,1
20895,MD,1
20896,MD,1
20901,MD,1
20902,MD,1
20903,MD,1
20904,MD,1
20905,MD,1
20906,MD,1
20910,MD,1
20912,MD,1
20993,MD,0
21001,MD,1
21009,MD,1
21012,MD,1
21013,MD,1
21014,MD,1
21015,MD,1
21017,MD,1
21023,MD,0
21028,MD,1
21029,MD,1
21030,MD,1
21032,MD,1
21034,MD,1
21035,MD,1
21036,MD,1
21037,MD,1
21040,MD,1
21042,MD,1
21043,MD,1
21044,MD,1
21045,MD,1
21046,MD,1
21047,MD,1
21048,MD,1
21050,MD,1
21053,MD,1
21054,MD,1
21056,MD,1
21057,MD,1
21060,MD,1
21061,MD,1
21062,MD,1
21074,MD,1
21075,MD,1
21076,MD,1
21077,MD,0
21078,MD,1
21082,MD,0
21084,MD,1
21085,MD,1
21087,MD,1
21090,MD,1
21093,MD,1
21102,MD,1
21104,MD,1
21108,MD,1
21111,MD,1
21113,MD,1
21114,MD,1
21117,MD,1
21120,MD,1
21122,MD,1
21128,MD,1
21131,MD,1
21132,MD,1
21133,MD,1
21136,MD,1
21140,MD,1
21144,MD,1
21146,MD,1
21152,MD,1
21154,MD,1
21155,MD,1
21157,MD,1
21158,MD,1
21160,MD,1
21161,MD,1
21162,MD,1
21163,MD,1
21201,MD,1
21202,MD,1
21204,MD,1
21205,MD,1
21206,MD,1
21207,MD,1
21208,MD,1
21209,MD,1
21210,MD,1
21211,MD,1
21212,MD,1
21213,MD,1
21214,MD,1
21215,MD,1
21216,MD,1
21217,MD,1
21218,MD,1
21219,MD,1
21220,MD,1
21221,MD,1
21222,MD,1
21223,MD,1
21224,MD,1
21225,MD,1
21226,MD,1
21227,MD,1
21228,MD,1
21229,MD,1
21230,MD,1
21231,MD,1
21234,MD,1
21236,MD,1
21237,MD,1
21239,MD,1
21240,MD,0
21244,MD,1
21286,MD,1
21401,MD,1
21403,MD,1
21405,MD,0
21409,MD,1
21502,MD,1
21520,MD,1
21521,MD,1
21529,MD,0
21530,MD,1
21531,MD,0
21532,MD,1
21536,MD,1
21539,MD,1
21540,MD,0
21541,MD,1
21545,MD,1
21550,MD,1
21555,MD,1
21557,MD,1
21561,MD,1
21562,MD,1
21601,MD,1
21610,MD,1
21612,MD,1
21613,MD,1
21617,MD,1
21619,MD,1
21620,MD,1
21622,MD,1
21623,MD,1
21624,MD,1
21625,MD,1
21627,MD,0
21628,MD,1
21629,MD,1
21631,MD,1
21632,MD,1
21634,MD,1
21635,MD,1
21636,MD,1
21638,MD,1
21639,MD,1
21640,MD,1
21641,MD,0
21643,MD,1
21644,MD,0
21645,MD,0
21647,MD,1
21648,MD,1
21649,MD,1
21651,MD,1
21652,MD,1
21654,MD,1
21655,MD,1
21657,MD,0
21658,MD,1
21659,MD,1
21660,MD,1
21661,MD,1
21662,MD,1
21663,MD,1
21664,MD,1
21665,MD,1
21666,MD,1
21667,MD,0
21668,MD,1
21671,MD,1
21672,MD,1
21673,MD,1
21676,MD,1
21677,MD,0
21678,MD,1
21679,MD,1
21701,MD,1
21702,MD,1
21703,MD,1
21704,MD,1
21709,MD,0
21710,MD,1
21711,MD,0
21713,MD,1
21714,MD,0
21716,MD,1
21718,MD,0
21719,MD,1
21722,MD,1
21723,MD,1
21727,MD,1
21733,MD,0
21737,MD,1
21738,MD,1
21740,MD,1
21742,MD,1
21750,MD,1
21754,MD,1
21755,MD,1
21756,MD,1
21757,MD,1
21758,MD,1
21766,MD,0
21767,MD,1
21769,MD,1
21770,MD,1
21771,MD,1
21773,MD,1
21774,MD,1
21776,MD,1
21777,MD,1
21778,MD,0
21779,MD,1
21780,MD,1
21782,MD,1
21783,MD,1
21784,MD,1
21787,MD,1
21788,MD,1
21791,MD,1
21793,MD,1
21794,MD,1
21795,MD,1
21797,MD,1
21798,MD,1
21801,MD,1
21804,MD,1
21810,MD,0
21811,MD,1
21813,MD,1
21814,MD,0
21817,MD,1
21821,MD,1
21822,MD,1
21824,MD,1
21826,MD,1
21830,MD,1
21835,MD,0
21837,MD,1
21838,MD,1
21840,MD,1
21841,MD,1
21842,MD,1
21843,MD,1
21849,MD,1
21850,MD,1
21851,MD,1
21853,MD,1
21856,MD,1
21861,MD,1
21862,MD,0
21863,MD,1
21864,MD,0
21865,MD,1
21866,MD,0
21869,MD,1
21871,MD,1
21874,MD,1
21875,MD,1
21901,MD,1
21903,MD,1
21904,MD,1
21911,MD,1
21913,MD,1
21914,MD,0
21915,MD,1
21917,MD,0
21918,MD,1
21919,MD,1
21920,MD,0
21921,MD,1
22003,VA,1
22015,VA,1
22025,VA,1
22026,VA,1
22027,VA,1
22030,VA,1
22031,VA,1
22032,VA,1
22033,VA,1
22034,VA,1
22039,VA,1
22041,VA,1
22042,VA,1
22043,VA,1
22044,VA,1
22046,VA,1
22060,VA,0
22066,VA,1
22067,VA,1
22079,VA,1
22081,VA,1
22101,VA,1
22102,VA,1
22116,VA,1
22124,VA,1
22125,VA,1
22150,VA,1
22151,VA,1
22152,VA,1
22153,VA,1
22161,VA,0
22172,VA,1
22180,VA,1
22181,VA,1
22182,VA,1
22191,VA,1
22192,VA,1
22193,VA,1
22201,VA,1
22202,VA,1
22203,VA,1
22204,VA,1
22205,VA,1
22206,VA,1
22207,VA,1
22209,VA,1
22213,VA,1
22215,VA,0
22217,VA,1
22301,VA,1
22302,VA,1
22303,VA,1
22304,VA,1
22305,VA,1
22306,VA,1
22307,VA,1
22308,VA,1
22309,VA,1
22310,VA,1
22311,VA,1
22312,VA,1
22314,VA,1
22315,VA,1
22333,VA,1
22401,VA,1
22405,VA,1
22406,VA,1
22407,VA,1
22408,VA,1
22427,VA,1
22432,VA,1
22433,VA,0
22435,VA,1
22437,VA,1
22438,VA,1
22443,VA,1
22454,VA,1
22460,VA,1
22469,VA,1
22473,VA,1
22480,VA,1
22482,VA,1
22485,VA,1
22488,VA,1
22503,VA,1
22504,VA,0
22508,VA,1
22511,VA,1
22514,VA,1
22520,VA,1
22534,VA,1
22535,VA,1
22539,VA,1
22542,VA,1
22546,VA,1
22551,VA,1
22553,VA,1
22554,VA,1
22556,VA,1
22560,VA,1
22567,VA,1
22572,VA,1
22576,VA,1
22578,VA,1
22580,VA,1
22601,VA,1
22602,VA,1
22603,VA,1
22610,VA,1
22611,VA,1
22620,VA,1
22623,VA,1
22624,VA,1
22625,VA,1
22627,VA,1
22630,VA,1
22637,VA,1
22640,VA,1
22642,VA,1
22643,VA,1
22644,VA,1
22645,VA,1
22646,VA,0
22650,VA,1
22652,VA,1
22654,VA,1
22655,VA,1
22656,VA,1
22657,VA,1
22660,VA,1
22663,VA,1
22664,VA,1
22701,VA,1
22712,VA,1
22713,VA,1
22714,VA,1
22715,VA,1
22716,VA,0
22718,VA,1
22719,VA,0
22720,VA,1
22722,VA,1
22724,VA,1
22726,VA,1
22727,VA,1
22728,VA,1
22730,VA,0
22733,VA,1
22734,VA,1
22735,VA,1
22736,VA,1
22737,VA,1
22738,VA,1
22740,VA,1
22742,VA,1
22743,VA,1
22747,VA,1
22749,VA,0
22801,VA,1
22802,VA,1
22810,VA,1
22812,VA,1
22815,VA,1
22821,VA,1
22824,VA,1
22827,VA,1
22830,VA,1
22832,VA,1
22835,VA,1
22840,VA,1
22841,VA,1
22842,VA,1
22843,VA,1
22844,VA,1
22846,VA,1
22847,VA,1
22849,VA,1
22850,VA,0
22851,VA,1
22853,VA,1
22901,VA,1
22902,VA,1
22903,VA,1
22911,VA,1
22920,VA,1
22922,VA,1
22923,VA,1
22932,VA,1
22935,VA,1
22936,VA,1
22937,VA,1
22938,VA,1
22939,VA,1
22940,VA,1
22942,VA,1
22943,VA,0
22946,VA,0
22947,VA,1
22948,VA,1
22949,VA,1
22952,VA,1
22958,VA,1
22959,VA,1
22960,VA,1
22963,VA,1
22964,VA,0
22967,VA,1
22968,VA,1
22969,VA,1
22971,VA,1
22972,VA,1
22973,VA,1
22974,VA,1
22980,VA,1
23002,VA,1
23004,VA,1
23005,VA,1
23009,VA,1
23011,VA,1
23015,VA,1
23022,VA,1
23024,VA,1
23025,VA,1
23027,VA,1
23030,VA,1
23032,VA,1
23035,VA,1
23038,VA,1
23039,VA,0
23040,VA,1
23043,VA,1
23047,VA,1
23050,VA,1
23055,VA,0
23056,VA,1
23058,VA,0
23059,VA,1
23060,VA,1
23061,VA,1
23062,VA,1
23063,VA,1
23064,VA,1
23065,VA,1
23066,VA,0
23069,VA,1
23070,VA,1
23071,VA,1
23072,VA,1
23075,VA,1
23076,VA,1
23079,VA,0
23083,VA,1
23084,VA,1
23085,VA,1
23086,VA,1
23089,VA,1
23091,VA,1
23092,VA,0
23093,VA,1
23102,VA,1
23103,VA,1
23106,VA,0
23109,VA,1
23110,VA,1
23111,VA,1
23112,VA,1
23113,VA,1
23114,VA,1
23116,VA,1
23117,VA,1
23120,VA,1
23123,VA,1
23124,VA,1
23126,VA,1
23128,VA,1
23130,VA,1
23138,VA,1
23139,VA,1
23140,VA,1
23141,VA,1
23146,VA,1
23148,VA,1
23149,VA,1
23150,VA,1
23153,VA,1
23156,VA,1
23161,VA,0
23168,VA,1
23169,VA,1
23175,VA,1
23176,VA,1
23177,VA,0
23180,VA,0
23181,VA,1
23183,VA,0
23185,VA,1
23188,VA,1
23192,VA,1
23219,VA,1
23220,VA,1
23221,VA,1
23222,VA,1
23223,VA,1
23224,VA,1
23225,VA,1
23226,VA,1
23227,VA,1
23228,VA,1
23229,VA,1
23230,VA,1
23231,VA,1
23233,VA,1
23234,VA,1
23235,VA,1
23236,VA,1
23237,VA,1
23238,VA,1
23294,VA,1
23301,VA,1
23303,VA,1
23306,VA,1
23308,VA,1
23310,VA,1
23314,VA,1
23315,VA,1
23320,VA,1
23321,VA,1
23322,VA,1
23323,VA,1
23324,VA,1
23325,VA,1
23336,VA,1
23337,VA,1
23345,VA,1
23350,VA,1
23354,VA,0
23356,VA,1
23358,VA,0
23359,VA,1
23389,VA,0
23395,VA,1
23396,VA,1
23399,VA,1
23405,VA,1
23410,VA,1
23413,VA,0
23415,VA,1
23417,VA,1
23418,VA,0
23420,VA,1
23421,VA,1
23423,VA,1
23427,VA,0
23430,VA,1
23432,VA,1
23433,VA,1
23434,VA,1
23435,VA,1
23436,VA,1
23437,VA,1
23438,VA,1
23439,VA,0
23440,VA,0
23442,VA,0
23451,VA,1
23452,VA,1
23453,VA,1
23454,VA,1
23455,VA,1
23456,VA,1
23457,VA,1
23462,VA,1
23464,VA,1
23480,VA,0
23487,VA,1
23502,VA,1
23503,VA,1
23504,VA,1
23505,VA,1
23507,VA,1
23508,VA,1
23509,VA,1
23510,VA,1
23513,VA,1
23517,VA,1
23518,VA,1
23519,VA,1
23520,VA,0
23523,VA,1
23601,VA,1
23602,VA,1
23603,VA,1
23605,VA,1
23606,VA,1
23607,VA,1
23608,VA,1
23661,VA,1
23662,VA,1
23663,VA,1
23664,VA,1
23666,VA,1
23669,VA,1
23681,VA,0
23690,VA,1
23692,VA,1
23693,VA,1
23696,VA,1
23701,VA,1
23702,VA,1
23703,VA,1
23704,VA,1
23707,VA,1
23803,VA,1
23805,VA,1
23821,VA,0
23824,VA,1
23827,VA,1
23828,VA,0
23829,VA,1
23830,VA,1
23831,VA,1
23832,VA,1
23833,VA,0
23834,VA,1
23836,VA,1
23837,VA,1
23838,VA,1
23839,VA,1
23840,VA,1
23841,VA,1
23842,VA,1
23844,VA,1
23845,VA,1
23846,VA,1
23847,VA,1
23850,VA,0
23851,VA,1
23857,VA,1
23860,VA,1
23866,VA,1
23867,VA,1
23868,VA,1
23872,VA,1
23874,VA,1
23875,VA,1
23878,VA,1
23881,VA,1
23882,VA,1
23883,VA,1
23885,VA,1
23887,VA,1
23888,VA,1
23890,VA,1
23894,VA,0
23898,VA,1
23901,VA,1
23917,VA,1
23919,VA,1
23920,VA,1
23921,VA,1
23922,VA,1
23923,VA,1
23924,VA,1
23927,VA,1
23930,VA,1
23934,VA,1
23936,VA,1
23937,VA,1
23942,VA,1
23944,VA,1
23947,VA,1
23950,VA,1
23954,VA,1
23958,VA,1
23960,VA,1
23966,VA,1
23967,VA,0
23968,VA,1
23970,VA,1
23974,VA,1
24011,VA,0
24012,VA,1
24013,VA,1
24014,VA,1
24015,VA,1
24016,VA,1
24017,VA,1
24018,VA,1
24019,VA,1
24053,VA,0
24054,VA,1
24055,VA,1
24058,VA,0
24059,VA,1
24060,VA,1
24064,VA,1
24065,VA,1
24066,VA,1
24067,VA,1
24069,VA,0
24070,VA,1
24072,VA,1
24073,VA,1
24076,VA,0
24077,VA,1
24078,VA,1
24079,VA,1
24082,VA,0
24083,VA,1
24084,VA,1
24085,VA,1
24087,VA,1
24088,VA,1
24089,VA,1
24090,VA,1
24091,VA,1
24092,VA,1
24095,VA,1
24101,VA,1
24102,VA,1
24104,VA,1
24105,VA,1
24112,VA,1
24120,VA,1
24121,VA,1
24122,VA,1
24124,VA,1
24127,VA,1
24128,VA,0
24133,VA,1
24134,VA,1
24136,VA,1
24137,VA,1
24138,VA,1
24139,VA,1
24141,VA,1
24147,VA,1
24148,VA,1
24149,VA,1
24150,VA,0
24151,VA,1
24153,VA,1
24162,VA,1
24165,VA,1
24168,VA,0
24171,VA,1
24174,VA,1
24175,VA,1
24176,VA,1
24179,VA,1
24184,VA,1
24185,VA,1
24201,VA,1
24202,VA,1
24210,VA,1
24211,VA,1
24216,VA,1
24219,VA,1
24221,VA,1
24224,VA,1
24225,VA,1
24226,VA,0
24228,VA,1
24230,VA,1
24236,VA,1
24237,VA,0
24243,VA,1
24244,VA,1
24245,VA,1
24248,VA,1
24251,VA,1
24258,VA,1
24260,VA,1
24263,VA,1
24265,VA,0
24266,VA,1
24270,VA,1
24271,VA,1
24273,VA,1
24277,VA,1
24279,VA,1
24280,VA,1
24281,VA,1
24282,VA,0
24283,VA,1
24290,VA,1
24292,VA,0
24293,VA,1
24301,VA,1
24311,VA,0
24312,VA,1
24314,VA,1
24315,VA,1
24317,VA,1
24318,VA,0
24319,VA,1
24323,VA,0
24324,VA,1
24325,VA,1
24326,VA,1
24328,VA,1
24330,VA,1
24333,VA,1
24340,VA,1
24343,VA,1
24347,VA,0
24348,VA,1
24350,VA,0
24352,VA,1
24354,VA,1
24360,VA,1
24361,VA,1
24363,VA,1
24368,VA,1
24370,VA,1
24374,VA,1
24375,VA,1
24377,VA,0
24378,VA,1
24380,VA,1
24381,VA,1
24382,VA,1
24401,VA,1
24412,VA,0
24416,VA,1
24421,VA,1
24422,VA,1
24426,VA,1
24430,VA,1
24431,VA,1
24432,VA,1
24435,VA,1
24437,VA,1
24439,VA,1
24440,VA,1
24441,VA,1
24445,VA,1
24450,VA,1
24458,VA,0
24459,VA,0
24460,VA,1
24465,VA,0
24467,VA,1
24468,VA,1
24471,VA,0
24472,VA,1
24473,VA,1
24474,VA,1
24477,VA,1
24479,VA,1
24482,VA,1
24483,VA,0
24484,VA,0
24485,VA,1
24486,VA,1
24501,VA,1
24502,VA,1
24503,VA,1
24504,VA,1
24517,VA,1
24520,VA,1
24521,VA,1
24522,VA,1
24523,VA,1
24526,VA,0
24527,VA,1
24528,VA,1
24529,VA,1
24530,VA,0
24531,VA,1
24534,VA,1
24538,VA,1
24540,VA,1
24541,VA,1
24549,VA,1
24550,VA,1
24551,VA,1
24553,VA,1
24554,VA,1
24555,VA,1
24556,VA,1
24557,VA,1
24558,VA,1
24562,VA,0
24563,VA,1
24565,VA,1
24566,VA,0
24571,VA,1
24572,VA,1
24574,VA,1
24577,VA,1
24578,VA,1
24579,VA,1
24580,VA,0
24586,VA,1
24588,VA,1
24589,VA,1
24590,VA,1
24592,VA,1
24593,VA,1
24594,VA,0
24597,VA,1
24598,VA,0
24599,VA,1
24602,VA,0
24604,VA,0
24605,VA,1
24609,VA,1
24613,VA,1
24614,VA,1
24622,VA,0
24624,VA,0
24630,VA,1
24631,VA,1
24637,VA,1
24639,VA,1
24641,VA,1
24651,VA,1
24656,VA,1
24701,WV,1
24712,WV,1
24715,WV,0
24719,WV,0
24739,WV,1
24740,WV,1
24747,WV,1
24801,WV,0
24808,WV,0
24868,WV,0
24870,WV,0
24888,WV,0
24898,WV,0
24901,WV,1
24910,WV,1
24915,WV,1
24918,WV,0
24924,WV,0
24925,WV,1
24927,WV,0
24931,WV,1
24934,WV,0
24935,WV,1
24938,WV,1
24941,WV,1
24943,WV,0
24944,WV,0
24946,WV,0
24951,WV,1
24954,WV,1
24963,WV,1
24966,WV,1
24970,WV,1
24981,WV,0
24983,WV,1
24986,WV,1
25003,WV,1
25007,WV,0
25009,WV,0
25015,WV,1
25033,WV,0
25039,WV,1
25045,WV,1
25053,WV,0
25057,WV,0
25059,WV,0
25063,WV,1
25064,WV,1
25070,WV,1
25071,WV,1
25081,WV,1
25082,WV,1
25083,WV,0
25085,WV,1
25090,WV,0
25106,WV,0
25107,WV,0
25108,WV,0
25110,WV,1
25118,WV,0
25121,WV,0
25123,WV,1
25124,WV,0
25126,WV,0
25130,WV,1
25136,WV,1
25140,WV,0
25141,WV,0
25143,WV,1
25154,WV,0
25159,WV,1
25164,WV,0
25165,WV,0
25168,WV,1
25174,WV,0
25177,WV,1
25186,WV,0
25202,WV,1
25208,WV,0
25213,WV,1
25234,WV,0
25235,WV,0
25239,WV,1
25241,WV,1
25243,WV,0
25248,WV,1
25252,WV,0
25253,WV,1
25262,WV,1
25270,WV,0
25271,WV,1
25276,WV,0
25301,WV,1
25302,WV,1
25303,WV,1
25304,WV,1
25306,WV,1
25309,WV,1
25311,WV,1
25312,WV,1
25313,WV,1
25314,WV,1
25315,WV,0
25320,WV,0
25387,WV,1
25401,WV,1
25403,WV,1
25404,WV,1
25405,WV,1
25411,WV,1
25413,WV,1
25414,WV,1
25419,WV,1
25420,WV,1
25421,WV,0
25422,WV,1
25425,WV,1
25427,WV,1
25428,WV,1
25430,WV,1
25431,WV,0
25434,WV,1
25438,WV,1
25441,WV,0
25442,WV,1
25443,WV,1
25444,WV,0
25446,WV,1
25504,WV,1
25506,WV,1
25507,WV,1
25508,WV,1
25510,WV,1
25511,WV,0
25512,WV,0
25514,WV,1
25515,WV,0
25517,WV,0
25520,WV,1
25521,WV,1
25523,WV,1
25524,WV,0
25526,WV,1
25529,WV,0
25530,WV,1
25535,WV,1
25537,WV,1
25541,WV,1
25545,WV,1
25547,WV,0
25550,WV,1
25555,WV,1
25560,WV,1
25564,WV,0
25567,WV,0
25570,WV,1
25571,WV,0
25572,WV,1
25601,WV,1
25625,WV,0
25632,WV,1
25644,WV,0
25649,WV,0
25661,WV,1
25669,WV,0
25670,WV,1
25671,WV,0
25678,WV,0
25701,WV,1
25702,WV,1
25703,WV,1
25704,WV,1
25705,WV,1
25801,WV,1
25812,WV,0
25813,WV,1
25820,WV,1
25823,WV,0
25825,WV,1
25827,WV,1
25831,WV,0
25832,WV,1
25839,WV,1
25840,WV,1
25841,WV,0
25843,WV,1
25844,WV,0
25865,WV,1
25878,WV,1
25880,WV,1
25882,WV,1
25901,WV,1
25902,WV,0
25917,WV,0
25918,WV,1
25921,WV,0
25951,WV,1
25958,WV,0
25962,WV,1
25965,WV,0
25969,WV,1
25976,WV,1
25984,WV,1
25985,WV,0
26003,WV,1
26031,WV,1
26032,WV,1
26033,WV,1
26034,WV,1
26035,WV,1
26037,WV,1
26038,WV,1
26040,WV,1
26041,WV,1
26047,WV,1
26050,WV,1
26055,WV,0
26059,WV,1
26060,WV,1
26062,WV,1
26070,WV,1
26075,WV,0
26101,WV,1
26104,WV,1
26105,WV,1
26134,WV,0
26142,WV,0
26143,WV,1
26146,WV,1
26147,WV,1
26149,WV,1
26150,WV,1
26155,WV,1
26159,WV,1
26160,WV,0
26161,WV,0
26164,WV,1
26170,WV,1
26175,WV,1
26180,WV,0
26181,WV,1
26184,WV,1
26187,WV,1
26201,WV,1
26205,WV,1
26208,WV,0
26209,WV,1
26218,WV,0
26238,WV,0
26241,WV,1
26250,WV,1
26253,WV,1
26254,WV,0
26260,WV,1
26261,WV,1
26263,WV,0
26264,WV,1
26270,WV,1
26273,WV,1
26280,WV,1
26283,WV,0
26287,WV,1
26288,WV,1
26291,WV,1
26292,WV,1
26293,WV,0
26294,WV,0
26296,WV,0
26301,WV,1
26323,WV,0
26330,WV,1
26337,WV,0
26347,WV,1
26351,WV,0
26354,WV,1
26362,WV,1
26369,WV,1
26372,WV,0
26374,WV,0
26378,WV,1
26384,WV,0
26385,WV,1
26386,WV,0
26405,WV,1
26408,WV,1
26410,WV,0
26411,WV,0
26415,WV,1
26416,WV,1
26419,WV,0
26422,WV,0
26425,WV,0
26426,WV,1
26431,WV,1
26444,WV,0
26447,WV,0
26451,WV,1
26452,WV,1
26456,WV,1
26501,WV,1
26505,WV,1
26508,WV,1
26519,WV,1
26525,WV,1
26537,WV,1
26541,WV,1
26542,WV,1
26547,WV,1
26554,WV,1
26559,WV,0
26562,WV,0
26568,WV,0
26570,WV,1
26571,WV,0
26575,WV,0
26582,WV,0
26588,WV,1
26590,WV,1
26591,WV,1
26601,WV,1
26624,WV,0
26651,WV,1
26679,WV,0
26681,WV,1
26704,WV,1
26705,WV,1
26710,WV,1
26711,WV,1
26714,WV,1
26717,WV,1
26719,WV,1
26726,WV,1
26731,WV,0
26739,WV,0
26743,WV,1
26753,WV,1
26755,WV,1
26757,WV,1
26761,WV,1
26763,WV,1
26764,WV,1
26801,WV,0
26802,WV,1
26804,WV,0
26807,WV,1
26808,WV,1
26810,WV,1
26812,WV,1
26814,WV,1
26815,WV,1
26836,WV,1
26845,WV,1
26847,WV,1
26851,WV,1
26852,WV,1
26855,WV,1
26865,WV,1
26866,WV,0
27006,NC,1
27007,NC,1
27009,NC,1
27011,NC,1
27012,NC,1
27013,NC,1
27014,NC,1
27016,NC,1
27017,NC,1
27018,NC,1
27019,NC,1
27020,NC,1
27021,NC,1
27022,NC,1
27023,NC,1
27024,NC,1
27025,NC,1
27027,NC,1
27028,NC,1
27030,NC,1
27040,NC,1
27041,NC,1
27043,NC,1
27045,NC,1
27046,NC,1
27047,NC,0
27048,NC,1
27050,NC,1
27051,NC,1
27052,NC,1
27053,NC,1
27054,NC,1
27055,NC,1
27101,NC,1
27103,NC,1
27104,NC,1
27105,NC,1
27106,NC,1
27107,NC,1
27114,NC,0
27127,NC,1
27203,NC,1
27205,NC,1
27207,NC,1
27208,NC,1
27209,NC,1
27212,NC,0
27214,NC,1
27215,NC,1
27217,NC,1
27229,NC,1
27231,NC,1
27233,NC,1
27235,NC,1
27239,NC,1
27242,NC,1
27243,NC,1
27244,NC,1
27248,NC,1
27249,NC,1
27252,NC,1
27253,NC,1
27258,NC,1
27260,NC,1
27262,NC,1
27263,NC,1
27265,NC,1
27278,NC,1
27281,NC,1
27282,NC,1
27283,NC,1
27284,NC,1
27285,NC,0
27288,NC,1
27291,NC,1
27292,NC,1
27295,NC,1
27298,NC,1
27299,NC,1
27301,NC,1
27302,NC,1
27305,NC,0
27306,NC,1
27310,NC,1
27311,NC,1
27312,NC,1
27313,NC,1
27314,NC,0
27315,NC,1
27316,NC,1
27317,NC,1
27320,NC,1
27325,NC,1
27326,NC,1
27330,NC,1
27332,NC,1
27341,NC,1
27343,NC,1
27344,NC,1
27349,NC,1
27350,NC,1
27355,NC,1
27356,NC,1
27357,NC,1
27358,NC,1
27360,NC,1
27370,NC,1
27371,NC,1
27376,NC,1
27377,NC,1
27379,NC,1
27401,NC,1
27403,NC,1
27405,NC,1
27406,NC,1
27407,NC,1
27408,NC,1
27409,NC,1
27410,NC,1
27419,NC,1
27455,NC,1
27495,NC,1
27501,NC,1
27502,NC,1
27503,NC,1
27504,NC,1
27505,NC,1
27507,NC,1
27508,NC,1
27509,NC,1
27510,NC,1
27511,NC,1
27513,NC,1
27514,NC,1
27515,NC,0
27516,NC,1
27517,NC,1
27518,NC,1
27519,NC,1
27520,NC,1
27521,NC,1
27522,NC,1
27523,NC,1
27524,NC,1
27525,NC,1
27526,NC,1
27527,NC,1
27529,NC,1
27530,NC,1
27532,NC,0
27534,NC,1
27536,NC,1
27537,NC,1
27539,NC,1
27540,NC,1
27541,NC,1
27542,NC,1
27544,NC,1
27545,NC,1
27546,NC,1
27549,NC,1
27551,NC,1
27553,NC,1
27557,NC,1
27559,NC,1
27560,NC,1
27562,NC,1
27563,NC,1
27565,NC,1
27569,NC,1
27571,NC,1
27572,NC,1
27573,NC,1
27574,NC,1
27576,NC,1
27577,NC,1
27581,NC,1
27583,NC,1
27587,NC,1
27588,NC,0
27589,NC,1
27591,NC,1
27592,NC,1
27596,NC,1
27597,NC,1
27601,NC,1
27603,NC,1
27604,NC,1
27605,NC,1
27606,NC,1
27607,NC,1
27608,NC,1
27609,NC,1
27610,NC,1
27612,NC,1
27613,NC,1
27614,NC,1
27615,NC,1
27616,NC,1
27617,NC,1
27620,NC,1
27661,NC,0
27701,NC,1
27703,NC,1
27704,NC,1
27705,NC,1
27707,NC,1
27709,NC,1
27712,NC,1
27713,NC,1
27722,NC,1
27801,NC,1
27803,NC,1
27804,NC,1
27805,NC,1
27806,NC,1
27807,NC,1
27808,NC,1
27809,NC,1
27810,NC,1
27812,NC,1
27813,NC,0
27814,NC,1
27816,NC,1
27817,NC,1
27818,NC,0
27819,NC,0
27820,NC,1
27822,NC,1
27823,NC,1
27824,NC,0
27828,NC,1
27829,NC,1
27830,NC,1
27832,NC,1
27834,NC,1
27837,NC,1
27842,NC,1
27844,NC,1
27845,NC,0
27846,NC,1
27849,NC,1
27850,NC,1
27851,NC,1
27852,NC,1
27855,NC,1
27856,NC,1
27857,NC,0
27858,NC,1
27860,NC,0
27863,NC,1
27864,NC,1
27865,NC,0
27866,NC,1
27869,NC,1
27870,NC,1
27871,NC,1
27874,NC,1
27875,NC,0
27880,NC,1
27882,NC,1
27883,NC,1
27884,NC,1
27885,NC,0
27886,NC,1
27888,NC,0
27889,NC,1
27890,NC,1
27891,NC,1
27892,NC,1
27893,NC,1
27896,NC,1
27897,NC,1
27909,NC,1
27910,NC,1
27915,NC,1
27916,NC,1
27917,NC,0
27919,NC,1
27920,NC,1
27921,NC,1
27923,NC,1
27924,NC,0
27925,NC,1
27926,NC,0
27927,NC,1
27928,NC,1
27929,NC,1
27932,NC,1
27935,NC,1
27936,NC,1
27937,NC,1
27938,NC,0
27939,NC,1
27941,NC,1
27942,NC,1
27943,NC,1
27944,NC,1
27946,NC,1
27947,NC,1
27948,NC,1
27949,NC,1
27950,NC,1
27953,NC,1
27954,NC,1
27956,NC,1
27957,NC,1
27958,NC,1
27959,NC,1
27960,NC,1
27962,NC,1
27964,NC,1
27965,NC,0
27966,NC,1
27968,NC,1
27970,NC,1
27972,NC,1
27973,NC,1
27974,NC,1
27976,NC,1
27978,NC,0
27979,NC,1
27980,NC,1
27981,NC,1
27982,NC,1
27983,NC,1
27986,NC,0
28001,NC,1
28006,NC,0
28009,NC,1
28012,NC,1
28016,NC,1
28018,NC,1
28020,NC,1
28021,NC,1
28023,NC,1
28025,NC,1
28027,NC,1
28031,NC,1
28032,NC,1
28033,NC,1
28034,NC,1
28035,NC,0
28036,NC,1
28037,NC,1
28040,NC,1
28043,NC,1
28052,NC,1
28054,NC,1
28056,NC,1
28070,NC,0
28071,NC,1
28073,NC,1
28075,NC,1
28077,NC,0
28078,NC,1
28079,NC,1
28080,NC,1
28081,NC,1
28083,NC,1
28086,NC,1
28088,NC,1
28089,NC,0
28090,NC,1
28091,NC,1
28092,NC,1
28097,NC,1
28098,NC,1
28101,NC,1
28103,NC,1
28104,NC,1
28105,NC,1
28106,NC,0
28107,NC,1
28110,NC,1
28112,NC,1
28114,NC,1
28115,NC,1
28117,NC,1
28119,NC,1
28120,NC,1
28124,NC,1
28125,NC,1
28127,NC,1
28128,NC,1
28129,NC,1
28133,NC,0
28134,NC,1
28135,NC,1
28137,NC,1
28138,NC,1
28139,NC,1
28144,NC,1
28146,NC,1
28147,NC,1
28150,NC,1
28152,NC,1
28159,NC,1
28160,NC,1
28163,NC,1
28164,NC,1
28166,NC,1
28167,NC,1
28168,NC,1
28170,NC,1
28173,NC,1
28174,NC,1
28202,NC,1
28203,NC,1
28204,NC,1
28205,NC,1
28206,NC,1
28207,NC,1
28208,NC,1
28209,NC,1
28210,NC,1
28211,NC,1
28212,NC,1
28213,NC,1
28214,NC,1
28215,NC,1
28216,NC,1
28217,NC,1
28220,NC,1
28222,NC,0
28226,NC,1
28227,NC,1
28246,NC,1
28254,NC,1
28262,NC,1
28269,NC,1
28270,NC,1
28271,NC,1
28273,NC,1
28277,NC,1
28278,NC,1
28281,NC,1
28287,NC,1
28297,NC,0
28301,NC,1
28303,NC,1
28304,NC,1
28305,NC,1
28306,NC,1
28307,NC,0
28311,NC,1
28312,NC,1
28314,NC,1
28315,NC,1
28318,NC,1
28320,NC,1
28323,NC,1
28326,NC,1
28327,NC,1
28328,NC,1
28333,NC,1
28334,NC,1
28337,NC,1
28338,NC,1
28339,NC,1
28340,NC,1
28341,NC,1
28344,NC,1
28345,NC,1
28348,NC,1
28349,NC,1
28352,NC,1
28356,NC,1
28357,NC,1
28358,NC,1
28360,NC,1
28363,NC,0
28364,NC,1
28365,NC,1
28366,NC,1
28369,NC,1
28371,NC,1
28372,NC,1
28373,NC,1
28374,NC,1
28376,NC,1
28377,NC,1
28379,NC,1
28382,NC,1
28383,NC,1
28384,NC,1
28385,NC,1
28386,NC,1
28387,NC,1
28390,NC,1
28391,NC,1
28392,NC,1
28393,NC,0
28394,NC,1
28395,NC,1
28396,NC,1
28398,NC,1
28399,NC,0
28401,NC,1
28403,NC,1
28405,NC,1
28409,NC,1
28411,NC,1
28412,NC,1
28420,NC,1
28421,NC,1
28422,NC,1
28423,NC,1
28425,NC,1
28428,NC,1
28429,NC,1
28430,NC,0
28431,NC,1
28433,NC,1
28434,NC,0
28435,NC,1
28436,NC,1
28438,NC,1
28439,NC,0
28441,NC,1
28442,NC,0
28443,NC,1
28444,NC,1
28445,NC,1
28447,NC,0
28448,NC,0
28449,NC,1
28450,NC,1
28451,NC,1
28452,NC,0
28453,NC,1
28454,NC,1
28455,NC,1
28456,NC,1
28457,NC,1
28458,NC,1
28460,NC,1
28461,NC,1
28462,NC,1
28463,NC,1
28464,NC,1
28465,NC,1
28466,NC,1
28467,NC,1
28468,NC,1
28469,NC,1
28470,NC,1
28472,NC,1
28478,NC,1
28479,NC,1
28480,NC,1
28501,NC,1
28504,NC,1
28508,NC,1
28510,NC,1
28511,NC,0
28512,NC,1
28513,NC,1
28515,NC,1
28516,NC,1
28518,NC,1
28520,NC,1
28521,NC,1
28523,NC,1
28524,NC,0
28525,NC,1
28526,NC,1
28527,NC,0
28528,NC,0
28529,NC,1
28530,NC,1
28531,NC,1
28532,NC,1
28533,NC,1
28538,NC,1
28539,NC,1
28540,NC,1
28544,NC,1
28546,NC,1
28551,NC,1
28553,NC,1
28555,NC,1
28556,NC,1
28557,NC,1
28560,NC,1
28562,NC,1
28564,NC,1
28570,NC,1
28571,NC,1
28572,NC,1
28573,NC,1
28574,NC,1
28575,NC,1
28577,NC,1
28578,NC,1
28579,NC,1
28580,NC,1
28581,NC,0
28582,NC,1
28584,NC,1
28585,NC,1
28586,NC,1
28587,NC,1
28590,NC,1
28594,NC,1
28601,NC,1
28602,NC,1
28604,NC,1
28605,NC,1
28606,NC,1
28607,NC,1
28609,NC,1
28610,NC,1
28611,NC,1
28612,NC,1
28613,NC,1
28615,NC,1
28616,NC,0
28617,NC,1
28618,NC,1
28621,NC,1
28622,NC,1
28623,NC,1
28624,NC,1
28625,NC,1
28626,NC,1
28627,NC,1
28630,NC,1
28631,NC,1
28634,NC,1
28635,NC,1
28636,NC,1
28637,NC,1
28638,NC,1
28640,NC,1
28642,NC,1
28643,NC,1
28644,NC,1
28645,NC,1
28646,NC,1
28649,NC,1
28650,NC,1
28651,NC,1
28654,NC,1
28655,NC,1
28657,NC,1
28658,NC,1
28659,NC,1
28660,NC,1
28663,NC,1
28665,NC,1
28667,NC,0
28669,NC,1
28670,NC,1
28672,NC,0
28673,NC,1
28675,NC,1
28676,NC,1
28677,NC,1
28678,NC,1
28679,NC,1
28681,NC,1
28682,NC,1
28683,NC,1
28684,NC,1
28685,NC,0
28689,NC,1
28690,NC,1
28692,NC,1
28693,NC,1
28694,NC,1
28697,NC,1
28698,NC,1
28701,NC,1
28702,NC,1
28704,NC,1
28705,NC,1
28708,NC,0
28709,NC,1
28711,NC,1
28712,NC,1
28713,NC,1
28714,NC,1
28715,NC,1
28716,NC,1
28717,NC,1
28718,NC,1
28721,NC,1
28722,NC,1
28723,NC,1
28726,NC,1
28729,NC,1
28730,NC,1
28731,NC,1
28732,NC,1
28733,NC,0
28734,NC,1
28735,NC,1
28736,NC,1
28739,NC,1
28740,NC,1
28741,NC,1
28742,NC,1
28743,NC,1
28744,NC,0
28745,NC,1
28746,NC,1
28747,NC,1
28748,NC,1
28751,NC,1
28752,NC,1
28753,NC,1
28754,NC,1
28756,NC,1
28759,NC,1
28761,NC,1
28762,NC,1
28763,NC,1
28766,NC,1
28768,NC,1
28771,NC,1
28772,NC,1
28773,NC,1
28774,NC,1
28775,NC,1
28777,NC,1
28778,NC,1
28779,NC,1
28781,NC,1
28782,NC,1
28783,NC,1
28785,NC,1
28786,NC,1
28787,NC,1
28789,NC,1
28790,NC,1
28791,NC,1
28792,NC,1
28801,NC,1
28803,NC,1
28804,NC,1
28805,NC,1
28806,NC,1
28813,NC,0
28815,NC,1
28901,NC,1
28902,NC,1
28904,NC,1
28905,NC,1
28906,NC,1
28909,NC,1
29003,SC,1
29006,SC,1
29009,SC,1
29010,SC,1
29014,SC,1
29015,SC,0
29016,SC,1
29018,SC,1
29020,SC,1
29030,SC,1
29032,SC,1
29033,SC,1
29036,SC,1
29037,SC,1
29038,SC,0
29039,SC,1
29040,SC,1
29042,SC,1
29044,SC,1
29045,SC,1
29047,SC,1
29048,SC,1
29051,SC,0
29052,SC,0
29053,SC,1
29054,SC,1
29055,SC,1
29056,SC,1
29058,SC,1
29059,SC,1
29061,SC,1
29063,SC,1
29067,SC,1
29069,SC,1
29070,SC,1
29072,SC,1
29073,SC,1
29074,SC,1
29075,SC,1
29078,SC,1
29080,SC,0
29081,SC,1
29082,SC,1
29101,SC,1
29102,SC,1
29104,SC,1
29105,SC,0
29107,SC,1
29108,SC,1
29112,SC,1
29113,SC,1
29114,SC,1
29115,SC,1
29118,SC,1
29123,SC,1
29125,SC,1
29126,SC,1
29127,SC,1
29128,SC,1
29129,SC,1
29130,SC,1
29133,SC,0
29135,SC,1
29137,SC,1
29138,SC,1
29142,SC,1
29146,SC,1
29148,SC,1
29150,SC,1
29153,SC,1
29154,SC,1
29160,SC,1
29161,SC,1
29162,SC,1
29163,SC,0
29164,SC,1
29166,SC,0
29168,SC,1
29169,SC,1
29170,SC,1
29172,SC,1
29175,SC,0
29178,SC,1
29180,SC,1
29201,SC,1
29203,SC,1
29204,SC,1
29205,SC,1
29206,SC,1
29209,SC,1
29210,SC,1
29212,SC,1
29222,SC,1
29223,SC,1
29229,SC,1
29301,SC,1
29302,SC,1
29303,SC,1
29306,SC,1
29307,SC,1
29316,SC,1
29320,SC,0
29321,SC,1
29322,SC,1
29323,SC,1
29325,SC,1
29330,SC,1
29332,SC,1
29334,SC,1
29335,SC,1
29340,SC,1
29341,SC,1
29346,SC,0
29349,SC,1
29351,SC,1
29353,SC,1
29356,SC,1
29360,SC,1
29365,SC,1
29369,SC,1
29372,SC,1
29374,SC,1
29376,SC,1
29379,SC,1
29384,SC,1
29385,SC,1
29388,SC,1
29401,SC,1
29403,SC,1
29405,SC,1
29406,SC,1
29407,SC,1
29410,SC,1
29412,SC,1
29414,SC,1
29415,SC,0
29418,SC,1
29420,SC,1
29426,SC,1
29429,SC,1
29431,SC,1
29432,SC,0
29434,SC,0
29435,SC,1
29436,SC,1
29437,SC,1
29438,SC,1
29439,SC,1
29440,SC,1
29445,SC,1
29446,SC,0
29448,SC,1
29449,SC,1
29450,SC,1
29451,SC,1
29453,SC,0
29455,SC,1
29456,SC,1
29458,SC,1
29461,SC,1
29464,SC,1
29466,SC,1
29468,SC,0
29469,SC,1
29470,SC,1
29471,SC,1
29472,SC,1
29474,SC,1
29475,SC,1
29477,SC,1
29479,SC,1
29481,SC,1
29482,SC,1
29483,SC,1
29485,SC,1
29486,SC,1
29487,SC,1
29488,SC,1
29492,SC,1
29501,SC,1
29505,SC,1
29506,SC,1
29510,SC,1
29511,SC,1
29512,SC,1
29520,SC,1
29526,SC,1
29527,SC,1
29530,SC,1
29532,SC,1
29536,SC,1
29540,SC,1
29541,SC,1
29544,SC,1
29546,SC,1
29550,SC,1
29554,SC,1
29555,SC,1
29556,SC,1
29560,SC,1
29563,SC,1
29565,SC,1
29566,SC,1
29568,SC,1
29569,SC,1
29570,SC,1
29571,SC,1
29572,SC,1
29574,SC,1
29575,SC,1
29576,SC,1
29577,SC,1
29579,SC,1
29581,SC,1
29582,SC,1
29583,SC,1
29584,SC,0
29585,SC,1
29588,SC,1
29590,SC,1
29591,SC,1
29592,SC,0
29596,SC,0
29601,SC,1
29605,SC,1
29607,SC,1
29609,SC,1
29611,SC,1
29615,SC,1
29617,SC,1
29620,SC,1
29621,SC,1
29622,SC,0
29624,SC,1
29625,SC,1
29626,SC,1
29627,SC,1
29628,SC,1
29630,SC,1
29631,SC,1
29635,SC,0
29638,SC,1
29639,SC,1
29640,SC,1
29642,SC,1
29643,SC,1
29644,SC,1
29645,SC,1
29646,SC,1
29649,SC,1
29650,SC,1
29651,SC,1
29653,SC,1
29654,SC,1
29655,SC,1
29657,SC,1
29661,SC,1
29662,SC,1
29664,SC,1
29666,SC,1
29667,SC,1
29669,SC,1
29670,SC,1
29671,SC,1
29672,SC,1
29673,SC,1
29676,SC,1
29678,SC,1
29680,SC,1
29681,SC,1
29682,SC,1
29684,SC,1
29685,SC,1
29686,SC,1
29687,SC,1
29689,SC,1
29690,SC,1
29691,SC,1
29692,SC,1
29693,SC,1
29696,SC,1
29697,SC,1
29702,SC,1
29704,SC,1
29706,SC,1
29707,SC,1
29708,SC,1
29709,SC,1
29710,SC,1
29712,SC,1
29714,SC,1
29715,SC,1
29717,SC,1
29718,SC,1
29720,SC,1
29726,SC,1
29727,SC,1
29728,SC,1
29729,SC,1
29730,SC,1
29732,SC,1
29734,SC,1
29741,SC,0
29742,SC,1
29743,SC,1
29745,SC,1
29801,SC,1
29803,SC,1
29805,SC,1
29809,SC,1
29810,SC,1
29812,SC,1
29817,SC,1
29819,SC,0
29821,SC,1
29824,SC,1
29827,SC,1
29828,SC,0
29829,SC,1
29831,SC,1
29832,SC,1
29835,SC,1
29841,SC,1
29842,SC,1
29843,SC,0
29847,SC,1
29848,SC,1
29851,SC,1
29853,SC,1
29856,SC,1
29860,SC,1
29902,SC,1
29906,SC,1
29907,SC,1
29909,SC,1
29910,SC,1
29911,SC,1
29915,SC,1
29916,SC,0
29918,SC,0
29920,SC,1
29922,SC,0
29924,SC,1
29926,SC,1
29927,SC,1
29928,SC,1
29935,SC,1
29936,SC,1
29940,SC,1
29944,SC,0
29945,SC,1
30002,GA,1
30004,GA,1
30005,GA,1
30008,GA,1
30009,GA,1
30011,GA,1
30012,GA,1
30013,GA,1
30014,GA,1
30016,GA,1
30017,GA,1
30019,GA,1
30021,GA,1
30022,GA,1
30023,GA,0
30024,GA,1
30025,GA,1
30028,GA,1
30030,GA,1
30032,GA,1
30033,GA,1
30034,GA,1
30035,GA,1
30038,GA,1
30039,GA,1
30040,GA,1
30041,GA,1
30042,GA,0
30043,GA,1
30044,GA,1
30045,GA,1
30046,GA,1
30047,GA,1
30049,GA,1
30052,GA,1
30054,GA,1
30055,GA,1
30056,GA,1
30058,GA,1
30060,GA,1
30062,GA,1
30064,GA,1
30066,GA,1
30067,GA,1
30068,GA,1
30071,GA,1
30072,GA,1
30075,GA,1
30076,GA,1
30078,GA,1
30079,GA,1
30080,GA,1
30081,GA,1
30082,GA,1
30083,GA,1
30084,GA,1
30086,GA,0
30087,GA,1
30088,GA,1
30092,GA,1
30093,GA,1
30094,GA,1
30096,GA,1
30097,GA,1
30101,GA,1
30102,GA,1
30103,GA,1
30104,GA,1
30105,GA,1
30106,GA,1
30107,GA,1
30108,GA,1
30110,GA,1
30113,GA,1
30114,GA,1
30115,GA,1
30116,GA,1
30117,GA,1
30120,GA,1
30121,GA,1
30122,GA,1
30124,GA,1
30125,GA,1
30126,GA,1
30127,GA,1
30132,GA,1
30134,GA,1
30135,GA,1
30137,GA,1
30139,GA,1
30141,GA,1
30143,GA,1
30144,GA,1
30145,GA,1
30147,GA,1
30148,GA,1
30151,GA,0
30152,GA,1
30153,GA,1
30156,GA,1
30157,GA,1
30161,GA,1
30165,GA,1
30168,GA,1
30170,GA,1
30171,GA,1
30173,GA,1
30175,GA,1
30176,GA,1
30177,GA,0
30178,GA,1
30179,GA,1
30180,GA,1
30182,GA,1
30183,GA,1
30184,GA,1
30185,GA,1
30187,GA,1
30188,GA,1
30189,GA,1
30204,GA,1
30205,GA,1
30206,GA,1
30213,GA,1
30214,GA,1
30215,GA,1
30216,GA,1
30217,GA,1
30218,GA,1
30220,GA,1
30222,GA,1
30223,GA,1
30224,GA,1
30228,GA,1
30230,GA,1
30233,GA,1
30234,GA,1
30236,GA,1
30238,GA,1
30240,GA,1
30241,GA,1
30248,GA,1
30251,GA,1
30252,GA,1
30253,GA,1
30256,GA,1
30257,GA,1
30258,GA,1
30259,GA,1
30260,GA,1
30263,GA,1
30265,GA,1
30268,GA,1
30269,GA,1
30273,GA,1
30274,GA,1
30276,GA,1
30277,GA,1
30281,GA,1
30285,GA,0
30286,GA,1
30288,GA,1
30289,GA,0
30290,GA,1
30291,GA,1
30292,GA,1
30293,GA,1
30294,GA,1
30295,GA,1
30296,GA,1
30297,GA,1
30303,GA,1
30305,GA,1
30306,GA,1
30307,GA,1
30308,GA,1
30309,GA,1
30310,GA,1
30311,GA,1
30312,GA,1
30313,GA,1
30314,GA,1
30315,GA,1
30316,GA,1
30317,GA,1
30318,GA,1
30319,GA,1
30324,GA,1
30326,GA,1
30327,GA,1
30328,GA,1
30329,GA,1
30331,GA,1
30333,GA,1
30336,GA,1
30337,GA,1
30338,GA,1
30339,GA,1
30340,GA,1
30341,GA,1
30342,GA,1
30344,GA,1
30345,GA,1
30346,GA,1
30349,GA,1
30350,GA,1
30354,GA,1
30360,GA,1
30361,GA,1
30363,GA,1
30401,GA,1
30410,GA,1
30411,GA,1
30412,GA,1
30413,GA,1
30415,GA,1
30417,GA,1
30420,GA,1
30421,GA,1
30425,GA,1
30427,GA,1
30428,GA,0
30434,GA,1
30436,GA,1
30439,GA,1
30441,GA,1
30442,GA,1
30445,GA,1
30446,GA,1
30450,GA,1
30452,GA,1
30453,GA,1
30454,GA,0
30455,GA,0
30456,GA,1
30457,GA,0
30458,GA,1
30460,GA,0
30461,GA,1
30467,GA,1
30471,GA,1
30473,GA,1
30474,GA,1
30477,GA,0
30501,GA,1
30504,GA,1
30506,GA,1
30507,GA,1
30510,GA,1
30511,GA,1
30512,GA,1
30513,GA,1
30516,GA,1
30517,GA,1
30518,GA,1
30519,GA,1
30520,GA,1
30521,GA,1
30522,GA,1
30523,GA,1
30525,GA,1
30527,GA,1
30528,GA,1
30529,GA,1
30530,GA,1
30531,GA,1
30533,GA,1
30534,GA,1
30535,GA,1
30536,GA,1
30537,GA,1
30538,GA,1
30539,GA,1
30540,GA,1
30541,GA,1
30542,GA,1
30543,GA,1
30545,GA,1
30546,GA,1
30547,GA,1
30548,GA,1
30549,GA,1
30552,GA,1
30553,GA,1
30554,GA,1
30555,GA,1
30557,GA,1
30558,GA,1
30559,GA,1
30560,GA,1
30563,GA,1
30564,GA,1
30565,GA,1
30566,GA,1
30567,GA,1
30568,GA,1
30571,GA,1
30572,GA,1
30575,GA,1
30576,GA,1
30577,GA,1
30582,GA,1
30601,GA,1
30604,GA,1
30605,GA,1
30606,GA,1
30607,GA,1
30619,GA,1
30620,GA,1
30621,GA,1
30622,GA,1
30624,GA,1
30625,GA,1
30627,GA,1
30628,GA,1
30629,GA,1
30630,GA,1
30631,GA,1
30633,GA,1
30634,GA,1
30635,GA,1
30641,GA,1
30642,GA,1
30643,GA,1
30646,GA,1
30648,GA,1
30650,GA,1
30655,GA,1
30656,GA,1
30662,GA,1
30663,GA,1
30666,GA,1
30667,GA,1
30668,GA,1
30669,GA,1
30673,GA,1
30677,GA,1
30678,GA,1
30680,GA,1
30683,GA,1
30701,GA,1
30705,GA,1
30707,GA,1
30710,GA,1
30711,GA,1
30720,GA,1
30721,GA,1
30725,GA,1
30728,GA,1
30730,GA,1
30731,GA,1
30733,GA,1
30734,GA,1
30735,GA,1
30736,GA,1
30738,GA,1
30739,GA,1
30740,GA,1
30741,GA,1
30742,GA,1
30746,GA,1
30747,GA,1
30750,GA,1
30752,GA,1
30753,GA,1
30755,GA,1
30757,GA,1
30802,GA,1
30803,GA,0
30805,GA,1
30808,GA,1
30809,GA,1
30810,GA,0
30813,GA,1
30814,GA,1
30815,GA,1
30816,GA,1
30817,GA,1
30820,GA,0
30821,GA,1
30823,GA,1
30824,GA,1
30828,GA,1
30830,GA,1
30833,GA,1
30901,GA,1
30904,GA,1
30906,GA,1
30907,GA,1
30909,GA,1
30911,GA,0
30917,GA,1
31001,GA,1
31002,GA,0
31005,GA,1
31006,GA,1
31008,GA,1
31009,GA,1
31014,GA,1
31015,GA,1
31016,GA,1
31017,GA,1
31019,GA,1
31020,GA,1
31021,GA,1
31022,GA,1
31023,GA,1
31024,GA,1
31025,GA,1
31027,GA,1
31028,GA,1
31029,GA,1
31030,GA,1
31031,GA,1
31032,GA,1
31033,GA,1
31035,GA,0
31036,GA,1
31037,GA,1
31038,GA,1
31042,GA,0
31044,GA,1
31046,GA,1
31047,GA,1
31049,GA,1
31052,GA,1
31054,GA,1
31055,GA,1
31057,GA,1
31058,GA,1
31060,GA,0
31061,GA,1
31063,GA,1
31064,GA,1
31066,GA,0
31068,GA,0
31069,GA,1
31070,GA,0
31071,GA,0
31072,GA,0
31075,GA,1
31076,GA,1
31077,GA,0
31078,GA,1
31079,GA,1
31082,GA,1
31085,GA,1
31087,GA,1
31088,GA,1
31089,GA,1
31090,GA,0
31091,GA,1
31092,GA,1
31093,GA,1
31094,GA,0
31096,GA,1
31097,GA,0
31106,GA,1
31131,GA,1
31145,GA,1
31201,GA,1
31204,GA,1
31205,GA,1
31206,GA,1
31210,GA,1
31211,GA,1
31216,GA,1
31217,GA,1
31220,GA,1
31221,GA,0
31301,GA,1
31302,GA,1
31303,GA,1
31305,GA,1
31308,GA,1
31309,GA,1
31312,GA,1
31313,GA,1
31316,GA,1
31318,GA,0
31320,GA,1
31321,GA,1
31322,GA,1
31323,GA,1
31324,GA,1
31326,GA,1
31328,GA,1
31329,GA,1
31331,GA,1
31401,GA,1
31403,GA,0
31404,GA,1
31405,GA,1
31406,GA,1
31407,GA,1
31408,GA,1
31410,GA,1
31411,GA,1
31415,GA,1
31419,GA,1
31421,GA,0
31501,GA,1
31503,GA,1
31510,GA,1
31513,GA,1
31516,GA,1
31519,GA,0
31520,GA,1
31522,GA,1
31523,GA,1
31525,GA,1
31527,GA,1
31532,GA,0
31533,GA,1
31535,GA,1
31537,GA,1
31539,GA,1
31542,GA,1
31543,GA,1
31545,GA,1
31546,GA,1
31548,GA,1
31552,GA,0
31553,GA,1
31554,GA,0
31555,GA,1
31557,GA,1
31558,GA,1
31560,GA,1
31561,GA,1
31562,GA,0
31563,GA,1
31565,GA,1
31566,GA,1
31568,GA,1
31569,GA,1
31601,GA,1
31602,GA,1
31604,GA,0
31605,GA,1
31606,GA,1
31620,GA,1
31625,GA,1
31626,GA,1
31630,GA,0
31632,GA,1
31634,GA,1
31635,GA,1
31636,GA,1
31637,GA,1
31638,GA,0
31639,GA,1
31641,GA,1
31642,GA,1
31643,GA,1
31645,GA,1
31647,GA,0
31648,GA,0
31649,GA,1
31701,GA,1
31705,GA,1
31707,GA,1
31709,GA,1
31712,GA,0
31714,GA,1
31716,GA,0
31719,GA,1
31721,GA,1
31730,GA,1
31733,GA,1
31735,GA,1
31738,GA,1
31744,GA,1
31749,GA,1
31750,GA,1
31756,GA,0
31757,GA,1
31763,GA,1
31765,GA,1
31768,GA,1
31771,GA,1
31773,GA,1
31774,GA,1
31775,GA,1
31778,GA,1
31779,GA,1
31780,GA,0
31781,GA,1
31787,GA,1
31788,GA,1
31789,GA,0
31790,GA,1
31791,GA,1
31792,GA,1
31793,GA,1
31794,GA,1
31795,GA,0
31796,GA,1
31798,GA,0
31801,GA,1
31803,GA,1
31804,GA,1
31805,GA,1
31806,GA,0
31807,GA,1
31808,GA,1
31811,GA,1
31815,GA,1
31816,GA,1
31820,GA,1
31822,GA,1
31823,GA,1
31825,GA,0
31826,GA,1
31827,GA,1
31829,GA,1
31830,GA,1
31831,GA,1
31833,GA,1
31836,GA,1
31901,GA,1
31903,GA,1
31904,GA,1
31906,GA,1
31907,GA,1
31908,GA,0
31909,GA,1
31997,GA,1
32003,FL,1
32008,FL,1
32009,FL,1
32011,FL,1
32024,FL,1
32025,FL,1
32033,FL,1
32034,FL,1
32035,FL,1
32038,FL,1
32040,FL,1
32043,FL,1
32044,FL,1
32046,FL,1
32052,FL,1
32053,FL,1
32054,FL,1
32055,FL,1
32058,FL,1
32059,FL,0
32060,FL,1
32062,FL,1
32063,FL,1
32064,FL,1
32065,FL,1
32066,FL,1
32068,FL,1
32071,FL,1
32073,FL,1
32080,FL,1
32081,FL,1
32082,FL,1
32083,FL,1
32084,FL,1
32086,FL,1
32087,FL,1
32091,FL,1
32092,FL,1
32094,FL,1
32095,FL,1
32096,FL,1
32097,FL,1
32102,FL,1
32110,FL,1
32112,FL,1
32113,FL,1
32114,FL,1
32117,FL,1
32118,FL,1
32119,FL,1
32124,FL,1
32127,FL,1
32128,FL,1
32129,FL,1
32130,FL,1
32131,FL,1
32132,FL,1
32134,FL,1
32136,FL,1
32137,FL,1
32139,FL,1
32140,FL,1
32141,FL,1
32145,FL,1
32148,FL,1
32159,FL,1
32162,FL,1
32163,FL,1
32164,FL,1
32168,FL,1
32169,FL,1
32174,FL,1
32175,FL,1
32176,FL,1
32177,FL,1
32179,FL,1
32180,FL,1
32181,FL,1
32187,FL,1
32189,FL,1
32190,FL,1
32193,FL,1
32195,FL,1
32202,FL,1
32204,FL,1
32205,FL,1
32206,FL,1
32207,FL,1
32208,FL,1
32209,FL,1
32210,FL,1
32211,FL,1
32216,FL,1
32217,FL,1
32218,FL,1
32219,FL,1
32220,FL,1
32221,FL,1
32222,FL,1
32223,FL,1
32224,FL,1
32225,FL,1
32226,FL,1
32233,FL,1
32234,FL,1
32235,FL,1
32241,FL,1
32244,FL,1
32246,FL,1
32250,FL,1
32254,FL,1
32256,FL,1
32257,FL,1
32258,FL,1
32259,FL,1
32266,FL,1
32277,FL,1
32301,FL,1
32303,FL,1
32304,FL,1
32305,FL,1
32308,FL,1
32309,FL,1
32310,FL,1
32311,FL,1
32312,FL,1
32314,FL,0
32317,FL,1
32318,FL,1
32320,FL,1
32321,FL,1
32322,FL,1
32323,FL,1
32324,FL,1
32327,FL,1
32328,FL,1
32331,FL,1
32333,FL,1
32334,FL,0
32336,FL,1
32337,FL,0
32340,FL,1
32343,FL,1
32344,FL,1
32346,FL,1
32347,FL,1
32348,FL,1
32350,FL,1
32351,FL,1
32352,FL,1
32358,FL,1
32359,FL,1
32361,FL,0
32401,FL,1
32404,FL,1
32405,FL,1
32407,FL,1
32408,FL,1
32409,FL,1
32411,FL,1
32413,FL,1
32420,FL,1
32421,FL,1
32423,FL,1
32424,FL,1
32425,FL,1
32427,FL,0
32428,FL,1
32430,FL,0
32431,FL,1
32433,FL,1
32435,FL,1
32438,FL,1
32439,FL,1
32440,FL,1
32442,FL,1
32443,FL,1
32444,FL,1
32445,FL,0
32446,FL,1
32448,FL,1
32449,FL,0
32455,FL,1
32456,FL,1
32459,FL,1
32460,FL,1
32461,FL,1
32462,FL,1
32464,FL,1
32465,FL,1
32466,FL,1
32501,FL,1
32502,FL,1
32503,FL,1
32504,FL,1
32505,FL,1
32506,FL,1
32507,FL,1
32514,FL,1
32524,FL,1
32526,FL,1
32531,FL,1
32533,FL,1
32534,FL,1
32535,FL,1
32536,FL,1
32539,FL,1
32540,FL,1
32541,FL,1
32547,FL,1
32548,FL,1
32550,FL,1
32561,FL,1
32562,FL,1
32563,FL,1
32564,FL,1
32565,FL,1
32566,FL,1
32567,FL,1
32568,FL,1
32569,FL,1
32570,FL,1
32571,FL,1
32577,FL,1
32578,FL,1
32579,FL,1
32580,FL,1
32583,FL,1
32601,FL,1
32603,FL,1
32605,FL,1
32606,FL,1
32607,FL,1
32608,FL,1
32609,FL,1
32614,FL,0
32615,FL,1
32616,FL,1
32617,FL,1
32618,FL,1
32619,FL,1
32621,FL,1
32622,FL,1
32625,FL,1
32626,FL,1
32628,FL,1
32639,FL,0
32640,FL,1
32641,FL,1
32643,FL,1
32648,FL,1
32653,FL,1
32656,FL,1
32658,FL,0
32664,FL,1
32666,FL,1
32667,FL,1
32668,FL,1
32669,FL,1
32680,FL,1
32686,FL,1
32692,FL,1
32693,FL,1
32694,FL,1
32696,FL,1
32701,FL,1
32702,FL,1
32703,FL,1
32707,FL,1
32708,FL,1
32709,FL,1
32710,FL,1
32712,FL,1
32713,FL,1
32714,FL,1
32716,FL,0
32719,FL,1
32720,FL,1
32724,FL,1
32725,FL,1
32726,FL,1
32730,FL,1
32732,FL,1
32735,FL,1
32736,FL,1
32738,FL,1
32744,FL,1
32746,FL,1
32750,FL,1
32751,FL,1
32754,FL,1
32757,FL,1
32759,FL,1
32763,FL,1
32764,FL,1
32765,FL,1
32766,FL,1
32767,FL,1
32771,FL,1
32773,FL,1
32776,FL,1
32778,FL,1
32779,FL,1
32780,FL,1
32781,FL,0
32784,FL,1
32789,FL,1
32792,FL,1
32795,FL,0
32796,FL,1
32798,FL,1
32801,FL,1
32803,FL,1
32804,FL,1
32805,FL,1
32806,FL,1
32807,FL,1
32808,FL,1
32809,FL,1
32810,FL,1
32811,FL,1
32812,FL,1
32814,FL,1
32817,FL,1
32818,FL,1
32819,FL,1
32820,FL,1
32821,FL,1
32822,FL,1
32824,FL,1
32825,FL,1
32826,FL,1
32827,FL,1
32828,FL,1
32829,FL,1
32832,FL,1
32833,FL,1
32834,FL,1
32835,FL,1
32836,FL,1
32837,FL,1
32839,FL,1
32877,FL,1
32901,FL,1
32903,FL,1
32904,FL,1
32905,FL,1
32907,FL,1
32908,FL,1
32909,FL,1
32910,FL,1
32911,FL,1
32912,FL,1
32920,FL,1
32922,FL,1
32926,FL,1
32927,FL,1
32931,FL,1
32932,FL,0
32934,FL,1
32935,FL,1
32937,FL,1
32940,FL,1
32948,FL,1
32949,FL,1
32950,FL,1
32951,FL,1
32952,FL,1
32953,FL,1
32955,FL,1
32958,FL,1
32960,FL,1
32962,FL,1
32963,FL,1
32965,FL,1
32966,FL,1
32967,FL,1
32968,FL,1
32976,FL,1
32978,FL,0
33001,FL,1
33004,FL,1
33009,FL,1
33010,FL,1
33012,FL,1
33013,FL,1
33014,FL,1
33015,FL,1
33016,FL,1
33018,FL,1
33019,FL,1
33020,FL,1
33021,FL,1
33023,FL,1
33024,FL,1
33025,FL,1
33026,FL,1
33027,FL,1
33028,FL,1
33029,FL,1
33030,FL,1
33031,FL,1
33032,FL,1
33033,FL,1
33034,FL,1
33035,FL,1
33036,FL,1
33037,FL,1
33040,FL,1
33042,FL,1
33043,FL,1
33050,FL,1
33051,FL,0
33054,FL,1
33055,FL,1
33056,FL,1
33060,FL,1
33062,FL,1
33063,FL,1
33064,FL,1
33065,FL,1
33066,FL,1
33067,FL,1
33068,FL,1
33069,FL,1
33070,FL,1
33071,FL,1
33073,FL,1
33076,FL,1
33109,FL,1
33116,FL,0
33122,FL,1
33124,FL,1
33125,FL,1
33126,FL,1
33127,FL,1
33128,FL,1
33129,FL,1
33130,FL,1
33131,FL,1
33132,FL,1
33133,FL,1
33134,FL,1
33135,FL,1
33136,FL,1
33137,FL,1
33138,FL,1
33139,FL,1
33140,FL,1
33141,FL,1
33142,FL,1
33143,FL,1
33144,FL,1
33145,FL,1
33146,FL,1
33147,FL,1
33149,FL,1
33150,FL,1
33153,FL,0
33154,FL,1
33155,FL,1
33156,FL,1
33157,FL,1
33158,FL,1
33160,FL,1
33161,FL,1
33162,FL,1
33165,FL,1
33166,FL,1
33167,FL,1
33168,FL,1
33169,FL,1
33170,FL,1
33172,FL,1
33173,FL,1
33174,FL,1
33175,FL,1
33176,FL,1
33177,FL,1
33178,FL,1
33179,FL,1
33180,FL,1
33181,FL,1
33182,FL,1
33183,FL,1
33184,FL,1
33185,FL,1
33186,FL,1
33187,FL,1
33189,FL,1
33190,FL,1
33193,FL,1
33194,FL,1
33196,FL,1
33283,FL,0
33301,FL,1
33304,FL,1
33305,FL,1
33306,FL,1
33308,FL,1
33309,FL,1
33311,FL,1
33312,FL,1
33313,FL,1
33314,FL,1
33315,FL,1
33316,FL,1
33317,FL,1
33319,FL,1
33321,FL,1
33322,FL,1
33323,FL,1
33324,FL,1
33325,FL,1
33326,FL,1
33327,FL,1
33328,FL,1
33330,FL,1
33331,FL,1
33332,FL,1
33334,FL,1
33335,FL,0
33338,FL,0
33346,FL,0
33351,FL,1
33401,FL,1
33402,FL,1
33403,FL,1
33404,FL,1
33405,FL,1
33406,FL,1
33407,FL,1
33408,FL,1
33409,FL,1
33410,FL,1
33411,FL,1
33412,FL,1
33413,FL,1
33414,FL,1
33415,FL,1
33417,FL,1
33418,FL,1
33424,FL,0
33426,FL,1
33427,FL,0
33428,FL,1
33430,FL,1
33431,FL,1
33432,FL,1
33433,FL,1
33434,FL,1
33435,FL,1
33436,FL,1
33437,FL,1
33440,FL,1
33441,FL,1
33442,FL,1
33444,FL,1
33445,FL,1
33446,FL,1
33449,FL,1
33454,FL,1
33455,FL,1
33458,FL,1
33460,FL,1
33461,FL,1
33462,FL,1
33463,FL,1
33467,FL,1
33469,FL,1
33470,FL,1
33471,FL,1
33472,FL,1
33473,FL,1
33474,FL,1
33476,FL,1
33477,FL,1
33478,FL,1
33480,FL,1
33483,FL,1
33484,FL,1
33486,FL,1
33487,FL,1
33493,FL,1
33496,FL,1
33498,FL,1
33510,FL,1
33511,FL,1
33513,FL,1
33514,FL,1
33521,FL,1
33523,FL,1
33525,FL,1
33527,FL,1
33534,FL,1
33538,FL,1
33540,FL,1
33541,FL,1
33542,FL,1
33543,FL,1
33544,FL,1
33545,FL,1
33547,FL,1
33548,FL,1
33549,FL,1
33556,FL,1
33558,FL,1
33559,FL,1
33563,FL,1
33565,FL,1
33566,FL,1
33567,FL,1
33569,FL,1
33570,FL,1
33572,FL,1
33573,FL,1
33576,FL,1
33578,FL,1
33579,FL,1
33584,FL,1
33585,FL,1
33592,FL,1
33594,FL,1
33595,FL,1
33596,FL,1
33597,FL,1
33598,FL,1
33602,FL,1
33603,FL,1
33604,FL,1
33605,FL,1
33606,FL,1
33607,FL,1
33609,FL,1
33610,FL,1
33611,FL,1
33612,FL,1
33613,FL,1
33614,FL,1
33615,FL,1
33616,FL,1
33617,FL,1
33618,FL,1
33619,FL,1
33624,FL,1
33625,FL,1
33626,FL,1
33629,FL,1
33634,FL,1
33635,FL,1
33637,FL,1
33647,FL,1
33701,FL,1
33702,FL,1
33703,FL,1
33704,FL,1
33705,FL,1
33706,FL,1
33707,FL,1
33708,FL,1
33709,FL,1
33710,FL,1
33711,FL,1
33712,FL,1
33713,FL,1
33714,FL,1
33715,FL,1
33716,FL,1
33731,FL,0
33755,FL,1
33756,FL,1
33757,FL,1
33759,FL,1
33760,FL,1
33761,FL,1
33762,FL,1
33763,FL,1
33764,FL,1
33765,FL,1
33767,FL,1
33770,FL,1
33771,FL,1
33772,FL,1
33773,FL,1
33774,FL,1
33776,FL,1
33777,FL,1
33778,FL,1
33781,FL,1
33782,FL,1
33785,FL,1
33786,FL,1
33801,FL,1
33803,FL,1
33805,FL,1
33809,FL,1
33810,FL,1
33811,FL,1
33812,FL,1
33813,FL,1
33815,FL,1
33823,FL,1
33825,FL,1
33827,FL,1
33830,FL,1
33834,FL,1
33837,FL,1
33838,FL,1
33839,FL,1
33841,FL,1
33843,FL,1
33844,FL,1
33846,FL,0
33850,FL,1
33852,FL,1
33853,FL,1
33855,FL,1
33857,FL,1
33859,FL,1
33860,FL,1
33865,FL,0
33867,FL,1
33868,FL,1
33870,FL,1
33872,FL,1
33873,FL,1
33875,FL,1
33876,FL,1
33880,FL,1
33881,FL,1
33884,FL,1
33890,FL,1
33896,FL,1
33897,FL,1
33898,FL,1
33901,FL,1
33903,FL,1
33904,FL,1
33905,FL,1
33907,FL,1
33908,FL,1
33909,FL,1
33912,FL,1
33913,FL,1
33914,FL,1
33916,FL,1
33917,FL,1
33919,FL,1
33920,FL,1
33921,FL,1
33922,FL,1
33924,FL,1
33928,FL,1
33931,FL,1
33932,FL,0
33935,FL,1
33936,FL,1
33945,FL,1
33946,FL,1
33947,FL,1
33948,FL,1
33950,FL,1
33952,FL,1
33953,FL,1
33954,FL,1
33955,FL,1
33956,FL,1
33957,FL,1
33960,FL,1
33966,FL,1
33967,FL,1
33971,FL,1
33972,FL,1
33973,FL,1
33974,FL,1
33976,FL,1
33980,FL,1
33981,FL,1
33982,FL,1
33983,FL,1
33990,FL,1
33991,FL,1
33993,FL,1
34102,FL,1
34103,FL,1
34104,FL,1
34105,FL,1
34108,FL,1
34109,FL,1
34110,FL,1
34112,FL,1
34113,FL,1
34114,FL,1
34116,FL,1
34117,FL,1
34119,FL,1
34120,FL,1
34133,FL,0
34134,FL,1
34135,FL,1
34138,FL,0
34139,FL,0
34140,FL,1
34142,FL,1
34145,FL,1
34146,FL,0
34201,FL,1
34202,FL,1
34203,FL,1
34204,FL,1
34205,FL,1
34207,FL,1
34208,FL,1
34209,FL,1
34210,FL,1
34211,FL,1
34212,FL,1
34215,FL,1
34216,FL,1
34217,FL,1
34219,FL,1
34221,FL,1
34222,FL,1
34223,FL,1
34224,FL,1
34228,FL,1
34229,FL,1
34231,FL,1
34232,FL,1
34233,FL,1
34234,FL,1
34235,FL,1
34236,FL,1
34237,FL,1
34238,FL,1
34239,FL,1
34240,FL,1
34241,FL,1
34242,FL,1
34243,FL,1
34250,FL,0
34251,FL,1
34266,FL,1
34269,FL,1
34274,FL,0
34275,FL,1
34276,FL,1
34277,FL,0
34280,FL,0
34282,FL,0
34285,FL,1
34286,FL,1
34287,FL,1
34288,FL,1
34289,FL,1
34291,FL,1
34292,FL,1
34293,FL,1
34420,FL,1
34428,FL,1
34429,FL,1
34431,FL,1
34432,FL,1
34433,FL,1
34434,FL,1
34436,FL,1
34442,FL,1
34446,FL,1
34448,FL,1
34449,FL,1
34450,FL,1
34452,FL,1
34453,FL,1
34461,FL,1
34464,FL,1
34465,FL,1
34470,FL,1
34471,FL,1
34472,FL,1
34473,FL,1
34474,FL,1
34475,FL,1
34476,FL,1
34477,FL,0
34479,FL,1
34480,FL,1
34481,FL,1
34482,FL,1
34484,FL,1
34488,FL,1
34491,FL,1
34498,FL,1
34601,FL,1
34602,FL,1
34604,FL,1
34606,FL,1
34607,FL,1
34608,FL,1
34609,FL,1
34610,FL,1
34613,FL,1
34614,FL,1
34637,FL,1
34638,FL,1
34639,FL,1
34652,FL,1
34653,FL,1
34654,FL,1
34655,FL,1
34656,FL,1
34667,FL,1
34668,FL,1
34669,FL,1
34674,FL,1
34677,FL,1
34680,FL,1
34681,FL,0
34683,FL,1
34684,FL,1
34685,FL,1
34688,FL,1
34689,FL,1
34690,FL,1
34691,FL,1
34695,FL,1
34698,FL,1
34705,FL,1
34711,FL,1
34714,FL,1
34715,FL,1
34731,FL,1
34734,FL,1
34736,FL,1
34737,FL,1
34739,FL,1
34741,FL,1
34743,FL,1
34744,FL,1
34746,FL,1
34747,FL,1
34748,FL,1
34749,FL,1
34753,FL,1
34756,FL,1
34758,FL,1
34759,FL,1
34760,FL,1
34761,FL,1
34762,FL,1
34769,FL,1
34771,FL,1
34772,FL,1
34773,FL,1
34778,FL,0
34785,FL,1
34786,FL,1
34787,FL,1
34788,FL,1
34797,FL,1
34945,FL,1
34946,FL,1
34947,FL,1
34949,FL,1
34950,FL,1
34951,FL,1
34952,FL,1
34953,FL,1
34956,FL,0
34957,FL,1
34972,FL,1
34974,FL,1
34981,FL,1
34982,FL,1
34983,FL,1
34984,FL,1
34986,FL,1
34987,FL,1
34990,FL,1
34994,FL,1
34996,FL,1
34997,FL,1
35004,AL,1
35005,AL,1
35006,AL,1
35007,AL,1
35010,AL,1
35014,AL,1
35016,AL,1
35019,AL,1
35020,AL,1
35022,AL,1
35023,AL,1
35031,AL,1
35033,AL,1
35034,AL,1
35040,AL,1
35042,AL,1
35043,AL,1
35044,AL,1
35045,AL,1
35046,AL,1
35049,AL,1
35051,AL,1
35053,AL,1
35054,AL,1
35055,AL,1
35057,AL,1
35058,AL,1
35060,AL,0
35061,AL,1
35062,AL,1
35063,AL,0
35064,AL,1
35068,AL,1
35071,AL,1
35072,AL,1
35073,AL,1
35077,AL,1
35078,AL,1
35079,AL,1
35080,AL,1
35083,AL,1
35085,AL,1
35087,AL,1
35089,AL,1
35091,AL,1
35094,AL,1
35096,AL,1
35097,AL,0
35098,AL,1
35111,AL,1
35112,AL,0
35114,AL,1
35115,AL,1
35116,AL,1
35117,AL,1
35118,AL,1
35120,AL,1
35121,AL,1
35124,AL,1
35125,AL,1
35126,AL,1
35127,AL,1
35128,AL,1
35130,AL,1
35131,AL,1
35133,AL,1
35135,AL,1
35136,AL,1
35139,AL,0
35143,AL,1
35146,AL,1
35147,AL,1
35148,AL,1
35150,AL,1
35151,AL,1
35160,AL,1
35171,AL,1
35172,AL,1
35173,AL,1
35175,AL,1
35178,AL,1
35179,AL,1
35180,AL,1
35184,AL,1
35186,AL,1
35188,AL,1
35203,AL,1
35204,AL,1
35205,AL,1
35206,AL,1
35207,AL,1
35208,AL,1
35209,AL,1
35210,AL,1
35211,AL,1
35212,AL,1
35213,AL,1
35214,AL,1
35215,AL,1
35216,AL,1
35217,AL,1
35218,AL,1
35221,AL,1
35222,AL,1
35223,AL,1
35224,AL,1
35226,AL,1
35228,AL,1
35233,AL,1
35234,AL,1
35235,AL,1
35242,AL,1
35243,AL,1
35244,AL,1
35401,AL,1
35404,AL,1
35405,AL,1
35406,AL,1
35407,AL,0
35441,AL,1
35442,AL,1
35443,AL,0
35444,AL,1
35446,AL,1
35447,AL,1
35452,AL,1
35453,AL,1
35456,AL,1
35458,AL,1
35461,AL,1
35462,AL,1
35463,AL,1
35466,AL,1
35470,AL,1
35473,AL,1
35474,AL,1
35475,AL,1
35476,AL,1
35480,AL,1
35481,AL,1
35490,AL,1
35501,AL,1
35503,AL,1
35504,AL,1
35540,AL,1
35541,AL,1
35542,AL,1
35543,AL,0
35546,AL,1
35548,AL,1
35549,AL,1
35550,AL,1
35552,AL,0
35553,AL,1
35555,AL,1
35563,AL,1
35564,AL,0
35565,AL,1
35570,AL,1
35571,AL,0
35572,AL,1
35574,AL,1
35575,AL,1
35578,AL,1
35579,AL,1
35580,AL,1
35581,AL,1
35582,AL,1
35585,AL,1
35586,AL,1
35587,AL,1
35592,AL,1
35593,AL,1
35594,AL,1
35601,AL,1
35603,AL,1
35610,AL,1
35611,AL,1
35613,AL,1
35614,AL,1
35616,AL,1
35618,AL,1
35619,AL,1
35620,AL,1
35621,AL,1
35622,AL,1
35630,AL,1
35633,AL,1
35634,AL,1
35640,AL,1
35643,AL,1
35645,AL,1
35646,AL,1
35647,AL,1
35648,AL,1
35650,AL,1
35652,AL,1
35653,AL,1
35654,AL,1
35660,AL,1
35661,AL,1
35670,AL,1
35671,AL,1
35672,AL,1
35673,AL,1
35674,AL,1
35677,AL,1
35739,AL,1
35740,AL,1
35741,AL,1
35744,AL,1
35745,AL,1
35746,AL,0
35747,AL,1
35748,AL,1
35749,AL,1
35750,AL,1
35751,AL,0
35752,AL,1
35754,AL,1
35755,AL,0
35756,AL,1
35757,AL,1
35758,AL,1
35759,AL,1
35760,AL,1
35761,AL,1
35763,AL,1
35765,AL,1
35768,AL,1
35769,AL,1
35771,AL,1
35772,AL,1
35773,AL,1
35776,AL,1
35801,AL,1
35802,AL,1
35803,AL,1
35805,AL,1
35806,AL,1
35810,AL,1
35811,AL,1
35816,AL,1
35824,AL,1
35901,AL,1
35903,AL,1
35904,AL,1
35905,AL,1
35906,AL,1
35907,AL,1
35950,AL,1
35951,AL,1
35952,AL,1
35953,AL,1
35954,AL,1
35956,AL,1
35957,AL,1
35958,AL,1
35959,AL,1
35960,AL,1
35961,AL,1
35962,AL,1
35963,AL,1
35966,AL,1
35967,AL,1
35968,AL,1
35971,AL,1
35972,AL,0
35973,AL,1
35974,AL,1
35975,AL,1
35976,AL,1
35978,AL,1
35979,AL,1
35980,AL,1
35981,AL,0
35983,AL,1
35984,AL,1
35986,AL,1
35987,AL,1
35988,AL,1
35989,AL,1
36003,AL,0
36006,AL,1
36009,AL,0
36010,AL,1
36013,AL,1
36016,AL,1
36017,AL,1
36022,AL,1
36024,AL,1
36025,AL,1
36026,AL,1
36027,AL,1
36028,AL,1
36029,AL,1
36032,AL,0
36033,AL,1
36036,AL,0
36037,AL,1
36040,AL,0
36041,AL,0
36043,AL,1
36047,AL,0
36051,AL,0
36053,AL,0
36054,AL,1
36064,AL,1
36066,AL,1
36067,AL,1
36068,AL,1
36069,AL,0
36075,AL,0
36078,AL,1
36079,AL,1
36080,AL,1
36081,AL,1
36083,AL,1
36088,AL,1
36089,AL,1
36091,AL,1
36092,AL,1
36093,AL,1
36104,AL,1
36105,AL,1
36106,AL,1
36107,AL,1
36108,AL,1
36109,AL,1
36110,AL,1
36111,AL,1
36116,AL,1
36117,AL,1
36201,AL,1
36203,AL,1
36205,AL,1
36206,AL,1
36207,AL,1
36250,AL,1
36251,AL,1
36256,AL,1
36258,AL,0
36260,AL,1
36262,AL,1
36263,AL,1
36264,AL,1
36265,AL,1
36266,AL,1
36268,AL,1
36269,AL,1
36271,AL,1
36272,AL,1
36273,AL,1
36274,AL,1
36276,AL,1
36277,AL,1
36278,AL,1
36279,AL,1
36280,AL,1
36301,AL,1
36303,AL,1
36305,AL,1
36310,AL,1
36311,AL,1
36312,AL,1
36316,AL,1
36318,AL,1
36319,AL,1
36320,AL,1
36321,AL,1
36322,AL,1
36323,AL,1
36330,AL,1
36340,AL,1
36343,AL,1
36344,AL,1
36345,AL,1
36346,AL,0
36350,AL,1
36351,AL,1
36352,AL,1
36353,AL,1
36360,AL,1
36373,AL,0
36374,AL,0
36375,AL,1
36401,AL,1
36420,AL,1
36421,AL,1
36426,AL,1
36432,AL,0
36441,AL,1
36442,AL,1
36445,AL,1
36451,AL,1
36453,AL,1
36456,AL,1
36460,AL,1
36467,AL,1
36473,AL,0
36474,AL,1
36475,AL,0
36477,AL,1
36480,AL,1
36483,AL,0
36502,AL,1
36505,AL,1
36507,AL,1
36509,AL,1
36511,AL,0
36518,AL,0
36521,AL,1
36522,AL,1
36523,AL,1
36526,AL,1
36527,AL,1
36528,AL,1
36530,AL,1
36532,AL,1
36533,AL,0
36535,AL,1
36539,AL,1
36541,AL,1
36542,AL,1
36544,AL,1
36545,AL,1
36549,AL,1
36551,AL,1
36555,AL,1
36558,AL,1
36560,AL,1
36561,AL,1
36562,AL,1
36567,AL,1
36569,AL,0
36571,AL,1
36572,AL,1
36574,AL,1
36575,AL,1
36576,AL,1
36578,AL,1
36579,AL,1
36580,AL,1
36582,AL,1
36587,AL,1
36602,AL,1
36603,AL,1
36604,AL,1
36605,AL,1
36606,AL,1
36607,AL,1
36608,AL,1
36609,AL,1
36610,AL,1
36611,AL,1
36612,AL,1
36613,AL,1
36617,AL,1
36618,AL,1
36619,AL,1
36693,AL,1
36695,AL,1
36701,AL,1
36703,AL,1
36721,AL,0
36726,AL,1
36732,AL,1
36744,AL,1
36748,AL,1
36749,AL,0
36750,AL,1
36752,AL,1
36756,AL,1
36767,AL,0
36769,AL,1
36776,AL,1
36782,AL,0
36784,AL,0
36801,AL,1
36804,AL,1
36830,AL,1
36832,AL,1
36850,AL,1
36852,AL,1
36853,AL,1
36854,AL,1
36855,AL,0
36856,AL,1
36860,AL,1
36861,AL,1
36862,AL,1
36863,AL,1
36866,AL,1
36867,AL,1
36869,AL,1
36870,AL,1
36871,AL,1
36874,AL,1
36875,AL,1
36877,AL,1
36879,AL,1
36904,AL,1
36907,AL,0
36919,AL,0
36925,AL,1
37010,TN,1
37011,TN,1
37012,TN,1
37013,TN,1
37014,TN,1
37015,TN,1
37016,TN,1
37018,TN,1
37019,TN,0
37020,TN,1
37022,TN,1
37023,TN,1
37025,TN,1
37026,TN,1
37027,TN,1
37028,TN,1
37029,TN,1
37030,TN,1
37031,TN,1
37032,TN,1
37033,TN,1
37034,TN,1
37035,TN,1
37036,TN,1
37037,TN,1
37040,TN,1
37042,TN,1
37043,TN,1
37046,TN,1
37047,TN,1
37048,TN,1
37049,TN,1
37050,TN,1
37051,TN,1
37052,TN,1
37055,TN,1
37057,TN,1
37058,TN,1
37059,TN,1
37060,TN,1
37061,TN,1
37062,TN,1
37064,TN,1
37066,TN,1
37067,TN,1
37069,TN,1
37072,TN,1
37073,TN,1
37074,TN,1
37075,TN,1
37076,TN,1
37078,TN,1
37079,TN,1
37080,TN,1
37082,TN,1
37083,TN,1
37085,TN,1
37086,TN,1
37087,TN,1
37090,TN,1
37091,TN,1
37095,TN,1
37096,TN,1
37097,TN,1
37098,TN,1
37101,TN,1
37110,TN,1
37115,TN,1
37118,TN,1
37121,TN,1
37122,TN,1
37127,TN,1
37128,TN,1
37129,TN,1
37130,TN,1
37133,TN,0
37134,TN,1
37135,TN,1
37137,TN,1
37138,TN,1
37140,TN,0
37141,TN,1
37142,TN,1
37143,TN,1
37144,TN,1
37145,TN,1
37146,TN,1
37148,TN,1
37149,TN,1
37150,TN,1
37151,TN,1
37153,TN,1
37160,TN,1
37161,TN,0
37166,TN,1
37167,TN,1
37171,TN,1
37172,TN,1
37174,TN,1
37175,TN,1
37178,TN,1
37179,TN,1
37180,TN,1
37181,TN,1
37183,TN,1
37184,TN,1
37185,TN,1
37186,TN,1
37187,TN,1
37188,TN,1
37189,TN,1
37190,TN,1
37191,TN,1
37201,TN,1
37203,TN,1
37204,TN,1
37205,TN,1
37206,TN,1
37207,TN,1
37208,TN,1
37209,TN,1
37210,TN,1
37211,TN,1
37212,TN,1
37214,TN,1
37215,TN,1
37216,TN,1
37217,TN,1
37218,TN,1
37219,TN,1
37220,TN,1
37221,TN,1
37222,TN,1
37228,TN,0
37301,TN,1
37302,TN,1
37303,TN,1
37304,TN,1
37305,TN,1
37306,TN,1
37307,TN,1
37308,TN,1
37309,TN,1
37310,TN,1
37311,TN,1
37312,TN,1
37313,TN,1
37317,TN,1
37318,TN,1
37321,TN,1
37322,TN,1
37323,TN,1
37324,TN,1
37325,TN,1
37327,TN,1
37328,TN,1
37329,TN,1
37330,TN,1
37331,TN,1
37332,TN,1
37333,TN,0
37334,TN,1
37335,TN,1
37336,TN,1
37337,TN,1
37338,TN,1
37339,TN,1
37340,TN,0
37341,TN,1
37342,TN,1
37343,TN,1
37345,TN,1
37347,TN,1
37348,TN,1
37350,TN,1
37351,TN,1
37352,TN,1
37353,TN,1
37354,TN,1
37355,TN,1
37356,TN,1
37357,TN,1
37360,TN,1
37361,TN,1
37362,TN,1
37363,TN,1
37365,TN,1
37366,TN,0
37367,TN,1
37369,TN,1
37370,TN,1
37373,TN,1
37374,TN,1
37375,TN,1
37376,TN,1
37377,TN,1
37379,TN,1
37380,TN,1
37381,TN,1
37385,TN,1
37387,TN,1
37388,TN,1
37391,TN,1
37397,TN,1
37398,TN,1
37402,TN,1
37403,TN,1
37404,TN,1
37405,TN,1
37406,TN,1
37407,TN,1
37408,TN,1
37409,TN,1
37410,TN,1
37411,TN,1
37412,TN,1
37415,TN,1
37416,TN,1
37419,TN,1
37421,TN,1
37601,TN,1
37604,TN,1
37615,TN,1
37616,TN,1
37617,TN,1
37618,TN,1
37620,TN,1
37625,TN,0
37640,TN,1
37641,TN,1
37642,TN,1
37643,TN,1
37645,TN,1
37650,TN,1
37656,TN,1
37657,TN,1
37658,TN,1
37659,TN,1
37660,TN,1
37663,TN,1
37664,TN,1
37665,TN,1
37681,TN,1
37683,TN,1
37686,TN,1
37687,TN,1
37688,TN,0
37690,TN,1
37691,TN,1
37692,TN,1
37694,TN,1
37701,TN,1
37705,TN,1
37708,TN,1
37709,TN,1
37710,TN,0
37711,TN,1
37713,TN,1
37714,TN,1
37716,TN,1
37721,TN,1
37722,TN,1
37723,TN,1
37724,TN,1
37725,TN,1
37726,TN,1
37727,TN,1
37729,TN,0
37731,TN,1
37737,TN,1
37738,TN,1
37742,TN,1
37743,TN,1
37745,TN,1
37748,TN,1
37752,TN,1
37753,TN,0
37754,TN,1
37755,TN,1
37756,TN,1
37757,TN,1
37760,TN,1
37762,TN,1
37763,TN,1
37764,TN,1
37765,TN,0
37766,TN,1
37769,TN,1
37770,TN,1
37771,TN,1
37772,TN,1
37774,TN,1
37777,TN,1
37779,TN,1
37801,TN,1
37803,TN,1
37804,TN,1
37806,TN,1
37807,TN,1
37809,TN,1
37810,TN,1
37811,TN,1
37813,TN,1
37814,TN,1
37818,TN,1
37820,TN,1
37821,TN,1
37825,TN,1
37826,TN,1
37828,TN,1
37829,TN,1
37830,TN,1
37840,TN,1
37841,TN,1
37843,TN,1
37846,TN,1
37847,TN,1
37849,TN,1
37852,TN,1
37853,TN,1
37854,TN,1
37857,TN,1
37860,TN,1
37861,TN,1
37862,TN,1
37863,TN,1
37865,TN,1
37866,TN,1
37869,TN,1
37870,TN,1
37871,TN,1
37872,TN,1
37873,TN,1
37874,TN,1
37876,TN,1
37877,TN,1
37878,TN,1
37879,TN,1
37880,TN,1
37881,TN,1
37882,TN,1
37885,TN,1
37886,TN,1
37887,TN,1
37888,TN,1
37890,TN,1
37891,TN,1
37892,TN,1
37902,TN,1
37909,TN,1
37912,TN,1
37914,TN,1
37915,TN,1
37916,TN,1
37917,TN,1
37918,TN,1
37919,TN,1
37920,TN,1
37921,TN,1
37922,TN,1
37923,TN,1
37924,TN,1
37927,TN,0
37931,TN,1
37932,TN,1
37933,TN,1
37934,TN,1
37938,TN,1
38001,TN,1
38002,TN,1
38004,TN,1
38006,TN,1
38008,TN,1
38011,TN,1
38012,TN,1
38015,TN,1
38016,TN,1
38017,TN,1
38018,TN,1
38019,TN,1
38023,TN,1
38024,TN,1
38028,TN,1
38030,TN,0
38034,TN,1
38037,TN,1
38039,TN,1
38040,TN,1
38041,TN,1
38042,TN,1
38044,TN,1
38049,TN,1
38050,TN,0
38052,TN,1
38053,TN,1
38057,TN,1
38058,TN,1
38059,TN,1
38060,TN,1
38061,TN,0
38063,TN,1
38066,TN,1
38067,TN,1
38068,TN,1
38069,TN,1
38075,TN,1
38076,TN,1
38079,TN,1
38080,TN,1
38103,TN,1
38104,TN,1
38105,TN,1
38106,TN,1
38107,TN,1
38108,TN,1
38109,TN,1
38111,TN,1
38112,TN,1
38114,TN,1
38115,TN,1
38116,TN,1
38117,TN,1
38118,TN,1
38119,TN,1
38120,TN,1
38122,TN,1
38125,TN,1
38126,TN,1
38127,TN,1
38128,TN,1
38133,TN,1
38134,TN,1
38135,TN,1
38138,TN,1
38139,TN,1
38141,TN,1
38181,TN,1
38201,TN,1
38220,TN,1
38221,TN,1
38222,TN,1
38224,TN,1
38225,TN,1
38229,TN,1
38230,TN,1
38231,TN,1
38232,TN,1
38233,TN,1
38236,TN,0
38237,TN,1
38238,TN,0
38240,TN,1
38241,TN,0
38242,TN,1
38251,TN,1
38253,TN,0
38255,TN,1
38256,TN,1
38257,TN,1
38258,TN,0
38260,TN,1
38261,TN,1
38301,TN,1
38305,TN,1
38310,TN,1
38311,TN,1
38313,TN,1
38315,TN,1
38316,TN,1
38317,TN,1
38318,TN,0
38320,TN,1
38321,TN,1
38326,TN,1
38327,TN,1
38328,TN,0
38329,TN,1
38330,TN,1
38332,TN,1
38333,TN,0
38334,TN,1
38337,TN,1
38340,TN,1
38341,TN,1
38342,TN,1
38343,TN,1
38344,TN,1
38345,TN,1
38347,TN,0
38351,TN,1
38355,TN,1
38356,TN,1
38357,TN,1
38358,TN,1
38359,TN,1
38361,TN,1
38362,TN,1
38363,TN,1
38366,TN,1
38367,TN,1
38368,TN,1
38369,TN,1
38370,TN,1
38371,TN,1
38372,TN,1
38374,TN,1
38375,TN,1
38376,TN,1
38379,TN,1
38380,TN,1
38381,TN,1
38382,TN,1
38388,TN,0
38391,TN,0
38392,TN,0
38401,TN,1
38425,TN,0
38449,TN,1
38450,TN,1
38451,TN,1
38452,TN,1
38453,TN,1
38454,TN,0
38456,TN,1
38457,TN,0
38460,TN,1
38461,TN,1
38462,TN,1
38463,TN,1
38464,TN,1
38468,TN,1
38469,TN,1
38471,TN,1
38472,TN,1
38473,TN,1
38474,TN,1
38476,TN,1
38477,TN,1
38478,TN,1
38481,TN,1
38482,TN,1
38483,TN,1
38485,TN,1
38486,TN,1
38487,TN,1
38488,TN,1
38501,TN,1
38504,TN,1
38506,TN,1
38541,TN,1
38543,TN,0
38544,TN,1
38545,TN,1
38547,TN,1
38548,TN,0
38549,TN,1
38551,TN,1
38552,TN,1
38553,TN,1
38554,TN,1
38555,TN,1
38556,TN,1
38558,TN,1
38559,TN,1
38560,TN,1
38562,TN,1
38563,TN,1
38564,TN,1
38565,TN,1
38567,TN,0
38568,TN,1
38569,TN,1
38570,TN,1
38571,TN,1
38572,TN,1
38573,TN,1
38574,TN,1
38575,TN,0
38577,TN,0
38578,TN,0
38579,TN,1
38580,TN,1
38581,TN,1
38582,TN,1
38583,TN,1
38585,TN,1
38587,TN,1
38588,TN,1
38589,TN,0
38601,MS,1
38603,MS,1
38606,MS,1
38610,MS,0
38611,MS,1
38614,MS,1
38617,MS,0
38618,MS,1
38619,MS,1
38620,MS,1
38621,MS,0
38626,MS,1
38627,MS,1
38629,MS,0
38632,MS,1
38633,MS,1
38635,MS,1
38637,MS,1
38641,MS,1
38642,MS,1
38643,MS,1
38646,MS,1
38647,MS,1
38650,MS,1
38651,MS,1
38652,MS,1
38654,MS,1
38655,MS,1
38658,MS,1
38659,MS,1
38661,MS,1
38663,MS,1
38664,MS,0
38665,MS,1
38666,MS,1
38668,MS,1
38671,MS,1
38672,MS,1
38673,MS,1
38675,MS,1
38676,MS,0
38680,MS,1
38683,MS,1
38685,MS,1
38701,MS,1
38703,MS,1
38720,MS,0
38722,MS,0
38725,MS,1
38730,MS,1
38732,MS,1
38737,MS,0
38744,MS,0
38748,MS,1
38751,MS,1
38754,MS,0
38756,MS,1
38759,MS,0
38761,MS,0
38771,MS,1
38773,MS,0
38774,MS,0
38778,MS,0
38801,MS,1
38804,MS,1
38821,MS,1
38824,MS,1
38826,MS,1
38827,MS,0
38828,MS,1
38829,MS,1
38833,MS,1
38834,MS,1
38841,MS,1
38843,MS,1
38846,MS,1
38847,MS,0
38848,MS,0
38849,MS,1
38850,MS,1
38851,MS,1
38852,MS,1
38855,MS,1
38856,MS,0
38857,MS,1
38858,MS,1
38860,MS,1
38862,MS,1
38863,MS,1
38864,MS,0
38865,MS,1
38866,MS,1
38868,MS,1
38870,MS,1
38871,MS,1
38873,MS,1
38876,MS,0
38901,MS,1
38913,MS,0
38915,MS,1
38916,MS,1
38917,MS,1
38921,MS,0
38922,MS,1
38925,MS,0
38927,MS,1
38929,MS,0
38930,MS,1
38941,MS,1
38948,MS,1
38961,MS,0
38963,MS,0
38965,MS,1
38967,MS,1
39038,MS,1
39039,MS,0
39040,MS,0
39041,MS,1
39042,MS,1
39044,MS,1
39046,MS,1
39047,MS,1
39051,MS,1
39056,MS,1
39059,MS,1
39063,MS,1
39066,MS,1
39071,MS,1
39073,MS,1
39074,MS,1
39078,MS,0
39082,MS,1
39083,MS,1
39090,MS,1
39092,MS,0
39094,MS,1
39095,MS,1
39096,MS,1
39108,MS,0
39110,MS,1
39111,MS,1
39114,MS,1
39116,MS,1
39117,MS,1
39119,MS,1
39120,MS,1
39140,MS,1
39145,MS,1
39146,MS,0
39149,MS,1
39150,MS,1
39152,MS,0
39153,MS,1
39154,MS,1
39157,MS,1
39158,MS,0
39159,MS,0
39168,MS,1
39170,MS,1
39175,MS,1
39180,MS,1
39183,MS,1
39189,MS,1
39191,MS,1
39194,MS,1
39202,MS,1
39203,MS,1
39204,MS,1
39206,MS,1
39208,MS,1
39209,MS,1
39211,MS,1
39212,MS,1
39213,MS,1
39216,MS,1
39218,MS,1
39232,MS,1
39272,MS,1
39301,MS,1
39305,MS,1
39307,MS,1
39320,MS,0
39322,MS,0
39325,MS,0
39327,MS,1
39328,MS,0
39330,MS,0
39332,MS,0
39335,MS,0
39338,MS,0
39339,MS,1
39342,MS,0
39345,MS,1
39347,MS,1
39350,MS,1
39355,MS,1
39360,MS,0
39362,MS,0
39363,MS,0
39364,MS,0
39365,MS,1
39367,MS,1
39401,MS,1
39402,MS,1
39421,MS,0
39422,MS,1
39423,MS,1
39425,MS,0
39426,MS,1
39427,MS,0
39428,MS,1
39429,MS,1
39437,MS,1
39439,MS,1
39440,MS,1
39443,MS,1
39451,MS,1
39452,MS,1
39455,MS,1
39456,MS,0
39459,MS,1
39462,MS,1
39464,MS,1
39465,MS,1
39466,MS,1
39470,MS,1
39474,MS,1
39475,MS,1
39476,MS,1
39478,MS,0
39479,MS,1
39480,MS,0
39481,MS,1
39482,MS,1
39483,MS,1
39501,MS,1
39503,MS,1
39507,MS,1
39520,MS,1
39525,MS,1
39530,MS,1
39531,MS,1
39532,MS,1
39540,MS,1
39553,MS,1
39556,MS,1
39560,MS,1
39561,MS,1
39562,MS,1
39563,MS,1
39564,MS,1
39565,MS,1
39567,MS,1
39571,MS,1
39572,MS,1
39573,MS,1
39574,MS,1
39576,MS,1
39577,MS,1
39581,MS,1
39601,MS,1
39629,MS,1
39630,MS,0
39631,MS,1
39633,MS,1
39638,MS,0
39641,MS,1
39643,MS,0
39645,MS,1
39648,MS,1
39652,MS,1
39653,MS,0
39654,MS,1
39657,MS,1
39661,MS,1
39662,MS,0
39663,MS,1
39664,MS,1
39665,MS,0
39666,MS,1
39667,MS,1
39669,MS,0
39702,MS,1
39705,MS,0
39730,MS,1
39740,MS,1
39746,MS,0
39747,MS,1
39759,MS,1
39766,MS,0
39773,MS,1
39813,GA,0
39817,GA,1
39819,GA,1
39823,GA,1
39824,GA,0
39827,GA,1
39828,GA,1
39834,GA,0
39837,GA,1
39840,GA,1
39842,GA,1
39845,GA,1
39846,GA,1
39851,GA,1
39854,GA,1
39861,GA,0
39866,GA,0
39867,GA,0
39877,GA,1
39886,GA,0
39897,GA,1
40003,KY,1
40004,KY,1
40006,KY,1
40008,KY,1
40010,KY,1
40011,KY,1
40012,KY,1
40013,KY,1
40014,KY,1
40019,KY,1
40022,KY,1
40023,KY,1
40025,KY,0
40026,KY,1
40031,KY,1
40033,KY,1
40037,KY,1
40045,KY,1
40046,KY,1
40047,KY,1
40050,KY,1
40051,KY,1
40052,KY,0
40055,KY,1
40056,KY,1
40057,KY,1
40059,KY,1
40065,KY,1
40067,KY,1
40068,KY,1
40069,KY,1
40070,KY,0
40071,KY,1
40075,KY,1
40076,KY,1
40078,KY,1
40104,KY,0
40107,KY,1
40108,KY,1
40109,KY,1
40111,KY,1
40115,KY,0
40117,KY,1
40118,KY,1
40119,KY,1
40140,KY,0
40142,KY,1
40143,KY,1
40144,KY,1
40145,KY,1
40146,KY,1
40150,KY,1
40152,KY,1
40155,KY,1
40157,KY,0
40160,KY,1
40162,KY,1
40165,KY,1
40170,KY,0
40175,KY,1
40176,KY,0
40177,KY,1
40178,KY,1
40202,KY,1
40203,KY,1
40204,KY,1
40205,KY,1
40206,KY,1
40207,KY,1
40208,KY,1
40209,KY,1
40210,KY,1
40211,KY,1
40212,KY,1
40213,KY,1
40214,KY,1
40215,KY,1
40216,KY,1
40217,KY,1
40218,KY,1
40219,KY,1
40220,KY,1
40222,KY,1
40223,KY,1
40225,KY,1
40228,KY,1
40229,KY,1
40241,KY,1
40242,KY,1
40243,KY,1
40245,KY,1
40257,KY,0
40258,KY,1
40272,KY,1
40291,KY,1
40299,KY,1
40311,KY,1
40312,KY,1
40313,KY,1
40322,KY,1
40324,KY,1
40330,KY,1
40336,KY,1
40337,KY,1
40342,KY,1
40347,KY,1
40348,KY,0
40351,KY,1
40353,KY,1
40356,KY,1
40358,KY,0
40359,KY,1
40360,KY,1
40361,KY,1
40370,KY,1
40371,KY,1
40372,KY,1
40374,KY,1
40379,KY,1
40380,KY,1
40383,KY,1
40385,KY,1
40387,KY,1
40390,KY,1
40391,KY,1
40402,KY,1
40403,KY,1
40409,KY,1
40419,KY,1
40422,KY,1
40437,KY,1
40440,KY,1
40442,KY,1
40444,KY,1
40445,KY,0
40447,KY,1
40456,KY,1
40460,KY,0
40461,KY,1
40464,KY,1
40468,KY,1
40472,KY,1
40475,KY,1
40481,KY,1
40484,KY,1
40486,KY,1
40489,KY,1
40502,KY,1
40503,KY,1
40504,KY,1
40505,KY,1
40507,KY,1
40508,KY,1
40509,KY,1
40510,KY,1
40511,KY,1
40513,KY,1
40514,KY,1
40515,KY,1
40516,KY,1
40517,KY,1
40601,KY,1
40701,KY,1
40729,KY,1
40734,KY,1
40737,KY,1
40740,KY,1
40741,KY,1
40744,KY,1
40759,KY,1
40769,KY,1
40771,KY,1
40806,KY,1
40810,KY,1
40815,KY,0
40823,KY,1
40828,KY,0
40831,KY,1
40845,KY,0
40863,KY,0
40868,KY,0
40873,KY,1
40902,KY,0
40903,KY,1
40906,KY,1
40914,KY,0
40921,KY,0
40923,KY,1
40935,KY,1
40940,KY,0
40946,KY,0
40949,KY,0
40958,KY,0
40962,KY,1
40965,KY,1
40972,KY,1
40977,KY,1
40997,KY,0
41001,KY,1
41002,KY,1
41003,KY,1
41004,KY,1
41005,KY,1
41006,KY,1
41007,KY,1
41008,KY,1
41010,KY,1
41011,KY,1
41014,KY,1
41015,KY,1
41016,KY,1
41017,KY,1
41018,KY,1
41030,KY,1
41031,KY,1
41033,KY,0
41035,KY,1
41039,KY,1
41040,KY,1
41041,KY,1
41042,KY,1
41043,KY,0
41044,KY,0
41045,KY,0
41046,KY,1
41048,KY,1
41049,KY,1
41051,KY,1
41052,KY,0
41055,KY,0
41056,KY,1
41059,KY,1
41063,KY,1
41064,KY,1
41071,KY,1
41073,KY,1
41074,KY,1
41075,KY,1
41076,KY,1
41080,KY,0
41083,KY,1
41085,KY,0
41086,KY,1
41091,KY,1
41092,KY,1
41093,KY,1
41094,KY,1
41095,KY,1
41097,KY,1
41098,KY,0
41101,KY,1
41102,KY,1
41121,KY,0
41129,KY,1
41135,KY,0
41139,KY,1
41141,KY,0
41143,KY,1
41144,KY,1
41164,KY,1
41168,KY,1
41169,KY,1
41171,KY,0
41175,KY,1
41179,KY,1
41183,KY,1
41189,KY,0
41201,KY,0
41216,KY,1
41219,KY,0
41222,KY,1
41224,KY,0
41230,KY,1
41234,KY,1
41238,KY,1
41240,KY,1
41255,KY,1
41256,KY,1
41257,KY,0
41260,KY,0
41264,KY,0
41265,KY,1
41268,KY,1
41301,KY,1
41311,KY,1
41314,KY,1
41332,KY,0
41338,KY,0
41339,KY,1
41360,KY,0
41365,KY,1
41397,KY,1
41425,KY,1
41464,KY,0
41465,KY,1
41472,KY,1
41501,KY,1
41503,KY,0
41514,KY,1
41522,KY,1
41527,KY,0
41535,KY,1
41537,KY,1
41539,KY,1
41543,KY,0
41548,KY,1
41553,KY,0
41555,KY,0
41557,KY,0
41558,KY,1
41562,KY,0
41567,KY,0
41572,KY,1
41601,KY,0
41602,KY,1
41603,KY,1
41605,KY,0
41619,KY,0
41631,KY,0
41635,KY,1
41642,KY,0
41647,KY,1
41649,KY,0
41650,KY,0
41653,KY,1
41659,KY,0
41666,KY,0
41669,KY,1
41701,KY,1
41722,KY,0
41727,KY,0
41773,KY,0
41774,KY,0
41804,KY,0
41822,KY,0
41824,KY,1
41826,KY,0
41832,KY,0
41834,KY,0
41847,KY,0
41858,KY,1
42001,KY,1
42003,KY,1
42020,KY,1
42021,KY,1
42023,KY,1
42024,KY,1
42025,KY,1
42027,KY,1
42029,KY,1
42031,KY,1
42035,KY,0
42036,KY,1
42038,KY,1
42039,KY,0
42040,KY,1
42041,KY,1
42044,KY,1
42045,KY,1
42048,KY,1
42049,KY,1
42050,KY,1
42051,KY,1
42053,KY,1
42055,KY,1
42056,KY,1
42058,KY,1
42064,KY,1
42066,KY,1
42069,KY,0
42071,KY,1
42076,KY,1
42078,KY,0
42079,KY,1
42081,KY,0
42082,KY,1
42085,KY,1
42086,KY,1
42087,KY,1
42088,KY,1
42101,KY,1
42102,KY,1
42103,KY,1
42104,KY,1
42120,KY,1
42122,KY,1
42123,KY,1
42127,KY,1
42129,KY,1
42130,KY,0
42133,KY,1
42134,KY,1
42140,KY,0
42141,KY,1
42156,KY,0
42159,KY,1
42160,KY,1
42164,KY,1
42166,KY,1
42167,KY,1
42170,KY,1
42171,KY,1
42202,KY,1
42204,KY,0
42206,KY,1
42207,KY,1
42210,KY,1
42211,KY,1
42214,KY,1
42215,KY,0
42217,KY,1
42220,KY,1
42232,KY,1
42234,KY,1
42236,KY,0
42240,KY,1
42256,KY,1
42259,KY,1
42261,KY,1
42262,KY,1
42266,KY,0
42273,KY,0
42274,KY,1
42275,KY,0
42276,KY,1
42280,KY,0
42285,KY,0
42286,KY,1
42301,KY,1
42303,KY,1
42320,KY,1
42323,KY,0
42324,KY,0
42325,KY,0
42326,KY,0
42327,KY,1
42328,KY,1
42330,KY,1
42337,KY,0
42339,KY,1
42343,KY,1
42345,KY,1
42347,KY,1
42348,KY,1
42349,KY,0
42351,KY,1
42352,KY,1
42355,KY,1
42366,KY,1
42367,KY,0
42368,KY,0
42372,KY,0
42376,KY,1
42378,KY,1
42404,KY,1
42406,KY,1
42408,KY,1
42409,KY,1
42410,KY,1
42411,KY,1
42413,KY,1
42420,KY,1
42431,KY,1
42436,KY,1
42437,KY,1
42440,KY,0
42441,KY,0
42442,KY,0
42445,KY,1
42450,KY,1
42451,KY,1
42452,KY,1
42455,KY,1
42456,KY,1
42458,KY,0
42459,KY,1
42461,KY,1
42462,KY,0
42501,KY,1
42503,KY,1
42518,KY,1
42519,KY,1
42528,KY,1
42533,KY,1
42539,KY,1
42544,KY,1
42553,KY,1
42565,KY,0
42567,KY,1
42602,KY,1
42629,KY,1
42633,KY,1
42634,KY,0
42635,KY,1
42642,KY,1
42647,KY,1
42649,KY,0
42653,KY,1
42701,KY,1
42712,KY,0
42713,KY,1
42716,KY,1
42717,KY,1
42718,KY,1
42721,KY,1
42724,KY,1
42726,KY,1
42728,KY,1
42729,KY,0
42732,KY,1
42740,KY,1
42742,KY,0
42743,KY,1
42746,KY,1
42748,KY,1
42749,KY,1
42753,KY,0
42754,KY,1
42757,KY,1
42764,KY,0
42765,KY,1
42776,KY,0
42782,KY,0
42784,KY,1
43001,OH,1
43003,OH,1
43004,OH,1
43008,OH,1
43009,OH,1
43011,OH,1
43013,OH,1
43014,OH,1
43015,OH,1
43016,OH,1
43017,OH,1
43018,OH,0
43019,OH,1
43021,OH,1
43022,OH,1
43023,OH,1
43025,OH,1
43026,OH,1
43028,OH,1
43029,OH,1
43031,OH,1
43033,OH,1
43035,OH,1
43040,OH,1
43044,OH,1
43045,OH,0
43046,OH,1
43050,OH,1
43054,OH,1
43055,OH,1
43056,OH,1
43060,OH,1
43061,OH,1
43062,OH,1
43064,OH,1
43065,OH,1
43066,OH,1
43067,OH,1
43068,OH,1
43071,OH,1
43072,OH,1
43074,OH,1
43076,OH,1
43078,OH,1
43080,OH,1
43081,OH,1
43082,OH,1
43084,OH,1
43085,OH,1
43102,OH,1
43103,OH,1
43105,OH,1
43106,OH,1
43107,OH,1
43110,OH,1
43112,OH,1
43113,OH,1
43116,OH,1
43119,OH,1
43123,OH,1
43125,OH,1
43126,OH,0
43128,OH,1
43130,OH,1
43135,OH,1
43136,OH,1
43137,OH,1
43138,OH,1
43140,OH,1
43143,OH,1
43145,OH,1
43146,OH,1
43147,OH,1
43148,OH,1
43149,OH,1
43150,OH,1
43152,OH,1
43153,OH,1
43154,OH,1
43155,OH,1
43157,OH,1
43160,OH,1
43162,OH,1
43163,OH,0
43164,OH,1
43201,OH,1
43202,OH,1
43203,OH,1
43204,OH,1
43205,OH,1
43206,OH,1
43207,OH,1
43209,OH,1
43211,OH,1
43212,OH,1
43213,OH,1
43214,OH,1
43215,OH,1
43217,OH,0
43218,OH,0
43219,OH,1
43220,OH,1
43221,OH,1
43222,OH,1
43223,OH,1
43224,OH,1
43227,OH,1
43228,OH,1
43229,OH,1
43230,OH,1
43231,OH,1
43232,OH,1
43235,OH,1
43240,OH,1
43302,OH,1
43310,OH,1
43311,OH,1
43314,OH,1
43315,OH,1
43316,OH,1
43317,OH,0
43318,OH,1
43319,OH,1
43320,OH,1
43321,OH,0
43323,OH,0
43324,OH,1
43325,OH,0
43326,OH,1
43331,OH,1
43332,OH,1
43333,OH,1
43334,OH,1
43337,OH,1
43338,OH,1
43340,OH,1
43341,OH,0
43342,OH,1
43343,OH,1
43344,OH,1
43347,OH,0
43348,OH,1
43351,OH,1
43356,OH,0
43357,OH,1
43358,OH,1
43359,OH,0
43360,OH,1
43402,OH,1
43406,OH,1
43407,OH,1
43410,OH,1
43412,OH,1
43413,OH,1
43416,OH,1
43420,OH,1
43430,OH,1
43431,OH,1
43432,OH,0
43438,OH,1
43440,OH,1
43442,OH,1
43443,OH,1
43445,OH,1
43446,OH,1
43447,OH,1
43449,OH,1
43450,OH,1
43451,OH,1
43452,OH,1
43456,OH,0
43457,OH,0
43460,OH,1
43462,OH,1
43464,OH,1
43465,OH,1
43466,OH,1
43467,OH,0
43469,OH,1
43501,OH,0
43502,OH,1
43504,OH,1
43506,OH,1
43511,OH,0
43512,OH,1
43515,OH,1
43516,OH,1
43517,OH,1
43518,OH,1
43521,OH,1
43522,OH,1
43523,OH,0
43524,OH,1
43525,OH,1
43526,OH,1
43527,OH,1
43528,OH,1
43532,OH,1
43533,OH,1
43534,OH,1
43535,OH,1
43537,OH,1
43540,OH,1
43542,OH,1
43543,OH,1
43545,OH,1
43548,OH,1
43549,OH,1
43551,OH,1
43554,OH,1
43556,OH,1
43557,OH,1
43558,OH,1
43560,OH,1
43566,OH,1
43567,OH,1
43569,OH,1
43570,OH,1
43571,OH,1
43604,OH,1
43605,OH,1
43606,OH,1
43607,OH,1
43608,OH,1
43609,OH,1
43610,OH,1
43611,OH,1
43612,OH,1
43613,OH,1
43614,OH,1
43615,OH,1
43616,OH,1
43617,OH,1
43618,OH,0
43619,OH,1
43620,OH,1
43623,OH,1
43701,OH,1
43713,OH,1
43716,OH,0
43718,OH,1
43719,OH,1
43720,OH,0
43723,OH,1
43724,OH,1
43725,OH,1
43727,OH,0
43728,OH,0
43730,OH,1
43731,OH,1
43732,OH,1
43734,OH,1
43738,OH,0
43739,OH,1
43746,OH,1
43748,OH,1
43749,OH,1
43755,OH,1
43756,OH,1
43758,OH,1
43760,OH,1
43762,OH,1
43764,OH,1
43766,OH,1
43767,OH,1
43768,OH,0
43771,OH,1
43772,OH,1
43773,OH,1
43777,OH,1
43778,OH,1
43779,OH,1
43780,OH,1
43782,OH,1
43783,OH,1
43787,OH,1
43788,OH,1
43791,OH,0
43793,OH,1
43802,OH,0
43804,OH,0
43811,OH,1
43812,OH,1
43821,OH,1
43822,OH,1
43824,OH,1
43830,OH,1
43832,OH,1
43837,OH,1
43840,OH,1
43842,OH,0
43844,OH,1
43845,OH,1
43901,OH,1
43903,OH,1
43906,OH,1
43907,OH,1
43908,OH,1
43910,OH,1
43912,OH,1
43913,OH,0
43915,OH,0
43917,OH,1
43920,OH,1
43932,OH,0
43933,OH,1
43935,OH,1
43938,OH,1
43942,OH,1
43943,OH,1
43944,OH,1
43945,OH,1
43946,OH,1
43947,OH,1
43950,OH,1
43952,OH,1
43953,OH,1
43963,OH,1
43964,OH,1
43968,OH,1
43971,OH,1
43973,OH,1
43976,OH,1
43977,OH,1
43983,OH,0
43986,OH,1
43988,OH,1
44001,OH,1
44003,OH,1
44004,OH,1
44010,OH,1
44011,OH,1
44012,OH,1
44017,OH,1
44021,OH,1
44022,OH,1
44023,OH,1
44024,OH,1
44026,OH,1
44028,OH,1
44030,OH,1
44032,OH,0
44035,OH,1
44039,OH,1
44040,OH,1
44041,OH,1
44044,OH,1
44046,OH,0
44047,OH,1
44048,OH,1
44050,OH,1
44052,OH,1
44053,OH,1
44054,OH,1
44055,OH,1
44056,OH,1
44057,OH,1
44060,OH,1
44062,OH,1
44064,OH,1
44065,OH,1
44067,OH,1
44070,OH,1
44072,OH,1
44074,OH,1
44076,OH,1
44077,OH,1
44081,OH,1
44082,OH,0
44084,OH,1
44085,OH,1
44086,OH,1
44087,OH,1
44089,OH,1
44090,OH,1
44092,OH,1
44093,OH,1
44094,OH,1
44095,OH,1
44099,OH,0
44102,OH,1
44103,OH,1
44104,OH,1
44105,OH,1
44106,OH,1
44107,OH,1
44108,OH,1
44109,OH,1
44110,OH,1
44111,OH,1
44112,OH,1
44113,OH,1
44114,OH,1
44115,OH,1
44116,OH,1
44117,OH,1
44118,OH,1
44119,OH,1
44120,OH,1
44121,OH,1
44122,OH,1
44123,OH,1
44124,OH,1
44125,OH,1
44126,OH,1
44127,OH,1
44128,OH,1
44129,OH,1
44130,OH,1
44131,OH,1
44132,OH,1
44133,OH,1
44134,OH,1
44135,OH,1
44136,OH,1
44137,OH,1
44138,OH,1
44139,OH,1
44140,OH,1
44141,OH,1
44142,OH,1
44143,OH,1
44144,OH,1
44145,OH,1
44146,OH,1
44147,OH,1
44149,OH,1
44201,OH,1
44202,OH,1
44203,OH,1
44212,OH,1
44214,OH,1
44215,OH,1
44216,OH,1
44217,OH,1
44221,OH,1
44223,OH,1
44224,OH,1
44230,OH,1
44231,OH,1
44233,OH,1
44234,OH,1
44235,OH,1
44236,OH,1
44240,OH,1
44241,OH,1
44250,OH,1
44251,OH,1
44253,OH,1
44254,OH,1
44255,OH,1
44256,OH,1
44260,OH,1
44262,OH,1
44264,OH,1
44266,OH,1
44270,OH,1
44272,OH,1
44273,OH,1
44275,OH,1
44276,OH,1
44278,OH,1
44280,OH,1
44281,OH,1
44286,OH,1
44287,OH,1
44288,OH,1
44301,OH,1
44302,OH,1
44303,OH,1
44304,OH,1
44305,OH,1
44306,OH,1
44307,OH,1
44308,OH,0
44310,OH,1
44311,OH,1
44312,OH,1
44313,OH,1
44314,OH,1
44319,OH,1
44320,OH,1
44321,OH,1
44333,OH,1
44401,OH,1
44402,OH,1
44403,OH,1
44404,OH,1
44405,OH,1
44406,OH,1
44408,OH,1
44410,OH,1
44411,OH,1
44412,OH,1
44413,OH,1
44417,OH,1
44418,OH,1
44420,OH,1
44423,OH,1
44425,OH,1
44427,OH,1
44428,OH,1
44429,OH,1
44430,OH,1
44431,OH,1
44432,OH,1
44436,OH,1
44437,OH,1
44438,OH,1
44440,OH,1
44441,OH,1
44442,OH,1
44443,OH,0
44444,OH,1
44445,OH,0
44446,OH,1
44449,OH,1
44450,OH,1
44451,OH,1
44452,OH,1
44454,OH,0
44455,OH,1
44460,OH,1
44470,OH,1
44471,OH,1
44473,OH,1
44481,OH,1
44483,OH,1
44484,OH,1
44485,OH,1
44490,OH,0
44491,OH,1
44502,OH,1
44504,OH,1
44505,OH,1
44506,OH,1
44507,OH,1
44509,OH,1
44510,OH,1
44511,OH,1
44512,OH,1
44514,OH,1
44515,OH,1
44601,OH,1
44606,OH,1
44608,OH,1
44609,OH,1
44612,OH,1
44613,OH,1
44614,OH,1
44615,OH,1
44618,OH,1
44620,OH,1
44621,OH,1
44622,OH,1
44625,OH,1
44626,OH,1
44627,OH,0
44629,OH,0
44632,OH,1
44633,OH,0
44634,OH,1
44637,OH,1
44638,OH,1
44640,OH,0
44641,OH,1
44643,OH,1
44644,OH,1
44645,OH,1
44646,OH,1
44647,OH,1
44651,OH,0
44654,OH,1
44656,OH,1
44657,OH,1
44662,OH,1
44663,OH,1
44666,OH,1
44667,OH,1
44669,OH,1
44671,OH,0
44672,OH,1
44675,OH,1
44676,OH,1
44677,OH,0
44680,OH,1
44681,OH,1
44682,OH,0
44683,OH,1
44685,OH,1
44688,OH,1
44689,OH,0
44691,OH,1
44695,OH,1
44697,OH,0
44699,OH,1
44703,OH,1
44704,OH,1
44705,OH,1
44706,OH,1
44707,OH,1
44708,OH,1
44709,OH,1
44710,OH,1
44711,OH,0
44714,OH,1
44718,OH,1
44720,OH,1
44721,OH,1
44730,OH,1
44802,OH,0
44804,OH,1
44805,OH,1
44807,OH,1
44811,OH,1
44813,OH,1
44814,OH,1
44815,OH,1
44817,OH,1
44818,OH,0
44820,OH,1
44822,OH,1
44824,OH,1
44826,OH,1
44827,OH,1
44830,OH,1
44833,OH,1
44836,OH,1
44837,OH,1
44839,OH,1
44840,OH,1
44841,OH,0
44842,OH,1
44843,OH,1
44846,OH,1
44847,OH,1
44849,OH,1
44851,OH,1
44854,OH,0
44855,OH,1
44857,OH,1
44859,OH,1
44864,OH,1
44865,OH,1
44866,OH,1
44867,OH,1
44870,OH,1
44875,OH,1
44878,OH,0
44880,OH,1
44882,OH,1
44883,OH,1
44887,OH,0
44889,OH,1
44890,OH,1
44902,OH,1
44903,OH,1
44904,OH,1
44905,OH,1
44906,OH,1
44907,OH,1
45001,OH,1
45002,OH,1
45003,OH,0
45005,OH,1
45011,OH,1
45013,OH,1
45014,OH,1
45015,OH,1
45030,OH,1
45034,OH,1
45036,OH,1
45039,OH,1
45040,OH,1
45042,OH,1
45044,OH,1
45050,OH,1
45052,OH,1
45053,OH,1
45054,OH,1
45056,OH,1
45064,OH,1
45065,OH,1
45066,OH,1
45067,OH,1
45068,OH,1
45069,OH,1
45101,OH,1
45102,OH,1
45103,OH,1
45106,OH,1
45107,OH,1
45111,OH,0
45112,OH,0
45113,OH,1
45118,OH,1
45120,OH,1
45121,OH,1
45122,OH,1
45123,OH,1
45130,OH,1
45132,OH,0
45133,OH,1
45135,OH,1
45140,OH,1
45142,OH,1
45144,OH,1
45146,OH,1
45148,OH,1
45150,OH,1
45152,OH,1
45153,OH,1
45154,OH,1
45157,OH,1
45159,OH,1
45162,OH,1
45167,OH,1
45168,OH,1
45169,OH,1
45171,OH,1
45174,OH,1
45176,OH,1
45177,OH,1
45202,OH,1
45203,OH,1
45204,OH,1
45205,OH,1
45206,OH,1
45207,OH,1
45208,OH,1
45209,OH,1
45211,OH,1
45212,OH,1
45213,OH,1
45214,OH,1
45215,OH,1
45216,OH,1
45217,OH,1
45218,OH,1
45219,OH,1
45220,OH,1
45223,OH,1
45224,OH,1
45225,OH,1
45226,OH,1
45227,OH,1
45228,OH,0
45229,OH,1
45230,OH,1
45231,OH,1
45232,OH,1
45233,OH,1
45236,OH,1
45237,OH,1
45238,OH,1
45239,OH,1
45240,OH,1
45241,OH,1
45242,OH,1
45243,OH,1
45244,OH,1
45245,OH,1
45246,OH,1
45247,OH,1
45248,OH,1
45249,OH,1
45251,OH,1
45252,OH,1
45254,OH,0
45255,OH,1
45301,OH,0
45302,OH,1
45303,OH,1
45304,OH,1
45305,OH,1
45306,OH,1
45307,OH,0
45308,OH,1
45309,OH,1
45311,OH,1
45312,OH,1
45314,OH,1
45315,OH,1
45316,OH,0
45317,OH,0
45318,OH,1
45320,OH,1
45321,OH,1
45322,OH,1
45323,OH,1
45324,OH,1
45325,OH,1
45326,OH,1
45327,OH,1
45331,OH,1
45332,OH,0
45333,OH,1
45334,OH,1
45335,OH,1
45337,OH,1
45338,OH,1
45339,OH,1
45341,OH,1
45342,OH,1
45343,OH,0
45344,OH,1
45345,OH,1
45346,OH,1
45347,OH,1
45348,OH,0
45354,OH,1
45356,OH,1
45358,OH,0
45359,OH,1
45360,OH,1
45363,OH,0
45365,OH,1
45368,OH,1
45369,OH,1
45370,OH,0
45371,OH,1
45373,OH,1
45377,OH,1
45378,OH,0
45380,OH,1
45381,OH,1
45382,OH,1
45383,OH,1
45385,OH,1
45387,OH,1
45389,OH,1
45390,OH,1
45402,OH,1
45403,OH,1
45404,OH,1
45405,OH,1
45406,OH,1
45408,OH,0
45409,OH,1
45410,OH,1
45414,OH,1
45415,OH,1
45416,OH,1
45417,OH,1
45418,OH,0
45419,OH,1
45420,OH,1
45424,OH,1
45426,OH,1
45427,OH,0
45429,OH,1
45430,OH,1
45431,OH,1
45432,OH,1
45434,OH,1
45435,OH,1
45439,OH,1
45440,OH,1
45448,OH,1
45449,OH,1
45458,OH,1
45459,OH,1
45479,OH,0
45502,OH,1
45503,OH,1
45504,OH,1
45505,OH,1
45506,OH,1
45601,OH,1
45612,OH,1
45613,OH,0
45614,OH,1
45616,OH,1
45619,OH,1
45620,OH,0
45621,OH,0
45622,OH,1
45623,OH,1
45628,OH,1
45629,OH,1
45631,OH,1
45634,OH,1
45638,OH,1
45640,OH,1
45644,OH,1
45645,OH,1
45647,OH,1
45648,OH,1
45650,OH,0
45651,OH,1
45653,OH,0
45654,OH,0
45656,OH,1
45657,OH,0
45658,OH,1
45659,OH,1
45660,OH,1
45661,OH,1
45662,OH,1
45663,OH,1
45669,OH,1
45672,OH,1
45674,OH,0
45679,OH,1
45680,OH,1
45681,OH,1
45684,OH,0
45685,OH,0
45686,OH,1
45690,OH,1
45692,OH,1
45693,OH,1
45694,OH,1
45695,OH,0
45696,OH,0
45697,OH,1
45701,OH,1
45710,OH,1
45711,OH,1
45714,OH,1
45715,OH,1
45719,OH,0
45723,OH,1
45724,OH,0
45727,OH,1
45729,OH,1
45732,OH,1
45735,OH,1
45741,OH,1
45742,OH,1
45743,OH,1
45744,OH,1
45745,OH,1
45750,OH,1
45760,OH,1
45761,OH,1
45764,OH,1
45766,OH,1
45767,OH,1
45768,OH,1
45769,OH,1
45771,OH,1
45772,OH,1
45775,OH,0
45776,OH,0
45779,OH,0
45780,OH,1
45782,OH,1
45784,OH,1
45786,OH,1
45788,OH,1
45801,OH,1
45802,OH,0
45804,OH,1
45805,OH,1
45806,OH,1
45807,OH,1
45808,OH,1
45809,OH,0
45810,OH,1
45812,OH,0
45813,OH,1
45814,OH,1
45817,OH,1
45820,OH,1
45821,OH,0
45822,OH,1
45827,OH,0
45828,OH,1
45830,OH,1
45831,OH,1
45832,OH,1
45833,OH,1
45835,OH,1
45836,OH,1
45840,OH,1
45841,OH,1
45843,OH,1
45844,OH,1
45846,OH,1
45849,OH,1
45850,OH,1
45855,OH,0
45856,OH,1
45858,OH,1
45859,OH,0
45862,OH,0
45863,OH,0
45865,OH,1
45867,OH,1
45869,OH,1
45871,OH,0
45872,OH,1
45873,OH,1
45874,OH,1
45875,OH,1
45877,OH,1
45879,OH,1
45880,OH,1
45881,OH,1
45882,OH,1
45883,OH,1
45885,OH,1
45886,OH,0
45887,OH,1
45889,OH,1
45890,OH,0
45891,OH,1
45894,OH,0
45895,OH,1
45896,OH,1
45898,OH,1
46001,IN,1
46011,IN,1
46012,IN,1
46013,IN,1
46016,IN,1
46017,IN,1
46030,IN,1
46031,IN,1
46032,IN,1
46033,IN,1
46034,IN,1
46035,IN,1
46036,IN,1
46037,IN,1
46038,IN,1
46039,IN,0
46040,IN,1
46041,IN,1
46044,IN,1
46048,IN,1
46049,IN,1
46050,IN,1
46051,IN,1
46052,IN,1
46055,IN,1
46056,IN,1
46057,IN,1
46058,IN,1
46060,IN,1
46062,IN,1
46064,IN,1
46065,IN,1
46068,IN,1
46069,IN,1
46070,IN,1
46071,IN,1
46072,IN,1
46074,IN,1
46075,IN,1
46076,IN,1
46077,IN,1
46102,IN,1
46104,IN,1
46105,IN,1
46106,IN,1
46107,IN,1
46110,IN,0
46111,IN,1
46112,IN,1
46113,IN,1
46115,IN,1
46117,IN,0
46118,IN,1
46120,IN,1
46121,IN,1
46122,IN,1
46123,IN,1
46124,IN,1
46126,IN,1
46128,IN,1
46130,IN,1
46131,IN,1
46135,IN,1
46140,IN,1
46142,IN,1
46143,IN,1
46147,IN,1
46148,IN,1
46149,IN,1
46150,IN,1
46151,IN,1
46156,IN,1
46157,IN,1
46158,IN,1
46160,IN,1
46161,IN,1
46163,IN,1
46164,IN,1
46165,IN,1
46166,IN,1
46167,IN,1
46168,IN,1
46171,IN,1
46172,IN,1
46173,IN,1
46175,IN,1
46176,IN,1
46180,IN,0
46181,IN,1
46182,IN,1
46184,IN,1
46186,IN,1
46201,IN,1
46202,IN,1
46203,IN,1
46204,IN,1
46205,IN,1
46208,IN,1
46214,IN,1
46216,IN,1
46217,IN,1
46218,IN,1
46219,IN,1
46220,IN,1
46221,IN,1
46222,IN,1
46224,IN,1
46225,IN,1
46226,IN,1
46227,IN,1
46228,IN,1
46229,IN,1
46230,IN,0
46231,IN,1
46234,IN,1
46235,IN,1
46236,IN,1
46237,IN,1
46239,IN,1
46240,IN,1
46241,IN,1
46250,IN,1
46254,IN,1
46256,IN,1
46259,IN,1
46260,IN,1
46268,IN,1
46278,IN,1
46280,IN,1
46290,IN,1
46303,IN,1
46304,IN,1
46307,IN,1
46310,IN,1
46311,IN,1
46312,IN,1
46319,IN,1
46320,IN,1
46321,IN,1
46322,IN,1
46323,IN,1
46324,IN,1
46327,IN,1
46340,IN,1
46341,IN,1
46342,IN,1
46346,IN,1
46347,IN,1
46348,IN,1
46349,IN,1
46350,IN,1
46356,IN,1
46360,IN,1
46365,IN,0
46366,IN,1
46368,IN,1
46371,IN,1
46373,IN,1
46374,IN,1
46375,IN,1
46379,IN,0
46382,IN,1
46383,IN,1
46385,IN,1
46390,IN,1
46391,IN,1
46392,IN,1
46394,IN,1
46402,IN,1
46403,IN,1
46404,IN,1
46405,IN,1
46406,IN,1
46407,IN,1
46408,IN,1
46409,IN,1
46410,IN,1
46501,IN,1
46504,IN,1
46506,IN,1
46507,IN,1
46510,IN,1
46511,IN,1
46514,IN,1
46516,IN,1
46517,IN,1
46524,IN,0
46526,IN,1
46528,IN,1
46530,IN,1
46531,IN,1
46532,IN,1
46534,IN,1
46536,IN,1
46538,IN,1
46539,IN,1
46540,IN,1
46542,IN,1
46543,IN,1
46544,IN,1
46545,IN,1
46550,IN,1
46552,IN,1
46553,IN,1
46554,IN,1
46555,IN,1
46561,IN,1
46562,IN,1
46563,IN,1
46565,IN,1
46567,IN,1
46570,IN,1
46571,IN,1
46573,IN,1
46574,IN,1
46580,IN,1
46582,IN,1
46590,IN,1
46595,IN,0
46601,IN,1
46613,IN,1
46614,IN,1
46615,IN,1
46616,IN,1
46617,IN,1
46619,IN,1
46628,IN,1
46635,IN,1
46637,IN,1
46701,IN,1
46702,IN,1
46703,IN,1
46705,IN,1
46706,IN,1
46710,IN,1
46711,IN,1
46714,IN,1
46721,IN,1
46723,IN,1
46725,IN,1
46730,IN,0
46732,IN,1
46733,IN,1
46737,IN,1
46738,IN,1
46740,IN,1
46741,IN,1
46742,IN,1
46743,IN,1
46745,IN,1
46746,IN,1
46747,IN,1
46748,IN,1
46750,IN,1
46755,IN,1
46759,IN,1
46760,IN,1
46761,IN,1
46763,IN,1
46764,IN,0
46765,IN,1
46767,IN,1
46770,IN,1
46772,IN,1
46773,IN,1
46774,IN,1
46776,IN,1
46777,IN,1
46779,IN,1
46781,IN,1
46783,IN,1
46784,IN,1
46785,IN,1
46786,IN,0
46787,IN,1
46788,IN,1
46791,IN,1
46792,IN,1
46793,IN,1
46794,IN,1
46795,IN,1
46797,IN,1
46798,IN,1
46799,IN,1
46802,IN,1
46803,IN,1
46804,IN,1
46805,IN,1
46806,IN,1
46807,IN,1
46808,IN,1
46809,IN,1
46814,IN,1
46815,IN,1
46816,IN,1
46818,IN,1
46819,IN,1
46825,IN,1
46835,IN,1
46845,IN,1
46895,IN,0
46901,IN,1
46902,IN,1
46910,IN,1
46911,IN,1
46913,IN,1
46914,IN,1
46915,IN,0
46917,IN,1
46919,IN,1
46920,IN,1
46923,IN,1
46926,IN,1
46928,IN,1
46929,IN,1
46932,IN,1
46933,IN,1
46936,IN,1
46938,IN,1
46939,IN,1
46940,IN,1
46947,IN,1
46950,IN,0
46951,IN,1
46952,IN,1
46953,IN,1
46957,IN,0
46958,IN,1
46960,IN,1
46962,IN,1
46968,IN,0
46970,IN,1
46974,IN,1
46975,IN,1
46978,IN,1
46979,IN,1
46982,IN,1
46985,IN,1
46986,IN,1
46987,IN,1
46988,IN,1
46989,IN,1
46990,IN,0
46991,IN,1
46992,IN,1
46994,IN,1
46996,IN,1
47001,IN,1
47003,IN,1
47006,IN,1
47011,IN,0
47012,IN,1
47016,IN,0
47017,IN,0
47018,IN,1
47020,IN,1
47022,IN,1
47023,IN,1
47024,IN,1
47025,IN,1
47030,IN,1
47031,IN,1
47032,IN,1
47037,IN,1
47038,IN,1
47040,IN,1
47041,IN,1
47042,IN,1
47043,IN,1
47060,IN,1
47102,IN,1
47106,IN,1
47108,IN,1
47110,IN,0
47111,IN,1
47112,IN,1
47115,IN,1
47116,IN,1
47117,IN,1
47118,IN,1
47119,IN,1
47120,IN,1
47122,IN,1
47124,IN,1
47125,IN,1
47126,IN,1
47129,IN,1
47130,IN,1
47135,IN,0
47136,IN,1
47137,IN,1
47138,IN,1
47140,IN,1
47141,IN,1
47142,IN,0
47143,IN,1
47145,IN,1
47147,IN,1
47150,IN,1
47161,IN,1
47162,IN,0
47163,IN,1
47164,IN,1
47165,IN,1
47166,IN,1
47167,IN,1
47170,IN,1
47172,IN,1
47175,IN,1
47177,IN,1
47201,IN,1
47203,IN,1
47220,IN,1
47223,IN,1
47224,IN,0
47229,IN,1
47230,IN,1
47231,IN,1
47232,IN,1
47234,IN,1
47235,IN,0
47236,IN,0
47240,IN,1
47243,IN,1
47244,IN,0
47246,IN,1
47250,IN,1
47260,IN,1
47264,IN,1
47265,IN,1
47272,IN,1
47273,IN,1
47274,IN,1
47280,IN,0
47281,IN,0
47282,IN,0
47283,IN,1
47302,IN,1
47303,IN,1
47304,IN,1
47305,IN,1
47320,IN,1
47324,IN,0
47327,IN,1
47330,IN,1
47331,IN,1
47334,IN,1
47335,IN,0
47336,IN,1
47338,IN,0
47340,IN,1
47341,IN,1
47342,IN,1
47344,IN,0
47345,IN,1
47346,IN,1
47348,IN,1
47351,IN,1
47352,IN,0
47353,IN,1
47354,IN,1
47355,IN,0
47356,IN,1
47357,IN,1
47358,IN,0
47359,IN,1
47360,IN,1
47362,IN,1
47368,IN,1
47369,IN,1
47371,IN,1
47373,IN,1
47374,IN,1
47380,IN,0
47382,IN,0
47383,IN,1
47384,IN,1
47385,IN,1
47386,IN,1
47388,IN,1
47390,IN,1
47393,IN,0
47394,IN,1
47396,IN,1
47401,IN,1
47403,IN,1
47404,IN,1
47408,IN,1
47420,IN,0
47421,IN,1
47424,IN,1
47427,IN,0
47429,IN,1
47431,IN,0
47432,IN,1
47433,IN,1
47436,IN,1
47438,IN,1
47441,IN,1
47443,IN,1
47446,IN,1
47448,IN,1
47449,IN,0
47451,IN,1
47452,IN,1
47453,IN,1
47454,IN,1
47456,IN,1
47459,IN,1
47460,IN,1
47462,IN,1
47465,IN,0
47468,IN,1
47469,IN,1
47470,IN,1
47471,IN,1
47501,IN,1
47512,IN,1
47513,IN,1
47516,IN,1
47519,IN,1
47520,IN,1
47521,IN,0
47522,IN,0
47523,IN,1
47525,IN,0
47527,IN,1
47528,IN,0
47529,IN,0
47531,IN,0
47532,IN,1
47541,IN,1
47542,IN,1
47546,IN,1
47550,IN,0
47551,IN,0
47553,IN,1
47557,IN,1
47558,IN,1
47561,IN,1
47562,IN,1
47564,IN,0
47567,IN,1
47568,IN,1
47575,IN,0
47577,IN,0
47578,IN,0
47579,IN,1
47581,IN,1
47585,IN,0
47586,IN,1
47590,IN,1
47591,IN,1
47597,IN,1
47598,IN,1
47601,IN,1
47610,IN,1
47611,IN,1
47612,IN,0
47613,IN,1
47615,IN,1
47619,IN,1
47620,IN,1
47630,IN,1
47631,IN,1
47633,IN,1
47634,IN,1
47635,IN,1
47638,IN,1
47639,IN,1
47640,IN,1
47648,IN,1
47649,IN,1
47660,IN,1
47665,IN,1
47666,IN,1
47670,IN,1
47683,IN,0
47708,IN,1
47710,IN,1
47711,IN,1
47712,IN,1
47713,IN,1
47714,IN,1
47715,IN,1
47720,IN,1
47725,IN,1
47802,IN,1
47803,IN,1
47804,IN,1
47805,IN,1
47807,IN,1
47832,IN,0
47833,IN,1
47834,IN,1
47838,IN,1
47841,IN,1
47842,IN,1
47846,IN,0
47847,IN,1
47848,IN,0
47850,IN,1
47854,IN,1
47855,IN,1
47857,IN,1
47858,IN,1
47859,IN,0
47861,IN,1
47862,IN,1
47866,IN,0
47868,IN,1
47872,IN,1
47874,IN,1
47879,IN,0
47882,IN,1
47885,IN,1
47901,IN,1
47904,IN,1
47905,IN,1
47906,IN,1
47909,IN,1
47917,IN,0
47918,IN,1
47920,IN,1
47921,IN,1
47922,IN,1
47923,IN,1
47926,IN,1
47928,IN,1
47929,IN,1
47930,IN,0
47932,IN,1
47933,IN,1
47940,IN,1
47941,IN,1
47942,IN,1
47943,IN,1
47944,IN,1
47946,IN,1
47948,IN,1
47949,IN,0
47950,IN,0
47951,IN,1
47952,IN,1
47954,IN,1
47955,IN,1
47957,IN,1
47959,IN,1
47960,IN,1
47963,IN,1
47964,IN,0
47965,IN,1
47968,IN,0
47970,IN,1
47971,IN,1
47975,IN,0
47977,IN,1
47978,IN,1
47980,IN,1
47981,IN,0
47987,IN,1
47989,IN,1
47990,IN,1
47991,IN,0
47992,IN,1
47993,IN,1
47994,IN,0
47995,IN,1
47997,IN,0
48001,MI,1
48002,MI,1
48003,MI,1
48005,MI,1
48006,MI,1
48009,MI,1
48012,MI,0
48014,MI,1
48015,MI,1
48017,MI,1
48021,MI,1
48022,MI,1
48023,MI,1
48025,MI,1
48026,MI,1
48027,MI,1
48028,MI,1
48030,MI,1
48032,MI,1
48033,MI,1
48034,MI,1
48035,MI,1
48036,MI,1
48038,MI,1
48039,MI,1
48040,MI,1
48041,MI,1
48042,MI,1
48043,MI,1
48044,MI,1
48045,MI,1
48047,MI,1
48048,MI,1
48049,MI,1
48050,MI,1
48051,MI,1
48054,MI,1
48059,MI,1
48060,MI,1
48062,MI,1
48063,MI,1
48064,MI,1
48065,MI,1
48066,MI,1
48067,MI,1
48069,MI,1
48070,MI,1
48071,MI,1
48072,MI,1
48073,MI,1
48074,MI,1
48075,MI,1
48076,MI,1
48079,MI,1
48080,MI,1
48081,MI,1
48082,MI,1
48083,MI,1
48084,MI,1
48085,MI,1
48088,MI,1
48089,MI,1
48091,MI,1
48092,MI,1
48093,MI,1
48094,MI,1
48095,MI,1
48096,MI,1
48097,MI,1
48098,MI,1
48101,MI,1
48103,MI,1
48104,MI,1
48105,MI,1
48106,MI,0
48108,MI,1
48110,MI,0
48111,MI,1
48114,MI,1
48116,MI,1
48117,MI,1
48118,MI,1
48120,MI,1
48122,MI,1
48124,MI,1
48125,MI,1
48126,MI,1
48127,MI,1
48128,MI,1
48130,MI,1
48131,MI,1
48133,MI,1
48134,MI,1
48135,MI,1
48137,MI,1
48138,MI,1
48140,MI,1
48141,MI,1
48144,MI,1
48145,MI,1
48146,MI,1
48150,MI,1
48152,MI,1
48154,MI,1
48157,MI,1
48158,MI,1
48159,MI,0
48160,MI,1
48161,MI,1
48162,MI,1
48164,MI,1
48165,MI,1
48166,MI,1
48167,MI,1
48168,MI,1
48169,MI,1
48170,MI,1
48173,MI,1
48174,MI,1
48176,MI,1
48178,MI,1
48179,MI,1
48180,MI,1
48182,MI,1
48183,MI,1
48184,MI,1
48185,MI,1
48186,MI,1
48187,MI,1
48188,MI,1
48189,MI,1
48191,MI,1
48192,MI,1
48193,MI,1
48195,MI,1
48197,MI,1
48198,MI,1
48201,MI,1
48202,MI,1
48203,MI,1
48204,MI,1
48205,MI,1
48206,MI,1
48207,MI,1
48208,MI,1
48209,MI,1
48210,MI,1
48211,MI,1
48212,MI,1
48213,MI,1
48214,MI,1
48215,MI,1
48216,MI,1
48217,MI,1
48218,MI,1
48219,MI,1
48220,MI,1
48221,MI,1
48223,MI,1
48224,MI,1
48225,MI,1
48226,MI,1
48227,MI,1
48228,MI,1
48229,MI,1
48230,MI,1
48234,MI,1
48235,MI,1
48236,MI,1
48237,MI,1
48238,MI,1
48239,MI,1
48240,MI,1
48301,MI,1
48302,MI,1
48303,MI,0
48304,MI,1
48306,MI,1
48307,MI,1
48309,MI,1
48310,MI,1
48312,MI,1
48313,MI,1
48314,MI,1
48315,MI,1
48316,MI,1
48317,MI,1
48318,MI,0
48320,MI,1
48322,MI,1
48323,MI,1
48324,MI,1
48326,MI,1
48327,MI,1
48328,MI,1
48329,MI,1
48331,MI,1
48334,MI,1
48335,MI,1
48336,MI,1
48340,MI,1
48341,MI,1
48342,MI,1
48346,MI,1
48347,MI,1
48348,MI,1
48350,MI,1
48353,MI,1
48356,MI,1
48357,MI,1
48359,MI,1
48360,MI,1
48362,MI,1
48363,MI,1
48367,MI,1
48370,MI,1
48371,MI,1
48374,MI,1
48375,MI,1
48377,MI,1
48380,MI,1
48381,MI,1
48382,MI,1
48383,MI,1
48386,MI,1
48390,MI,1
48393,MI,1
48401,MI,1
48411,MI,0
48412,MI,1
48413,MI,1
48414,MI,1
48415,MI,1
48416,MI,1
48417,MI,1
48418,MI,1
48419,MI,1
48420,MI,1
48421,MI,1
48422,MI,1
48423,MI,1
48427,MI,1
48428,MI,1
48429,MI,1
48430,MI,1
48433,MI,1
48435,MI,1
48436,MI,1
48437,MI,1
48438,MI,1
48439,MI,1
48441,MI,1
48442,MI,1
48444,MI,1
48446,MI,1
48449,MI,1
48450,MI,1
48451,MI,1
48453,MI,1
48454,MI,0
48455,MI,1
48457,MI,1
48458,MI,1
48460,MI,1
48461,MI,1
48462,MI,1
48463,MI,1
48464,MI,1
48465,MI,0
48466,MI,1
48467,MI,1
48468,MI,1
48469,MI,1
48471,MI,1
48472,MI,1
48473,MI,1
48475,MI,0
48476,MI,1
48503,MI,1
48504,MI,1
48505,MI,1
48506,MI,1
48507,MI,1
48509,MI,1
48519,MI,1
48529,MI,1
48531,MI,0
48532,MI,1
48601,MI,1
48602,MI,1
48603,MI,1
48604,MI,1
48608,MI,0
48609,MI,1
48610,MI,1
48611,MI,1
48612,MI,1
48613,MI,1
48614,MI,0
48615,MI,1
48616,MI,1
48617,MI,1
48618,MI,1
48619,MI,1
48621,MI,1
48622,MI,1
48623,MI,1
48624,MI,1
48625,MI,1
48626,MI,1
48627,MI,0
48628,MI,1
48629,MI,1
48630,MI,0
48631,MI,1
48632,MI,1
48634,MI,1
48635,MI,1
48636,MI,1
48637,MI,1
48638,MI,1
48640,MI,1
48642,MI,1
48647,MI,1
48649,MI,0
48650,MI,1
48651,MI,1
48652,MI,0
48653,MI,1
48654,MI,1
48655,MI,1
48656,MI,1
48657,MI,1
48658,MI,1
48659,MI,1
48661,MI,1
48662,MI,0
48701,MI,0
48703,MI,1
48705,MI,1
48706,MI,1
48708,MI,1
48720,MI,0
48721,MI,0
48722,MI,1
48723,MI,1
48725,MI,1
48726,MI,1
48727,MI,1
48728,MI,1
48729,MI,1
48730,MI,1
48731,MI,1
48732,MI,1
48733,MI,1
48734,MI,1
48737,MI,1
48738,MI,1
48739,MI,1
48740,MI,1
48741,MI,0
48742,MI,1
48743,MI,0
48744,MI,1
48745,MI,0
48746,MI,1
48747,MI,1
48748,MI,1
48749,MI,1
48750,MI,1
48755,MI,1
48756,MI,1
48757,MI,1
48759,MI,1
48760,MI,1
48761,MI,1
48762,MI,1
48763,MI,1
48765,MI,1
48766,MI,1
48767,MI,1
48768,MI,1
48770,MI,1
48801,MI,1
48806,MI,1
48807,MI,1
48808,MI,1
48809,MI,1
48811,MI,1
48813,MI,1
48815,MI,1
48817,MI,1
48818,MI,1
48819,MI,1
48820,MI,1
48821,MI,1
48822,MI,1
48823,MI,1
48827,MI,1
48829,MI,1
48831,MI,1
48832,MI,1
48834,MI,1
48835,MI,1
48836,MI,1
48837,MI,1
48838,MI,1
48840,MI,1
48842,MI,1
48843,MI,1
48845,MI,1
48846,MI,1
48847,MI,1
48848,MI,1
48849,MI,1
48850,MI,1
48851,MI,1
48852,MI,0
48853,MI,1
48854,MI,1
48855,MI,1
48856,MI,1
48857,MI,1
48858,MI,1
48860,MI,1
48861,MI,1
48864,MI,1
48865,MI,1
48866,MI,1
48867,MI,1
48871,MI,0
48872,MI,1
48873,MI,0
48874,MI,0
48875,MI,1
48876,MI,1
48877,MI,1
48878,MI,1
48879,MI,1
48880,MI,1
48881,MI,1
48883,MI,1
48884,MI,1
48885,MI,0
48886,MI,1
48888,MI,1
48889,MI,0
48890,MI,1
48891,MI,1
48892,MI,1
48893,MI,1
48895,MI,1
48897,MI,1
48906,MI,1
48910,MI,1
48911,MI,1
48912,MI,1
48915,MI,1
48917,MI,1
48933,MI,1
48937,MI,0
49001,MI,1
49002,MI,1
49004,MI,1
49006,MI,1
49007,MI,1
49008,MI,1
49009,MI,1
49010,MI,1
49011,MI,1
49012,MI,1
49013,MI,1
49014,MI,1
49015,MI,1
49017,MI,1
49021,MI,1
49022,MI,1
49024,MI,1
49026,MI,1
49028,MI,1
49029,MI,1
49030,MI,1
49031,MI,1
49032,MI,1
49033,MI,1
49034,MI,1
49036,MI,1
49037,MI,1
49038,MI,1
49040,MI,1
49042,MI,1
49043,MI,1
49045,MI,1
49046,MI,1
49047,MI,1
49048,MI,1
49050,MI,1
49051,MI,1
49052,MI,0
49053,MI,1
49055,MI,1
49056,MI,1
49057,MI,1
49058,MI,1
49060,MI,1
49061,MI,1
49064,MI,1
49065,MI,1
49066,MI,0
49067,MI,1
49068,MI,1
49069,MI,0
49070,MI,1
49071,MI,1
49072,MI,1
49073,MI,1
49076,MI,1
49078,MI,1
49079,MI,1
49080,MI,1
49082,MI,1
49083,MI,1
49085,MI,1
49087,MI,1
49088,MI,1
49089,MI,1
49090,MI,1
49091,MI,1
49092,MI,1
49093,MI,1
49094,MI,1
49095,MI,1
49096,MI,1
49097,MI,1
49098,MI,1
49099,MI,1
49101,MI,1
49102,MI,0
49103,MI,1
49106,MI,1
49107,MI,1
49111,MI,1
49112,MI,1
49113,MI,1
49115,MI,1
49116,MI,1
49117,MI,1
49119,MI,0
49120,MI,1
49125,MI,1
49126,MI,1
49127,MI,1
49128,MI,1
49129,MI,1
49130,MI,1
49201,MI,1
49202,MI,1
49203,MI,1
49220,MI,1
49221,MI,1
49224,MI,1
49228,MI,1
49229,MI,1
49230,MI,1
49232,MI,1
49233,MI,1
49234,MI,1
49235,MI,1
49236,MI,1
49237,MI,1
49238,MI,1
49240,MI,1
49241,MI,1
49242,MI,1
49245,MI,1
49246,MI,1
49247,MI,1
49248,MI,1
49249,MI,1
49250,MI,1
49251,MI,1
49252,MI,1
49253,MI,1
49254,MI,1
49255,MI,1
49256,MI,1
49259,MI,1
49262,MI,1
49264,MI,1
49265,MI,1
49266,MI,1
49267,MI,1
49268,MI,1
49269,MI,1
49270,MI,1
49271,MI,1
49272,MI,1
49274,MI,1
49276,MI,1
49277,MI,1
49279,MI,1
49281,MI,1
49283,MI,1
49284,MI,1
49285,MI,1
49286,MI,1
49287,MI,1
49288,MI,1
49301,MI,1
49302,MI,1
49303,MI,1
49304,MI,1
49305,MI,1
49306,MI,1
49307,MI,1
49309,MI,1
49310,MI,1
49312,MI,0
49315,MI,1
49316,MI,1
49319,MI,1
49320,MI,0
49321,MI,1
49322,MI,1
49323,MI,1
49325,MI,1
49326,MI,1
49327,MI,1
49328,MI,1
49329,MI,1
49330,MI,1
49331,MI,1
49332,MI,1
49333,MI,1
49336,MI,1
49337,MI,1
49338,MI,1
49339,MI,1
49340,MI,1
49341,MI,1
49342,MI,1
49343,MI,1
49344,MI,1
49345,MI,1
49346,MI,1
49347,MI,1
49348,MI,1
49349,MI,1
49401,MI,1
49402,MI,1
49403,MI,0
49404,MI,1
49405,MI,1
49406,MI,1
49408,MI,1
49410,MI,1
49411,MI,1
49412,MI,1
49415,MI,1
49417,MI,1
49418,MI,1
49419,MI,1
49420,MI,1
49421,MI,1
49423,MI,1
49424,MI,1
49425,MI,0
49426,MI,1
49428,MI,1
49431,MI,1
49434,MI,1
49435,MI,1
49436,MI,1
49437,MI,1
49440,MI,1
49441,MI,1
49442,MI,1
49444,MI,1
49445,MI,1
49446,MI,1
49448,MI,1
49449,MI,1
49450,MI,1
49451,MI,1
49452,MI,1
49453,MI,1
49454,MI,1
49455,MI,1
49456,MI,1
49457,MI,1
49459,MI,1
49460,MI,1
49461,MI,1
49464,MI,1
49503,MI,1
49504,MI,1
49505,MI,1
49506,MI,1
49507,MI,1
49508,MI,1
49509,MI,1
49512,MI,1
49514,MI,0
49519,MI,1
49525,MI,1
49534,MI,1
49544,MI,1
49546,MI,1
49548,MI,1
49601,MI,1
49611,MI,0
49612,MI,0
49613,MI,1
49614,MI,1
49615,MI,1
49616,MI,1
49617,MI,1
49618,MI,1
49619,MI,1
49620,MI,1
49621,MI,1
49622,MI,1
49623,MI,1
49625,MI,1
49629,MI,1
49630,MI,1
49631,MI,1
49632,MI,1
49633,MI,1
49635,MI,1
49636,MI,1
49637,MI,1
49638,MI,1
49639,MI,1
49640,MI,1
49642,MI,1
49643,MI,1
49644,MI,1
49645,MI,1
49646,MI,1
49648,MI,1
49649,MI,1
49650,MI,1
49651,MI,1
49653,MI,1
49654,MI,1
49655,MI,1
49656,MI,1
49657,MI,1
49659,MI,1
49660,MI,1
49663,MI,1
49664,MI,1
49665,MI,1
49667,MI,1
49668,MI,1
49670,MI,1
49674,MI,0
49675,MI,1
49676,MI,1
49677,MI,1
49679,MI,1
49680,MI,0
49682,MI,1
49683,MI,1
49684,MI,1
49685,MI,1
49686,MI,1
49688,MI,1
49689,MI,1
49690,MI,1
49696,MI,1
49701,MI,1
49706,MI,1
49707,MI,1
49709,MI,1
49710,MI,0
49712,MI,1
49713,MI,1
49715,MI,1
49718,MI,1
49719,MI,1
49720,MI,1
49721,MI,1
49724,MI,1
49725,MI,1
49726,MI,0
49727,MI,1
49728,MI,0
49729,MI,1
49730,MI,1
49733,MI,1
49735,MI,1
49736,MI,0
49738,MI,1
49740,MI,1
49745,MI,1
49746,MI,1
49747,MI,0
49748,MI,1
49749,MI,1
49751,MI,1
49752,MI,0
49753,MI,1
49755,MI,1
49756,MI,1
49757,MI,0
49759,MI,1
49760,MI,1
49762,MI,0
49765,MI,1
49766,MI,1
49768,MI,1
49769,MI,1
49770,MI,1
49774,MI,0
49775,MI,0
49776,MI,1
49777,MI,1
49779,MI,1
49780,MI,1
49781,MI,1
49782,MI,1
49783,MI,1
49788,MI,1
49793,MI,1
49795,MI,1
49799,MI,1
49801,MI,1
49802,MI,1
49805,MI,0
49806,MI,1
49807,MI,1
49808,MI,0
49812,MI,1
49814,MI,1
49815,MI,1
49816,MI,1
49818,MI,1
49820,MI,0
49821,MI,1
49822,MI,0
49826,MI,1
49827,MI,1
49829,MI,1
49831,MI,0
49833,MI,0
49834,MI,1
49835,MI,1
49836,MI,1
49837,MI,1
49838,MI,1
49839,MI,1
49840,MI,1
49841,MI,1
49847,MI,1
49849,MI,1
49853,MI,1
49854,MI,1
49855,MI,1
49858,MI,1
49861,MI,1
49862,MI,1
49866,MI,1
49868,MI,1
49870,MI,1
49871,MI,0
49873,MI,0
49874,MI,1
49876,MI,0
49877,MI,0
49878,MI,1
49879,MI,1
49880,MI,1
49881,MI,0
49883,MI,1
49884,MI,0
49885,MI,1
49886,MI,0
49887,MI,1
49891,MI,0
49892,MI,0
49893,MI,1
49894,MI,1
49895,MI,1
49901,MI,0
49902,MI,0
49903,MI,0
49905,MI,1
49908,MI,1
49910,MI,1
49911,MI,1
49912,MI,0
49913,MI,1
49915,MI,0
49916,MI,1
49918,MI,0
49919,MI,0
49920,MI,1
49921,MI,0
49925,MI,1
49927,MI,0
49930,MI,1
49931,MI,1
49934,MI,1
49935,MI,1
49938,MI,1
49945,MI,0
49946,MI,1
49947,MI,1
49948,MI,1
49950,MI,0
49953,MI,1
49958,MI,1
49959,MI,0
49962,MI,1
49963,MI,1
49965,MI,0
49967,MI,1
49968,MI,1
49969,MI,1
49971,MI,0
50002,IA,1
50003,IA,1
50006,IA,1
50009,IA,1
50010,IA,1
50014,IA,1
50020,IA,1
50021,IA,1
50022,IA,1
50023,IA,1
50025,IA,1
50026,IA,0
50027,IA,1
50028,IA,1
50029,IA,0
50034,IA,1
50035,IA,1
50036,IA,1
50039,IA,0
50046,IA,1
50047,IA,1
50048,IA,1
50049,IA,1
50050,IA,1
50054,IA,1
50055,IA,1
50056,IA,1
50058,IA,1
50060,IA,1
50061,IA,1
50062,IA,1
50063,IA,1
50067,IA,0
50068,IA,0
50069,IA,1
50070,IA,1
50071,IA,1
50072,IA,1
50073,IA,1
50074,IA,1
50075,IA,1
50076,IA,0
50103,IA,0
50105,IA,1
50106,IA,1
50107,IA,0
50109,IA,1
50111,IA,1
50112,IA,1
50115,IA,1
50117,IA,0
50118,IA,1
50119,IA,0
50122,IA,1
50123,IA,0
50124,IA,1
50125,IA,1
50126,IA,1
50129,IA,1
50130,IA,1
50131,IA,1
50134,IA,1
50135,IA,1
50136,IA,1
50138,IA,1
50139,IA,1
50141,IA,1
50143,IA,1
50144,IA,1
50146,IA,0
50147,IA,0
50149,IA,1
50152,IA,0
50153,IA,0
50154,IA,0
50155,IA,0
50156,IA,1
50158,IA,1
50161,IA,1
50162,IA,1
50163,IA,1
50164,IA,0
50166,IA,1
50167,IA,0
50168,IA,1
50169,IA,1
50170,IA,1
50171,IA,1
50174,IA,0
50201,IA,1
50207,IA,1
50208,IA,1
50210,IA,1
50211,IA,1
50212,IA,1
50213,IA,1
50216,IA,1
50217,IA,0
50219,IA,1
50220,IA,1
50223,IA,0
50225,IA,1
50226,IA,1
50228,IA,1
50229,IA,0
50230,IA,1
50232,IA,1
50233,IA,0
50235,IA,1
50236,IA,1
50237,IA,1
50238,IA,0
50240,IA,0
50242,IA,1
50243,IA,0
50244,IA,1
50246,IA,0
50247,IA,1
50248,IA,1
50249,IA,1
50250,IA,1
50251,IA,1
50256,IA,0
50257,IA,1
50258,IA,1
50261,IA,1
50262,IA,0
50263,IA,1
50265,IA,1
50266,IA,1
50268,IA,1
50273,IA,1
50275,IA,0
50276,IA,1
50278,IA,1
50307,IA,1
50309,IA,1
50310,IA,1
50311,IA,1
50312,IA,1
50313,IA,1
50314,IA,1
50315,IA,1
50316,IA,1
50317,IA,1
50320,IA,1
50321,IA,1
50322,IA,1
50323,IA,1
50324,IA,1
50325,IA,1
50327,IA,1
50395,IA,1
50401,IA,1
50420,IA,0
50421,IA,1
50423,IA,1
50424,IA,1
50428,IA,1
50431,IA,0
50434,IA,1
50436,IA,1
50438,IA,1
50440,IA,0
50441,IA,1
50446,IA,0
50447,IA,1
50448,IA,0
50449,IA,1
50450,IA,1
50452,IA,0
50456,IA,1
50457,IA,0
50458,IA,1
50459,IA,1
50461,IA,1
50466,IA,1
50468,IA,1
50469,IA,1
50471,IA,1
50472,IA,1
50475,IA,1
50476,IA,0
50478,IA,1
50479,IA,1
50480,IA,1
50482,IA,1
50483,IA,1
50484,IA,0
50501,IA,1
50510,IA,0
50511,IA,1
50514,IA,1
50517,IA,1
50519,IA,1
50522,IA,0
50525,IA,1
50529,IA,0
50531,IA,0
50533,IA,1
50536,IA,1
50540,IA,0
50542,IA,1
50543,IA,0
50548,IA,1
50554,IA,1
50556,IA,1
50558,IA,1
50559,IA,1
50562,IA,0
50563,IA,0
50568,IA,1
50574,IA,1
50576,IA,0
50577,IA,0
50581,IA,1
50583,IA,1
50585,IA,1
50588,IA,1
50590,IA,1
50594,IA,1
50595,IA,1
50597,IA,0
50598,IA,1
50601,IA,1
50602,IA,1
50603,IA,0
50604,IA,1
50606,IA,1
50611,IA,0
50613,IA,1
50616,IA,1
50619,IA,0
50621,IA,1
50622,IA,1
50624,IA,1
50625,IA,0
50626,IA,1
50627,IA,1
50629,IA,1
50630,IA,1
50632,IA,1
50633,IA,0
50634,IA,1
50635,IA,1
50636,IA,1
50638,IA,1
50641,IA,1
50642,IA,0
50643,IA,1
50644,IA,1
50647,IA,1
50648,IA,1
50650,IA,0
50651,IA,1
50653,IA,1
50655,IA,1
50658,IA,1
50659,IA,1
50660,IA,1
50662,IA,1
50665,IA,1
50666,IA,1
50667,IA,1
50668,IA,1
50669,IA,1
50670,IA,1
50672,IA,0
50674,IA,1
50675,IA,1
50676,IA,1
50677,IA,1
50680,IA,1
50682,IA,1
50701,IA,1
50702,IA,1
50703,IA,1
50707,IA,1
50801,IA,1
50830,IA,1
50833,IA,1
50841,IA,1
50842,IA,0
50846,IA,1
50849,IA,1
50851,IA,0
50854,IA,1
50860,IA,0
50861,IA,0
50864,IA,0
51001,IA,1
51002,IA,1
51003,IA,1
51004,IA,0
51006,IA,1
51007,IA,1
51012,IA,1
51016,IA,0
51022,IA,1
51023,IA,1
51024,IA,1
51025,IA,1
51026,IA,1
51027,IA,1
51028,IA,1
51030,IA,1
51031,IA,1
51033,IA,1
51034,IA,1
51035,IA,1
51036,IA,0
51037,IA,1
51038,IA,1
51039,IA,1
51040,IA,1
51041,IA,1
51046,IA,1
51047,IA,0
51048,IA,0
51049,IA,0
51050,IA,1
51052,IA,1
51053,IA,1
51054,IA,1
51055,IA,1
51060,IA,0
51061,IA,0
51062,IA,1
51063,IA,1
51101,IA,1
51103,IA,1
51104,IA,1
51105,IA,1
51106,IA,1
51108,IA,1
51109,IA,1
51201,IA,1
51231,IA,1
51232,IA,0
51237,IA,1
51238,IA,0
51239,IA,1
51240,IA,1
51241,IA,1
51245,IA,1
51246,IA,1
51247,IA,0
51248,IA,1
51249,IA,1
51250,IA,1
51301,IA,1
51331,IA,1
51334,IA,1
51338,IA,1
51341,IA,0
51342,IA,1
51346,IA,1
51347,IA,1
51350,IA,0
51351,IA,1
51354,IA,0
51355,IA,1
51357,IA,0
51358,IA,1
51360,IA,1
51364,IA,1
51365,IA,0
51366,IA,0
51401,IA,1
51431,IA,0
51436,IA,1
51439,IA,0
51442,IA,1
51443,IA,1
51445,IA,1
51448,IA,0
51449,IA,0
51450,IA,1
51451,IA,0
51454,IA,1
51455,IA,1
51461,IA,1
51462,IA,0
51463,IA,0
51466,IA,1
51501,IA,1
51503,IA,1
51510,IA,1
51521,IA,1
51525,IA,1
51526,IA,0
51529,IA,1
51530,IA,0
51531,IA,1
51532,IA,1
51533,IA,0
51534,IA,1
51535,IA,1
51537,IA,1
51540,IA,0
51542,IA,1
51543,IA,0
51544,IA,0
51546,IA,1
51548,IA,0
51549,IA,0
51551,IA,1
51553,IA,1
51554,IA,0
51555,IA,1
51557,IA,1
51558,IA,0
51559,IA,1
51560,IA,1
51561,IA,1
51562,IA,0
51563,IA,1
51564,IA,1
51566,IA,1
51570,IA,1
51571,IA,1
51573,IA,0
51575,IA,0
51576,IA,1
51577,IA,1
51579,IA,1
51601,IA,1
51631,IA,0
51632,IA,1
51637,IA,0
51638,IA,1
51639,IA,1
51640,IA,1
51651,IA,0
51652,IA,1
51653,IA,1
52001,IA,1
52002,IA,1
52003,IA,1
52030,IA,0
52031,IA,1
52032,IA,1
52033,IA,1
52035,IA,1
52037,IA,1
52039,IA,1
52040,IA,1
52041,IA,0
52042,IA,1
52043,IA,1
52045,IA,1
52046,IA,0
52049,IA,1
52050,IA,1
52052,IA,1
52053,IA,1
52054,IA,0
52056,IA,0
52057,IA,1
52060,IA,1
52064,IA,1
52065,IA,0
52066,IA,0
52068,IA,1
52069,IA,1
52070,IA,1
52072,IA,0
52073,IA,1
52076,IA,1
52078,IA,0
52079,IA,0
52101,IA,1
52132,IA,1
52133,IA,0
52134,IA,0
52135,IA,0
52136,IA,1
52141,IA,1
52142,IA,1
52144,IA,1
52146,IA,1
52151,IA,1
52154,IA,0
52155,IA,1
52157,IA,1
52158,IA,0
52159,IA,1
52160,IA,1
52161,IA,1
52162,IA,1
52163,IA,0
52166,IA,0
52170,IA,0
52172,IA,1
52175,IA,1
52201,IA,1
52202,IA,1
52203,IA,1
52205,IA,1
52206,IA,1
52208,IA,1
52209,IA,1
52210,IA,1
52211,IA,1
52213,IA,1
52214,IA,1
52216,IA,1
52218,IA,1
52219,IA,1
52220,IA,0
52222,IA,0
52223,IA,1
52224,IA,1
52225,IA,0
52227,IA,1
52228,IA,1
52229,IA,1
52233,IA,1
52235,IA,1
52236,IA,0
52237,IA,1
52240,IA,1
52241,IA,1
52245,IA,1
52246,IA,1
52247,IA,1
52248,IA,1
52249,IA,1
52253,IA,1
52255,IA,1
52301,IA,1
52302,IA,1
52305,IA,1
52306,IA,1
52310,IA,1
52312,IA,0
52313,IA,1
52314,IA,1
52315,IA,1
52316,IA,1
52317,IA,1
52318,IA,0
52320,IA,0
52322,IA,1
52323,IA,1
52324,IA,1
52325,IA,0
52326,IA,1
52327,IA,1
52328,IA,1
52330,IA,1
52332,IA,1
52333,IA,1
52334,IA,0
52336,IA,1
52337,IA,0
52338,IA,1
52339,IA,1
52340,IA,1
52341,IA,0
52342,IA,1
52345,IA,1
52346,IA,1
52347,IA,1
52349,IA,1
52351,IA,0
52352,IA,1
52353,IA,1
52356,IA,1
52358,IA,1
52361,IA,1
52362,IA,0
52401,IA,1
52402,IA,1
52403,IA,1
52404,IA,1
52405,IA,1
52411,IA,1
52501,IA,1
52530,IA,0
52531,IA,1
52533,IA,1
52534,IA,0
52535,IA,1
52536,IA,0
52537,IA,1
52540,IA,1
52542,IA,0
52544,IA,1
52549,IA,1
52550,IA,0
52551,IA,0
52552,IA,0
52553,IA,1
52554,IA,1
52555,IA,0
52556,IA,1
52561,IA,1
52563,IA,1
52565,IA,1
52569,IA,0
52571,IA,1
52572,IA,1
52574,IA,1
52576,IA,0
52577,IA,1
52581,IA,0
52584,IA,0
52585,IA,0
52586,IA,1
52590,IA,1
52591,IA,1
52594,IA,0
52595,IA,1
52601,IA,1
52620,IA,1
52621,IA,0
52623,IA,1
52625,IA,1
52626,IA,0
52627,IA,1
52630,IA,0
52632,IA,1
52637,IA,1
52638,IA,1
52639,IA,1
52640,IA,0
52641,IA,1
52644,IA,1
52645,IA,1
52647,IA,0
52653,IA,1
52654,IA,1
52655,IA,1
52656,IA,1
52658,IA,1
52659,IA,1
52720,IA,1
52721,IA,1
52722,IA,1
52726,IA,1
52727,IA,0
52728,IA,1
52729,IA,0
52730,IA,1
52731,IA,0
52732,IA,1
52738,IA,1
52742,IA,1
52745,IA,0
52746,IA,0
52747,IA,1
52748,IA,1
52749,IA,1
52753,IA,1
52754,IA,1
52755,IA,1
52756,IA,1
52759,IA,0
52760,IA,0
52761,IA,1
52766,IA,0
52768,IA,1
52772,IA,1
52773,IA,1
52776,IA,1
52777,IA,0
52778,IA,1
52802,IA,1
52803,IA,1
52804,IA,1
52806,IA,1
52807,IA,1
53001,WI,1
53002,WI,1
53004,WI,1
53005,WI,1
53006,WI,1
53007,WI,1
53010,WI,1
53011,WI,1
53012,WI,1
53013,WI,1
53014,WI,1
53015,WI,1
53016,WI,0
53017,WI,1
53018,WI,1
53019,WI,1
53020,WI,1
53021,WI,1
53022,WI,1
53023,WI,1
53024,WI,1
53027,WI,1
53029,WI,1
53031,WI,0
53032,WI,1
53033,WI,1
53034,WI,1
53035,WI,1
53036,WI,1
53037,WI,1
53038,WI,1
53039,WI,1
53040,WI,1
53042,WI,1
53044,WI,1
53045,WI,1
53046,WI,1
53048,WI,1
53049,WI,1
53050,WI,1
53051,WI,1
53057,WI,1
53058,WI,1
53059,WI,1
53061,WI,1
53063,WI,0
53065,WI,1
53066,WI,1
53069,WI,1
53070,WI,1
53072,WI,1
53073,WI,1
53074,WI,1
53075,WI,1
53076,WI,1
53078,WI,0
53079,WI,1
53080,WI,1
53081,WI,1
53083,WI,1
53085,WI,1
53086,WI,1
53089,WI,1
53090,WI,1
53091,WI,1
53092,WI,1
53093,WI,1
53094,WI,1
53095,WI,1
53097,WI,1
53098,WI,1
53103,WI,1
53104,WI,1
53105,WI,1
53108,WI,1
53110,WI,1
53114,WI,1
53115,WI,1
53118,WI,1
53119,WI,1
53120,WI,1
53121,WI,1
53122,WI,1
53125,WI,1
53126,WI,1
53128,WI,1
53129,WI,1
53130,WI,1
53132,WI,1
53137,WI,1
53139,WI,1
53140,WI,1
53142,WI,1
53143,WI,1
53144,WI,1
53146,WI,1
53147,WI,1
53149,WI,1
53150,WI,1
53151,WI,1
53153,WI,1
53154,WI,1
53156,WI,1
53157,WI,0
53158,WI,1
53168,WI,1
53170,WI,1
53172,WI,1
53177,WI,1
53178,WI,1
53179,WI,1
53181,WI,1
53182,WI,1
53183,WI,1
53184,WI,1
53185,WI,1
53186,WI,1
53188,WI,1
53189,WI,1
53190,WI,1
53191,WI,1
53202,WI,1
53203,WI,1
53204,WI,1
53205,WI,1
53206,WI,1
53207,WI,1
53208,WI,1
53209,WI,1
53210,WI,1
53211,WI,1
53212,WI,1
53213,WI,1
53214,WI,1
53215,WI,1
53216,WI,1
53217,WI,1
53218,WI,1
53219,WI,1
53220,WI,1
53221,WI,1
53222,WI,1
53223,WI,1
53224,WI,1
53225,WI,1
53226,WI,1
53227,WI,1
53228,WI,1
53235,WI,1
53402,WI,1
53403,WI,1
53404,WI,1
53405,WI,1
53406,WI,1
53407,WI,1
53502,WI,1
53503,WI,1
53504,WI,1
53506,WI,1
53507,WI,1
53508,WI,1
53510,WI,1
53511,WI,1
53515,WI,1
53516,WI,1
53517,WI,1
53518,WI,1
53520,WI,1
53521,WI,1
53522,WI,0
53523,WI,1
53525,WI,1
53526,WI,0
53527,WI,1
53528,WI,1
53529,WI,1
53530,WI,1
53531,WI,1
53532,WI,1
53533,WI,1
53534,WI,1
53536,WI,1
53537,WI,1
53538,WI,1
53543,WI,1
53544,WI,1
53545,WI,1
53546,WI,1
53548,WI,1
53549,WI,1
53550,WI,0
53551,WI,1
53554,WI,1
53555,WI,1
53556,WI,1
53557,WI,0
53558,WI,1
53559,WI,1
53560,WI,1
53561,WI,1
53562,WI,1
53563,WI,1
53565,WI,1
53566,WI,1
53569,WI,1
53570,WI,1
53572,WI,1
53573,WI,1
53574,WI,1
53575,WI,1
53576,WI,1
53577,WI,1
53578,WI,1
53579,WI,1
53581,WI,1
53582,WI,1
53583,WI,1
53585,WI,1
53586,WI,1
53587,WI,1
53588,WI,1
53589,WI,1
53590,WI,1
53593,WI,1
53594,WI,1
53597,WI,1
53598,WI,1
53703,WI,1
53704,WI,1
53705,WI,1
53711,WI,1
53713,WI,1
53714,WI,1
53715,WI,1
53716,WI,1
53717,WI,1
53718,WI,1
53719,WI,1
53726,WI,1
53801,WI,1
53803,WI,1
53804,WI,1
53805,WI,1
53806,WI,1
53807,WI,1
53808,WI,1
53809,WI,1
53811,WI,1
53812,WI,0
53813,WI,1
53816,WI,1
53817,WI,0
53818,WI,1
53820,WI,1
53821,WI,1
53826,WI,1
53901,WI,1
53910,WI,1
53911,WI,1
53913,WI,1
53916,WI,1
53919,WI,1
53920,WI,1
53922,WI,1
53923,WI,1
53924,WI,1
53925,WI,1
53926,WI,1
53929,WI,1
53930,WI,1
53931,WI,0
53932,WI,1
53933,WI,1
53934,WI,1
53935,WI,1
53936,WI,1
53937,WI,1
53941,WI,1
53943,WI,1
53944,WI,1
53946,WI,1
53947,WI,0
53948,WI,1
53949,WI,1
53950,WI,1
53951,WI,1
53952,WI,1
53954,WI,1
53955,WI,1
53956,WI,1
53959,WI,1
53960,WI,1
53961,WI,0
53963,WI,1
53964,WI,1
53965,WI,1
53968,WI,1
53969,WI,0
54001,WI,1
54002,WI,1
54003,WI,1
54004,WI,1
54005,WI,1
54006,WI,1
54007,WI,1
54009,WI,1
54011,WI,1
54013,WI,1
54014,WI,1
54015,WI,1
54016,WI,1
54017,WI,1
54020,WI,1
54021,WI,1
54022,WI,1
54023,WI,1
54024,WI,1
54025,WI,1
54026,WI,1
54027,WI,1
54028,WI,1
54082,WI,1
54101,WI,1
54102,WI,1
54103,WI,0
54104,WI,1
54106,WI,1
54107,WI,1
54110,WI,1
54111,WI,1
54112,WI,1
54113,WI,1
54114,WI,1
54115,WI,1
54119,WI,1
54120,WI,0
54121,WI,1
54124,WI,1
54125,WI,0
54126,WI,1
54128,WI,1
54129,WI,1
54130,WI,1
54135,WI,1
54136,WI,1
54137,WI,1
54138,WI,1
54139,WI,1
54140,WI,1
54141,WI,1
54143,WI,1
54149,WI,1
54151,WI,1
54153,WI,1
54154,WI,1
54155,WI,1
54156,WI,1
54157,WI,1
54159,WI,1
54161,WI,1
54162,WI,1
54165,WI,1
54166,WI,1
54169,WI,1
54170,WI,1
54171,WI,1
54173,WI,1
54174,WI,1
54175,WI,1
54177,WI,1
54180,WI,1
54201,WI,1
54202,WI,1
54204,WI,1
54205,WI,1
54208,WI,1
54209,WI,1
54210,WI,1
54212,WI,1
54213,WI,1
54216,WI,1
54217,WI,1
54220,WI,1
54227,WI,1
54228,WI,1
54229,WI,1
54230,WI,1
54232,WI,0
54234,WI,1
54235,WI,1
54241,WI,1
54245,WI,1
54246,WI,1
54247,WI,1
54301,WI,1
54302,WI,1
54303,WI,1
54304,WI,1
54307,WI,1
54311,WI,1
54313,WI,1
54344,WI,0
54401,WI,1
54403,WI,1
54404,WI,0
54405,WI,1
54406,WI,1
54408,WI,1
54409,WI,1
54410,WI,1
54411,WI,1
54412,WI,1
54414,WI,1
54416,WI,1
54418,WI,1
54420,WI,0
54421,WI,1
54423,WI,1
54424,WI,1
54425,WI,1
54426,WI,1
54427,WI,1
54428,WI,1
54433,WI,1
54435,WI,1
54436,WI,1
54437,WI,1
54440,WI,1
54441,WI,0
54442,WI,1
54443,WI,1
54446,WI,1
54447,WI,1
54448,WI,1
54449,WI,1
54450,WI,0
54451,WI,1
54452,WI,1
54455,WI,1
54456,WI,1
54457,WI,1
54458,WI,0
54459,WI,1
54460,WI,1
54462,WI,1
54463,WI,1
54465,WI,1
54466,WI,1
54467,WI,1
54469,WI,1
54470,WI,1
54471,WI,1
54472,WI,1
54473,WI,1
54474,WI,1
54475,WI,1
54476,WI,1
54479,WI,1
54480,WI,1
54481,WI,1
54482,WI,1
54484,WI,1
54485,WI,1
54486,WI,1
54487,WI,1
54488,WI,1
54489,WI,1
54490,WI,1
54491,WI,1
54493,WI,1
54494,WI,1
54495,WI,1
54498,WI,1
54499,WI,1
54501,WI,1
54511,WI,1
54512,WI,1
54514,WI,1
54515,WI,0
54519,WI,1
54520,WI,1
54521,WI,1
54524,WI,1
54526,WI,1
54527,WI,1
54529,WI,1
54530,WI,1
54531,WI,1
54534,WI,1
54537,WI,0
54538,WI,1
54539,WI,1
54540,WI,1
54541,WI,0
54542,WI,1
54545,WI,1
54546,WI,0
54547,WI,1
54548,WI,1
54550,WI,0
54552,WI,1
54554,WI,1
54555,WI,1
54556,WI,1
54557,WI,1
54558,WI,1
54559,WI,1
54560,WI,1
54561,WI,0
54562,WI,1
54564,WI,1
54565,WI,1
54566,WI,1
54568,WI,1
54601,WI,1
54603,WI,1
54610,WI,1
54611,WI,1
54612,WI,1
54613,WI,1
54614,WI,1
54615,WI,1
54616,WI,1
54618,WI,1
54619,WI,1
54621,WI,0
54622,WI,1
54623,WI,0
54624,WI,1
54626,WI,1
54627,WI,1
54628,WI,1
54629,WI,1
54630,WI,1
54631,WI,1
54632,WI,0
54634,WI,1
54635,WI,1
54636,WI,1
54638,WI,1
54639,WI,1
54642,WI,1
54644,WI,1
54646,WI,1
54648,WI,0
54650,WI,1
54651,WI,1
54652,WI,1
54653,WI,1
54655,WI,1
54656,WI,1
54657,WI,1
54658,WI,1
54659,WI,0
54660,WI,1
54661,WI,1
54664,WI,1
54665,WI,1
54666,WI,1
54667,WI,1
54669,WI,1
54670,WI,1
54701,WI,1
54703,WI,1
54720,WI,1
54721,WI,0
54722,WI,1
54723,WI,1
54724,WI,1
54725,WI,1
54726,WI,1
54727,WI,1
54728,WI,1
54729,WI,1
54730,WI,1
54732,WI,1
54733,WI,1
54734,WI,0
54736,WI,1
54737,WI,1
54738,WI,1
54739,WI,1
54740,WI,1
54741,WI,1
54742,WI,1
54745,WI,1
54746,WI,0
54747,WI,1
54748,WI,1
54749,WI,0
54750,WI,0
54751,WI,1
54754,WI,1
54755,WI,1
54756,WI,1
54757,WI,1
54758,WI,1
54759,WI,1
54761,WI,1
54762,WI,1
54763,WI,1
54766,WI,1
54767,WI,1
54768,WI,1
54769,WI,1
54770,WI,1
54771,WI,1
54773,WI,1
54801,WI,1
54805,WI,1
54806,WI,1
54810,WI,1
54812,WI,1
54813,WI,0
54814,WI,1
54817,WI,1
54819,WI,1
54820,WI,1
54821,WI,1
54822,WI,1
54824,WI,1
54826,WI,1
54827,WI,0
54828,WI,1
54829,WI,1
54830,WI,1
54835,WI,1
54836,WI,1
54837,WI,1
54838,WI,1
54839,WI,1
54840,WI,1
54843,WI,1
54844,WI,1
54846,WI,1
54847,WI,1
54848,WI,1
54849,WI,1
54850,WI,1
54853,WI,1
54854,WI,1
54855,WI,0
54856,WI,1
54858,WI,1
54859,WI,1
54864,WI,1
54865,WI,1
54867,WI,0
54868,WI,1
54870,WI,1
54871,WI,1
54872,WI,1
54873,WI,1
54874,WI,1
54875,WI,1
54876,WI,1
54880,WI,1
54888,WI,1
54889,WI,1
54891,WI,1
54893,WI,1
54895,WI,1
54896,WI,1
54901,WI,1
54902,WI,1
54904,WI,1
54909,WI,1
54911,WI,1
54913,WI,1
54914,WI,1
54915,WI,1
54921,WI,0
54922,WI,1
54923,WI,1
54929,WI,1
54930,WI,1
54932,WI,1
54934,WI,0
54935,WI,1
54937,WI,1
54940,WI,1
54941,WI,1
54942,WI,1
54943,WI,1
54944,WI,1
54945,WI,1
54947,WI,1
54949,WI,1
54950,WI,1
54952,WI,1
54956,WI,1
54960,WI,1
54961,WI,1
54962,WI,0
54963,WI,1
54964,WI,0
54965,WI,1
54966,WI,1
54968,WI,1
54970,WI,1
54971,WI,1
54974,WI,1
54977,WI,1
54979,WI,1
54981,WI,1
54982,WI,1
54983,WI,1
54984,WI,1
54986,WI,1
54990,WI,0
55001,MN,1
55003,MN,1
55005,MN,1
55006,MN,1
55007,MN,1
55008,MN,1
55009,MN,1
55011,MN,1
55012,MN,1
55013,MN,1
55014,MN,1
55016,MN,1
55017,MN,0
55019,MN,1
55020,MN,1
55021,MN,1
55024,MN,1
55025,MN,1
55027,MN,1
55030,MN,1
55031,MN,1
55032,MN,1
55033,MN,1
55037,MN,1
55038,MN,1
55040,MN,1
55041,MN,1
55042,MN,1
55043,MN,1
55044,MN,1
55045,MN,1
55046,MN,1
55047,MN,1
55049,MN,1
55051,MN,1
55052,MN,1
55053,MN,1
55054,MN,1
55055,MN,1
55056,MN,1
55057,MN,1
55060,MN,1
55063,MN,1
55065,MN,1
55066,MN,1
55068,MN,1
55069,MN,1
55070,MN,1
55071,MN,1
55072,MN,1
55073,MN,1
55074,MN,1
55075,MN,1
55076,MN,1
55077,MN,1
55079,MN,1
55080,MN,1
55082,MN,1
55084,MN,1
55087,MN,0
55088,MN,1
55089,MN,1
55090,MN,1
55092,MN,1
55101,MN,1
55102,MN,1
55103,MN,1
55104,MN,1
55105,MN,1
55106,MN,1
55107,MN,1
55108,MN,1
55109,MN,1
55110,MN,1
55112,MN,1
55113,MN,1
55114,MN,1
55115,MN,1
55116,MN,1
55117,MN,1
55118,MN,1
55119,MN,1
55120,MN,1
55121,MN,1
55122,MN,1
55123,MN,1
55124,MN,1
55125,MN,1
55126,MN,1
55127,MN,1
55128,MN,1
55129,MN,1
55130,MN,1
55175,MN,0
55301,MN,1
55302,MN,1
55303,MN,1
55304,MN,1
55305,MN,1
55306,MN,1
55307,MN,1
55308,MN,1
55309,MN,1
55310,MN,1
55311,MN,1
55312,MN,1
55313,MN,1
55314,MN,1
55315,MN,1
55316,MN,1
55317,MN,1
55318,MN,1
55319,MN,1
55320,MN,1
55321,MN,1
55322,MN,1
55324,MN,1
55325,MN,1
55327,MN,1
55328,MN,1
55329,MN,1
55330,MN,1
55331,MN,1
55332,MN,1
55334,MN,1
55335,MN,1
55336,MN,1
55337,MN,1
55338,MN,1
55339,MN,1
55340,MN,1
55341,MN,1
55342,MN,1
55343,MN,1
55344,MN,1
55345,MN,1
55346,MN,1
55347,MN,1
55349,MN,1
55350,MN,1
55352,MN,1
55353,MN,1
55354,MN,1
55355,MN,1
55356,MN,1
55357,MN,1
55358,MN,1
55359,MN,1
55360,MN,1
55362,MN,1
55363,MN,1
55364,MN,1
55366,MN,0
55367,MN,1
55368,MN,1
55369,MN,1
55371,MN,1
55372,MN,1
55373,MN,1
55374,MN,1
55375,MN,1
55376,MN,1
55378,MN,1
55379,MN,1
55381,MN,1
55382,MN,1
55384,MN,1
55385,MN,1
55386,MN,1
55387,MN,1
55388,MN,1
55389,MN,1
55390,MN,1
55391,MN,1
55395,MN,1
55396,MN,1
55397,MN,1
55398,MN,1
55401,MN,1
55403,MN,1
55404,MN,1
55405,MN,1
55406,MN,1
55407,MN,1
55408,MN,1
55409,MN,1
55410,MN,1
55411,MN,1
55412,MN,1
55413,MN,1
55414,MN,1
55415,MN,1
55416,MN,1
55417,MN,1
55418,MN,1
55419,MN,1
55420,MN,1
55421,MN,1
55422,MN,1
55423,MN,1
55424,MN,1
55425,MN,1
55426,MN,1
55427,MN,1
55428,MN,1
55429,MN,1
55430,MN,1
55431,MN,1
55432,MN,1
55433,MN,1
55434,MN,1
55435,MN,1
55436,MN,1
55437,MN,1
55438,MN,1
55439,MN,1
55441,MN,1
55442,MN,1
55443,MN,1
55444,MN,1
55445,MN,1
55446,MN,1
55447,MN,1
55448,MN,1
55449,MN,1
55454,MN,1
55602,MN,0
55603,MN,1
55604,MN,1
55606,MN,0
55607,MN,0
55612,MN,1
55614,MN,1
55615,MN,1
55616,MN,1
55701,MN,0
55703,MN,0
55704,MN,1
55705,MN,1
55706,MN,1
55707,MN,1
55708,MN,1
55709,MN,1
55710,MN,1
55712,MN,1
55713,MN,0
55716,MN,0
55718,MN,1
55719,MN,1
55720,MN,1
55721,MN,1
55722,MN,1
55723,MN,1
55724,MN,0
55725,MN,0
55726,MN,1
55731,MN,1
55732,MN,1
55733,MN,1
55734,MN,1
55735,MN,1
55736,MN,1
55738,MN,1
55741,MN,1
55744,MN,1
55746,MN,1
55748,MN,1
55749,MN,0
55750,MN,1
55751,MN,1
55752,MN,0
55756,MN,0
55757,MN,1
55760,MN,1
55763,MN,1
55764,MN,0
55765,MN,0
55767,MN,1
55768,MN,1
55769,MN,1
55771,MN,1
55775,MN,1
55779,MN,1
55781,MN,1
55782,MN,1
55783,MN,1
55785,MN,1
55787,MN,1
55790,MN,1
55792,MN,1
55793,MN,0
55795,MN,1
55797,MN,1
55798,MN,1
55802,MN,1
55803,MN,1
55804,MN,1
55805,MN,1
55806,MN,1
55807,MN,1
55808,MN,1
55810,MN,1
55811,MN,1
55812,MN,1
55901,MN,1
55902,MN,1
55904,MN,1
55906,MN,1
55909,MN,1
55910,MN,1
55912,MN,1
55917,MN,1
55918,MN,1
55919,MN,1
55920,MN,1
55921,MN,1
55922,MN,1
55923,MN,1
55924,MN,1
55925,MN,0
55926,MN,1
55927,MN,1
55929,MN,1
55932,MN,1
55933,MN,0
55934,MN,1
55935,MN,0
55936,MN,1
55939,MN,1
55940,MN,1
55941,MN,0
55943,MN,1
55944,MN,1
55945,MN,0
55946,MN,1
55947,MN,1
55949,MN,1
55951,MN,0
55952,MN,1
55953,MN,1
55954,MN,1
55955,MN,1
55956,MN,1
55959,MN,1
55960,MN,1
55962,MN,1
55963,MN,1
55964,MN,1
55965,MN,1
55967,MN,1
55969,MN,0
55970,MN,0
55971,MN,1
55972,MN,1
55974,MN,0
55975,MN,1
55976,MN,1
55979,MN,0
55981,MN,1
55983,MN,1
55985,MN,1
55987,MN,1
55990,MN,1
55991,MN,1
55992,MN,1
56001,MN,1
56003,MN,1
56007,MN,1
56009,MN,1
56010,MN,0
56011,MN,1
56013,MN,1
56014,MN,1
56016,MN,1
56017,MN,1
56021,MN,0
56022,MN,0
56024,MN,1
56025,MN,0
56026,MN,1
56027,MN,1
56028,MN,1
56029,MN,1
56031,MN,1
56032,MN,0
56033,MN,1
56036,MN,1
56037,MN,1
56039,MN,0
56041,MN,0
56042,MN,0
56043,MN,0
56044,MN,1
56045,MN,1
56046,MN,0
56048,MN,1
56050,MN,1
56051,MN,1
56052,MN,1
56054,MN,1
56055,MN,1
56057,MN,1
56058,MN,1
56060,MN,1
56062,MN,1
56063,MN,1
56065,MN,1
56068,MN,1
56069,MN,1
56071,MN,1
56072,MN,1
56073,MN,1
56074,MN,1
56078,MN,1
56080,MN,0
56081,MN,1
56082,MN,1
56083,MN,1
56085,MN,1
56087,MN,1
56088,MN,1
56090,MN,0
56091,MN,0
56093,MN,1
56096,MN,1
56097,MN,1
56098,MN,1
56101,MN,1
56110,MN,1
56115,MN,1
56116,MN,1
56117,MN,0
56119,MN,1
56120,MN,1
56121,MN,0
56128,MN,1
56129,MN,0
56131,MN,1
56132,MN,1
56134,MN,1
56136,MN,1
56137,MN,1
56138,MN,1
56141,MN,0
56143,MN,1
56144,MN,1
56145,MN,0
56147,MN,0
56149,MN,1
56150,MN,1
56151,MN,1
56152,MN,1
56155,MN,0
56156,MN,1
56157,MN,1
56159,MN,1
56160,MN,0
56161,MN,0
56162,MN,0
56164,MN,1
56165,MN,0
56166,MN,0
56167,MN,1
56168,MN,0
56170,MN,0
56171,MN,1
56172,MN,1
56175,MN,1
56176,MN,1
56178,MN,1
56180,MN,1
56181,MN,1
56183,MN,1
56185,MN,0
56187,MN,1
56201,MN,1
56208,MN,1
56209,MN,1
56212,MN,1
56214,MN,1
56215,MN,1
56216,MN,1
56218,MN,0
56219,MN,1
56220,MN,1
56221,MN,1
56222,MN,1
56223,MN,1
56225,MN,0
56228,MN,1
56229,MN,1
56230,MN,1
56232,MN,1
56235,MN,0
56239,MN,1
56241,MN,1
56243,MN,1
56244,MN,0
56248,MN,1
56251,MN,0
56252,MN,1
56253,MN,1
56255,MN,0
56256,MN,1
56257,MN,0
56258,MN,1
56262,MN,0
56263,MN,1
56264,MN,1
56265,MN,1
56266,MN,1
56267,MN,1
56270,MN,0
56271,MN,0
56273,MN,1
56277,MN,1
56278,MN,1
56279,MN,1
56282,MN,1
56283,MN,1
56284,MN,1
56285,MN,0
56287,MN,0
56288,MN,1
56289,MN,0
56291,MN,0
56292,MN,0
56293,MN,1
56294,MN,0
56296,MN,1
56301,MN,1
56303,MN,1
56304,MN,1
56307,MN,1
56308,MN,1
56309,MN,1
56310,MN,1
56311,MN,0
56312,MN,1
56313,MN,0
56314,MN,0
56315,MN,1
56316,MN,1
56318,MN,1
56319,MN,1
56320,MN,1
56323,MN,1
56324,MN,1
56326,MN,0
56327,MN,1
56329,MN,1
56330,MN,1
56331,MN,1
56332,MN,1
56334,MN,1
56336,MN,1
56338,MN,1
56339,MN,1
56340,MN,1
56342,MN,1
56343,MN,1
56345,MN,1
56347,MN,1
56349,MN,0
56350,MN,1
56352,MN,1
56353,MN,1
56354,MN,1
56355,MN,0
56356,MN,0
56357,MN,1
56358,MN,1
56359,MN,1
56360,MN,1
56361,MN,1
56362,MN,1
56363,MN,1
56364,MN,1
56367,MN,1
56368,MN,1
56373,MN,1
56374,MN,1
56375,MN,0
56377,MN,1
56378,MN,1
56379,MN,1
56381,MN,1
56382,MN,1
56384,MN,1
56385,MN,0
56386,MN,1
56387,MN,1
56388,MN,1
56401,MN,1
56425,MN,1
56431,MN,1
56433,MN,1
56435,MN,1
56437,MN,1
56438,MN,1
56440,MN,1
56441,MN,1
56442,MN,1
56443,MN,1
56444,MN,1
56446,MN,1
56447,MN,1
56448,MN,1
56449,MN,1
56450,MN,1
56452,MN,1
56453,MN,1
56455,MN,1
56456,MN,0
56458,MN,1
56461,MN,1
56464,MN,1
56465,MN,1
56466,MN,1
56467,MN,1
56468,MN,1
56469,MN,1
56470,MN,1
56472,MN,1
56473,MN,1
56474,MN,1
56475,MN,1
56477,MN,1
56478,MN,0
56479,MN,1
56481,MN,1
56482,MN,1
56484,MN,1
56501,MN,1
56510,MN,1
56511,MN,1
56514,MN,1
56515,MN,1
56517,MN,0
56518,MN,0
56519,MN,0
56520,MN,1
56521,MN,1
56522,MN,0
56523,MN,1
56524,MN,1
56527,MN,1
56528,MN,1
56529,MN,1
56531,MN,1
56533,MN,1
56534,MN,0
56535,MN,1
56537,MN,1
56540,MN,1
56542,MN,1
56544,MN,1
56545,MN,1
56547,MN,1
56548,MN,1
56549,MN,1
56550,MN,0
56551,MN,1
56552,MN,0
56554,MN,1
56556,MN,0
56557,MN,0
56560,MN,1
56565,MN,0
56567,MN,1
56569,MN,1
56570,MN,1
56571,MN,1
56572,MN,1
56573,MN,1
56574,MN,0
56575,MN,1
56576,MN,1
56578,MN,1
56579,MN,1
56580,MN,1
56586,MN,1
56587,MN,1
56588,MN,0
56589,MN,1
56601,MN,1
56621,MN,1
56623,MN,1
56628,MN,1
56630,MN,1
56633,MN,1
56634,MN,0
56636,MN,1
56637,MN,1
56641,MN,0
56644,MN,1
56647,MN,1
56649,MN,1
56650,MN,1
56651,MN,1
56652,MN,0
56653,MN,1
56655,MN,1
56657,MN,1
56659,MN,0
56660,MN,0
56661,MN,1
56662,MN,1
56663,MN,0
56667,MN,1
56669,MN,1
56672,MN,1
56673,MN,1
56676,MN,1
56678,MN,1
56682,MN,1
56683,MN,1
56684,MN,0
56685,MN,0
56686,MN,1
56701,MN,1
56710,MN,0
56711,MN,1
56713,MN,1
56714,MN,1
56715,MN,0
56716,MN,1
56721,MN,1
56722,MN,0
56723,MN,1
56725,MN,0
56726,MN,0
56727,MN,0
56728,MN,0
56732,MN,0
56734,MN,1
56735,MN,0
56736,MN,1
56737,MN,1
56738,MN,1
56744,MN,0
56750,MN,1
56751,MN,1
56754,MN,0
56756,MN,0
56761,MN,0
56762,MN,1
56763,MN,1
57001,SD,1
57002,SD,0
57003,SD,1
57004,SD,1
57005,SD,1
57006,SD,1
57010,SD,1
57012,SD,1
57013,SD,1
57014,SD,1
57015,SD,1
57016,SD,0
57017,SD,0
57018,SD,1
57020,SD,1
57022,SD,1
57024,SD,0
57025,SD,1
57026,SD,0
57028,SD,1
57029,SD,1
57030,SD,1
57031,SD,0
57032,SD,1
57033,SD,1
57034,SD,1
57035,SD,1
57036,SD,1
57037,SD,0
57038,SD,1
57039,SD,1
57042,SD,1
57043,SD,1
57045,SD,1
57046,SD,0
57048,SD,1
57049,SD,1
57053,SD,1
57054,SD,0
57055,SD,1
57056,SD,0
57058,SD,1
57059,SD,1
57062,SD,1
57063,SD,0
57064,SD,1
57066,SD,1
57068,SD,1
57069,SD,1
57070,SD,1
57072,SD,0
57073,SD,0
57075,SD,1
57077,SD,1
57078,SD,1
57103,SD,1
57104,SD,1
57105,SD,1
57106,SD,1
57107,SD,1
57108,SD,1
57110,SD,1
57201,SD,1
57212,SD,0
57213,SD,0
57216,SD,1
57218,SD,0
57223,SD,1
57225,SD,1
57226,SD,1
57227,SD,1
57231,SD,0
57234,SD,0
57235,SD,0
57237,SD,0
57239,SD,1
57241,SD,1
57243,SD,0
57246,SD,0
57248,SD,1
57249,SD,1
57252,SD,1
57262,SD,0
57263,SD,0
57264,SD,0
57266,SD,0
57268,SD,0
57273,SD,1
57274,SD,1
57276,SD,0
57278,SD,0
57279,SD,1
57301,SD,1
57311,SD,0
57315,SD,0
57319,SD,1
57321,SD,1
57325,SD,0
57328,SD,0
57330,SD,0
57334,SD,0
57345,SD,1
57349,SD,0
57350,SD,1
57356,SD,1
57362,SD,1
57366,SD,1
57367,SD,0
57368,SD,0
57369,SD,0
57374,SD,1
57376,SD,0
57381,SD,0
57382,SD,1
57385,SD,1
57401,SD,1
57422,SD,0
57424,SD,0
57427,SD,1
57428,SD,0
57430,SD,1
57433,SD,0
57434,SD,0
57435,SD,0
57436,SD,1
57437,SD,0
57438,SD,0
57441,SD,0
57442,SD,0
57445,SD,0
57448,SD,0
57450,SD,0
57451,SD,1
57461,SD,0
57469,SD,1
57472,SD,1
57479,SD,0
57501,SD,1
57522,SD,0
57532,SD,1
57533,SD,0
57543,SD,0
57544,SD,0
57551,SD,0
57568,SD,0
57580,SD,0
57601,SD,1
57620,SD,0
57638,SD,1
57701,SD,1
57702,SD,1
57703,SD,1
57717,SD,1
57718,SD,1
57719,SD,1
57720,SD,0
57725,SD,0
57730,SD,1
57732,SD,1
57735,SD,1
57744,SD,1
57745,SD,1
57747,SD,1
57751,SD,0
57754,SD,1
57759,SD,1
57760,SD,1
57761,SD,1
57762,SD,1
57763,SD,0
57766,SD,0
57769,SD,1
57783,SD,1
57785,SD,1
57788,SD,1
57790,SD,1
57793,SD,1
58005,ND,0
58011,ND,0
58012,ND,1
58013,ND,0
58018,ND,1
58027,ND,1
58032,ND,0
58036,ND,0
58038,ND,0
58040,ND,1
58041,ND,1
58042,ND,1
58045,ND,1
58046,ND,0
58047,ND,1
58048,ND,0
58049,ND,0
58051,ND,1
58053,ND,0
58054,ND,1
58058,ND,0
58059,ND,1
58063,ND,0
58064,ND,1
58068,ND,0
58072,ND,1
58075,ND,1
58078,ND,1
58079,ND,0
58081,ND,0
58102,ND,1
58103,ND,1
58104,ND,1
58201,ND,1
58203,ND,1
58218,ND,1
58220,ND,1
58225,ND,1
58228,ND,1
58230,ND,1
58231,ND,0
58235,ND,0
58237,ND,1
58240,ND,1
58249,ND,1
58251,ND,1
58254,ND,1
58256,ND,1
58257,ND,1
58261,ND,0
58266,ND,0
58267,ND,1
58270,ND,1
58271,ND,1
58274,ND,0
58278,ND,1
58282,ND,0
58301,ND,1
58318,ND,1
58324,ND,1
58330,ND,0
58341,ND,0
58368,ND,1
58380,ND,0
58382,ND,0
58401,ND,1
58413,ND,1
58421,ND,1
58424,ND,0
58425,ND,0
58430,ND,0
58433,ND,1
58442,ND,0
58456,ND,0
58458,ND,1
58463,ND,0
58467,ND,1
58474,ND,1
58480,ND,0
58482,ND,1
58483,ND,0
58484,ND,0
58495,ND,1
58501,ND,1
58503,ND,1
58504,ND,1
58523,ND,1
58530,ND,1
58531,ND,1
58533,ND,0
58540,ND,1
58545,ND,1
58552,ND,1
58554,ND,1
58559,ND,0
58561,ND,1
58562,ND,0
58563,ND,1
58565,ND,0
58571,ND,0
58572,ND,0
58573,ND,1
58575,ND,1
58576,ND,1
58577,ND,1
58579,ND,1
58601,ND,1
58621,ND,1
58622,ND,1
58623,ND,1
58626,ND,0
58630,ND,1
58631,ND,1
58638,ND,1
58639,ND,1
58640,ND,1
58646,ND,1
58647,ND,1
58650,ND,0
58652,ND,1
58655,ND,1
58656,ND,1
58701,ND,1
58703,ND,1
58718,ND,0
58722,ND,1
58727,ND,0
58730,ND,0
58733,ND,1
58736,ND,1
58740,ND,1
58746,ND,1
58750,ND,0
58756,ND,0
58760,ND,0
58761,ND,1
58763,ND,1
58770,ND,1
58772,ND,0
58776,ND,0
58781,ND,1
58784,ND,1
58785,ND,1
58788,ND,1
58790,ND,1
58801,ND,1
58831,ND,1
58835,ND,1
58843,ND,0
58849,ND,1
58852,ND,1
58854,ND,1
59001,MT,1
59002,MT,0
59007,MT,0
59008,MT,0
59011,MT,1
59014,MT,1
59015,MT,0
59018,MT,0
59019,MT,1
59027,MT,1
59028,MT,0
59029,MT,1
59030,MT,0
59034,MT,1
59036,MT,0
59037,MT,1
59038,MT,0
59041,MT,0
59044,MT,1
59046,MT,0
59047,MT,1
59052,MT,0
59057,MT,1
59061,MT,1
59063,MT,1
59065,MT,0
59068,MT,1
59069,MT,1
59070,MT,1
59071,MT,1
59072,MT,1
59074,MT,0
59075,MT,0
59078,MT,1
59079,MT,1
59086,MT,1
59087,MT,0
59088,MT,1
59101,MT,1
59102,MT,1
59105,MT,1
59106,MT,1
59201,MT,0
59218,MT,0
59221,MT,1
59230,MT,0
59254,MT,1
59255,MT,0
59263,MT,0
59270,MT,1
59275,MT,0
59301,MT,0
59313,MT,1
59323,MT,0
59327,MT,1
59330,MT,1
59353,MT,0
59401,MT,1
59404,MT,1
59405,MT,1
59410,MT,0
59411,MT,0
59412,MT,1
59414,MT,1
59421,MT,1
59422,MT,1
59425,MT,1
59427,MT,1
59430,MT,0
59433,MT,0
59436,MT,1
59442,MT,1
59443,MT,0
59450,MT,0
59453,MT,0
59457,MT,1
59463,MT,0
59465,MT,0
59468,MT,1
59471,MT,0
59474,MT,1
59477,MT,0
59479,MT,0
59482,MT,1
59483,MT,1
59484,MT,0
59485,MT,1
59486,MT,1
59487,MT,1
59501,MT,1
59520,MT,0
59522,MT,1
59523,MT,1
59525,MT,0
59528,MT,0
59538,MT,0
59601,MT,1
59602,MT,1
59631,MT,0
59632,MT,1
59633,MT,1
59634,MT,1
59635,MT,1
59638,MT,1
59639,MT,1
59643,MT,0
59644,MT,1
59645,MT,1
59647,MT,0
59648,MT,1
59701,MT,1
59710,MT,0
59711,MT,1
59714,MT,1
59715,MT,1
59716,MT,1
59718,MT,1
59720,MT,1
59721,MT,0
59722,MT,1
59725,MT,1
59727,MT,1
59728,MT,0
59729,MT,1
59730,MT,1
59731,MT,0
59733,MT,0
59735,MT,1
59739,MT,0
59740,MT,0
59741,MT,1
59743,MT,0
59745,MT,0
59746,MT,0
59747,MT,0
59749,MT,1
59750,MT,0
59752,MT,1
59754,MT,1
59755,MT,1
59758,MT,1
59759,MT,1
59762,MT,0
59801,MT,1
59802,MT,1
59803,MT,1
59804,MT,1
59808,MT,1
59820,MT,1
59821,MT,1
59823,MT,1
59824,MT,1
59825,MT,1
59826,MT,1
59827,MT,0
59828,MT,1
59829,MT,1
59830,MT,0
59831,MT,1
59832,MT,0
59833,MT,1
59834,MT,1
59837,MT,1
59840,MT,1
59842,MT,0
59843,MT,0
59844,MT,1
59845,MT,1
59846,MT,1
59847,MT,1
59851,MT,1
59853,MT,0
59854,MT,0
59858,MT,1
59859,MT,1
59860,MT,1
59864,MT,1
59865,MT,1
59866,MT,0
59868,MT,1
59870,MT,1
59871,MT,0
59872,MT,1
59873,MT,1
59874,MT,1
59875,MT,1
59901,MT,1
59910,MT,1
59911,MT,1
59912,MT,1
59913,MT,0
59914,MT,0
59915,MT,0
59916,MT,1
59917,MT,1
59918,MT,0
59919,MT,0
59920,MT,1
59922,MT,1
59923,MT,1
59925,MT,1
59926,MT,0
59928,MT,1
59929,MT,0
59930,MT,1
59931,MT,1
59932,MT,1
59934,MT,1
59935,MT,1
59937,MT,1
60002,IL,1
60004,IL,1
60005,IL,1
60007,IL,1
60008,IL,1
60010,IL,1
60012,IL,1
60013,IL,1
60014,IL,1
60015,IL,1
60016,IL,1
60017,IL,1
60018,IL,1
60020,IL,1
60021,IL,1
60022,IL,1
60025,IL,1
60026,IL,1
60029,IL,0
60030,IL,1
60031,IL,1
60033,IL,1
60034,IL,1
60035,IL,1
60040,IL,1
60041,IL,1
60042,IL,1
60043,IL,1
60044,IL,1
60045,IL,1
60046,IL,1
60047,IL,1
60048,IL,1
60050,IL,1
60051,IL,1
60053,IL,1
60056,IL,1
60060,IL,1
60061,IL,1
60062,IL,1
60064,IL,1
60067,IL,1
60068,IL,1
60069,IL,1
60070,IL,1
60071,IL,1
60072,IL,1
60073,IL,1
60074,IL,1
60076,IL,1
60077,IL,1
60078,IL,1
60081,IL,1
60083,IL,1
60084,IL,1
60085,IL,1
60087,IL,1
60089,IL,1
60090,IL,1
60091,IL,1
60093,IL,1
60096,IL,1
60097,IL,1
60098,IL,1
60099,IL,1
60101,IL,1
60102,IL,1
60103,IL,1
60104,IL,1
60106,IL,1
60107,IL,1
60108,IL,1
60110,IL,1
60112,IL,1
60115,IL,1
60118,IL,1
60119,IL,1
60120,IL,1
60123,IL,1
60124,IL,1
60126,IL,1
60130,IL,1
60131,IL,1
60133,IL,1
60134,IL,1
60135,IL,1
60136,IL,1
60137,IL,1
60139,IL,1
60140,IL,1
60142,IL,1
60143,IL,1
60145,IL,1
60146,IL,1
60148,IL,1
60150,IL,1
60151,IL,1
60152,IL,1
60153,IL,1
60154,IL,1
60155,IL,1
60156,IL,1
60157,IL,1
60160,IL,1
60162,IL,1
60163,IL,1
60164,IL,1
60165,IL,1
60169,IL,1
60171,IL,1
60172,IL,1
60173,IL,1
60174,IL,1
60175,IL,1
60176,IL,1
60177,IL,1
60178,IL,1
60180,IL,1
60181,IL,1
60183,IL,0
60184,IL,1
60185,IL,1
60187,IL,1
60188,IL,1
60189,IL,1
60190,IL,1
60191,IL,1
60192,IL,1
60193,IL,1
60194,IL,1
60195,IL,1
60201,IL,1
60202,IL,1
60203,IL,1
60301,IL,1
60302,IL,1
60304,IL,1
60305,IL,1
60401,IL,1
60402,IL,1
60403,IL,1
60404,IL,1
60406,IL,1
60407,IL,1
60408,IL,1
60409,IL,1
60410,IL,1
60411,IL,1
60415,IL,1
60416,IL,1
60417,IL,1
60418,IL,1
60419,IL,1
60420,IL,1
60421,IL,1
60422,IL,1
60423,IL,1
60424,IL,1
60425,IL,1
60426,IL,1
60428,IL,1
60429,IL,1
60430,IL,1
60431,IL,1
60432,IL,1
60433,IL,1
60435,IL,1
60436,IL,1
60437,IL,0
60438,IL,1
60439,IL,1
60440,IL,1
60441,IL,1
60442,IL,1
60443,IL,1
60444,IL,1
60445,IL,1
60446,IL,1
60447,IL,1
60448,IL,1
60449,IL,1
60450,IL,1
60451,IL,1
60452,IL,1
60453,IL,1
60455,IL,1
60456,IL,1
60457,IL,1
60458,IL,1
60459,IL,1
60460,IL,1
60461,IL,1
60462,IL,1
60463,IL,1
60464,IL,1
60465,IL,1
60466,IL,1
60467,IL,1
60468,IL,1
60469,IL,1
60471,IL,1
60472,IL,1
60473,IL,1
60474,IL,0
60475,IL,1
60476,IL,1
60477,IL,1
60478,IL,1
60479,IL,1
60480,IL,1
60481,IL,1
60482,IL,1
60484,IL,1
60487,IL,1
60490,IL,1
60491,IL,1
60501,IL,1
60502,IL,1
60503,IL,1
60504,IL,1
60505,IL,1
60506,IL,1
60510,IL,1
60511,IL,1
60512,IL,1
60513,IL,1
60514,IL,1
60515,IL,1
60516,IL,1
60517,IL,1
60518,IL,1
60520,IL,1
60521,IL,1
60523,IL,1
60525,IL,1
60526,IL,1
60527,IL,1
60531,IL,1
60532,IL,1
60534,IL,1
60536,IL,0
60537,IL,0
60538,IL,1
60540,IL,1
60541,IL,1
60542,IL,1
60543,IL,1
60544,IL,1
60545,IL,1
60546,IL,1
60548,IL,1
60549,IL,0
60550,IL,1
60551,IL,1
60552,IL,1
60554,IL,1
60555,IL,1
60556,IL,1
60558,IL,1
60559,IL,1
60560,IL,1
60561,IL,1
60563,IL,1
60564,IL,1
60565,IL,1
60567,IL,0
60585,IL,1
60586,IL,1
60598,IL,0
60599,IL,1
60601,IL,1
60602,IL,1
60603,IL,1
60604,IL,1
60605,IL,1
60606,IL,1
60607,IL,1
60608,IL,1
60609,IL,1
60610,IL,1
60611,IL,1
60612,IL,1
60613,IL,1
60614,IL,1
60615,IL,1
60616,IL,1
60617,IL,1
60618,IL,1
60619,IL,1
60620,IL,1
60621,IL,1
60622,IL,1
60623,IL,1
60624,IL,1
60625,IL,1
60626,IL,1
60628,IL,1
60629,IL,1
60630,IL,1
60631,IL,1
60632,IL,1
60633,IL,1
60634,IL,1
60636,IL,1
60637,IL,1
60638,IL,1
60639,IL,1
60640,IL,1
60641,IL,1
60642,IL,1
60643,IL,1
60644,IL,1
60645,IL,1
60646,IL,1
60647,IL,1
60649,IL,1
60651,IL,1
60652,IL,1
60653,IL,1
60654,IL,1
60655,IL,1
60656,IL,1
60657,IL,1
60659,IL,1
60660,IL,1
60661,IL,1
60669,IL,1
60699,IL,1
60706,IL,1
60707,IL,1
60712,IL,1
60714,IL,1
60803,IL,1
60804,IL,1
60805,IL,1
60827,IL,1
60901,IL,1
60910,IL,1
60911,IL,1
60912,IL,0
60913,IL,0
60914,IL,1
60915,IL,1
60917,IL,0
60918,IL,1
60919,IL,0
60921,IL,1
60922,IL,1
60924,IL,1
60927,IL,1
60928,IL,0
60929,IL,1
60931,IL,0
60935,IL,1
60936,IL,1
60938,IL,1
60940,IL,1
60941,IL,1
60942,IL,1
60948,IL,1
60949,IL,0
60950,IL,1
60951,IL,1
60952,IL,0
60953,IL,1
60954,IL,1
60955,IL,1
60957,IL,1
60958,IL,1
60959,IL,0
60960,IL,1
60961,IL,0
60962,IL,1
60963,IL,1
60964,IL,1
60966,IL,1
60968,IL,0
60970,IL,1
60974,IL,0
61001,IL,1
61006,IL,1
61008,IL,1
61010,IL,1
61011,IL,1
61012,IL,1
61014,IL,1
61015,IL,1
61016,IL,1
61018,IL,0
61019,IL,1
61020,IL,1
61021,IL,1
61024,IL,1
61025,IL,1
61028,IL,1
61030,IL,1
61031,IL,1
61032,IL,1
61036,IL,1
61039,IL,1
61041,IL,1
61046,IL,1
61047,IL,1
61048,IL,1
61049,IL,0
61050,IL,0
61051,IL,1
61052,IL,0
61053,IL,1
61054,IL,1
61060,IL,0
61061,IL,1
61062,IL,1
61063,IL,1
61064,IL,1
61065,IL,1
61067,IL,0
61068,IL,1
61070,IL,0
61071,IL,1
61072,IL,1
61073,IL,1
61074,IL,1
61075,IL,1
61078,IL,1
61080,IL,1
61081,IL,1
61084,IL,1
61085,IL,1
61087,IL,1
61088,IL,1
61089,IL,0
61101,IL,1
61102,IL,1
61103,IL,1
61104,IL,1
61107,IL,1
61108,IL,1
61109,IL,1
61111,IL,1
61114,IL,1
61115,IL,1
61201,IL,1
61230,IL,1
61231,IL,1
61232,IL,1
61233,IL,1
61234,IL,1
61235,IL,1
61238,IL,1
61239,IL,1
61240,IL,1
61241,IL,1
61242,IL,1
61243,IL,1
61244,IL,1
61250,IL,1
61251,IL,0
61252,IL,1
61254,IL,1
61256,IL,1
61257,IL,1
61259,IL,1
61260,IL,1
61261,IL,1
61262,IL,0
61263,IL,0
61264,IL,1
61265,IL,1
61270,IL,1
61272,IL,1
61273,IL,1
61275,IL,1
61276,IL,0
61277,IL,1
61279,IL,1
61281,IL,1
61282,IL,1
61283,IL,1
61284,IL,1
61285,IL,1
61301,IL,1
61310,IL,1
61312,IL,0
61318,IL,1
61319,IL,0
61321,IL,0
61324,IL,0
61325,IL,1
61326,IL,1
61327,IL,0
61329,IL,1
61330,IL,1
61333,IL,1
61334,IL,1
61335,IL,0
61336,IL,1
61337,IL,0
61340,IL,0
61341,IL,1
61342,IL,1
61344,IL,0
61345,IL,1
61348,IL,1
61349,IL,1
61350,IL,1
61353,IL,1
61354,IL,1
61356,IL,1
61359,IL,0
61360,IL,1
61361,IL,1
61362,IL,1
61364,IL,1
61367,IL,0
61368,IL,1
61369,IL,1
61370,IL,1
61371,IL,0
61373,IL,1
61375,IL,1
61376,IL,0
61377,IL,0
61378,IL,1
61379,IL,1
61401,IL,1
61410,IL,1
61411,IL,0
61412,IL,1
61413,IL,1
61414,IL,1
61415,IL,1
61420,IL,1
61421,IL,0
61422,IL,1
61423,IL,0
61425,IL,0
61427,IL,1
61428,IL,1
61430,IL,0
61432,IL,0
61434,IL,1
61436,IL,1
61437,IL,1
61438,IL,0
61439,IL,0
61442,IL,0
61443,IL,1
61447,IL,1
61448,IL,1
61450,IL,1
61454,IL,0
61455,IL,1
61458,IL,0
61462,IL,1
61465,IL,1
61467,IL,0
61469,IL,1
61472,IL,1
61473,IL,1
61480,IL,1
61482,IL,0
61483,IL,1
61486,IL,1
61488,IL,1
61489,IL,0
61490,IL,1
61491,IL,1
61501,IL,1
61516,IL,1
61517,IL,1
61520,IL,1
61523,IL,1
61525,IL,1
61526,IL,1
61528,IL,1
61529,IL,1
61530,IL,1
61531,IL,1
61532,IL,0
61533,IL,0
61534,IL,1
61535,IL,1
61536,IL,1
61537,IL,1
61540,IL,1
61541,IL,0
61542,IL,1
61544,IL,0
61546,IL,1
61547,IL,1
61548,IL,1
61550,IL,1
61552,IL,0
61553,IL,0
61554,IL,1
61559,IL,1
61560,IL,1
61561,IL,1
61563,IL,1
61564,IL,1
61565,IL,1
61567,IL,0
61568,IL,1
61569,IL,1
61570,IL,1
61571,IL,1
61572,IL,1
61602,IL,1
61603,IL,1
61604,IL,1
61605,IL,1
61606,IL,1
61607,IL,1
61610,IL,1
61611,IL,1
61614,IL,1
61615,IL,1
61616,IL,1
61701,IL,1
61704,IL,1
61705,IL,1
61720,IL,1
61721,IL,0
61722,IL,1
61723,IL,1
61724,IL,0
61725,IL,1
61726,IL,1
61727,IL,1
61728,IL,1
61729,IL,0
61731,IL,0
61732,IL,1
61733,IL,1
61734,IL,1
61735,IL,0
61736,IL,1
61737,IL,0
61738,IL,1
61739,IL,1
61740,IL,1
61741,IL,1
61742,IL,1
61744,IL,1
61745,IL,1
61748,IL,1
61752,IL,1
61753,IL,1
61754,IL,1
61755,IL,1
61756,IL,1
61759,IL,1
61760,IL,1
61761,IL,1
61764,IL,1
61769,IL,1
61770,IL,1
61771,IL,1
61773,IL,0
61774,IL,1
61776,IL,1
61777,IL,1
61801,IL,1
61802,IL,1
61810,IL,0
61813,IL,1
61814,IL,0
61816,IL,1
61817,IL,1
61818,IL,1
61820,IL,1
61821,IL,1
61822,IL,1
61830,IL,1
61832,IL,1
61833,IL,1
61834,IL,1
61839,IL,1
61840,IL,0
61841,IL,0
61842,IL,1
61843,IL,1
61845,IL,0
61846,IL,1
61847,IL,1
61849,IL,1
61850,IL,0
61851,IL,0
61852,IL,0
61853,IL,1
61854,IL,1
61855,IL,0
61856,IL,1
61858,IL,1
61859,IL,1
61862,IL,0
61863,IL,0
61864,IL,1
61865,IL,0
61866,IL,1
61870,IL,1
61871,IL,0
61872,IL,1
61873,IL,1
61874,IL,1
61875,IL,1
61876,IL,1
61877,IL,1
61878,IL,1
61880,IL,1
61882,IL,1
61883,IL,1
61884,IL,0
61910,IL,1
61911,IL,1
61912,IL,1
61913,IL,1
61914,IL,1
61919,IL,1
61920,IL,1
61924,IL,1
61925,IL,0
61929,IL,1
61930,IL,0
61933,IL,0
61936,IL,0
61937,IL,1
61938,IL,1
61942,IL,1
61943,IL,1
61944,IL,1
61951,IL,1
61953,IL,1
61956,IL,1
61957,IL,1
62001,IL,1
62002,IL,1
62009,IL,1
62010,IL,1
62012,IL,1
62013,IL,1
62014,IL,1
62015,IL,0
62016,IL,1
62017,IL,1
62018,IL,1
62021,IL,0
62022,IL,0
62024,IL,1
62025,IL,1
62028,IL,1
62033,IL,1
62034,IL,1
62035,IL,1
62036,IL,0
62037,IL,1
62040,IL,1
62044,IL,0
62045,IL,0
62046,IL,1
62047,IL,1
62048,IL,1
62049,IL,1
62050,IL,0
62052,IL,1
62053,IL,1
62054,IL,1
62056,IL,1
62058,IL,1
62060,IL,1
62061,IL,1
62062,IL,1
62063,IL,1
62067,IL,1
62069,IL,1
62074,IL,1
62075,IL,1
62077,IL,0
62079,IL,0
62080,IL,0
62082,IL,1
62084,IL,1
62085,IL,1
62086,IL,0
62087,IL,1
62088,IL,1
62090,IL,0
62092,IL,1
62093,IL,1
62094,IL,1
62095,IL,1
62097,IL,1
62098,IL,0
62201,IL,0
62203,IL,1
62204,IL,1
62205,IL,1
62206,IL,1
62207,IL,1
62208,IL,1
62215,IL,1
62216,IL,1
62218,IL,0
62219,IL,1
62220,IL,1
62221,IL,1
62223,IL,1
62226,IL,1
62230,IL,1
62231,IL,1
62232,IL,1
62233,IL,1
62234,IL,1
62236,IL,1
62237,IL,1
62238,IL,0
62239,IL,1
62240,IL,0
62241,IL,1
62242,IL,0
62243,IL,1
62244,IL,1
62245,IL,1
62246,IL,1
62249,IL,1
62250,IL,1
62253,IL,1
62254,IL,1
62255,IL,1
62257,IL,1
62258,IL,1
62260,IL,1
62261,IL,0
62262,IL,1
62263,IL,1
62264,IL,1
62265,IL,1
62269,IL,1
62271,IL,1
62272,IL,1
62274,IL,1
62275,IL,1
62277,IL,0
62278,IL,1
62281,IL,1
62282,IL,0
62285,IL,1
62286,IL,1
62288,IL,1
62293,IL,1
62294,IL,1
62295,IL,0
62298,IL,1
62301,IL,1
62305,IL,1
62311,IL,0
62312,IL,0
62316,IL,0
62320,IL,1
62321,IL,1
62324,IL,0
62325,IL,0
62326,IL,1
62330,IL,1
62338,IL,0
62339,IL,1
62340,IL,1
62341,IL,1
62343,IL,0
62347,IL,1
62349,IL,1
62351,IL,1
62353,IL,1
62354,IL,1
62355,IL,0
62356,IL,0
62358,IL,1
62359,IL,0
62360,IL,1
62363,IL,1
62366,IL,1
62367,IL,1
62373,IL,0
62376,IL,1
62378,IL,0
62379,IL,1
62401,IL,1
62410,IL,0
62411,IL,1
62414,IL,0
62417,IL,1
62418,IL,1
62420,IL,1
62422,IL,0
62423,IL,0
62424,IL,0
62426,IL,0
62428,IL,1
62431,IL,0
62439,IL,1
62441,IL,1
62442,IL,1
62443,IL,0
62447,IL,1
62448,IL,1
62449,IL,0
62450,IL,1
62451,IL,0
62454,IL,1
62458,IL,1
62460,IL,0
62461,IL,0
62463,IL,0
62465,IL,1
62467,IL,1
62468,IL,1
62469,IL,0
62471,IL,1
62473,IL,0
62474,IL,0
62501,IL,1
62510,IL,1
62512,IL,0
62513,IL,1
62515,IL,1
62518,IL,0
62519,IL,0
62520,IL,0
62521,IL,1
62522,IL,1
62526,IL,1
62530,IL,1
62531,IL,1
62533,IL,0
62534,IL,1
62535,IL,1
62536,IL,0
62538,IL,0
62539,IL,1
62540,IL,0
62543,IL,0
62544,IL,1
62545,IL,1
62546,IL,1
62548,IL,1
62549,IL,1
62550,IL,1
62551,IL,0
62554,IL,1
62557,IL,1
62558,IL,1
62560,IL,0
62561,IL,1
62563,IL,1
62565,IL,1
62567,IL,1
62568,IL,1
62570,IL,0
62571,IL,1
62573,IL,1
62612,IL,1
62613,IL,1
62615,IL,1
62621,IL,1
62625,IL,1
62626,IL,1
62627,IL,1
62628,IL,0
62629,IL,1
62633,IL,0
62634,IL,1
62635,IL,1
62638,IL,1
62640,IL,1
62642,IL,1
62644,IL,1
62650,IL,1
62656,IL,1
62664,IL,1
62665,IL,0
62666,IL,1
62667,IL,1
62668,IL,1
62670,IL,1
62671,IL,1
62672,IL,0
62673,IL,1
62674,IL,0
62675,IL,1
62677,IL,1
62681,IL,1
62682,IL,0
62684,IL,1
62685,IL,1
62688,IL,1
62689,IL,1
62690,IL,1
62691,IL,0
62692,IL,1
62693,IL,1
62694,IL,1
62702,IL,1
62703,IL,1
62704,IL,1
62707,IL,1
62711,IL,1
62712,IL,1
62762,IL,0
62791,IL,0
62801,IL,1
62803,IL,1
62806,IL,1
62808,IL,1
62810,IL,0
62812,IL,1
62814,IL,0
62816,IL,0
62819,IL,0
62821,IL,1
62822,IL,1
62823,IL,0
62824,IL,1
62828,IL,1
62832,IL,1
62836,IL,0
62837,IL,1
62838,IL,0
62839,IL,1
62844,IL,0
62846,IL,1
62848,IL,1
62849,IL,0
62854,IL,1
62858,IL,1
62859,IL,1
62863,IL,1
62864,IL,1
62865,IL,1
62867,IL,0
62868,IL,1
62869,IL,0
62870,IL,1
62875,IL,0
62877,IL,0
62878,IL,0
62880,IL,1
62881,IL,1
62882,IL,0
62884,IL,1
62888,IL,1
62890,IL,1
62893,IL,1
62894,IL,0
62895,IL,1
62896,IL,1
62898,IL,1
62899,IL,0
62901,IL,1
62902,IL,1
62903,IL,1
62905,IL,0
62906,IL,1
62907,IL,0
62910,IL,1
62912,IL,0
62914,IL,1
62917,IL,1
62918,IL,1
62919,IL,1
62920,IL,1
62922,IL,1
62924,IL,1
62926,IL,1
62930,IL,1
62931,IL,1
62932,IL,1
62933,IL,1
62935,IL,0
62938,IL,1
62939,IL,1
62943,IL,1
62946,IL,1
62948,IL,1
62949,IL,1
62950,IL,0
62951,IL,1
62952,IL,1
62956,IL,0
62957,IL,0
62958,IL,1
62959,IL,1
62960,IL,1
62966,IL,1
62972,IL,0
62974,IL,1
62977,IL,0
62982,IL,1
62983,IL,1
62984,IL,1
62985,IL,0
62987,IL,1
62990,IL,0
62994,IL,0
62995,IL,1
62999,IL,1
63005,MO,1
63010,MO,1
63011,MO,1
63012,MO,1
63013,MO,1
63014,MO,0
63015,MO,1
63016,MO,1
63017,MO,1
63019,MO,1
63020,MO,1
63021,MO,1
63022,MO,1
63023,MO,1
63025,MO,1
63026,MO,1
63028,MO,1
63031,MO,1
63033,MO,1
63034,MO,1
63036,MO,1
63037,MO,1
63038,MO,1
63039,MO,0
63040,MO,1
63041,MO,1
63042,MO,1
63043,MO,1
63044,MO,1
63048,MO,1
63049,MO,1
63050,MO,1
63051,MO,1
63052,MO,1
63055,MO,1
63056,MO,1
63060,MO,0
63068,MO,1
63069,MO,1
63070,MO,1
63071,MO,1
63072,MO,1
63073,MO,1
63074,MO,1
63077,MO,1
63080,MO,1
63084,MO,1
63088,MO,1
63089,MO,1
63090,MO,1
63091,MO,1
63101,MO,1
63102,MO,1
63103,MO,1
63104,MO,1
63105,MO,1
63106,MO,1
63107,MO,1
63108,MO,1
63109,MO,1
63110,MO,1
63111,MO,1
63112,MO,1
63113,MO,1
63114,MO,1
63115,MO,1
63116,MO,1
63117,MO,1
63118,MO,1
63119,MO,1
63120,MO,1
63121,MO,1
63122,MO,1
63123,MO,1
63124,MO,1
63125,MO,1
63126,MO,1
63127,MO,1
63128,MO,1
63129,MO,1
63130,MO,1
63131,MO,1
63132,MO,1
63133,MO,1
63134,MO,1
63135,MO,1
63136,MO,1
63137,MO,1
63138,MO,1
63139,MO,1
63141,MO,1
63143,MO,1
63144,MO,1
63146,MO,1
63147,MO,1
63151,MO,0
63301,MO,1
63303,MO,1
63304,MO,1
63330,MO,0
63332,MO,1
63333,MO,0
63334,MO,1
63336,MO,1
63339,MO,0
63341,MO,1
63343,MO,1
63344,MO,1
63347,MO,1
63348,MO,1
63349,MO,1
63350,MO,0
63351,MO,1
63352,MO,1
63353,MO,1
63357,MO,1
63361,MO,1
63362,MO,1
63363,MO,1
63366,MO,1
63367,MO,1
63368,MO,1
63369,MO,1
63373,MO,1
63376,MO,1
63377,MO,1
63379,MO,1
63380,MO,1
63381,MO,0
63382,MO,1
63383,MO,1
63384,MO,1
63385,MO,1
63388,MO,0
63389,MO,1
63390,MO,1
63401,MO,1
63430,MO,0
63434,MO,0
63435,MO,1
63436,MO,1
63441,MO,1
63445,MO,1
63446,MO,0
63447,MO,0
63448,MO,1
63452,MO,1
63454,MO,0
63456,MO,1
63459,MO,1
63460,MO,0
63461,MO,1
63462,MO,1
63463,MO,0
63468,MO,1
63469,MO,0
63501,MO,1
63530,MO,0
63532,MO,0
63533,MO,1
63534,MO,1
63537,MO,1
63541,MO,1
63545,MO,1
63546,MO,0
63547,MO,0
63548,MO,0
63549,MO,1
63551,MO,0
63552,MO,1
63555,MO,1
63556,MO,1
63558,MO,1
63559,MO,0
63561,MO,1
63565,MO,1
63601,MO,1
63620,MO,1
63621,MO,1
63622,MO,0
63623,MO,1
63624,MO,1
63626,MO,0
63627,MO,1
63628,MO,1
63630,MO,1
63631,MO,0
63633,MO,1
63636,MO,1
63637,MO,0
63638,MO,1
63640,MO,1
63645,MO,1
63648,MO,1
63650,MO,1
63653,MO,1
63654,MO,0
63655,MO,1
63656,MO,0
63660,MO,1
63662,MO,0
63663,MO,0
63664,MO,1
63670,MO,1
63673,MO,1
63701,MO,1
63703,MO,1
63730,MO,1
63732,MO,1
63736,MO,1
63739,MO,1
63740,MO,1
63748,MO,0
63751,MO,1
63755,MO,1
63764,MO,1
63766,MO,0
63769,MO,0
63771,MO,1
63775,MO,1
63780,MO,1
63781,MO,0
63785,MO,0
63801,MO,1
63821,MO,1
63822,MO,1
63823,MO,1
63825,MO,1
63827,MO,0
63829,MO,0
63830,MO,1
63834,MO,1
63837,MO,1
63839,MO,0
63841,MO,1
63845,MO,1
63846,MO,1
63848,MO,1
63851,MO,1
63852,MO,0
63855,MO,0
63857,MO,1
63860,MO,0
63862,MO,1
63863,MO,1
63867,MO,0
63868,MO,1
63869,MO,1
63873,MO,1
63877,MO,1
63901,MO,1
63931,MO,1
63932,MO,1
63933,MO,1
63935,MO,1
63937,MO,1
63939,MO,1
63940,MO,1
63941,MO,0
63942,MO,0
63943,MO,0
63944,MO,1
63945,MO,1
63952,MO,1
63953,MO,0
63957,MO,1
63960,MO,1
63961,MO,0
63964,MO,0
63965,MO,1
63966,MO,1
63967,MO,1
64001,MO,1
64011,MO,1
64012,MO,1
64014,MO,1
64015,MO,1
64016,MO,1
64017,MO,0
64018,MO,1
64019,MO,1
64020,MO,1
64021,MO,1
64022,MO,0
64024,MO,1
64028,MO,0
64029,MO,1
64030,MO,1
64034,MO,1
64035,MO,1
64037,MO,1
64040,MO,1
64048,MO,1
64050,MO,1
64052,MO,1
64053,MO,1
64054,MO,1
64055,MO,1
64056,MO,1
64057,MO,1
64058,MO,1
64060,MO,1
64061,MO,1
64062,MO,1
64063,MO,1
64064,MO,1
64066,MO,0
64067,MO,1
64068,MO,1
64070,MO,1
64071,MO,1
64074,MO,1
64075,MO,1
64076,MO,1
64077,MO,1
64078,MO,1
64079,MO,1
64080,MO,1
64081,MO,1
64082,MO,1
64083,MO,1
64084,MO,0
64085,MO,1
64086,MO,1
64088,MO,1
64089,MO,1
64090,MO,0
64093,MO,1
64096,MO,1
64097,MO,1
64098,MO,1
64105,MO,1
64106,MO,1
64108,MO,1
64109,MO,1
64110,MO,1
64111,MO,1
64112,MO,1
64113,MO,1
64114,MO,1
64116,MO,1
64117,MO,1
64118,MO,1
64119,MO,1
64123,MO,1
64124,MO,1
64125,MO,1
64126,MO,1
64127,MO,1
64128,MO,1
64129,MO,1
64130,MO,1
64131,MO,1
64132,MO,1
64133,MO,1
64134,MO,1
64136,MO,1
64137,MO,1
64138,MO,1
64139,MO,1
64145,MO,1
64146,MO,1
64150,MO,1
64151,MO,1
64152,MO,1
64153,MO,1
64154,MO,1
64155,MO,1
64156,MO,1
64157,MO,1
64158,MO,1
64161,MO,0
64163,MO,1
64164,MO,1
64165,MO,1
64401,MO,0
64402,MO,0
64421,MO,0
64423,MO,0
64424,MO,0
64426,MO,0
64427,MO,0
64428,MO,1
64429,MO,1
64436,MO,0
64437,MO,1
64439,MO,1
64440,MO,1
64444,MO,1
64445,MO,0
64446,MO,1
64448,MO,1
64449,MO,0
64454,MO,1
64455,MO,0
64456,MO,1
64461,MO,1
64463,MO,1
64465,MO,1
64468,MO,1
64469,MO,1
64470,MO,1
64473,MO,1
64474,MO,1
64477,MO,1
64479,MO,0
64481,MO,0
64482,MO,1
64483,MO,1
64484,MO,1
64485,MO,1
64486,MO,0
64487,MO,0
64489,MO,1
64490,MO,1
64491,MO,1
64492,MO,1
64494,MO,1
64497,MO,0
64501,MO,1
64503,MO,1
64504,MO,1
64505,MO,1
64506,MO,1
64507,MO,1
64601,MO,1
64620,MO,1
64622,MO,0
64624,MO,1
64625,MO,0
64628,MO,1
64631,MO,1
64633,MO,1
64635,MO,0
64637,MO,1
64640,MO,1
64643,MO,1
64644,MO,1
64648,MO,1
64649,MO,1
64651,MO,0
64652,MO,0
64653,MO,1
64658,MO,1
64661,MO,1
64667,MO,0
64668,MO,1
64670,MO,0
64671,MO,0
64673,MO,1
64679,MO,0
64683,MO,1
64688,MO,0
64689,MO,1
64701,MO,1
64720,MO,1
64722,MO,0
64723,MO,0
64724,MO,1
64725,MO,1
64726,MO,0
64728,MO,0
64730,MO,1
64733,MO,0
64734,MO,1
64735,MO,1
64738,MO,0
64739,MO,1
64740,MO,1
64741,MO,0
64742,MO,1
64744,MO,1
64746,MO,1
64747,MO,1
64748,MO,1
64752,MO,1
64755,MO,0
64756,MO,1
64759,MO,1
64761,MO,0
64762,MO,1
64763,MO,1
64767,MO,1
64771,MO,1
64772,MO,1
64776,MO,1
64779,MO,1
64780,MO,0
64783,MO,1
64784,MO,1
64788,MO,1
64790,MO,0
64801,MO,1
64804,MO,1
64830,MO,0
64831,MO,1
64832,MO,1
64834,MO,1
64835,MO,1
64836,MO,1
64840,MO,1
64841,MO,1
64842,MO,1
64843,MO,1
64844,MO,1
64848,MO,1
64850,MO,1
64854,MO,1
64855,MO,1
64856,MO,1
64859,MO,1
64861,MO,0
64862,MO,1
64863,MO,0
64865,MO,1
64866,MO,1
64867,MO,1
64870,MO,1
64873,MO,0
64874,MO,1
65010,MO,1
65011,MO,1
65013,MO,1
65014,MO,1
65016,MO,0
65017,MO,1
65018,MO,1
65020,MO,1
65023,MO,1
65024,MO,1
65025,MO,0
65026,MO,1
65032,MO,1
65035,MO,1
65037,MO,1
65039,MO,1
65040,MO,1
65041,MO,1
65043,MO,1
65046,MO,0
65047,MO,1
65049,MO,1
65051,MO,1
65052,MO,1
65053,MO,0
65058,MO,0
65061,MO,1
65063,MO,1
65065,MO,1
65066,MO,1
65067,MO,0
65068,MO,0
65072,MO,1
65074,MO,1
65075,MO,0
65078,MO,1
65079,MO,1
65080,MO,0
65081,MO,1
65082,MO,0
65083,MO,0
65084,MO,1
65085,MO,0
65101,MO,1
65109,MO,1
65201,MO,1
65202,MO,1
65203,MO,1
65230,MO,1
65231,MO,1
65233,MO,1
65236,MO,0
65237,MO,0
65239,MO,1
65240,MO,1
65243,MO,1
65244,MO,0
65248,MO,1
65251,MO,1
65254,MO,1
65255,MO,1
65256,MO,1
65257,MO,1
65259,MO,1
65260,MO,0
65261,MO,0
65262,MO,0
65263,MO,1
65265,MO,1
65270,MO,1
65274,MO,1
65275,MO,1
65276,MO,0
65279,MO,0
65281,MO,1
65282,MO,1
65283,MO,1
65284,MO,1
65287,MO,1
65301,MO,1
65320,MO,0
65321,MO,0
65323,MO,1
65324,MO,1
65325,MO,1
65326,MO,1
65332,MO,1
65334,MO,0
65336,MO,1
65337,MO,1
65338,MO,1
65340,MO,1
65345,MO,0
65347,MO,1
65348,MO,1
65349,MO,1
65350,MO,1
65351,MO,1
65355,MO,1
65360,MO,1
65401,MO,1
65438,MO,1
65441,MO,1
65444,MO,0
65452,MO,1
65453,MO,1
65457,MO,0
65459,MO,1
65462,MO,1
65463,MO,1
65466,MO,1
65470,MO,0
65479,MO,0
65483,MO,1
65486,MO,1
65534,MO,1
65535,MO,1
65536,MO,1
65541,MO,0
65542,MO,1
65546,MO,1
65548,MO,1
65550,MO,0
65552,MO,1
65555,MO,0
65556,MO,1
65557,MO,0
65559,MO,1
65560,MO,1
65565,MO,1
65566,MO,1
65567,MO,0
65571,MO,1
65580,MO,0
65582,MO,1
65583,MO,1
65584,MO,1
65588,MO,1
65589,MO,0
65590,MO,1
65591,MO,1
65601,MO,1
65603,MO,0
65604,MO,1
65605,MO,1
65606,MO,1
65608,MO,1
65610,MO,1
65611,MO,1
65612,MO,1
65613,MO,1
65614,MO,1
65616,MO,1
65617,MO,1
65619,MO,1
65620,MO,0
65622,MO,1
65624,MO,1
65625,MO,1
65626,MO,1
65627,MO,1
65629,MO,1
65630,MO,1
65631,MO,1
65632,MO,1
65633,MO,1
65634,MO,1
65635,MO,0
65637,MO,1
65640,MO,0
65641,MO,1
65644,MO,1
65646,MO,1
65647,MO,1
65648,MO,1
65649,MO,1
65650,MO,1
65652,MO,1
65653,MO,1
65655,MO,1
65656,MO,1
65658,MO,1
65660,MO,0
65661,MO,1
65662,MO,0
65663,MO,1
65667,MO,1
65668,MO,1
65669,MO,1
65672,MO,1
65674,MO,1
65676,MO,1
65679,MO,1
65680,MO,1
65681,MO,1
65682,MO,1
65685,MO,1
65686,MO,1
65689,MO,1
65692,MO,0
65702,MO,1
65704,MO,1
65705,MO,1
65706,MO,1
65707,MO,1
65708,MO,1
65710,MO,0
65711,MO,1
65712,MO,1
65713,MO,1
65714,MO,1
65717,MO,1
65720,MO,1
65721,MO,1
65722,MO,1
65723,MO,1
65724,MO,1
65725,MO,1
65729,MO,0
65731,MO,1
65732,MO,1
65733,MO,1
65734,MO,1
65737,MO,1
65738,MO,1
65739,MO,1
65740,MO,1
65742,MO,1
65745,MO,1
65746,MO,1
65747,MO,1
65752,MO,0
65753,MO,1
65754,MO,0
65755,MO,1
65756,MO,0
65757,MO,1
65759,MO,0
65760,MO,0
65761,MO,1
65767,MO,1
65768,MO,0
65769,MO,1
65770,MO,1
65771,MO,1
65772,MO,1
65773,MO,0
65774,MO,0
65775,MO,1
65778,MO,0
65779,MO,1
65781,MO,1
65783,MO,0
65784,MO,0
65785,MO,1
65786,MO,1
65787,MO,1
65789,MO,1
65790,MO,0
65791,MO,1
65793,MO,1
65802,MO,1
65803,MO,1
65804,MO,1
65806,MO,1
65807,MO,1
65809,MO,1
65810,MO,1
66002,KS,1
66006,KS,1
66007,KS,1
66010,KS,0
66012,KS,1
66013,KS,1
66014,KS,0
66015,KS,1
66018,KS,1
66020,KS,1
66021,KS,1
66023,KS,0
66025,KS,1
66026,KS,1
66030,KS,1
66032,KS,1
66033,KS,0
66035,KS,1
66040,KS,1
66042,KS,1
66043,KS,1
66044,KS,1
66046,KS,1
66047,KS,1
66048,KS,1
66049,KS,1
66050,KS,1
66052,KS,1
66053,KS,1
66054,KS,1
66056,KS,1
66060,KS,1
66061,KS,1
66062,KS,1
66064,KS,1
66066,KS,1
66067,KS,1
66070,KS,1
66071,KS,1
66072,KS,1
66073,KS,1
66075,KS,1
66076,KS,1
66080,KS,1
66083,KS,1
66085,KS,1
66086,KS,1
66087,KS,1
66088,KS,1
66090,KS,1
66092,KS,1
66093,KS,0
66095,KS,1
66101,KS,1
66102,KS,1
66103,KS,1
66104,KS,1
66105,KS,1
66106,KS,1
66109,KS,1
66111,KS,1
66112,KS,1
66201,KS,0
66202,KS,1
66203,KS,1
66204,KS,1
66205,KS,1
66206,KS,1
66207,KS,1
66208,KS,1
66209,KS,1
66210,KS,1
66211,KS,1
66212,KS,1
66213,KS,1
66214,KS,1
66215,KS,1
66216,KS,1
66217,KS,1
66218,KS,1
66219,KS,1
66220,KS,1
66221,KS,1
66223,KS,1
66224,KS,1
66226,KS,1
66227,KS,1
66401,KS,1
66402,KS,1
66409,KS,1
66413,KS,1
66414,KS,1
66418,KS,0
66419,KS,0
66423,KS,0
66429,KS,0
66431,KS,1
66432,KS,0
66434,KS,1
66436,KS,1
66439,KS,1
66440,KS,1
66441,KS,1
66449,KS,0
66451,KS,1
66502,KS,1
66503,KS,1
66507,KS,1
66509,KS,1
66512,KS,1
66514,KS,1
66517,KS,1
66521,KS,1
66523,KS,1
66524,KS,1
66526,KS,0
66531,KS,1
66533,KS,1
66534,KS,1
66535,KS,1
66536,KS,1
66538,KS,0
66539,KS,1
66540,KS,0
66542,KS,1
66543,KS,1
66546,KS,1
66547,KS,1
66549,KS,1
66552,KS,0
66603,KS,1
66604,KS,1
66605,KS,1
66606,KS,1
66607,KS,1
66608,KS,1
66609,KS,1
66610,KS,1
66611,KS,1
66612,KS,1
66614,KS,1
66615,KS,1
66616,KS,1
66617,KS,1
66618,KS,1
66619,KS,1
66701,KS,1
66711,KS,0
66712,KS,1
66713,KS,1
66716,KS,0
66720,KS,1
66724,KS,0
66725,KS,1
66733,KS,1
66735,KS,0
66736,KS,1
66739,KS,1
66740,KS,0
66743,KS,1
66748,KS,1
66749,KS,1
66751,KS,0
66753,KS,1
66754,KS,0
66755,KS,0
66756,KS,0
66757,KS,1
66762,KS,1
66763,KS,1
66767,KS,0
66770,KS,1
66773,KS,0
66776,KS,0
66777,KS,0
66779,KS,0
66781,KS,1
66783,KS,1
66801,KS,1
66830,KS,0
66833,KS,0
66834,KS,0
66835,KS,1
66839,KS,1
66845,KS,0
66846,KS,1
66849,KS,0
66852,KS,0
66854,KS,1
66856,KS,1
66857,KS,1
66858,KS,0
66860,KS,1
66861,KS,1
66865,KS,0
66866,KS,0
66871,KS,0
66872,KS,1
66901,KS,1
66935,KS,1
66956,KS,0
66968,KS,0
67001,KS,1
67002,KS,1
67003,KS,1
67004,KS,0
67005,KS,1
67009,KS,0
67010,KS,1
67013,KS,1
67016,KS,0
67017,KS,1
67019,KS,0
67020,KS,1
67022,KS,1
67023,KS,0
67025,KS,1
67026,KS,1
67030,KS,1
67031,KS,1
67037,KS,1
67039,KS,1
67042,KS,1
67045,KS,1
67047,KS,1
67050,KS,1
67052,KS,1
67053,KS,1
67054,KS,0
67056,KS,1
67058,KS,1
67060,KS,1
67062,KS,1
67063,KS,1
67067,KS,1
67068,KS,1
67070,KS,0
67074,KS,1
67101,KS,1
67104,KS,1
67107,KS,1
67108,KS,0
67109,KS,0
67110,KS,1
67111,KS,0
67114,KS,1
67117,KS,1
67118,KS,1
67119,KS,1
67120,KS,1
67124,KS,1
67132,KS,0
67133,KS,1
67135,KS,1
67137,KS,1
67140,KS,1
67144,KS,1
67146,KS,1
67147,KS,1
67149,KS,1
67151,KS,1
67152,KS,1
67156,KS,1
67202,KS,1
67203,KS,1
67204,KS,1
67205,KS,1
67206,KS,1
67207,KS,1
67208,KS,1
67209,KS,1
67210,KS,1
67211,KS,1
67212,KS,1
67213,KS,1
67214,KS,1
67215,KS,1
67216,KS,1
67217,KS,1
67218,KS,1
67219,KS,1
67220,KS,1
67223,KS,1
67226,KS,1
67227,KS,1
67228,KS,1
67230,KS,1
67232,KS,0
67235,KS,1
67276,KS,0
67301,KS,1
67330,KS,1
67332,KS,0
67333,KS,1
67335,KS,1
67336,KS,1
67337,KS,1
67344,KS,0
67349,KS,1
67354,KS,0
67356,KS,0
67357,KS,1
67361,KS,0
67401,KS,1
67410,KS,1
67416,KS,1
67422,KS,1
67423,KS,0
67425,KS,0
67428,KS,0
67431,KS,1
67432,KS,1
67436,KS,1
67441,KS,0
67443,KS,0
67444,KS,0
67448,KS,0
67449,KS,1
67450,KS,1
67451,KS,0
67454,KS,0
67455,KS,0
67456,KS,1
67457,KS,0
67460,KS,1
67464,KS,1
67466,KS,0
67467,KS,1
67480,KS,1
67482,KS,0
67487,KS,1
67490,KS,1
67492,KS,0
67501,KS,1
67502,KS,1
67505,KS,0
67511,KS,0
67514,KS,0
67520,KS,0
67522,KS,1
67524,KS,0
67525,KS,1
67526,KS,1
67530,KS,1
67543,KS,1
67544,KS,1
67547,KS,1
67548,KS,1
67550,KS,1
67554,KS,0
67560,KS,1
67567,KS,0
67568,KS,0
67570,KS,1
67576,KS,0
67579,KS,0
67583,KS,1
67601,KS,1
67632,KS,0
67634,KS,1
67637,KS,1
67640,KS,0
67642,KS,1
67650,KS,0
67663,KS,1
67665,KS,1
67669,KS,1
67671,KS,1
67672,KS,1
67735,KS,0
67748,KS,0
67751,KS,0
67752,KS,1
67758,KS,0
67801,KS,1
67831,KS,0
67834,KS,1
67835,KS,1
67838,KS,1
67839,KS,0
67844,KS,1
67846,KS,1
67851,KS,1
67853,KS,0
67854,KS,1
67855,KS,0
67860,KS,1
67864,KS,1
67867,KS,0
67870,KS,1
67871,KS,0
67876,KS,0
67877,KS,1
67880,KS,0
67950,KS,0
68002,NE,1
68003,NE,1
68005,NE,1
68007,NE,1
68008,NE,1
68010,NE,0
68015,NE,1
68016,NE,1
68017,NE,1
68022,NE,1
68023,NE,1
68025,NE,1
68028,NE,1
68029,NE,1
68030,NE,1
68031,NE,1
68033,NE,0
68034,NE,0
68037,NE,1
68038,NE,1
68041,NE,0
68044,NE,1
68045,NE,1
68046,NE,1
68047,NE,1
68048,NE,1
68050,NE,0
68057,NE,1
68059,NE,1
68061,NE,1
68063,NE,0
68064,NE,1
68065,NE,1
68066,NE,1
68069,NE,1
68070,NE,0
68073,NE,1
68102,NE,1
68104,NE,1
68105,NE,1
68106,NE,1
68107,NE,1
68108,NE,1
68110,NE,1
68111,NE,1
68112,NE,1
68114,NE,1
68116,NE,1
68117,NE,1
68118,NE,1
68122,NE,1
68123,NE,1
68124,NE,1
68127,NE,1
68128,NE,1
68130,NE,1
68131,NE,1
68132,NE,1
68133,NE,1
68134,NE,1
68135,NE,1
68136,NE,1
68137,NE,1
68138,NE,1
68142,NE,1
68144,NE,1
68147,NE,1
68152,NE,1
68154,NE,1
68157,NE,1
68164,NE,1
68301,NE,1
68303,NE,0
68304,NE,0
68305,NE,1
68310,NE,1
68313,NE,0
68317,NE,1
68322,NE,1
68329,NE,1
68331,NE,0
68333,NE,1
68339,NE,1
68341,NE,0
68342,NE,1
68343,NE,1
68344,NE,1
68347,NE,1
68349,NE,0
68352,NE,1
68354,NE,1
68358,NE,0
68359,NE,1
68360,NE,1
68361,NE,1
68364,NE,0
68365,NE,1
68366,NE,1
68367,NE,1
68368,NE,1
68370,NE,0
68371,NE,1
68372,NE,1
68376,NE,1
68378,NE,0
68401,NE,0
68402,NE,0
68403,NE,0
68404,NE,1
68405,NE,1
68407,NE,0
68409,NE,1
68410,NE,1
68413,NE,0
68415,NE,1
68416,NE,0
68417,NE,0
68418,NE,1
68420,NE,1
68421,NE,0
68422,NE,1
68423,NE,0
68424,NE,1
68428,NE,0
68430,NE,1
68434,NE,1
68436,NE,1
68438,NE,0
68439,NE,0
68441,NE,0
68443,NE,1
68445,NE,0
68446,NE,1
68448,NE,0
68450,NE,0
68455,NE,1
68456,NE,1
68460,NE,0
68461,NE,1
68462,NE,1
68463,NE,1
68464,NE,0
68465,NE,0
68466,NE,1
68467,NE,1
68502,NE,1
68503,NE,1
68504,NE,1
68505,NE,1
68506,NE,1
68507,NE,1
68508,NE,1
68510,NE,1
68512,NE,1
68514,NE,1
68516,NE,1
68517,NE,1
68520,NE,1
68521,NE,1
68522,NE,1
68523,NE,1
68524,NE,1
68526,NE,1
68527,NE,1
68528,NE,1
68532,NE,1
68601,NE,1
68620,NE,1
68621,NE,0
68624,NE,1
68626,NE,1
68631,NE,1
68632,NE,1
68633,NE,1
68634,NE,1
68640,NE,1
68641,NE,1
68642,NE,1
68643,NE,0
68648,NE,0
68649,NE,1
68651,NE,1
68653,NE,1
68658,NE,0
68661,NE,1
68662,NE,1
68663,NE,1
68666,NE,1
68669,NE,0
68701,NE,1
68715,NE,1
68716,NE,0
68727,NE,0
68730,NE,1
68731,NE,1
68733,NE,1
68736,NE,0
68739,NE,1
68741,NE,0
68743,NE,0
68745,NE,0
68748,NE,1
68752,NE,0
68756,NE,1
68757,NE,0
68758,NE,1
68765,NE,0
68767,NE,1
68768,NE,0
68769,NE,1
68770,NE,1
68771,NE,0
68776,NE,1
68779,NE,1
68781,NE,1
68784,NE,1
68786,NE,0
68787,NE,1
68788,NE,1
68791,NE,1
68792,NE,1
68801,NE,1
68803,NE,1
68812,NE,0
68814,NE,1
68818,NE,1
68820,NE,0
68822,NE,0
68824,NE,1
68825,NE,0
68826,NE,1
68831,NE,0
68832,NE,1
68840,NE,1
68841,NE,1
68843,NE,1
68845,NE,1
68846,NE,1
68847,NE,1
68850,NE,1
68852,NE,0
68853,NE,1
68854,NE,0
68861,NE,0
68862,NE,0
68864,NE,0
68865,NE,1
68869,NE,1
68872,NE,0
68873,NE,1
68876,NE,1
68883,NE,1
68901,NE,1
68920,NE,0
68924,NE,1
68928,NE,0
68930,NE,0
68932,NE,0
68933,NE,0
68935,NE,0
68937,NE,1
68939,NE,1
68942,NE,0
68944,NE,1
68947,NE,0
68949,NE,1
68950,NE,0
68955,NE,1
68956,NE,0
68959,NE,1
68961,NE,1
68970,NE,1
68978,NE,1
68979,NE,1
68982,NE,0
69001,NE,0
69025,NE,1
69028,NE,1
69029,NE,0
69101,NE,1
69123,NE,0
69127,NE,0
69128,NE,0
69130,NE,1
69131,NE,0
69138,NE,1
69143,NE,1
69145,NE,1
69151,NE,0
69153,NE,1
69161,NE,0
69162,NE,0
69163,NE,1
69165,NE,1
69201,NE,1
69301,NE,1
69334,NE,1
69336,NE,0
69341,NE,1
69345,NE,0
69356,NE,1
69357,NE,1
69358,NE,1
69361,NE,1
69367,NE,0
70001,LA,1
70002,LA,1
70003,LA,1
70005,LA,1
70006,LA,1
70030,LA,1
70031,LA,1
70032,LA,1
70036,LA,1
70037,LA,1
70039,LA,1
70040,LA,1
70041,LA,0
70043,LA,1
70047,LA,1
70051,LA,1
70052,LA,1
70053,LA,1
70056,LA,1
70057,LA,1
70058,LA,1
70062,LA,1
70065,LA,1
70067,LA,1
70068,LA,1
70070,LA,1
70071,LA,1
70072,LA,1
70075,LA,1
70076,LA,0
70079,LA,1
70080,LA,0
70083,LA,0
70084,LA,1
70085,LA,1
70087,LA,1
70090,LA,1
70092,LA,1
70093,LA,1
70094,LA,1
70112,LA,1
70113,LA,1
70114,LA,1
70115,LA,1
70116,LA,1
70117,LA,1
70118,LA,1
70119,LA,1
70121,LA,1
70122,LA,1
70123,LA,1
70124,LA,1
70125,LA,1
70126,LA,1
70127,LA,1
70128,LA,1
70129,LA,1
70130,LA,1
70131,LA,1
70140,LA,0
70145,LA,1
70149,LA,0
70301,LA,1
70339,LA,1
70341,LA,1
70342,LA,1
70343,LA,1
70344,LA,1
70345,LA,1
70346,LA,1
70353,LA,1
70354,LA,1
70355,LA,0
70356,LA,1
70357,LA,1
70358,LA,1
70359,LA,1
70360,LA,1
70363,LA,1
70364,LA,1
70372,LA,1
70373,LA,1
70374,LA,1
70377,LA,1
70380,LA,1
70390,LA,1
70392,LA,1
70394,LA,1
70395,LA,1
70397,LA,1
70401,LA,1
70403,LA,1
70420,LA,1
70422,LA,1
70426,LA,1
70427,LA,1
70431,LA,1
70433,LA,1
70435,LA,1
70437,LA,1
70438,LA,1
70441,LA,1
70443,LA,1
70444,LA,1
70445,LA,1
70446,LA,1
70447,LA,1
70448,LA,1
70449,LA,1
70450,LA,1
70452,LA,1
70454,LA,1
70455,LA,1
70456,LA,0
70458,LA,1
70460,LA,1
70461,LA,1
70462,LA,1
70466,LA,1
70471,LA,1
70501,LA,1
70503,LA,1
70506,LA,1
70507,LA,1
70508,LA,1
70510,LA,1
70512,LA,1
70514,LA,1
70515,LA,1
70516,LA,0
70517,LA,1
70518,LA,1
70520,LA,1
70524,LA,0
70525,LA,1
70526,LA,1
70528,LA,0
70529,LA,1
70531,LA,0
70532,LA,1
70533,LA,1
70534,LA,0
70535,LA,1
70538,LA,1
70542,LA,1
70543,LA,1
70544,LA,1
70546,LA,1
70548,LA,1
70549,LA,1
70554,LA,1
70555,LA,1
70559,LA,1
70560,LA,1
70563,LA,1
70570,LA,1
70577,LA,1
70578,LA,1
70581,LA,0
70582,LA,1
70583,LA,1
70584,LA,1
70586,LA,1
70589,LA,1
70591,LA,1
70592,LA,1
70601,LA,1
70605,LA,1
70606,LA,1
70607,LA,1
70611,LA,1
70615,LA,1
70630,LA,0
70631,LA,1
70633,LA,1
70634,LA,1
70645,LA,1
70646,LA,0
70647,LA,1
70648,LA,1
70650,LA,0
70652,LA,1
70653,LA,1
70655,LA,0
70656,LA,1
70657,LA,1
70661,LA,0
70662,LA,0
70663,LA,1
70665,LA,1
70668,LA,1
70669,LA,1
70706,LA,1
70710,LA,1
70711,LA,1
70714,LA,1
70715,LA,1
70719,LA,1
70721,LA,0
70722,LA,1
70723,LA,1
70725,LA,1
70726,LA,1
70729,LA,1
70730,LA,1
70732,LA,1
70734,LA,1
70737,LA,1
70739,LA,1
70744,LA,1
70748,LA,1
70749,LA,1
70750,LA,0
70754,LA,1
70755,LA,1
70757,LA,1
70759,LA,0
70760,LA,1
70762,LA,0
70763,LA,1
70764,LA,1
70767,LA,1
70769,LA,1
70770,LA,1
70772,LA,1
70774,LA,1
70775,LA,1
70776,LA,1
70777,LA,1
70778,LA,1
70780,LA,1
70783,LA,1
70785,LA,1
70788,LA,1
70789,LA,0
70791,LA,1
70802,LA,1
70805,LA,1
70806,LA,1
70807,LA,1
70808,LA,1
70809,LA,1
70810,LA,1
70811,LA,1
70812,LA,1
70814,LA,1
70815,LA,1
70816,LA,1
70817,LA,1
70818,LA,1
70819,LA,1
70820,LA,1
70825,LA,1
70836,LA,1
71001,LA,1
71003,LA,0
71004,LA,0
71006,LA,1
71007,LA,1
71018,LA,0
71019,LA,1
71023,LA,1
71027,LA,1
71029,LA,0
71030,LA,1
71031,LA,1
71032,LA,1
71033,LA,1
71037,LA,1
71038,LA,1
71039,LA,1
71040,LA,1
71043,LA,0
71044,LA,0
71045,LA,0
71046,LA,1
71047,LA,1
71049,LA,1
71051,LA,0
71052,LA,1
71055,LA,1
71060,LA,1
71061,LA,1
71064,LA,1
71067,LA,1
71068,LA,1
71070,LA,1
71071,LA,1
71072,LA,0
71073,LA,1
71075,LA,1
71078,LA,1
71082,LA,1
71101,LA,1
71103,LA,1
71104,LA,1
71105,LA,1
71106,LA,1
71107,LA,1
71108,LA,1
71109,LA,1
71111,LA,1
71112,LA,1
71115,LA,1
71118,LA,1
71119,LA,1
71129,LA,1
71201,LA,1
71202,LA,1
71203,LA,1
71219,LA,1
71220,LA,1
71222,LA,1
71225,LA,1
71227,LA,1
71229,LA,1
71232,LA,1
71234,LA,1
71235,LA,1
71237,LA,1
71238,LA,0
71241,LA,1
71245,LA,1
71251,LA,1
71254,LA,1
71256,LA,0
71259,LA,1
71260,LA,1
71261,LA,0
71263,LA,1
71264,LA,0
71266,LA,0
71268,LA,1
71269,LA,1
71270,LA,1
71275,LA,1
71280,LA,1
71282,LA,1
71291,LA,1
71292,LA,1
71295,LA,1
71301,LA,1
71302,LA,1
71303,LA,1
71322,LA,1
71323,LA,0
71325,LA,0
71327,LA,1
71328,LA,1
71333,LA,0
71334,LA,1
71336,LA,0
71341,LA,0
71342,LA,1
71343,LA,1
71346,LA,1
71350,LA,1
71351,LA,1
71354,LA,1
71355,LA,1
71358,LA,0
71360,LA,1
71362,LA,1
71366,LA,1
71368,LA,1
71371,LA,0
71373,LA,1
71403,LA,1
71404,LA,0
71405,LA,1
71407,LA,1
71409,LA,1
71411,LA,1
71417,LA,1
71418,LA,1
71419,LA,1
71423,LA,1
71429,LA,1
71430,LA,0
71433,LA,1
71435,LA,1
71438,LA,0
71439,LA,0
71443,LA,1
71446,LA,1
71447,LA,0
71449,LA,1
71454,LA,1
71456,LA,1
71457,LA,1
71461,LA,1
71463,LA,1
71465,LA,1
71467,LA,1
71479,LA,1
71483,LA,1
71485,LA,1
71486,LA,0
71601,AR,1
71602,AR,1
71603,AR,1
71635,AR,1
71638,AR,1
71639,AR,1
71640,AR,1
71643,AR,0
71646,AR,1
71647,AR,1
71651,AR,1
71652,AR,0
71653,AR,1
71654,AR,1
71655,AR,1
71665,AR,1
71667,AR,1
71670,AR,0
71671,AR,1
71675,AR,0
71701,AR,1
71720,AR,1
71726,AR,1
71730,AR,1
71740,AR,0
71742,AR,1
71743,AR,1
71744,AR,1
71749,AR,1
71753,AR,1
71762,AR,1
71763,AR,1
71765,AR,0
71770,AR,1
71801,AR,1
71822,AR,1
71832,AR,1
71833,AR,0
71834,AR,1
71836,AR,1
71837,AR,1
71841,AR,0
71842,AR,1
71846,AR,1
71847,AR,0
71851,AR,1
71852,AR,1
71854,AR,1
71855,AR,0
71857,AR,1
71859,AR,0
71861,AR,1
71866,AR,0
71901,AR,1
71909,AR,1
71913,AR,1
71920,AR,1
71921,AR,1
71923,AR,1
71929,AR,1
71933,AR,1
71935,AR,0
71937,AR,1
71940,AR,0
71941,AR,1
71943,AR,1
71945,AR,1
71949,AR,0
71950,AR,1
71953,AR,1
71956,AR,0
71957,AR,1
71958,AR,1
71959,AR,1
71960,AR,1
71961,AR,1
71962,AR,1
71964,AR,1
71965,AR,0
71968,AR,1
71970,AR,1
71971,AR,0
71973,AR,0
72002,AR,1
72003,AR,0
72004,AR,0
72005,AR,0
72006,AR,1
72007,AR,1
72010,AR,1
72011,AR,1
72012,AR,1
72013,AR,1
72015,AR,1
72016,AR,1
72019,AR,1
72020,AR,1
72021,AR,1
72022,AR,1
72023,AR,1
72024,AR,1
72025,AR,1
72027,AR,0
72030,AR,0
72031,AR,1
72032,AR,1
72034,AR,1
72039,AR,1
72040,AR,0
72041,AR,1
72042,AR,0
72044,AR,1
72045,AR,1
72046,AR,1
72047,AR,1
72051,AR,0
72057,AR,0
72058,AR,1
72060,AR,0
72063,AR,0
72064,AR,1
72065,AR,1
72067,AR,1
72068,AR,1
72069,AR,0
72070,AR,1
72073,AR,1
72076,AR,1
72080,AR,0
72081,AR,1
72082,AR,1
72084,AR,1
72086,AR,1
72087,AR,1
72088,AR,1
72101,AR,1
72102,AR,1
72103,AR,1
72104,AR,1
72106,AR,1
72110,AR,1
72111,AR,1
72112,AR,1
72113,AR,1
72114,AR,1
72116,AR,1
72117,AR,1
72118,AR,1
72120,AR,1
72121,AR,1
72122,AR,1
72125,AR,1
72126,AR,1
72127,AR,1
72128,AR,1
72129,AR,1
72130,AR,1
72131,AR,1
72132,AR,1
72135,AR,1
72136,AR,1
72137,AR,1
72141,AR,1
72142,AR,1
72143,AR,1
72150,AR,1
72152,AR,0
72153,AR,1
72156,AR,1
72160,AR,1
72167,AR,1
72173,AR,1
72176,AR,1
72179,AR,1
72199,AR,1
72201,AR,1
72202,AR,1
72204,AR,1
72205,AR,1
72206,AR,1
72207,AR,1
72209,AR,1
72210,AR,1
72211,AR,1
72212,AR,1
72215,AR,0
72221,AR,1
72223,AR,1
72227,AR,1
72301,AR,1
72315,AR,1
72324,AR,0
72326,AR,0
72327,AR,1
72331,AR,1
72335,AR,1
72342,AR,1
72347,AR,1
72348,AR,1
72350,AR,0
72354,AR,1
72355,AR,0
72358,AR,0
72360,AR,0
72364,AR,1
72365,AR,1
72366,AR,1
72368,AR,0
72370,AR,1
72372,AR,0
72373,AR,0
72376,AR,1
72386,AR,1
72390,AR,1
72395,AR,1
72396,AR,1
72401,AR,1
72404,AR,1
72405,AR,1
72411,AR,1
72412,AR,1
72413,AR,1
72415,AR,1
72416,AR,1
72417,AR,1
72419,AR,1
72422,AR,1
72430,AR,1
72432,AR,1
72433,AR,1
72434,AR,1
72436,AR,0
72437,AR,1
72438,AR,1
72439,AR,0
72440,AR,0
72442,AR,1
72443,AR,1
72444,AR,0
72447,AR,1
72450,AR,1
72454,AR,1
72455,AR,1
72456,AR,0
72458,AR,0
72459,AR,1
72460,AR,0
72461,AR,1
72466,AR,1
72469,AR,0
72472,AR,1
72473,AR,1
72476,AR,1
72479,AR,0
72482,AR,1
72501,AR,1
72512,AR,1
72513,AR,1
72517,AR,0
72519,AR,1
72520,AR,1
72521,AR,1
72522,AR,0
72523,AR,1
72524,AR,0
72529,AR,1
72530,AR,1
72531,AR,1
72532,AR,1
72533,AR,0
72534,AR,1
72536,AR,0
72537,AR,1
72539,AR,0
72540,AR,0
72542,AR,1
72543,AR,1
72544,AR,1
72550,AR,1
72554,AR,1
72555,AR,0
72556,AR,1
72560,AR,1
72561,AR,1
72562,AR,1
72565,AR,1
72566,AR,0
72567,AR,0
72568,AR,1
72573,AR,0
72576,AR,1
72577,AR,1
72579,AR,0
72581,AR,1
72583,AR,1
72584,AR,1
72601,AR,1
72611,AR,1
72616,AR,1
72619,AR,1
72623,AR,1
72624,AR,1
72626,AR,1
72628,AR,1
72629,AR,0
72630,AR,0
72631,AR,1
72632,AR,1
72633,AR,1
72634,AR,1
72635,AR,1
72638,AR,1
72639,AR,1
72640,AR,0
72641,AR,1
72642,AR,1
72644,AR,1
72645,AR,1
72648,AR,1
72650,AR,1
72651,AR,1
72653,AR,1
72657,AR,1
72658,AR,1
72659,AR,1
72660,AR,0
72661,AR,1
72662,AR,1
72666,AR,0
72668,AR,1
72670,AR,0
72675,AR,1
72680,AR,1
72682,AR,1
72683,AR,0
72685,AR,1
72686,AR,0
72687,AR,1
72701,AR,1
72703,AR,1
72704,AR,1
72712,AR,1
72713,AR,1
72714,AR,1
72715,AR,1
72717,AR,0
72718,AR,1
72719,AR,1
72721,AR,0
72722,AR,1
72727,AR,1
72730,AR,1
72732,AR,1
72733,AR,0
72734,AR,1
72736,AR,1
72738,AR,1
72739,AR,1
72740,AR,1
72742,AR,0
72744,AR,1
72745,AR,1
72747,AR,0
72751,AR,1
72752,AR,0
72753,AR,1
72756,AR,1
72758,AR,1
72761,AR,1
72762,AR,1
72764,AR,1
72768,AR,1
72769,AR,0
72773,AR,1
72774,AR,1
72776,AR,0
72801,AR,1
72802,AR,1
72821,AR,1
72823,AR,1
72824,AR,1
72830,AR,1
72833,AR,1
72834,AR,1
72835,AR,1
72837,AR,1
72838,AR,0
72840,AR,1
72842,AR,1
72843,AR,1
72845,AR,1
72846,AR,1
72847,AR,1
72851,AR,0
72853,AR,1
72854,AR,1
72855,AR,1
72856,AR,0
72857,AR,1
72858,AR,1
72860,AR,0
72863,AR,0
72865,AR,0
72901,AR,1
72903,AR,1
72904,AR,1
72908,AR,1
72916,AR,1
72918,AR,0
72921,AR,1
72923,AR,1
72927,AR,1
72928,AR,0
72932,AR,1
72933,AR,1
72934,AR,0
72935,AR,0
72936,AR,1
72937,AR,1
72938,AR,1
72940,AR,1
72941,AR,1
72943,AR,1
72944,AR,1
72946,AR,1
72947,AR,1
72948,AR,1
72949,AR,1
72950,AR,0
72951,AR,0
72952,AR,1
72955,AR,1
72956,AR,1
72958,AR,1
72959,AR,1
73001,OK,0
73002,OK,0
73003,OK,1
73004,OK,0
73005,OK,1
73006,OK,1
73007,OK,1
73008,OK,1
73009,OK,0
73010,OK,1
73011,OK,0
73012,OK,1
73013,OK,1
73014,OK,0
73015,OK,1
73016,OK,1
73017,OK,1
73018,OK,1
73020,OK,1
73024,OK,1
73025,OK,1
73026,OK,1
73027,OK,1
73028,OK,1
73029,OK,1
73030,OK,1
73034,OK,1
73036,OK,1
73038,OK,1
73040,OK,1
73041,OK,0
73042,OK,1
73044,OK,1
73045,OK,1
73047,OK,1
73048,OK,1
73049,OK,1
73051,OK,1
73052,OK,1
73053,OK,1
73054,OK,1
73055,OK,1
73057,OK,0
73058,OK,1
73059,OK,1
73061,OK,1
73063,OK,0
73064,OK,1
73065,OK,1
73067,OK,1
73068,OK,1
73069,OK,1
73071,OK,1
73072,OK,1
73075,OK,1
73077,OK,1
73078,OK,1
73079,OK,0
73080,OK,1
73082,OK,1
73084,OK,1
73085,OK,1
73086,OK,1
73089,OK,1
73090,OK,1
73092,OK,0
73093,OK,1
73095,OK,1
73096,OK,1
73097,OK,0
73098,OK,1
73099,OK,1
73102,OK,1
73103,OK,1
73104,OK,1
73105,OK,1
73106,OK,1
73107,OK,1
73108,OK,1
73109,OK,1
73110,OK,1
73111,OK,1
73112,OK,1
73114,OK,1
73115,OK,1
73116,OK,1
73117,OK,1
73118,OK,1
73119,OK,1
73120,OK,1
73121,OK,1
73122,OK,1
73127,OK,1
73128,OK,1
73129,OK,1
73130,OK,1
73131,OK,1
73132,OK,1
73134,OK,1
73135,OK,1
73139,OK,1
73141,OK,1
73142,OK,1
73149,OK,1
73150,OK,1
73151,OK,1
73159,OK,1
73160,OK,1
73162,OK,1
73163,OK,1
73165,OK,1
73169,OK,1
73170,OK,1
73173,OK,1
73179,OK,1
73195,OK,1
73401,OK,1
73430,OK,1
73432,OK,0
73433,OK,1
73438,OK,1
73439,OK,1
73440,OK,1
73442,OK,0
73443,OK,1
73444,OK,0
73446,OK,1
73447,OK,1
73448,OK,1
73449,OK,1
73450,OK,0
73453,OK,0
73455,OK,0
73456,OK,0
73458,OK,1
73459,OK,1
73460,OK,1
73463,OK,1
73481,OK,0
73501,OK,1
73505,OK,1
73507,OK,1
73521,OK,1
73526,OK,0
73527,OK,1
73528,OK,0
73529,OK,1
73531,OK,0
73532,OK,1
73533,OK,1
73538,OK,1
73541,OK,1
73542,OK,1
73543,OK,1
73546,OK,0
73550,OK,1
73552,OK,0
73554,OK,1
73557,OK,1
73562,OK,1
73565,OK,0
73566,OK,1
73567,OK,0
73568,OK,1
73569,OK,0
73570,OK,1
73572,OK,1
73573,OK,1
73601,OK,1
73620,OK,0
73624,OK,0
73625,OK,0
73626,OK,0
73627,OK,0
73628,OK,0
73632,OK,1
73638,OK,0
73639,OK,0
73641,OK,0
73644,OK,1
73645,OK,1
73647,OK,1
73650,OK,1
73651,OK,1
73654,OK,1
73655,OK,0
73661,OK,1
73662,OK,1
73663,OK,0
73664,OK,1
73667,OK,0
73669,OK,1
73673,OK,1
73701,OK,1
73703,OK,1
73717,OK,1
73727,OK,0
73729,OK,1
73730,OK,0
73735,OK,1
73736,OK,1
73737,OK,1
73738,OK,1
73742,OK,1
73749,OK,0
73750,OK,1
73753,OK,1
73754,OK,1
73755,OK,0
73757,OK,0
73759,OK,1
73761,OK,1
73762,OK,1
73763,OK,1
73766,OK,1
73768,OK,1
73772,OK,1
73773,OK,1
73801,OK,1
73834,OK,0
73840,OK,1
73841,OK,0
73843,OK,1
73848,OK,1
73852,OK,1
73857,OK,0
73858,OK,1
73859,OK,1
73860,OK,1
73931,OK,0
73932,OK,1
73933,OK,0
73938,OK,0
73939,OK,0
73942,OK,1
73945,OK,1
73949,OK,1
74002,OK,1
74003,OK,1
74006,OK,1
74008,OK,1
74010,OK,1
74011,OK,1
74012,OK,1
74014,OK,1
74015,OK,1
74016,OK,1
74017,OK,1
74019,OK,1
74020,OK,1
74021,OK,1
74022,OK,1
74023,OK,1
74026,OK,1
74027,OK,0
74028,OK,0
74029,OK,1
74030,OK,1
74032,OK,1
74033,OK,1
74035,OK,1
74036,OK,1
74037,OK,1
74038,OK,1
74039,OK,1
74041,OK,1
74044,OK,1
74045,OK,0
74047,OK,1
74048,OK,1
74051,OK,1
74052,OK,1
74053,OK,1
74054,OK,0
74055,OK,1
74056,OK,1
74058,OK,1
74059,OK,1
74060,OK,0
74061,OK,1
74063,OK,1
74066,OK,1
74070,OK,1
74072,OK,0
74073,OK,1
74074,OK,1
74075,OK,1
74079,OK,1
74080,OK,0
74081,OK,1
74084,OK,0
74085,OK,1
74103,OK,0
74104,OK,1
74105,OK,1
74106,OK,1
74107,OK,1
74108,OK,1
74110,OK,1
74112,OK,1
74114,OK,1
74115,OK,1
74116,OK,1
74117,OK,0
74119,OK,1
74120,OK,1
74126,OK,1
74127,OK,1
74128,OK,1
74129,OK,1
74130,OK,1
74131,OK,1
74132,OK,1
74133,OK,1
74134,OK,1
74135,OK,1
74136,OK,1
74137,OK,1
74145,OK,1
74146,OK,1
74169,OK,0
74186,OK,0
74301,OK,1
74330,OK,1
74331,OK,1
74332,OK,1
74333,OK,0
74337,OK,1
74338,OK,1
74339,OK,1
74340,OK,0
74342,OK,1
74343,OK,1
74344,OK,1
74346,OK,1
74347,OK,1
74352,OK,1
74354,OK,1
74361,OK,1
74363,OK,0
74364,OK,1
74365,OK,1
74366,OK,1
74369,OK,0
74370,OK,1
74401,OK,1
74403,OK,1
74421,OK,1
74425,OK,1
74426,OK,1
74427,OK,1
74428,OK,1
74429,OK,1
74431,OK,0
74432,OK,1
74434,OK,1
74435,OK,1
74436,OK,1
74437,OK,1
74441,OK,1
74442,OK,1
74444,OK,1
74445,OK,1
74447,OK,1
74450,OK,1
74451,OK,1
74452,OK,0
74454,OK,1
74455,OK,1
74457,OK,0
74462,OK,1
74464,OK,1
74467,OK,1
74469,OK,1
74470,OK,1
74471,OK,1
74472,OK,1
74501,OK,1
74523,OK,1
74525,OK,1
74533,OK,0
74536,OK,1
74538,OK,1
74542,OK,0
74547,OK,1
74552,OK,0
74553,OK,1
74555,OK,1
74557,OK,0
74558,OK,0
74560,OK,1
74561,OK,1
74562,OK,1
74563,OK,1
74570,OK,1
74571,OK,1
74572,OK,0
74574,OK,0
74578,OK,1
74601,OK,1
74604,OK,1
74631,OK,1
74632,OK,1
74637,OK,1
74640,OK,1
74641,OK,1
74647,OK,1
74653,OK,1
74701,OK,1
74723,OK,1
74726,OK,1
74727,OK,1
74728,OK,1
74729,OK,1
74730,OK,1
74731,OK,1
74733,OK,1
74734,OK,0
74735,OK,1
74740,OK,1
74741,OK,1
74743,OK,1
74745,OK,1
74747,OK,0
74748,OK,0
74756,OK,1
74759,OK,0
74764,OK,1
74766,OK,0
74801,OK,1
74804,OK,1
74820,OK,1
74824,OK,1
74825,OK,1
74826,OK,0
74827,OK,1
74829,OK,0
74831,OK,1
74832,OK,1
74833,OK,0
74834,OK,1
74840,OK,1
74843,OK,0
74848,OK,1
74849,OK,1
74851,OK,1
74852,OK,1
74854,OK,1
74855,OK,1
74857,OK,1
74859,OK,1
74860,OK,1
74864,OK,1
74865,OK,1
74867,OK,1
74868,OK,1
74869,OK,0
74871,OK,1
74872,OK,1
74873,OK,1
74875,OK,1
74878,OK,1
74880,OK,1
74881,OK,1
74883,OK,1
74884,OK,1
74901,OK,1
74902,OK,1
74930,OK,1
74931,OK,0
74932,OK,1
74936,OK,0
74937,OK,1
74939,OK,1
74940,OK,1
74941,OK,1
74944,OK,0
74945,OK,1
74948,OK,1
74949,OK,0
74951,OK,0
74953,OK,1
74954,OK,1
74955,OK,1
74956,OK,0
74957,OK,1
74959,OK,1
74960,OK,1
74962,OK,1
74963,OK,0
74964,OK,1
74965,OK,1
74966,OK,1
75001,TX,1
75002,TX,1
75006,TX,1
75007,TX,1
75009,TX,1
75010,TX,1
75013,TX,1
75019,TX,1
75020,TX,1
75021,TX,1
75022,TX,1
75023,TX,1
75024,TX,1
75025,TX,1
75028,TX,1
75032,TX,1
75033,TX,1
75034,TX,1
75035,TX,1
75036,TX,1
75038,TX,1
75039,TX,1
75040,TX,1
75041,TX,1
75042,TX,1
75043,TX,1
75044,TX,1
75048,TX,1
75050,TX,1
75051,TX,1
75052,TX,1
75054,TX,1
75056,TX,1
75057,TX,1
75058,TX,1
75060,TX,1
75061,TX,1
75062,TX,1
75063,TX,1
75065,TX,1
75067,TX,1
75068,TX,1
75069,TX,1
75070,TX,1
75071,TX,1
75072,TX,1
75074,TX,1
75075,TX,1
75076,TX,1
75077,TX,1
75078,TX,1
75080,TX,1
75081,TX,1
75082,TX,1
75085,TX,0
75086,TX,0
75087,TX,1
75088,TX,1
75089,TX,1
75090,TX,1
75092,TX,1
75093,TX,1
75094,TX,1
75098,TX,1
75102,TX,1
75103,TX,1
75104,TX,1
75106,TX,0
75109,TX,1
75110,TX,1
75114,TX,1
75115,TX,1
75116,TX,1
75117,TX,1
75119,TX,1
75124,TX,1
75125,TX,1
75126,TX,1
75127,TX,1
75132,TX,1
75134,TX,1
75135,TX,1
75137,TX,1
75140,TX,1
75141,TX,1
75142,TX,1
75143,TX,1
75144,TX,1
75146,TX,1
75147,TX,1
75148,TX,1
75149,TX,1
75150,TX,1
75152,TX,1
75154,TX,1
75155,TX,1
75156,TX,1
75157,TX,0
75158,TX,1
75159,TX,1
75160,TX,1
75161,TX,1
75163,TX,1
75165,TX,1
75166,TX,1
75167,TX,1
75169,TX,1
75172,TX,1
75173,TX,1
75180,TX,1
75181,TX,1
75182,TX,1
75189,TX,1
75201,TX,1
75202,TX,1
75203,TX,1
75204,TX,1
75205,TX,1
75206,TX,1
75207,TX,0
75208,TX,1
75209,TX,1
75210,TX,1
75211,TX,1
75212,TX,1
75214,TX,1
75215,TX,1
75216,TX,1
75217,TX,1
75218,TX,1
75219,TX,1
75220,TX,1
75223,TX,1
75224,TX,1
75225,TX,1
75226,TX,0
75227,TX,1
75228,TX,1
75229,TX,1
75230,TX,1
75231,TX,1
75232,TX,1
75233,TX,1
75234,TX,1
75235,TX,1
75236,TX,1
75237,TX,1
75238,TX,1
75240,TX,1
75241,TX,1
75243,TX,1
75244,TX,1
75246,TX,1
75248,TX,1
75249,TX,1
75252,TX,1
75253,TX,1
75254,TX,1
75258,TX,0
75260,TX,1
75287,TX,1
75367,TX,0
75371,TX,0
75372,TX,0
75401,TX,1
75402,TX,1
75407,TX,1
75409,TX,1
75410,TX,1
75412,TX,0
75414,TX,1
75416,TX,1
75417,TX,0
75418,TX,1
75420,TX,1
75421,TX,1
75422,TX,1
75423,TX,1
75424,TX,1
75426,TX,1
75428,TX,1
75431,TX,0
75432,TX,1
75433,TX,1
75435,TX,1
75436,TX,1
75437,TX,1
75438,TX,1
75439,TX,1
75440,TX,1
75442,TX,1
75444,TX,1
75446,TX,1
75447,TX,0
75448,TX,1
75449,TX,1
75451,TX,0
75452,TX,1
75453,TX,1
75454,TX,1
75455,TX,1
75457,TX,1
75459,TX,1
75460,TX,1
75462,TX,1
75468,TX,0
75469,TX,1
75471,TX,0
75472,TX,1
75473,TX,1
75474,TX,1
75476,TX,0
75477,TX,1
75478,TX,1
75479,TX,1
75480,TX,1
75481,TX,0
75482,TX,1
75486,TX,1
75487,TX,1
75488,TX,0
75489,TX,1
75490,TX,1
75491,TX,1
75492,TX,0
75494,TX,1
75495,TX,1
75496,TX,1
75497,TX,1
75501,TX,1
75503,TX,1
75551,TX,1
75554,TX,0
75555,TX,0
75556,TX,1
75558,TX,0
75559,TX,1
75560,TX,0
75561,TX,1
75563,TX,1
75566,TX,0
75567,TX,1
75568,TX,1
75569,TX,1
75570,TX,1
75571,TX,1
75572,TX,1
75574,TX,1
75601,TX,1
75602,TX,1
75603,TX,1
75604,TX,1
75605,TX,1
75630,TX,1
75631,TX,1
75633,TX,1
75638,TX,1
75639,TX,1
75640,TX,1
75643,TX,1
75644,TX,1
75645,TX,1
75647,TX,1
75650,TX,1
75651,TX,1
75652,TX,1
75654,TX,1
75656,TX,1
75657,TX,1
75661,TX,1
75662,TX,1
75667,TX,1
75668,TX,1
75669,TX,1
75670,TX,1
75672,TX,1
75681,TX,1
75683,TX,1
75684,TX,1
75686,TX,1
75691,TX,1
75692,TX,1
75693,TX,1
75701,TX,1
75702,TX,1
75703,TX,1
75704,TX,1
75705,TX,1
75706,TX,1
75707,TX,1
75708,TX,1
75709,TX,1
75711,TX,0
75750,TX,1
75751,TX,1
75752,TX,1
75754,TX,1
75755,TX,1
75756,TX,1
75757,TX,1
75758,TX,1
75760,TX,1
75762,TX,1
75763,TX,1
75765,TX,1
75766,TX,1
75770,TX,1
75771,TX,1
75773,TX,1
75778,TX,1
75783,TX,1
75785,TX,1
75789,TX,1
75790,TX,1
75791,TX,1
75792,TX,1
75801,TX,1
75803,TX,1
75831,TX,1
75833,TX,1
75834,TX,0
75835,TX,1
75838,TX,0
75839,TX,1
75840,TX,1
75844,TX,1
75845,TX,1
75846,TX,1
75847,TX,1
75851,TX,1
75853,TX,1
75855,TX,0
75859,TX,1
75860,TX,1
75861,TX,1
75862,TX,1
75901,TX,1
75904,TX,1
75925,TX,1
75929,TX,0
75930,TX,0
75931,TX,1
75932,TX,0
75933,TX,0
75935,TX,1
75936,TX,1
75938,TX,0
75939,TX,0
75941,TX,1
75943,TX,1
75944,TX,1
75946,TX,0
75948,TX,1
75949,TX,1
75951,TX,1
75954,TX,0
75956,TX,1
75959,TX,0
75960,TX,0
75961,TX,1
75964,TX,1
75965,TX,1
75966,TX,1
75968,TX,0
75969,TX,1
75972,TX,0
75973,TX,1
75975,TX,0
75977,TX,0
75979,TX,1
75980,TX,1
76001,TX,1
76002,TX,1
76005,TX,1
76006,TX,1
76008,TX,1
76009,TX,1
76010,TX,1
76011,TX,1
76012,TX,1
76013,TX,1
76014,TX,1
76015,TX,1
76016,TX,1
76017,TX,1
76018,TX,1
76020,TX,1
76021,TX,1
76022,TX,1
76023,TX,1
76028,TX,1
76031,TX,1
76033,TX,1
76034,TX,1
76035,TX,1
76036,TX,1
76039,TX,1
76040,TX,1
76043,TX,1
76044,TX,1
76048,TX,1
76049,TX,1
76050,TX,1
76051,TX,1
76052,TX,1
76053,TX,1
76054,TX,1
76055,TX,1
76058,TX,1
76059,TX,1
76060,TX,1
76063,TX,1
76064,TX,1
76065,TX,1
76066,TX,1
76067,TX,1
76070,TX,1
76071,TX,1
76073,TX,1
76077,TX,1
76078,TX,1
76082,TX,1
76084,TX,1
76085,TX,1
76086,TX,1
76087,TX,1
76088,TX,1
76092,TX,1
76093,TX,1
76101,TX,1
76102,TX,1
76103,TX,1
76104,TX,1
76105,TX,1
76106,TX,1
76107,TX,1
76108,TX,1
76109,TX,1
76110,TX,1
76111,TX,1
76112,TX,1
76114,TX,1
76115,TX,1
76116,TX,1
76117,TX,1
76118,TX,1
76119,TX,1
76120,TX,1
76123,TX,1
76126,TX,1
76131,TX,1
76132,TX,1
76133,TX,1
76134,TX,1
76135,TX,1
76137,TX,1
76140,TX,1
76148,TX,1
76150,TX,1
76164,TX,1
76177,TX,1
76179,TX,1
76180,TX,1
76182,TX,1
76201,TX,1
76205,TX,1
76207,TX,1
76208,TX,1
76209,TX,1
76210,TX,1
76225,TX,1
76226,TX,1
76227,TX,1
76228,TX,0
76230,TX,1
76233,TX,1
76234,TX,1
76238,TX,0
76239,TX,0
76240,TX,1
76244,TX,1
76245,TX,1
76247,TX,1
76248,TX,1
76249,TX,1
76250,TX,1
76251,TX,1
76252,TX,1
76255,TX,1
76258,TX,1
76259,TX,1
76262,TX,1
76264,TX,1
76265,TX,1
76266,TX,1
76270,TX,1
76271,TX,1
76272,TX,1
76273,TX,1
76301,TX,1
76302,TX,1
76305,TX,1
76306,TX,1
76308,TX,1
76309,TX,1
76310,TX,1
76351,TX,1
76354,TX,1
76357,TX,0
76360,TX,1
76365,TX,1
76366,TX,1
76367,TX,1
76371,TX,1
76372,TX,1
76374,TX,1
76377,TX,0
76379,TX,0
76380,TX,1
76384,TX,1
76388,TX,0
76401,TX,1
76424,TX,1
76426,TX,1
76429,TX,1
76430,TX,1
76431,TX,1
76432,TX,1
76433,TX,1
76435,TX,0
76437,TX,1
76442,TX,1
76443,TX,1
76444,TX,1
76446,TX,1
76448,TX,1
76449,TX,1
76450,TX,1
76453,TX,1
76454,TX,1
76455,TX,1
76457,TX,1
76458,TX,1
76462,TX,1
76463,TX,1
76470,TX,1
76471,TX,1
76472,TX,0
76474,TX,1
76475,TX,1
76476,TX,1
76483,TX,0
76484,TX,1
76486,TX,1
76487,TX,1
76501,TX,1
76502,TX,1
76504,TX,1
76511,TX,1
76513,TX,1
76518,TX,0
76519,TX,0
76520,TX,1
76522,TX,1
76524,TX,1
76525,TX,1
76526,TX,0
76527,TX,1
76528,TX,1
76530,TX,0
76531,TX,1
76534,TX,1
76537,TX,1
76539,TX,1
76541,TX,1
76542,TX,1
76543,TX,1
76548,TX,1
76549,TX,1
76550,TX,1
76554,TX,1
76556,TX,1
76557,TX,1
76559,TX,1
76561,TX,0
76567,TX,1
76569,TX,1
76570,TX,1
76571,TX,1
76574,TX,1
76577,TX,1
76578,TX,1
76579,TX,1
76621,TX,1
76622,TX,0
76624,TX,1
76626,TX,1
76627,TX,1
76629,TX,1
76630,TX,1
76631,TX,1
76632,TX,0
76633,TX,1
76634,TX,1
76635,TX,0
76636,TX,1
76638,TX,1
76639,TX,1
76640,TX,1
76641,TX,1
76642,TX,1
76643,TX,1
76645,TX,1
76648,TX,1
76649,TX,1
76651,TX,1
76652,TX,0
76653,TX,0
76655,TX,1
76656,TX,1
76657,TX,1
76661,TX,1
76664,TX,1
76665,TX,1
76667,TX,1
76670,TX,1
76671,TX,1
76673,TX,1
76678,TX,0
76679,TX,1
76681,TX,0
76682,TX,1
76687,TX,1
76689,TX,1
76690,TX,1
76691,TX,1
76692,TX,1
76693,TX,1
76701,TX,1
76704,TX,1
76705,TX,1
76706,TX,1
76707,TX,1
76708,TX,1
76710,TX,1
76711,TX,1
76712,TX,1
76801,TX,1
76802,TX,1
76821,TX,1
76823,TX,1
76825,TX,1
76827,TX,0
76832,TX,0
76834,TX,1
76837,TX,0
76844,TX,1
76849,TX,1
76853,TX,1
76856,TX,1
76857,TX,1
76859,TX,0
76861,TX,0
76862,TX,0
76864,TX,0
76866,TX,0
76871,TX,1
76872,TX,0
76877,TX,1
76878,TX,1
76883,TX,1
76890,TX,1
76901,TX,1
76903,TX,1
76904,TX,1
76905,TX,1
76933,TX,1
76934,TX,1
76935,TX,1
76941,TX,1
76943,TX,0
76945,TX,1
76950,TX,1
76951,TX,0
76955,TX,0
77002,TX,1
77003,TX,1
77004,TX,1
77005,TX,1
77006,TX,1
77007,TX,1
77008,TX,1
77009,TX,1
77011,TX,1
77012,TX,1
77013,TX,1
77014,TX,1
77015,TX,1
77016,TX,1
77017,TX,1
77018,TX,1
77019,TX,1
77020,TX,1
77021,TX,1
77022,TX,1
77023,TX,1
77024,TX,1
77025,TX,1
77026,TX,1
77027,TX,1
77028,TX,1
77029,TX,1
77030,TX,1
77031,TX,1
77032,TX,1
77033,TX,1
77034,TX,1
77035,TX,1
77036,TX,1
77037,TX,1
77038,TX,1
77039,TX,1
77040,TX,1
77041,TX,1
77042,TX,1
77043,TX,1
77044,TX,1
77045,TX,1
77046,TX,1
77047,TX,1
77048,TX,1
77049,TX,1
77050,TX,1
77051,TX,1
77053,TX,1
77054,TX,1
77055,TX,1
77056,TX,1
77057,TX,1
77058,TX,1
77059,TX,1
77060,TX,1
77061,TX,1
77062,TX,1
77063,TX,1
77064,TX,1
77065,TX,1
77066,TX,1
77067,TX,1
77068,TX,1
77069,TX,1
77070,TX,1
77071,TX,1
77072,TX,1
77073,TX,1
77074,TX,1
77075,TX,1
77076,TX,1
77077,TX,1
77078,TX,1
77079,TX,1
77080,TX,1
77081,TX,1
77082,TX,1
77083,TX,1
77084,TX,1
77085,TX,1
77086,TX,1
77087,TX,1
77088,TX,1
77089,TX,1
77090,TX,1
77091,TX,1
77092,TX,1
77093,TX,1
77094,TX,1
77095,TX,1
77096,TX,1
77097,TX,0
77098,TX,1
77099,TX,1
77215,TX,0
77219,TX,0
77227,TX,0
77244,TX,1
77254,TX,1
77255,TX,0
77258,TX,0
77263,TX,1
77266,TX,0
77268,TX,0
77277,TX,1
77288,TX,0
77301,TX,1
77302,TX,1
77303,TX,1
77304,TX,1
77306,TX,1
77316,TX,1
77318,TX,1
77320,TX,1
77326,TX,0
77327,TX,1
77328,TX,1
77331,TX,1
77335,TX,1
77336,TX,1
77338,TX,1
77339,TX,1
77340,TX,1
77345,TX,1
77346,TX,1
77350,TX,0
77351,TX,1
77354,TX,1
77355,TX,1
77356,TX,1
77357,TX,1
77358,TX,1
77359,TX,1
77360,TX,1
77362,TX,1
77363,TX,1
77364,TX,1
77365,TX,1
77368,TX,0
77369,TX,0
77371,TX,1
77372,TX,1
77373,TX,1
77375,TX,1
77377,TX,1
77378,TX,1
77379,TX,1
77380,TX,1
77381,TX,1
77382,TX,1
77384,TX,1
77385,TX,1
77386,TX,1
77388,TX,1
77389,TX,1
77396,TX,1
77399,TX,1
77401,TX,1
77406,TX,1
77407,TX,1
77410,TX,0
77414,TX,1
77417,TX,1
77418,TX,1
77419,TX,0
77420,TX,0
77422,TX,1
77423,TX,1
77426,TX,1
77429,TX,1
77430,TX,1
77433,TX,1
77434,TX,1
77435,TX,1
77437,TX,1
77441,TX,1
77442,TX,0
77444,TX,0
77445,TX,1
77447,TX,1
77449,TX,1
77450,TX,1
77451,TX,0
77455,TX,1
77457,TX,1
77459,TX,1
77461,TX,1
77465,TX,1
77469,TX,1
77471,TX,1
77474,TX,1
77477,TX,1
77478,TX,1
77479,TX,1
77480,TX,1
77482,TX,1
77484,TX,1
77485,TX,1
77486,TX,1
77488,TX,1
77489,TX,1
77493,TX,1
77494,TX,1
77496,TX,1
77498,TX,1
77502,TX,1
77503,TX,1
77504,TX,1
77505,TX,1
77506,TX,1
77510,TX,1
77511,TX,1
77514,TX,1
77515,TX,1
77517,TX,1
77518,TX,1
77520,TX,1
77521,TX,1
77523,TX,1
77530,TX,1
77531,TX,1
77532,TX,1
77533,TX,0
77534,TX,1
77535,TX,1
77536,TX,1
77538,TX,0
77539,TX,1
77541,TX,1
77545,TX,1
77546,TX,1
77547,TX,1
77550,TX,1
77551,TX,1
77554,TX,1
77560,TX,0
77561,TX,0
77562,TX,1
77563,TX,1
77564,TX,1
77565,TX,1
77566,TX,1
77568,TX,1
77571,TX,1
77573,TX,1
77575,TX,1
77577,TX,1
77578,TX,1
77581,TX,1
77583,TX,1
77584,TX,1
77585,TX,1
77586,TX,1
77587,TX,1
77590,TX,1
77591,TX,1
77597,TX,0
77598,TX,1
77611,TX,1
77612,TX,1
77613,TX,1
77617,TX,1
77619,TX,1
77622,TX,1
77623,TX,0
77624,TX,0
77625,TX,1
77627,TX,1
77629,TX,1
77630,TX,1
77632,TX,1
77640,TX,1
77642,TX,1
77650,TX,1
77651,TX,1
77655,TX,1
77656,TX,1
77657,TX,1
77659,TX,1
77660,TX,1
77662,TX,1
77663,TX,1
77664,TX,1
77665,TX,1
77701,TX,1
77702,TX,1
77703,TX,1
77705,TX,1
77706,TX,1
77707,TX,1
77708,TX,1
77713,TX,1
77726,TX,0
77801,TX,1
77802,TX,1
77803,TX,1
77807,TX,1
77808,TX,1
77830,TX,1
77831,TX,1
77833,TX,1
77835,TX,0
77836,TX,1
77837,TX,0
77840,TX,1
77845,TX,1
77853,TX,0
77856,TX,1
77857,TX,1
77859,TX,1
77861,TX,1
77864,TX,1
77865,TX,1
77868,TX,1
77871,TX,1
77872,TX,1
77873,TX,0
77879,TX,1
77880,TX,1
77901,TX,1
77903,TX,0
77904,TX,1
77905,TX,1
77950,TX,1
77954,TX,1
77957,TX,1
77962,TX,1
77963,TX,1
77964,TX,1
77968,TX,1
77970,TX,0
77971,TX,0
77975,TX,1
77978,TX,0
77979,TX,1
77982,TX,1
77983,TX,1
77984,TX,1
77990,TX,1
77991,TX,1
77993,TX,0
77994,TX,0
77995,TX,1
78002,TX,1
78003,TX,1
78004,TX,0
78006,TX,1
78008,TX,0
78009,TX,1
78010,TX,1
78011,TX,0
78012,TX,0
78013,TX,1
78014,TX,0
78015,TX,1
78016,TX,1
78017,TX,1
78022,TX,1
78023,TX,1
78024,TX,1
78025,TX,1
78026,TX,1
78027,TX,0
78028,TX,1
78039,TX,0
78040,TX,1
78041,TX,1
78043,TX,1
78045,TX,1
78046,TX,1
78052,TX,1
78055,TX,1
78056,TX,1
78057,TX,0
78058,TX,0
78059,TX,1
78061,TX,1
78063,TX,1
78064,TX,1
78065,TX,1
78066,TX,1
78069,TX,1
78070,TX,1
78071,TX,0
78073,TX,1
78076,TX,1
78101,TX,1
78102,TX,1
78108,TX,1
78109,TX,1
78112,TX,1
78113,TX,0
78114,TX,1
78117,TX,0
78118,TX,1
78119,TX,1
78121,TX,1
78123,TX,1
78124,TX,1
78130,TX,1
78132,TX,1
78133,TX,1
78140,TX,1
78141,TX,0
78142,TX,0
78146,TX,0
78147,TX,0
78148,TX,1
78152,TX,1
78154,TX,1
78155,TX,1
78159,TX,0
78160,TX,1
78161,TX,0
78163,TX,1
78164,TX,1
78201,TX,1
78202,TX,1
78203,TX,1
78204,TX,1
78205,TX,1
78206,TX,1
78207,TX,1
78208,TX,1
78209,TX,1
78210,TX,1
78211,TX,1
78212,TX,1
78213,TX,1
78214,TX,1
78215,TX,0
78216,TX,1
78217,TX,1
78218,TX,1
78219,TX,1
78220,TX,1
78221,TX,1
78222,TX,1
78223,TX,1
78224,TX,1
78225,TX,1
78226,TX,1
78227,TX,1
78228,TX,1
78229,TX,1
78230,TX,1
78231,TX,1
78232,TX,1
78233,TX,1
78235,TX,0
78237,TX,1
78238,TX,1
78239,TX,1
78240,TX,1
78242,TX,1
78244,TX,1
78245,TX,1
78247,TX,1
78248,TX,1
78249,TX,1
78250,TX,1
78251,TX,1
78252,TX,1
78253,TX,1
78254,TX,1
78255,TX,1
78256,TX,1
78257,TX,1
78258,TX,1
78259,TX,1
78260,TX,1
78261,TX,1
78262,TX,0
78263,TX,1
78264,TX,1
78266,TX,1
78269,TX,1
78270,TX,0
78278,TX,1
78284,TX,1
78285,TX,1
78286,TX,0
78330,TX,1
78332,TX,1
78336,TX,1
78340,TX,0
78341,TX,0
78343,TX,1
78344,TX,0
78350,TX,1
78355,TX,1
78357,TX,1
78358,TX,0
78359,TX,0
78361,TX,1
78362,TX,1
78363,TX,1
78368,TX,1
78370,TX,1
78372,TX,1
78373,TX,1
78374,TX,1
78375,TX,0
78377,TX,1
78379,TX,1
78380,TX,1
78382,TX,1
78383,TX,1
78384,TX,1
78387,TX,1
78389,TX,0
78390,TX,1
78393,TX,1
78401,TX,1
78402,TX,1
78404,TX,1
78405,TX,1
78407,TX,1
78408,TX,1
78409,TX,1
78410,TX,1
78411,TX,1
78412,TX,1
78413,TX,1
78414,TX,1
78415,TX,1
78416,TX,1
78417,TX,1
78418,TX,1
78470,TX,0
78501,TX,1
78503,TX,1
78504,TX,1
78516,TX,1
78520,TX,1
78521,TX,1
78526,TX,1
78537,TX,1
78538,TX,1
78539,TX,1
78541,TX,1
78542,TX,1
78543,TX,1
78549,TX,0
78550,TX,1
78552,TX,1
78557,TX,1
78559,TX,1
78560,TX,1
78562,TX,1
78566,TX,1
78569,TX,1
78570,TX,1
78572,TX,1
78573,TX,1
78574,TX,1
78575,TX,1
78576,TX,1
78577,TX,1
78578,TX,1
78580,TX,1
78582,TX,1
78583,TX,1
78584,TX,1
78586,TX,1
78589,TX,1
78593,TX,1
78595,TX,1
78596,TX,1
78597,TX,1
78598,TX,0
78599,TX,1
78602,TX,1
78605,TX,1
78606,TX,1
78608,TX,0
78609,TX,1
78610,TX,1
78611,TX,1
78612,TX,1
78613,TX,1
78615,TX,0
78616,TX,1
78617,TX,1
78619,TX,1
78620,TX,1
78621,TX,1
78623,TX,1
78624,TX,1
78626,TX,1
78628,TX,1
78629,TX,1
78631,TX,1
78633,TX,1
78634,TX,1
78635,TX,0
78636,TX,1
78638,TX,1
78639,TX,1
78640,TX,1
78641,TX,1
78642,TX,1
78643,TX,1
78644,TX,1
78645,TX,1
78648,TX,1
78650,TX,1
78652,TX,1
78653,TX,1
78654,TX,1
78655,TX,1
78656,TX,1
78657,TX,1
78659,TX,1
78660,TX,1
78662,TX,1
78663,TX,0
78664,TX,1
78665,TX,1
78666,TX,1
78669,TX,1
78671,TX,0
78672,TX,1
78676,TX,1
78681,TX,1
78701,TX,1
78702,TX,1
78703,TX,1
78704,TX,1
78705,TX,1
78717,TX,1
78720,TX,1
78721,TX,1
78722,TX,1
78723,TX,1
78724,TX,1
78725,TX,1
78726,TX,1
78727,TX,1
78728,TX,1
78729,TX,1
78730,TX,1
78731,TX,1
78732,TX,1
78733,TX,1
78734,TX,1
78735,TX,1
78736,TX,1
78737,TX,1
78738,TX,1
78739,TX,1
78741,TX,1
78742,TX,0
78744,TX,1
78745,TX,1
78746,TX,1
78747,TX,1
78748,TX,1
78749,TX,1
78750,TX,1
78751,TX,1
78752,TX,1
78753,TX,1
78754,TX,1
78756,TX,1
78757,TX,1
78758,TX,1
78759,TX,1
78762,TX,1
78799,TX,1
78801,TX,1
78829,TX,0
78832,TX,1
78833,TX,0
78834,TX,1
78838,TX,1
78839,TX,1
78840,TX,1
78850,TX,0
78852,TX,1
78853,TX,0
78860,TX,0
78861,TX,1
78872,TX,1
78873,TX,0
78877,TX,1
78879,TX,0
78880,TX,0
78881,TX,1
78884,TX,0
78932,TX,0
78933,TX,1
78934,TX,1
78935,TX,0
78938,TX,0
78940,TX,1
78941,TX,1
78942,TX,1
78943,TX,0
78945,TX,1
78947,TX,1
78949,TX,0
78950,TX,1
78953,TX,0
78954,TX,1
78956,TX,1
78957,TX,1
78959,TX,1
78962,TX,1
78963,TX,0
79005,TX,0
79007,TX,1
79013,TX,0
79014,TX,1
79015,TX,1
79018,TX,0
79019,TX,1
79022,TX,1
79027,TX,1
79029,TX,1
79031,TX,0
79034,TX,0
79035,TX,0
79036,TX,1
79039,TX,1
79040,TX,0
79041,TX,1
79042,TX,1
79045,TX,1
79052,TX,0
79054,TX,1
79057,TX,1
79059,TX,0
79061,TX,0
79064,TX,1
79065,TX,1
79068,TX,1
79070,TX,1
79072,TX,1
79079,TX,1
79080,TX,1
79081,TX,1
79083,TX,1
79084,TX,1
79086,TX,1
79088,TX,1
79092,TX,0
79095,TX,1
79096,TX,1
79097,TX,1
79098,TX,0
79101,TX,1
79102,TX,1
79103,TX,1
79104,TX,1
79106,TX,1
79107,TX,1
79108,TX,1
79109,TX,1
79110,TX,1
79111,TX,0
79118,TX,1
79119,TX,1
79121,TX,1
79124,TX,1
79201,TX,1
79225,TX,0
79226,TX,1
79235,TX,1
79241,TX,1
79245,TX,1
79248,TX,1
79250,TX,1
79252,TX,1
79255,TX,1
79257,TX,0
79261,TX,1
79311,TX,1
79312,TX,1
79313,TX,1
79316,TX,1
79322,TX,1
79323,TX,1
79325,TX,0
79329,TX,1
79330,TX,1
79331,TX,1
79336,TX,1
79339,TX,1
79343,TX,1
79346,TX,0
79347,TX,1
79355,TX,1
79356,TX,1
79357,TX,0
79358,TX,1
79359,TX,0
79360,TX,1
79363,TX,1
79364,TX,1
79366,TX,1
79367,TX,0
79371,TX,1
79372,TX,1
79373,TX,1
79381,TX,1
79382,TX,1
79401,TX,1
79403,TX,1
79404,TX,1
79405,TX,0
79407,TX,1
79410,TX,1
79411,TX,1
79412,TX,1
79413,TX,1
79414,TX,1
79415,TX,1
79416,TX,1
79423,TX,1
79424,TX,1
79501,TX,1
79502,TX,0
79504,TX,1
79506,TX,0
79508,TX,1
79510,TX,1
79511,TX,0
79512,TX,1
79520,TX,1
79521,TX,1
79525,TX,1
79529,TX,1
79533,TX,0
79536,TX,1
79541,TX,1
79543,TX,1
79545,TX,1
79546,TX,1
79547,TX,1
79549,TX,1
79553,TX,1
79556,TX,1
79561,TX,0
79562,TX,1
79563,TX,1
79567,TX,1
79601,TX,1
79602,TX,1
79603,TX,1
79605,TX,1
79606,TX,1
79701,TX,1
79703,TX,0
79705,TX,1
79706,TX,1
79707,TX,1
79714,TX,0
79718,TX,0
79720,TX,1
79731,TX,0
79734,TX,0
79735,TX,1
79741,TX,0
79745,TX,0
79752,TX,0
79756,TX,0
79758,TX,0
79761,TX,1
79762,TX,1
79763,TX,1
79764,TX,1
79765,TX,1
79766,TX,0
79772,TX,0
79782,TX,0
79821,TX,1
79830,TX,1
79835,TX,1
79836,TX,1
79838,TX,1
79843,TX,1
79847,TX,0
79848,TX,0
79849,TX,1
79852,TX,0
79853,TX,1
79855,TX,0
79901,TX,1
79902,TX,1
79903,TX,1
79904,TX,1
79905,TX,1
79907,TX,1
79911,TX,1
79912,TX,1
79915,TX,1
79922,TX,1
79924,TX,1
79925,TX,1
79927,TX,1
79928,TX,1
79930,TX,1
79932,TX,1
79934,TX,1
79935,TX,1
79936,TX,1
79938,TX,1
80002,CO,1
80003,CO,1
80004,CO,1
80005,CO,1
80007,CO,1
80010,CO,1
80011,CO,1
80012,CO,1
80013,CO,1
80014,CO,1
80015,CO,1
80016,CO,1
80017,CO,1
80018,CO,1
80019,CO,1
80020,CO,1
80021,CO,1
80022,CO,1
80023,CO,1
80024,CO,0
80026,CO,1
80027,CO,1
80030,CO,1
80031,CO,1
80033,CO,1
80047,CO,1
80102,CO,1
80103,CO,1
80104,CO,1
80105,CO,1
80106,CO,1
80107,CO,1
80108,CO,1
80109,CO,1
80110,CO,1
80111,CO,1
80112,CO,1
80113,CO,1
80116,CO,1
80117,CO,1
80118,CO,1
80120,CO,1
80121,CO,1
80122,CO,1
80123,CO,1
80124,CO,1
80125,CO,1
80126,CO,1
80127,CO,1
80128,CO,1
80129,CO,1
80130,CO,1
80131,CO,0
80132,CO,1
80133,CO,1
80134,CO,1
80135,CO,1
80136,CO,1
80137,CO,1
80138,CO,1
80162,CO,1
80202,CO,1
80203,CO,1
80204,CO,1
80205,CO,1
80206,CO,1
80207,CO,1
80209,CO,1
80210,CO,1
80211,CO,1
80212,CO,1
80214,CO,1
80215,CO,1
80216,CO,1
80218,CO,1
80219,CO,1
80220,CO,1
80221,CO,1
80222,CO,1
80223,CO,1
80224,CO,1
80225,CO,1
80226,CO,1
80227,CO,1
80228,CO,1
80229,CO,1
80230,CO,1
80231,CO,1
80232,CO,1
80233,CO,1
80234,CO,1
80235,CO,1
80236,CO,1
80237,CO,1
80238,CO,1
80239,CO,1
80241,CO,1
80246,CO,1
80247,CO,1
80249,CO,1
80260,CO,1
80279,CO,0
80280,CO,0
80301,CO,1
80302,CO,1
80303,CO,1
80304,CO,1
80305,CO,1
80307,CO,0
80309,CO,0
80401,CO,1
80403,CO,1
80420,CO,0
80421,CO,1
80422,CO,1
80424,CO,1
80427,CO,1
80428,CO,1
80432,CO,0
80433,CO,1
80435,CO,1
80436,CO,0
80438,CO,1
80439,CO,1
80440,CO,1
80442,CO,1
80443,CO,1
80444,CO,1
80446,CO,1
80447,CO,1
80449,CO,1
80451,CO,1
80452,CO,1
80453,CO,0
80454,CO,1
80455,CO,1
80456,CO,1
80457,CO,1
80459,CO,1
80461,CO,1
80465,CO,1
80466,CO,1
80467,CO,1
80468,CO,0
80470,CO,1
80473,CO,0
80474,CO,0
80476,CO,0
80478,CO,1
80479,CO,0
80480,CO,1
80481,CO,1
80482,CO,1
80483,CO,1
80487,CO,1
80488,CO,0
80498,CO,1
80501,CO,1
80503,CO,1
80504,CO,1
80510,CO,1
80512,CO,1
80513,CO,1
80514,CO,1
80515,CO,1
80516,CO,1
80517,CO,1
80521,CO,1
80524,CO,1
80525,CO,1
80526,CO,1
80528,CO,1
80530,CO,1
80534,CO,1
80535,CO,1
80536,CO,1
80537,CO,1
80538,CO,1
80540,CO,1
80542,CO,1
80543,CO,1
80545,CO,1
80547,CO,1
80549,CO,1
80550,CO,1
80601,CO,1
80602,CO,1
80603,CO,1
80610,CO,1
80611,CO,1
80612,CO,1
80615,CO,1
80620,CO,1
80621,CO,1
80622,CO,1
80624,CO,0
80631,CO,1
80634,CO,1
80640,CO,1
80642,CO,1
80643,CO,1
80644,CO,1
80645,CO,1
80648,CO,1
80650,CO,1
80651,CO,1
80652,CO,1
80653,CO,1
80654,CO,1
80701,CO,1
80705,CO,1
80720,CO,1
80723,CO,1
80727,CO,0
80728,CO,1
80731,CO,1
80733,CO,0
80734,CO,1
80736,CO,0
80737,CO,1
80741,CO,0
80743,CO,0
80750,CO,0
80751,CO,1
80758,CO,1
80759,CO,0
80804,CO,0
80807,CO,1
80808,CO,1
80809,CO,1
80810,CO,0
80813,CO,1
80814,CO,1
80815,CO,1
80816,CO,1
80817,CO,1
80818,CO,1
80819,CO,0
80820,CO,1
80821,CO,1
80825,CO,1
80827,CO,1
80828,CO,1
80829,CO,1
80830,CO,0
80831,CO,1
80832,CO,1
80833,CO,0
80834,CO,0
80835,CO,1
80836,CO,1
80860,CO,0
80863,CO,1
80864,CO,1
80866,CO,0
80903,CO,1
80904,CO,1
80905,CO,1
80906,CO,1
80907,CO,1
80908,CO,1
80909,CO,1
80910,CO,1
80911,CO,1
80915,CO,1
80916,CO,1
80917,CO,1
80918,CO,1
80919,CO,1
80920,CO,1
80921,CO,1
80922,CO,1
80923,CO,1
80924,CO,1
80925,CO,1
80926,CO,1
80927,CO,1
80928,CO,1
80929,CO,1
80930,CO,1
80938,CO,1
80939,CO,1
80945,CO,0
80951,CO,1
81001,CO,1
81003,CO,1
81004,CO,1
81005,CO,1
81006,CO,1
81007,CO,1
81008,CO,1
81020,CO,1
81022,CO,1
81023,CO,1
81024,CO,0
81025,CO,1
81039,CO,1
81040,CO,1
81047,CO,0
81050,CO,1
81052,CO,1
81054,CO,1
81055,CO,1
81058,CO,1
81062,CO,1
81063,CO,1
81067,CO,1
81069,CO,1
81073,CO,1
81076,CO,0
81082,CO,1
81089,CO,1
81090,CO,1
81091,CO,1
81092,CO,1
81101,CO,1
81120,CO,1
81121,CO,0
81122,CO,1
81123,CO,1
81125,CO,0
81126,CO,0
81127,CO,0
81130,CO,1
81131,CO,1
81132,CO,1
81133,CO,1
81137,CO,1
81140,CO,1
81143,CO,0
81144,CO,1
81146,CO,1
81147,CO,1
81149,CO,1
81151,CO,1
81152,CO,1
81153,CO,0
81154,CO,1
81155,CO,1
81201,CO,1
81210,CO,0
81211,CO,1
81212,CO,1
81220,CO,1
81223,CO,1
81224,CO,1
81225,CO,1
81226,CO,1
81230,CO,1
81233,CO,1
81235,CO,1
81236,CO,1
81237,CO,0
81240,CO,1
81241,CO,0
81242,CO,0
81243,CO,0
81247,CO,0
81251,CO,1
81252,CO,1
81253,CO,0
81301,CO,1
81303,CO,1
81320,CO,0
81321,CO,1
81323,CO,1
81324,CO,0
81325,CO,0
81326,CO,1
81327,CO,0
81328,CO,1
81331,CO,1
81332,CO,1
81335,CO,0
81401,CO,1
81403,CO,1
81410,CO,1
81413,CO,1
81415,CO,1
81416,CO,1
81418,CO,1
81419,CO,1
81422,CO,0
81423,CO,1
81424,CO,1
81425,CO,1
81427,CO,1
81428,CO,1
81430,CO,0
81432,CO,1
81433,CO,1
81434,CO,0
81435,CO,1
81501,CO,1
81503,CO,1
81504,CO,1
81505,CO,1
81506,CO,1
81507,CO,1
81520,CO,1
81521,CO,1
81522,CO,0
81523,CO,1
81524,CO,1
81525,CO,1
81526,CO,1
81527,CO,1
81601,CO,1
81610,CO,1
81611,CO,1
81615,CO,1
81620,CO,1
81621,CO,1
81623,CO,1
81624,CO,1
81625,CO,1
81630,CO,1
81631,CO,1
81632,CO,1
81635,CO,1
81637,CO,1
81639,CO,1
81641,CO,1
81643,CO,1
81645,CO,1
81647,CO,1
81648,CO,1
81649,CO,0
81650,CO,1
81652,CO,1
81654,CO,1
81657,CO,1
82001,WY,1
82007,WY,1
82009,WY,1
82050,WY,0
82052,WY,0
82054,WY,1
82063,WY,1
82070,WY,1
82072,WY,1
82082,WY,0
82083,WY,1
82201,WY,1
82210,WY,1
82212,WY,1
82213,WY,0
82214,WY,1
82215,WY,0
82217,WY,0
82223,WY,0
82240,WY,1
82301,WY,1
82321,WY,0
82323,WY,0
82325,WY,1
82327,WY,1
82331,WY,1
82334,WY,1
82401,WY,1
82410,WY,1
82414,WY,1
82420,WY,1
82421,WY,0
82423,WY,0
82426,WY,1
82430,WY,0
82431,WY,1
82433,WY,1
82434,WY,0
82435,WY,1
82441,WY,0
82443,WY,1
82501,WY,1
82513,WY,1
82516,WY,0
82520,WY,1
82523,WY,1
82601,WY,1
82604,WY,1
82609,WY,1
82620,WY,1
82633,WY,1
82636,WY,1
82637,WY,1
82649,WY,0
82701,WY,1
82710,WY,0
82716,WY,0
82718,WY,0
82721,WY,0
82729,WY,1
82730,WY,0
82801,WY,1
82832,WY,0
82834,WY,1
82836,WY,1
82839,WY,1
82842,WY,1
82901,WY,1
82922,WY,0
82925,WY,1
82930,WY,1
82933,WY,1
82935,WY,1
82937,WY,1
82939,WY,1
82941,WY,1
83001,WY,1
83002,WY,0
83013,WY,0
83014,WY,1
83025,WY,1
83101,WY,1
83110,WY,1
83111,WY,0
83112,WY,1
83113,WY,1
83114,WY,1
83115,WY,0
83116,WY,1
83118,WY,1
83120,WY,0
83122,WY,0
83123,WY,0
83126,WY,0
83127,WY,1
83128,WY,1
83201,ID,1
83202,ID,1
83204,ID,1
83210,ID,1
83211,ID,1
83213,ID,1
83214,ID,0
83217,ID,0
83221,ID,1
83226,ID,1
83228,ID,0
83230,ID,1
83232,ID,0
83234,ID,1
83236,ID,1
83237,ID,1
83241,ID,1
83245,ID,1
83246,ID,1
83250,ID,1
83251,ID,1
83252,ID,1
83254,ID,1
83255,ID,0
83261,ID,1
83262,ID,0
83263,ID,1
83271,ID,0
83272,ID,0
83274,ID,1
83276,ID,1
83277,ID,0
83278,ID,1
83286,ID,1
83287,ID,1
83301,ID,1
83302,ID,0
83311,ID,1
83313,ID,1
83314,ID,1
83316,ID,1
83318,ID,1
83320,ID,1
83323,ID,0
83324,ID,1
83325,ID,1
83327,ID,1
83328,ID,1
83330,ID,1
83332,ID,1
83333,ID,1
83334,ID,1
83335,ID,0
83336,ID,1
83338,ID,1
83340,ID,1
83341,ID,1
83342,ID,0
83344,ID,0
83346,ID,1
83347,ID,1
83349,ID,1
83350,ID,1
83352,ID,1
83353,ID,1
83354,ID,1
83355,ID,1
83401,ID,1
83402,ID,1
83404,ID,1
83406,ID,1
83414,WY,0
83420,ID,1
83422,ID,1
83423,ID,0
83424,ID,0
83425,ID,0
83427,ID,1
83428,ID,0
83429,ID,1
83434,ID,0
83440,ID,1
83442,ID,1
83443,ID,1
83444,ID,1
83445,ID,1
83446,ID,0
83448,ID,1
83449,ID,1
83451,ID,0
83452,ID,1
83455,ID,1
83462,ID,1
83463,ID,0
83464,ID,1
83466,ID,1
83467,ID,1
83469,ID,0
83501,ID,1
83522,ID,1
83523,ID,0
83524,ID,1
83525,ID,0
83526,ID,0
83530,ID,1
83535,ID,1
83536,ID,1
83537,ID,1
83539,ID,1
83540,ID,1
83541,ID,1
83543,ID,0
83544,ID,1
83545,ID,0
83546,ID,1
83547,ID,0
83549,ID,1
83552,ID,1
83553,ID,1
83554,ID,1
83555,ID,1
83601,ID,0
83602,ID,0
83605,ID,1
83607,ID,1
83610,ID,0
83611,ID,1
83612,ID,1
83615,ID,1
83616,ID,1
83617,ID,1
83619,ID,1
83622,ID,1
83623,ID,1
83624,ID,1
83626,ID,1
83627,ID,1
83628,ID,1
83629,ID,1
83631,ID,1
83632,ID,1
83634,ID,1
83637,ID,0
83638,ID,1
83639,ID,1
83641,ID,1
83642,ID,1
83643,ID,1
83644,ID,1
83645,ID,1
83646,ID,1
83647,ID,1
83651,ID,1
83654,ID,1
83655,ID,1
83660,ID,1
83661,ID,1
83669,ID,1
83670,ID,1
83672,ID,1
83676,ID,1
83677,ID,0
83686,ID,1
83687,ID,1
83702,ID,1
83703,ID,1
83704,ID,1
83705,ID,1
83706,ID,1
83709,ID,1
83712,ID,1
83713,ID,1
83714,ID,1
83716,ID,1
83801,ID,1
83803,ID,1
83804,ID,1
83805,ID,1
83809,ID,1
83810,ID,1
83811,ID,1
83813,ID,1
83814,ID,1
83815,ID,1
83821,ID,1
83822,ID,1
83823,ID,1
83825,ID,1
83830,ID,1
83832,ID,1
83833,ID,1
83835,ID,1
83836,ID,1
83837,ID,1
83839,ID,1
83841,ID,1
83843,ID,1
83845,ID,1
83846,ID,1
83847,ID,1
83848,ID,1
83849,ID,1
83850,ID,1
83851,ID,1
83852,ID,0
83854,ID,1
83855,ID,1
83856,ID,1
83857,ID,0
83858,ID,1
83860,ID,1
83861,ID,1
83864,ID,1
83867,ID,1
83868,ID,1
83869,ID,1
83871,ID,1
83872,ID,1
83873,ID,1
83874,ID,0
83876,ID,1
84001,UT,0
84003,UT,1
84004,UT,1
84005,UT,1
84006,UT,0
84009,UT,1
84010,UT,1
84013,UT,1
84014,UT,1
84015,UT,1
84017,UT,1
84020,UT,1
84021,UT,1
84023,UT,0
84025,UT,1
84027,UT,1
84028,UT,1
84029,UT,1
84032,UT,1
84035,UT,0
84036,UT,1
84037,UT,1
84038,UT,0
84039,UT,1
84040,UT,1
84041,UT,1
84042,UT,1
84043,UT,1
84044,UT,1
84045,UT,1
84046,UT,1
84047,UT,1
84048,UT,1
84049,UT,1
84050,UT,1
84051,UT,0
84052,UT,1
84053,UT,0
84054,UT,1
84055,UT,1
84057,UT,1
84058,UT,1
84059,UT,1
84060,UT,1
84061,UT,1
84062,UT,1
84063,UT,0
84065,UT,1
84066,UT,1
84067,UT,1
84068,UT,0
84069,UT,0
84070,UT,1
84071,UT,1
84072,UT,1
84074,UT,1
84075,UT,1
84076,UT,0
84078,UT,1
84080,UT,0
84081,UT,1
84082,UT,0
84084,UT,1
84086,UT,0
84087,UT,1
84088,UT,1
84092,UT,1
84093,UT,1
84094,UT,1
84095,UT,1
84096,UT,1
84097,UT,1
84098,UT,1
84101,UT,1
84102,UT,1
84103,UT,1
84104,UT,1
84105,UT,1
84106,UT,1
84107,UT,1
84108,UT,1
84109,UT,1
84111,UT,1
84115,UT,1
84116,UT,1
84117,UT,1
84118,UT,1
84119,UT,1
84120,UT,1
84121,UT,1
84123,UT,1
84124,UT,1
84128,UT,1
84129,UT,1
84133,UT,1
84134,UT,1
84144,UT,0
84152,UT,0
84184,UT,1
84301,UT,0
84302,UT,1
84305,UT,1
84306,UT,0
84307,UT,1
84309,UT,1
84310,UT,1
84311,UT,0
84312,UT,1
84314,UT,1
84315,UT,1
84317,UT,1
84318,UT,1
84319,UT,1
84320,UT,1
84321,UT,1
84324,UT,0
84325,UT,1
84326,UT,1
84327,UT,0
84328,UT,1
84331,UT,1
84332,UT,1
84333,UT,1
84335,UT,1
84336,UT,0
84337,UT,1
84338,UT,0
84339,UT,1
84340,UT,1
84341,UT,1
84401,UT,1
84402,UT,0
84403,UT,1
84404,UT,1
84405,UT,1
84414,UT,1
84501,UT,1
84511,UT,1
84513,UT,1
84516,UT,0
84520,UT,1
84523,UT,1
84525,UT,0
84526,UT,1
84528,UT,1
84529,UT,0
84530,UT,0
84532,UT,1
84535,UT,1
84537,UT,1
84539,UT,1
84542,UT,1
84601,UT,1
84604,UT,1
84606,UT,1
84620,UT,1
84622,UT,1
84624,UT,1
84627,UT,1
84628,UT,1
84629,UT,1
84631,UT,1
84632,UT,0
84633,UT,1
84634,UT,1
84635,UT,1
84637,UT,0
84639,UT,1
84642,UT,1
84643,UT,0
84645,UT,1
84646,UT,0
84647,UT,1
84648,UT,1
84651,UT,1
84652,UT,1
84653,UT,1
84654,UT,1
84655,UT,1
84656,UT,1
84657,UT,1
84660,UT,1
84662,UT,1
84663,UT,1
84664,UT,1
84665,UT,1
84667,UT,0
84701,UT,1
84710,UT,0
84711,UT,1
84713,UT,1
84714,UT,0
84715,UT,0
84719,UT,1
84720,UT,1
84721,UT,1
84722,UT,1
84723,UT,0
84724,UT,1
84725,UT,1
84726,UT,1
84733,UT,0
84735,UT,0
84736,UT,0
84737,UT,1
84738,UT,1
84739,UT,1
84740,UT,0
84741,UT,1
84743,UT,0
84744,UT,0
84745,UT,1
84746,UT,1
84747,UT,1
84750,UT,0
84751,UT,1
84752,UT,0
84754,UT,1
84756,UT,0
84757,UT,1
84758,UT,1
84759,UT,1
84761,UT,1
84762,UT,1
84763,UT,0
84765,UT,1
84767,UT,1
84770,UT,1
84772,UT,0
84774,UT,1
84775,UT,1
84776,UT,1
84779,UT,1
84780,UT,1
84781,UT,1
84782,UT,1
84783,UT,1
84790,UT,1
84791,UT,0
85003,AZ,1
85004,AZ,1
85006,AZ,1
85007,AZ,1
85008,AZ,1
85009,AZ,1
85012,AZ,1
85013,AZ,1
85014,AZ,1
85015,AZ,1
85016,AZ,1
85017,AZ,1
85018,AZ,1
85019,AZ,1
85020,AZ,1
85021,AZ,1
85022,AZ,1
85023,AZ,1
85024,AZ,1
85025,AZ,1
85027,AZ,1
85028,AZ,1
85029,AZ,1
85031,AZ,1
85032,AZ,1
85033,AZ,1
85034,AZ,1
85035,AZ,1
85037,AZ,1
85039,AZ,1
85040,AZ,1
85041,AZ,1
85042,AZ,1
85043,AZ,1
85044,AZ,1
85045,AZ,1
85048,AZ,1
85050,AZ,1
85051,AZ,1
85053,AZ,1
85054,AZ,1
85060,AZ,1
85064,AZ,0
85065,AZ,1
85071,AZ,0
85073,AZ,1
85080,AZ,1
85083,AZ,1
85085,AZ,1
85086,AZ,1
85087,AZ,1
85118,AZ,1
85119,AZ,1
85120,AZ,1
85122,AZ,1
85123,AZ,1
85128,AZ,1
85131,AZ,1
85132,AZ,1
85135,AZ,1
85137,AZ,1
85138,AZ,1
85139,AZ,1
85140,AZ,1
85142,AZ,1
85143,AZ,1
85144,AZ,1
85145,AZ,1
85172,AZ,0
85173,AZ,1
85192,AZ,0
85193,AZ,1
85194,AZ,1
85201,AZ,1
85202,AZ,1
85203,AZ,1
85204,AZ,1
85205,AZ,1
85206,AZ,1
85207,AZ,1
85208,AZ,1
85209,AZ,1
85210,AZ,1
85212,AZ,1
85213,AZ,1
85215,AZ,1
85219,AZ,0
85220,AZ,0
85224,AZ,1
85225,AZ,1
85226,AZ,1
85228,AZ,0
85233,AZ,1
85234,AZ,1
85235,AZ,0
85238,AZ,0
85240,AZ,0
85242,AZ,0
85248,AZ,1
85249,AZ,1
85250,AZ,1
85251,AZ,1
85253,AZ,1
85254,AZ,1
85255,AZ,1
85257,AZ,1
85258,AZ,1
85259,AZ,1
85260,AZ,1
85261,AZ,1
85262,AZ,1
85263,AZ,1
85264,AZ,1
85266,AZ,1
85267,AZ,0
85268,AZ,1
85281,AZ,1
85282,AZ,1
85283,AZ,1
85284,AZ,1
85285,AZ,0
85286,AZ,1
85288,AZ,1
85291,AZ,0
85293,AZ,0
85294,AZ,0
85295,AZ,1
85296,AZ,1
85297,AZ,1
85298,AZ,1
85299,AZ,1
85301,AZ,1
85302,AZ,1
85303,AZ,1
85304,AZ,1
85305,AZ,1
85306,AZ,1
85307,AZ,1
85308,AZ,1
85310,AZ,1
85321,AZ,1
85322,AZ,1
85323,AZ,1
85324,AZ,1
85325,AZ,1
85326,AZ,1
85327,AZ,0
85331,AZ,1
85332,AZ,1
85334,AZ,0
85335,AZ,1
85337,AZ,1
85338,AZ,1
85339,AZ,1
85340,AZ,1
85342,AZ,1
85344,AZ,1
85345,AZ,1
85346,AZ,1
85348,AZ,1
85349,AZ,1
85350,AZ,1
85351,AZ,1
85352,AZ,1
85353,AZ,1
85354,AZ,1
85355,AZ,1
85356,AZ,1
85360,AZ,1
85361,AZ,1
85362,AZ,1
85363,AZ,1
85364,AZ,1
85365,AZ,1
85367,AZ,1
85373,AZ,1
85374,AZ,1
85375,AZ,1
85377,AZ,1
85378,AZ,1
85379,AZ,1
85381,AZ,1
85382,AZ,1
85383,AZ,1
85385,AZ,1
85387,AZ,1
85388,AZ,1
85390,AZ,1
85392,AZ,1
85395,AZ,1
85396,AZ,1
85501,AZ,1
85533,AZ,0
85534,AZ,0
85536,AZ,0
85539,AZ,1
85541,AZ,1
85543,AZ,1
85544,AZ,1
85545,AZ,0
85546,AZ,1
85552,AZ,1
85553,AZ,1
85554,AZ,1
85601,AZ,0
85602,AZ,1
85603,AZ,1
85605,AZ,0
85606,AZ,1
85607,AZ,1
85610,AZ,1
85611,AZ,1
85614,AZ,1
85615,AZ,1
85616,AZ,1
85617,AZ,0
85618,AZ,0
85619,AZ,1
85620,AZ,0
85621,AZ,1
85622,AZ,1
85623,AZ,1
85624,AZ,1
85625,AZ,1
85629,AZ,1
85630,AZ,1
85631,AZ,1
85632,AZ,1
85635,AZ,1
85637,AZ,1
85638,AZ,1
85641,AZ,1
85643,AZ,1
85645,AZ,1
85646,AZ,1
85648,AZ,1
85650,AZ,1
85653,AZ,1
85658,AZ,1
85701,AZ,1
85704,AZ,1
85705,AZ,1
85706,AZ,1
85710,AZ,1
85711,AZ,1
85712,AZ,1
85713,AZ,1
85714,AZ,1
85715,AZ,1
85716,AZ,1
85718,AZ,1
85719,AZ,1
85724,AZ,0
85730,AZ,1
85732,AZ,1
85735,AZ,1
85736,AZ,1
85737,AZ,1
85739,AZ,1
85740,AZ,1
85741,AZ,1
85742,AZ,1
85743,AZ,1
85745,AZ,1
85746,AZ,1
85747,AZ,1
85748,AZ,1
85749,AZ,1
85750,AZ,1
85755,AZ,1
85756,AZ,1
85757,AZ,1
85901,AZ,1
85920,AZ,1
85922,AZ,0
85923,AZ,0
85924,AZ,1
85925,AZ,1
85927,AZ,1
85928,AZ,1
85929,AZ,1
85931,AZ,0
85932,AZ,1
85933,AZ,1
85934,AZ,0
85935,AZ,1
85936,AZ,1
85937,AZ,1
85938,AZ,1
85939,AZ,0
86001,AZ,1
86004,AZ,1
86005,AZ,1
86015,AZ,1
86017,AZ,1
86021,AZ,0
86022,AZ,1
86024,AZ,1
86025,AZ,1
86032,AZ,1
86038,AZ,1
86040,AZ,0
86046,AZ,1
86047,AZ,1
86052,AZ,1
86301,AZ,1
86303,AZ,1
86304,AZ,0
86305,AZ,1
86314,AZ,1
86315,AZ,1
86320,AZ,1
86322,AZ,1
86323,AZ,1
86324,AZ,1
86325,AZ,1
86326,AZ,1
86327,AZ,1
86329,AZ,1
86331,AZ,1
86332,AZ,1
86333,AZ,1
86334,AZ,1
86335,AZ,1
86336,AZ,1
86337,AZ,1
86343,AZ,1
86351,AZ,1
86401,AZ,1
86403,AZ,1
86404,AZ,1
86406,AZ,1
86409,AZ,1
86411,AZ,1
86413,AZ,1
86426,AZ,1
86429,AZ,1
86431,AZ,0
86432,AZ,0
86434,AZ,0
86436,AZ,1
86438,AZ,0
86440,AZ,1
86441,AZ,1
86442,AZ,1
86444,AZ,1
86445,AZ,0
87001,NM,0
87002,NM,1
87004,NM,1
87006,NM,1
87008,NM,1
87010,NM,1
87013,NM,0
87015,NM,1
87016,NM,1
87020,NM,1
87023,NM,0
87024,NM,1
87025,NM,1
87029,NM,0
87031,NM,1
87035,NM,1
87036,NM,1
87041,NM,0
87042,NM,1
87043,NM,1
87045,NM,0
87047,NM,1
87048,NM,1
87056,NM,1
87059,NM,1
87068,NM,1
87083,NM,1
87102,NM,1
87104,NM,1
87105,NM,1
87106,NM,1
87107,NM,1
87108,NM,1
87109,NM,1
87110,NM,1
87111,NM,1
87112,NM,1
87113,NM,1
87114,NM,1
87120,NM,1
87121,NM,1
87122,NM,1
87123,NM,1
87124,NM,1
87144,NM,1
87154,NM,0
87184,NM,0
87199,NM,1
87301,NM,1
87317,NM,0
87319,NM,0
87321,NM,1
87323,NM,0
87401,NM,1
87402,NM,1
87410,NM,1
87412,NM,1
87413,NM,1
87415,NM,1
87416,NM,0
87417,NM,0
87418,NM,1
87501,NM,1
87505,NM,1
87506,NM,1
87507,NM,1
87508,NM,1
87510,NM,0
87513,NM,0
87514,NM,1
87517,NM,1
87519,NM,1
87520,NM,1
87521,NM,0
87522,NM,1
87524,NM,0
87525,NM,1
87527,NM,0
87529,NM,1
87530,NM,0
87532,NM,1
87535,NM,1
87537,NM,1
87540,NM,1
87544,NM,1
87547,NM,1
87548,NM,1
87549,NM,1
87551,NM,1
87552,NM,1
87553,NM,0
87556,NM,1
87557,NM,1
87558,NM,1
87560,NM,1
87564,NM,0
87565,NM,0
87566,NM,0
87567,NM,0
87571,NM,1
87575,NM,1
87577,NM,0
87578,NM,1
87579,NM,0
87580,NM,1
87582,NM,0
87592,NM,1
87701,NM,1
87710,NM,1
87714,NM,0
87718,NM,1
87722,NM,0
87723,NM,0
87731,NM,1
87740,NM,1
87742,NM,1
87747,NM,1
87801,NM,1
87821,NM,0
87823,NM,1
87825,NM,1
87827,NM,0
87829,NM,1
87830,NM,1
87831,NM,0
87832,NM,0
87901,NM,1
87931,NM,0
87935,NM,1
87937,NM,0
87942,NM,0
88001,NM,1
88005,NM,1
88007,NM,1
88008,NM,1
88011,NM,1
88012,NM,1
88021,NM,1
88022,NM,1
88023,NM,1
88025,NM,1
88028,NM,0
88029,NM,0
88030,NM,1
88034,NM,0
88041,NM,1
88042,NM,1
88043,NM,1
88044,NM,1
88045,NM,1
88046,NM,0
88047,NM,0
88048,NM,0
88049,NM,0
88052,NM,0
88053,NM,0
88061,NM,1
88063,NM,1
88065,NM,1
88072,NM,0
88081,NM,1
88101,NM,1
88102,NM,0
88119,NM,1
88124,NM,1
88130,NM,1
88135,NM,1
88201,NM,1
88203,NM,1
88210,NM,1
88220,NM,1
88230,NM,1
88231,NM,1
88240,NM,1
88242,NM,1
88252,NM,0
88253,NM,0
88256,NM,1
88260,NM,1
88301,NM,1
88310,NM,1
88312,NM,1
88316,NM,1
88317,NM,1
88318,NM,0
88325,NM,0
88337,NM,1
88338,NM,0
88339,NM,1
88341,NM,0
88345,NM,1
88346,NM,1
88347,NM,0
88348,NM,0
88350,NM,0
88352,NM,1
88401,NM,1
88415,NM,1
88416,NM,0
88426,NM,1
88433,NM,0
88435,NM,0
89001,NV,0
89002,NV,1
89003,NV,1
89004,NV,1
89005,NV,1
89008,NV,1
89011,NV,1
89012,NV,1
89013,NV,0
89014,NV,1
89015,NV,1
89016,NV,1
89018,NV,1
89019,NV,0
89020,NV,0
89021,NV,1
89025,NV,1
89027,NV,1
89028,NV,1
89029,NV,1
89030,NV,1
89031,NV,1
89032,NV,1
89033,NV,0
89034,NV,1
89037,NV,1
89040,NV,1
89042,NV,0
89043,NV,1
89044,NV,1
89045,NV,0
89046,NV,0
89048,NV,1
89049,NV,1
89052,NV,1
89053,NV,0
89060,NV,1
89061,NV,1
89067,NV,1
89074,NV,1
89081,NV,1
89084,NV,1
89085,NV,1
89086,NV,1
89087,NV,1
89101,NV,1
89102,NV,1
89103,NV,1
89104,NV,1
89106,NV,1
89107,NV,1
89108,NV,1
89109,NV,1
89110,NV,1
89113,NV,1
89115,NV,1
89117,NV,1
89118,NV,1
89119,NV,1
89120,NV,1
89121,NV,1
89122,NV,1
89123,NV,1
89124,NV,1
89126,NV,1
89128,NV,1
89129,NV,1
89130,NV,1
89131,NV,1
89134,NV,1
89135,NV,1
89137,NV,1
89138,NV,1
89139,NV,1
89141,NV,1
89142,NV,1
89143,NV,1
89144,NV,1
89145,NV,1
89146,NV,1
89147,NV,1
89148,NV,1
89149,NV,1
89151,NV,0
89156,NV,1
89157,NV,0
89158,NV,1
89161,NV,1
89162,NV,1
89166,NV,1
89169,NV,1
89173,NV,0
89178,NV,1
89179,NV,1
89183,NV,1
89301,NV,1
89310,NV,0
89311,NV,0
89316,NV,0
89317,NV,1
89318,NV,1
89402,NV,1
89403,NV,1
89406,NV,1
89408,NV,1
89410,NV,1
89411,NV,1
89413,NV,1
89414,NV,0
89415,NV,1
89419,NV,1
89423,NV,1
89429,NV,1
89430,NV,0
89431,NV,1
89433,NV,1
89434,NV,1
89435,NV,0
89436,NV,1
89439,NV,1
89440,NV,1
89441,NV,1
89444,NV,1
89445,NV,1
89447,NV,1
89448,NV,1
89449,NV,1
89451,NV,1
89460,NV,1
89501,NV,1
89502,NV,1
89503,NV,1
89506,NV,1
89508,NV,1
89509,NV,1
89510,NV,1
89511,NV,1
89512,NV,1
89519,NV,1
89521,NV,1
89523,NV,1
89533,NV,1
89701,NV,1
89702,NV,0
89703,NV,1
89704,NV,1
89705,NV,1
89706,NV,1
89801,NV,1
89815,NV,1
89820,NV,1
89822,NV,0
89828,NV,1
89835,NV,1
89883,NV,1
90001,CA,1
90002,CA,1
90003,CA,1
90004,CA,1
90005,CA,1
90006,CA,1
90007,CA,1
90008,CA,1
90010,CA,1
90011,CA,1
90012,CA,1
90013,CA,1
90014,CA,0
90015,CA,1
90016,CA,1
90017,CA,1
90018,CA,1
90019,CA,1
90020,CA,1
90021,CA,1
90022,CA,1
90023,CA,1
90024,CA,1
90025,CA,1
90026,CA,1
90027,CA,1
90028,CA,1
90029,CA,1
90031,CA,1
90032,CA,1
90033,CA,1
90034,CA,1
90035,CA,1
90036,CA,1
90037,CA,1
90038,CA,1
90039,CA,1
90040,CA,1
90041,CA,1
90042,CA,1
90043,CA,1
90044,CA,1
90045,CA,1
90046,CA,1
90047,CA,1
90048,CA,1
90049,CA,1
90056,CA,1
90057,CA,1
90058,CA,0
90059,CA,1
90061,CA,1
90062,CA,1
90063,CA,1
90064,CA,1
90065,CA,1
90066,CA,1
90067,CA,1
90068,CA,1
90069,CA,1
90076,CA,0
90077,CA,1
90094,CA,1
90099,CA,1
90101,CA,0
90201,CA,1
90210,CA,1
90211,CA,1
90212,CA,1
90213,CA,1
90220,CA,1
90221,CA,1
90222,CA,1
90230,CA,1
90232,CA,1
90240,CA,1
90241,CA,1
90242,CA,1
90245,CA,1
90247,CA,1
90248,CA,1
90249,CA,1
90250,CA,1
90254,CA,1
90255,CA,1
90260,CA,1
90262,CA,1
90264,CA,0
90265,CA,1
90266,CA,1
90270,CA,1
90272,CA,1
90274,CA,1
90275,CA,1
90277,CA,1
90278,CA,1
90280,CA,1
90290,CA,1
90291,CA,1
90292,CA,1
90293,CA,1
90301,CA,1
90302,CA,1
90303,CA,1
90304,CA,1
90305,CA,1
90401,CA,1
90402,CA,1
90403,CA,1
90404,CA,1
90405,CA,1
90501,CA,1
90502,CA,1
90503,CA,1
90504,CA,1
90505,CA,1
90601,CA,1
90602,CA,1
90603,CA,1
90604,CA,1
90605,CA,1
90606,CA,1
90620,CA,1
90621,CA,1
90623,CA,1
90630,CA,1
90631,CA,1
90638,CA,1
90640,CA,1
90650,CA,1
90660,CA,1
90670,CA,1
90680,CA,1
90701,CA,1
90702,CA,1
90703,CA,1
90704,CA,1
90706,CA,1
90710,CA,1
90712,CA,1
90713,CA,1
90715,CA,1
90716,CA,1
90717,CA,1
90720,CA,1
90723,CA,1
90731,CA,1
90732,CA,1
90740,CA,1
90743,CA,0
90744,CA,1
90745,CA,1
90746,CA,1
90755,CA,1
90802,CA,1
90803,CA,1
90804,CA,1
90805,CA,1
90806,CA,1
90807,CA,1
90808,CA,1
90810,CA,1
90813,CA,1
90814,CA,1
90815,CA,1
91001,CA,1
91006,CA,1
91007,CA,1
91008,CA,1
91010,CA,1
91011,CA,1
91016,CA,1
91020,CA,1
91024,CA,1
91030,CA,1
91040,CA,1
91042,CA,1
91101,CA,1
91103,CA,1
91104,CA,1
91105,CA,1
91106,CA,1
91107,CA,1
91108,CA,1
91115,CA,0
91118,CA,0
91201,CA,1
91202,CA,1
91203,CA,1
91204,CA,1
91205,CA,1
91206,CA,1
91207,CA,1
91208,CA,1
91214,CA,1
91301,CA,1
91302,CA,1
91303,CA,1
91304,CA,1
91306,CA,1
91307,CA,1
91310,CA,1
91311,CA,1
91313,CA,1
91316,CA,1
91320,CA,1
91321,CA,1
91324,CA,1
91325,CA,1
91326,CA,1
91331,CA,1
91335,CA,1
91340,CA,1
91342,CA,1
91343,CA,1
91344,CA,1
91345,CA,1
91350,CA,1
91351,CA,1
91352,CA,1
91354,CA,1
91355,CA,1
91356,CA,1
91360,CA,1
91361,CA,1
91362,CA,1
91364,CA,1
91367,CA,1
91377,CA,1
91381,CA,1
91382,CA,1
91384,CA,1
91387,CA,1
91390,CA,1
91395,CA,0
91396,CA,0
91401,CA,1
91402,CA,1
91403,CA,1
91405,CA,1
91406,CA,1
91411,CA,1
91412,CA,0
91423,CA,1
91436,CA,1
91501,CA,1
91502,CA,1
91504,CA,1
91505,CA,1
91506,CA,1
91601,CA,1
91602,CA,1
91604,CA,1
91605,CA,1
91606,CA,1
91607,CA,1
91609,CA,1
91614,CA,0
91615,CA,1
91701,CA,1
91702,CA,1
91706,CA,1
91708,CA,1
91709,CA,1
91710,CA,1
91711,CA,1
91722,CA,1
91723,CA,1
91724,CA,1
91730,CA,1
91731,CA,1
91732,CA,1
91733,CA,1
91737,CA,1
91739,CA,1
91740,CA,1
91741,CA,1
91744,CA,1
91745,CA,1
91746,CA,1
91748,CA,1
91750,CA,1
91752,CA,1
91754,CA,1
91755,CA,1
91758,CA,1
91759,CA,1
91761,CA,1
91762,CA,1
91763,CA,1
91764,CA,1
91765,CA,1
91766,CA,1
91767,CA,1
91768,CA,1
91770,CA,1
91773,CA,1
91775,CA,1
91776,CA,1
91780,CA,1
91784,CA,1
91786,CA,1
91789,CA,1
91790,CA,1
91791,CA,1
91792,CA,1
91801,CA,1
91803,CA,1
91804,CA,1
91901,CA,1
91902,CA,1
91905,CA,1
91906,CA,1
91910,CA,1
91911,CA,1
91913,CA,1
91914,CA,1
91915,CA,1
91916,CA,1
91917,CA,0
91931,CA,0
91932,CA,1
91934,CA,1
91935,CA,1
91941,CA,1
91942,CA,1
91945,CA,1
91948,CA,0
91950,CA,1
91962,CA,1
91963,CA,1
91977,CA,1
91978,CA,1
92003,CA,1
92004,CA,1
92007,CA,1
92008,CA,1
92009,CA,1
92010,CA,1
92011,CA,1
92014,CA,1
92019,CA,1
92020,CA,1
92021,CA,1
92024,CA,1
92025,CA,1
92026,CA,1
92027,CA,1
92028,CA,1
92029,CA,1
92036,CA,1
92037,CA,1
92040,CA,1
92046,CA,1
92054,CA,1
92056,CA,1
92057,CA,1
92058,CA,1
92059,CA,0
92060,CA,1
92061,CA,1
92064,CA,1
92065,CA,1
92066,CA,1
92067,CA,1
92068,CA,1
92069,CA,1
92070,CA,1
92071,CA,1
92075,CA,1
92078,CA,1
92081,CA,1
92082,CA,1
92083,CA,1
92084,CA,1
92086,CA,1
92091,CA,1
92101,CA,1
92102,CA,1
92103,CA,1
92104,CA,1
92105,CA,1
92106,CA,1
92107,CA,1
92108,CA,1
92109,CA,1
92110,CA,1
92111,CA,1
92113,CA,1
92114,CA,1
92115,CA,1
92116,CA,1
92117,CA,1
92118,CA,1
92119,CA,1
92120,CA,1
92121,CA,1
92122,CA,1
92123,CA,1
92124,CA,1
92126,CA,1
92127,CA,1
92128,CA,1
92129,CA,1
92130,CA,1
92131,CA,1
92132,CA,1
92139,CA,1
92154,CA,1
92171,CA,0
92173,CA,1
92197,CA,1
92201,CA,1
92203,CA,1
92210,CA,1
92211,CA,1
92220,CA,1
92223,CA,1
92225,CA,1
92227,CA,1
92230,CA,1
92231,CA,1
92233,CA,1
92234,CA,1
92236,CA,1
92240,CA,1
92241,CA,1
92242,CA,0
92243,CA,1
92249,CA,1
92250,CA,1
92251,CA,1
92252,CA,1
92253,CA,1
92254,CA,1
92255,CA,0
92256,CA,1
92257,CA,1
92260,CA,1
92262,CA,1
92263,CA,1
92264,CA,1
92266,CA,0
92268,CA,1
92270,CA,1
92274,CA,1
92276,CA,1
92277,CA,1
92281,CA,1
92282,CA,1
92284,CA,1
92285,CA,1
92301,CA,1
92305,CA,1
92307,CA,1
92308,CA,1
92311,CA,1
92313,CA,1
92314,CA,1
92315,CA,1
92316,CA,1
92317,CA,0
92320,CA,1
92321,CA,1
92322,CA,1
92324,CA,1
92325,CA,1
92326,CA,0
92327,CA,0
92333,CA,1
92335,CA,1
92336,CA,1
92337,CA,1
92339,CA,1
92341,CA,1
92342,CA,1
92344,CA,1
92345,CA,1
92346,CA,1
92347,CA,0
92352,CA,1
92354,CA,1
92356,CA,1
92358,CA,1
92359,CA,1
92363,CA,1
92365,CA,1
92366,CA,1
92368,CA,1
92371,CA,1
92372,CA,1
92373,CA,1
92374,CA,1
92376,CA,1
92377,CA,1
92378,CA,0
92382,CA,1
92385,CA,1
92386,CA,1
92391,CA,1
92392,CA,1
92393,CA,1
92394,CA,1
92395,CA,1
92397,CA,1
92398,CA,1
92399,CA,1
92401,CA,1
92402,CA,1
92404,CA,1
92405,CA,1
92407,CA,1
92408,CA,1
92410,CA,1
92411,CA,1
92501,CA,1
92503,CA,1
92504,CA,1
92505,CA,1
92506,CA,1
92507,CA,1
92508,CA,1
92509,CA,1
92513,CA,0
92517,CA,0
92530,CA,1
92532,CA,1
92536,CA,1
92539,CA,1
92543,CA,1
92544,CA,1
92545,CA,1
92548,CA,1
92549,CA,1
92551,CA,1
92553,CA,1
92555,CA,1
92557,CA,1
92561,CA,1
92562,CA,1
92563,CA,1
92564,CA,1
92567,CA,1
92570,CA,1
92571,CA,1
92582,CA,1
92583,CA,1
92584,CA,1
92585,CA,1
92586,CA,1
92587,CA,1
92590,CA,1
92591,CA,1
92592,CA,1
92595,CA,1
92596,CA,1
92602,CA,1
92603,CA,1
92604,CA,1
92606,CA,1
92610,CA,1
92612,CA,1
92614,CA,1
92618,CA,1
92620,CA,1
92624,CA,1
92625,CA,1
92626,CA,1
92627,CA,1
92629,CA,1
92630,CA,1
92637,CA,1
92646,CA,1
92647,CA,1
92648,CA,1
92649,CA,1
92651,CA,1
92653,CA,1
92655,CA,1
92656,CA,1
92657,CA,1
92660,CA,1
92661,CA,1
92662,CA,1
92663,CA,1
92672,CA,1
92673,CA,1
92675,CA,1
92676,CA,1
92677,CA,1
92679,CA,1
92683,CA,1
92688,CA,1
92691,CA,1
92692,CA,1
92694,CA,1
92701,CA,1
92703,CA,1
92704,CA,1
92705,CA,1
92706,CA,1
92707,CA,1
92708,CA,1
92711,CA,0
92780,CA,1
92782,CA,1
92801,CA,1
92802,CA,1
92804,CA,1
92805,CA,1
92806,CA,1
92807,CA,1
92808,CA,1
92816,CA,1
92821,CA,1
92823,CA,1
92831,CA,1
92832,CA,1
92833,CA,1
92835,CA,1
92840,CA,1
92841,CA,1
92843,CA,1
92844,CA,1
92845,CA,1
92860,CA,1
92861,CA,1
92862,CA,1
92865,CA,1
92866,CA,1
92867,CA,1
92868,CA,1
92869,CA,1
92870,CA,1
92878,CA,1
92879,CA,1
92880,CA,1
92881,CA,1
92882,CA,1
92883,CA,1
92886,CA,1
92887,CA,1
93001,CA,1
93003,CA,1
93004,CA,1
93010,CA,1
93012,CA,1
93013,CA,1
93014,CA,1
93015,CA,1
93021,CA,1
93022,CA,1
93023,CA,1
93030,CA,1
93031,CA,0
93033,CA,1
93035,CA,1
93036,CA,1
93041,CA,1
93060,CA,1
93063,CA,1
93065,CA,1
93066,CA,1
93101,CA,1
93103,CA,1
93105,CA,1
93108,CA,1
93109,CA,1
93110,CA,1
93111,CA,1
93117,CA,1
93130,CA,0
93150,CA,1
93201,CA,0
93202,CA,1
93203,CA,1
93204,CA,1
93205,CA,1
93206,CA,1
93207,CA,1
93210,CA,1
93212,CA,1
93215,CA,1
93219,CA,1
93221,CA,1
93222,CA,1
93223,CA,1
93224,CA,0
93225,CA,1
93230,CA,1
93234,CA,0
93235,CA,1
93238,CA,1
93240,CA,1
93241,CA,1
93242,CA,0
93243,CA,1
93244,CA,0
93245,CA,1
93247,CA,1
93249,CA,0
93250,CA,1
93252,CA,1
93254,CA,1
93255,CA,1
93256,CA,1
93257,CA,1
93260,CA,1
93263,CA,1
93265,CA,1
93266,CA,0
93267,CA,1
93268,CA,1
93270,CA,1
93271,CA,1
93272,CA,1
93274,CA,1
93277,CA,1
93280,CA,1
93283,CA,1
93285,CA,1
93286,CA,1
93287,CA,0
93291,CA,1
93292,CA,1
93301,CA,1
93304,CA,1
93305,CA,1
93306,CA,1
93307,CA,1
93308,CA,1
93309,CA,1
93311,CA,1
93312,CA,1
93313,CA,1
93314,CA,1
93401,CA,1
93402,CA,1
93405,CA,1
93420,CA,1
93422,CA,1
93424,CA,1
93426,CA,1
93427,CA,1
93428,CA,1
93430,CA,1
93432,CA,1
93433,CA,1
93434,CA,1
93436,CA,1
93440,CA,1
93441,CA,1
93442,CA,1
93444,CA,1
93445,CA,1
93446,CA,1
93448,CA,0
93449,CA,1
93451,CA,1
93452,CA,1
93453,CA,1
93454,CA,1
93455,CA,1
93458,CA,1
93460,CA,1
93461,CA,1
93463,CA,1
93465,CA,1
93501,CA,1
93505,CA,1
93510,CA,1
93513,CA,1
93514,CA,1
93516,CA,1
93517,CA,0
93518,CA,0
93519,CA,0
93523,CA,1
93526,CA,1
93527,CA,1
93528,CA,0
93529,CA,1
93531,CA,1
93532,CA,1
93534,CA,1
93535,CA,1
93536,CA,1
93541,CA,1
93543,CA,1
93544,CA,1
93545,CA,1
93546,CA,1
93549,CA,0
93550,CA,1
93551,CA,1
93552,CA,1
93553,CA,1
93555,CA,1
93560,CA,1
93561,CA,1
93562,CA,1
93591,CA,1
93601,CA,1
93602,CA,1
93603,CA,1
93604,CA,1
93605,CA,1
93609,CA,1
93610,CA,1
93611,CA,1
93612,CA,1
93614,CA,1
93615,CA,1
93616,CA,1
93618,CA,1
93619,CA,1
93620,CA,1
93621,CA,0
93622,CA,1
93623,CA,1
93625,CA,1
93626,CA,1
93630,CA,1
93631,CA,1
93633,CA,0
93635,CA,1
93636,CA,1
93637,CA,1
93638,CA,1
93640,CA,1
93641,CA,1
93642,CA,0
93643,CA,1
93644,CA,1
93646,CA,1
93647,CA,1
93648,CA,1
93650,CA,1
93651,CA,1
93653,CA,1
93654,CA,1
93656,CA,1
93657,CA,1
93660,CA,1
93662,CA,1
93664,CA,1
93667,CA,1
93668,CA,1
93669,CA,1
93675,CA,1
93701,CA,1
93702,CA,1
93703,CA,1
93704,CA,1
93705,CA,1
93706,CA,1
93710,CA,1
93711,CA,1
93720,CA,1
93721,CA,1
93722,CA,1
93723,CA,1
93725,CA,1
93726,CA,1
93727,CA,1
93728,CA,1
93730,CA,1
93737,CA,1
93888,CA,0
93901,CA,1
93905,CA,1
93906,CA,1
93907,CA,1
93908,CA,1
93920,CA,1
93921,CA,1
93923,CA,1
93924,CA,1
93925,CA,0
93926,CA,1
93927,CA,1
93930,CA,1
93932,CA,0
93933,CA,1
93940,CA,1
93950,CA,1
93953,CA,1
93954,CA,0
93955,CA,1
93960,CA,1
94002,CA,1
94005,CA,1
94010,CA,1
94014,CA,1
94015,CA,1
94018,CA,1
94019,CA,1
94020,CA,1
94022,CA,1
94024,CA,1
94025,CA,1
94027,CA,1
94028,CA,1
94030,CA,1
94037,CA,1
94038,CA,1
94040,CA,1
94041,CA,1
94042,CA,1
94043,CA,1
94044,CA,1
94060,CA,1
94061,CA,1
94062,CA,1
94063,CA,1
94065,CA,1
94066,CA,1
94070,CA,1
94080,CA,1
94085,CA,1
94086,CA,1
94087,CA,1
94089,CA,1
94102,CA,1
94103,CA,1
94104,CA,0
94105,CA,1
94107,CA,1
94108,CA,1
94109,CA,1
94110,CA,1
94111,CA,1
94112,CA,1
94114,CA,1
94115,CA,1
94116,CA,1
94117,CA,1
94118,CA,1
94121,CA,1
94122,CA,1
94123,CA,1
94124,CA,1
94127,CA,1
94130,CA,1
94131,CA,1
94132,CA,1
94133,CA,1
94134,CA,1
94158,CA,1
94301,CA,1
94303,CA,1
94305,CA,1
94306,CA,1
94401,CA,1
94402,CA,1
94403,CA,1
94404,CA,1
94501,CA,1
94502,CA,1
94503,CA,1
94505,CA,1
94506,CA,1
94507,CA,1
94508,CA,1
94509,CA,1
94510,CA,1
94511,CA,1
94513,CA,1
94514,CA,0
94515,CA,1
94516,CA,0
94517,CA,1
94518,CA,1
94519,CA,1
94520,CA,1
94521,CA,1
94523,CA,1
94525,CA,1
94526,CA,1
94528,CA,1
94530,CA,1
94531,CA,1
94533,CA,1
94534,CA,1
94536,CA,1
94538,CA,1
94539,CA,1
94541,CA,1
94542,CA,1
94544,CA,1
94545,CA,1
94546,CA,1
94547,CA,1
94549,CA,1
94550,CA,1
94551,CA,1
94552,CA,1
94553,CA,1
94555,CA,1
94556,CA,1
94558,CA,1
94559,CA,1
94560,CA,1
94561,CA,1
94563,CA,1
94564,CA,1
94565,CA,1
94566,CA,1
94567,CA,1
94568,CA,1
94571,CA,1
94572,CA,1
94574,CA,1
94576,CA,0
94577,CA,1
94578,CA,1
94579,CA,1
94580,CA,1
94582,CA,1
94583,CA,1
94585,CA,1
94586,CA,1
94587,CA,1
94588,CA,1
94589,CA,1
94590,CA,1
94591,CA,1
94592,CA,1
94595,CA,1
94596,CA,1
94597,CA,1
94598,CA,1
94599,CA,1
94601,CA,1
94602,CA,1
94603,CA,1
94605,CA,1
94606,CA,1
94607,CA,1
94608,CA,1
94609,CA,1
94610,CA,1
94611,CA,1
94612,CA,1
94617,CA,1
94618,CA,1
94619,CA,1
94621,CA,1
94702,CA,1
94703,CA,1
94704,CA,1
94705,CA,1
94706,CA,1
94707,CA,1
94708,CA,1
94709,CA,1
94710,CA,1
94801,CA,1
94803,CA,1
94804,CA,1
94805,CA,1
94806,CA,1
94820,CA,0
94901,CA,1
94903,CA,1
94904,CA,1
94913,CA,0
94920,CA,1
94923,CA,1
94924,CA,1
94925,CA,1
94928,CA,1
94929,CA,1
94930,CA,1
94931,CA,1
94937,CA,1
94938,CA,1
94939,CA,1
94941,CA,1
94945,CA,1
94946,CA,0
94947,CA,1
94948,CA,0
94949,CA,1
94951,CA,1
94952,CA,1
94954,CA,1
94956,CA,1
94957,CA,1
94960,CA,1
94963,CA,0
94965,CA,1
94970,CA,1
94973,CA,0
94974,CA,1
94978,CA,0
95001,CA,0
95003,CA,1
95004,CA,1
95005,CA,1
95006,CA,1
95008,CA,1
95010,CA,1
95012,CA,0
95014,CA,1
95017,CA,0
95018,CA,1
95019,CA,1
95020,CA,1
95023,CA,1
95030,CA,1
95032,CA,1
95033,CA,1
95035,CA,1
95036,CA,1
95037,CA,1
95039,CA,1
95041,CA,0
95045,CA,1
95046,CA,1
95050,CA,1
95051,CA,1
95054,CA,1
95060,CA,1
95062,CA,1
95065,CA,1
95066,CA,1
95067,CA,0
95070,CA,1
95071,CA,0
95073,CA,1
95075,CA,0
95076,CA,1
95110,CA,1
95111,CA,1
95112,CA,1
95113,CA,1
95116,CA,1
95117,CA,1
95118,CA,1
95119,CA,1
95120,CA,1
95121,CA,1
95122,CA,1
95123,CA,1
95124,CA,1
95125,CA,1
95126,CA,1
95127,CA,1
95128,CA,1
95129,CA,1
95130,CA,1
95131,CA,1
95132,CA,1
95133,CA,1
95134,CA,1
95135,CA,1
95136,CA,1
95138,CA,1
95139,CA,1
95140,CA,1
95148,CA,1
95153,CA,0
95202,CA,1
95203,CA,1
95204,CA,1
95205,CA,1
95206,CA,1
95207,CA,1
95209,CA,1
95210,CA,1
95212,CA,1
95215,CA,1
95219,CA,1
95220,CA,1
95222,CA,1
95223,CA,1
95228,CA,1
95230,CA,1
95231,CA,1
95232,CA,0
95233,CA,1
95236,CA,1
95237,CA,1
95240,CA,1
95242,CA,1
95245,CA,1
95246,CA,1
95247,CA,1
95249,CA,1
95251,CA,0
95252,CA,1
95254,CA,1
95255,CA,1
95257,CA,0
95258,CA,1
95269,CA,0
95301,CA,1
95303,CA,0
95304,CA,1
95306,CA,1
95307,CA,1
95310,CA,1
95311,CA,1
95315,CA,1
95316,CA,1
95320,CA,1
95321,CA,1
95322,CA,1
95323,CA,0
95324,CA,1
95326,CA,1
95327,CA,1
95328,CA,1
95329,CA,1
95330,CA,1
95333,CA,1
95334,CA,1
95335,CA,1
95336,CA,1
95337,CA,1
95338,CA,1
95340,CA,1
95341,CA,1
95345,CA,1
95346,CA,1
95348,CA,1
95350,CA,1
95351,CA,1
95354,CA,1
95355,CA,1
95356,CA,1
95357,CA,1
95358,CA,1
95360,CA,1
95361,CA,1
95363,CA,1
95364,CA,1
95365,CA,0
95366,CA,1
95367,CA,1
95368,CA,1
95369,CA,0
95370,CA,1
95372,CA,1
95374,CA,0
95375,CA,1
95376,CA,1
95377,CA,1
95379,CA,1
95380,CA,1
95382,CA,1
95383,CA,1
95386,CA,1
95388,CA,1
95389,CA,0
95391,CA,1
95401,CA,1
95403,CA,1
95404,CA,1
95405,CA,1
95407,CA,1
95409,CA,1
95410,CA,1
95415,CA,1
95421,CA,1
95422,CA,1
95423,CA,1
95425,CA,1
95427,CA,0
95428,CA,1
95432,CA,1
95436,CA,1
95437,CA,1
95439,CA,1
95441,CA,1
95442,CA,1
95443,CA,0
95444,CA,1
95445,CA,1
95446,CA,1
95448,CA,1
95449,CA,1
95450,CA,1
95451,CA,1
95452,CA,1
95453,CA,1
95454,CA,1
95456,CA,0
95457,CA,1
95458,CA,1
95459,CA,1
95460,CA,1
95461,CA,1
95462,CA,1
95464,CA,1
95465,CA,1
95466,CA,1
95467,CA,1
95469,CA,1
95470,CA,1
95471,CA,1
95472,CA,1
95476,CA,1
95480,CA,1
95482,CA,1
95485,CA,1
95488,CA,0
95490,CA,1
95492,CA,1
95497,CA,1
95501,CA,1
95503,CA,1
95511,CA,0
95514,CA,1
95519,CA,1
95521,CA,1
95524,CA,1
95525,CA,1
95526,CA,1
95527,CA,1
95528,CA,1
95531,CA,1
95536,CA,1
95540,CA,1
95542,CA,1
95546,CA,0
95547,CA,1
95548,CA,1
95549,CA,1
95550,CA,0
95551,CA,1
95552,CA,0
95554,CA,1
95556,CA,0
95558,CA,0
95560,CA,1
95562,CA,1
95563,CA,1
95564,CA,1
95565,CA,1
95567,CA,1
95569,CA,0
95570,CA,1
95571,CA,1
95573,CA,1
95585,CA,0
95587,CA,0
95589,CA,1
95595,CA,0
95601,CA,1
95602,CA,1
95603,CA,1
95605,CA,1
95606,CA,0
95607,CA,0
95608,CA,1
95610,CA,1
95612,CA,1
95614,CA,1
95615,CA,1
95616,CA,1
95618,CA,1
95619,CA,1
95620,CA,1
95621,CA,1
95623,CA,1
95624,CA,1
95626,CA,1
95627,CA,1
95628,CA,1
95629,CA,1
95630,CA,1
95631,CA,1
95632,CA,1
95633,CA,1
95634,CA,1
95635,CA,1
95636,CA,1
95637,CA,0
95638,CA,1
95639,CA,0
95640,CA,1
95641,CA,1
95642,CA,1
95645,CA,1
95646,CA,1
95648,CA,1
95650,CA,1
95655,CA,1
95658,CA,1
95659,CA,0
95660,CA,1
95661,CA,1
95662,CA,1
95663,CA,1
95664,CA,1
95665,CA,1
95666,CA,1
95667,CA,1
95668,CA,0
95669,CA,1
95670,CA,1
95672,CA,1
95673,CA,1
95674,CA,0
95675,CA,1
95677,CA,1
95678,CA,1
95681,CA,1
95682,CA,1
95683,CA,1
95684,CA,1
95685,CA,1
95687,CA,1
95688,CA,1
95689,CA,1
95690,CA,1
95691,CA,1
95692,CA,1
95693,CA,1
95694,CA,1
95695,CA,1
95696,CA,1
95701,CA,1
95703,CA,1
95709,CA,1
95713,CA,1
95715,CA,1
95717,CA,0
95720,CA,1
95721,CA,0
95722,CA,1
95724,CA,1
95726,CA,1
95728,CA,1
95735,CA,1
95742,CA,1
95746,CA,1
95747,CA,1
95757,CA,1
95758,CA,1
95762,CA,1
95765,CA,1
95776,CA,1
95811,CA,1
95812,CA,0
95814,CA,1
95815,CA,1
95816,CA,1
95817,CA,1
95818,CA,1
95819,CA,1
95820,CA,1
95821,CA,1
95822,CA,1
95823,CA,1
95824,CA,1
95825,CA,1
95826,CA,1
95827,CA,1
95828,CA,1
95829,CA,1
95830,CA,1
95831,CA,1
95832,CA,1
95833,CA,1
95834,CA,1
95835,CA,1
95838,CA,1
95841,CA,1
95842,CA,1
95843,CA,1
95864,CA,1
95901,CA,1
95912,CA,1
95914,CA,0
95916,CA,1
95917,CA,1
95918,CA,1
95919,CA,1
95922,CA,1
95923,CA,1
95926,CA,1
95928,CA,1
95930,CA,1
95932,CA,1
95934,CA,0
95935,CA,1
95936,CA,0
95937,CA,0
95938,CA,1
95939,CA,0
95941,CA,1
95942,CA,1
95945,CA,1
95946,CA,1
95947,CA,0
95948,CA,1
95949,CA,1
95951,CA,0
95953,CA,1
95954,CA,1
95955,CA,1
95957,CA,0
95959,CA,1
95960,CA,1
95961,CA,1
95962,CA,1
95963,CA,1
95965,CA,1
95966,CA,1
95968,CA,1
95969,CA,1
95970,CA,0
95971,CA,1
95972,CA,0
95973,CA,1
95975,CA,1
95977,CA,1
95978,CA,0
95979,CA,1
95981,CA,1
95982,CA,1
95983,CA,1
95984,CA,0
95987,CA,1
95988,CA,1
95991,CA,1
95993,CA,1
96001,CA,1
96002,CA,1
96003,CA,1
96006,CA,1
96007,CA,1
96008,CA,1
96009,CA,0
96010,CA,0
96011,CA,0
96013,CA,1
96016,CA,0
96017,CA,0
96019,CA,1
96020,CA,1
96021,CA,1
96022,CA,1
96023,CA,1
96024,CA,1
96025,CA,1
96027,CA,1
96028,CA,1
96032,CA,1
96033,CA,1
96034,CA,0
96035,CA,1
96038,CA,0
96039,CA,0
96041,CA,1
96044,CA,0
96046,CA,0
96047,CA,1
96048,CA,0
96050,CA,0
96051,CA,1
96052,CA,1
96054,CA,1
96055,CA,1
96056,CA,1
96057,CA,1
96058,CA,0
96059,CA,1
96061,CA,0
96062,CA,1
96063,CA,1
96064,CA,1
96065,CA,0
96067,CA,1
96069,CA,1
96071,CA,0
96073,CA,1
96076,CA,0
96080,CA,1
96086,CA,0
96088,CA,1
96089,CA,0
96090,CA,0
96091,CA,1
96093,CA,1
96094,CA,1
96096,CA,1
96097,CA,1
96101,CA,0
96103,CA,1
96106,CA,1
96107,CA,0
96109,CA,1
96114,CA,1
96117,CA,0
96118,CA,1
96120,CA,1
96121,CA,0
96122,CA,1
96124,CA,0
96125,CA,0
96126,CA,0
96128,CA,0
96130,CA,1
96132,CA,0
96134,CA,1
96137,CA,1
96140,CA,1
96141,CA,1
96142,CA,1
96143,CA,1
96145,CA,1
96146,CA,1
96148,CA,1
96150,CA,1
96161,CA,1
96162,CA,1
96701,HI,1
96703,HI,1
96704,HI,1
96705,HI,1
96706,HI,1
96707,HI,1
96708,HI,1
96710,HI,1
96712,HI,1
96713,HI,1
96714,HI,0
96716,HI,1
96717,HI,1
96719,HI,0
96720,HI,1
96722,HI,1
96725,HI,1
96727,HI,1
96730,HI,1
96731,HI,1
96732,HI,1
96734,HI,1
96738,HI,1
96740,HI,1
96741,HI,1
96743,HI,1
96744,HI,1
96745,HI,0
96746,HI,1
96748,HI,1
96749,HI,1
96750,HI,1
96752,HI,1
96753,HI,1
96754,HI,1
96755,HI,1
96756,HI,1
96760,HI,1
96761,HI,1
96762,HI,0
96763,HI,1
96764,HI,1
96765,HI,0
96766,HI,1
96768,HI,1
96770,HI,1
96771,HI,1
96772,HI,1
96773,HI,0
96774,HI,0
96776,HI,1
96777,HI,0
96778,HI,1
96779,HI,1
96780,HI,0
96781,HI,1
96782,HI,1
96783,HI,1
96785,HI,1
96786,HI,1
96789,HI,1
96790,HI,1
96791,HI,1
96792,HI,1
96793,HI,1
96795,HI,0
96796,HI,1
96797,HI,1
96813,HI,1
96814,HI,1
96815,HI,1
96816,HI,1
96817,HI,1
96818,HI,1
96819,HI,1
96821,HI,1
96822,HI,1
96825,HI,1
96826,HI,1
97002,OR,1
97003,OR,1
97004,OR,1
97005,OR,1
97006,OR,1
97007,OR,1
97008,OR,1
97009,OR,1
97011,OR,1
97013,OR,1
97014,OR,1
97015,OR,1
97016,OR,1
97017,OR,0
97018,OR,1
97019,OR,1
97020,OR,0
97021,OR,1
97022,OR,1
97023,OR,1
97024,OR,1
97026,OR,1
97027,OR,1
97028,OR,1
97029,OR,1
97030,OR,1
97031,OR,1
97032,OR,1
97034,OR,1
97035,OR,1
97037,OR,1
97038,OR,1
97040,OR,1
97041,OR,1
97042,OR,1
97045,OR,1
97048,OR,1
97049,OR,1
97050,OR,0
97051,OR,1
97053,OR,1
97054,OR,1
97055,OR,1
97056,OR,1
97058,OR,1
97060,OR,1
97062,OR,1
97063,OR,1
97064,OR,1
97065,OR,1
97067,OR,1
97068,OR,1
97070,OR,1
97071,OR,1
97078,OR,1
97080,OR,1
97086,OR,1
97089,OR,1
97101,OR,1
97102,OR,0
97103,OR,1
97106,OR,1
97107,OR,1
97108,OR,1
97109,OR,0
97110,OR,1
97111,OR,1
97112,OR,1
97113,OR,1
97114,OR,1
97115,OR,1
97116,OR,1
97117,OR,0
97118,OR,1
97119,OR,1
97121,OR,1
97122,OR,0
97123,OR,1
97124,OR,1
97127,OR,1
97128,OR,1
97130,OR,1
97131,OR,1
97132,OR,1
97133,OR,1
97134,OR,0
97135,OR,1
97136,OR,1
97137,OR,1
97138,OR,1
97140,OR,1
97141,OR,1
97146,OR,1
97147,OR,1
97148,OR,1
97149,OR,1
97201,OR,1
97202,OR,1
97203,OR,1
97205,OR,1
97206,OR,1
97209,OR,1
97210,OR,1
97211,OR,1
97212,OR,1
97213,OR,1
97214,OR,1
97215,OR,1
97216,OR,1
97217,OR,1
97218,OR,1
97219,OR,1
97220,OR,1
97221,OR,1
97222,OR,1
97223,OR,1
97224,OR,1
97225,OR,1
97227,OR,1
97229,OR,1
97230,OR,1
97231,OR,1
97232,OR,1
97233,OR,1
97236,OR,1
97239,OR,1
97266,OR,1
97267,OR,1
97280,OR,0
97294,OR,0
97301,OR,1
97302,OR,1
97303,OR,1
97304,OR,1
97305,OR,1
97306,OR,1
97311,OR,1
97317,OR,1
97321,OR,1
97322,OR,1
97324,OR,1
97325,OR,1
97327,OR,1
97329,OR,0
97330,OR,1
97333,OR,1
97335,OR,0
97338,OR,1
97341,OR,1
97342,OR,1
97344,OR,0
97345,OR,1
97346,OR,0
97348,OR,1
97350,OR,0
97351,OR,1
97352,OR,1
97355,OR,1
97357,OR,0
97358,OR,1
97360,OR,1
97361,OR,1
97362,OR,1
97364,OR,0
97365,OR,1
97366,OR,1
97367,OR,1
97368,OR,1
97369,OR,1
97370,OR,1
97371,OR,0
97374,OR,1
97375,OR,1
97376,OR,1
97377,OR,0
97378,OR,1
97380,OR,1
97381,OR,1
97383,OR,1
97385,OR,1
97386,OR,1
97388,OR,1
97389,OR,1
97390,OR,1
97391,OR,1
97392,OR,1
97394,OR,1
97396,OR,1
97401,OR,1
97402,OR,1
97403,OR,1
97404,OR,1
97405,OR,1
97406,OR,0
97408,OR,1
97410,OR,0
97411,OR,1
97412,OR,0
97413,OR,1
97414,OR,0
97415,OR,1
97417,OR,1
97419,OR,1
97420,OR,1
97423,OR,1
97424,OR,1
97425,OR,0
97426,OR,1
97427,OR,0
97429,OR,0
97430,OR,0
97431,OR,1
97432,OR,1
97434,OR,1
97435,OR,1
97436,OR,0
97437,OR,1
97438,OR,1
97439,OR,1
97442,OR,1
97443,OR,1
97444,OR,1
97446,OR,1
97448,OR,1
97449,OR,1
97451,OR,0
97452,OR,1
97453,OR,1
97454,OR,1
97455,OR,1
97456,OR,1
97457,OR,1
97458,OR,1
97459,OR,1
97461,OR,1
97462,OR,1
97463,OR,1
97465,OR,1
97466,OR,0
97467,OR,1
97469,OR,1
97470,OR,1
97471,OR,1
97473,OR,1
97476,OR,0
97477,OR,1
97478,OR,1
97479,OR,1
97480,OR,0
97486,OR,0
97487,OR,1
97488,OR,1
97489,OR,0
97490,OR,0
97492,OR,0
97493,OR,1
97495,OR,1
97496,OR,1
97497,OR,1
97498,OR,1
97499,OR,0
97501,OR,1
97502,OR,1
97503,OR,1
97504,OR,1
97520,OR,1
97522,OR,1
97523,OR,1
97524,OR,1
97525,OR,1
97526,OR,1
97527,OR,1
97530,OR,1
97531,OR,1
97532,OR,1
97534,OR,0
97535,OR,1
97536,OR,0
97537,OR,1
97538,OR,1
97539,OR,1
97540,OR,1
97541,OR,1
97543,OR,0
97544,OR,1
97601,OR,1
97603,OR,1
97621,OR,1
97622,OR,0
97623,OR,1
97624,OR,1
97627,OR,1
97630,OR,1
97633,OR,0
97638,OR,0
97641,OR,0
97701,OR,1
97702,OR,1
97703,OR,1
97707,OR,1
97720,OR,1
97730,OR,0
97731,OR,0
97733,OR,1
97734,OR,1
97737,OR,0
97739,OR,1
97741,OR,1
97750,OR,0
97753,OR,1
97754,OR,1
97756,OR,1
97759,OR,1
97760,OR,1
97801,OR,1
97810,OR,1
97812,OR,1
97813,OR,1
97814,OR,1
97818,OR,1
97820,OR,1
97823,OR,1
97824,OR,1
97825,OR,0
97826,OR,1
97827,OR,1
97828,OR,1
97830,OR,0
97833,OR,0
97834,OR,1
97835,OR,1
97836,OR,1
97838,OR,1
97842,OR,1
97843,OR,0
97844,OR,1
97845,OR,1
97846,OR,1
97848,OR,0
97850,OR,1
97856,OR,0
97857,OR,1
97862,OR,1
97865,OR,1
97867,OR,0
97868,OR,1
97869,OR,1
97870,OR,0
97873,OR,1
97875,OR,1
97876,OR,0
97877,OR,0
97882,OR,1
97883,OR,1
97884,OR,0
97885,OR,1
97886,OR,1
97901,OR,0
97907,OR,1
97910,OR,0
97913,OR,1
97914,OR,1
97918,OR,1
98001,WA,1
98002,WA,1
98003,WA,1
98004,WA,1
98005,WA,1
98006,WA,1
98007,WA,1
98008,WA,1
98009,WA,1
98010,WA,1
98011,WA,1
98012,WA,1
98014,WA,1
98019,WA,1
98020,WA,1
98021,WA,1
98022,WA,1
98023,WA,1
98024,WA,1
98026,WA,1
98027,WA,1
98028,WA,1
98029,WA,1
98030,WA,1
98031,WA,1
98032,WA,1
98033,WA,1
98034,WA,1
98036,WA,1
98037,WA,1
98038,WA,1
98039,WA,1
98040,WA,1
98042,WA,1
98043,WA,1
98045,WA,1
98046,WA,0
98047,WA,1
98051,WA,1
98052,WA,1
98053,WA,1
98055,WA,1
98056,WA,1
98057,WA,1
98058,WA,1
98059,WA,1
98065,WA,1
98068,WA,1
98070,WA,1
98072,WA,1
98074,WA,1
98075,WA,1
98077,WA,1
98083,WA,1
98087,WA,1
98092,WA,1
98101,WA,1
98102,WA,1
98103,WA,1
98104,WA,1
98105,WA,1
98106,WA,1
98107,WA,1
98108,WA,1
98109,WA,1
98110,WA,1
98112,WA,1
98115,WA,1
98116,WA,1
98117,WA,1
98118,WA,1
98119,WA,1
98121,WA,1
98122,WA,1
98125,WA,1
98126,WA,1
98131,WA,1
98132,WA,0
98133,WA,1
98134,WA,0
98136,WA,1
98144,WA,1
98146,WA,1
98148,WA,1
98155,WA,1
98164,WA,1
98166,WA,1
98168,WA,1
98177,WA,1
98178,WA,1
98188,WA,1
98194,WA,0
98198,WA,1
98199,WA,1
98201,WA,1
98203,WA,1
98204,WA,1
98205,WA,0
98208,WA,1
98220,WA,1
98221,WA,1
98222,WA,0
98223,WA,1
98224,WA,0
98225,WA,1
98226,WA,1
98229,WA,1
98230,WA,1
98232,WA,1
98233,WA,1
98236,WA,1
98237,WA,1
98238,WA,0
98239,WA,1
98240,WA,1
98241,WA,1
98244,WA,1
98245,WA,1
98247,WA,1
98248,WA,1
98249,WA,1
98250,WA,1
98251,WA,1
98252,WA,1
98253,WA,1
98256,WA,1
98257,WA,1
98258,WA,1
98260,WA,1
98261,WA,1
98262,WA,1
98263,WA,0
98264,WA,1
98266,WA,1
98267,WA,1
98270,WA,1
98271,WA,1
98272,WA,1
98273,WA,1
98274,WA,1
98275,WA,1
98276,WA,1
98277,WA,1
98279,WA,1
98281,WA,1
98282,WA,1
98283,WA,1
98284,WA,1
98288,WA,1
98290,WA,1
98292,WA,1
98294,WA,1
98295,WA,1
98296,WA,1
98303,WA,1
98304,WA,1
98305,WA,1
98310,WA,1
98311,WA,1
98312,WA,1
98320,WA,1
98321,WA,1
98323,WA,1
98325,WA,1
98326,WA,0
98327,WA,1
98328,WA,1
98329,WA,1
98330,WA,0
98331,WA,1
98332,WA,1
98333,WA,1
98335,WA,1
98336,WA,0
98337,WA,1
98338,WA,1
98339,WA,1
98340,WA,1
98342,WA,1
98346,WA,1
98349,WA,1
98351,WA,1
98354,WA,1
98355,WA,0
98356,WA,1
98358,WA,1
98359,WA,1
98360,WA,1
98361,WA,1
98362,WA,1
98363,WA,1
98365,WA,1
98366,WA,1
98367,WA,1
98368,WA,1
98370,WA,1
98371,WA,1
98372,WA,1
98373,WA,1
98374,WA,1
98375,WA,1
98376,WA,1
98377,WA,1
98380,WA,1
98381,WA,1
98382,WA,1
98383,WA,1
98387,WA,1
98388,WA,1
98390,WA,1
98391,WA,1
98392,WA,1
98393,WA,0
98394,WA,0
98396,WA,1
98402,WA,1
98403,WA,1
98404,WA,1
98405,WA,1
98406,WA,1
98407,WA,1
98408,WA,1
98409,WA,1
98418,WA,1
98422,WA,1
98424,WA,1
98443,WA,1
98444,WA,1
98445,WA,1
98446,WA,1
98465,WA,1
98466,WA,1
98467,WA,1
98498,WA,1
98499,WA,1
98501,WA,1
98502,WA,1
98503,WA,1
98506,WA,1
98512,WA,1
98513,WA,1
98516,WA,1
98520,WA,1
98524,WA,1
98527,WA,0
98528,WA,1
98530,WA,1
98531,WA,1
98532,WA,1
98533,WA,1
98535,WA,1
98536,WA,0
98537,WA,1
98538,WA,1
98541,WA,1
98542,WA,1
98544,WA,0
98546,WA,1
98547,WA,1
98548,WA,1
98550,WA,1
98552,WA,0
98555,WA,1
98557,WA,1
98562,WA,1
98563,WA,1
98564,WA,1
98565,WA,1
98568,WA,1
98569,WA,1
98570,WA,1
98571,WA,0
98572,WA,1
98576,WA,1
98577,WA,1
98579,WA,1
98580,WA,1
98581,WA,1
98582,WA,1
98584,WA,1
98585,WA,1
98586,WA,1
98588,WA,1
98589,WA,1
98590,WA,1
98591,WA,1
98592,WA,1
98593,WA,1
98595,WA,1
98596,WA,1
98597,WA,1
98601,WA,1
98602,WA,0
98603,WA,0
98604,WA,1
98605,WA,1
98606,WA,1
98607,WA,1
98609,WA,0
98610,WA,1
98611,WA,1
98612,WA,1
98613,WA,0
98614,WA,1
98616,WA,0
98617,WA,1
98619,WA,0
98620,WA,1
98624,WA,1
98625,WA,1
98626,WA,1
98628,WA,0
98629,WA,1
98631,WA,1
98632,WA,1
98635,WA,1
98638,WA,1
98639,WA,1
98640,WA,1
98641,WA,0
98642,WA,1
98643,WA,0
98644,WA,1
98645,WA,1
98647,WA,0
98648,WA,1
98649,WA,1
98650,WA,1
98651,WA,1
98660,WA,1
98661,WA,1
98662,WA,1
98663,WA,1
98664,WA,1
98665,WA,1
98671,WA,1
98672,WA,1
98673,WA,0
98674,WA,1
98675,WA,1
98682,WA,1
98683,WA,1
98684,WA,1
98685,WA,1
98686,WA,1
98687,WA,1
98801,WA,1
98802,WA,1
98812,WA,1
98814,WA,1
98815,WA,1
98816,WA,1
98822,WA,1
98823,WA,1
98826,WA,1
98827,WA,0
98828,WA,1
98830,WA,0
98831,WA,1
98833,WA,1
98834,WA,0
98837,WA,1
98840,WA,1
98841,WA,1
98843,WA,1
98844,WA,1
98846,WA,1
98847,WA,1
98848,WA,1
98850,WA,1
98851,WA,1
98852,WA,0
98855,WA,1
98856,WA,1
98857,WA,1
98858,WA,1
98859,WA,0
98862,WA,1
98901,WA,1
98902,WA,1
98903,WA,1
98908,WA,1
98922,WA,1
98923,WA,1
98925,WA,0
98926,WA,1
98929,WA,0
98930,WA,1
98932,WA,1
98933,WA,0
98934,WA,0
98935,WA,1
98936,WA,1
98937,WA,1
98940,WA,1
98941,WA,1
98942,WA,1
98943,WA,0
98944,WA,1
98946,WA,1
98947,WA,1
98948,WA,1
98950,WA,0
98951,WA,1
98952,WA,0
98953,WA,1
99001,WA,1
99003,WA,1
99004,WA,1
99005,WA,1
99006,WA,1
99008,WA,0
99009,WA,1
99012,WA,0
99013,WA,0
99016,WA,1
99018,WA,0
99019,WA,1
99021,WA,1
99022,WA,1
99023,WA,0
99025,WA,1
99026,WA,1
99027,WA,1
99029,WA,1
99030,WA,1
99031,WA,1
99032,WA,1
99033,WA,1
99034,WA,0
99036,WA,1
99037,WA,1
99101,WA,1
99102,WA,0
99103,WA,0
99109,WA,1
99110,WA,1
99111,WA,1
99113,WA,1
99114,WA,1
99115,WA,0
99116,WA,1
99117,WA,1
99118,WA,0
99119,WA,1
99121,WA,0
99122,WA,1
99123,WA,1
99124,WA,0
99125,WA,0
99126,WA,1
99128,WA,1
99129,WA,0
99130,WA,1
99131,WA,0
99133,WA,1
99134,WA,1
99137,WA,1
99138,WA,0
99139,WA,0
99140,WA,0
99141,WA,1
99143,WA,1
99146,WA,0
99147,WA,0
99148,WA,1
99150,WA,0
99151,WA,0
99153,WA,0
99156,WA,1
99157,WA,1
99158,WA,1
99159,WA,1
99160,WA,0
99161,WA,1
99163,WA,1
99166,WA,1
99167,WA,0
99169,WA,1
99170,WA,1
99171,WA,1
99173,WA,0
99179,WA,0
99180,WA,1
99181,WA,1
99185,WA,1
99201,WA,1
99202,WA,1
99203,WA,1
99204,WA,1
99205,WA,1
99206,WA,1
99207,WA,1
99208,WA,1
99209,WA,0
99212,WA,1
99216,WA,1
99217,WA,1
99218,WA,1
99223,WA,1
99224,WA,1
99301,WA,1
99320,WA,1
99323,WA,0
99324,WA,1
99326,WA,1
99328,WA,1
99330,WA,1
99336,WA,1
99337,WA,1
99338,WA,1
99341,WA,1
99344,WA,1
99347,WA,1
99348,WA,0
99349,WA,1
99350,WA,1
99352,WA,1
99353,WA,1
99354,WA,1
99356,WA,0
99357,WA,1
99360,WA,0
99361,WA,0
99362,WA,1
99371,WA,0
99401,WA,0
99402,WA,1
99403,WA,1
99501,AK,1
99502,AK,1
99503,AK,1
99504,AK,1
99507,AK,1
99508,AK,1
99515,AK,1
99516,AK,1
99517,AK,1
99518,AK,1
99529,AK,1
99556,AK,1
99559,AK,1
99567,AK,1
99568,AK,1
99572,AK,1
99573,AK,1
99574,AK,0
99576,AK,1
99577,AK,1
99586,AK,0
99587,AK,1
99588,AK,1
99603,AK,1
99610,AK,1
99611,AK,1
99615,AK,1
99623,AK,1
99631,AK,0
99633,AK,0
99639,AK,1
99645,AK,1
99652,AK,1
99654,AK,1
99663,AK,0
99664,AK,1
99667,AK,0
99669,AK,1
99672,AK,1
99674,AK,1
99676,AK,1
99683,AK,1
99685,AK,0
99686,AK,1
99687,AK,1
99688,AK,1
99693,AK,1
99694,AK,1
99701,AK,1
99705,AK,1
99709,AK,1
99712,AK,1
99714,AK,1
99723,AK,1
99730,AK,0
99737,AK,1
99743,AK,0
99752,AK,1
99780,AK,1
99801,AK,1
99824,AK,0
99826,AK,0
99827,AK,1
99833,AK,1
99835,AK,1
99901,AK,1
99918,AK,0
99919,AK,0
99921,AK,1
99925,AK,1
99927,AK,0
99929,AK,1
