zip,cbsa,title,is_metro
00602,10380,"Aguadilla, PR",1
00603,10380,"Aguadilla, PR",1
00610,10380,"Aguadilla, PR",1
00611,46580,"Utuado, PR",0
00612,11640,"Arecibo, PR",1
00616,11640,"Arecibo, PR",1
00617,41980,"San Juan-Bayamón-Caguas, PR",1
00622,32420,"Mayagüez, PR",1
00623,32420,"Mayagüez, PR",1
00624,38660,"Ponce, PR",1
00627,11640,"Arecibo, PR",1
00636,32420,"Mayagüez, PR",1
00637,32420,"Mayagüez, PR",1
00638,41980,"San Juan-Bayamón-Caguas, PR",1
00641,46580,"Utuado, PR",0
00646,41980,"San Juan-Bayamón-Caguas, PR",1
00650,41980,"San Juan-Bayamón-Caguas, PR",1
00652,11640,"Arecibo, PR",1
00656,38660,"Ponce, PR",1
00659,11640,"Arecibo, PR",1
00660,32420,"Mayagüez, PR",1
00662,10380,"Aguadilla, PR",1
00667,32420,"Mayagüez, PR",1
00669,29720,"Lares, PR",0
00674,41980,"San Juan-Bayamón-Caguas, PR",1
00676,10380,"Aguadilla, PR",1
00677,10380,"Aguadilla, PR",1
00678,11640,"Arecibo, PR",1
00680,32420,"Mayagüez, PR",1
00682,32420,"Mayagüez, PR",1
00683,32420,"Mayagüez, PR",1
00685,10380,"Aguadilla, PR",1
00687,41980,"San Juan-Bayamón-Caguas, PR",1
00688,11640,"Arecibo, PR",1
00690,10380,"Aguadilla, PR",1
00692,41980,"San Juan-Bayamón-Caguas, PR",1
00693,41980,"San Juan-Bayamón-Caguas, PR",1
00694,41980,"San Juan-Bayamón-Caguas, PR",1
00698,38660,"Ponce, PR",1
00703,41980,"San Juan-Bayamón-Caguas, PR",1
00704,17640,"Coco, PR",0
00705,41980,"San Juan-Bayamón-Caguas, PR",1
00707,41980,"San Juan-Bayamón-Caguas, PR",1
00714,25020,"Guayama, PR",1
00715,38660,"Ponce, PR",1
00716,38660,"Ponce, PR",1
00717,38660,"Ponce, PR",1
00718,41980,"San Juan-Bayamón-Caguas, PR",1
00719,41980,"San Juan-Bayamón-Caguas, PR",1
00720,41980,"San Juan-Bayamón-Caguas, PR",1
00723,25020,"Guayama, PR",1
00725,41980,"San Juan-Bayamón-Caguas, PR",1
00727,41980,"San Juan-Bayamón-Caguas, PR",1
00728,38660,"Ponce, PR",1
00729,41980,"San Juan-Bayamón-Caguas, PR",1
00730,38660,"Ponce, PR",1
00731,38660,"Ponce, PR",1
00735,41980,"San Juan-Bayamón-Caguas, PR",1
00736,41980,"San Juan-Bayamón-Caguas, PR",1
00738,41980,"San Juan-Bayamón-Caguas, PR",1
00739,41980,"San Juan-Bayamón-Caguas, PR",1
00740,41980,"San Juan-Bayamón-Caguas, PR",1
00741,41980,"San Juan-Bayamón-Caguas, PR",1
00745,41980,"San Juan-Bayamón-Caguas, PR",1
00751,17640,"Coco, PR",0
00754,41980,"San Juan-Bayamón-Caguas, PR",1
00757,17620,"Coamo, PR",0
00766,38660,"Ponce, PR",1
00767,41980,"San Juan-Bayamón-Caguas, PR",1
00769,17620,"Coamo, PR",0
00771,41980,"San Juan-Bayamón-Caguas, PR",1
00772,41980,"San Juan-Bayamón-Caguas, PR",1
00773,41980,"San Juan-Bayamón-Caguas, PR",1
00777,41980,"San Juan-Bayamón-Caguas, PR",1
00778,41980,"San Juan-Bayamón-Caguas, PR",1
00780,38660,"Ponce, PR",1
00782,41980,"San Juan-Bayamón-Caguas, PR",1
00783,41980,"San Juan-Bayamón-Caguas, PR",1
00784,25020,"Guayama, PR",1
00786,41980,"San Juan-Bayamón-Caguas, PR",1
00791,41980,"San Juan-Bayamón-Caguas, PR",1
00794,41980,"San Juan-Bayamón-Caguas, PR",1
00795,38660,"Ponce, PR",1
00901,41980,"San Juan-Bayamón-Caguas, PR",1
00906,41980,"San Juan-Bayamón-Caguas, PR",1
00907,41980,"San Juan-Bayamón-Caguas, PR",1
00909,41980,"San Juan-Bayamón-Caguas, PR",1
00911,41980,"San Juan-Bayamón-Caguas, PR",1
00912,41980,"San Juan-Bayamón-Caguas, PR",1
00913,41980,"San Juan-Bayamón-Caguas, PR",1
00915,41980,"San Juan-Bayamón-Caguas, PR",1
00917,41980,"San Juan-Bayamón-Caguas, PR",1
00918,41980,"San Juan-Bayamón-Caguas, PR",1
00920,41980,"San Juan-Bayamón-Caguas, PR",1
00921,41980,"San Juan-Bayamón-Caguas, PR",1
00923,41980,"San Juan-Bayamón-Caguas, PR",1
00924,41980,"San Juan-Bayamón-Caguas, PR",1
00925,41980,"San Juan-Bayamón-Caguas, PR",1
00926,41980,"San Juan-Bayamón-Caguas, PR",1
00927,41980,"San Juan-Bayamón-Caguas, PR",1
00934,41980,"San Juan-Bayamón-Caguas, PR",1
00949,41980,"San Juan-Bayamón-Caguas, PR",1
00950,41980,"San Juan-Bayamón-Caguas, PR",1
00951,41980,"San Juan-Bayamón-Caguas, PR",1
00952,41980,"San Juan-Bayamón-Caguas, PR",1
00953,41980,"San Juan-Bayamón-Caguas, PR",1
00956,41980,"San Juan-Bayamón-Caguas, PR",1
00957,41980,"San Juan-Bayamón-Caguas, PR",1
00959,41980,"San Juan-Bayamón-Caguas, PR",1
00960,41980,"San Juan-Bayamón-Caguas, PR",1
00961,41980,"San Juan-Bayamón-Caguas, PR",1
00962,41980,"San Juan-Bayamón-Caguas, PR",1
00965,41980,"San Juan-Bayamón-Caguas, PR",1
00966,41980,"San Juan-Bayamón-Caguas, PR",1
00968,41980,"San Juan-Bayamón-Caguas, PR",1
00969,41980,"San Juan-Bayamón-Caguas, PR",1
00971,41980,"San Juan-Bayamón-Caguas, PR",1
00976,41980,"San Juan-Bayamón-Caguas, PR",1
00979,41980,"San Juan-Bayamón-Caguas, PR",1
00982,41980,"San Juan-Bayamón-Caguas, PR",1
00983,41980,"San Juan-Bayamón-Caguas, PR",1
00985,41980,"San Juan-Bayamón-Caguas, PR",1
00987,41980,"San Juan-Bayamón-Caguas, PR",1
01001,44140,"Springfield, MA",1
01002,11200,"Amherst Town-Northampton, MA",1
01003,11200,"Amherst Town-Northampton, MA",1
01005,49340,"Worcester, MA",1
01007,11200,"Amherst Town-Northampton, MA",1
01008,44140,"Springfield, MA",1
01009,44140,"Springfield, MA",1
01010,44140,"Springfield, MA",1
01011,44140,"Springfield, MA",1
01012,11200,"Amherst Town-Northampton, MA",1
01013,44140,"Springfield, MA",1
01020,44140,"Springfield, MA",1
01022,44140,"Springfield, MA",1
01026,11200,"Amherst Town-Northampton, MA",1
01027,11200,"Amherst Town-Northampton, MA",1
01028,44140,"Springfield, MA",1
01029,38340,"Pittsfield, MA",1
01030,44140,"Springfield, MA",1
01031,49340,"Worcester, MA",1
01032,11200,"Amherst Town-Northampton, MA",1
01033,11200,"Amherst Town-Northampton, MA",1
01034,44140,"Springfield, MA",1
01035,11200,"Amherst Town-Northampton, MA",1
01036,44140,"Springfield, MA",1
01037,49340,"Worcester, MA",1
01038,11200,"Amherst Town-Northampton, MA",1
01039,11200,"Amherst Town-Northampton, MA",1
01040,44140,"Springfield, MA",1
01050,11200,"Amherst Town-Northampton, MA",1
01053,11200,"Amherst Town-Northampton, MA",1
01054,24640,"Greenfield, MA",0
01056,44140,"Springfield, MA",1
01057,44140,"Springfield, MA",1
01060,11200,"Amherst Town-Northampton, MA",1
01062,11200,"Amherst Town-Northampton, MA",1
01063,11200,"Amherst Town-Northampton, MA",1
01066,11200,"Amherst Town-Northampton, MA",1
01068,49340,"Worcester, MA",1
01069,44140,"Springfield, MA",1
01070,11200,"Amherst Town-Northampton, MA",1
01071,44140,"Springfield, MA",1
01072,24640,"Greenfield, MA",0
01073,11200,"Amherst Town-Northampton, MA",1
01074,49340,"Worcester, MA",1
01075,11200,"Amherst Town-Northampton, MA",1
01077,44140,"Springfield, MA",1
01079,44140,"Springfield, MA",1
01080,44140,"Springfield, MA",1
01081,44140,"Springfield, MA",1
01082,11200,"Amherst Town-Northampton, MA",1
01083,49340,"Worcester, MA",1
01084,11200,"Amherst Town-Northampton, MA",1
01085,44140,"Springfield, MA",1
01088,11200,"Amherst Town-Northampton, MA",1
01089,44140,"Springfield, MA",1
01092,49340,"Worcester, MA",1
01093,24640,"Greenfield, MA",0
01094,49340,"Worcester, MA",1
01095,44140,"Springfield, MA",1
01096,11200,"Amherst Town-Northampton, MA",1
01097,44140,"Springfield, MA",1
01098,11200,"Amherst Town-Northampton, MA",1
01103,44140,"Springfield, MA",1
01104,44140,"Springfield, MA",1
01105,44140,"Springfield, MA",1
01106,44140,"Springfield, MA",1
01107,44140,"Springfield, MA",1
01108,44140,"Springfield, MA",1
01109,44140,"Springfield, MA",1
01118,44140,"Springfield, MA",1
01119,44140,"Springfield, MA",1
01128,44140,"Springfield, MA",1
01129,44140,"Springfield, MA",1
01144,44140,"Springfield, MA",1
01151,44140,"Springfield, MA",1
01201,38340,"Pittsfield, MA",1
01220,38340,"Pittsfield, MA",1
01222,38340,"Pittsfield, MA",1
01223,38340,"Pittsfield, MA",1
01224,38340,"Pittsfield, MA",1
01225,38340,"Pittsfield, MA",1
01226,38340,"Pittsfield, MA",1
01229,38340,"Pittsfield, MA",1
01230,38340,"Pittsfield, MA",1
01235,38340,"Pittsfield, MA",1
01236,38340,"Pittsfield, MA",1
01237,38340,"Pittsfield, MA",1
01238,38340,"Pittsfield, MA",1
01240,38340,"Pittsfield, MA",1
01242,38340,"Pittsfield, MA",1
01243,11200,"Amherst Town-Northampton, MA",1
01244,38340,"Pittsfield, MA",1
01245,38340,"Pittsfield, MA",1
01247,38340,"Pittsfield, MA",1
01253,38340,"Pittsfield, MA",1
01254,38340,"Pittsfield, MA",1
01255,38340,"Pittsfield, MA",1
01256,38340,"Pittsfield, MA",1
01257,38340,"Pittsfield, MA",1
01258,38340,"Pittsfield, MA",1
01259,38340,"Pittsfield, MA",1
01260,38340,"Pittsfield, MA",1
01262,38340,"Pittsfield, MA",1
01264,38340,"Pittsfield, MA",1
01266,38340,"Pittsfield, MA",1
01267,38340,"Pittsfield, MA",1
01270,38340,"Pittsfield, MA",1
01301,24640,"Greenfield, MA",0
01330,24640,"Greenfield, MA",0
01331,49340,"Worcester, MA",1
01337,24640,"Greenfield, MA",0
01338,24640,"Greenfield, MA",0
01339,24640,"Greenfield, MA",0
01340,24640,"Greenfield, MA",0
01341,24640,"Greenfield, MA",0
01342,24640,"Greenfield, MA",0
01343,38340,"Pittsfield, MA",1
01344,24640,"Greenfield, MA",0
01346,24640,"Greenfield, MA",0
01347,24640,"Greenfield, MA",0
01349,24640,"Greenfield, MA",0
01350,24640,"Greenfield, MA",0
01351,24640,"Greenfield, MA",0
01354,24640,"Greenfield, MA",0
01355,24640,"Greenfield, MA",0
01360,24640,"Greenfield, MA",0
01364,24640,"Greenfield, MA",0
01366,49340,"Worcester, MA",1
01367,24640,"Greenfield, MA",0
01368,49340,"Worcester, MA",1
01370,24640,"Greenfield, MA",0
01373,24640,"Greenfield, MA",0
01375,24640,"Greenfield, MA",0
01376,24640,"Greenfield, MA",0
01378,24640,"Greenfield, MA",0
01379,24640,"Greenfield, MA",0
01380,24640,"Greenfield, MA",0
01420,49340,"Worcester, MA",1
01430,49340,"Worcester, MA",1
01431,14460,"Boston-Cambridge-Newton, MA-NH",1
01432,14460,"Boston-Cambridge-Newton, MA-NH",1
01434,49340,"Worcester, MA",1
01436,49340,"Worcester, MA",1
01438,49340,"Worcester, MA",1
01440,49340,"Worcester, MA",1
01450,14460,"Boston-Cambridge-Newton, MA-NH",1
01451,49340,"Worcester, MA",1
01452,49340,"Worcester, MA",1
01453,49340,"Worcester, MA",1
01460,14460,"Boston-Cambridge-Newton, MA-NH",1
01462,49340,"Worcester, MA",1
01463,14460,"Boston-Cambridge-Newton, MA-NH",1
01464,14460,"Boston-Cambridge-Newton, MA-NH",1
01468,49340,"Worcester, MA",1
01469,14460,"Boston-Cambridge-Newton, MA-NH",1
01473,49340,"Worcester, MA",1
01474,14460,"Boston-Cambridge-Newton, MA-NH",1
01475,49340,"Worcester, MA",1
01501,49340,"Worcester, MA",1
01503,49340,"Worcester, MA",1
01504,49340,"Worcester, MA",1
01505,49340,"Worcester, MA",1
01506,49340,"Worcester, MA",1
01507,49340,"Worcester, MA",1
01510,49340,"Worcester, MA",1
01515,49340,"Worcester, MA",1
01516,49340,"Worcester, MA",1
01518,49340,"Worcester, MA",1
01519,49340,"Worcester, MA",1
01520,49340,"Worcester, MA",1
01521,44140,"Springfield, MA",1
01522,49340,"Worcester, MA",1
01523,49340,"Worcester, MA",1
01524,49340,"Worcester, MA",1
01525,49340,"Worcester, MA",1
01527,49340,"Worcester, MA",1
01529,49340,"Worcester, MA",1
01531,49340,"Worcester, MA",1
01532,49340,"Worcester, MA",1
01534,49340,"Worcester, MA",1
01535,49340,"Worcester, MA",1
01536,49340,"Worcester, MA",1
01537,49340,"Worcester, MA",1
01540,49340,"Worcester, MA",1
01541,49340,"Worcester, MA",1
01542,49340,"Worcester, MA",1
01543,49340,"Worcester, MA",1
01545,49340,"Worcester, MA",1
01550,49340,"Worcester, MA",1
01560,49340,"Worcester, MA",1
01561,49340,"Worcester, MA",1
01562,49340,"Worcester, MA",1
01564,49340,"Worcester, MA",1
01566,49340,"Worcester, MA",1
01568,49340,"Worcester, MA",1
01569,49340,"Worcester, MA",1
01570,49340,"Worcester, MA",1
01571,49340,"Worcester, MA",1
01581,49340,"Worcester, MA",1
01583,49340,"Worcester, MA",1
01585,49340,"Worcester, MA",1
01588,49340,"Worcester, MA",1
01590,49340,"Worcester, MA",1
01602,49340,"Worcester, MA",1
01603,49340,"Worcester, MA",1
01604,49340,"Worcester, MA",1
01605,49340,"Worcester, MA",1
01606,49340,"Worcester, MA",1
01607,49340,"Worcester, MA",1
01608,49340,"Worcester, MA",1
01609,49340,"Worcester, MA",1
01610,49340,"Worcester, MA",1
01611,49340,"Worcester, MA",1
01612,49340,"Worcester, MA",1
01701,14460,"Boston-Cambridge-Newton, MA-NH",1
01702,14460,"Boston-Cambridge-Newton, MA-NH",1
01718,14460,"Boston-Cambridge-Newton, MA-NH",1
01719,14460,"Boston-Cambridge-Newton, MA-NH",1
01720,14460,"Boston-Cambridge-Newton, MA-NH",1
01721,14460,"Boston-Cambridge-Newton, MA-NH",1
01730,14460,"Boston-Cambridge-Newton, MA-NH",1
01731,14460,"Boston-Cambridge-Newton, MA-NH",1
01740,49340,"Worcester, MA",1
01741,14460,"Boston-Cambridge-Newton, MA-NH",1
01742,14460,"Boston-Cambridge-Newton, MA-NH",1
01745,49340,"Worcester, MA",1
01746,14460,"Boston-Cambridge-Newton, MA-NH",1
01747,49340,"Worcester, MA",1
01748,14460,"Boston-Cambridge-Newton, MA-NH",1
01749,14460,"Boston-Cambridge-Newton, MA-NH",1
01752,14460,"Boston-Cambridge-Newton, MA-NH",1
01754,14460,"Boston-Cambridge-Newton, MA-NH",1
01756,49340,"Worcester, MA",1
01757,49340,"Worcester, MA",1
01760,14460,"Boston-Cambridge-Newton, MA-NH",1
01770,14460,"Boston-Cambridge-Newton, MA-NH",1
01772,49340,"Worcester, MA",1
01773,14460,"Boston-Cambridge-Newton, MA-NH",1
01775,14460,"Boston-Cambridge-Newton, MA-NH",1
01776,14460,"Boston-Cambridge-Newton, MA-NH",1
01778,14460,"Boston-Cambridge-Newton, MA-NH",1
01801,14460,"Boston-Cambridge-Newton, MA-NH",1
01803,14460,"Boston-Cambridge-Newton, MA-NH",1
01810,14460,"Boston-Cambridge-Newton, MA-NH",1
01821,14460,"Boston-Cambridge-Newton, MA-NH",1
01824,14460,"Boston-Cambridge-Newton, MA-NH",1
01826,14460,"Boston-Cambridge-Newton, MA-NH",1
01827,14460,"Boston-Cambridge-Newton, MA-NH",1
01830,14460,"Boston-Cambridge-Newton, MA-NH",1
01832,14460,"Boston-Cambridge-Newton, MA-NH",1
01833,14460,"Boston-Cambridge-Newton, MA-NH",1
01834,14460,"Boston-Cambridge-Newton, MA-NH",1
01835,14460,"Boston-Cambridge-Newton, MA-NH",1
01840,14460,"Boston-Cambridge-Newton, MA-NH",1
01841,14460,"Boston-Cambridge-Newton, MA-NH",1
01843,14460,"Boston-Cambridge-Newton, MA-NH",1
01844,14460,"Boston-Cambridge-Newton, MA-NH",1
01845,14460,"Boston-Cambridge-Newton, MA-NH",1
01850,14460,"Boston-Cambridge-Newton, MA-NH",1
01851,14460,"Boston-Cambridge-Newton, MA-NH",1
01852,14460,"Boston-Cambridge-Newton, MA-NH",1
01854,14460,"Boston-Cambridge-Newton, MA-NH",1
01860,14460,"Boston-Cambridge-Newton, MA-NH",1
01862,14460,"Boston-Cambridge-Newton, MA-NH",1
01863,14460,"Boston-Cambridge-Newton, MA-NH",1
01864,14460,"Boston-Cambridge-Newton, MA-NH",1
01867,14460,"Boston-Cambridge-Newton, MA-NH",1
01876,14460,"Boston-Cambridge-Newton, MA-NH",1
01879,14460,"Boston-Cambridge-Newton, MA-NH",1
01880,14460,"Boston-Cambridge-Newton, MA-NH",1
01886,14460,"Boston-Cambridge-Newton, MA-NH",1
01887,14460,"Boston-Cambridge-Newton, MA-NH",1
01890,14460,"Boston-Cambridge-Newton, MA-NH",1
01901,14460,"Boston-Cambridge-Newton, MA-NH",1
01902,14460,"Boston-Cambridge-Newton, MA-NH",1
01904,14460,"Boston-Cambridge-Newton, MA-NH",1
01905,14460,"Boston-Cambridge-Newton, MA-NH",1
01906,14460,"Boston-Cambridge-Newton, MA-NH",1
01907,14460,"Boston-Cambridge-Newton, MA-NH",1
01908,14460,"Boston-Cambridge-Newton, MA-NH",1
01913,14460,"Boston-Cambridge-Newton, MA-NH",1
01915,14460,"Boston-Cambridge-Newton, MA-NH",1
01921,14460,"Boston-Cambridge-Newton, MA-NH",1
01922,14460,"Boston-Cambridge-Newton, MA-NH",1
01923,14460,"Boston-Cambridge-Newton, MA-NH",1
01929,14460,"Boston-Cambridge-Newton, MA-NH",1
01930,14460,"Boston-Cambridge-Newton, MA-NH",1
01937,14460,"Boston-Cambridge-Newton, MA-NH",1
01938,14460,"Boston-Cambridge-Newton, MA-NH",1
01940,14460,"Boston-Cambridge-Newton, MA-NH",1
01944,14460,"Boston-Cambridge-Newton, MA-NH",1
01945,14460,"Boston-Cambridge-Newton, MA-NH",1
01949,14460,"Boston-Cambridge-Newton, MA-NH",1
01950,14460,"Boston-Cambridge-Newton, MA-NH",1
01951,14460,"Boston-Cambridge-Newton, MA-NH",1
01952,14460,"Boston-Cambridge-Newton, MA-NH",1
01960,14460,"Boston-Cambridge-Newton, MA-NH",1
01965,14460,"Boston-Cambridge-Newton, MA-NH",1
01966,14460,"Boston-Cambridge-Newton, MA-NH",1
01969,14460,"Boston-Cambridge-Newton, MA-NH",1
01970,14460,"Boston-Cambridge-Newton, MA-NH",1
01982,14460,"Boston-Cambridge-Newton, MA-NH",1
01983,14460,"Boston-Cambridge-Newton, MA-NH",1
01984,14460,"Boston-Cambridge-Newton, MA-NH",1
01985,14460,"Boston-Cambridge-Newton, MA-NH",1
02019,14460,"Boston-Cambridge-Newton, MA-NH",1
02021,14460,"Boston-Cambridge-Newton, MA-NH",1
02025,14460,"Boston-Cambridge-Newton, MA-NH",1
02026,14460,"Boston-Cambridge-Newton, MA-NH",1
02030,14460,"Boston-Cambridge-Newton, MA-NH",1
02032,14460,"Boston-Cambridge-Newton, MA-NH",1
02035,14460,"Boston-Cambridge-Newton, MA-NH",1
02038,14460,"Boston-Cambridge-Newton, MA-NH",1
02043,14460,"Boston-Cambridge-Newton, MA-NH",1
02045,14460,"Boston-Cambridge-Newton, MA-NH",1
02047,14460,"Boston-Cambridge-Newton, MA-NH",1
02048,39300,"Providence-Warwick, RI-MA",1
02050,14460,"Boston-Cambridge-Newton, MA-NH",1
02052,14460,"Boston-Cambridge-Newton, MA-NH",1
02053,14460,"Boston-Cambridge-Newton, MA-NH",1
02054,14460,"Boston-Cambridge-Newton, MA-NH",1
02056,14460,"Boston-Cambridge-Newton, MA-NH",1
02061,14460,"Boston-Cambridge-Newton, MA-NH",1
02062,14460,"Boston-Cambridge-Newton, MA-NH",1
02066,14460,"Boston-Cambridge-Newton, MA-NH",1
02067,14460,"Boston-Cambridge-Newton, MA-NH",1
02071,14460,"Boston-Cambridge-Newton, MA-NH",1
02072,14460,"Boston-Cambridge-Newton, MA-NH",1
02081,14460,"Boston-Cambridge-Newton, MA-NH",1
02090,14460,"Boston-Cambridge-Newton, MA-NH",1
02093,14460,"Boston-Cambridge-Newton, MA-NH",1
02108,14460,"Boston-Cambridge-Newton, MA-NH",1
02109,14460,"Boston-Cambridge-Newton, MA-NH",1
02110,14460,"Boston-Cambridge-Newton, MA-NH",1
02111,14460,"Boston-Cambridge-Newton, MA-NH",1
02113,14460,"Boston-Cambridge-Newton, MA-NH",1
02114,14460,"Boston-Cambridge-Newton, MA-NH",1
02115,14460,"Boston-Cambridge-Newton, MA-NH",1
02116,14460,"Boston-Cambridge-Newton, MA-NH",1
02118,14460,"Boston-Cambridge-Newton, MA-NH",1
02119,14460,"Boston-Cambridge-Newton, MA-NH",1
02120,14460,"Boston-Cambridge-Newton, MA-NH",1
02121,14460,"Boston-Cambridge-Newton, MA-NH",1
02122,14460,"Boston-Cambridge-Newton, MA-NH",1
02124,14460,"Boston-Cambridge-Newton, MA-NH",1
02125,14460,"Boston-Cambridge-Newton, MA-NH",1
02126,14460,"Boston-Cambridge-Newton, MA-NH",1
02127,14460,"Boston-Cambridge-Newton, MA-NH",1
02128,14460,"Boston-Cambridge-Newton, MA-NH",1
02129,14460,"Boston-Cambridge-Newton, MA-NH",1
02130,14460,"Boston-Cambridge-Newton, MA-NH",1
02131,14460,"Boston-Cambridge-Newton, MA-NH",1
02132,14460,"Boston-Cambridge-Newton, MA-NH",1
02133,14460,"Boston-Cambridge-Newton, MA-NH",1
02134,14460,"Boston-Cambridge-Newton, MA-NH",1
02135,14460,"Boston-Cambridge-Newton, MA-NH",1
02136,14460,"Boston-Cambridge-Newton, MA-NH",1
02138,14460,"Boston-Cambridge-Newton, MA-NH",1
02139,14460,"Boston-Cambridge-Newton, MA-NH",1
02140,14460,"Boston-Cambridge-Newton, MA-NH",1
02141,14460,"Boston-Cambridge-Newton, MA-NH",1
02142,14460,"Boston-Cambridge-Newton, MA-NH",1
02143,14460,"Boston-Cambridge-Newton, MA-NH",1
02144,14460,"Boston-Cambridge-Newton, MA-NH",1
02145,14460,"Boston-Cambridge-Newton, MA-NH",1
02148,14460,"Boston-Cambridge-Newton, MA-NH",1
02149,14460,"Boston-Cambridge-Newton, MA-NH",1
02150,14460,"Boston-Cambridge-Newton, MA-NH",1
02151,14460,"Boston-Cambridge-Newton, MA-NH",1
02152,14460,"Boston-Cambridge-Newton, MA-NH",1
02155,14460,"Boston-Cambridge-Newton, MA-NH",1
02163,14460,"Boston-Cambridge-Newton, MA-NH",1
02169,14460,"Boston-Cambridge-Newton, MA-NH",1
02170,14460,"Boston-Cambridge-Newton, MA-NH",1
02171,14460,"Boston-Cambridge-Newton, MA-NH",1
02176,14460,"Boston-Cambridge-Newton, MA-NH",1
02180,14460,"Boston-Cambridge-Newton, MA-NH",1
02184,14460,"Boston-Cambridge-Newton, MA-NH",1
02186,14460,"Boston-Cambridge-Newton, MA-NH",1
02188,14460,"Boston-Cambridge-Newton, MA-NH",1
02189,14460,"Boston-Cambridge-Newton, MA-NH",1
02190,14460,"Boston-Cambridge-Newton, MA-NH",1
02191,14460,"Boston-Cambridge-Newton, MA-NH",1
02199,14460,"Boston-Cambridge-Newton, MA-NH",1
02203,14460,"Boston-Cambridge-Newton, MA-NH",1
02205,14460,"Boston-Cambridge-Newton, MA-NH",1
02210,14460,"Boston-Cambridge-Newton, MA-NH",1
02215,14460,"Boston-Cambridge-Newton, MA-NH",1
02301,14460,"Boston-Cambridge-Newton, MA-NH",1
02302,14460,"Boston-Cambridge-Newton, MA-NH",1
02322,14460,"Boston-Cambridge-Newton, MA-NH",1
02324,14460,"Boston-Cambridge-Newton, MA-NH",1
02325,14460,"Boston-Cambridge-Newton, MA-NH",1
02330,14460,"Boston-Cambridge-Newton, MA-NH",1
02332,14460,"Boston-Cambridge-Newton, MA-NH",1
02333,14460,"Boston-Cambridge-Newton, MA-NH",1
02338,14460,"Boston-Cambridge-Newton, MA-NH",1
02339,14460,"Boston-Cambridge-Newton, MA-NH",1
02341,14460,"Boston-Cambridge-Newton, MA-NH",1
02343,14460,"Boston-Cambridge-Newton, MA-NH",1
02346,14460,"Boston-Cambridge-Newton, MA-NH",1
02347,14460,"Boston-Cambridge-Newton, MA-NH",1
02350,14460,"Boston-Cambridge-Newton, MA-NH",1
02351,14460,"Boston-Cambridge-Newton, MA-NH",1
02356,39300,"Providence-Warwick, RI-MA",1
02357,39300,"Providence-Warwick, RI-MA",1
02359,14460,"Boston-Cambridge-Newton, MA-NH",1
02360,14460,"Boston-Cambridge-Newton, MA-NH",1
02364,14460,"Boston-Cambridge-Newton, MA-NH",1
02366,14460,"Boston-Cambridge-Newton, MA-NH",1
02367,14460,"Boston-Cambridge-Newton, MA-NH",1
02368,14460,"Boston-Cambridge-Newton, MA-NH",1
02370,14460,"Boston-Cambridge-Newton, MA-NH",1
02375,39300,"Providence-Warwick, RI-MA",1
02379,14460,"Boston-Cambridge-Newton, MA-NH",1
02382,14460,"Boston-Cambridge-Newton, MA-NH",1
02420,14460,"Boston-Cambridge-Newton, MA-NH",1
02421,14460,"Boston-Cambridge-Newton, MA-NH",1
02445,14460,"Boston-Cambridge-Newton, MA-NH",1
02446,14460,"Boston-Cambridge-Newton, MA-NH",1
02451,14460,"Boston-Cambridge-Newton, MA-NH",1
02452,14460,"Boston-Cambridge-Newton, MA-NH",1
02453,14460,"Boston-Cambridge-Newton, MA-NH",1
02457,14460,"Boston-Cambridge-Newton, MA-NH",1
02458,14460,"Boston-Cambridge-Newton, MA-NH",1
02459,14460,"Boston-Cambridge-Newton, MA-NH",1
02460,14460,"Boston-Cambridge-Newton, MA-NH",1
02461,14460,"Boston-Cambridge-Newton, MA-NH",1
02462,14460,"Boston-Cambridge-Newton, MA-NH",1
02464,14460,"Boston-Cambridge-Newton, MA-NH",1
02465,14460,"Boston-Cambridge-Newton, MA-NH",1
02466,14460,"Boston-Cambridge-Newton, MA-NH",1
02467,14460,"Boston-Cambridge-Newton, MA-NH",1
02468,14460,"Boston-Cambridge-Newton, MA-NH",1
02472,14460,"Boston-Cambridge-Newton, MA-NH",1
02474,14460,"Boston-Cambridge-Newton, MA-NH",1
02476,14460,"Boston-Cambridge-Newton, MA-NH",1
02478,14460,"Boston-Cambridge-Newton, MA-NH",1
02481,14460,"Boston-Cambridge-Newton, MA-NH",1
02482,14460,"Boston-Cambridge-Newton, MA-NH",1
02492,14460,"Boston-Cambridge-Newton, MA-NH",1
02493,14460,"Boston-Cambridge-Newton, MA-NH",1
02494,14460,"Boston-Cambridge-Newton, MA-NH",1
02532,12700,"Barnstable Town, MA",1
02534,12700,"Barnstable Town, MA",1
02535,47240,"Vineyard Haven, MA",0
02536,12700,"Barnstable Town, MA",1
02537,12700,"Barnstable Town, MA",1
02538,14460,"Boston-Cambridge-Newton, MA-NH",1
02539,47240,"Vineyard Haven, MA",0
02540,12700,"Barnstable Town, MA",1
02542,12700,"Barnstable Town, MA",1
02543,47240,"Vineyard Haven, MA",0
02553,12700,"Barnstable Town, MA",1
02554,34880,"Nantucket, MA",0
02556,12700,"Barnstable Town, MA",1
02557,47240,"Vineyard Haven, MA",0
02558,14460,"Boston-Cambridge-Newton, MA-NH",1
02559,12700,"Barnstable Town, MA",1
02561,12700,"Barnstable Town, MA",1
02562,12700,"Barnstable Town, MA",1
02563,12700,"Barnstable Town, MA",1
02564,34880,"Nantucket, MA",0
02568,47240,"Vineyard Haven, MA",0
02571,14460,"Boston-Cambridge-Newton, MA-NH",1
02575,47240,"Vineyard Haven, MA",0
02576,14460,"Boston-Cambridge-Newton, MA-NH",1
02584,34880,"Nantucket, MA",0
02601,12700,"Barnstable Town, MA",1
02630,12700,"Barnstable Town, MA",1
02631,12700,"Barnstable Town, MA",1
02632,12700,"Barnstable Town, MA",1
02633,12700,"Barnstable Town, MA",1
02635,12700,"Barnstable Town, MA",1
02637,12700,"Barnstable Town, MA",1
02638,12700,"Barnstable Town, MA",1
02639,12700,"Barnstable Town, MA",1
02641,12700,"Barnstable Town, MA",1
02642,12700,"Barnstable Town, MA",1
02643,12700,"Barnstable Town, MA",1
02644,12700,"Barnstable Town, MA",1
02645,12700,"Barnstable Town, MA",1
02646,12700,"Barnstable Town, MA",1
02647,12700,"Barnstable Town, MA",1
02648,12700,"Barnstable Town, MA",1
02649,12700,"Barnstable Town, MA",1
02650,12700,"Barnstable Town, MA",1
02652,12700,"Barnstable Town, MA",1
02653,12700,"Barnstable Town, MA",1
02655,12700,"Barnstable Town, MA",1
02657,12700,"Barnstable Town, MA",1
02659,12700,"Barnstable Town, MA",1
02660,12700,"Barnstable Town, MA",1
02663,12700,"Barnstable Town, MA",1
02664,12700,"Barnstable Town, MA",1
02666,12700,"Barnstable Town, MA",1
02667,12700,"Barnstable Town, MA",1
02668,12700,"Barnstable Town, MA",1
02670,12700,"Barnstable Town, MA",1
02671,12700,"Barnstable Town, MA",1
02672,12700,"Barnstable Town, MA",1
02673,12700,"Barnstable Town, MA",1
02675,12700,"Barnstable Town, MA",1
02702,39300,"Providence-Warwick, RI-MA",1
02703,39300,"Providence-Warwick, RI-MA",1
02713,47240,"Vineyard Haven, MA",0
02715,39300,"Providence-Warwick, RI-MA",1
02717,39300,"Providence-Warwick, RI-MA",1
02718,39300,"Providence-Warwick, RI-MA",1
02719,39300,"Providence-Warwick, RI-MA",1
02720,39300,"Providence-Warwick, RI-MA",1
02721,39300,"Providence-Warwick, RI-MA",1
02723,39300,"Providence-Warwick, RI-MA",1
02724,39300,"Providence-Warwick, RI-MA",1
02725,39300,"Providence-Warwick, RI-MA",1
02726,39300,"Providence-Warwick, RI-MA",1
02738,14460,"Boston-Cambridge-Newton, MA-NH",1
02739,14460,"Boston-Cambridge-Newton, MA-NH",1
02740,39300,"Providence-Warwick, RI-MA",1
02743,39300,"Providence-Warwick, RI-MA",1
02744,39300,"Providence-Warwick, RI-MA",1
02745,39300,"Providence-Warwick, RI-MA",1
02746,39300,"Providence-Warwick, RI-MA",1
02747,39300,"Providence-Warwick, RI-MA",1
02748,39300,"Providence-Warwick, RI-MA",1
02760,39300,"Providence-Warwick, RI-MA",1
02762,14460,"Boston-Cambridge-Newton, MA-NH",1
02763,39300,"Providence-Warwick, RI-MA",1
02764,39300,"Providence-Warwick, RI-MA",1
02766,39300,"Providence-Warwick, RI-MA",1
02767,39300,"Providence-Warwick, RI-MA",1
02769,39300,"Providence-Warwick, RI-MA",1
02770,14460,"Boston-Cambridge-Newton, MA-NH",1
02771,39300,"Providence-Warwick, RI-MA",1
02777,39300,"Providence-Warwick, RI-MA",1
02779,39300,"Providence-Warwick, RI-MA",1
02780,39300,"Providence-Warwick, RI-MA",1
02790,39300,"Providence-Warwick, RI-MA",1
02791,39300,"Providence-Warwick, RI-MA",1
02802,39300,"Providence-Warwick, RI-MA",1
02804,39300,"Providence-Warwick, RI-MA",1
02806,39300,"Providence-Warwick, RI-MA",1
02807,39300,"Providence-Warwick, RI-MA",1
02808,39300,"Providence-Warwick, RI-MA",1
02809,39300,"Providence-Warwick, RI-MA",1
02812,39300,"Providence-Warwick, RI-MA",1
02813,39300,"Providence-Warwick, RI-MA",1
02814,39300,"Providence-Warwick, RI-MA",1
02815,39300,"Providence-Warwick, RI-MA",1
02816,39300,"Providence-Warwick, RI-MA",1
02817,39300,"Providence-Warwick, RI-MA",1
02818,39300,"Providence-Warwick, RI-MA",1
02822,39300,"Providence-Warwick, RI-MA",1
02823,39300,"Providence-Warwick, RI-MA",1
02824,39300,"Providence-Warwick, RI-MA",1
02825,39300,"Providence-Warwick, RI-MA",1
02826,39300,"Providence-Warwick, RI-MA",1
02827,39300,"Providence-Warwick, RI-MA",1
02828,39300,"Providence-Warwick, RI-MA",1
02829,39300,"Providence-Warwick, RI-MA",1
02830,39300,"Providence-Warwick, RI-MA",1
02831,39300,"Providence-Warwick, RI-MA",1
02832,39300,"Providence-Warwick, RI-MA",1
02833,39300,"Providence-Warwick, RI-MA",1
02835,39300,"Providence-Warwick, RI-MA",1
02836,39300,"Providence-Warwick, RI-MA",1
02837,39300,"Providence-Warwick, RI-MA",1
02838,39300,"Providence-Warwick, RI-MA",1
02839,39300,"Providence-Warwick, RI-MA",1
02840,39300,"Providence-Warwick, RI-MA",1
02841,39300,"Providence-Warwick, RI-MA",1
02842,39300,"Providence-Warwick, RI-MA",1
02852,39300,"Providence-Warwick, RI-MA",1
02857,39300,"Providence-Warwick, RI-MA",1
02858,39300,"Providence-Warwick, RI-MA",1
02859,39300,"Providence-Warwick, RI-MA",1
02860,39300,"Providence-Warwick, RI-MA",1
02861,39300,"Providence-Warwick, RI-MA",1
02863,39300,"Providence-Warwick, RI-MA",1
02864,39300,"Providence-Warwick, RI-MA",1
02865,39300,"Providence-Warwick, RI-MA",1
02871,39300,"Providence-Warwick, RI-MA",1
02872,39300,"Providence-Warwick, RI-MA",1
02873,39300,"Providence-Warwick, RI-MA",1
02874,39300,"Providence-Warwick, RI-MA",1
02875,39300,"Providence-Warwick, RI-MA",1
02876,39300,"Providence-Warwick, RI-MA",1
02878,39300,"Providence-Warwick, RI-MA",1
02879,39300,"Providence-Warwick, RI-MA",1
02881,39300,"Providence-Warwick, RI-MA",1
02882,39300,"Providence-Warwick, RI-MA",1
02885,39300,"Providence-Warwick, RI-MA",1
02886,39300,"Providence-Warwick, RI-MA",1
02888,39300,"Providence-Warwick, RI-MA",1
02889,39300,"Providence-Warwick, RI-MA",1
02891,39300,"Providence-Warwick, RI-MA",1
02892,39300,"Providence-Warwick, RI-MA",1
02893,39300,"Providence-Warwick, RI-MA",1
02894,39300,"Providence-Warwick, RI-MA",1
02895,39300,"Providence-Warwick, RI-MA",1
02896,39300,"Providence-Warwick, RI-MA",1
02898,39300,"Providence-Warwick, RI-MA",1
02903,39300,"Providence-Warwick, RI-MA",1
02904,39300,"Providence-Warwick, RI-MA",1
02905,39300,"Providence-Warwick, RI-MA",1
02906,39300,"Providence-Warwick, RI-MA",1
02907,39300,"Providence-Warwick, RI-MA",1
02908,39300,"Providence-Warwick, RI-MA",1
02909,39300,"Providence-Warwick, RI-MA",1
02910,39300,"Providence-Warwick, RI-MA",1
02911,39300,"Providence-Warwick, RI-MA",1
02912,39300,"Providence-Warwick, RI-MA",1
02914,39300,"Providence-Warwick, RI-MA",1
02915,39300,"Providence-Warwick, RI-MA",1
02916,39300,"Providence-Warwick, RI-MA",1
02917,39300,"Providence-Warwick, RI-MA",1
02918,39300,"Providence-Warwick, RI-MA",1
02919,39300,"Providence-Warwick, RI-MA",1
02920,39300,"Providence-Warwick, RI-MA",1
02921,39300,"Providence-Warwick, RI-MA",1
03031,31700,"Manchester-Nashua, NH",1
03032,14460,"Boston-Cambridge-Newton, MA-NH",1
03033,31700,"Manchester-Nashua, NH",1
03034,14460,"Boston-Cambridge-Newton, MA-NH",1
03036,14460,"Boston-Cambridge-Newton, MA-NH",1
03037,14460,"Boston-Cambridge-Newton, MA-NH",1
03038,14460,"Boston-Cambridge-Newton, MA-NH",1
03042,14460,"Boston-Cambridge-Newton, MA-NH",1
03043,31700,"Manchester-Nashua, NH",1
03044,14460,"Boston-Cambridge-Newton, MA-NH",1
03045,31700,"Manchester-Nashua, NH",1
03046,18180,"Concord, NH",0
03047,31700,"Manchester-Nashua, NH",1
03048,31700,"Manchester-Nashua, NH",1
03049,31700,"Manchester-Nashua, NH",1
03051,31700,"Manchester-Nashua, NH",1
03052,31700,"Manchester-Nashua, NH",1
03053,14460,"Boston-Cambridge-Newton, MA-NH",1
03054,31700,"Manchester-Nashua, NH",1
03055,31700,"Manchester-Nashua, NH",1
03057,31700,"Manchester-Nashua, NH",1
03060,31700,"Manchester-Nashua, NH",1
03062,31700,"Manchester-Nashua, NH",1
03063,31700,"Manchester-Nashua, NH",1
03064,31700,"Manchester-Nashua, NH",1
03070,31700,"Manchester-Nashua, NH",1
03071,31700,"Manchester-Nashua, NH",1
03076,31700,"Manchester-Nashua, NH",1
03077,14460,"Boston-Cambridge-Newton, MA-NH",1
03079,14460,"Boston-Cambridge-Newton, MA-NH",1
03082,31700,"Manchester-Nashua, NH",1
03084,31700,"Manchester-Nashua, NH",1
03086,31700,"Manchester-Nashua, NH",1
03087,14460,"Boston-Cambridge-Newton, MA-NH",1
03101,31700,"Manchester-Nashua, NH",1
03102,31700,"Manchester-Nashua, NH",1
03103,31700,"Manchester-Nashua, NH",1
03104,31700,"Manchester-Nashua, NH",1
03106,18180,"Concord, NH",0
03109,31700,"Manchester-Nashua, NH",1
03110,31700,"Manchester-Nashua, NH",1
03215,30150,"Lebanon-Claremont, NH-VT",0
03216,18180,"Concord, NH",0
03217,30150,"Lebanon-Claremont, NH-VT",0
03218,29060,"Laconia, NH",0
03220,29060,"Laconia, NH",0
03221,18180,"Concord, NH",0
03222,30150,"Lebanon-Claremont, NH-VT",0
03223,30150,"Lebanon-Claremont, NH-VT",0
03224,18180,"Concord, NH",0
03225,29060,"Laconia, NH",0
03226,29060,"Laconia, NH",0
03229,18180,"Concord, NH",0
03230,18180,"Concord, NH",0
03231,18180,"Concord, NH",0
03233,18180,"Concord, NH",0
03234,18180,"Concord, NH",0
03235,18180,"Concord, NH",0
03237,29060,"Laconia, NH",0
03238,30150,"Lebanon-Claremont, NH-VT",0
03240,30150,"Lebanon-Claremont, NH-VT",0
03241,30150,"Lebanon-Claremont, NH-VT",0
03242,18180,"Concord, NH",0
03243,18180,"Concord, NH",0
03244,31700,"Manchester-Nashua, NH",1
03245,30150,"Lebanon-Claremont, NH-VT",0
03246,29060,"Laconia, NH",0
03249,29060,"Laconia, NH",0
03251,30150,"Lebanon-Claremont, NH-VT",0
03253,29060,"Laconia, NH",0
03255,18180,"Concord, NH",0
03256,29060,"Laconia, NH",0
03257,18180,"Concord, NH",0
03258,18180,"Concord, NH",0
03260,18180,"Concord, NH",0
03261,14460,"Boston-Cambridge-Newton, MA-NH",1
03262,30150,"Lebanon-Claremont, NH-VT",0
03263,18180,"Concord, NH",0
03264,30150,"Lebanon-Claremont, NH-VT",0
03266,30150,"Lebanon-Claremont, NH-VT",0
03268,18180,"Concord, NH",0
03269,29060,"Laconia, NH",0
03273,18180,"Concord, NH",0
03275,18180,"Concord, NH",0
03276,18180,"Concord, NH",0
03278,18180,"Concord, NH",0
03279,30150,"Lebanon-Claremont, NH-VT",0
03280,30150,"Lebanon-Claremont, NH-VT",0
03281,31700,"Manchester-Nashua, NH",1
03282,30150,"Lebanon-Claremont, NH-VT",0
03284,30150,"Lebanon-Claremont, NH-VT",0
03285,30150,"Lebanon-Claremont, NH-VT",0
03287,18180,"Concord, NH",0
03290,14460,"Boston-Cambridge-Newton, MA-NH",1
03291,14460,"Boston-Cambridge-Newton, MA-NH",1
03293,30150,"Lebanon-Claremont, NH-VT",0
03301,18180,"Concord, NH",0
03303,18180,"Concord, NH",0
03304,18180,"Concord, NH",0
03307,18180,"Concord, NH",0
03431,28300,"Keene, NH",0
03440,31700,"Manchester-Nashua, NH",1
03441,28300,"Keene, NH",0
03442,31700,"Manchester-Nashua, NH",1
03443,28300,"Keene, NH",0
03444,28300,"Keene, NH",0
03445,28300,"Keene, NH",0
03446,28300,"Keene, NH",0
03447,28300,"Keene, NH",0
03448,28300,"Keene, NH",0
03449,31700,"Manchester-Nashua, NH",1
03450,28300,"Keene, NH",0
03451,28300,"Keene, NH",0
03452,28300,"Keene, NH",0
03455,28300,"Keene, NH",0
03456,28300,"Keene, NH",0
03457,28300,"Keene, NH",0
03458,31700,"Manchester-Nashua, NH",1
03461,28300,"Keene, NH",0
03462,28300,"Keene, NH",0
03464,28300,"Keene, NH",0
03465,28300,"Keene, NH",0
03466,28300,"Keene, NH",0
03467,28300,"Keene, NH",0
03470,28300,"Keene, NH",0
03561,30150,"Lebanon-Claremont, NH-VT",0
03574,30150,"Lebanon-Claremont, NH-VT",0
03580,30150,"Lebanon-Claremont, NH-VT",0
03585,30150,"Lebanon-Claremont, NH-VT",0
03586,30150,"Lebanon-Claremont, NH-VT",0
03601,30150,"Lebanon-Claremont, NH-VT",0
03602,28300,"Keene, NH",0
03603,30150,"Lebanon-Claremont, NH-VT",0
03604,28300,"Keene, NH",0
03605,30150,"Lebanon-Claremont, NH-VT",0
03607,30150,"Lebanon-Claremont, NH-VT",0
03608,28300,"Keene, NH",0
03609,28300,"Keene, NH",0
03740,30150,"Lebanon-Claremont, NH-VT",0
03741,30150,"Lebanon-Claremont, NH-VT",0
03743,30150,"Lebanon-Claremont, NH-VT",0
03745,30150,"Lebanon-Claremont, NH-VT",0
03748,30150,"Lebanon-Claremont, NH-VT",0
03750,30150,"Lebanon-Claremont, NH-VT",0
03751,30150,"Lebanon-Claremont, NH-VT",0
03752,30150,"Lebanon-Claremont, NH-VT",0
03753,30150,"Lebanon-Claremont, NH-VT",0
03755,30150,"Lebanon-Claremont, NH-VT",0
03765,30150,"Lebanon-Claremont, NH-VT",0
03766,30150,"Lebanon-Claremont, NH-VT",0
03768,30150,"Lebanon-Claremont, NH-VT",0
03770,30150,"Lebanon-Claremont, NH-VT",0
03771,30150,"Lebanon-Claremont, NH-VT",0
03773,30150,"Lebanon-Claremont, NH-VT",0
03774,30150,"Lebanon-Claremont, NH-VT",0
03777,30150,"Lebanon-Claremont, NH-VT",0
03779,30150,"Lebanon-Claremont, NH-VT",0
03780,30150,"Lebanon-Claremont, NH-VT",0
03781,30150,"Lebanon-Claremont, NH-VT",0
03782,30150,"Lebanon-Claremont, NH-VT",0
03784,30150,"Lebanon-Claremont, NH-VT",0
03785,30150,"Lebanon-Claremont, NH-VT",0
03801,14460,"Boston-Cambridge-Newton, MA-NH",1
03809,29060,"Laconia, NH",0
03810,29060,"Laconia, NH",0
03811,14460,"Boston-Cambridge-Newton, MA-NH",1
03819,14460,"Boston-Cambridge-Newton, MA-NH",1
03820,14460,"Boston-Cambridge-Newton, MA-NH",1
03823,14460,"Boston-Cambridge-Newton, MA-NH",1
03824,14460,"Boston-Cambridge-Newton, MA-NH",1
03825,14460,"Boston-Cambridge-Newton, MA-NH",1
03826,14460,"Boston-Cambridge-Newton, MA-NH",1
03827,14460,"Boston-Cambridge-Newton, MA-NH",1
03833,14460,"Boston-Cambridge-Newton, MA-NH",1
03835,14460,"Boston-Cambridge-Newton, MA-NH",1
03837,29060,"Laconia, NH",0
03839,14460,"Boston-Cambridge-Newton, MA-NH",1
03840,14460,"Boston-Cambridge-Newton, MA-NH",1
03841,14460,"Boston-Cambridge-Newton, MA-NH",1
03842,14460,"Boston-Cambridge-Newton, MA-NH",1
03844,14460,"Boston-Cambridge-Newton, MA-NH",1
03848,14460,"Boston-Cambridge-Newton, MA-NH",1
03851,14460,"Boston-Cambridge-Newton, MA-NH",1
03852,14460,"Boston-Cambridge-Newton, MA-NH",1
03854,14460,"Boston-Cambridge-Newton, MA-NH",1
03855,14460,"Boston-Cambridge-Newton, MA-NH",1
03856,14460,"Boston-Cambridge-Newton, MA-NH",1
03857,14460,"Boston-Cambridge-Newton, MA-NH",1
03858,14460,"Boston-Cambridge-Newton, MA-NH",1
03861,14460,"Boston-Cambridge-Newton, MA-NH",1
03862,14460,"Boston-Cambridge-Newton, MA-NH",1
03865,14460,"Boston-Cambridge-Newton, MA-NH",1
03867,14460,"Boston-Cambridge-Newton, MA-NH",1
03868,14460,"Boston-Cambridge-Newton, MA-NH",1
03869,14460,"Boston-Cambridge-Newton, MA-NH",1
03870,14460,"Boston-Cambridge-Newton, MA-NH",1
03871,14460,"Boston-Cambridge-Newton, MA-NH",1
03873,14460,"Boston-Cambridge-Newton, MA-NH",1
03874,14460,"Boston-Cambridge-Newton, MA-NH",1
03878,14460,"Boston-Cambridge-Newton, MA-NH",1
03884,14460,"Boston-Cambridge-Newton, MA-NH",1
03885,14460,"Boston-Cambridge-Newton, MA-NH",1
03887,14460,"Boston-Cambridge-Newton, MA-NH",1
03901,38860,"Portland-South Portland, ME",1
03902,38860,"Portland-South Portland, ME",1
03903,38860,"Portland-South Portland, ME",1
03904,38860,"Portland-South Portland, ME",1
03905,38860,"Portland-South Portland, ME",1
03906,38860,"Portland-South Portland, ME",1
03907,38860,"Portland-South Portland, ME",1
03908,38860,"Portland-South Portland, ME",1
03909,38860,"Portland-South Portland, ME",1
03910,38860,"Portland-South Portland, ME",1
03911,38860,"Portland-South Portland, ME",1
04001,38860,"Portland-South Portland, ME",1
04002,38860,"Portland-South Portland, ME",1
04003,38860,"Portland-South Portland, ME",1
04005,38860,"Portland-South Portland, ME",1
04006,38860,"Portland-South Portland, ME",1
04008,38860,"Portland-South Portland, ME",1
04009,38860,"Portland-South Portland, ME",1
04011,38860,"Portland-South Portland, ME",1
04015,38860,"Portland-South Portland, ME",1
04017,38860,"Portland-South Portland, ME",1
04019,38860,"Portland-South Portland, ME",1
04020,38860,"Portland-South Portland, ME",1
04021,38860,"Portland-South Portland, ME",1
04024,38860,"Portland-South Portland, ME",1
04027,38860,"Portland-South Portland, ME",1
04029,38860,"Portland-South Portland, ME",1
04030,38860,"Portland-South Portland, ME",1
04032,38860,"Portland-South Portland, ME",1
04038,38860,"Portland-South Portland, ME",1
04039,38860,"Portland-South Portland, ME",1
04040,38860,"Portland-South Portland, ME",1
04042,38860,"Portland-South Portland, ME",1
04043,38860,"Portland-South Portland, ME",1
04046,38860,"Portland-South Portland, ME",1
04047,38860,"Portland-South Portland, ME",1
04048,38860,"Portland-South Portland, ME",1
04049,38860,"Portland-South Portland, ME",1
04050,38860,"Portland-South Portland, ME",1
04055,38860,"Portland-South Portland, ME",1
04056,38860,"Portland-South Portland, ME",1
04057,38860,"Portland-South Portland, ME",1
04061,38860,"Portland-South Portland, ME",1
04062,38860,"Portland-South Portland, ME",1
04063,38860,"Portland-South Portland, ME",1
04064,38860,"Portland-South Portland, ME",1
04066,38860,"Portland-South Portland, ME",1
04069,38860,"Portland-South Portland, ME",1
04071,38860,"Portland-South Portland, ME",1
04072,38860,"Portland-South Portland, ME",1
04073,38860,"Portland-South Portland, ME",1
04074,38860,"Portland-South Portland, ME",1
04076,38860,"Portland-South Portland, ME",1
04079,38860,"Portland-South Portland, ME",1
04083,38860,"Portland-South Portland, ME",1
04084,38860,"Portland-South Portland, ME",1
04085,38860,"Portland-South Portland, ME",1
04086,38860,"Portland-South Portland, ME",1
04087,38860,"Portland-South Portland, ME",1
04090,38860,"Portland-South Portland, ME",1
04091,38860,"Portland-South Portland, ME",1
04092,38860,"Portland-South Portland, ME",1
04093,38860,"Portland-South Portland, ME",1
04095,38860,"Portland-South Portland, ME",1
04096,38860,"Portland-South Portland, ME",1
04097,38860,"Portland-South Portland, ME",1
04101,38860,"Portland-South Portland, ME",1
04102,38860,"Portland-South Portland, ME",1
04103,38860,"Portland-South Portland, ME",1
04105,38860,"Portland-South Portland, ME",1
04106,38860,"Portland-South Portland, ME",1
04107,38860,"Portland-South Portland, ME",1
04108,38860,"Portland-South Portland, ME",1
04109,38860,"Portland-South Portland, ME",1
04110,38860,"Portland-South Portland, ME",1
04210,30340,"Lewiston-Auburn, ME",1
04222,30340,"Lewiston-Auburn, ME",1
04236,30340,"Lewiston-Auburn, ME",1
04240,30340,"Lewiston-Auburn, ME",1
04250,30340,"Lewiston-Auburn, ME",1
04252,30340,"Lewiston-Auburn, ME",1
04253,30340,"Lewiston-Auburn, ME",1
04254,30340,"Lewiston-Auburn, ME",1
04256,30340,"Lewiston-Auburn, ME",1
04258,30340,"Lewiston-Auburn, ME",1
04259,12300,"Augusta-Waterville, ME",0
04260,38860,"Portland-South Portland, ME",1
04263,30340,"Lewiston-Auburn, ME",1
04265,12300,"Augusta-Waterville, ME",0
04274,30340,"Lewiston-Auburn, ME",1
04280,30340,"Lewiston-Auburn, ME",1
04282,30340,"Lewiston-Auburn, ME",1
04284,12300,"Augusta-Waterville, ME",0
04287,38860,"Portland-South Portland, ME",1
04330,12300,"Augusta-Waterville, ME",0
04344,12300,"Augusta-Waterville, ME",0
04345,12300,"Augusta-Waterville, ME",0
04346,12300,"Augusta-Waterville, ME",0
04347,12300,"Augusta-Waterville, ME",0
04349,12300,"Augusta-Waterville, ME",0
04350,12300,"Augusta-Waterville, ME",0
04351,12300,"Augusta-Waterville, ME",0
04352,12300,"Augusta-Waterville, ME",0
04355,12300,"Augusta-Waterville, ME",0
04357,38860,"Portland-South Portland, ME",1
04358,12300,"Augusta-Waterville, ME",0
04359,12300,"Augusta-Waterville, ME",0
04360,12300,"Augusta-Waterville, ME",0
04363,12300,"Augusta-Waterville, ME",0
04364,12300,"Augusta-Waterville, ME",0
04401,12620,"Bangor, ME",1
04410,12620,"Bangor, ME",1
04411,12620,"Bangor, ME",1
04412,12620,"Bangor, ME",1
04417,12620,"Bangor, ME",1
04418,12620,"Bangor, ME",1
04419,12620,"Bangor, ME",1
04422,12620,"Bangor, ME",1
04427,12620,"Bangor, ME",1
04428,12620,"Bangor, ME",1
04430,12620,"Bangor, ME",1
04434,12620,"Bangor, ME",1
04435,12620,"Bangor, ME",1
04444,12620,"Bangor, ME",1
04448,12620,"Bangor, ME",1
04449,12620,"Bangor, ME",1
04450,12620,"Bangor, ME",1
04453,12620,"Bangor, ME",1
04455,12620,"Bangor, ME",1
04456,12620,"Bangor, ME",1
04457,12620,"Bangor, ME",1
04460,12620,"Bangor, ME",1
04461,12620,"Bangor, ME",1
04468,12620,"Bangor, ME",1
04469,12620,"Bangor, ME",1
04473,12620,"Bangor, ME",1
04474,12620,"Bangor, ME",1
04475,12620,"Bangor, ME",1
04487,12620,"Bangor, ME",1
04488,12620,"Bangor, ME",1
04489,12620,"Bangor, ME",1
04493,12620,"Bangor, ME",1
04495,12620,"Bangor, ME",1
04530,38860,"Portland-South Portland, ME",1
04548,38860,"Portland-South Portland, ME",1
04562,38860,"Portland-South Portland, ME",1
04579,38860,"Portland-South Portland, ME",1
04765,12620,"Bangor, ME",1
04777,12620,"Bangor, ME",1
04901,12300,"Augusta-Waterville, ME",0
04910,12300,"Augusta-Waterville, ME",0
04917,12300,"Augusta-Waterville, ME",0
04918,12300,"Augusta-Waterville, ME",0
04926,12300,"Augusta-Waterville, ME",0
04927,12300,"Augusta-Waterville, ME",0
04928,12620,"Bangor, ME",1
04930,12620,"Bangor, ME",1
04932,12620,"Bangor, ME",1
04939,12620,"Bangor, ME",1
04953,12620,"Bangor, ME",1
04963,12300,"Augusta-Waterville, ME",0
04969,12620,"Bangor, ME",1
04989,12300,"Augusta-Waterville, ME",0
05001,30150,"Lebanon-Claremont, NH-VT",0
05009,30150,"Lebanon-Claremont, NH-VT",0
05030,30150,"Lebanon-Claremont, NH-VT",0
05031,30150,"Lebanon-Claremont, NH-VT",0
05032,30150,"Lebanon-Claremont, NH-VT",0
05033,30150,"Lebanon-Claremont, NH-VT",0
05034,30150,"Lebanon-Claremont, NH-VT",0
05035,30150,"Lebanon-Claremont, NH-VT",0
05036,30150,"Lebanon-Claremont, NH-VT",0
05037,30150,"Lebanon-Claremont, NH-VT",0
05038,30150,"Lebanon-Claremont, NH-VT",0
05039,30150,"Lebanon-Claremont, NH-VT",0
05040,30150,"Lebanon-Claremont, NH-VT",0
05041,30150,"Lebanon-Claremont, NH-VT",0
05043,30150,"Lebanon-Claremont, NH-VT",0
05045,30150,"Lebanon-Claremont, NH-VT",0
05048,30150,"Lebanon-Claremont, NH-VT",0
05051,30150,"Lebanon-Claremont, NH-VT",0
05052,30150,"Lebanon-Claremont, NH-VT",0
05053,30150,"Lebanon-Claremont, NH-VT",0
05055,30150,"Lebanon-Claremont, NH-VT",0
05056,30150,"Lebanon-Claremont, NH-VT",0
05058,30150,"Lebanon-Claremont, NH-VT",0
05059,30150,"Lebanon-Claremont, NH-VT",0
05060,30150,"Lebanon-Claremont, NH-VT",0
05061,30150,"Lebanon-Claremont, NH-VT",0
05062,30150,"Lebanon-Claremont, NH-VT",0
05065,30150,"Lebanon-Claremont, NH-VT",0
05067,30150,"Lebanon-Claremont, NH-VT",0
05068,30150,"Lebanon-Claremont, NH-VT",0
05069,30150,"Lebanon-Claremont, NH-VT",0
05070,30150,"Lebanon-Claremont, NH-VT",0
05071,30150,"Lebanon-Claremont, NH-VT",0
05072,30150,"Lebanon-Claremont, NH-VT",0
05073,30150,"Lebanon-Claremont, NH-VT",0
05075,30150,"Lebanon-Claremont, NH-VT",0
05076,30150,"Lebanon-Claremont, NH-VT",0
05077,30150,"Lebanon-Claremont, NH-VT",0
05079,30150,"Lebanon-Claremont, NH-VT",0
05081,30150,"Lebanon-Claremont, NH-VT",0
05083,30150,"Lebanon-Claremont, NH-VT",0
05084,30150,"Lebanon-Claremont, NH-VT",0
05086,30150,"Lebanon-Claremont, NH-VT",0
05088,30150,"Lebanon-Claremont, NH-VT",0
05089,30150,"Lebanon-Claremont, NH-VT",0
05091,30150,"Lebanon-Claremont, NH-VT",0
05101,14710,"Brattleboro, VT",0
05141,14710,"Brattleboro, VT",0
05142,30150,"Lebanon-Claremont, NH-VT",0
05143,30150,"Lebanon-Claremont, NH-VT",0
05146,14710,"Brattleboro, VT",0
05148,14710,"Brattleboro, VT",0
05149,30150,"Lebanon-Claremont, NH-VT",0
05150,30150,"Lebanon-Claremont, NH-VT",0
05151,30150,"Lebanon-Claremont, NH-VT",0
05152,13540,"Bennington, VT",0
05153,30150,"Lebanon-Claremont, NH-VT",0
05154,14710,"Brattleboro, VT",0
05155,14710,"Brattleboro, VT",0
05156,30150,"Lebanon-Claremont, NH-VT",0
05158,14710,"Brattleboro, VT",0
05161,30150,"Lebanon-Claremont, NH-VT",0
05201,13540,"Bennington, VT",0
05250,13540,"Bennington, VT",0
05251,13540,"Bennington, VT",0
05252,13540,"Bennington, VT",0
05253,13540,"Bennington, VT",0
05254,13540,"Bennington, VT",0
05255,13540,"Bennington, VT",0
05257,13540,"Bennington, VT",0
05260,13540,"Bennington, VT",0
05261,13540,"Bennington, VT",0
05262,13540,"Bennington, VT",0
05301,14710,"Brattleboro, VT",0
05340,13540,"Bennington, VT",0
05341,14710,"Brattleboro, VT",0
05342,14710,"Brattleboro, VT",0
05343,14710,"Brattleboro, VT",0
05344,14710,"Brattleboro, VT",0
05345,14710,"Brattleboro, VT",0
05346,14710,"Brattleboro, VT",0
05350,13540,"Bennington, VT",0
05351,14710,"Brattleboro, VT",0
05352,13540,"Bennington, VT",0
05353,14710,"Brattleboro, VT",0
05354,14710,"Brattleboro, VT",0
05355,14710,"Brattleboro, VT",0
05356,14710,"Brattleboro, VT",0
05358,14710,"Brattleboro, VT",0
05359,14710,"Brattleboro, VT",0
05360,14710,"Brattleboro, VT",0
05361,14710,"Brattleboro, VT",0
05362,14710,"Brattleboro, VT",0
05363,14710,"Brattleboro, VT",0
05401,15540,"Burlington-South Burlington, VT",1
05403,15540,"Burlington-South Burlington, VT",1
05404,15540,"Burlington-South Burlington, VT",1
05405,15540,"Burlington-South Burlington, VT",1
05408,15540,"Burlington-South Burlington, VT",1
05439,15540,"Burlington-South Burlington, VT",1
05440,15540,"Burlington-South Burlington, VT",1
05441,15540,"Burlington-South Burlington, VT",1
05445,15540,"Burlington-South Burlington, VT",1
05446,15540,"Burlington-South Burlington, VT",1
05447,15540,"Burlington-South Burlington, VT",1
05448,15540,"Burlington-South Burlington, VT",1
05450,15540,"Burlington-South Burlington, VT",1
05452,15540,"Burlington-South Burlington, VT",1
05454,15540,"Burlington-South Burlington, VT",1
05455,15540,"Burlington-South Burlington, VT",1
05457,15540,"Burlington-South Burlington, VT",1
05458,15540,"Burlington-South Burlington, VT",1
05459,15540,"Burlington-South Burlington, VT",1
05461,15540,"Burlington-South Burlington, VT",1
05462,15540,"Burlington-South Burlington, VT",1
05463,15540,"Burlington-South Burlington, VT",1
05465,15540,"Burlington-South Burlington, VT",1
05468,15540,"Burlington-South Burlington, VT",1
05471,15540,"Burlington-South Burlington, VT",1
05474,15540,"Burlington-South Burlington, VT",1
05476,15540,"Burlington-South Burlington, VT",1
05477,15540,"Burlington-South Burlington, VT",1
05478,15540,"Burlington-South Burlington, VT",1
05481,15540,"Burlington-South Burlington, VT",1
05482,15540,"Burlington-South Burlington, VT",1
05483,15540,"Burlington-South Burlington, VT",1
05485,15540,"Burlington-South Burlington, VT",1
05486,15540,"Burlington-South Burlington, VT",1
05488,15540,"Burlington-South Burlington, VT",1
05489,15540,"Burlington-South Burlington, VT",1
05494,15540,"Burlington-South Burlington, VT",1
05495,15540,"Burlington-South Burlington, VT",1
05602,12740,"Barre, VT",0
05640,12740,"Barre, VT",0
05641,12740,"Barre, VT",0
05647,12740,"Barre, VT",0
05648,12740,"Barre, VT",0
05649,30150,"Lebanon-Claremont, NH-VT",0
05650,12740,"Barre, VT",0
05651,12740,"Barre, VT",0
05654,30150,"Lebanon-Claremont, NH-VT",0
05658,12740,"Barre, VT",0
05660,12740,"Barre, VT",0
05663,12740,"Barre, VT",0
05664,12740,"Barre, VT",0
05666,12740,"Barre, VT",0
05667,12740,"Barre, VT",0
05669,12740,"Barre, VT",0
05670,12740,"Barre, VT",0
05673,12740,"Barre, VT",0
05674,12740,"Barre, VT",0
05675,30150,"Lebanon-Claremont, NH-VT",0
05676,12740,"Barre, VT",0
05677,12740,"Barre, VT",0
05678,12740,"Barre, VT",0
05679,30150,"Lebanon-Claremont, NH-VT",0
05681,12740,"Barre, VT",0
05682,12740,"Barre, VT",0
05701,40860,"Rutland, VT",0
05730,40860,"Rutland, VT",0
05731,40860,"Rutland, VT",0
05732,40860,"Rutland, VT",0
05733,40860,"Rutland, VT",0
05735,40860,"Rutland, VT",0
05736,40860,"Rutland, VT",0
05737,40860,"Rutland, VT",0
05738,40860,"Rutland, VT",0
05739,40860,"Rutland, VT",0
05742,40860,"Rutland, VT",0
05743,40860,"Rutland, VT",0
05744,40860,"Rutland, VT",0
05746,30150,"Lebanon-Claremont, NH-VT",0
05751,40860,"Rutland, VT",0
05757,40860,"Rutland, VT",0
05758,40860,"Rutland, VT",0
05759,40860,"Rutland, VT",0
05761,40860,"Rutland, VT",0
05762,40860,"Rutland, VT",0
05763,40860,"Rutland, VT",0
05764,40860,"Rutland, VT",0
05765,40860,"Rutland, VT",0
05767,30150,"Lebanon-Claremont, NH-VT",0
05768,13540,"Bennington, VT",0
05772,30150,"Lebanon-Claremont, NH-VT",0
05773,40860,"Rutland, VT",0
05774,40860,"Rutland, VT",0
05775,40860,"Rutland, VT",0
05776,13540,"Bennington, VT",0
05777,40860,"Rutland, VT",0
06390,35620,"New York-Newark-Jersey City, NY-NJ",1
07001,35620,"New York-Newark-Jersey City, NY-NJ",1
07002,35620,"New York-Newark-Jersey City, NY-NJ",1
07003,35620,"New York-Newark-Jersey City, NY-NJ",1
07004,35620,"New York-Newark-Jersey City, NY-NJ",1
07005,35620,"New York-Newark-Jersey City, NY-NJ",1
07006,35620,"New York-Newark-Jersey City, NY-NJ",1
07008,35620,"New York-Newark-Jersey City, NY-NJ",1
07009,35620,"New York-Newark-Jersey City, NY-NJ",1
07010,35620,"New York-Newark-Jersey City, NY-NJ",1
07011,35620,"New York-Newark-Jersey City, NY-NJ",1
07012,35620,"New York-Newark-Jersey City, NY-NJ",1
07013,35620,"New York-Newark-Jersey City, NY-NJ",1
07014,35620,"New York-Newark-Jersey City, NY-NJ",1
07016,35620,"New York-Newark-Jersey City, NY-NJ",1
07017,35620,"New York-Newark-Jersey City, NY-NJ",1
07018,35620,"New York-Newark-Jersey City, NY-NJ",1
07020,35620,"New York-Newark-Jersey City, NY-NJ",1
07021,35620,"New York-Newark-Jersey City, NY-NJ",1
07022,35620,"New York-Newark-Jersey City, NY-NJ",1
07023,35620,"New York-Newark-Jersey City, NY-NJ",1
07024,35620,"New York-Newark-Jersey City, NY-NJ",1
07026,35620,"New York-Newark-Jersey City, NY-NJ",1
07027,35620,"New York-Newark-Jersey City, NY-NJ",1
07028,35620,"New York-Newark-Jersey City, NY-NJ",1
07029,35620,"New York-Newark-Jersey City, NY-NJ",1
07030,35620,"New York-Newark-Jersey City, NY-NJ",1
07031,35620,"New York-Newark-Jersey City, NY-NJ",1
07032,35620,"New York-Newark-Jersey City, NY-NJ",1
07033,35620,"New York-Newark-Jersey City, NY-NJ",1
07034,35620,"New York-Newark-Jersey City, NY-NJ",1
07035,35620,"New York-Newark-Jersey City, NY-NJ",1
07036,35620,"New York-Newark-Jersey City, NY-NJ",1
07039,35620,"New York-Newark-Jersey City, NY-NJ",1
07040,35620,"New York-Newark-Jersey City, NY-NJ",1
07041,35620,"New York-Newark-Jersey City, NY-NJ",1
07042,35620,"New York-Newark-Jersey City, NY-NJ",1
07043,35620,"New York-Newark-Jersey City, NY-NJ",1
07044,35620,"New York-Newark-Jersey City, NY-NJ",1
07045,35620,"New York-Newark-Jersey City, NY-NJ",1
07046,35620,"New York-Newark-Jersey City, NY-NJ",1
07047,35620,"New York-Newark-Jersey City, NY-NJ",1
07050,35620,"New York-Newark-Jersey City, NY-NJ",1
07052,35620,"New York-Newark-Jersey City, NY-NJ",1
07054,35620,"New York-Newark-Jersey City, NY-NJ",1
07055,35620,"New York-Newark-Jersey City, NY-NJ",1
07057,35620,"New York-Newark-Jersey City, NY-NJ",1
07058,35620,"New York-Newark-Jersey City, NY-NJ",1
07059,35620,"New York-Newark-Jersey City, NY-NJ",1
07060,35620,"New York-Newark-Jersey City, NY-NJ",1
07062,35620,"New York-Newark-Jersey City, NY-NJ",1
07063,35620,"New York-Newark-Jersey City, NY-NJ",1
07064,35620,"New York-Newark-Jersey City, NY-NJ",1
07065,35620,"New York-Newark-Jersey City, NY-NJ",1
07066,35620,"New York-Newark-Jersey City, NY-NJ",1
07067,35620,"New York-Newark-Jersey City, NY-NJ",1
07068,35620,"New York-Newark-Jersey City, NY-NJ",1
07069,35620,"New York-Newark-Jersey City, NY-NJ",1
07070,35620,"New York-Newark-Jersey City, NY-NJ",1
07071,35620,"New York-Newark-Jersey City, NY-NJ",1
07072,35620,"New York-Newark-Jersey City, NY-NJ",1
07073,35620,"New York-Newark-Jersey City, NY-NJ",1
07074,35620,"New York-Newark-Jersey City, NY-NJ",1
07075,35620,"New York-Newark-Jersey City, NY-NJ",1
07076,35620,"New York-Newark-Jersey City, NY-NJ",1
07077,35620,"New York-Newark-Jersey City, NY-NJ",1
07078,35620,"New York-Newark-Jersey City, NY-NJ",1
07079,35620,"New York-Newark-Jersey City, NY-NJ",1
07080,35620,"New York-Newark-Jersey City, NY-NJ",1
07081,35620,"New York-Newark-Jersey City, NY-NJ",1
07082,35620,"New York-Newark-Jersey City, NY-NJ",1
07083,35620,"New York-Newark-Jersey City, NY-NJ",1
07086,35620,"New York-Newark-Jersey City, NY-NJ",1
07087,35620,"New York-Newark-Jersey City, NY-NJ",1
07088,35620,"New York-Newark-Jersey City, NY-NJ",1
07090,35620,"New York-Newark-Jersey City, NY-NJ",1
07092,35620,"New York-Newark-Jersey City, NY-NJ",1
07093,35620,"New York-Newark-Jersey City, NY-NJ",1
07094,35620,"New York-Newark-Jersey City, NY-NJ",1
07095,35620,"New York-Newark-Jersey City, NY-NJ",1
07102,35620,"New York-Newark-Jersey City, NY-NJ",1
07103,35620,"New York-Newark-Jersey City, NY-NJ",1
07104,35620,"New York-Newark-Jersey City, NY-NJ",1
07105,35620,"New York-Newark-Jersey City, NY-NJ",1
07106,35620,"New York-Newark-Jersey City, NY-NJ",1
07107,35620,"New York-Newark-Jersey City, NY-NJ",1
07108,35620,"New York-Newark-Jersey City, NY-NJ",1
07109,35620,"New York-Newark-Jersey City, NY-NJ",1
07110,35620,"New York-Newark-Jersey City, NY-NJ",1
07111,35620,"New York-Newark-Jersey City, NY-NJ",1
07112,35620,"New York-Newark-Jersey City, NY-NJ",1
07114,35620,"New York-Newark-Jersey City, NY-NJ",1
07201,35620,"New York-Newark-Jersey City, NY-NJ",1
07202,35620,"New York-Newark-Jersey City, NY-NJ",1
07203,35620,"New York-Newark-Jersey City, NY-NJ",1
07204,35620,"New York-Newark-Jersey City, NY-NJ",1
07205,35620,"New York-Newark-Jersey City, NY-NJ",1
07206,35620,"New York-Newark-Jersey City, NY-NJ",1
07208,35620,"New York-Newark-Jersey City, NY-NJ",1
07302,35620,"New York-Newark-Jersey City, NY-NJ",1
07304,35620,"New York-Newark-Jersey City, NY-NJ",1
07305,35620,"New York-Newark-Jersey City, NY-NJ",1
07306,35620,"New York-Newark-Jersey City, NY-NJ",1
07307,35620,"New York-Newark-Jersey City, NY-NJ",1
07310,35620,"New York-Newark-Jersey City, NY-NJ",1
07311,35620,"New York-Newark-Jersey City, NY-NJ",1
07401,35620,"New York-Newark-Jersey City, NY-NJ",1
07403,35620,"New York-Newark-Jersey City, NY-NJ",1
07405,35620,"New York-Newark-Jersey City, NY-NJ",1
07407,35620,"New York-Newark-Jersey City, NY-NJ",1
07410,35620,"New York-Newark-Jersey City, NY-NJ",1
07416,35620,"New York-Newark-Jersey City, NY-NJ",1
07417,35620,"New York-Newark-Jersey City, NY-NJ",1
07418,35620,"New York-Newark-Jersey City, NY-NJ",1
07419,35620,"New York-Newark-Jersey City, NY-NJ",1
07420,35620,"New York-Newark-Jersey City, NY-NJ",1
07421,35620,"New York-Newark-Jersey City, NY-NJ",1
07422,35620,"New York-Newark-Jersey City, NY-NJ",1
07423,35620,"New York-Newark-Jersey City, NY-NJ",1
07424,35620,"New York-Newark-Jersey City, NY-NJ",1
07430,35620,"New York-Newark-Jersey City, NY-NJ",1
07432,35620,"New York-Newark-Jersey City, NY-NJ",1
07435,35620,"New York-Newark-Jersey City, NY-NJ",1
07436,35620,"New York-Newark-Jersey City, NY-NJ",1
07438,35620,"New York-Newark-Jersey City, NY-NJ",1
07439,35620,"New York-Newark-Jersey City, NY-NJ",1
07440,35620,"New York-Newark-Jersey City, NY-NJ",1
07442,35620,"New York-Newark-Jersey City, NY-NJ",1
07444,35620,"New York-Newark-Jersey City, NY-NJ",1
07446,35620,"New York-Newark-Jersey City, NY-NJ",1
07450,35620,"New York-Newark-Jersey City, NY-NJ",1
07452,35620,"New York-Newark-Jersey City, NY-NJ",1
07456,35620,"New York-Newark-Jersey City, NY-NJ",1
07457,35620,"New York-Newark-Jersey City, NY-NJ",1
07458,35620,"New York-Newark-Jersey City, NY-NJ",1
07460,35620,"New York-Newark-Jersey City, NY-NJ",1
07461,35620,"New York-Newark-Jersey City, NY-NJ",1
07462,35620,"New York-Newark-Jersey City, NY-NJ",1
07463,35620,"New York-Newark-Jersey City, NY-NJ",1
07465,35620,"New York-Newark-Jersey City, NY-NJ",1
07470,35620,"New York-Newark-Jersey City, NY-NJ",1
07480,35620,"New York-Newark-Jersey City, NY-NJ",1
07481,35620,"New York-Newark-Jersey City, NY-NJ",1
07501,35620,"New York-Newark-Jersey City, NY-NJ",1
07502,35620,"New York-Newark-Jersey City, NY-NJ",1
07503,35620,"New York-Newark-Jersey City, NY-NJ",1
07504,35620,"New York-Newark-Jersey City, NY-NJ",1
07505,35620,"New York-Newark-Jersey City, NY-NJ",1
07506,35620,"New York-Newark-Jersey City, NY-NJ",1
07508,35620,"New York-Newark-Jersey City, NY-NJ",1
07512,35620,"New York-Newark-Jersey City, NY-NJ",1
07513,35620,"New York-Newark-Jersey City, NY-NJ",1
07514,35620,"New York-Newark-Jersey City, NY-NJ",1
07522,35620,"New York-Newark-Jersey City, NY-NJ",1
07524,35620,"New York-Newark-Jersey City, NY-NJ",1
07601,35620,"New York-Newark-Jersey City, NY-NJ",1
07603,35620,"New York-Newark-Jersey City, NY-NJ",1
07604,35620,"New York-Newark-Jersey City, NY-NJ",1
07605,35620,"New York-Newark-Jersey City, NY-NJ",1
07606,35620,"New York-Newark-Jersey City, NY-NJ",1
07607,35620,"New York-Newark-Jersey City, NY-NJ",1
07608,35620,"New York-Newark-Jersey City, NY-NJ",1
07620,35620,"New York-Newark-Jersey City, NY-NJ",1
07621,35620,"New York-Newark-Jersey City, NY-NJ",1
07624,35620,"New York-Newark-Jersey City, NY-NJ",1
07626,35620,"New York-Newark-Jersey City, NY-NJ",1
07627,35620,"New York-Newark-Jersey City, NY-NJ",1
07628,35620,"New York-Newark-Jersey City, NY-NJ",1
07630,35620,"New York-Newark-Jersey City, NY-NJ",1
07631,35620,"New York-Newark-Jersey City, NY-NJ",1
07632,35620,"New York-Newark-Jersey City, NY-NJ",1
07640,35620,"New York-Newark-Jersey City, NY-NJ",1
07641,35620,"New York-Newark-Jersey City, NY-NJ",1
07642,35620,"New York-Newark-Jersey City, NY-NJ",1
07643,35620,"New York-Newark-Jersey City, NY-NJ",1
07644,35620,"New York-Newark-Jersey City, NY-NJ",1
07645,35620,"New York-Newark-Jersey City, NY-NJ",1
07646,35620,"New York-Newark-Jersey City, NY-NJ",1
07647,35620,"New York-Newark-Jersey City, NY-NJ",1
07648,35620,"New York-Newark-Jersey City, NY-NJ",1
07649,35620,"New York-Newark-Jersey City, NY-NJ",1
07650,35620,"New York-Newark-Jersey City, NY-NJ",1
07652,35620,"New York-Newark-Jersey City, NY-NJ",1
07656,35620,"New York-Newark-Jersey City, NY-NJ",1
07657,35620,"New York-Newark-Jersey City, NY-NJ",1
07660,35620,"New York-Newark-Jersey City, NY-NJ",1
07661,35620,"New York-Newark-Jersey City, NY-NJ",1
07662,35620,"New York-Newark-Jersey City, NY-NJ",1
07663,35620,"New York-Newark-Jersey City, NY-NJ",1
07666,35620,"New York-Newark-Jersey City, NY-NJ",1
07670,35620,"New York-Newark-Jersey City, NY-NJ",1
07675,35620,"New York-Newark-Jersey City, NY-NJ",1
07676,35620,"New York-Newark-Jersey City, NY-NJ",1
07677,35620,"New York-Newark-Jersey City, NY-NJ",1
07701,35620,"New York-Newark-Jersey City, NY-NJ",1
07702,35620,"New York-Newark-Jersey City, NY-NJ",1
07703,35620,"New York-Newark-Jersey City, NY-NJ",1
07704,35620,"New York-Newark-Jersey City, NY-NJ",1
07711,35620,"New York-Newark-Jersey City, NY-NJ",1
07712,35620,"New York-Newark-Jersey City, NY-NJ",1
07716,35620,"New York-Newark-Jersey City, NY-NJ",1
07717,35620,"New York-Newark-Jersey City, NY-NJ",1
07718,35620,"New York-Newark-Jersey City, NY-NJ",1
07719,35620,"New York-Newark-Jersey City, NY-NJ",1
07720,35620,"New York-Newark-Jersey City, NY-NJ",1
07721,35620,"New York-Newark-Jersey City, NY-NJ",1
07722,35620,"New York-Newark-Jersey City, NY-NJ",1
07723,35620,"New York-Newark-Jersey City, NY-NJ",1
07724,35620,"New York-Newark-Jersey City, NY-NJ",1
07726,35620,"New York-Newark-Jersey City, NY-NJ",1
07727,35620,"New York-Newark-Jersey City, NY-NJ",1
07728,35620,"New York-Newark-Jersey City, NY-NJ",1
07730,35620,"New York-Newark-Jersey City, NY-NJ",1
07731,35620,"New York-Newark-Jersey City, NY-NJ",1
07732,35620,"New York-Newark-Jersey City, NY-NJ",1
07733,35620,"New York-Newark-Jersey City, NY-NJ",1
07734,35620,"New York-Newark-Jersey City, NY-NJ",1
07735,35620,"New York-Newark-Jersey City, NY-NJ",1
07737,35620,"New York-Newark-Jersey City, NY-NJ",1
07738,35620,"New York-Newark-Jersey City, NY-NJ",1
07739,35620,"New York-Newark-Jersey City, NY-NJ",1
07740,35620,"New York-Newark-Jersey City, NY-NJ",1
07746,35620,"New York-Newark-Jersey City, NY-NJ",1
07747,35620,"New York-Newark-Jersey City, NY-NJ",1
07748,35620,"New York-Newark-Jersey City, NY-NJ",1
07750,35620,"New York-Newark-Jersey City, NY-NJ",1
07751,35620,"New York-Newark-Jersey City, NY-NJ",1
07753,35620,"New York-Newark-Jersey City, NY-NJ",1
07755,35620,"New York-Newark-Jersey City, NY-NJ",1
07756,35620,"New York-Newark-Jersey City, NY-NJ",1
07757,35620,"New York-Newark-Jersey City, NY-NJ",1
07758,35620,"New York-Newark-Jersey City, NY-NJ",1
07760,35620,"New York-Newark-Jersey City, NY-NJ",1
07762,35620,"New York-Newark-Jersey City, NY-NJ",1
07764,35620,"New York-Newark-Jersey City, NY-NJ",1
07801,35620,"New York-Newark-Jersey City, NY-NJ",1
07803,35620,"New York-Newark-Jersey City, NY-NJ",1
07820,10900,"Allentown-Bethlehem-Easton, PA-NJ",1
07821,35620,"New York-Newark-Jersey City, NY-NJ",1
07822,35620,"New York-Newark-Jersey City, NY-NJ",1
07823,10900,"Allentown-Bethlehem-Easton, PA-NJ",1
07825,10900,"Allentown-Bethlehem-Easton, PA-NJ",1
07826,35620,"New York-Newark-Jersey City, NY-NJ",1
07827,35620,"New York-Newark-Jersey City, NY-NJ",1
07828,35620,"New York-Newark-Jersey City, NY-NJ",1
07830,35620,"New York-Newark-Jersey City, NY-NJ",1
07831,10900,"Allentown-Bethlehem-Easton, PA-NJ",1
07832,10900,"Allentown-Bethlehem-Easton, PA-NJ",1
07833,10900,"Allentown-Bethlehem-Easton, PA-NJ",1
07834,35620,"New York-Newark-Jersey City, NY-NJ",1
07836,35620,"New York-Newark-Jersey City, NY-NJ",1
07838,10900,"Allentown-Bethlehem-Easton, PA-NJ",1
07840,10900,"Allentown-Bethlehem-Easton, PA-NJ",1
07842,35620,"New York-Newark-Jersey City, NY-NJ",1
07843,35620,"New York-Newark-Jersey City, NY-NJ",1
07844,10900,"Allentown-Bethlehem-Easton, PA-NJ",1
07846,10900,"Allentown-Bethlehem-Easton, PA-NJ",1
07847,35620,"New York-Newark-Jersey City, NY-NJ",1
07848,35620,"New York-Newark-Jersey City, NY-NJ",1
07849,35620,"New York-Newark-Jersey City, NY-NJ",1
07850,35620,"New York-Newark-Jersey City, NY-NJ",1
07851,35620,"New York-Newark-Jersey City, NY-NJ",1
07852,35620,"New York-Newark-Jersey City, NY-NJ",1
07853,35620,"New York-Newark-Jersey City, NY-NJ",1
07856,35620,"New York-Newark-Jersey City, NY-NJ",1
07857,35620,"New York-Newark-Jersey City, NY-NJ",1
07860,35620,"New York-Newark-Jersey City, NY-NJ",1
07863,10900,"Allentown-Bethlehem-Easton, PA-NJ",1
07865,10900,"Allentown-Bethlehem-Easton, PA-NJ",1
07866,35620,"New York-Newark-Jersey City, NY-NJ",1
07869,35620,"New York-Newark-Jersey City, NY-NJ",1
07870,35620,"New York-Newark-Jersey City, NY-NJ",1
07871,35620,"New York-Newark-Jersey City, NY-NJ",1
07874,35620,"New York-Newark-Jersey City, NY-NJ",1
07876,35620,"New York-Newark-Jersey City, NY-NJ",1
07878,35620,"New York-Newark-Jersey City, NY-NJ",1
07880,10900,"Allentown-Bethlehem-Easton, PA-NJ",1
07881,35620,"New York-Newark-Jersey City, NY-NJ",1
07882,10900,"Allentown-Bethlehem-Easton, PA-NJ",1
07885,35620,"New York-Newark-Jersey City, NY-NJ",1
07901,35620,"New York-Newark-Jersey City, NY-NJ",1
07920,35620,"New York-Newark-Jersey City, NY-NJ",1
07921,35620,"New York-Newark-Jersey City, NY-NJ",1
07922,35620,"New York-Newark-Jersey City, NY-NJ",1
07924,35620,"New York-Newark-Jersey City, NY-NJ",1
07926,35620,"New York-Newark-Jersey City, NY-NJ",1
07927,35620,"New York-Newark-Jersey City, NY-NJ",1
07928,35620,"New York-Newark-Jersey City, NY-NJ",1
07930,35620,"New York-Newark-Jersey City, NY-NJ",1
07931,35620,"New York-Newark-Jersey City, NY-NJ",1
07932,35620,"New York-Newark-Jersey City, NY-NJ",1
07933,35620,"New York-Newark-Jersey City, NY-NJ",1
07934,35620,"New York-Newark-Jersey City, NY-NJ",1
07935,35620,"New York-Newark-Jersey City, NY-NJ",1
07936,35620,"New York-Newark-Jersey City, NY-NJ",1
07939,35620,"New York-Newark-Jersey City, NY-NJ",1
07940,35620,"New York-Newark-Jersey City, NY-NJ",1
07945,35620,"New York-Newark-Jersey City, NY-NJ",1
07946,35620,"New York-Newark-Jersey City, NY-NJ",1
07950,35620,"New York-Newark-Jersey City, NY-NJ",1
07960,35620,"New York-Newark-Jersey City, NY-NJ",1
07961,35620,"New York-Newark-Jersey City, NY-NJ",1
07970,35620,"New York-Newark-Jersey City, NY-NJ",1
07974,35620,"New York-Newark-Jersey City, NY-NJ",1
07976,35620,"New York-Newark-Jersey City, NY-NJ",1
07977,35620,"New York-Newark-Jersey City, NY-NJ",1
07979,35620,"New York-Newark-Jersey City, NY-NJ",1
07980,35620,"New York-Newark-Jersey City, NY-NJ",1
07981,35620,"New York-Newark-Jersey City, NY-NJ",1
08001,37980,"Philadelphia-Camden-Wilmington, PA-NJ-DE-MD",1
08002,37980,"Philadelphia-Camden-Wilmington, PA-NJ-DE-MD",1
08003,37980,"Philadelphia-Camden-Wilmington, PA-NJ-DE-MD",1
08004,37980,"Philadelphia-Camden-Wilmington, PA-NJ-DE-MD",1
08005,35620,"New York-Newark-Jersey City, NY-NJ",1
08006,35620,"New York-Newark-Jersey City, NY-NJ",1
08007,37980,"Philadelphia-Camden-Wilmington, PA-NJ-DE-MD",1
08008,35620,"New York-Newark-Jersey City, NY-NJ",1
08009,37980,"Philadelphia-Camden-Wilmington, PA-NJ-DE-MD",1
08010,37980,"Philadelphia-Camden-Wilmington, PA-NJ-DE-MD",1
08011,37980,"Philadelphia-Camden-Wilmington, PA-NJ-DE-MD",1
08012,37980,"Philadelphia-Camden-Wilmington, PA-NJ-DE-MD",1
08014,37980,"Philadelphia-Camden-Wilmington, PA-NJ-DE-MD",1
08015,37980,"Philadelphia-Camden-Wilmington, PA-NJ-DE-MD",1
08016,37980,"Philadelphia-Camden-Wilmington, PA-NJ-DE-MD",1
08019,37980,"Philadelphia-Camden-Wilmington, PA-NJ-DE-MD",1
08020,37980,"Philadelphia-Camden-Wilmington, PA-NJ-DE-MD",1
08021,37980,"Philadelphia-Camden-Wilmington, PA-NJ-DE-MD",1
08022,37980,"Philadelphia-Camden-Wilmington, PA-NJ-DE-MD",1
08023,37980,"Philadelphia-Camden-Wilmington, PA-NJ-DE-MD",1
08026,37980,"Philadelphia-Camden-Wilmington, PA-NJ-DE-MD",1
08027,37980,"Philadelphia-Camden-Wilmington, PA-NJ-DE-MD",1
08028,37980,"Philadelphia-Camden-Wilmington, PA-NJ-DE-MD",1
08029,37980,"Philadelphia-Camden-Wilmington, PA-NJ-DE-MD",1
08030,37980,"Philadelphia-Camden-Wilmington, PA-NJ-DE-MD",1
08031,37980,"Philadelphia-Camden-Wilmington, PA-NJ-DE-MD",1
08032,37980,"Philadelphia-Camden-Wilmington, PA-NJ-DE-MD",1
08033,37980,"Philadelphia-Camden-Wilmington, PA-NJ-DE-MD",1
08034,37980,"Philadelphia-Camden-Wilmington, PA-NJ-DE-MD",1
08035,37980,"Philadelphia-Camden-Wilmington, PA-NJ-DE-MD",1
08036,37980,"Philadelphia-Camden-Wilmington, PA-NJ-DE-MD",1
08037,12100,"Atlantic City-Hammonton, NJ",1
08038,37980,"Philadelphia-Camden-Wilmington, PA-NJ-DE-MD",1
08039,37980,"Philadelphia-Camden-Wilmington, PA-NJ-DE-MD",1
08041,37980,"Philadelphia-Camden-Wilmington, PA-NJ-DE-MD",1
08042,37980,"Philadelphia-Camden-Wilmington, PA-NJ-DE-MD",1
08043,37980,"Philadelphia-Camden-Wilmington, PA-NJ-DE-MD",1
08045,37980,"Philadelphia-Camden-Wilmington, PA-NJ-DE-MD",1
08046,37980,"Philadelphia-Camden-Wilmington, PA-NJ-DE-MD",1
08048,37980,"Philadelphia-Camden-Wilmington, PA-NJ-DE-MD",1
08049,37980,"Philadelphia-Camden-Wilmington, PA-NJ-DE-MD",1
08050,35620,"New York-Newark-Jersey City, NY-NJ",1
08051,37980,"Philadelphia-Camden-Wilmington, PA-NJ-DE-MD",1
08052,37980,"Philadelphia-Camden-Wilmington, PA-NJ-DE-MD",1
08053,37980,"Philadelphia-Camden-Wilmington, PA-NJ-DE-MD",1
08054,37980,"Philadelphia-Camden-Wilmington, PA-NJ-DE-MD",1
08055,37980,"Philadelphia-Camden-Wilmington, PA-NJ-DE-MD",1
08056,37980,"Philadelphia-Camden-Wilmington, PA-NJ-DE-MD",1
08057,37980,"Philadelphia-Camden-Wilmington, PA-NJ-DE-MD",1
08059,37980,"Philadelphia-Camden-Wilmington, PA-NJ-DE-MD",1
08060,37980,"Philadelphia-Camden-Wilmington, PA-NJ-DE-MD",1
08061,37980,"Philadelphia-Camden-Wilmington, PA-NJ-DE-MD",1
08062,37980,"Philadelphia-Camden-Wilmington, PA-NJ-DE-MD",1
08063,37980,"Philadelphia-Camden-Wilmington, PA-NJ-DE-MD",1
08064,37980,"Philadelphia-Camden-Wilmington, PA-NJ-DE-MD",1
08065,37980,"Philadelphia-Camden-Wilmington, PA-NJ-DE-MD",1
08066,37980,"Philadelphia-Camden-Wilmington, PA-NJ-DE-MD",1
08067,37980,"Philadelphia-Camden-Wilmington, PA-NJ-DE-MD",1
08068,37980,"Philadelphia-Camden-Wilmington, PA-NJ-DE-MD",1
08069,37980,"Philadelphia-Camden-Wilmington, PA-NJ-DE-MD",1
08070,37980,"Philadelphia-Camden-Wilmington, PA-NJ-DE-MD",1
08071,37980,"Philadelphia-Camden-Wilmington, PA-NJ-DE-MD",1
08072,37980,"Philadelphia-Camden-Wilmington, PA-NJ-DE-MD",1
08073,37980,"Philadelphia-Camden-Wilmington, PA-NJ-DE-MD",1
08074,37980,"Philadelphia-Camden-Wilmington, PA-NJ-DE-MD",1
08075,37980,"Philadelphia-Camden-Wilmington, PA-NJ-DE-MD",1
08077,37980,"Philadelphia-Camden-Wilmington, PA-NJ-DE-MD",1
08078,37980,"Philadelphia-Camden-Wilmington, PA-NJ-DE-MD",1
08079,37980,"Philadelphia-Camden-Wilmington, PA-NJ-DE-MD",1
08080,37980,"Philadelphia-Camden-Wilmington, PA-NJ-DE-MD",1
08081,37980,"Philadelphia-Camden-Wilmington, PA-NJ-DE-MD",1
08083,37980,"Philadelphia-Camden-Wilmington, PA-NJ-DE-MD",1
08084,37980,"Philadelphia-Camden-Wilmington, PA-NJ-DE-MD",1
08085,37980,"Philadelphia-Camden-Wilmington, PA-NJ-DE-MD",1
08086,37980,"Philadelphia-Camden-Wilmington, PA-NJ-DE-MD",1
08087,35620,"New York-Newark-Jersey City, NY-NJ",1
08088,37980,"Philadelphia-Camden-Wilmington, PA-NJ-DE-MD",1
08089,37980,"Philadelphia-Camden-Wilmington, PA-NJ-DE-MD",1
08090,37980,"Philadelphia-Camden-Wilmington, PA-NJ-DE-MD",1
08091,37980,"Philadelphia-Camden-Wilmington, PA-NJ-DE-MD",1
08092,35620,"New York-Newark-Jersey City, NY-NJ",1
08093,37980,"Philadelphia-Camden-Wilmington, PA-NJ-DE-MD",1
08094,37980,"Philadelphia-Camden-Wilmington, PA-NJ-DE-MD",1
08095,37980,"Philadelphia-Camden-Wilmington, PA-NJ-DE-MD",1
08096,37980,"Philadelphia-Camden-Wilmington, PA-NJ-DE-MD",1
08097,37980,"Philadelphia-Camden-Wilmington, PA-NJ-DE-MD",1
08098,37980,"Philadelphia-Camden-Wilmington, PA-NJ-DE-MD",1
08102,37980,"Philadelphia-Camden-Wilmington, PA-NJ-DE-MD",1
08103,37980,"Philadelphia-Camden-Wilmington, PA-NJ-DE-MD",1
08104,37980,"Philadelphia-Camden-Wilmington, PA-NJ-DE-MD",1
08105,37980,"Philadelphia-Camden-Wilmington, PA-NJ-DE-MD",1
08106,37980,"Philadelphia-Camden-Wilmington, PA-NJ-DE-MD",1
08107,37980,"Philadelphia-Camden-Wilmington, PA-NJ-DE-MD",1
08108,37980,"Philadelphia-Camden-Wilmington, PA-NJ-DE-MD",1
08109,37980,"Philadelphia-Camden-Wilmington, PA-NJ-DE-MD",1
08110,37980,"Philadelphia-Camden-Wilmington, PA-NJ-DE-MD",1
08201,12100,"Atlantic City-Hammonton, NJ",1
08202,12100,"Atlantic City-Hammonton, NJ",1
08203,12100,"Atlantic City-Hammonton, NJ",1
08204,12100,"Atlantic City-Hammonton, NJ",1
08205,12100,"Atlantic City-Hammonton, NJ",1
08210,12100,"Atlantic City-Hammonton, NJ",1
08212,12100,"Atlantic City-Hammonton, NJ",1
08215,12100,"Atlantic City-Hammonton, NJ",1
08217,12100,"Atlantic City-Hammonton, NJ",1
08221,12100,"Atlantic City-Hammonton, NJ",1
08223,12100,"Atlantic City-Hammonton, NJ",1
08224,37980,"Philadelphia-Camden-Wilmington, PA-NJ-DE-MD",1
08225,12100,"Atlantic City-Hammonton, NJ",1
08226,12100,"Atlantic City-Hammonton, NJ",1
08230,12100,"Atlantic City-Hammonton, NJ",1
08232,12100,"Atlantic City-Hammonton, NJ",1
08234,12100,"Atlantic City-Hammonton, NJ",1
08240,12100,"Atlantic City-Hammonton, NJ",1
08241,12100,"Atlantic City-Hammonton, NJ",1
08242,12100,"Atlantic City-Hammonton, NJ",1
08243,12100,"Atlantic City-Hammonton, NJ",1
08244,12100,"Atlantic City-Hammonton, NJ",1
08245,12100,"Atlantic City-Hammonton, NJ",1
08246,12100,"Atlantic City-Hammonton, NJ",1
08247,12100,"Atlantic City-Hammonton, NJ",1
08248,12100,"Atlantic City-Hammonton, NJ",1
08251,12100,"Atlantic City-Hammonton, NJ",1
08260,12100,"Atlantic City-Hammonton, NJ",1
08270,12100,"Atlantic City-Hammonton, NJ",1
08302,47220,"Vineland, NJ",1
08310,12100,"Atlantic City-Hammonton, NJ",1
08311,47220,"Vineland, NJ",1
08312,37980,"Philadelphia-Camden-Wilmington, PA-NJ-DE-MD",1
08314,47220,"Vineland, NJ",1
08316,47220,"Vineland, NJ",1
08317,12100,"Atlantic City-Hammonton, NJ",1
08318,37980,"Philadelphia-Camden-Wilmington, PA-NJ-DE-MD",1
08319,12100,"Atlantic City-Hammonton, NJ",1
08320,47220,"Vineland, NJ",1
08321,47220,"Vineland, NJ",1
08322,37980,"Philadelphia-Camden-Wilmington, PA-NJ-DE-MD",1
08323,47220,"Vineland, NJ",1
08324,47220,"Vineland, NJ",1
08326,12100,"Atlantic City-Hammonton, NJ",1
08327,47220,"Vineland, NJ",1
08328,37980,"Philadelphia-Camden-Wilmington, PA-NJ-DE-MD",1
08329,47220,"Vineland, NJ",1
08330,12100,"Atlantic City-Hammonton, NJ",1
08332,47220,"Vineland, NJ",1
08340,47220,"Vineland, NJ",1
08341,12100,"Atlantic City-Hammonton, NJ",1
08343,37980,"Philadelphia-Camden-Wilmington, PA-NJ-DE-MD",1
08344,37980,"Philadelphia-Camden-Wilmington, PA-NJ-DE-MD",1
08345,47220,"Vineland, NJ",1
08346,12100,"Atlantic City-Hammonton, NJ",1
08348,47220,"Vineland, NJ",1
08349,47220,"Vineland, NJ",1
08350,12100,"Atlantic City-Hammonton, NJ",1
08352,47220,"Vineland, NJ",1
08353,47220,"Vineland, NJ",1
08360,47220,"Vineland, NJ",1
08361,47220,"Vineland, NJ",1
08401,12100,"Atlantic City-Hammonton, NJ",1
08402,12100,"Atlantic City-Hammonton, NJ",1
08403,12100,"Atlantic City-Hammonton, NJ",1
08406,12100,"Atlantic City-Hammonton, NJ",1
08501,35620,"New York-Newark-Jersey City, NY-NJ",1
08502,35620,"New York-Newark-Jersey City, NY-NJ",1
08505,37980,"Philadelphia-Camden-Wilmington, PA-NJ-DE-MD",1
08510,35620,"New York-Newark-Jersey City, NY-NJ",1
08511,37980,"Philadelphia-Camden-Wilmington, PA-NJ-DE-MD",1
08512,35620,"New York-Newark-Jersey City, NY-NJ",1
08514,35620,"New York-Newark-Jersey City, NY-NJ",1
08515,37980,"Philadelphia-Camden-Wilmington, PA-NJ-DE-MD",1
08518,37980,"Philadelphia-Camden-Wilmington, PA-NJ-DE-MD",1
08520,45940,"Trenton-Princeton, NJ",1
08525,45940,"Trenton-Princeton, NJ",1
08527,35620,"New York-Newark-Jersey City, NY-NJ",1
08528,35620,"New York-Newark-Jersey City, NY-NJ",1
08530,35620,"New York-Newark-Jersey City, NY-NJ",1
08533,35620,"New York-Newark-Jersey City, NY-NJ",1
08534,45940,"Trenton-Princeton, NJ",1
08535,35620,"New York-Newark-Jersey City, NY-NJ",1
08536,35620,"New York-Newark-Jersey City, NY-NJ",1
08540,45940,"Trenton-Princeton, NJ",1
08542,45940,"Trenton-Princeton, NJ",1
08544,45940,"Trenton-Princeton, NJ",1
08550,45940,"Trenton-Princeton, NJ",1
08551,35620,"New York-Newark-Jersey City, NY-NJ",1
08553,35620,"New York-Newark-Jersey City, NY-NJ",1
08554,37980,"Philadelphia-Camden-Wilmington, PA-NJ-DE-MD",1
08555,35620,"New York-Newark-Jersey City, NY-NJ",1
08558,35620,"New York-Newark-Jersey City, NY-NJ",1
08559,35620,"New York-Newark-Jersey City, NY-NJ",1
08560,45940,"Trenton-Princeton, NJ",1
08561,45940,"Trenton-Princeton, NJ",1
08562,37980,"Philadelphia-Camden-Wilmington, PA-NJ-DE-MD",1
08608,45940,"Trenton-Princeton, NJ",1
08609,45940,"Trenton-Princeton, NJ",1
08610,45940,"Trenton-Princeton, NJ",1
08611,45940,"Trenton-Princeton, NJ",1
08618,45940,"Trenton-Princeton, NJ",1
08619,45940,"Trenton-Princeton, NJ",1
08620,45940,"Trenton-Princeton, NJ",1
08628,45940,"Trenton-Princeton, NJ",1
08629,45940,"Trenton-Princeton, NJ",1
08638,45940,"Trenton-Princeton, NJ",1
08640,37980,"Philadelphia-Camden-Wilmington, PA-NJ-DE-MD",1
08641,37980,"Philadelphia-Camden-Wilmington, PA-NJ-DE-MD",1
08648,45940,"Trenton-Princeton, NJ",1
08690,45940,"Trenton-Princeton, NJ",1
08691,45940,"Trenton-Princeton, NJ",1
08701,35620,"New York-Newark-Jersey City, NY-NJ",1
08720,35620,"New York-Newark-Jersey City, NY-NJ",1
08721,35620,"New York-Newark-Jersey City, NY-NJ",1
08722,35620,"New York-Newark-Jersey City, NY-NJ",1
08723,35620,"New York-Newark-Jersey City, NY-NJ",1
08724,35620,"New York-Newark-Jersey City, NY-NJ",1
08730,35620,"New York-Newark-Jersey City, NY-NJ",1
08731,35620,"New York-Newark-Jersey City, NY-NJ",1
08732,35620,"New York-Newark-Jersey City, NY-NJ",1
08733,35620,"New York-Newark-Jersey City, NY-NJ",1
08734,35620,"New York-Newark-Jersey City, NY-NJ",1
08735,35620,"New York-Newark-Jersey City, NY-NJ",1
08736,35620,"New York-Newark-Jersey City, NY-NJ",1
08738,35620,"New York-Newark-Jersey City, NY-NJ",1
08740,35620,"New York-Newark-Jersey City, NY-NJ",1
08741,35620,"New York-Newark-Jersey City, NY-NJ",1
08742,35620,"New York-Newark-Jersey City, NY-NJ",1
08750,35620,"New York-Newark-Jersey City, NY-NJ",1
08751,35620,"New York-Newark-Jersey City, NY-NJ",1
08752,35620,"New York-Newark-Jersey City, NY-NJ",1
08753,35620,"New York-Newark-Jersey City, NY-NJ",1
08755,35620,"New York-Newark-Jersey City, NY-NJ",1
08757,35620,"New York-Newark-Jersey City, NY-NJ",1
08758,35620,"New York-Newark-Jersey City, NY-NJ",1
08759,35620,"New York-Newark-Jersey City, NY-NJ",1
08801,35620,"New York-Newark-Jersey City, NY-NJ",1
08802,35620,"New York-Newark-Jersey City, NY-NJ",1
08804,35620,"New York-Newark-Jersey City, NY-NJ",1
08805,35620,"New York-Newark-Jersey City, NY-NJ",1
08807,35620,"New York-Newark-Jersey City, NY-NJ",1
08809,35620,"New York-Newark-Jersey City, NY-NJ",1
08810,35620,"New York-Newark-Jersey City, NY-NJ",1
08812,35620,"New York-Newark-Jersey City, NY-NJ",1
08816,35620,"New York-Newark-Jersey City, NY-NJ",1
08817,35620,"New York-Newark-Jersey City, NY-NJ",1
08820,35620,"New York-Newark-Jersey City, NY-NJ",1
08821,35620,"New York-Newark-Jersey City, NY-NJ",1
08822,35620,"New York-Newark-Jersey City, NY-NJ",1
08823,35620,"New York-Newark-Jersey City, NY-NJ",1
08824,35620,"New York-Newark-Jersey City, NY-NJ",1
08825,35620,"New York-Newark-Jersey City, NY-NJ",1
08826,35620,"New York-Newark-Jersey City, NY-NJ",1
08827,35620,"New York-Newark-Jersey City, NY-NJ",1
08828,35620,"New York-Newark-Jersey City, NY-NJ",1
08829,35620,"New York-Newark-Jersey City, NY-NJ",1
08830,35620,"New York-Newark-Jersey City, NY-NJ",1
08831,35620,"New York-Newark-Jersey City, NY-NJ",1
08832,35620,"New York-Newark-Jersey City, NY-NJ",1
08833,35620,"New York-Newark-Jersey City, NY-NJ",1
08835,35620,"New York-Newark-Jersey City, NY-NJ",1
08836,35620,"New York-Newark-Jersey City, NY-NJ",1
08837,35620,"New York-Newark-Jersey City, NY-NJ",1
08840,35620,"New York-Newark-Jersey City, NY-NJ",1
08844,35620,"New York-Newark-Jersey City, NY-NJ",1
08846,35620,"New York-Newark-Jersey City, NY-NJ",1
08848,35620,"New York-Newark-Jersey City, NY-NJ",1
08850,35620,"New York-Newark-Jersey City, NY-NJ",1
08852,35620,"New York-Newark-Jersey City, NY-NJ",1
08853,35620,"New York-Newark-Jersey City, NY-NJ",1
08854,35620,"New York-Newark-Jersey City, NY-NJ",1
08857,35620,"New York-Newark-Jersey City, NY-NJ",1
08858,35620,"New York-Newark-Jersey City, NY-NJ",1
08859,35620,"New York-Newark-Jersey City, NY-NJ",1
08861,35620,"New York-Newark-Jersey City, NY-NJ",1
08863,35620,"New York-Newark-Jersey City, NY-NJ",1
08865,10900,"Allentown-Bethlehem-Easton, PA-NJ",1
08867,35620,"New York-Newark-Jersey City, NY-NJ",1
08869,35620,"New York-Newark-Jersey City, NY-NJ",1
08872,35620,"New York-Newark-Jersey City, NY-NJ",1
08873,35620,"New York-Newark-Jersey City, NY-NJ",1
08876,35620,"New York-Newark-Jersey City, NY-NJ",1
08879,35620,"New York-Newark-Jersey City, NY-NJ",1
08880,35620,"New York-Newark-Jersey City, NY-NJ",1
08882,35620,"New York-Newark-Jersey City, NY-NJ",1
08884,35620,"New York-Newark-Jersey City, NY-NJ",1
08886,10900,"Allentown-Bethlehem-Easton, PA-NJ",1
08887,35620,"New York-Newark-Jersey City, NY-NJ",1
08889,35620,"New York-Newark-Jersey City, NY-NJ",1
08890,35620,"New York-Newark-Jersey City, NY-NJ",1
08901,35620,"New York-Newark-Jersey City, NY-NJ",1
08902,35620,"New York-Newark-Jersey City, NY-NJ",1
08904,35620,"New York-Newark-Jersey City, NY-NJ",1
10001,35620,"New York-Newark-Jersey City, NY-NJ",1
10002,35620,"New York-Newark-Jersey City, NY-NJ",1
10003,35620,"New York-Newark-Jersey City, NY-NJ",1
10004,35620,"New York-Newark-Jersey City, NY-NJ",1
10005,35620,"New York-Newark-Jersey City, NY-NJ",1
10006,35620,"New York-Newark-Jersey City, NY-NJ",1
10007,35620,"New York-Newark-Jersey City, NY-NJ",1
10009,35620,"New York-Newark-Jersey City, NY-NJ",1
10010,35620,"New York-Newark-Jersey City, NY-NJ",1
10011,35620,"New York-Newark-Jersey City, NY-NJ",1
10012,35620,"New York-Newark-Jersey City, NY-NJ",1
10013,35620,"New York-Newark-Jersey City, NY-NJ",1
10014,35620,"New York-Newark-Jersey City, NY-NJ",1
10016,35620,"New York-Newark-Jersey City, NY-NJ",1
10017,35620,"New York-Newark-Jersey City, NY-NJ",1
10018,35620,"New York-Newark-Jersey City, NY-NJ",1
10019,35620,"New York-Newark-Jersey City, NY-NJ",1
10020,35620,"New York-Newark-Jersey City, NY-NJ",1
10021,35620,"New York-Newark-Jersey City, NY-NJ",1
10022,35620,"New York-Newark-Jersey City, NY-NJ",1
10023,35620,"New York-Newark-Jersey City, NY-NJ",1
10024,35620,"New York-Newark-Jersey City, NY-NJ",1
10025,35620,"New York-Newark-Jersey City, NY-NJ",1
10026,35620,"New York-Newark-Jersey City, NY-NJ",1
10027,35620,"New York-Newark-Jersey City, NY-NJ",1
10028,35620,"New York-Newark-Jersey City, NY-NJ",1
10029,35620,"New York-Newark-Jersey City, NY-NJ",1
10030,35620,"New York-Newark-Jersey City, NY-NJ",1
10031,35620,"New York-Newark-Jersey City, NY-NJ",1
10032,35620,"New York-Newark-Jersey City, NY-NJ",1
10033,35620,"New York-Newark-Jersey City, NY-NJ",1
10034,35620,"New York-Newark-Jersey City, NY-NJ",1
10035,35620,"New York-Newark-Jersey City, NY-NJ",1
10036,35620,"New York-Newark-Jersey City, NY-NJ",1
10037,35620,"New York-Newark-Jersey City, NY-NJ",1
10038,35620,"New York-Newark-Jersey City, NY-NJ",1
10039,35620,"New York-Newark-Jersey City, NY-NJ",1
10040,35620,"New York-Newark-Jersey City, NY-NJ",1
10044,35620,"New York-Newark-Jersey City, NY-NJ",1
10065,35620,"New York-Newark-Jersey City, NY-NJ",1
10069,35620,"New York-Newark-Jersey City, NY-NJ",1
10075,35620,"New York-Newark-Jersey City, NY-NJ",1
10103,35620,"New York-Newark-Jersey City, NY-NJ",1
10110,35620,"New York-Newark-Jersey City, NY-NJ",1
10111,35620,"New York-Newark-Jersey City, NY-NJ",1
10112,35620,"New York-Newark-Jersey City, NY-NJ",1
10115,35620,"New York-Newark-Jersey City, NY-NJ",1
10119,35620,"New York-Newark-Jersey City, NY-NJ",1
10128,35620,"New York-Newark-Jersey City, NY-NJ",1
10152,35620,"New York-Newark-Jersey City, NY-NJ",1
10153,35620,"New York-Newark-Jersey City, NY-NJ",1
10154,35620,"New York-Newark-Jersey City, NY-NJ",1
10162,35620,"New York-Newark-Jersey City, NY-NJ",1
10165,35620,"New York-Newark-Jersey City, NY-NJ",1
10167,35620,"New York-Newark-Jersey City, NY-NJ",1
10168,35620,"New York-Newark-Jersey City, NY-NJ",1
10169,35620,"New York-Newark-Jersey City, NY-NJ",1
10170,35620,"New York-Newark-Jersey City, NY-NJ",1
10171,35620,"New York-Newark-Jersey City, NY-NJ",1
10172,35620,"New York-Newark-Jersey City, NY-NJ",1
10173,35620,"New York-Newark-Jersey City, NY-NJ",1
10174,35620,"New York-Newark-Jersey City, NY-NJ",1
10177,35620,"New York-Newark-Jersey City, NY-NJ",1
10199,35620,"New York-Newark-Jersey City, NY-NJ",1
10271,35620,"New York-Newark-Jersey City, NY-NJ",1
10278,35620,"New York-Newark-Jersey City, NY-NJ",1
10279,35620,"New York-Newark-Jersey City, NY-NJ",1
10280,35620,"New York-Newark-Jersey City, NY-NJ",1
10282,35620,"New York-Newark-Jersey City, NY-NJ",1
10301,35620,"New York-Newark-Jersey City, NY-NJ",1
10302,35620,"New York-Newark-Jersey City, NY-NJ",1
10303,35620,"New York-Newark-Jersey City, NY-NJ",1
10304,35620,"New York-Newark-Jersey City, NY-NJ",1
10305,35620,"New York-Newark-Jersey City, NY-NJ",1
10306,35620,"New York-Newark-Jersey City, NY-NJ",1
10307,35620,"New York-Newark-Jersey City, NY-NJ",1
10308,35620,"New York-Newark-Jersey City, NY-NJ",1
10309,35620,"New York-Newark-Jersey City, NY-NJ",1
10310,35620,"New York-Newark-Jersey City, NY-NJ",1
10311,35620,"New York-Newark-Jersey City, NY-NJ",1
10312,35620,"New York-Newark-Jersey City, NY-NJ",1
10314,35620,"New York-Newark-Jersey City, NY-NJ",1
10451,35620,"New York-Newark-Jersey City, NY-NJ",1
10452,35620,"New York-Newark-Jersey City, NY-NJ",1
10453,35620,"New York-Newark-Jersey City, NY-NJ",1
10454,35620,"New York-Newark-Jersey City, NY-NJ",1
10455,35620,"New York-Newark-Jersey City, NY-NJ",1
10456,35620,"New York-Newark-Jersey City, NY-NJ",1
10457,35620,"New York-Newark-Jersey City, NY-NJ",1
10458,35620,"New York-Newark-Jersey City, NY-NJ",1
10459,35620,"New York-Newark-Jersey City, NY-NJ",1
10460,35620,"New York-Newark-Jersey City, NY-NJ",1
10461,35620,"New York-Newark-Jersey City, NY-NJ",1
10462,35620,"New York-Newark-Jersey City, NY-NJ",1
10463,35620,"New York-Newark-Jersey City, NY-NJ",1
10464,35620,"New York-Newark-Jersey City, NY-NJ",1
10465,35620,"New York-Newark-Jersey City, NY-NJ",1
10466,35620,"New York-Newark-Jersey City, NY-NJ",1
10467,35620,"New York-Newark-Jersey City, NY-NJ",1
10468,35620,"New York-Newark-Jersey City, NY-NJ",1
10469,35620,"New York-Newark-Jersey City, NY-NJ",1
10470,35620,"New York-Newark-Jersey City, NY-NJ",1
10471,35620,"New York-Newark-Jersey City, NY-NJ",1
10472,35620,"New York-Newark-Jersey City, NY-NJ",1
10473,35620,"New York-Newark-Jersey City, NY-NJ",1
10474,35620,"New York-Newark-Jersey City, NY-NJ",1
10475,35620,"New York-Newark-Jersey City, NY-NJ",1
10501,35620,"New York-Newark-Jersey City, NY-NJ",1
10502,35620,"New York-Newark-Jersey City, NY-NJ",1
10503,35620,"New York-Newark-Jersey City, NY-NJ",1
10504,35620,"New York-Newark-Jersey City, NY-NJ",1
10505,35620,"New York-Newark-Jersey City, NY-NJ",1
10506,35620,"New York-Newark-Jersey City, NY-NJ",1
10507,35620,"New York-Newark-Jersey City, NY-NJ",1
10509,35620,"New York-Newark-Jersey City, NY-NJ",1
10510,35620,"New York-Newark-Jersey City, NY-NJ",1
10511,35620,"New York-Newark-Jersey City, NY-NJ",1
10512,35620,"New York-Newark-Jersey City, NY-NJ",1
10514,35620,"New York-Newark-Jersey City, NY-NJ",1
10516,35620,"New York-Newark-Jersey City, NY-NJ",1
10517,35620,"New York-Newark-Jersey City, NY-NJ",1
10518,35620,"New York-Newark-Jersey City, NY-NJ",1
10519,35620,"New York-Newark-Jersey City, NY-NJ",1
10520,35620,"New York-Newark-Jersey City, NY-NJ",1
10522,35620,"New York-Newark-Jersey City, NY-NJ",1
10523,35620,"New York-Newark-Jersey City, NY-NJ",1
10524,35620,"New York-Newark-Jersey City, NY-NJ",1
10526,35620,"New York-Newark-Jersey City, NY-NJ",1
10527,35620,"New York-Newark-Jersey City, NY-NJ",1
10528,35620,"New York-Newark-Jersey City, NY-NJ",1
10530,35620,"New York-Newark-Jersey City, NY-NJ",1
10532,35620,"New York-Newark-Jersey City, NY-NJ",1
10533,35620,"New York-Newark-Jersey City, NY-NJ",1
10535,35620,"New York-Newark-Jersey City, NY-NJ",1
10536,35620,"New York-Newark-Jersey City, NY-NJ",1
10537,35620,"New York-Newark-Jersey City, NY-NJ",1
10538,35620,"New York-Newark-Jersey City, NY-NJ",1
10540,35620,"New York-Newark-Jersey City, NY-NJ",1
10541,35620,"New York-Newark-Jersey City, NY-NJ",1
10542,35620,"New York-Newark-Jersey City, NY-NJ",1
10543,35620,"New York-Newark-Jersey City, NY-NJ",1
10545,35620,"New York-Newark-Jersey City, NY-NJ",1
10546,35620,"New York-Newark-Jersey City, NY-NJ",1
10547,35620,"New York-Newark-Jersey City, NY-NJ",1
10548,35620,"New York-Newark-Jersey City, NY-NJ",1
10549,35620,"New York-Newark-Jersey City, NY-NJ",1
10550,35620,"New York-Newark-Jersey City, NY-NJ",1
10552,35620,"New York-Newark-Jersey City, NY-NJ",1
10553,35620,"New York-Newark-Jersey City, NY-NJ",1
10560,35620,"New York-Newark-Jersey City, NY-NJ",1
10562,35620,"New York-Newark-Jersey City, NY-NJ",1
10566,35620,"New York-Newark-Jersey City, NY-NJ",1
10567,35620,"New York-Newark-Jersey City, NY-NJ",1
10570,35620,"New York-Newark-Jersey City, NY-NJ",1
10573,35620,"New York-Newark-Jersey City, NY-NJ",1
10576,35620,"New York-Newark-Jersey City, NY-NJ",1
10577,35620,"New York-Newark-Jersey City, NY-NJ",1
10578,35620,"New York-Newark-Jersey City, NY-NJ",1
10579,35620,"New York-Newark-Jersey City, NY-NJ",1
10580,35620,"New York-Newark-Jersey City, NY-NJ",1
10583,35620,"New York-Newark-Jersey City, NY-NJ",1
10588,35620,"New York-Newark-Jersey City, NY-NJ",1
10589,35620,"New York-Newark-Jersey City, NY-NJ",1
10590,35620,"New York-Newark-Jersey City, NY-NJ",1
10591,35620,"New York-Newark-Jersey City, NY-NJ",1
10594,35620,"New York-Newark-Jersey City, NY-NJ",1
10595,35620,"New York-Newark-Jersey City, NY-NJ",1
10596,35620,"New York-Newark-Jersey City, NY-NJ",1
10597,35620,"New York-Newark-Jersey City, NY-NJ",1
10598,35620,"New York-Newark-Jersey City, NY-NJ",1
10601,35620,"New York-Newark-Jersey City, NY-NJ",1
10603,35620,"New York-Newark-Jersey City, NY-NJ",1
10604,35620,"New York-Newark-Jersey City, NY-NJ",1
10605,35620,"New York-Newark-Jersey City, NY-NJ",1
10606,35620,"New York-Newark-Jersey City, NY-NJ",1
10607,35620,"New York-Newark-Jersey City, NY-NJ",1
10701,35620,"New York-Newark-Jersey City, NY-NJ",1
10703,35620,"New York-Newark-Jersey City, NY-NJ",1
10704,35620,"New York-Newark-Jersey City, NY-NJ",1
10705,35620,"New York-Newark-Jersey City, NY-NJ",1
10706,35620,"New York-Newark-Jersey City, NY-NJ",1
10707,35620,"New York-Newark-Jersey City, NY-NJ",1
10708,35620,"New York-Newark-Jersey City, NY-NJ",1
10709,35620,"New York-Newark-Jersey City, NY-NJ",1
10710,35620,"New York-Newark-Jersey City, NY-NJ",1
10801,35620,"New York-Newark-Jersey City, NY-NJ",1
10803,35620,"New York-Newark-Jersey City, NY-NJ",1
10804,35620,"New York-Newark-Jersey City, NY-NJ",1
10805,35620,"New York-Newark-Jersey City, NY-NJ",1
10901,35620,"New York-Newark-Jersey City, NY-NJ",1
10910,28880,"Kiryas Joel-Poughkeepsie-Newburgh, NY",1
10911,35620,"New York-Newark-Jersey City, NY-NJ",1
10913,35620,"New York-Newark-Jersey City, NY-NJ",1
10914,28880,"Kiryas Joel-Poughkeepsie-Newburgh, NY",1
10915,28880,"Kiryas Joel-Poughkeepsie-Newburgh, NY",1
10916,28880,"Kiryas Joel-Poughkeepsie-Newburgh, NY",1
10917,28880,"Kiryas Joel-Poughkeepsie-Newburgh, NY",1
10918,28880,"Kiryas Joel-Poughkeepsie-Newburgh, NY",1
10919,28880,"Kiryas Joel-Poughkeepsie-Newburgh, NY",1
10920,35620,"New York-Newark-Jersey City, NY-NJ",1
10921,28880,"Kiryas Joel-Poughkeepsie-Newburgh, NY",1
10922,28880,"Kiryas Joel-Poughkeepsie-Newburgh, NY",1
10923,35620,"New York-Newark-Jersey City, NY-NJ",1
10924,28880,"Kiryas Joel-Poughkeepsie-Newburgh, NY",1
10925,28880,"Kiryas Joel-Poughkeepsie-Newburgh, NY",1
10926,28880,"Kiryas Joel-Poughkeepsie-Newburgh, NY",1
10927,35620,"New York-Newark-Jersey City, NY-NJ",1
10928,28880,"Kiryas Joel-Poughkeepsie-Newburgh, NY",1
10930,28880,"Kiryas Joel-Poughkeepsie-Newburgh, NY",1
10931,35620,"New York-Newark-Jersey City, NY-NJ",1
10932,28880,"Kiryas Joel-Poughkeepsie-Newburgh, NY",1
10933,28880,"Kiryas Joel-Poughkeepsie-Newburgh, NY",1
10940,28880,"Kiryas Joel-Poughkeepsie-Newburgh, NY",1
10941,28880,"Kiryas Joel-Poughkeepsie-Newburgh, NY",1
10950,28880,"Kiryas Joel-Poughkeepsie-Newburgh, NY",1
10952,35620,"New York-Newark-Jersey City, NY-NJ",1
10953,28880,"Kiryas Joel-Poughkeepsie-Newburgh, NY",1
10954,35620,"New York-Newark-Jersey City, NY-NJ",1
10956,35620,"New York-Newark-Jersey City, NY-NJ",1
10958,28880,"Kiryas Joel-Poughkeepsie-Newburgh, NY",1
10960,35620,"New York-Newark-Jersey City, NY-NJ",1
10962,35620,"New York-Newark-Jersey City, NY-NJ",1
10963,28880,"Kiryas Joel-Poughkeepsie-Newburgh, NY",1
10964,35620,"New York-Newark-Jersey City, NY-NJ",1
10965,35620,"New York-Newark-Jersey City, NY-NJ",1
10968,35620,"New York-Newark-Jersey City, NY-NJ",1
10969,28880,"Kiryas Joel-Poughkeepsie-Newburgh, NY",1
10970,35620,"New York-Newark-Jersey City, NY-NJ",1
10973,28880,"Kiryas Joel-Poughkeepsie-Newburgh, NY",1
10974,35620,"New York-Newark-Jersey City, NY-NJ",1
10975,28880,"Kiryas Joel-Poughkeepsie-Newburgh, NY",1
10976,35620,"New York-Newark-Jersey City, NY-NJ",1
10977,35620,"New York-Newark-Jersey City, NY-NJ",1
10979,28880,"Kiryas Joel-Poughkeepsie-Newburgh, NY",1
10980,35620,"New York-Newark-Jersey City, NY-NJ",1
10983,35620,"New York-Newark-Jersey City, NY-NJ",1
10984,35620,"New York-Newark-Jersey City, NY-NJ",1
10985,28880,"Kiryas Joel-Poughkeepsie-Newburgh, NY",1
10986,35620,"New York-Newark-Jersey City, NY-NJ",1
10987,28880,"Kiryas Joel-Poughkeepsie-Newburgh, NY",1
10988,28880,"Kiryas Joel-Poughkeepsie-Newburgh, NY",1
10989,35620,"New York-Newark-Jersey City, NY-NJ",1
10990,28880,"Kiryas Joel-Poughkeepsie-Newburgh, NY",1
10992,28880,"Kiryas Joel-Poughkeepsie-Newburgh, NY",1
10993,35620,"New York-Newark-Jersey City, NY-NJ",1
10994,35620,"New York-Newark-Jersey City, NY-NJ",1
10996,28880,"Kiryas Joel-Poughkeepsie-Newburgh, NY",1
10998,28880,"Kiryas Joel-Poughkeepsie-Newburgh, NY",1
11001,35620,"New York-Newark-Jersey City, NY-NJ",1
11003,35620,"New York-Newark-Jersey City, NY-NJ",1
11004,35620,"New York-Newark-Jersey City, NY-NJ",1
11005,35620,"New York-Newark-Jersey City, NY-NJ",1
11010,35620,"New York-Newark-Jersey City, NY-NJ",1
11020,35620,"New York-Newark-Jersey City, NY-NJ",1
11021,35620,"New York-Newark-Jersey City, NY-NJ",1
11023,35620,"New York-Newark-Jersey City, NY-NJ",1
11024,35620,"New York-Newark-Jersey City, NY-NJ",1
11030,35620,"New York-Newark-Jersey City, NY-NJ",1
11040,35620,"New York-Newark-Jersey City, NY-NJ",1
11042,35620,"New York-Newark-Jersey City, NY-NJ",1
11050,35620,"New York-Newark-Jersey City, NY-NJ",1
11096,35620,"New York-Newark-Jersey City, NY-NJ",1
11101,35620,"New York-Newark-Jersey City, NY-NJ",1
11102,35620,"New York-Newark-Jersey City, NY-NJ",1
11103,35620,"New York-Newark-Jersey City, NY-NJ",1
11104,35620,"New York-Newark-Jersey City, NY-NJ",1
11105,35620,"New York-Newark-Jersey City, NY-NJ",1
11106,35620,"New York-Newark-Jersey City, NY-NJ",1
11109,35620,"New York-Newark-Jersey City, NY-NJ",1
11201,35620,"New York-Newark-Jersey City, NY-NJ",1
11203,35620,"New York-Newark-Jersey City, NY-NJ",1
11204,35620,"New York-Newark-Jersey City, NY-NJ",1
11205,35620,"New York-Newark-Jersey City, NY-NJ",1
11206,35620,"New York-Newark-Jersey City, NY-NJ",1
11207,35620,"New York-Newark-Jersey City, NY-NJ",1
11208,35620,"New York-Newark-Jersey City, NY-NJ",1
11209,35620,"New York-Newark-Jersey City, NY-NJ",1
11210,35620,"New York-Newark-Jersey City, NY-NJ",1
11211,35620,"New York-Newark-Jersey City, NY-NJ",1
11212,35620,"New York-Newark-Jersey City, NY-NJ",1
11213,35620,"New York-Newark-Jersey City, NY-NJ",1
11214,35620,"New York-Newark-Jersey City, NY-NJ",1
11215,35620,"New York-Newark-Jersey City, NY-NJ",1
11216,35620,"New York-Newark-Jersey City, NY-NJ",1
11217,35620,"New York-Newark-Jersey City, NY-NJ",1
11218,35620,"New York-Newark-Jersey City, NY-NJ",1
11219,35620,"New York-Newark-Jersey City, NY-NJ",1
11220,35620,"New York-Newark-Jersey City, NY-NJ",1
11221,35620,"New York-Newark-Jersey City, NY-NJ",1
11222,35620,"New York-Newark-Jersey City, NY-NJ",1
11223,35620,"New York-Newark-Jersey City, NY-NJ",1
11224,35620,"New York-Newark-Jersey City, NY-NJ",1
11225,35620,"New York-Newark-Jersey City, NY-NJ",1
11226,35620,"New York-Newark-Jersey City, NY-NJ",1
11228,35620,"New York-Newark-Jersey City, NY-NJ",1
11229,35620,"New York-Newark-Jersey City, NY-NJ",1
11230,35620,"New York-Newark-Jersey City, NY-NJ",1
11231,35620,"New York-Newark-Jersey City, NY-NJ",1
11232,35620,"New York-Newark-Jersey City, NY-NJ",1
11233,35620,"New York-Newark-Jersey City, NY-NJ",1
11234,35620,"New York-Newark-Jersey City, NY-NJ",1
11235,35620,"New York-Newark-Jersey City, NY-NJ",1
11236,35620,"New York-Newark-Jersey City, NY-NJ",1
11237,35620,"New York-Newark-Jersey City, NY-NJ",1
11238,35620,"New York-Newark-Jersey City, NY-NJ",1
11239,35620,"New York-Newark-Jersey City, NY-NJ",1
11249,35620,"New York-Newark-Jersey City, NY-NJ",1
11354,35620,"New York-Newark-Jersey City, NY-NJ",1
11355,35620,"New York-Newark-Jersey City, NY-NJ",1
11356,35620,"New York-Newark-Jersey City, NY-NJ",1
11357,35620,"New York-Newark-Jersey City, NY-NJ",1
11358,35620,"New York-Newark-Jersey City, NY-NJ",1
11359,35620,"New York-Newark-Jersey City, NY-NJ",1
11360,35620,"New York-Newark-Jersey City, NY-NJ",1
11361,35620,"New York-Newark-Jersey City, NY-NJ",1
11362,35620,"New York-Newark-Jersey City, NY-NJ",1
11363,35620,"New York-Newark-Jersey City, NY-NJ",1
11364,35620,"New York-Newark-Jersey City, NY-NJ",1
11365,35620,"New York-Newark-Jersey City, NY-NJ",1
11366,35620,"New York-Newark-Jersey City, NY-NJ",1
11367,35620,"New York-Newark-Jersey City, NY-NJ",1
11368,35620,"New York-Newark-Jersey City, NY-NJ",1
11369,35620,"New York-Newark-Jersey City, NY-NJ",1
11370,35620,"New York-Newark-Jersey City, NY-NJ",1
11371,35620,"New York-Newark-Jersey City, NY-NJ",1
11372,35620,"New York-Newark-Jersey City, NY-NJ",1
11373,35620,"New York-Newark-Jersey City, NY-NJ",1
11374,35620,"New York-Newark-Jersey City, NY-NJ",1
11375,35620,"New York-Newark-Jersey City, NY-NJ",1
11377,35620,"New York-Newark-Jersey City, NY-NJ",1
11378,35620,"New York-Newark-Jersey City, NY-NJ",1
11379,35620,"New York-Newark-Jersey City, NY-NJ",1
11385,35620,"New York-Newark-Jersey City, NY-NJ",1
11411,35620,"New York-Newark-Jersey City, NY-NJ",1
11412,35620,"New York-Newark-Jersey City, NY-NJ",1
11413,35620,"New York-Newark-Jersey City, NY-NJ",1
11414,35620,"New York-Newark-Jersey City, NY-NJ",1
11415,35620,"New York-Newark-Jersey City, NY-NJ",1
11416,35620,"New York-Newark-Jersey City, NY-NJ",1
11417,35620,"New York-Newark-Jersey City, NY-NJ",1
11418,35620,"New York-Newark-Jersey City, NY-NJ",1
11419,35620,"New York-Newark-Jersey City, NY-NJ",1
11420,35620,"New York-Newark-Jersey City, NY-NJ",1
11421,35620,"New York-Newark-Jersey City, NY-NJ",1
11422,35620,"New York-Newark-Jersey City, NY-NJ",1
11423,35620,"New York-Newark-Jersey City, NY-NJ",1
11424,35620,"New York-Newark-Jersey City, NY-NJ",1
11426,35620,"New York-Newark-Jersey City, NY-NJ",1
11427,35620,"New York-Newark-Jersey City, NY-NJ",1
11428,35620,"New York-Newark-Jersey City, NY-NJ",1
11429,35620,"New York-Newark-Jersey City, NY-NJ",1
11430,35620,"New York-Newark-Jersey City, NY-NJ",1
11432,35620,"New York-Newark-Jersey City, NY-NJ",1
11433,35620,"New York-Newark-Jersey City, NY-NJ",1
11434,35620,"New York-Newark-Jersey City, NY-NJ",1
11435,35620,"New York-Newark-Jersey City, NY-NJ",1
11436,35620,"New York-Newark-Jersey City, NY-NJ",1
11439,35620,"New York-Newark-Jersey City, NY-NJ",1
11451,35620,"New York-Newark-Jersey City, NY-NJ",1
11501,35620,"New York-Newark-Jersey City, NY-NJ",1
11507,35620,"New York-Newark-Jersey City, NY-NJ",1
11509,35620,"New York-Newark-Jersey City, NY-NJ",1
11510,35620,"New York-Newark-Jersey City, NY-NJ",1
11514,35620,"New York-Newark-Jersey City, NY-NJ",1
11516,35620,"New York-Newark-Jersey City, NY-NJ",1
11518,35620,"New York-Newark-Jersey City, NY-NJ",1
11520,35620,"New York-Newark-Jersey City, NY-NJ",1
11530,35620,"New York-Newark-Jersey City, NY-NJ",1
11542,35620,"New York-Newark-Jersey City, NY-NJ",1
11545,35620,"New York-Newark-Jersey City, NY-NJ",1
11547,35620,"New York-Newark-Jersey City, NY-NJ",1
11548,35620,"New York-Newark-Jersey City, NY-NJ",1
11549,35620,"New York-Newark-Jersey City, NY-NJ",1
11550,35620,"New York-Newark-Jersey City, NY-NJ",1
11552,35620,"New York-Newark-Jersey City, NY-NJ",1
11553,35620,"New York-Newark-Jersey City, NY-NJ",1
11554,35620,"New York-Newark-Jersey City, NY-NJ",1
11556,35620,"New York-Newark-Jersey City, NY-NJ",1
11557,35620,"New York-Newark-Jersey City, NY-NJ",1
11558,35620,"New York-Newark-Jersey City, NY-NJ",1
11559,35620,"New York-Newark-Jersey City, NY-NJ",1
11560,35620,"New York-Newark-Jersey City, NY-NJ",1
11561,35620,"New York-Newark-Jersey City, NY-NJ",1
11563,35620,"New York-Newark-Jersey City, NY-NJ",1
11565,35620,"New York-Newark-Jersey City, NY-NJ",1
11566,35620,"New York-Newark-Jersey City, NY-NJ",1
11568,35620,"New York-Newark-Jersey City, NY-NJ",1
11569,35620,"New York-Newark-Jersey City, NY-NJ",1
11570,35620,"New York-Newark-Jersey City, NY-NJ",1
11572,35620,"New York-Newark-Jersey City, NY-NJ",1
11575,35620,"New York-Newark-Jersey City, NY-NJ",1
11576,35620,"New York-Newark-Jersey City, NY-NJ",1
11577,35620,"New York-Newark-Jersey City, NY-NJ",1
11579,35620,"New York-Newark-Jersey City, NY-NJ",1
11580,35620,"New York-Newark-Jersey City, NY-NJ",1
11581,35620,"New York-Newark-Jersey City, NY-NJ",1
11590,35620,"New York-Newark-Jersey City, NY-NJ",1
11596,35620,"New York-Newark-Jersey City, NY-NJ",1
11598,35620,"New York-Newark-Jersey City, NY-NJ",1
11691,35620,"New York-Newark-Jersey City, NY-NJ",1
11692,35620,"New York-Newark-Jersey City, NY-NJ",1
11693,35620,"New York-Newark-Jersey City, NY-NJ",1
11694,35620,"New York-Newark-Jersey City, NY-NJ",1
11697,35620,"New York-Newark-Jersey City, NY-NJ",1
11701,35620,"New York-Newark-Jersey City, NY-NJ",1
11702,35620,"New York-Newark-Jersey City, NY-NJ",1
11703,35620,"New York-Newark-Jersey City, NY-NJ",1
11704,35620,"New York-Newark-Jersey City, NY-NJ",1
11705,35620,"New York-Newark-Jersey City, NY-NJ",1
11706,35620,"New York-Newark-Jersey City, NY-NJ",1
11709,35620,"New York-Newark-Jersey City, NY-NJ",1
11710,35620,"New York-Newark-Jersey City, NY-NJ",1
11713,35620,"New York-Newark-Jersey City, NY-NJ",1
11714,35620,"New York-Newark-Jersey City, NY-NJ",1
11715,35620,"New York-Newark-Jersey City, NY-NJ",1
11716,35620,"New York-Newark-Jersey City, NY-NJ",1
11717,35620,"New York-Newark-Jersey City, NY-NJ",1
11718,35620,"New York-Newark-Jersey City, NY-NJ",1
11719,35620,"New York-Newark-Jersey City, NY-NJ",1
11720,35620,"New York-Newark-Jersey City, NY-NJ",1
11721,35620,"New York-Newark-Jersey City, NY-NJ",1
11722,35620,"New York-Newark-Jersey City, NY-NJ",1
11724,35620,"New York-Newark-Jersey City, NY-NJ",1
11725,35620,"New York-Newark-Jersey City, NY-NJ",1
11726,35620,"New York-Newark-Jersey City, NY-NJ",1
11727,35620,"New York-Newark-Jersey City, NY-NJ",1
11729,35620,"New York-Newark-Jersey City, NY-NJ",1
11730,35620,"New York-Newark-Jersey City, NY-NJ",1
11731,35620,"New York-Newark-Jersey City, NY-NJ",1
11732,35620,"New York-Newark-Jersey City, NY-NJ",1
11733,35620,"New York-Newark-Jersey City, NY-NJ",1
11735,35620,"New York-Newark-Jersey City, NY-NJ",1
11738,35620,"New York-Newark-Jersey City, NY-NJ",1
11739,35620,"New York-Newark-Jersey City, NY-NJ",1
11740,35620,"New York-Newark-Jersey City, NY-NJ",1
11741,35620,"New York-Newark-Jersey City, NY-NJ",1
11742,35620,"New York-Newark-Jersey City, NY-NJ",1
11743,35620,"New York-Newark-Jersey City, NY-NJ",1
11746,35620,"New York-Newark-Jersey City, NY-NJ",1
11747,35620,"New York-Newark-Jersey City, NY-NJ",1
11749,35620,"New York-Newark-Jersey City, NY-NJ",1
11751,35620,"New York-Newark-Jersey City, NY-NJ",1
11752,35620,"New York-Newark-Jersey City, NY-NJ",1
11753,35620,"New York-Newark-Jersey City, NY-NJ",1
11754,35620,"New York-Newark-Jersey City, NY-NJ",1
11755,35620,"New York-Newark-Jersey City, NY-NJ",1
11756,35620,"New York-Newark-Jersey City, NY-NJ",1
11757,35620,"New York-Newark-Jersey City, NY-NJ",1
11758,35620,"New York-Newark-Jersey City, NY-NJ",1
11762,35620,"New York-Newark-Jersey City, NY-NJ",1
11763,35620,"New York-Newark-Jersey City, NY-NJ",1
11764,35620,"New York-Newark-Jersey City, NY-NJ",1
11765,35620,"New York-Newark-Jersey City, NY-NJ",1
11766,35620,"New York-Newark-Jersey City, NY-NJ",1
11767,35620,"New York-Newark-Jersey City, NY-NJ",1
11768,35620,"New York-Newark-Jersey City, NY-NJ",1
11769,35620,"New York-Newark-Jersey City, NY-NJ",1
11770,35620,"New York-Newark-Jersey City, NY-NJ",1
11771,35620,"New York-Newark-Jersey City, NY-NJ",1
11772,35620,"New York-Newark-Jersey City, NY-NJ",1
11776,35620,"New York-Newark-Jersey City, NY-NJ",1
11777,35620,"New York-Newark-Jersey City, NY-NJ",1
11778,35620,"New York-Newark-Jersey City, NY-NJ",1
11779,35620,"New York-Newark-Jersey City, NY-NJ",1
11780,35620,"New York-Newark-Jersey City, NY-NJ",1
11782,35620,"New York-Newark-Jersey City, NY-NJ",1
11783,35620,"New York-Newark-Jersey City, NY-NJ",1
11784,35620,"New York-Newark-Jersey City, NY-NJ",1
11786,35620,"New York-Newark-Jersey City, NY-NJ",1
11787,35620,"New York-Newark-Jersey City, NY-NJ",1
11788,35620,"New York-Newark-Jersey City, NY-NJ",1
11789,35620,"New York-Newark-Jersey City, NY-NJ",1
11790,35620,"New York-Newark-Jersey City, NY-NJ",1
11791,35620,"New York-Newark-Jersey City, NY-NJ",1
11792,35620,"New York-Newark-Jersey City, NY-NJ",1
11793,35620,"New York-Newark-Jersey City, NY-NJ",1
11794,35620,"New York-Newark-Jersey City, NY-NJ",1
11795,35620,"New York-Newark-Jersey City, NY-NJ",1
11796,35620,"New York-Newark-Jersey City, NY-NJ",1
11797,35620,"New York-Newark-Jersey City, NY-NJ",1
11798,35620,"New York-Newark-Jersey City, NY-NJ",1
11801,35620,"New York-Newark-Jersey City, NY-NJ",1
11803,35620,"New York-Newark-Jersey City, NY-NJ",1
11804,35620,"New York-Newark-Jersey City, NY-NJ",1
11901,35620,"New York-Newark-Jersey City, NY-NJ",1
11930,35620,"New York-Newark-Jersey City, NY-NJ",1
11931,35620,"New York-Newark-Jersey City, NY-NJ",1
11932,35620,"New York-Newark-Jersey City, NY-NJ",1
11933,35620,"New York-Newark-Jersey City, NY-NJ",1
11934,35620,"New York-Newark-Jersey City, NY-NJ",1
11935,35620,"New York-Newark-Jersey City, NY-NJ",1
11937,35620,"New York-Newark-Jersey City, NY-NJ",1
11939,35620,"New York-Newark-Jersey City, NY-NJ",1
11940,35620,"New York-Newark-Jersey City, NY-NJ",1
11941,35620,"New York-Newark-Jersey City, NY-NJ",1
11942,35620,"New York-Newark-Jersey City, NY-NJ",1
11944,35620,"New York-Newark-Jersey City, NY-NJ",1
11946,35620,"New York-Newark-Jersey City, NY-NJ",1
11947,35620,"New York-Newark-Jersey City, NY-NJ",1
11948,35620,"New York-Newark-Jersey City, NY-NJ",1
11949,35620,"New York-Newark-Jersey City, NY-NJ",1
11950,35620,"New York-Newark-Jersey City, NY-NJ",1
11951,35620,"New York-Newark-Jersey City, NY-NJ",1
11952,35620,"New York-Newark-Jersey City, NY-NJ",1
11953,35620,"New York-Newark-Jersey City, NY-NJ",1
11954,35620,"New York-Newark-Jersey City, NY-NJ",1
11955,35620,"New York-Newark-Jersey City, NY-NJ",1
11956,35620,"New York-Newark-Jersey City, NY-NJ",1
11957,35620,"New York-Newark-Jersey City, NY-NJ",1
11958,35620,"New York-Newark-Jersey City, NY-NJ",1
11959,35620,"New York-Newark-Jersey City, NY-NJ",1
11960,35620,"New York-Newark-Jersey City, NY-NJ",1
11961,35620,"New York-Newark-Jersey City, NY-NJ",1
11962,35620,"New York-Newark-Jersey City, NY-NJ",1
11963,35620,"New York-Newark-Jersey City, NY-NJ",1
11964,35620,"New York-Newark-Jersey City, NY-NJ",1
11965,35620,"New York-Newark-Jersey City, NY-NJ",1
11967,35620,"New York-Newark-Jersey City, NY-NJ",1
11968,35620,"New York-Newark-Jersey City, NY-NJ",1
11970,35620,"New York-Newark-Jersey City, NY-NJ",1
11971,35620,"New York-Newark-Jersey City, NY-NJ",1
11972,35620,"New York-Newark-Jersey City, NY-NJ",1
11973,35620,"New York-Newark-Jersey City, NY-NJ",1
11975,35620,"New York-Newark-Jersey City, NY-NJ",1
11976,35620,"New York-Newark-Jersey City, NY-NJ",1
11977,35620,"New York-Newark-Jersey City, NY-NJ",1
11978,35620,"New York-Newark-Jersey City, NY-NJ",1
11980,35620,"New York-Newark-Jersey City, NY-NJ",1
12007,10580,"Albany-Schenectady-Troy, NY",1
12008,10580,"Albany-Schenectady-Troy, NY",1
12009,10580,"Albany-Schenectady-Troy, NY",1
12010,11220,"Amsterdam, NY",0
12017,26460,"Hudson, NY",0
12018,10580,"Albany-Schenectady-Troy, NY",1
12019,10580,"Albany-Schenectady-Troy, NY",1
12020,10580,"Albany-Schenectady-Troy, NY",1
12022,10580,"Albany-Schenectady-Troy, NY",1
12023,10580,"Albany-Schenectady-Troy, NY",1
12024,26460,"Hudson, NY",0
12025,24100,"Gloversville, NY",0
12027,10580,"Albany-Schenectady-Troy, NY",1
12028,24020,"Glens Falls, NY",1
12029,26460,"Hudson, NY",0
12031,10580,"Albany-Schenectady-Troy, NY",1
12033,10580,"Albany-Schenectady-Troy, NY",1
12035,10580,"Albany-Schenectady-Troy, NY",1
12036,10580,"Albany-Schenectady-Troy, NY",1
12037,26460,"Hudson, NY",0
12040,10580,"Albany-Schenectady-Troy, NY",1
12041,10580,"Albany-Schenectady-Troy, NY",1
12043,10580,"Albany-Schenectady-Troy, NY",1
12045,10580,"Albany-Schenectady-Troy, NY",1
12046,10580,"Albany-Schenectady-Troy, NY",1
12047,10580,"Albany-Schenectady-Troy, NY",1
12052,10580,"Albany-Schenectady-Troy, NY",1
12053,10580,"Albany-Schenectady-Troy, NY",1
12054,10580,"Albany-Schenectady-Troy, NY",1
12056,10580,"Albany-Schenectady-Troy, NY",1
12057,24020,"Glens Falls, NY",1
12059,10580,"Albany-Schenectady-Troy, NY",1
12060,26460,"Hudson, NY",0
12061,10580,"Albany-Schenectady-Troy, NY",1
12062,10580,"Albany-Schenectady-Troy, NY",1
12063,10580,"Albany-Schenectady-Troy, NY",1
12064,36580,"Oneonta, NY",0
12065,10580,"Albany-Schenectady-Troy, NY",1
12066,11220,"Amsterdam, NY",0
12067,10580,"Albany-Schenectady-Troy, NY",1
12068,11220,"Amsterdam, NY",0
12069,11220,"Amsterdam, NY",0
12070,11220,"Amsterdam, NY",0
12071,10580,"Albany-Schenectady-Troy, NY",1
12072,11220,"Amsterdam, NY",0
12074,10580,"Albany-Schenectady-Troy, NY",1
12075,26460,"Hudson, NY",0
12076,10580,"Albany-Schenectady-Troy, NY",1
12077,10580,"Albany-Schenectady-Troy, NY",1
12078,24100,"Gloversville, NY",0
12082,10580,"Albany-Schenectady-Troy, NY",1
12084,10580,"Albany-Schenectady-Troy, NY",1
12085,10580,"Albany-Schenectady-Troy, NY",1
12086,10580,"Albany-Schenectady-Troy, NY",1
12090,10580,"Albany-Schenectady-Troy, NY",1
12092,10580,"Albany-Schenectady-Troy, NY",1
12093,10580,"Albany-Schenectady-Troy, NY",1
12094,10580,"Albany-Schenectady-Troy, NY",1
12095,24100,"Gloversville, NY",0
12106,26460,"Hudson, NY",0
12110,10580,"Albany-Schenectady-Troy, NY",1
12115,26460,"Hudson, NY",0
12116,36580,"Oneonta, NY",0
12117,24100,"Gloversville, NY",0
12118,10580,"Albany-Schenectady-Troy, NY",1
12120,10580,"Albany-Schenectady-Troy, NY",1
12121,10580,"Albany-Schenectady-Troy, NY",1
12122,10580,"Albany-Schenectady-Troy, NY",1
12123,10580,"Albany-Schenectady-Troy, NY",1
12125,26460,"Hudson, NY",0
12130,26460,"Hudson, NY",0
12131,10580,"Albany-Schenectady-Troy, NY",1
12132,26460,"Hudson, NY",0
12136,26460,"Hudson, NY",0
12137,10580,"Albany-Schenectady-Troy, NY",1
12138,10580,"Albany-Schenectady-Troy, NY",1
12140,10580,"Albany-Schenectady-Troy, NY",1
12143,10580,"Albany-Schenectady-Troy, NY",1
12144,10580,"Albany-Schenectady-Troy, NY",1
12147,10580,"Albany-Schenectady-Troy, NY",1
12148,10580,"Albany-Schenectady-Troy, NY",1
12149,10580,"Albany-Schenectady-Troy, NY",1
12150,10580,"Albany-Schenectady-Troy, NY",1
12151,10580,"Albany-Schenectady-Troy, NY",1
12153,10580,"Albany-Schenectady-Troy, NY",1
12154,10580,"Albany-Schenectady-Troy, NY",1
12155,36580,"Oneonta, NY",0
12156,10580,"Albany-Schenectady-Troy, NY",1
12157,10580,"Albany-Schenectady-Troy, NY",1
12158,10580,"Albany-Schenectady-Troy, NY",1
12159,10580,"Albany-Schenectady-Troy, NY",1
12160,10580,"Albany-Schenectady-Troy, NY",1
12161,10580,"Albany-Schenectady-Troy, NY",1
12165,26460,"Hudson, NY",0
12166,11220,"Amsterdam, NY",0
12167,10580,"Albany-Schenectady-Troy, NY",1
12168,10580,"Albany-Schenectady-Troy, NY",1
12169,10580,"Albany-Schenectady-Troy, NY",1
12170,10580,"Albany-Schenectady-Troy, NY",1
12172,26460,"Hudson, NY",0
12173,26460,"Hudson, NY",0
12174,26460,"Hudson, NY",0
12175,10580,"Albany-Schenectady-Troy, NY",1
12177,11220,"Amsterdam, NY",0
12180,10580,"Albany-Schenectady-Troy, NY",1
12182,10580,"Albany-Schenectady-Troy, NY",1
12183,10580,"Albany-Schenectady-Troy, NY",1
12184,26460,"Hudson, NY",0
12185,10580,"Albany-Schenectady-Troy, NY",1
12186,10580,"Albany-Schenectady-Troy, NY",1
12187,10580,"Albany-Schenectady-Troy, NY",1
12188,10580,"Albany-Schenectady-Troy, NY",1
12189,10580,"Albany-Schenectady-Troy, NY",1
12193,10580,"Albany-Schenectady-Troy, NY",1
12194,10580,"Albany-Schenectady-Troy, NY",1
12195,26460,"Hudson, NY",0
12196,10580,"Albany-Schenectady-Troy, NY",1
12197,36580,"Oneonta, NY",0
12198,10580,"Albany-Schenectady-Troy, NY",1
12202,10580,"Albany-Schenectady-Troy, NY",1
12203,10580,"Albany-Schenectady-Troy, NY",1
12204,10580,"Albany-Schenectady-Troy, NY",1
12205,10580,"Albany-Schenectady-Troy, NY",1
12206,10580,"Albany-Schenectady-Troy, NY",1
12207,10580,"Albany-Schenectady-Troy, NY",1
12208,10580,"Albany-Schenectady-Troy, NY",1
12209,10580,"Albany-Schenectady-Troy, NY",1
12210,10580,"Albany-Schenectady-Troy, NY",1
12211,10580,"Albany-Schenectady-Troy, NY",1
12222,10580,"Albany-Schenectady-Troy, NY",1
12226,10580,"Albany-Schenectady-Troy, NY",1
12302,10580,"Albany-Schenectady-Troy, NY",1
12303,10580,"Albany-Schenectady-Troy, NY",1
12304,10580,"Albany-Schenectady-Troy, NY",1
12305,10580,"Albany-Schenectady-Troy, NY",1
12306,10580,"Albany-Schenectady-Troy, NY",1
12307,10580,"Albany-Schenectady-Troy, NY",1
12308,10580,"Albany-Schenectady-Troy, NY",1
12309,10580,"Albany-Schenectady-Troy, NY",1
12401,28740,"Kingston, NY",1
12404,28740,"Kingston, NY",1
12406,28740,"Kingston, NY",1
12409,28740,"Kingston, NY",1
12410,28740,"Kingston, NY",1
12411,28740,"Kingston, NY",1
12412,28740,"Kingston, NY",1
12416,28740,"Kingston, NY",1
12417,28740,"Kingston, NY",1
12419,28740,"Kingston, NY",1
12420,28740,"Kingston, NY",1
12428,28740,"Kingston, NY",1
12429,28740,"Kingston, NY",1
12432,28740,"Kingston, NY",1
12433,28740,"Kingston, NY",1
12435,28740,"Kingston, NY",1
12440,28740,"Kingston, NY",1
12443,28740,"Kingston, NY",1
12446,28740,"Kingston, NY",1
12448,28740,"Kingston, NY",1
12449,28740,"Kingston, NY",1
12453,28740,"Kingston, NY",1
12456,28740,"Kingston, NY",1
12457,28740,"Kingston, NY",1
12458,28740,"Kingston, NY",1
12460,10580,"Albany-Schenectady-Troy, NY",1
12461,28740,"Kingston, NY",1
12464,28740,"Kingston, NY",1
12465,28740,"Kingston, NY",1
12466,28740,"Kingston, NY",1
12469,10580,"Albany-Schenectady-Troy, NY",1
12471,28740,"Kingston, NY",1
12472,28740,"Kingston, NY",1
12475,28740,"Kingston, NY",1
12477,28740,"Kingston, NY",1
12481,28740,"Kingston, NY",1
12483,33910,"Monticello, NY",0
12484,28740,"Kingston, NY",1
12486,28740,"Kingston, NY",1
12487,28740,"Kingston, NY",1
12489,28740,"Kingston, NY",1
12490,28740,"Kingston, NY",1
12491,28740,"Kingston, NY",1
12493,28740,"Kingston, NY",1
12494,28740,"Kingston, NY",1
12495,28740,"Kingston, NY",1
12498,28740,"Kingston, NY",1
12501,28880,"Kiryas Joel-Poughkeepsie-Newburgh, NY",1
12502,26460,"Hudson, NY",0
12503,26460,"Hudson, NY",0
12504,28880,"Kiryas Joel-Poughkeepsie-Newburgh, NY",1
12507,28880,"Kiryas Joel-Poughkeepsie-Newburgh, NY",1
12508,28880,"Kiryas Joel-Poughkeepsie-Newburgh, NY",1
12512,28880,"Kiryas Joel-Poughkeepsie-Newburgh, NY",1
12513,26460,"Hudson, NY",0
12514,28880,"Kiryas Joel-Poughkeepsie-Newburgh, NY",1
12515,28740,"Kingston, NY",1
12516,26460,"Hudson, NY",0
12517,26460,"Hudson, NY",0
12518,28880,"Kiryas Joel-Poughkeepsie-Newburgh, NY",1
12520,28880,"Kiryas Joel-Poughkeepsie-Newburgh, NY",1
12521,26460,"Hudson, NY",0
12522,28880,"Kiryas Joel-Poughkeepsie-Newburgh, NY",1
12523,26460,"Hudson, NY",0
12524,28880,"Kiryas Joel-Poughkeepsie-Newburgh, NY",1
12525,28740,"Kingston, NY",1
12526,26460,"Hudson, NY",0
12527,28880,"Kiryas Joel-Poughkeepsie-Newburgh, NY",1
12528,28740,"Kingston, NY",1
12529,26460,"Hudson, NY",0
12530,26460,"Hudson, NY",0
12531,28880,"Kiryas Joel-Poughkeepsie-Newburgh, NY",1
12533,28880,"Kiryas Joel-Poughkeepsie-Newburgh, NY",1
12534,26460,"Hudson, NY",0
12538,28880,"Kiryas Joel-Poughkeepsie-Newburgh, NY",1
12540,28880,"Kiryas Joel-Poughkeepsie-Newburgh, NY",1
12542,28740,"Kingston, NY",1
12543,28880,"Kiryas Joel-Poughkeepsie-Newburgh, NY",1
12544,26460,"Hudson, NY",0
12545,28880,"Kiryas Joel-Poughkeepsie-Newburgh, NY",1
12546,28880,"Kiryas Joel-Poughkeepsie-Newburgh, NY",1
12547,28740,"Kingston, NY",1
12548,28740,"Kingston, NY",1
12549,28880,"Kiryas Joel-Poughkeepsie-Newburgh, NY",1
12550,28880,"Kiryas Joel-Poughkeepsie-Newburgh, NY",1
12553,28880,"Kiryas Joel-Poughkeepsie-Newburgh, NY",1
12561,28740,"Kingston, NY",1
12563,35620,"New York-Newark-Jersey City, NY-NJ",1
12564,28880,"Kiryas Joel-Poughkeepsie-Newburgh, NY",1
12565,26460,"Hudson, NY",0
12566,28740,"Kingston, NY",1
12567,28880,"Kiryas Joel-Poughkeepsie-Newburgh, NY",1
12569,28880,"Kiryas Joel-Poughkeepsie-Newburgh, NY",1
12570,28880,"Kiryas Joel-Poughkeepsie-Newburgh, NY",1
12571,28880,"Kiryas Joel-Poughkeepsie-Newburgh, NY",1
12572,28880,"Kiryas Joel-Poughkeepsie-Newburgh, NY",1
12574,28880,"Kiryas Joel-Poughkeepsie-Newburgh, NY",1
12575,28880,"Kiryas Joel-Poughkeepsie-Newburgh, NY",1
12577,28880,"Kiryas Joel-Poughkeepsie-Newburgh, NY",1
12578,28880,"Kiryas Joel-Poughkeepsie-Newburgh, NY",1
12580,28880,"Kiryas Joel-Poughkeepsie-Newburgh, NY",1
12581,28880,"Kiryas Joel-Poughkeepsie-Newburgh, NY",1
12582,28880,"Kiryas Joel-Poughkeepsie-Newburgh, NY",1
12583,28880,"Kiryas Joel-Poughkeepsie-Newburgh, NY",1
12585,28880,"Kiryas Joel-Poughkeepsie-Newburgh, NY",1
12586,28880,"Kiryas Joel-Poughkeepsie-Newburgh, NY",1
12589,28740,"Kingston, NY",1
12590,28880,"Kiryas Joel-Poughkeepsie-Newburgh, NY",1
12592,28880,"Kiryas Joel-Poughkeepsie-Newburgh, NY",1
12594,28880,"Kiryas Joel-Poughkeepsie-Newburgh, NY",1
12601,28880,"Kiryas Joel-Poughkeepsie-Newburgh, NY",1
12603,28880,"Kiryas Joel-Poughkeepsie-Newburgh, NY",1
12604,28880,"Kiryas Joel-Poughkeepsie-Newburgh, NY",1
12701,33910,"Monticello, NY",0
12719,33910,"Monticello, NY",0
12720,33910,"Monticello, NY",0
12721,33910,"Monticello, NY",0
12722,33910,"Monticello, NY",0
12723,33910,"Monticello, NY",0
12724,33910,"Monticello, NY",0
12725,28740,"Kingston, NY",1
12726,33910,"Monticello, NY",0
12729,28880,"Kiryas Joel-Poughkeepsie-Newburgh, NY",1
12732,33910,"Monticello, NY",0
12733,33910,"Monticello, NY",0
12734,33910,"Monticello, NY",0
12736,33910,"Monticello, NY",0
12737,33910,"Monticello, NY",0
12738,33910,"Monticello, NY",0
12740,28740,"Kingston, NY",1
12741,33910,"Monticello, NY",0
12742,33910,"Monticello, NY",0
12743,33910,"Monticello, NY",0
12745,33910,"Monticello, NY",0
12746,28880,"Kiryas Joel-Poughkeepsie-Newburgh, NY",1
12747,33910,"Monticello, NY",0
12748,33910,"Monticello, NY",0
12749,33910,"Monticello, NY",0
12750,33910,"Monticello, NY",0
12751,33910,"Monticello, NY",0
12752,33910,"Monticello, NY",0
12754,33910,"Monticello, NY",0
12758,33910,"Monticello, NY",0
12759,33910,"Monticello, NY",0
12762,33910,"Monticello, NY",0
12763,33910,"Monticello, NY",0
12764,33910,"Monticello, NY",0
12765,33910,"Monticello, NY",0
12766,33910,"Monticello, NY",0
12767,33910,"Monticello, NY",0
12768,33910,"Monticello, NY",0
12769,33910,"Monticello, NY",0
12770,33910,"Monticello, NY",0
12771,28880,"Kiryas Joel-Poughkeepsie-Newburgh, NY",1
12775,33910,"Monticello, NY",0
12777,33910,"Monticello, NY",0
12778,33910,"Monticello, NY",0
12779,33910,"Monticello, NY",0
12780,28880,"Kiryas Joel-Poughkeepsie-Newburgh, NY",1
12781,33910,"Monticello, NY",0
12783,33910,"Monticello, NY",0
12784,33910,"Monticello, NY",0
12785,33910,"Monticello, NY",0
12786,33910,"Monticello, NY",0
12787,33910,"Monticello, NY",0
12788,33910,"Monticello, NY",0
12789,33910,"Monticello, NY",0
12790,33910,"Monticello, NY",0
12791,33910,"Monticello, NY",0
12792,33910,"Monticello, NY",0
12801,24020,"Glens Falls, NY",1
12803,10580,"Albany-Schenectady-Troy, NY",1
12804,24020,"Glens Falls, NY",1
12808,24020,"Glens Falls, NY",1
12809,24020,"Glens Falls, NY",1
12810,24020,"Glens Falls, NY",1
12811,24020,"Glens Falls, NY",1
12814,24020,"Glens Falls, NY",1
12815,24020,"Glens Falls, NY",1
12816,24020,"Glens Falls, NY",1
12817,24020,"Glens Falls, NY",1
12819,24020,"Glens Falls, NY",1
12820,24020,"Glens Falls, NY",1
12821,24020,"Glens Falls, NY",1
12822,10580,"Albany-Schenectady-Troy, NY",1
12823,24020,"Glens Falls, NY",1
12824,24020,"Glens Falls, NY",1
12827,24020,"Glens Falls, NY",1
12828,24020,"Glens Falls, NY",1
12831,10580,"Albany-Schenectady-Troy, NY",1
12832,24020,"Glens Falls, NY",1
12833,10580,"Albany-Schenectady-Troy, NY",1
12834,24020,"Glens Falls, NY",1
12835,10580,"Albany-Schenectady-Troy, NY",1
12836,24020,"Glens Falls, NY",1
12837,24020,"Glens Falls, NY",1
12838,24020,"Glens Falls, NY",1
12839,24020,"Glens Falls, NY",1
12841,24020,"Glens Falls, NY",1
12843,24020,"Glens Falls, NY",1
12844,24020,"Glens Falls, NY",1
12845,24020,"Glens Falls, NY",1
12846,24020,"Glens Falls, NY",1
12849,24020,"Glens Falls, NY",1
12850,10580,"Albany-Schenectady-Troy, NY",1
12853,24020,"Glens Falls, NY",1
12854,24020,"Glens Falls, NY",1
12856,24020,"Glens Falls, NY",1
12859,10580,"Albany-Schenectady-Troy, NY",1
12860,24020,"Glens Falls, NY",1
12861,24020,"Glens Falls, NY",1
12862,24020,"Glens Falls, NY",1
12863,10580,"Albany-Schenectady-Troy, NY",1
12865,24020,"Glens Falls, NY",1
12866,10580,"Albany-Schenectady-Troy, NY",1
12871,10580,"Albany-Schenectady-Troy, NY",1
12873,24020,"Glens Falls, NY",1
12874,24020,"Glens Falls, NY",1
12878,24020,"Glens Falls, NY",1
12884,10580,"Albany-Schenectady-Troy, NY",1
12885,24020,"Glens Falls, NY",1
12886,24020,"Glens Falls, NY",1
12887,24020,"Glens Falls, NY",1
12901,38460,"Plattsburgh, NY",0
12903,38460,"Plattsburgh, NY",0
12910,38460,"Plattsburgh, NY",0
12911,38460,"Plattsburgh, NY",0
12912,38460,"Plattsburgh, NY",0
12918,38460,"Plattsburgh, NY",0
12919,38460,"Plattsburgh, NY",0
12921,38460,"Plattsburgh, NY",0
12922,32390,"Massena-Ogdensburg, NY",0
12923,38460,"Plattsburgh, NY",0
12924,38460,"Plattsburgh, NY",0
12927,32390,"Massena-Ogdensburg, NY",0
12929,38460,"Plattsburgh, NY",0
12933,38460,"Plattsburgh, NY",0
12934,38460,"Plattsburgh, NY",0
12935,38460,"Plattsburgh, NY",0
12952,38460,"Plattsburgh, NY",0
12955,38460,"Plattsburgh, NY",0
12958,38460,"Plattsburgh, NY",0
12959,38460,"Plattsburgh, NY",0
12962,38460,"Plattsburgh, NY",0
12965,32390,"Massena-Ogdensburg, NY",0
12967,32390,"Massena-Ogdensburg, NY",0
12972,38460,"Plattsburgh, NY",0
12973,32390,"Massena-Ogdensburg, NY",0
12978,38460,"Plattsburgh, NY",0
12979,38460,"Plattsburgh, NY",0
12981,38460,"Plattsburgh, NY",0
12985,38460,"Plattsburgh, NY",0
12992,38460,"Plattsburgh, NY",0
13020,45060,"Syracuse, NY",1
13021,12180,"Auburn, NY",0
13024,12180,"Auburn, NY",0
13026,12180,"Auburn, NY",0
13027,45060,"Syracuse, NY",1
13028,45060,"Syracuse, NY",1
13029,45060,"Syracuse, NY",1
13030,45060,"Syracuse, NY",1
13031,45060,"Syracuse, NY",1
13032,45060,"Syracuse, NY",1
13033,12180,"Auburn, NY",0
13034,12180,"Auburn, NY",0
13035,45060,"Syracuse, NY",1
13036,45060,"Syracuse, NY",1
13037,45060,"Syracuse, NY",1
13039,45060,"Syracuse, NY",1
13040,18660,"Cortland, NY",0
13041,45060,"Syracuse, NY",1
13042,46540,"Utica-Rome, NY",1
13044,45060,"Syracuse, NY",1
13045,18660,"Cortland, NY",0
13051,45060,"Syracuse, NY",1
13052,45060,"Syracuse, NY",1
13053,27060,"Ithaca, NY",1
13054,46540,"Utica-Rome, NY",1
13057,45060,"Syracuse, NY",1
13060,45060,"Syracuse, NY",1
13061,45060,"Syracuse, NY",1
13062,27060,"Ithaca, NY",1
13063,45060,"Syracuse, NY",1
13065,42900,"Seneca Falls, NY",0
13066,45060,"Syracuse, NY",1
13068,27060,"Ithaca, NY",1
13069,45060,"Syracuse, NY",1
13071,12180,"Auburn, NY",0
13072,45060,"Syracuse, NY",1
13073,27060,"Ithaca, NY",1
13074,45060,"Syracuse, NY",1
13076,45060,"Syracuse, NY",1
13077,18660,"Cortland, NY",0
13078,45060,"Syracuse, NY",1
13080,45060,"Syracuse, NY",1
13081,12180,"Auburn, NY",0
13082,45060,"Syracuse, NY",1
13083,45060,"Syracuse, NY",1
13084,45060,"Syracuse, NY",1
13087,18660,"Cortland, NY",0
13088,45060,"Syracuse, NY",1
13090,45060,"Syracuse, NY",1
13092,12180,"Auburn, NY",0
13101,18660,"Cortland, NY",0
13102,27060,"Ithaca, NY",1
13103,45060,"Syracuse, NY",1
13104,45060,"Syracuse, NY",1
13108,45060,"Syracuse, NY",1
13110,45060,"Syracuse, NY",1
13111,12180,"Auburn, NY",0
13112,45060,"Syracuse, NY",1
13113,12180,"Auburn, NY",0
13114,45060,"Syracuse, NY",1
13115,45060,"Syracuse, NY",1
13116,45060,"Syracuse, NY",1
13117,12180,"Auburn, NY",0
13118,12180,"Auburn, NY",0
13119,45060,"Syracuse, NY",1
13120,45060,"Syracuse, NY",1
13121,45060,"Syracuse, NY",1
13122,45060,"Syracuse, NY",1
13123,46540,"Utica-Rome, NY",1
13126,45060,"Syracuse, NY",1
13131,45060,"Syracuse, NY",1
13132,45060,"Syracuse, NY",1
13134,45060,"Syracuse, NY",1
13135,45060,"Syracuse, NY",1
13138,45060,"Syracuse, NY",1
13140,12180,"Auburn, NY",0
13141,18660,"Cortland, NY",0
13142,45060,"Syracuse, NY",1
13143,40380,"Rochester, NY",1
13144,45060,"Syracuse, NY",1
13145,45060,"Syracuse, NY",1
13146,40380,"Rochester, NY",1
13147,12180,"Auburn, NY",0
13148,42900,"Seneca Falls, NY",0
13152,45060,"Syracuse, NY",1
13153,45060,"Syracuse, NY",1
13154,40380,"Rochester, NY",1
13156,12180,"Auburn, NY",0
13157,46540,"Utica-Rome, NY",1
13158,18660,"Cortland, NY",0
13159,45060,"Syracuse, NY",1
13160,12180,"Auburn, NY",0
13162,46540,"Utica-Rome, NY",1
13163,45060,"Syracuse, NY",1
13164,45060,"Syracuse, NY",1
13165,42900,"Seneca Falls, NY",0
13166,12180,"Auburn, NY",0
13167,45060,"Syracuse, NY",1
13202,45060,"Syracuse, NY",1
13203,45060,"Syracuse, NY",1
13204,45060,"Syracuse, NY",1
13205,45060,"Syracuse, NY",1
13206,45060,"Syracuse, NY",1
13207,45060,"Syracuse, NY",1
13208,45060,"Syracuse, NY",1
13209,45060,"Syracuse, NY",1
13210,45060,"Syracuse, NY",1
13211,45060,"Syracuse, NY",1
13212,45060,"Syracuse, NY",1
13214,45060,"Syracuse, NY",1
13215,45060,"Syracuse, NY",1
13219,45060,"Syracuse, NY",1
13224,45060,"Syracuse, NY",1
13244,45060,"Syracuse, NY",1
13290,45060,"Syracuse, NY",1
13301,46540,"Utica-Rome, NY",1
13302,45060,"Syracuse, NY",1
13303,46540,"Utica-Rome, NY",1
13304,46540,"Utica-Rome, NY",1
13308,46540,"Utica-Rome, NY",1
13309,46540,"Utica-Rome, NY",1
13310,45060,"Syracuse, NY",1
13313,46540,"Utica-Rome, NY",1
13314,45060,"Syracuse, NY",1
13315,36580,"Oneonta, NY",0
13316,46540,"Utica-Rome, NY",1
13317,11220,"Amsterdam, NY",0
13318,46540,"Utica-Rome, NY",1
13319,46540,"Utica-Rome, NY",1
13320,36580,"Oneonta, NY",0
13321,46540,"Utica-Rome, NY",1
13322,46540,"Utica-Rome, NY",1
13323,46540,"Utica-Rome, NY",1
13324,46540,"Utica-Rome, NY",1
13326,36580,"Oneonta, NY",0
13328,46540,"Utica-Rome, NY",1
13329,24100,"Gloversville, NY",0
13331,46540,"Utica-Rome, NY",1
13332,45060,"Syracuse, NY",1
13333,36580,"Oneonta, NY",0
13334,45060,"Syracuse, NY",1
13335,36580,"Oneonta, NY",0
13337,36580,"Oneonta, NY",0
13338,46540,"Utica-Rome, NY",1
13339,11220,"Amsterdam, NY",0
13340,46540,"Utica-Rome, NY",1
13342,36580,"Oneonta, NY",0
13346,45060,"Syracuse, NY",1
13348,36580,"Oneonta, NY",0
13350,46540,"Utica-Rome, NY",1
13352,46540,"Utica-Rome, NY",1
13354,46540,"Utica-Rome, NY",1
13355,45060,"Syracuse, NY",1
13357,46540,"Utica-Rome, NY",1
13361,46540,"Utica-Rome, NY",1
13363,46540,"Utica-Rome, NY",1
13364,45060,"Syracuse, NY",1
13365,46540,"Utica-Rome, NY",1
13402,45060,"Syracuse, NY",1
13403,46540,"Utica-Rome, NY",1
13406,46540,"Utica-Rome, NY",1
13407,46540,"Utica-Rome, NY",1
13408,45060,"Syracuse, NY",1
13409,45060,"Syracuse, NY",1
13410,11220,"Amsterdam, NY",0
13411,36580,"Oneonta, NY",0
13413,46540,"Utica-Rome, NY",1
13415,36580,"Oneonta, NY",0
13416,46540,"Utica-Rome, NY",1
13417,46540,"Utica-Rome, NY",1
13418,45060,"Syracuse, NY",1
13420,46540,"Utica-Rome, NY",1
13421,45060,"Syracuse, NY",1
13424,46540,"Utica-Rome, NY",1
13425,46540,"Utica-Rome, NY",1
13428,11220,"Amsterdam, NY",0
13431,46540,"Utica-Rome, NY",1
13435,46540,"Utica-Rome, NY",1
13437,45060,"Syracuse, NY",1
13438,46540,"Utica-Rome, NY",1
13439,36580,"Oneonta, NY",0
13440,46540,"Utica-Rome, NY",1
13441,46540,"Utica-Rome, NY",1
13450,36580,"Oneonta, NY",0
13452,24100,"Gloversville, NY",0
13454,46540,"Utica-Rome, NY",1
13455,46540,"Utica-Rome, NY",1
13456,46540,"Utica-Rome, NY",1
13457,36580,"Oneonta, NY",0
13459,10580,"Albany-Schenectady-Troy, NY",1
13461,46540,"Utica-Rome, NY",1
13468,36580,"Oneonta, NY",0
13469,46540,"Utica-Rome, NY",1
13470,24100,"Gloversville, NY",0
13471,46540,"Utica-Rome, NY",1
13472,46540,"Utica-Rome, NY",1
13475,46540,"Utica-Rome, NY",1
13476,46540,"Utica-Rome, NY",1
13477,46540,"Utica-Rome, NY",1
13478,46540,"Utica-Rome, NY",1
13480,46540,"Utica-Rome, NY",1
13482,36580,"Oneonta, NY",0
13483,46540,"Utica-Rome, NY",1
13484,45060,"Syracuse, NY",1
13485,45060,"Syracuse, NY",1
13486,46540,"Utica-Rome, NY",1
13488,36580,"Oneonta, NY",0
13490,46540,"Utica-Rome, NY",1
13491,36580,"Oneonta, NY",0
13492,46540,"Utica-Rome, NY",1
13493,45060,"Syracuse, NY",1
13494,46540,"Utica-Rome, NY",1
13495,46540,"Utica-Rome, NY",1
13501,46540,"Utica-Rome, NY",1
13502,46540,"Utica-Rome, NY",1
13601,48060,"Watertown-Fort Drum, NY",1
13602,48060,"Watertown-Fort Drum, NY",1
13603,48060,"Watertown-Fort Drum, NY",1
13605,48060,"Watertown-Fort Drum, NY",1
13606,48060,"Watertown-Fort Drum, NY",1
13607,48060,"Watertown-Fort Drum, NY",1
13608,48060,"Watertown-Fort Drum, NY",1
13611,48060,"Watertown-Fort Drum, NY",1
13612,48060,"Watertown-Fort Drum, NY",1
13613,32390,"Massena-Ogdensburg, NY",0
13614,32390,"Massena-Ogdensburg, NY",0
13615,48060,"Watertown-Fort Drum, NY",1
13616,48060,"Watertown-Fort Drum, NY",1
13617,32390,"Massena-Ogdensburg, NY",0
13618,48060,"Watertown-Fort Drum, NY",1
13619,48060,"Watertown-Fort Drum, NY",1
13621,32390,"Massena-Ogdensburg, NY",0
13622,48060,"Watertown-Fort Drum, NY",1
13623,32390,"Massena-Ogdensburg, NY",0
13624,48060,"Watertown-Fort Drum, NY",1
13625,32390,"Massena-Ogdensburg, NY",0
13628,48060,"Watertown-Fort Drum, NY",1
13630,32390,"Massena-Ogdensburg, NY",0
13632,48060,"Watertown-Fort Drum, NY",1
13633,32390,"Massena-Ogdensburg, NY",0
13634,48060,"Watertown-Fort Drum, NY",1
13635,32390,"Massena-Ogdensburg, NY",0
13636,48060,"Watertown-Fort Drum, NY",1
13637,48060,"Watertown-Fort Drum, NY",1
13638,48060,"Watertown-Fort Drum, NY",1
13639,32390,"Massena-Ogdensburg, NY",0
13640,48060,"Watertown-Fort Drum, NY",1
13641,48060,"Watertown-Fort Drum, NY",1
13642,32390,"Massena-Ogdensburg, NY",0
13643,48060,"Watertown-Fort Drum, NY",1
13645,32390,"Massena-Ogdensburg, NY",0
13646,32390,"Massena-Ogdensburg, NY",0
13647,32390,"Massena-Ogdensburg, NY",0
13649,32390,"Massena-Ogdensburg, NY",0
13650,48060,"Watertown-Fort Drum, NY",1
13651,48060,"Watertown-Fort Drum, NY",1
13652,32390,"Massena-Ogdensburg, NY",0
13654,32390,"Massena-Ogdensburg, NY",0
13656,48060,"Watertown-Fort Drum, NY",1
13658,32390,"Massena-Ogdensburg, NY",0
13659,48060,"Watertown-Fort Drum, NY",1
13660,32390,"Massena-Ogdensburg, NY",0
13661,48060,"Watertown-Fort Drum, NY",1
13662,32390,"Massena-Ogdensburg, NY",0
13664,32390,"Massena-Ogdensburg, NY",0
13666,32390,"Massena-Ogdensburg, NY",0
13667,32390,"Massena-Ogdensburg, NY",0
13668,32390,"Massena-Ogdensburg, NY",0
13669,32390,"Massena-Ogdensburg, NY",0
13670,32390,"Massena-Ogdensburg, NY",0
13672,32390,"Massena-Ogdensburg, NY",0
13673,48060,"Watertown-Fort Drum, NY",1
13674,48060,"Watertown-Fort Drum, NY",1
13675,48060,"Watertown-Fort Drum, NY",1
13676,32390,"Massena-Ogdensburg, NY",0
13678,32390,"Massena-Ogdensburg, NY",0
13679,48060,"Watertown-Fort Drum, NY",1
13680,32390,"Massena-Ogdensburg, NY",0
13681,32390,"Massena-Ogdensburg, NY",0
13682,48060,"Watertown-Fort Drum, NY",1
13683,32390,"Massena-Ogdensburg, NY",0
13684,32390,"Massena-Ogdensburg, NY",0
13685,48060,"Watertown-Fort Drum, NY",1
13687,32390,"Massena-Ogdensburg, NY",0
13690,32390,"Massena-Ogdensburg, NY",0
13691,48060,"Watertown-Fort Drum, NY",1
13692,48060,"Watertown-Fort Drum, NY",1
13693,48060,"Watertown-Fort Drum, NY",1
13694,32390,"Massena-Ogdensburg, NY",0
13695,32390,"Massena-Ogdensburg, NY",0
13696,32390,"Massena-Ogdensburg, NY",0
13697,32390,"Massena-Ogdensburg, NY",0
13699,32390,"Massena-Ogdensburg, NY",0
13732,13780,"Binghamton, NY",1
13734,13780,"Binghamton, NY",1
13736,13780,"Binghamton, NY",1
13738,18660,"Cortland, NY",0
13743,13780,"Binghamton, NY",1
13744,13780,"Binghamton, NY",1
13746,13780,"Binghamton, NY",1
13747,36580,"Oneonta, NY",0
13748,13780,"Binghamton, NY",1
13754,13780,"Binghamton, NY",1
13760,13780,"Binghamton, NY",1
13776,36580,"Oneonta, NY",0
13777,13780,"Binghamton, NY",1
13784,18660,"Cortland, NY",0
13787,13780,"Binghamton, NY",1
13790,13780,"Binghamton, NY",1
13795,13780,"Binghamton, NY",1
13796,36580,"Oneonta, NY",0
13797,13780,"Binghamton, NY",1
13802,13780,"Binghamton, NY",1
13803,18660,"Cortland, NY",0
13807,36580,"Oneonta, NY",0
13808,36580,"Oneonta, NY",0
13809,36580,"Oneonta, NY",0
13810,36580,"Oneonta, NY",0
13811,13780,"Binghamton, NY",1
13812,13780,"Binghamton, NY",1
13813,13780,"Binghamton, NY",1
13820,36580,"Oneonta, NY",0
13825,36580,"Oneonta, NY",0
13826,13780,"Binghamton, NY",1
13827,13780,"Binghamton, NY",1
13833,13780,"Binghamton, NY",1
13834,36580,"Oneonta, NY",0
13835,13780,"Binghamton, NY",1
13843,36580,"Oneonta, NY",0
13849,36580,"Oneonta, NY",0
13850,13780,"Binghamton, NY",1
13859,36580,"Oneonta, NY",0
13861,36580,"Oneonta, NY",0
13862,13780,"Binghamton, NY",1
13863,18660,"Cortland, NY",0
13864,13780,"Binghamton, NY",1
13865,13780,"Binghamton, NY",1
13901,13780,"Binghamton, NY",1
13902,13780,"Binghamton, NY",1
13903,13780,"Binghamton, NY",1
13904,13780,"Binghamton, NY",1
13905,13780,"Binghamton, NY",1
14001,15380,"Buffalo-Cheektowaga, NY",1
14004,15380,"Buffalo-Cheektowaga, NY",1
14005,12860,"Batavia, NY",0
14006,15380,"Buffalo-Cheektowaga, NY",1
14008,15380,"Buffalo-Cheektowaga, NY",1
14012,15380,"Buffalo-Cheektowaga, NY",1
14013,12860,"Batavia, NY",0
14020,12860,"Batavia, NY",0
14025,15380,"Buffalo-Cheektowaga, NY",1
14026,15380,"Buffalo-Cheektowaga, NY",1
14027,15380,"Buffalo-Cheektowaga, NY",1
14028,15380,"Buffalo-Cheektowaga, NY",1
14030,15380,"Buffalo-Cheektowaga, NY",1
14031,15380,"Buffalo-Cheektowaga, NY",1
14032,15380,"Buffalo-Cheektowaga, NY",1
14033,15380,"Buffalo-Cheektowaga, NY",1
14034,15380,"Buffalo-Cheektowaga, NY",1
14035,15380,"Buffalo-Cheektowaga, NY",1
14036,12860,"Batavia, NY",0
14040,12860,"Batavia, NY",0
14041,36460,"Olean, NY",0
14042,36460,"Olean, NY",0
14043,15380,"Buffalo-Cheektowaga, NY",1
14047,15380,"Buffalo-Cheektowaga, NY",1
14048,27460,"Jamestown-Dunkirk, NY",0
14051,15380,"Buffalo-Cheektowaga, NY",1
14052,15380,"Buffalo-Cheektowaga, NY",1
14054,12860,"Batavia, NY",0
14055,15380,"Buffalo-Cheektowaga, NY",1
14056,12860,"Batavia, NY",0
14057,15380,"Buffalo-Cheektowaga, NY",1
14058,12860,"Batavia, NY",0
14059,15380,"Buffalo-Cheektowaga, NY",1
14061,15380,"Buffalo-Cheektowaga, NY",1
14062,27460,"Jamestown-Dunkirk, NY",0
14063,27460,"Jamestown-Dunkirk, NY",0
14065,36460,"Olean, NY",0
14067,15380,"Buffalo-Cheektowaga, NY",1
14068,15380,"Buffalo-Cheektowaga, NY",1
14069,15380,"Buffalo-Cheektowaga, NY",1
14070,36460,"Olean, NY",0
14072,15380,"Buffalo-Cheektowaga, NY",1
14075,15380,"Buffalo-Cheektowaga, NY",1
14080,15380,"Buffalo-Cheektowaga, NY",1
14081,15380,"Buffalo-Cheektowaga, NY",1
14085,15380,"Buffalo-Cheektowaga, NY",1
14086,15380,"Buffalo-Cheektowaga, NY",1
14091,15380,"Buffalo-Cheektowaga, NY",1
14092,15380,"Buffalo-Cheektowaga, NY",1
14094,15380,"Buffalo-Cheektowaga, NY",1
14098,40380,"Rochester, NY",1
14101,36460,"Olean, NY",0
14102,15380,"Buffalo-Cheektowaga, NY",1
14103,40380,"Rochester, NY",1
14105,15380,"Buffalo-Cheektowaga, NY",1
14108,15380,"Buffalo-Cheektowaga, NY",1
14109,15380,"Buffalo-Cheektowaga, NY",1
14111,15380,"Buffalo-Cheektowaga, NY",1
14112,15380,"Buffalo-Cheektowaga, NY",1
14120,15380,"Buffalo-Cheektowaga, NY",1
14125,12860,"Batavia, NY",0
14126,15380,"Buffalo-Cheektowaga, NY",1
14127,15380,"Buffalo-Cheektowaga, NY",1
14129,36460,"Olean, NY",0
14131,15380,"Buffalo-Cheektowaga, NY",1
14132,15380,"Buffalo-Cheektowaga, NY",1
14134,15380,"Buffalo-Cheektowaga, NY",1
14135,27460,"Jamestown-Dunkirk, NY",0
14136,27460,"Jamestown-Dunkirk, NY",0
14138,36460,"Olean, NY",0
14139,15380,"Buffalo-Cheektowaga, NY",1
14141,15380,"Buffalo-Cheektowaga, NY",1
14143,12860,"Batavia, NY",0
14150,15380,"Buffalo-Cheektowaga, NY",1
14166,27460,"Jamestown-Dunkirk, NY",0
14168,36460,"Olean, NY",0
14169,15380,"Buffalo-Cheektowaga, NY",1
14170,15380,"Buffalo-Cheektowaga, NY",1
14171,36460,"Olean, NY",0
14172,15380,"Buffalo-Cheektowaga, NY",1
14173,36460,"Olean, NY",0
14174,15380,"Buffalo-Cheektowaga, NY",1
14201,15380,"Buffalo-Cheektowaga, NY",1
14202,15380,"Buffalo-Cheektowaga, NY",1
14203,15380,"Buffalo-Cheektowaga, NY",1
14204,15380,"Buffalo-Cheektowaga, NY",1
14206,15380,"Buffalo-Cheektowaga, NY",1
14207,15380,"Buffalo-Cheektowaga, NY",1
14208,15380,"Buffalo-Cheektowaga, NY",1
14209,15380,"Buffalo-Cheektowaga, NY",1
14210,15380,"Buffalo-Cheektowaga, NY",1
14211,15380,"Buffalo-Cheektowaga, NY",1
14212,15380,"Buffalo-Cheektowaga, NY",1
14213,15380,"Buffalo-Cheektowaga, NY",1
14214,15380,"Buffalo-Cheektowaga, NY",1
14215,15380,"Buffalo-Cheektowaga, NY",1
14216,15380,"Buffalo-Cheektowaga, NY",1
14217,15380,"Buffalo-Cheektowaga, NY",1
14218,15380,"Buffalo-Cheektowaga, NY",1
14219,15380,"Buffalo-Cheektowaga, NY",1
14220,15380,"Buffalo-Cheektowaga, NY",1
14221,15380,"Buffalo-Cheektowaga, NY",1
14222,15380,"Buffalo-Cheektowaga, NY",1
14223,15380,"Buffalo-Cheektowaga, NY",1
14224,15380,"Buffalo-Cheektowaga, NY",1
14225,15380,"Buffalo-Cheektowaga, NY",1
14226,15380,"Buffalo-Cheektowaga, NY",1
14227,15380,"Buffalo-Cheektowaga, NY",1
14228,15380,"Buffalo-Cheektowaga, NY",1
14260,15380,"Buffalo-Cheektowaga, NY",1
14261,15380,"Buffalo-Cheektowaga, NY",1
14301,15380,"Buffalo-Cheektowaga, NY",1
14302,15380,"Buffalo-Cheektowaga, NY",1
14303,15380,"Buffalo-Cheektowaga, NY",1
14304,15380,"Buffalo-Cheektowaga, NY",1
14305,15380,"Buffalo-Cheektowaga, NY",1
14411,40380,"Rochester, NY",1
14413,40380,"Rochester, NY",1
14414,40380,"Rochester, NY",1
14416,12860,"Batavia, NY",0
14420,40380,"Rochester, NY",1
14422,12860,"Batavia, NY",0
14423,40380,"Rochester, NY",1
14424,40380,"Rochester, NY",1
14425,40380,"Rochester, NY",1
14428,40380,"Rochester, NY",1
14432,40380,"Rochester, NY",1
14433,40380,"Rochester, NY",1
14435,40380,"Rochester, NY",1
14437,40380,"Rochester, NY",1
14445,40380,"Rochester, NY",1
14450,40380,"Rochester, NY",1
14453,40380,"Rochester, NY",1
14454,40380,"Rochester, NY",1
14456,40380,"Rochester, NY",1
14462,40380,"Rochester, NY",1
14463,40380,"Rochester, NY",1
14464,40380,"Rochester, NY",1
14466,40380,"Rochester, NY",1
14467,40380,"Rochester, NY",1
14468,40380,"Rochester, NY",1
14469,40380,"Rochester, NY",1
14470,40380,"Rochester, NY",1
14471,40380,"Rochester, NY",1
14472,40380,"Rochester, NY",1
14475,40380,"Rochester, NY",1
14476,40380,"Rochester, NY",1
14477,40380,"Rochester, NY",1
14479,40380,"Rochester, NY",1
14480,40380,"Rochester, NY",1
14481,40380,"Rochester, NY",1
14482,12860,"Batavia, NY",0
14485,40380,"Rochester, NY",1
14486,40380,"Rochester, NY",1
14487,40380,"Rochester, NY",1
14489,40380,"Rochester, NY",1
14502,40380,"Rochester, NY",1
14504,40380,"Rochester, NY",1
14505,40380,"Rochester, NY",1
14506,40380,"Rochester, NY",1
14510,40380,"Rochester, NY",1
14511,40380,"Rochester, NY",1
14512,40380,"Rochester, NY",1
14513,40380,"Rochester, NY",1
14514,40380,"Rochester, NY",1
14515,40380,"Rochester, NY",1
14516,40380,"Rochester, NY",1
14517,40380,"Rochester, NY",1
14519,40380,"Rochester, NY",1
14521,42900,"Seneca Falls, NY",0
14522,40380,"Rochester, NY",1
14525,12860,"Batavia, NY",0
14526,40380,"Rochester, NY",1
14529,18500,"Corning, NY",0
14532,40380,"Rochester, NY",1
14533,40380,"Rochester, NY",1
14534,40380,"Rochester, NY",1
14537,40380,"Rochester, NY",1
14539,40380,"Rochester, NY",1
14541,42900,"Seneca Falls, NY",0
14542,40380,"Rochester, NY",1
14543,40380,"Rochester, NY",1
14545,40380,"Rochester, NY",1
14546,40380,"Rochester, NY",1
14548,40380,"Rochester, NY",1
14551,40380,"Rochester, NY",1
14555,40380,"Rochester, NY",1
14556,40380,"Rochester, NY",1
14557,12860,"Batavia, NY",0
14559,40380,"Rochester, NY",1
14560,40380,"Rochester, NY",1
14561,40380,"Rochester, NY",1
14564,40380,"Rochester, NY",1
14568,40380,"Rochester, NY",1
14571,40380,"Rochester, NY",1
14572,18500,"Corning, NY",0
14580,40380,"Rochester, NY",1
14585,40380,"Rochester, NY",1
14586,40380,"Rochester, NY",1
14588,42900,"Seneca Falls, NY",0
14589,40380,"Rochester, NY",1
14590,40380,"Rochester, NY",1
14592,40380,"Rochester, NY",1
14604,40380,"Rochester, NY",1
14605,40380,"Rochester, NY",1
14606,40380,"Rochester, NY",1
14607,40380,"Rochester, NY",1
14608,40380,"Rochester, NY",1
14609,40380,"Rochester, NY",1
14610,40380,"Rochester, NY",1
14611,40380,"Rochester, NY",1
14612,40380,"Rochester, NY",1
14613,40380,"Rochester, NY",1
14614,40380,"Rochester, NY",1
14615,40380,"Rochester, NY",1
14616,40380,"Rochester, NY",1
14617,40380,"Rochester, NY",1
14618,40380,"Rochester, NY",1
14619,40380,"Rochester, NY",1
14620,40380,"Rochester, NY",1
14621,40380,"Rochester, NY",1
14622,40380,"Rochester, NY",1
14623,40380,"Rochester, NY",1
14624,40380,"Rochester, NY",1
14625,40380,"Rochester, NY",1
14626,40380,"Rochester, NY",1
14627,40380,"Rochester, NY",1
14642,40380,"Rochester, NY",1
14701,27460,"Jamestown-Dunkirk, NY",0
14706,36460,"Olean, NY",0
14710,27460,"Jamestown-Dunkirk, NY",0
14712,27460,"Jamestown-Dunkirk, NY",0
14716,27460,"Jamestown-Dunkirk, NY",0
14718,27460,"Jamestown-Dunkirk, NY",0
14719,36460,"Olean, NY",0
14720,27460,"Jamestown-Dunkirk, NY",0
14722,27460,"Jamestown-Dunkirk, NY",0
14723,27460,"Jamestown-Dunkirk, NY",0
14724,27460,"Jamestown-Dunkirk, NY",0
14726,36460,"Olean, NY",0
14728,27460,"Jamestown-Dunkirk, NY",0
14729,36460,"Olean, NY",0
14731,36460,"Olean, NY",0
14732,27460,"Jamestown-Dunkirk, NY",0
14733,27460,"Jamestown-Dunkirk, NY",0
14736,27460,"Jamestown-Dunkirk, NY",0
14737,36460,"Olean, NY",0
14738,27460,"Jamestown-Dunkirk, NY",0
14740,27460,"Jamestown-Dunkirk, NY",0
14741,36460,"Olean, NY",0
14742,27460,"Jamestown-Dunkirk, NY",0
14743,36460,"Olean, NY",0
14747,27460,"Jamestown-Dunkirk, NY",0
14748,36460,"Olean, NY",0
14750,27460,"Jamestown-Dunkirk, NY",0
14752,27460,"Jamestown-Dunkirk, NY",0
14753,36460,"Olean, NY",0
14755,36460,"Olean, NY",0
14756,27460,"Jamestown-Dunkirk, NY",0
14757,27460,"Jamestown-Dunkirk, NY",0
14760,36460,"Olean, NY",0
14767,27460,"Jamestown-Dunkirk, NY",0
14769,27460,"Jamestown-Dunkirk, NY",0
14772,36460,"Olean, NY",0
14775,27460,"Jamestown-Dunkirk, NY",0
14778,36460,"Olean, NY",0
14779,36460,"Olean, NY",0
14781,27460,"Jamestown-Dunkirk, NY",0
14782,27460,"Jamestown-Dunkirk, NY",0
14783,36460,"Olean, NY",0
14784,27460,"Jamestown-Dunkirk, NY",0
14785,27460,"Jamestown-Dunkirk, NY",0
14787,27460,"Jamestown-Dunkirk, NY",0
14788,36460,"Olean, NY",0
14801,18500,"Corning, NY",0
14807,18500,"Corning, NY",0
14808,18500,"Corning, NY",0
14809,18500,"Corning, NY",0
14810,18500,"Corning, NY",0
14814,21300,"Elmira, NY",1
14816,21300,"Elmira, NY",1
14817,27060,"Ithaca, NY",1
14819,18500,"Corning, NY",0
14820,18500,"Corning, NY",0
14821,18500,"Corning, NY",0
14823,18500,"Corning, NY",0
14825,21300,"Elmira, NY",1
14826,18500,"Corning, NY",0
14827,18500,"Corning, NY",0
14830,18500,"Corning, NY",0
14836,40380,"Rochester, NY",1
14838,21300,"Elmira, NY",1
14839,18500,"Corning, NY",0
14840,18500,"Corning, NY",0
14843,18500,"Corning, NY",0
14845,21300,"Elmira, NY",1
14846,40380,"Rochester, NY",1
14847,42900,"Seneca Falls, NY",0
14850,27060,"Ithaca, NY",1
14853,27060,"Ithaca, NY",1
14854,27060,"Ithaca, NY",1
14855,18500,"Corning, NY",0
14856,18500,"Corning, NY",0
14858,18500,"Corning, NY",0
14859,13780,"Binghamton, NY",1
14860,42900,"Seneca Falls, NY",0
14861,21300,"Elmira, NY",1
14864,21300,"Elmira, NY",1
14867,27060,"Ithaca, NY",1
14870,18500,"Corning, NY",0
14871,21300,"Elmira, NY",1
14872,21300,"Elmira, NY",1
14873,18500,"Corning, NY",0
14874,18500,"Corning, NY",0
14877,18500,"Corning, NY",0
14879,18500,"Corning, NY",0
14881,27060,"Ithaca, NY",1
14882,27060,"Ithaca, NY",1
14883,13780,"Binghamton, NY",1
14885,18500,"Corning, NY",0
14886,27060,"Ithaca, NY",1
14889,21300,"Elmira, NY",1
14892,13780,"Binghamton, NY",1
14893,18500,"Corning, NY",0
14894,21300,"Elmira, NY",1
14898,18500,"Corning, NY",0
14901,21300,"Elmira, NY",1
14903,21300,"Elmira, NY",1
14904,21300,"Elmira, NY",1
14905,21300,"Elmira, NY",1
15001,38300,"Pittsburgh, PA",1
15003,38300,"Pittsburgh, PA",1
15004,38300,"Pittsburgh, PA",1
15005,38300,"Pittsburgh, PA",1
15006,38300,"Pittsburgh, PA",1
15007,38300,"Pittsburgh, PA",1
15009,38300,"Pittsburgh, PA",1
15010,38300,"Pittsburgh, PA",1
15012,38300,"Pittsburgh, PA",1
15014,38300,"Pittsburgh, PA",1
15015,38300,"Pittsburgh, PA",1
15017,38300,"Pittsburgh, PA",1
15018,38300,"Pittsburgh, PA",1
15019,38300,"Pittsburgh, PA",1
15020,38300,"Pittsburgh, PA",1
15021,38300,"Pittsburgh, PA",1
15022,38300,"Pittsburgh, PA",1
15024,38300,"Pittsburgh, PA",1
15025,38300,"Pittsburgh, PA",1
15026,38300,"Pittsburgh, PA",1
15027,38300,"Pittsburgh, PA",1
15028,38300,"Pittsburgh, PA",1
15030,38300,"Pittsburgh, PA",1
15031,38300,"Pittsburgh, PA",1
15033,38300,"Pittsburgh, PA",1
15034,38300,"Pittsburgh, PA",1
15035,38300,"Pittsburgh, PA",1
15037,38300,"Pittsburgh, PA",1
15038,38300,"Pittsburgh, PA",1
15042,38300,"Pittsburgh, PA",1
15043,38300,"Pittsburgh, PA",1
15044,38300,"Pittsburgh, PA",1
15045,38300,"Pittsburgh, PA",1
15046,38300,"Pittsburgh, PA",1
15047,38300,"Pittsburgh, PA",1
15049,38300,"Pittsburgh, PA",1
15050,38300,"Pittsburgh, PA",1
15051,38300,"Pittsburgh, PA",1
15052,38300,"Pittsburgh, PA",1
15053,38300,"Pittsburgh, PA",1
15054,38300,"Pittsburgh, PA",1
15055,38300,"Pittsburgh, PA",1
15056,38300,"Pittsburgh, PA",1
15057,38300,"Pittsburgh, PA",1
15059,38300,"Pittsburgh, PA",1
15060,38300,"Pittsburgh, PA",1
15061,38300,"Pittsburgh, PA",1
15062,38300,"Pittsburgh, PA",1
15063,38300,"Pittsburgh, PA",1
15064,38300,"Pittsburgh, PA",1
15065,38300,"Pittsburgh, PA",1
15066,38300,"Pittsburgh, PA",1
15067,38300,"Pittsburgh, PA",1
15068,38300,"Pittsburgh, PA",1
15071,38300,"Pittsburgh, PA",1
15072,38300,"Pittsburgh, PA",1
15074,38300,"Pittsburgh, PA",1
15075,38300,"Pittsburgh, PA",1
15076,38300,"Pittsburgh, PA",1
15077,38300,"Pittsburgh, PA",1
15078,38300,"Pittsburgh, PA",1
15081,38300,"Pittsburgh, PA",1
15082,38300,"Pittsburgh, PA",1
15083,38300,"Pittsburgh, PA",1
15084,38300,"Pittsburgh, PA",1
15085,38300,"Pittsburgh, PA",1
15086,38300,"Pittsburgh, PA",1
15087,38300,"Pittsburgh, PA",1
15088,38300,"Pittsburgh, PA",1
15089,38300,"Pittsburgh, PA",1
15090,38300,"Pittsburgh, PA",1
15101,38300,"Pittsburgh, PA",1
15102,38300,"Pittsburgh, PA",1
15104,38300,"Pittsburgh, PA",1
15106,38300,"Pittsburgh, PA",1
15108,38300,"Pittsburgh, PA",1
15110,38300,"Pittsburgh, PA",1
15112,38300,"Pittsburgh, PA",1
15116,38300,"Pittsburgh, PA",1
15120,38300,"Pittsburgh, PA",1
15122,38300,"Pittsburgh, PA",1
15123,38300,"Pittsburgh, PA",1
15126,38300,"Pittsburgh, PA",1
15129,38300,"Pittsburgh, PA",1
15131,38300,"Pittsburgh, PA",1
15132,38300,"Pittsburgh, PA",1
15133,38300,"Pittsburgh, PA",1
15135,38300,"Pittsburgh, PA",1
15136,38300,"Pittsburgh, PA",1
15137,38300,"Pittsburgh, PA",1
15139,38300,"Pittsburgh, PA",1
15140,38300,"Pittsburgh, PA",1
15142,38300,"Pittsburgh, PA",1
15143,38300,"Pittsburgh, PA",1
15144,38300,"Pittsburgh, PA",1
15145,38300,"Pittsburgh, PA",1
15146,38300,"Pittsburgh, PA",1
15147,38300,"Pittsburgh, PA",1
15148,38300,"Pittsburgh, PA",1
15201,38300,"Pittsburgh, PA",1
15202,38300,"Pittsburgh, PA",1
15203,38300,"Pittsburgh, PA",1
15204,38300,"Pittsburgh, PA",1
15205,38300,"Pittsburgh, PA",1
15206,38300,"Pittsburgh, PA",1
15207,38300,"Pittsburgh, PA",1
15208,38300,"Pittsburgh, PA",1
15209,38300,"Pittsburgh, PA",1
15210,38300,"Pittsburgh, PA",1
15211,38300,"Pittsburgh, PA",1
15212,38300,"Pittsburgh, PA",1
15213,38300,"Pittsburgh, PA",1
15214,38300,"Pittsburgh, PA",1
15215,38300,"Pittsburgh, PA",1
15216,38300,"Pittsburgh, PA",1
15217,38300,"Pittsburgh, PA",1
15218,38300,"Pittsburgh, PA",1
15219,38300,"Pittsburgh, PA",1
15220,38300,"Pittsburgh, PA",1
15221,38300,"Pittsburgh, PA",1
15222,38300,"Pittsburgh, PA",1
15223,38300,"Pittsburgh, PA",1
15224,38300,"Pittsburgh, PA",1
15225,38300,"Pittsburgh, PA",1
15226,38300,"Pittsburgh, PA",1
15227,38300,"Pittsburgh, PA",1
15228,38300,"Pittsburgh, PA",1
15229,38300,"Pittsburgh, PA",1
15232,38300,"Pittsburgh, PA",1
15233,38300,"Pittsburgh, PA",1
15234,38300,"Pittsburgh, PA",1
15235,38300,"Pittsburgh, PA",1
15236,38300,"Pittsburgh, PA",1
15237,38300,"Pittsburgh, PA",1
15238,38300,"Pittsburgh, PA",1
15239,38300,"Pittsburgh, PA",1
15241,38300,"Pittsburgh, PA",1
15243,38300,"Pittsburgh, PA",1
15260,38300,"Pittsburgh, PA",1
15275,38300,"Pittsburgh, PA",1
15282,38300,"Pittsburgh, PA",1
15290,38300,"Pittsburgh, PA",1
15301,38300,"Pittsburgh, PA",1
15311,38300,"Pittsburgh, PA",1
15312,38300,"Pittsburgh, PA",1
15313,38300,"Pittsburgh, PA",1
15314,38300,"Pittsburgh, PA",1
15317,38300,"Pittsburgh, PA",1
15321,38300,"Pittsburgh, PA",1
15323,38300,"Pittsburgh, PA",1
15324,38300,"Pittsburgh, PA",1
15329,38300,"Pittsburgh, PA",1
15330,38300,"Pittsburgh, PA",1
15331,38300,"Pittsburgh, PA",1
15332,38300,"Pittsburgh, PA",1
15333,38300,"Pittsburgh, PA",1
15340,38300,"Pittsburgh, PA",1
15342,38300,"Pittsburgh, PA",1
15345,38300,"Pittsburgh, PA",1
15347,38300,"Pittsburgh, PA",1
15348,38300,"Pittsburgh, PA",1
15350,38300,"Pittsburgh, PA",1
15358,38300,"Pittsburgh, PA",1
15360,38300,"Pittsburgh, PA",1
15361,38300,"Pittsburgh, PA",1
15363,38300,"Pittsburgh, PA",1
15365,38300,"Pittsburgh, PA",1
15366,38300,"Pittsburgh, PA",1
15367,38300,"Pittsburgh, PA",1
15368,38300,"Pittsburgh, PA",1
15376,38300,"Pittsburgh, PA",1
15377,38300,"Pittsburgh, PA",1
15378,38300,"Pittsburgh, PA",1
15379,38300,"Pittsburgh, PA",1
15401,38300,"Pittsburgh, PA",1
15410,38300,"Pittsburgh, PA",1
15411,43740,"Somerset, PA",0
15412,38300,"Pittsburgh, PA",1
15413,38300,"Pittsburgh, PA",1
15416,38300,"Pittsburgh, PA",1
15417,38300,"Pittsburgh, PA",1
15419,38300,"Pittsburgh, PA",1
15420,38300,"Pittsburgh, PA",1
15421,38300,"Pittsburgh, PA",1
15422,38300,"Pittsburgh, PA",1
15423,38300,"Pittsburgh, PA",1
15424,43740,"Somerset, PA",0
15425,38300,"Pittsburgh, PA",1
15427,38300,"Pittsburgh, PA",1
15428,38300,"Pittsburgh, PA",1
15429,38300,"Pittsburgh, PA",1
15430,38300,"Pittsburgh, PA",1
15431,38300,"Pittsburgh, PA",1
15432,38300,"Pittsburgh, PA",1
15433,38300,"Pittsburgh, PA",1
15434,38300,"Pittsburgh, PA",1
15435,38300,"Pittsburgh, PA",1
15436,38300,"Pittsburgh, PA",1
15437,38300,"Pittsburgh, PA",1
15438,38300,"Pittsburgh, PA",1
15440,38300,"Pittsburgh, PA",1
15442,38300,"Pittsburgh, PA",1
15443,38300,"Pittsburgh, PA",1
15444,38300,"Pittsburgh, PA",1
15445,38300,"Pittsburgh, PA",1
15446,38300,"Pittsburgh, PA",1
15447,38300,"Pittsburgh, PA",1
15448,38300,"Pittsburgh, PA",1
15449,38300,"Pittsburgh, PA",1
15450,38300,"Pittsburgh, PA",1
15451,38300,"Pittsburgh, PA",1
15454,38300,"Pittsburgh, PA",1
15455,38300,"Pittsburgh, PA",1
15456,38300,"Pittsburgh, PA",1
15458,38300,"Pittsburgh, PA",1
15459,38300,"Pittsburgh, PA",1
15460,38300,"Pittsburgh, PA",1
15461,38300,"Pittsburgh, PA",1
15462,38300,"Pittsburgh, PA",1
15463,38300,"Pittsburgh, PA",1
15464,38300,"Pittsburgh, PA",1
15465,38300,"Pittsburgh, PA",1
15466,38300,"Pittsburgh, PA",1
15467,38300,"Pittsburgh, PA",1
15468,38300,"Pittsburgh, PA",1
15469,38300,"Pittsburgh, PA",1
15470,38300,"Pittsburgh, PA",1
15472,38300,"Pittsburgh, PA",1
15473,38300,"Pittsburgh, PA",1
15474,38300,"Pittsburgh, PA",1
15475,38300,"Pittsburgh, PA",1
15476,38300,"Pittsburgh, PA",1
15477,38300,"Pittsburgh, PA",1
15478,38300,"Pittsburgh, PA",1
15479,38300,"Pittsburgh, PA",1
15480,38300,"Pittsburgh, PA",1
15482,38300,"Pittsburgh, PA",1
15483,38300,"Pittsburgh, PA",1
15484,38300,"Pittsburgh, PA",1
15486,38300,"Pittsburgh, PA",1
15488,38300,"Pittsburgh, PA",1
15489,38300,"Pittsburgh, PA",1
15490,38300,"Pittsburgh, PA",1
15492,38300,"Pittsburgh, PA",1
15501,43740,"Somerset, PA",0
15502,43740,"Somerset, PA",0
15510,43740,"Somerset, PA",0
15520,43740,"Somerset, PA",0
15530,43740,"Somerset, PA",0
15531,43740,"Somerset, PA",0
15532,43740,"Somerset, PA",0
15538,43740,"Somerset, PA",0
15540,43740,"Somerset, PA",0
15541,43740,"Somerset, PA",0
15542,43740,"Somerset, PA",0
15544,43740,"Somerset, PA",0
15546,43740,"Somerset, PA",0
15547,43740,"Somerset, PA",0
15551,43740,"Somerset, PA",0
15552,43740,"Somerset, PA",0
15555,43740,"Somerset, PA",0
15557,43740,"Somerset, PA",0
15558,43740,"Somerset, PA",0
15560,43740,"Somerset, PA",0
15561,43740,"Somerset, PA",0
15562,43740,"Somerset, PA",0
15563,43740,"Somerset, PA",0
15564,43740,"Somerset, PA",0
15565,43740,"Somerset, PA",0
15601,38300,"Pittsburgh, PA",1
15610,38300,"Pittsburgh, PA",1
15611,38300,"Pittsburgh, PA",1
15612,38300,"Pittsburgh, PA",1
15613,38300,"Pittsburgh, PA",1
15615,38300,"Pittsburgh, PA",1
15616,38300,"Pittsburgh, PA",1
15617,38300,"Pittsburgh, PA",1
15618,38300,"Pittsburgh, PA",1
15619,38300,"Pittsburgh, PA",1
15620,38300,"Pittsburgh, PA",1
15622,38300,"Pittsburgh, PA",1
15623,38300,"Pittsburgh, PA",1
15624,38300,"Pittsburgh, PA",1
15625,38300,"Pittsburgh, PA",1
15626,38300,"Pittsburgh, PA",1
15627,38300,"Pittsburgh, PA",1
15628,38300,"Pittsburgh, PA",1
15629,38300,"Pittsburgh, PA",1
15631,38300,"Pittsburgh, PA",1
15632,38300,"Pittsburgh, PA",1
15633,38300,"Pittsburgh, PA",1
15634,38300,"Pittsburgh, PA",1
15635,38300,"Pittsburgh, PA",1
15636,38300,"Pittsburgh, PA",1
15637,38300,"Pittsburgh, PA",1
15638,38300,"Pittsburgh, PA",1
15639,38300,"Pittsburgh, PA",1
15640,38300,"Pittsburgh, PA",1
15641,38300,"Pittsburgh, PA",1
15642,38300,"Pittsburgh, PA",1
15644,38300,"Pittsburgh, PA",1
15646,38300,"Pittsburgh, PA",1
15647,38300,"Pittsburgh, PA",1
15650,38300,"Pittsburgh, PA",1
15655,38300,"Pittsburgh, PA",1
15656,38300,"Pittsburgh, PA",1
15658,38300,"Pittsburgh, PA",1
15660,38300,"Pittsburgh, PA",1
15661,38300,"Pittsburgh, PA",1
15662,38300,"Pittsburgh, PA",1
15663,38300,"Pittsburgh, PA",1
15665,38300,"Pittsburgh, PA",1
15666,38300,"Pittsburgh, PA",1
15668,38300,"Pittsburgh, PA",1
15670,38300,"Pittsburgh, PA",1
15671,38300,"Pittsburgh, PA",1
15672,38300,"Pittsburgh, PA",1
15673,38300,"Pittsburgh, PA",1
15674,38300,"Pittsburgh, PA",1
15675,38300,"Pittsburgh, PA",1
15676,38300,"Pittsburgh, PA",1
15677,38300,"Pittsburgh, PA",1
15678,38300,"Pittsburgh, PA",1
15679,38300,"Pittsburgh, PA",1
15680,38300,"Pittsburgh, PA",1
15681,26860,"Indiana, PA",0
15682,38300,"Pittsburgh, PA",1
15683,38300,"Pittsburgh, PA",1
15684,38300,"Pittsburgh, PA",1
15686,38300,"Pittsburgh, PA",1
15687,38300,"Pittsburgh, PA",1
15688,38300,"Pittsburgh, PA",1
15689,38300,"Pittsburgh, PA",1
15690,38300,"Pittsburgh, PA",1
15691,38300,"Pittsburgh, PA",1
15692,38300,"Pittsburgh, PA",1
15693,38300,"Pittsburgh, PA",1
15695,38300,"Pittsburgh, PA",1
15696,38300,"Pittsburgh, PA",1
15697,38300,"Pittsburgh, PA",1
15698,38300,"Pittsburgh, PA",1
15701,26860,"Indiana, PA",0
15705,26860,"Indiana, PA",0
15710,26860,"Indiana, PA",0
15712,26860,"Indiana, PA",0
15713,26860,"Indiana, PA",0
15714,27780,"Johnstown, PA",1
15716,26860,"Indiana, PA",0
15717,26860,"Indiana, PA",0
15720,26860,"Indiana, PA",0
15721,20180,"DuBois, PA",0
15722,27780,"Johnstown, PA",1
15723,26860,"Indiana, PA",0
15724,26860,"Indiana, PA",0
15725,26860,"Indiana, PA",0
15727,26860,"Indiana, PA",0
15728,26860,"Indiana, PA",0
15729,26860,"Indiana, PA",0
15731,26860,"Indiana, PA",0
15732,26860,"Indiana, PA",0
15734,26860,"Indiana, PA",0
15736,38300,"Pittsburgh, PA",1
15737,27780,"Johnstown, PA",1
15738,27780,"Johnstown, PA",1
15739,26860,"Indiana, PA",0
15741,26860,"Indiana, PA",0
15742,26860,"Indiana, PA",0
15745,26860,"Indiana, PA",0
15746,26860,"Indiana, PA",0
15747,26860,"Indiana, PA",0
15748,26860,"Indiana, PA",0
15750,26860,"Indiana, PA",0
15752,26860,"Indiana, PA",0
15753,20180,"DuBois, PA",0
15754,26860,"Indiana, PA",0
15756,26860,"Indiana, PA",0
15757,20180,"DuBois, PA",0
15759,26860,"Indiana, PA",0
15760,27780,"Johnstown, PA",1
15761,26860,"Indiana, PA",0
15762,27780,"Johnstown, PA",1
15763,26860,"Indiana, PA",0
15765,26860,"Indiana, PA",0
15771,26860,"Indiana, PA",0
15772,26860,"Indiana, PA",0
15773,27780,"Johnstown, PA",1
15774,38300,"Pittsburgh, PA",1
15775,27780,"Johnstown, PA",1
15777,26860,"Indiana, PA",0
15779,38300,"Pittsburgh, PA",1
15783,26860,"Indiana, PA",0
15801,20180,"DuBois, PA",0
15821,41260,"St. Marys, PA",0
15823,41260,"St. Marys, PA",0
15827,41260,"St. Marys, PA",0
15831,41260,"St. Marys, PA",0
15841,41260,"St. Marys, PA",0
15845,41260,"St. Marys, PA",0
15846,41260,"St. Marys, PA",0
15848,20180,"DuBois, PA",0
15849,20180,"DuBois, PA",0
15853,41260,"St. Marys, PA",0
15856,20180,"DuBois, PA",0
15857,41260,"St. Marys, PA",0
15866,20180,"DuBois, PA",0
15868,41260,"St. Marys, PA",0
15870,41260,"St. Marys, PA",0
15901,27780,"Johnstown, PA",1
15902,27780,"Johnstown, PA",1
15904,27780,"Johnstown, PA",1
15905,27780,"Johnstown, PA",1
15906,27780,"Johnstown, PA",1
15909,27780,"Johnstown, PA",1
15920,26860,"Indiana, PA",0
15921,27780,"Johnstown, PA",1
15922,27780,"Johnstown, PA",1
15923,38300,"Pittsburgh, PA",1
15924,43740,"Somerset, PA",0
15925,27780,"Johnstown, PA",1
15926,43740,"Somerset, PA",0
15927,27780,"Johnstown, PA",1
15928,43740,"Somerset, PA",0
15929,26860,"Indiana, PA",0
15930,27780,"Johnstown, PA",1
15931,27780,"Johnstown, PA",1
15934,27780,"Johnstown, PA",1
15935,43740,"Somerset, PA",0
15936,43740,"Somerset, PA",0
15937,43740,"Somerset, PA",0
15938,27780,"Johnstown, PA",1
15940,27780,"Johnstown, PA",1
15942,27780,"Johnstown, PA",1
15943,27780,"Johnstown, PA",1
15944,38300,"Pittsburgh, PA",1
15945,27780,"Johnstown, PA",1
15946,27780,"Johnstown, PA",1
15948,27780,"Johnstown, PA",1
15949,26860,"Indiana, PA",0
15951,27780,"Johnstown, PA",1
15952,27780,"Johnstown, PA",1
15953,43740,"Somerset, PA",0
15954,26860,"Indiana, PA",0
15955,27780,"Johnstown, PA",1
15956,27780,"Johnstown, PA",1
15957,26860,"Indiana, PA",0
15958,27780,"Johnstown, PA",1
15960,27780,"Johnstown, PA",1
15961,26860,"Indiana, PA",0
15962,27780,"Johnstown, PA",1
15963,43740,"Somerset, PA",0
16001,38300,"Pittsburgh, PA",1
16002,38300,"Pittsburgh, PA",1
16020,38300,"Pittsburgh, PA",1
16022,38300,"Pittsburgh, PA",1
16023,38300,"Pittsburgh, PA",1
16024,38300,"Pittsburgh, PA",1
16025,38300,"Pittsburgh, PA",1
16027,38300,"Pittsburgh, PA",1
16028,38300,"Pittsburgh, PA",1
16029,38300,"Pittsburgh, PA",1
16030,38300,"Pittsburgh, PA",1
16033,38300,"Pittsburgh, PA",1
16034,38300,"Pittsburgh, PA",1
16035,38300,"Pittsburgh, PA",1
16037,38300,"Pittsburgh, PA",1
16038,38300,"Pittsburgh, PA",1
16040,38300,"Pittsburgh, PA",1
16041,38300,"Pittsburgh, PA",1
16045,38300,"Pittsburgh, PA",1
16046,38300,"Pittsburgh, PA",1
16048,38300,"Pittsburgh, PA",1
16050,38300,"Pittsburgh, PA",1
16051,38300,"Pittsburgh, PA",1
16052,38300,"Pittsburgh, PA",1
16053,38300,"Pittsburgh, PA",1
16055,38300,"Pittsburgh, PA",1
16056,38300,"Pittsburgh, PA",1
16057,38300,"Pittsburgh, PA",1
16059,38300,"Pittsburgh, PA",1
16061,38300,"Pittsburgh, PA",1
16063,38300,"Pittsburgh, PA",1
16066,38300,"Pittsburgh, PA",1
16101,38300,"Pittsburgh, PA",1
16102,38300,"Pittsburgh, PA",1
16105,38300,"Pittsburgh, PA",1
16110,32740,"Meadville, PA",0
16111,32740,"Meadville, PA",0
16112,38300,"Pittsburgh, PA",1
16113,25850,"Hermitage, PA",0
16114,25850,"Hermitage, PA",0
16115,38300,"Pittsburgh, PA",1
16116,38300,"Pittsburgh, PA",1
16117,38300,"Pittsburgh, PA",1
16120,38300,"Pittsburgh, PA",1
16121,25850,"Hermitage, PA",0
16123,38300,"Pittsburgh, PA",1
16124,25850,"Hermitage, PA",0
16125,25850,"Hermitage, PA",0
16127,25850,"Hermitage, PA",0
16130,25850,"Hermitage, PA",0
16131,32740,"Meadville, PA",0
16132,38300,"Pittsburgh, PA",1
16133,25850,"Hermitage, PA",0
16134,32740,"Meadville, PA",0
16136,38300,"Pittsburgh, PA",1
16137,25850,"Hermitage, PA",0
16140,38300,"Pittsburgh, PA",1
16141,38300,"Pittsburgh, PA",1
16142,25850,"Hermitage, PA",0
16143,38300,"Pittsburgh, PA",1
16145,25850,"Hermitage, PA",0
16146,25850,"Hermitage, PA",0
16148,25850,"Hermitage, PA",0
16150,25850,"Hermitage, PA",0
16151,25850,"Hermitage, PA",0
16153,25850,"Hermitage, PA",0
16154,25850,"Hermitage, PA",0
16155,38300,"Pittsburgh, PA",1
16156,38300,"Pittsburgh, PA",1
16157,38300,"Pittsburgh, PA",1
16159,25850,"Hermitage, PA",0
16160,38300,"Pittsburgh, PA",1
16161,25850,"Hermitage, PA",0
16172,38300,"Pittsburgh, PA",1
16201,38300,"Pittsburgh, PA",1
16210,38300,"Pittsburgh, PA",1
16211,26860,"Indiana, PA",0
16212,38300,"Pittsburgh, PA",1
16218,38300,"Pittsburgh, PA",1
16222,38300,"Pittsburgh, PA",1
16223,38300,"Pittsburgh, PA",1
16226,38300,"Pittsburgh, PA",1
16228,38300,"Pittsburgh, PA",1
16229,38300,"Pittsburgh, PA",1
16236,38300,"Pittsburgh, PA",1
16238,38300,"Pittsburgh, PA",1
16244,38300,"Pittsburgh, PA",1
16245,38300,"Pittsburgh, PA",1
16246,26860,"Indiana, PA",0
16249,38300,"Pittsburgh, PA",1
16250,38300,"Pittsburgh, PA",1
16253,38300,"Pittsburgh, PA",1
16256,26860,"Indiana, PA",0
16259,38300,"Pittsburgh, PA",1
16262,38300,"Pittsburgh, PA",1
16263,38300,"Pittsburgh, PA",1
16301,36340,"Oil City, PA",0
16311,25850,"Hermitage, PA",0
16312,47620,"Warren, PA",0
16313,47620,"Warren, PA",0
16314,32740,"Meadville, PA",0
16316,32740,"Meadville, PA",0
16317,36340,"Oil City, PA",0
16319,36340,"Oil City, PA",0
16323,36340,"Oil City, PA",0
16327,32740,"Meadville, PA",0
16328,32740,"Meadville, PA",0
16329,47620,"Warren, PA",0
16333,14620,"Bradford, PA",0
16335,32740,"Meadville, PA",0
16340,47620,"Warren, PA",0
16341,36340,"Oil City, PA",0
16342,36340,"Oil City, PA",0
16343,36340,"Oil City, PA",0
16344,36340,"Oil City, PA",0
16345,47620,"Warren, PA",0
16346,36340,"Oil City, PA",0
16347,47620,"Warren, PA",0
16350,47620,"Warren, PA",0
16351,47620,"Warren, PA",0
16352,47620,"Warren, PA",0
16354,36340,"Oil City, PA",0
16360,32740,"Meadville, PA",0
16362,36340,"Oil City, PA",0
16364,36340,"Oil City, PA",0
16365,47620,"Warren, PA",0
16371,47620,"Warren, PA",0
16372,36340,"Oil City, PA",0
16373,36340,"Oil City, PA",0
16374,36340,"Oil City, PA",0
16401,21500,"Erie, PA",1
16402,47620,"Warren, PA",0
16403,32740,"Meadville, PA",0
16404,32740,"Meadville, PA",0
16405,47620,"Warren, PA",0
16406,32740,"Meadville, PA",0
16407,21500,"Erie, PA",1
16410,21500,"Erie, PA",1
16411,21500,"Erie, PA",1
16412,21500,"Erie, PA",1
16415,21500,"Erie, PA",1
16416,47620,"Warren, PA",0
16417,21500,"Erie, PA",1
16420,47620,"Warren, PA",0
16421,21500,"Erie, PA",1
16422,32740,"Meadville, PA",0
16423,21500,"Erie, PA",1
16424,32740,"Meadville, PA",0
16426,21500,"Erie, PA",1
16427,21500,"Erie, PA",1
16428,21500,"Erie, PA",1
16430,21500,"Erie, PA",1
16433,32740,"Meadville, PA",0
16434,32740,"Meadville, PA",0
16435,32740,"Meadville, PA",0
16436,47620,"Warren, PA",0
16438,21500,"Erie, PA",1
16440,32740,"Meadville, PA",0
16441,21500,"Erie, PA",1
16442,21500,"Erie, PA",1
16443,21500,"Erie, PA",1
16444,21500,"Erie, PA",1
16475,21500,"Erie, PA",1
16501,21500,"Erie, PA",1
16502,21500,"Erie, PA",1
16503,21500,"Erie, PA",1
16504,21500,"Erie, PA",1
16505,21500,"Erie, PA",1
16506,21500,"Erie, PA",1
16507,21500,"Erie, PA",1
16508,21500,"Erie, PA",1
16509,21500,"Erie, PA",1
16510,21500,"Erie, PA",1
16511,21500,"Erie, PA",1
16546,21500,"Erie, PA",1
16550,21500,"Erie, PA",1
16563,21500,"Erie, PA",1
16601,11020,"Altoona, PA",1
16602,11020,"Altoona, PA",1
16611,26500,"Huntingdon, PA",0
16613,27780,"Johnstown, PA",1
16616,20180,"DuBois, PA",0
16617,11020,"Altoona, PA",1
16619,27780,"Johnstown, PA",1
16620,20180,"DuBois, PA",0
16621,26500,"Huntingdon, PA",0
16622,26500,"Huntingdon, PA",0
16623,26500,"Huntingdon, PA",0
16624,27780,"Johnstown, PA",1
16625,11020,"Altoona, PA",1
16627,20180,"DuBois, PA",0
16630,27780,"Johnstown, PA",1
16631,11020,"Altoona, PA",1
16634,26500,"Huntingdon, PA",0
16635,11020,"Altoona, PA",1
16636,27780,"Johnstown, PA",1
16637,11020,"Altoona, PA",1
16638,26500,"Huntingdon, PA",0
16639,27780,"Johnstown, PA",1
16640,27780,"Johnstown, PA",1
16641,27780,"Johnstown, PA",1
16645,20180,"DuBois, PA",0
16646,27780,"Johnstown, PA",1
16647,26500,"Huntingdon, PA",0
16648,11020,"Altoona, PA",1
16651,20180,"DuBois, PA",0
16652,26500,"Huntingdon, PA",0
16654,26500,"Huntingdon, PA",0
16656,20180,"DuBois, PA",0
16657,26500,"Huntingdon, PA",0
16661,20180,"DuBois, PA",0
16662,11020,"Altoona, PA",1
16665,11020,"Altoona, PA",1
16666,20180,"DuBois, PA",0
16668,27780,"Johnstown, PA",1
16669,26500,"Huntingdon, PA",0
16671,20180,"DuBois, PA",0
16673,11020,"Altoona, PA",1
16674,26500,"Huntingdon, PA",0
16675,27780,"Johnstown, PA",1
16677,44300,"State College, PA",1
16680,20180,"DuBois, PA",0
16682,11020,"Altoona, PA",1
16683,26500,"Huntingdon, PA",0
16684,11020,"Altoona, PA",1
16685,26500,"Huntingdon, PA",0
16686,11020,"Altoona, PA",1
16692,20180,"DuBois, PA",0
16693,11020,"Altoona, PA",1
16694,26500,"Huntingdon, PA",0
16699,27780,"Johnstown, PA",1
16701,14620,"Bradford, PA",0
16724,14620,"Bradford, PA",0
16725,14620,"Bradford, PA",0
16726,14620,"Bradford, PA",0
16727,14620,"Bradford, PA",0
16729,14620,"Bradford, PA",0
16730,14620,"Bradford, PA",0
16731,14620,"Bradford, PA",0
16732,14620,"Bradford, PA",0
16733,14620,"Bradford, PA",0
16734,41260,"St. Marys, PA",0
16735,14620,"Bradford, PA",0
16738,14620,"Bradford, PA",0
16740,14620,"Bradford, PA",0
16743,14620,"Bradford, PA",0
16744,14620,"Bradford, PA",0
16745,14620,"Bradford, PA",0
16749,14620,"Bradford, PA",0
16750,14620,"Bradford, PA",0
16801,44300,"State College, PA",1
16802,44300,"State College, PA",1
16803,44300,"State College, PA",1
16820,44300,"State College, PA",1
16821,20180,"DuBois, PA",0
16822,30820,"Lock Haven, PA",0
16823,44300,"State College, PA",1
16825,20180,"DuBois, PA",0
16826,44300,"State College, PA",1
16827,44300,"State College, PA",1
16828,44300,"State College, PA",1
16829,44300,"State College, PA",1
16830,20180,"DuBois, PA",0
16832,44300,"State College, PA",1
16833,20180,"DuBois, PA",0
16834,20180,"DuBois, PA",0
16835,44300,"State College, PA",1
16836,20180,"DuBois, PA",0
16837,20180,"DuBois, PA",0
16838,20180,"DuBois, PA",0
16839,20180,"DuBois, PA",0
16840,20180,"DuBois, PA",0
16841,44300,"State College, PA",1
16843,20180,"DuBois, PA",0
16844,44300,"State College, PA",1
16845,44300,"State College, PA",1
16847,20180,"DuBois, PA",0
16848,30820,"Lock Haven, PA",0
16849,20180,"DuBois, PA",0
16851,44300,"State College, PA",1
16852,44300,"State College, PA",1
16853,44300,"State College, PA",1
16854,44300,"State College, PA",1
16855,20180,"DuBois, PA",0
16856,44300,"State College, PA",1
16858,20180,"DuBois, PA",0
16859,44300,"State College, PA",1
16860,20180,"DuBois, PA",0
16861,20180,"DuBois, PA",0
16863,20180,"DuBois, PA",0
16864,44300,"State College, PA",1
16865,44300,"State College, PA",1
16866,44300,"State College, PA",1
16868,44300,"State College, PA",1
16870,44300,"State College, PA",1
16871,30820,"Lock Haven, PA",0
16872,44300,"State College, PA",1
16874,44300,"State College, PA",1
16875,44300,"State College, PA",1
16876,20180,"DuBois, PA",0
16877,44300,"State College, PA",1
16878,20180,"DuBois, PA",0
16879,20180,"DuBois, PA",0
16881,20180,"DuBois, PA",0
16882,44300,"State College, PA",1
16910,42380,"Sayre, PA",0
16914,42380,"Sayre, PA",0
16925,42380,"Sayre, PA",0
16926,42380,"Sayre, PA",0
16947,42380,"Sayre, PA",0
17002,26500,"Huntingdon, PA",0
17003,30140,"Lebanon, PA",1
17004,30380,"Lewistown, PA",0
17005,25420,"Harrisburg-Carlisle, PA",1
17006,25420,"Harrisburg-Carlisle, PA",1
17007,25420,"Harrisburg-Carlisle, PA",1
17009,30380,"Lewistown, PA",0
17010,30140,"Lebanon, PA",1
17011,25420,"Harrisburg-Carlisle, PA",1
17013,25420,"Harrisburg-Carlisle, PA",1
17015,25420,"Harrisburg-Carlisle, PA",1
17016,30140,"Lebanon, PA",1
17017,44980,"Sunbury, PA",0
17018,25420,"Harrisburg-Carlisle, PA",1
17019,49620,"York-Hanover, PA",1
17020,25420,"Harrisburg-Carlisle, PA",1
17022,29540,"Lancaster, PA",1
17023,25420,"Harrisburg-Carlisle, PA",1
17024,25420,"Harrisburg-Carlisle, PA",1
17025,25420,"Harrisburg-Carlisle, PA",1
17026,30140,"Lebanon, PA",1
17027,25420,"Harrisburg-Carlisle, PA",1
17028,30140,"Lebanon, PA",1
17029,30380,"Lewistown, PA",0
17030,25420,"Harrisburg-Carlisle, PA",1
17032,25420,"Harrisburg-Carlisle, PA",1
17033,25420,"Harrisburg-Carlisle, PA",1
17034,25420,"Harrisburg-Carlisle, PA",1
17036,25420,"Harrisburg-Carlisle, PA",1
17037,25420,"Harrisburg-Carlisle, PA",1
17038,30140,"Lebanon, PA",1
17039,30140,"Lebanon, PA",1
17040,25420,"Harrisburg-Carlisle, PA",1
17041,30140,"Lebanon, PA",1
17042,30140,"Lebanon, PA",1
17043,25420,"Harrisburg-Carlisle, PA",1
17044,30380,"Lewistown, PA",0
17045,25420,"Harrisburg-Carlisle, PA",1
17046,30140,"Lebanon, PA",1
17047,25420,"Harrisburg-Carlisle, PA",1
17048,25420,"Harrisburg-Carlisle, PA",1
17050,25420,"Harrisburg-Carlisle, PA",1
17051,30380,"Lewistown, PA",0
17052,26500,"Huntingdon, PA",0
17053,25420,"Harrisburg-Carlisle, PA",1
17054,30380,"Lewistown, PA",0
17055,25420,"Harrisburg-Carlisle, PA",1
17057,25420,"Harrisburg-Carlisle, PA",1
17060,26500,"Huntingdon, PA",0
17061,25420,"Harrisburg-Carlisle, PA",1
17062,25420,"Harrisburg-Carlisle, PA",1
17063,30380,"Lewistown, PA",0
17064,30140,"Lebanon, PA",1
17065,25420,"Harrisburg-Carlisle, PA",1
17066,26500,"Huntingdon, PA",0
17067,30140,"Lebanon, PA",1
17068,25420,"Harrisburg-Carlisle, PA",1
17069,25420,"Harrisburg-Carlisle, PA",1
17070,49620,"York-Hanover, PA",1
17071,25420,"Harrisburg-Carlisle, PA",1
17073,30140,"Lebanon, PA",1
17074,25420,"Harrisburg-Carlisle, PA",1
17075,30380,"Lewistown, PA",0
17077,30140,"Lebanon, PA",1
17078,30140,"Lebanon, PA",1
17080,25420,"Harrisburg-Carlisle, PA",1
17081,25420,"Harrisburg-Carlisle, PA",1
17084,30380,"Lewistown, PA",0
17086,42780,"Selinsgrove, PA",0
17087,39740,"Reading, PA",1
17088,30140,"Lebanon, PA",1
17090,25420,"Harrisburg-Carlisle, PA",1
17093,25420,"Harrisburg-Carlisle, PA",1
17097,25420,"Harrisburg-Carlisle, PA",1
17098,25420,"Harrisburg-Carlisle, PA",1
17099,30380,"Lewistown, PA",0
17101,25420,"Harrisburg-Carlisle, PA",1
17102,25420,"Harrisburg-Carlisle, PA",1
17103,25420,"Harrisburg-Carlisle, PA",1
17104,25420,"Harrisburg-Carlisle, PA",1
17109,25420,"Harrisburg-Carlisle, PA",1
17110,25420,"Harrisburg-Carlisle, PA",1
17111,25420,"Harrisburg-Carlisle, PA",1
17112,25420,"Harrisburg-Carlisle, PA",1
17113,25420,"Harrisburg-Carlisle, PA",1
17120,25420,"Harrisburg-Carlisle, PA",1
17201,16540,"Chambersburg, PA",1
17202,16540,"Chambersburg, PA",1
17210,16540,"Chambersburg, PA",1
17213,26500,"Huntingdon, PA",0
17214,16540,"Chambersburg, PA",1
17215,26500,"Huntingdon, PA",0
17217,16540,"Chambersburg, PA",1
17219,16540,"Chambersburg, PA",1
17220,16540,"Chambersburg, PA",1
17221,16540,"Chambersburg, PA",1
17222,16540,"Chambersburg, PA",1
17224,16540,"Chambersburg, PA",1
17225,16540,"Chambersburg, PA",1
17232,16540,"Chambersburg, PA",1
17235,16540,"Chambersburg, PA",1
17236,16540,"Chambersburg, PA",1
17237,16540,"Chambersburg, PA",1
17239,26500,"Huntingdon, PA",0
17240,25420,"Harrisburg-Carlisle, PA",1
17241,25420,"Harrisburg-Carlisle, PA",1
17243,26500,"Huntingdon, PA",0
17244,16540,"Chambersburg, PA",1
17246,16540,"Chambersburg, PA",1
17247,16540,"Chambersburg, PA",1
17249,26500,"Huntingdon, PA",0
17250,16540,"Chambersburg, PA",1
17251,16540,"Chambersburg, PA",1
17252,16540,"Chambersburg, PA",1
17253,26500,"Huntingdon, PA",0
17254,16540,"Chambersburg, PA",1
17255,26500,"Huntingdon, PA",0
17257,25420,"Harrisburg-Carlisle, PA",1
17260,26500,"Huntingdon, PA",0
17261,16540,"Chambersburg, PA",1
17262,16540,"Chambersburg, PA",1
17263,16540,"Chambersburg, PA",1
17264,26500,"Huntingdon, PA",0
17265,16540,"Chambersburg, PA",1
17266,25420,"Harrisburg-Carlisle, PA",1
17268,16540,"Chambersburg, PA",1
17271,16540,"Chambersburg, PA",1
17301,23900,"Gettysburg, PA",1
17302,49620,"York-Hanover, PA",1
17303,23900,"Gettysburg, PA",1
17304,23900,"Gettysburg, PA",1
17306,23900,"Gettysburg, PA",1
17307,23900,"Gettysburg, PA",1
17309,49620,"York-Hanover, PA",1
17311,49620,"York-Hanover, PA",1
17313,49620,"York-Hanover, PA",1
17314,49620,"York-Hanover, PA",1
17315,49620,"York-Hanover, PA",1
17316,23900,"Gettysburg, PA",1
17317,49620,"York-Hanover, PA",1
17318,49620,"York-Hanover, PA",1
17319,49620,"York-Hanover, PA",1
17320,23900,"Gettysburg, PA",1
17321,49620,"York-Hanover, PA",1
17322,49620,"York-Hanover, PA",1
17323,49620,"York-Hanover, PA",1
17324,25420,"Harrisburg-Carlisle, PA",1
17325,23900,"Gettysburg, PA",1
17327,49620,"York-Hanover, PA",1
17329,49620,"York-Hanover, PA",1
17331,49620,"York-Hanover, PA",1
17339,49620,"York-Hanover, PA",1
17340,23900,"Gettysburg, PA",1
17342,49620,"York-Hanover, PA",1
17343,23900,"Gettysburg, PA",1
17344,23900,"Gettysburg, PA",1
17345,49620,"York-Hanover, PA",1
17347,49620,"York-Hanover, PA",1
17349,49620,"York-Hanover, PA",1
17350,23900,"Gettysburg, PA",1
17352,49620,"York-Hanover, PA",1
17353,23900,"Gettysburg, PA",1
17355,49620,"York-Hanover, PA",1
17356,49620,"York-Hanover, PA",1
17360,49620,"York-Hanover, PA",1
17361,49620,"York-Hanover, PA",1
17362,49620,"York-Hanover, PA",1
17363,49620,"York-Hanover, PA",1
17364,49620,"York-Hanover, PA",1
17365,49620,"York-Hanover, PA",1
17366,49620,"York-Hanover, PA",1
17368,49620,"York-Hanover, PA",1
17370,49620,"York-Hanover, PA",1
17371,49620,"York-Hanover, PA",1
17372,23900,"Gettysburg, PA",1
17401,49620,"York-Hanover, PA",1
17402,49620,"York-Hanover, PA",1
17403,49620,"York-Hanover, PA",1
17404,49620,"York-Hanover, PA",1
17406,49620,"York-Hanover, PA",1
17407,49620,"York-Hanover, PA",1
17408,49620,"York-Hanover, PA",1
17501,29540,"Lancaster, PA",1
17502,29540,"Lancaster, PA",1
17504,29540,"Lancaster, PA",1
17505,29540,"Lancaster, PA",1
17506,29540,"Lancaster, PA",1
17507,29540,"Lancaster, PA",1
17508,29540,"Lancaster, PA",1
17509,29540,"Lancaster, PA",1
17512,29540,"Lancaster, PA",1
17516,29540,"Lancaster, PA",1
17517,29540,"Lancaster, PA",1
17518,29540,"Lancaster, PA",1
17519,29540,"Lancaster, PA",1
17520,29540,"Lancaster, PA",1
17522,29540,"Lancaster, PA",1
17527,29540,"Lancaster, PA",1
17529,29540,"Lancaster, PA",1
17532,29540,"Lancaster, PA",1
17534,29540,"Lancaster, PA",1
17535,29540,"Lancaster, PA",1
17536,29540,"Lancaster, PA",1
17538,29540,"Lancaster, PA",1
17540,29540,"Lancaster, PA",1
17543,29540,"Lancaster, PA",1
17545,29540,"Lancaster, PA",1
17547,29540,"Lancaster, PA",1
17550,29540,"Lancaster, PA",1
17551,29540,"Lancaster, PA",1
17552,29540,"Lancaster, PA",1
17554,29540,"Lancaster, PA",1
17555,29540,"Lancaster, PA",1
17557,29540,"Lancaster, PA",1
17560,29540,"Lancaster, PA",1
17562,29540,"Lancaster, PA",1
17563,29540,"Lancaster, PA",1
17565,29540,"Lancaster, PA",1
17566,29540,"Lancaster, PA",1
17568,29540,"Lancaster, PA",1
17569,29540,"Lancaster, PA",1
17570,29540,"Lancaster, PA",1
17572,29540,"Lancaster, PA",1
17576,29540,"Lancaster, PA",1
17578,29540,"Lancaster, PA",1
17579,29540,"Lancaster, PA",1
17581,29540,"Lancaster, PA",1
17582,29540,"Lancaster, PA",1
17584,29540,"Lancaster, PA",1
17601,29540,"Lancaster, PA",1
17602,29540,"Lancaster, PA",1
17603,29540,"Lancaster, PA",1
17606,29540,"Lancaster, PA",1
17701,48700,"Williamsport, PA",1
17702,48700,"Williamsport, PA",1
17720,48700,"Williamsport, PA",1
17721,30820,"Lock Haven, PA",0
17723,48700,"Williamsport, PA",1
17724,42380,"Sayre, PA",0
17728,48700,"Williamsport, PA",1
17730,44980,"Sunbury, PA",0
17737,48700,"Williamsport, PA",1
17739,48700,"Williamsport, PA",1
17740,48700,"Williamsport, PA",1
17742,48700,"Williamsport, PA",1
17744,48700,"Williamsport, PA",1
17745,30820,"Lock Haven, PA",0
17747,30820,"Lock Haven, PA",0
17748,30820,"Lock Haven, PA",0
17749,44980,"Sunbury, PA",0
17750,30820,"Lock Haven, PA",0
17751,30820,"Lock Haven, PA",0
17752,48700,"Williamsport, PA",1
17754,48700,"Williamsport, PA",1
17756,48700,"Williamsport, PA",1
17760,30820,"Lock Haven, PA",0
17762,48700,"Williamsport, PA",1
17763,48700,"Williamsport, PA",1
17764,30820,"Lock Haven, PA",0
17769,48700,"Williamsport, PA",1
17771,48700,"Williamsport, PA",1
17772,44980,"Sunbury, PA",0
17774,48700,"Williamsport, PA",1
17776,48700,"Williamsport, PA",1
17777,44980,"Sunbury, PA",0
17778,30820,"Lock Haven, PA",0
17779,30820,"Lock Haven, PA",0
17801,44980,"Sunbury, PA",0
17810,48700,"Williamsport, PA",1
17812,42780,"Selinsgrove, PA",0
17813,42780,"Selinsgrove, PA",0
17814,14100,"Bloomsburg-Berwick, PA",0
17815,14100,"Bloomsburg-Berwick, PA",0
17820,14100,"Bloomsburg-Berwick, PA",0
17821,44980,"Sunbury, PA",0
17822,44980,"Sunbury, PA",0
17823,44980,"Sunbury, PA",0
17824,14100,"Bloomsburg-Berwick, PA",0
17827,42780,"Selinsgrove, PA",0
17829,30260,"Lewisburg, PA",0
17830,44980,"Sunbury, PA",0
17832,44980,"Sunbury, PA",0
17834,44980,"Sunbury, PA",0
17835,30260,"Lewisburg, PA",0
17836,44980,"Sunbury, PA",0
17837,30260,"Lewisburg, PA",0
17840,44980,"Sunbury, PA",0
17841,30380,"Lewistown, PA",0
17842,42780,"Selinsgrove, PA",0
17844,30260,"Lewisburg, PA",0
17845,30260,"Lewisburg, PA",0
17846,14100,"Bloomsburg-Berwick, PA",0
17847,44980,"Sunbury, PA",0
17850,44980,"Sunbury, PA",0
17851,44980,"Sunbury, PA",0
17853,42780,"Selinsgrove, PA",0
17855,30260,"Lewisburg, PA",0
17856,30260,"Lewisburg, PA",0
17857,44980,"Sunbury, PA",0
17858,14100,"Bloomsburg-Berwick, PA",0
17859,14100,"Bloomsburg-Berwick, PA",0
17860,44980,"Sunbury, PA",0
17861,42780,"Selinsgrove, PA",0
17862,42780,"Selinsgrove, PA",0
17864,42780,"Selinsgrove, PA",0
17865,44980,"Sunbury, PA",0
17866,44980,"Sunbury, PA",0
17867,44980,"Sunbury, PA",0
17868,44980,"Sunbury, PA",0
17870,42780,"Selinsgrove, PA",0
17872,44980,"Sunbury, PA",0
17876,42780,"Selinsgrove, PA",0
17878,14100,"Bloomsburg-Berwick, PA",0
17880,30260,"Lewisburg, PA",0
17881,44980,"Sunbury, PA",0
17884,44980,"Sunbury, PA",0
17885,30260,"Lewisburg, PA",0
17886,30260,"Lewisburg, PA",0
17887,30260,"Lewisburg, PA",0
17888,14100,"Bloomsburg-Berwick, PA",0
17889,42780,"Selinsgrove, PA",0
17901,39060,"Pottsville, PA",0
17920,14100,"Bloomsburg-Berwick, PA",0
17921,39060,"Pottsville, PA",0
17922,39060,"Pottsville, PA",0
17923,39060,"Pottsville, PA",0
17925,39060,"Pottsville, PA",0
17929,39060,"Pottsville, PA",0
17930,39060,"Pottsville, PA",0
17931,39060,"Pottsville, PA",0
17933,39060,"Pottsville, PA",0
17934,39060,"Pottsville, PA",0
17935,39060,"Pottsville, PA",0
17936,39060,"Pottsville, PA",0
17938,39060,"Pottsville, PA",0
17941,39060,"Pottsville, PA",0
17943,39060,"Pottsville, PA",0
17944,39060,"Pottsville, PA",0
17945,14100,"Bloomsburg-Berwick, PA",0
17946,39060,"Pottsville, PA",0
17948,39060,"Pottsville, PA",0
17949,39060,"Pottsville, PA",0
17951,39060,"Pottsville, PA",0
17952,39060,"Pottsville, PA",0
17953,39060,"Pottsville, PA",0
17954,39060,"Pottsville, PA",0
17957,39060,"Pottsville, PA",0
17959,39060,"Pottsville, PA",0
17960,39060,"Pottsville, PA",0
17961,39060,"Pottsville, PA",0
17963,39060,"Pottsville, PA",0
17964,39060,"Pottsville, PA",0
17965,39060,"Pottsville, PA",0
17967,39060,"Pottsville, PA",0
17968,39060,"Pottsville, PA",0
17970,39060,"Pottsville, PA",0
17972,39060,"Pottsville, PA",0
17974,39060,"Pottsville, PA",0
17976,39060,"Pottsville, PA",0
17978,25420,"Harrisburg-Carlisle, PA",1
17979,39060,"Pottsville, PA",0
17980,25420,"Harrisburg-Carlisle, PA",1
17981,39060,"Pottsville, PA",0
17982,39060,"Pottsville, PA",0
17983,39060,"Pottsville, PA",0
17985,39060,"Pottsville, PA",0
18011,39740,"Reading, PA",1
18012,10900,"Allentown-Bethlehem-Easton, PA-NJ",1
18013,10900,"Allentown-Bethlehem-Easton, PA-NJ",1
18014,10900,"Allentown-Bethlehem-Easton, PA-NJ",1
18015,10900,"Allentown-Bethlehem-Easton, PA-NJ",1
18017,10900,"Allentown-Bethlehem-Easton, PA-NJ",1
18018,10900,"Allentown-Bethlehem-Easton, PA-NJ",1
18020,10900,"Allentown-Bethlehem-Easton, PA-NJ",1
18030,10900,"Allentown-Bethlehem-Easton, PA-NJ",1
18031,10900,"Allentown-Bethlehem-Easton, PA-NJ",1
18032,10900,"Allentown-Bethlehem-Easton, PA-NJ",1
18034,10900,"Allentown-Bethlehem-Easton, PA-NJ",1
18035,10900,"Allentown-Bethlehem-Easton, PA-NJ",1
18036,10900,"Allentown-Bethlehem-Easton, PA-NJ",1
18037,10900,"Allentown-Bethlehem-Easton, PA-NJ",1
18038,10900,"Allentown-Bethlehem-Easton, PA-NJ",1
18040,10900,"Allentown-Bethlehem-Easton, PA-NJ",1
18041,37980,"Philadelphia-Camden-Wilmington, PA-NJ-DE-MD",1
18042,10900,"Allentown-Bethlehem-Easton, PA-NJ",1
18045,10900,"Allentown-Bethlehem-Easton, PA-NJ",1
18046,10900,"Allentown-Bethlehem-Easton, PA-NJ",1
18049,10900,"Allentown-Bethlehem-Easton, PA-NJ",1
18051,10900,"Allentown-Bethlehem-Easton, PA-NJ",1
18052,10900,"Allentown-Bethlehem-Easton, PA-NJ",1
18053,10900,"Allentown-Bethlehem-Easton, PA-NJ",1
18054,37980,"Philadelphia-Camden-Wilmington, PA-NJ-DE-MD",1
18055,10900,"Allentown-Bethlehem-Easton, PA-NJ",1
18056,39740,"Reading, PA",1
18058,20700,"East Stroudsburg, PA",0
18059,10900,"Allentown-Bethlehem-Easton, PA-NJ",1
18062,10900,"Allentown-Bethlehem-Easton, PA-NJ",1
18063,10900,"Allentown-Bethlehem-Easton, PA-NJ",1
18064,10900,"Allentown-Bethlehem-Easton, PA-NJ",1
18065,10900,"Allentown-Bethlehem-Easton, PA-NJ",1
18066,10900,"Allentown-Bethlehem-Easton, PA-NJ",1
18067,10900,"Allentown-Bethlehem-Easton, PA-NJ",1
18069,10900,"Allentown-Bethlehem-Easton, PA-NJ",1
18070,37980,"Philadelphia-Camden-Wilmington, PA-NJ-DE-MD",1
18071,10900,"Allentown-Bethlehem-Easton, PA-NJ",1
18072,10900,"Allentown-Bethlehem-Easton, PA-NJ",1
18073,37980,"Philadelphia-Camden-Wilmington, PA-NJ-DE-MD",1
18074,37980,"Philadelphia-Camden-Wilmington, PA-NJ-DE-MD",1
18076,37980,"Philadelphia-Camden-Wilmington, PA-NJ-DE-MD",1
18077,37980,"Philadelphia-Camden-Wilmington, PA-NJ-DE-MD",1
18078,10900,"Allentown-Bethlehem-Easton, PA-NJ",1
18079,10900,"Allentown-Bethlehem-Easton, PA-NJ",1
18080,10900,"Allentown-Bethlehem-Easton, PA-NJ",1
18081,37980,"Philadelphia-Camden-Wilmington, PA-NJ-DE-MD",1
18083,10900,"Allentown-Bethlehem-Easton, PA-NJ",1
18085,10900,"Allentown-Bethlehem-Easton, PA-NJ",1
18086,10900,"Allentown-Bethlehem-Easton, PA-NJ",1
18087,10900,"Allentown-Bethlehem-Easton, PA-NJ",1
18088,10900,"Allentown-Bethlehem-Easton, PA-NJ",1
18091,10900,"Allentown-Bethlehem-Easton, PA-NJ",1
18092,10900,"Allentown-Bethlehem-Easton, PA-NJ",1
18101,10900,"Allentown-Bethlehem-Easton, PA-NJ",1
18102,10900,"Allentown-Bethlehem-Easton, PA-NJ",1
18103,10900,"Allentown-Bethlehem-Easton, PA-NJ",1
18104,10900,"Allentown-Bethlehem-Easton, PA-NJ",1
18106,10900,"Allentown-Bethlehem-Easton, PA-NJ",1
18109,10900,"Allentown-Bethlehem-Easton, PA-NJ",1
18195,10900,"Allentown-Bethlehem-Easton, PA-NJ",1
18201,42540,"Scranton--Wilkes-Barre, PA",1
18202,42540,"Scranton--Wilkes-Barre, PA",1
18210,10900,"Allentown-Bethlehem-Easton, PA-NJ",1
18211,39060,"Pottsville, PA",0
18212,10900,"Allentown-Bethlehem-Easton, PA-NJ",1
18214,39060,"Pottsville, PA",0
18216,10900,"Allentown-Bethlehem-Easton, PA-NJ",1
18218,39060,"Pottsville, PA",0
18219,42540,"Scranton--Wilkes-Barre, PA",1
18220,39060,"Pottsville, PA",0
18221,42540,"Scranton--Wilkes-Barre, PA",1
18222,42540,"Scranton--Wilkes-Barre, PA",1
18223,42540,"Scranton--Wilkes-Barre, PA",1
18224,42540,"Scranton--Wilkes-Barre, PA",1
18225,42540,"Scranton--Wilkes-Barre, PA",1
18229,10900,"Allentown-Bethlehem-Easton, PA-NJ",1
18230,10900,"Allentown-Bethlehem-Easton, PA-NJ",1
18231,39060,"Pottsville, PA",0
18232,10900,"Allentown-Bethlehem-Easton, PA-NJ",1
18234,42540,"Scranton--Wilkes-Barre, PA",1
18235,10900,"Allentown-Bethlehem-Easton, PA-NJ",1
18237,39060,"Pottsville, PA",0
18239,42540,"Scranton--Wilkes-Barre, PA",1
18240,10900,"Allentown-Bethlehem-Easton, PA-NJ",1
18241,42540,"Scranton--Wilkes-Barre, PA",1
18242,39060,"Pottsville, PA",0
18244,10900,"Allentown-Bethlehem-Easton, PA-NJ",1
18245,39060,"Pottsville, PA",0
18246,42540,"Scranton--Wilkes-Barre, PA",1
18248,39060,"Pottsville, PA",0
18249,42540,"Scranton--Wilkes-Barre, PA",1
18250,10900,"Allentown-Bethlehem-Easton, PA-NJ",1
18252,39060,"Pottsville, PA",0
18254,10900,"Allentown-Bethlehem-Easton, PA-NJ",1
18255,10900,"Allentown-Bethlehem-Easton, PA-NJ",1
18256,42540,"Scranton--Wilkes-Barre, PA",1
18301,20700,"East Stroudsburg, PA",0
18302,20700,"East Stroudsburg, PA",0
18321,20700,"East Stroudsburg, PA",0
18322,20700,"East Stroudsburg, PA",0
18323,20700,"East Stroudsburg, PA",0
18324,25770,"Hemlock Farms, PA",0
18325,20700,"East Stroudsburg, PA",0
18326,20700,"East Stroudsburg, PA",0
18327,20700,"East Stroudsburg, PA",0
18328,25770,"Hemlock Farms, PA",0
18330,20700,"East Stroudsburg, PA",0
18331,20700,"East Stroudsburg, PA",0
18332,20700,"East Stroudsburg, PA",0
18333,20700,"East Stroudsburg, PA",0
18334,20700,"East Stroudsburg, PA",0
18335,20700,"East Stroudsburg, PA",0
18336,25770,"Hemlock Farms, PA",0
18337,25770,"Hemlock Farms, PA",0
18340,25770,"Hemlock Farms, PA",0
18342,20700,"East Stroudsburg, PA",0
18343,10900,"Allentown-Bethlehem-Easton, PA-NJ",1
18344,20700,"East Stroudsburg, PA",0
18346,20700,"East Stroudsburg, PA",0
18347,20700,"East Stroudsburg, PA",0
18349,20700,"East Stroudsburg, PA",0
18350,20700,"East Stroudsburg, PA",0
18351,10900,"Allentown-Bethlehem-Easton, PA-NJ",1
18353,20700,"East Stroudsburg, PA",0
18354,20700,"East Stroudsburg, PA",0
18355,20700,"East Stroudsburg, PA",0
18356,20700,"East Stroudsburg, PA",0
18357,20700,"East Stroudsburg, PA",0
18360,20700,"East Stroudsburg, PA",0
18370,20700,"East Stroudsburg, PA",0
18371,25770,"Hemlock Farms, PA",0
18372,20700,"East Stroudsburg, PA",0
18403,42540,"Scranton--Wilkes-Barre, PA",1
18407,42540,"Scranton--Wilkes-Barre, PA",1
18411,42540,"Scranton--Wilkes-Barre, PA",1
18414,42540,"Scranton--Wilkes-Barre, PA",1
18419,42540,"Scranton--Wilkes-Barre, PA",1
18420,42540,"Scranton--Wilkes-Barre, PA",1
18424,42540,"Scranton--Wilkes-Barre, PA",1
18425,25770,"Hemlock Farms, PA",0
18426,25770,"Hemlock Farms, PA",0
18428,25770,"Hemlock Farms, PA",0
18433,42540,"Scranton--Wilkes-Barre, PA",1
18434,42540,"Scranton--Wilkes-Barre, PA",1
18435,25770,"Hemlock Farms, PA",0
18440,42540,"Scranton--Wilkes-Barre, PA",1
18444,42540,"Scranton--Wilkes-Barre, PA",1
18447,42540,"Scranton--Wilkes-Barre, PA",1
18451,25770,"Hemlock Farms, PA",0
18452,42540,"Scranton--Wilkes-Barre, PA",1
18457,25770,"Hemlock Farms, PA",0
18458,25770,"Hemlock Farms, PA",0
18464,25770,"Hemlock Farms, PA",0
18466,20700,"East Stroudsburg, PA",0
18471,42540,"Scranton--Wilkes-Barre, PA",1
18503,42540,"Scranton--Wilkes-Barre, PA",1
18504,42540,"Scranton--Wilkes-Barre, PA",1
18505,42540,"Scranton--Wilkes-Barre, PA",1
18507,42540,"Scranton--Wilkes-Barre, PA",1
18508,42540,"Scranton--Wilkes-Barre, PA",1
18509,42540,"Scranton--Wilkes-Barre, PA",1
18510,42540,"Scranton--Wilkes-Barre, PA",1
18512,42540,"Scranton--Wilkes-Barre, PA",1
18517,42540,"Scranton--Wilkes-Barre, PA",1
18518,42540,"Scranton--Wilkes-Barre, PA",1
18519,42540,"Scranton--Wilkes-Barre, PA",1
18602,42540,"Scranton--Wilkes-Barre, PA",1
18603,14100,"Bloomsburg-Berwick, PA",0
18610,20700,"East Stroudsburg, PA",0
18612,42540,"Scranton--Wilkes-Barre, PA",1
18615,42540,"Scranton--Wilkes-Barre, PA",1
18617,42540,"Scranton--Wilkes-Barre, PA",1
18618,42540,"Scranton--Wilkes-Barre, PA",1
18621,42540,"Scranton--Wilkes-Barre, PA",1
18622,42540,"Scranton--Wilkes-Barre, PA",1
18623,42380,"Sayre, PA",0
18624,10900,"Allentown-Bethlehem-Easton, PA-NJ",1
18625,42540,"Scranton--Wilkes-Barre, PA",1
18627,42540,"Scranton--Wilkes-Barre, PA",1
18629,42540,"Scranton--Wilkes-Barre, PA",1
18631,14100,"Bloomsburg-Berwick, PA",0
18634,42540,"Scranton--Wilkes-Barre, PA",1
18635,42540,"Scranton--Wilkes-Barre, PA",1
18636,42540,"Scranton--Wilkes-Barre, PA",1
18640,42540,"Scranton--Wilkes-Barre, PA",1
18641,42540,"Scranton--Wilkes-Barre, PA",1
18642,42540,"Scranton--Wilkes-Barre, PA",1
18643,42540,"Scranton--Wilkes-Barre, PA",1
18644,42540,"Scranton--Wilkes-Barre, PA",1
18651,42540,"Scranton--Wilkes-Barre, PA",1
18655,42540,"Scranton--Wilkes-Barre, PA",1
18656,42540,"Scranton--Wilkes-Barre, PA",1
18657,42540,"Scranton--Wilkes-Barre, PA",1
18660,42540,"Scranton--Wilkes-Barre, PA",1
18661,42540,"Scranton--Wilkes-Barre, PA",1
18701,42540,"Scranton--Wilkes-Barre, PA",1
18702,42540,"Scranton--Wilkes-Barre, PA",1
18704,42540,"Scranton--Wilkes-Barre, PA",1
18705,42540,"Scranton--Wilkes-Barre, PA",1
18706,42540,"Scranton--Wilkes-Barre, PA",1
18707,42540,"Scranton--Wilkes-Barre, PA",1
18708,42540,"Scranton--Wilkes-Barre, PA",1
18709,42540,"Scranton--Wilkes-Barre, PA",1
18810,42380,"Sayre, PA",0
18814,42380,"Sayre, PA",0
18817,42380,"Sayre, PA",0
18829,42380,"Sayre, PA",0
18831,42380,"Sayre, PA",0
18832,42380,"Sayre, PA",0
18833,42380,"Sayre, PA",0
18837,42380,"Sayre, PA",0
18840,42380,"Sayre, PA",0
18845,42380,"Sayre, PA",0
18846,42380,"Sayre, PA",0
18848,42380,"Sayre, PA",0
18850,42380,"Sayre, PA",0
18851,42380,"Sayre, PA",0
18853,42380,"Sayre, PA",0
18854,42380,"Sayre, PA",0
18901,37980,"Philadelphia-Camden-Wilmington, PA-NJ-DE-MD",1
18902,37980,"Philadelphia-Camden-Wilmington, PA-NJ-DE-MD",1
18912,37980,"Philadelphia-Camden-Wilmington, PA-NJ-DE-MD",1
18913,37980,"Philadelphia-Camden-Wilmington, PA-NJ-DE-MD",1
18914,37980,"Philadelphia-Camden-Wilmington, PA-NJ-DE-MD",1
18915,37980,"Philadelphia-Camden-Wilmington, PA-NJ-DE-MD",1
18917,37980,"Philadelphia-Camden-Wilmington, PA-NJ-DE-MD",1
18920,37980,"Philadelphia-Camden-Wilmington, PA-NJ-DE-MD",1
18921,37980,"Philadelphia-Camden-Wilmington, PA-NJ-DE-MD",1
18923,37980,"Philadelphia-Camden-Wilmington, PA-NJ-DE-MD",1
18925,37980,"Philadelphia-Camden-Wilmington, PA-NJ-DE-MD",1
18927,37980,"Philadelphia-Camden-Wilmington, PA-NJ-DE-MD",1
18929,37980,"Philadelphia-Camden-Wilmington, PA-NJ-DE-MD",1
18930,37980,"Philadelphia-Camden-Wilmington, PA-NJ-DE-MD",1
18932,37980,"Philadelphia-Camden-Wilmington, PA-NJ-DE-MD",1
18933,37980,"Philadelphia-Camden-Wilmington, PA-NJ-DE-MD",1
18935,37980,"Philadelphia-Camden-Wilmington, PA-NJ-DE-MD",1
18936,37980,"Philadelphia-Camden-Wilmington, PA-NJ-DE-MD",1
18938,37980,"Philadelphia-Camden-Wilmington, PA-NJ-DE-MD",1
18940,37980,"Philadelphia-Camden-Wilmington, PA-NJ-DE-MD",1
18942,37980,"Philadelphia-Camden-Wilmington, PA-NJ-DE-MD",1
18944,37980,"Philadelphia-Camden-Wilmington, PA-NJ-DE-MD",1
18946,37980,"Philadelphia-Camden-Wilmington, PA-NJ-DE-MD",1
18947,37980,"Philadelphia-Camden-Wilmington, PA-NJ-DE-MD",1
18950,37980,"Philadelphia-Camden-Wilmington, PA-NJ-DE-MD",1
18951,37980,"Philadelphia-Camden-Wilmington, PA-NJ-DE-MD",1
18954,37980,"Philadelphia-Camden-Wilmington, PA-NJ-DE-MD",1
18955,37980,"Philadelphia-Camden-Wilmington, PA-NJ-DE-MD",1
18960,37980,"Philadelphia-Camden-Wilmington, PA-NJ-DE-MD",1
18962,37980,"Philadelphia-Camden-Wilmington, PA-NJ-DE-MD",1
18964,37980,"Philadelphia-Camden-Wilmington, PA-NJ-DE-MD",1
18966,37980,"Philadelphia-Camden-Wilmington, PA-NJ-DE-MD",1
18969,37980,"Philadelphia-Camden-Wilmington, PA-NJ-DE-MD",1
18970,37980,"Philadelphia-Camden-Wilmington, PA-NJ-DE-MD",1
18972,37980,"Philadelphia-Camden-Wilmington, PA-NJ-DE-MD",1
18974,37980,"Philadelphia-Camden-Wilmington, PA-NJ-DE-MD",1
18976,37980,"Philadelphia-Camden-Wilmington, PA-NJ-DE-MD",1
18977,37980,"Philadelphia-Camden-Wilmington, PA-NJ-DE-MD",1
18980,37980,"Philadelphia-Camden-Wilmington, PA-NJ-DE-MD",1
19001,37980,"Philadelphia-Camden-Wilmington, PA-NJ-DE-MD",1
19002,37980,"Philadelphia-Camden-Wilmington, PA-NJ-DE-MD",1
19003,37980,"Philadelphia-Camden-Wilmington, PA-NJ-DE-MD",1
19004,37980,"Philadelphia-Camden-Wilmington, PA-NJ-DE-MD",1
19006,37980,"Philadelphia-Camden-Wilmington, PA-NJ-DE-MD",1
19007,37980,"Philadelphia-Camden-Wilmington, PA-NJ-DE-MD",1
19008,37980,"Philadelphia-Camden-Wilmington, PA-NJ-DE-MD",1
19009,37980,"Philadelphia-Camden-Wilmington, PA-NJ-DE-MD",1
19010,37980,"Philadelphia-Camden-Wilmington, PA-NJ-DE-MD",1
19012,37980,"Philadelphia-Camden-Wilmington, PA-NJ-DE-MD",1
19013,37980,"Philadelphia-Camden-Wilmington, PA-NJ-DE-MD",1
19014,37980,"Philadelphia-Camden-Wilmington, PA-NJ-DE-MD",1
19015,37980,"Philadelphia-Camden-Wilmington, PA-NJ-DE-MD",1
19017,37980,"Philadelphia-Camden-Wilmington, PA-NJ-DE-MD",1
19018,37980,"Philadelphia-Camden-Wilmington, PA-NJ-DE-MD",1
19020,37980,"Philadelphia-Camden-Wilmington, PA-NJ-DE-MD",1
19021,37980,"Philadelphia-Camden-Wilmington, PA-NJ-DE-MD",1
19022,37980,"Philadelphia-Camden-Wilmington, PA-NJ-DE-MD",1
19023,37980,"Philadelphia-Camden-Wilmington, PA-NJ-DE-MD",1
19025,37980,"Philadelphia-Camden-Wilmington, PA-NJ-DE-MD",1
19026,37980,"Philadelphia-Camden-Wilmington, PA-NJ-DE-MD",1
19027,37980,"Philadelphia-Camden-Wilmington, PA-NJ-DE-MD",1
19029,37980,"Philadelphia-Camden-Wilmington, PA-NJ-DE-MD",1
19030,37980,"Philadelphia-Camden-Wilmington, PA-NJ-DE-MD",1
19031,37980,"Philadelphia-Camden-Wilmington, PA-NJ-DE-MD",1
19032,37980,"Philadelphia-Camden-Wilmington, PA-NJ-DE-MD",1
19033,37980,"Philadelphia-Camden-Wilmington, PA-NJ-DE-MD",1
19034,37980,"Philadelphia-Camden-Wilmington, PA-NJ-DE-MD",1
19035,37980,"Philadelphia-Camden-Wilmington, PA-NJ-DE-MD",1
19036,37980,"Philadelphia-Camden-Wilmington, PA-NJ-DE-MD",1
19038,37980,"Philadelphia-Camden-Wilmington, PA-NJ-DE-MD",1
19040,37980,"Philadelphia-Camden-Wilmington, PA-NJ-DE-MD",1
19041,37980,"Philadelphia-Camden-Wilmington, PA-NJ-DE-MD",1
19043,37980,"Philadelphia-Camden-Wilmington, PA-NJ-DE-MD",1
19044,37980,"Philadelphia-Camden-Wilmington, PA-NJ-DE-MD",1
19046,37980,"Philadelphia-Camden-Wilmington, PA-NJ-DE-MD",1
19047,37980,"Philadelphia-Camden-Wilmington, PA-NJ-DE-MD",1
19050,37980,"Philadelphia-Camden-Wilmington, PA-NJ-DE-MD",1
19052,37980,"Philadelphia-Camden-Wilmington, PA-NJ-DE-MD",1
19053,37980,"Philadelphia-Camden-Wilmington, PA-NJ-DE-MD",1
19054,37980,"Philadelphia-Camden-Wilmington, PA-NJ-DE-MD",1
19055,37980,"Philadelphia-Camden-Wilmington, PA-NJ-DE-MD",1
19056,37980,"Philadelphia-Camden-Wilmington, PA-NJ-DE-MD",1
19057,37980,"Philadelphia-Camden-Wilmington, PA-NJ-DE-MD",1
19060,37980,"Philadelphia-Camden-Wilmington, PA-NJ-DE-MD",1
19061,37980,"Philadelphia-Camden-Wilmington, PA-NJ-DE-MD",1
19063,37980,"Philadelphia-Camden-Wilmington, PA-NJ-DE-MD",1
19064,37980,"Philadelphia-Camden-Wilmington, PA-NJ-DE-MD",1
19066,37980,"Philadelphia-Camden-Wilmington, PA-NJ-DE-MD",1
19067,37980,"Philadelphia-Camden-Wilmington, PA-NJ-DE-MD",1
19070,37980,"Philadelphia-Camden-Wilmington, PA-NJ-DE-MD",1
19072,37980,"Philadelphia-Camden-Wilmington, PA-NJ-DE-MD",1
19073,37980,"Philadelphia-Camden-Wilmington, PA-NJ-DE-MD",1
19074,37980,"Philadelphia-Camden-Wilmington, PA-NJ-DE-MD",1
19075,37980,"Philadelphia-Camden-Wilmington, PA-NJ-DE-MD",1
19076,37980,"Philadelphia-Camden-Wilmington, PA-NJ-DE-MD",1
19078,37980,"Philadelphia-Camden-Wilmington, PA-NJ-DE-MD",1
19079,37980,"Philadelphia-Camden-Wilmington, PA-NJ-DE-MD",1
19081,37980,"Philadelphia-Camden-Wilmington, PA-NJ-DE-MD",1
19082,37980,"Philadelphia-Camden-Wilmington, PA-NJ-DE-MD",1
19083,37980,"Philadelphia-Camden-Wilmington, PA-NJ-DE-MD",1
19085,37980,"Philadelphia-Camden-Wilmington, PA-NJ-DE-MD",1
19086,37980,"Philadelphia-Camden-Wilmington, PA-NJ-DE-MD",1
19087,37980,"Philadelphia-Camden-Wilmington, PA-NJ-DE-MD",1
19090,37980,"Philadelphia-Camden-Wilmington, PA-NJ-DE-MD",1
19094,37980,"Philadelphia-Camden-Wilmington, PA-NJ-DE-MD",1
19095,37980,"Philadelphia-Camden-Wilmington, PA-NJ-DE-MD",1
19096,37980,"Philadelphia-Camden-Wilmington, PA-NJ-DE-MD",1
19102,37980,"Philadelphia-Camden-Wilmington, PA-NJ-DE-MD",1
19103,37980,"Philadelphia-Camden-Wilmington, PA-NJ-DE-MD",1
19104,37980,"Philadelphia-Camden-Wilmington, PA-NJ-DE-MD",1
19106,37980,"Philadelphia-Camden-Wilmington, PA-NJ-DE-MD",1
19107,37980,"Philadelphia-Camden-Wilmington, PA-NJ-DE-MD",1
19108,37980,"Philadelphia-Camden-Wilmington, PA-NJ-DE-MD",1
19109,37980,"Philadelphia-Camden-Wilmington, PA-NJ-DE-MD",1
19111,37980,"Philadelphia-Camden-Wilmington, PA-NJ-DE-MD",1
19112,37980,"Philadelphia-Camden-Wilmington, PA-NJ-DE-MD",1
19113,37980,"Philadelphia-Camden-Wilmington, PA-NJ-DE-MD",1
19114,37980,"Philadelphia-Camden-Wilmington, PA-NJ-DE-MD",1
19115,37980,"Philadelphia-Camden-Wilmington, PA-NJ-DE-MD",1
19116,37980,"Philadelphia-Camden-Wilmington, PA-NJ-DE-MD",1
19118,37980,"Philadelphia-Camden-Wilmington, PA-NJ-DE-MD",1
19119,37980,"Philadelphia-Camden-Wilmington, PA-NJ-DE-MD",1
19120,37980,"Philadelphia-Camden-Wilmington, PA-NJ-DE-MD",1
19121,37980,"Philadelphia-Camden-Wilmington, PA-NJ-DE-MD",1
19122,37980,"Philadelphia-Camden-Wilmington, PA-NJ-DE-MD",1
19123,37980,"Philadelphia-Camden-Wilmington, PA-NJ-DE-MD",1
19124,37980,"Philadelphia-Camden-Wilmington, PA-NJ-DE-MD",1
19125,37980,"Philadelphia-Camden-Wilmington, PA-NJ-DE-MD",1
19126,37980,"Philadelphia-Camden-Wilmington, PA-NJ-DE-MD",1
19127,37980,"Philadelphia-Camden-Wilmington, PA-NJ-DE-MD",1
19128,37980,"Philadelphia-Camden-Wilmington, PA-NJ-DE-MD",1
19129,37980,"Philadelphia-Camden-Wilmington, PA-NJ-DE-MD",1
19130,37980,"Philadelphia-Camden-Wilmington, PA-NJ-DE-MD",1
19131,37980,"Philadelphia-Camden-Wilmington, PA-NJ-DE-MD",1
19132,37980,"Philadelphia-Camden-Wilmington, PA-NJ-DE-MD",1
19133,37980,"Philadelphia-Camden-Wilmington, PA-NJ-DE-MD",1
19134,37980,"Philadelphia-Camden-Wilmington, PA-NJ-DE-MD",1
19135,37980,"Philadelphia-Camden-Wilmington, PA-NJ-DE-MD",1
19136,37980,"Philadelphia-Camden-Wilmington, PA-NJ-DE-MD",1
19137,37980,"Philadelphia-Camden-Wilmington, PA-NJ-DE-MD",1
19138,37980,"Philadelphia-Camden-Wilmington, PA-NJ-DE-MD",1
19139,37980,"Philadelphia-Camden-Wilmington, PA-NJ-DE-MD",1
19140,37980,"Philadelphia-Camden-Wilmington, PA-NJ-DE-MD",1
19141,37980,"Philadelphia-Camden-Wilmington, PA-NJ-DE-MD",1
19142,37980,"Philadelphia-Camden-Wilmington, PA-NJ-DE-MD",1
19143,37980,"Philadelphia-Camden-Wilmington, PA-NJ-DE-MD",1
19144,37980,"Philadelphia-Camden-Wilmington, PA-NJ-DE-MD",1
19145,37980,"Philadelphia-Camden-Wilmington, PA-NJ-DE-MD",1
19146,37980,"Philadelphia-Camden-Wilmington, PA-NJ-DE-MD",1
19147,37980,"Philadelphia-Camden-Wilmington, PA-NJ-DE-MD",1
19148,37980,"Philadelphia-Camden-Wilmington, PA-NJ-DE-MD",1
19149,37980,"Philadelphia-Camden-Wilmington, PA-NJ-DE-MD",1
19150,37980,"Philadelphia-Camden-Wilmington, PA-NJ-DE-MD",1
19151,37980,"Philadelphia-Camden-Wilmington, PA-NJ-DE-MD",1
19152,37980,"Philadelphia-Camden-Wilmington, PA-NJ-DE-MD",1
19153,37980,"Philadelphia-Camden-Wilmington, PA-NJ-DE-MD",1
19154,37980,"Philadelphia-Camden-Wilmington, PA-NJ-DE-MD",1
19301,37980,"Philadelphia-Camden-Wilmington, PA-NJ-DE-MD",1
19310,37980,"Philadelphia-Camden-Wilmington, PA-NJ-DE-MD",1
19311,37980,"Philadelphia-Camden-Wilmington, PA-NJ-DE-MD",1
19312,37980,"Philadelphia-Camden-Wilmington, PA-NJ-DE-MD",1
19316,37980,"Philadelphia-Camden-Wilmington, PA-NJ-DE-MD",1
19317,37980,"Philadelphia-Camden-Wilmington, PA-NJ-DE-MD",1
19319,37980,"Philadelphia-Camden-Wilmington, PA-NJ-DE-MD",1
19320,37980,"Philadelphia-Camden-Wilmington, PA-NJ-DE-MD",1
19330,37980,"Philadelphia-Camden-Wilmington, PA-NJ-DE-MD",1
19333,37980,"Philadelphia-Camden-Wilmington, PA-NJ-DE-MD",1
19335,37980,"Philadelphia-Camden-Wilmington, PA-NJ-DE-MD",1
19341,37980,"Philadelphia-Camden-Wilmington, PA-NJ-DE-MD",1
19342,37980,"Philadelphia-Camden-Wilmington, PA-NJ-DE-MD",1
19343,37980,"Philadelphia-Camden-Wilmington, PA-NJ-DE-MD",1
19344,37980,"Philadelphia-Camden-Wilmington, PA-NJ-DE-MD",1
19345,37980,"Philadelphia-Camden-Wilmington, PA-NJ-DE-MD",1
19348,37980,"Philadelphia-Camden-Wilmington, PA-NJ-DE-MD",1
19350,37980,"Philadelphia-Camden-Wilmington, PA-NJ-DE-MD",1
19352,37980,"Philadelphia-Camden-Wilmington, PA-NJ-DE-MD",1
19355,37980,"Philadelphia-Camden-Wilmington, PA-NJ-DE-MD",1
19358,37980,"Philadelphia-Camden-Wilmington, PA-NJ-DE-MD",1
19362,37980,"Philadelphia-Camden-Wilmington, PA-NJ-DE-MD",1
19363,37980,"Philadelphia-Camden-Wilmington, PA-NJ-DE-MD",1
19365,37980,"Philadelphia-Camden-Wilmington, PA-NJ-DE-MD",1
19367,37980,"Philadelphia-Camden-Wilmington, PA-NJ-DE-MD",1
19369,37980,"Philadelphia-Camden-Wilmington, PA-NJ-DE-MD",1
19372,37980,"Philadelphia-Camden-Wilmington, PA-NJ-DE-MD",1
19373,37980,"Philadelphia-Camden-Wilmington, PA-NJ-DE-MD",1
19374,37980,"Philadelphia-Camden-Wilmington, PA-NJ-DE-MD",1
19375,37980,"Philadelphia-Camden-Wilmington, PA-NJ-DE-MD",1
19380,37980,"Philadelphia-Camden-Wilmington, PA-NJ-DE-MD",1
19382,37980,"Philadelphia-Camden-Wilmington, PA-NJ-DE-MD",1
19383,37980,"Philadelphia-Camden-Wilmington, PA-NJ-DE-MD",1
19390,37980,"Philadelphia-Camden-Wilmington, PA-NJ-DE-MD",1
19401,37980,"Philadelphia-Camden-Wilmington, PA-NJ-DE-MD",1
19403,37980,"Philadelphia-Camden-Wilmington, PA-NJ-DE-MD",1
19405,37980,"Philadelphia-Camden-Wilmington, PA-NJ-DE-MD",1
19406,37980,"Philadelphia-Camden-Wilmington, PA-NJ-DE-MD",1
19422,37980,"Philadelphia-Camden-Wilmington, PA-NJ-DE-MD",1
19425,37980,"Philadelphia-Camden-Wilmington, PA-NJ-DE-MD",1
19426,37980,"Philadelphia-Camden-Wilmington, PA-NJ-DE-MD",1
19428,37980,"Philadelphia-Camden-Wilmington, PA-NJ-DE-MD",1
19435,37980,"Philadelphia-Camden-Wilmington, PA-NJ-DE-MD",1
19436,37980,"Philadelphia-Camden-Wilmington, PA-NJ-DE-MD",1
19437,37980,"Philadelphia-Camden-Wilmington, PA-NJ-DE-MD",1
19438,37980,"Philadelphia-Camden-Wilmington, PA-NJ-DE-MD",1
19440,37980,"Philadelphia-Camden-Wilmington, PA-NJ-DE-MD",1
19442,37980,"Philadelphia-Camden-Wilmington, PA-NJ-DE-MD",1
19444,37980,"Philadelphia-Camden-Wilmington, PA-NJ-DE-MD",1
19446,37980,"Philadelphia-Camden-Wilmington, PA-NJ-DE-MD",1
19453,37980,"Philadelphia-Camden-Wilmington, PA-NJ-DE-MD",1
19454,37980,"Philadelphia-Camden-Wilmington, PA-NJ-DE-MD",1
19456,37980,"Philadelphia-Camden-Wilmington, PA-NJ-DE-MD",1
19457,37980,"Philadelphia-Camden-Wilmington, PA-NJ-DE-MD",1
19460,37980,"Philadelphia-Camden-Wilmington, PA-NJ-DE-MD",1
19462,37980,"Philadelphia-Camden-Wilmington, PA-NJ-DE-MD",1
19464,37980,"Philadelphia-Camden-Wilmington, PA-NJ-DE-MD",1
19465,37980,"Philadelphia-Camden-Wilmington, PA-NJ-DE-MD",1
19468,37980,"Philadelphia-Camden-Wilmington, PA-NJ-DE-MD",1
19472,37980,"Philadelphia-Camden-Wilmington, PA-NJ-DE-MD",1
19473,37980,"Philadelphia-Camden-Wilmington, PA-NJ-DE-MD",1
19474,37980,"Philadelphia-Camden-Wilmington, PA-NJ-DE-MD",1
19475,37980,"Philadelphia-Camden-Wilmington, PA-NJ-DE-MD",1
19477,37980,"Philadelphia-Camden-Wilmington, PA-NJ-DE-MD",1
19490,37980,"Philadelphia-Camden-Wilmington, PA-NJ-DE-MD",1
19492,37980,"Philadelphia-Camden-Wilmington, PA-NJ-DE-MD",1
19501,29540,"Lancaster, PA",1
19503,39740,"Reading, PA",1
19504,39740,"Reading, PA",1
19505,39740,"Reading, PA",1
19506,39740,"Reading, PA",1
19507,39740,"Reading, PA",1
19508,39740,"Reading, PA",1
19510,39740,"Reading, PA",1
19511,39740,"Reading, PA",1
19512,39740,"Reading, PA",1
19516,39740,"Reading, PA",1
19518,39740,"Reading, PA",1
19520,37980,"Philadelphia-Camden-Wilmington, PA-NJ-DE-MD",1
19522,39740,"Reading, PA",1
19523,39740,"Reading, PA",1
19525,37980,"Philadelphia-Camden-Wilmington, PA-NJ-DE-MD",1
19526,39740,"Reading, PA",1
19529,39740,"Reading, PA",1
19530,39740,"Reading, PA",1
19533,39740,"Reading, PA",1
19534,39740,"Reading, PA",1
19535,39740,"Reading, PA",1
19536,39740,"Reading, PA",1
19538,39740,"Reading, PA",1
19539,39740,"Reading, PA",1
19540,39740,"Reading, PA",1
19541,39740,"Reading, PA",1
19543,39740,"Reading, PA",1
19544,39740,"Reading, PA",1
19545,39740,"Reading, PA",1
19547,39740,"Reading, PA",1
19549,39060,"Pottsville, PA",0
19550,39740,"Reading, PA",1
19551,39740,"Reading, PA",1
19554,39740,"Reading, PA",1
19555,39740,"Reading, PA",1
19559,39740,"Reading, PA",1
19560,39740,"Reading, PA",1
19562,39740,"Reading, PA",1
19564,39740,"Reading, PA",1
19565,39740,"Reading, PA",1
19567,39740,"Reading, PA",1
19601,39740,"Reading, PA",1
19602,39740,"Reading, PA",1
19604,39740,"Reading, PA",1
19605,39740,"Reading, PA",1
19606,39740,"Reading, PA",1
19607,39740,"Reading, PA",1
19608,39740,"Reading, PA",1
19609,39740,"Reading, PA",1
19610,39740,"Reading, PA",1
19611,39740,"Reading, PA",1
19701,37980,"Philadelphia-Camden-Wilmington, PA-NJ-DE-MD",1
19702,37980,"Philadelphia-Camden-Wilmington, PA-NJ-DE-MD",1
19703,37980,"Philadelphia-Camden-Wilmington, PA-NJ-DE-MD",1
19706,37980,"Philadelphia-Camden-Wilmington, PA-NJ-DE-MD",1
19707,37980,"Philadelphia-Camden-Wilmington, PA-NJ-DE-MD",1
19709,37980,"Philadelphia-Camden-Wilmington, PA-NJ-DE-MD",1
19710,37980,"Philadelphia-Camden-Wilmington, PA-NJ-DE-MD",1
19711,37980,"Philadelphia-Camden-Wilmington, PA-NJ-DE-MD",1
19713,37980,"Philadelphia-Camden-Wilmington, PA-NJ-DE-MD",1
19716,37980,"Philadelphia-Camden-Wilmington, PA-NJ-DE-MD",1
19717,37980,"Philadelphia-Camden-Wilmington, PA-NJ-DE-MD",1
19720,37980,"Philadelphia-Camden-Wilmington, PA-NJ-DE-MD",1
19730,37980,"Philadelphia-Camden-Wilmington, PA-NJ-DE-MD",1
19731,37980,"Philadelphia-Camden-Wilmington, PA-NJ-DE-MD",1
19732,37980,"Philadelphia-Camden-Wilmington, PA-NJ-DE-MD",1
19733,37980,"Philadelphia-Camden-Wilmington, PA-NJ-DE-MD",1
19734,37980,"Philadelphia-Camden-Wilmington, PA-NJ-DE-MD",1
19735,37980,"Philadelphia-Camden-Wilmington, PA-NJ-DE-MD",1
19736,37980,"Philadelphia-Camden-Wilmington, PA-NJ-DE-MD",1
19801,37980,"Philadelphia-Camden-Wilmington, PA-NJ-DE-MD",1
19802,37980,"Philadelphia-Camden-Wilmington, PA-NJ-DE-MD",1
19803,37980,"Philadelphia-Camden-Wilmington, PA-NJ-DE-MD",1
19804,37980,"Philadelphia-Camden-Wilmington, PA-NJ-DE-MD",1
19805,37980,"Philadelphia-Camden-Wilmington, PA-NJ-DE-MD",1
19806,37980,"Philadelphia-Camden-Wilmington, PA-NJ-DE-MD",1
19807,37980,"Philadelphia-Camden-Wilmington, PA-NJ-DE-MD",1
19808,37980,"Philadelphia-Camden-Wilmington, PA-NJ-DE-MD",1
19809,37980,"Philadelphia-Camden-Wilmington, PA-NJ-DE-MD",1
19810,37980,"Philadelphia-Camden-Wilmington, PA-NJ-DE-MD",1
19901,20100,"Dover, DE",1
19902,20100,"Dover, DE",1
19904,20100,"Dover, DE",1
19930,42580,"Seaford, DE",0
19931,42580,"Seaford, DE",0
19933,42580,"Seaford, DE",0
19934,20100,"Dover, DE",1
19936,20100,"Dover, DE",1
19938,20100,"Dover, DE",1
19939,42580,"Seaford, DE",0
19940,42580,"Seaford, DE",0
19941,42580,"Seaford, DE",0
19943,20100,"Dover, DE",1
19944,42580,"Seaford, DE",0
19945,42580,"Seaford, DE",0
19946,20100,"Dover, DE",1
19947,42580,"Seaford, DE",0
19950,42580,"Seaford, DE",0
19951,42580,"Seaford, DE",0
19952,20100,"Dover, DE",1
19953,20100,"Dover, DE",1
19954,20100,"Dover, DE",1
19955,20100,"Dover, DE",1
19956,42580,"Seaford, DE",0
19958,42580,"Seaford, DE",0
19960,42580,"Seaford, DE",0
19962,20100,"Dover, DE",1
19963,42580,"Seaford, DE",0
19964,20100,"Dover, DE",1
19966,42580,"Seaford, DE",0
19967,42580,"Seaford, DE",0
19968,42580,"Seaford, DE",0
19970,42580,"Seaford, DE",0
19971,42580,"Seaford, DE",0
19973,42580,"Seaford, DE",0
19975,42580,"Seaford, DE",0
19977,20100,"Dover, DE",1
19979,20100,"Dover, DE",1
19980,20100,"Dover, DE",1
20001,47900,"Washington-Arlington-Alexandria, DC-VA-MD-WV",1
20002,47900,"Washington-Arlington-Alexandria, DC-VA-MD-WV",1
20003,47900,"Washington-Arlington-Alexandria, DC-VA-MD-WV",1
20004,47900,"Washington-Arlington-Alexandria, DC-VA-MD-WV",1
20005,47900,"Washington-Arlington-Alexandria, DC-VA-MD-WV",1
20006,47900,"Washington-Arlington-Alexandria, DC-VA-MD-WV",1
20007,47900,"Washington-Arlington-Alexandria, DC-VA-MD-WV",1
20008,47900,"Washington-Arlington-Alexandria, DC-VA-MD-WV",1
20009,47900,"Washington-Arlington-Alexandria, DC-VA-MD-WV",1
20010,47900,"Washington-Arlington-Alexandria, DC-VA-MD-WV",1
20011,47900,"Washington-Arlington-Alexandria, DC-VA-MD-WV",1
20012,47900,"Washington-Arlington-Alexandria, DC-VA-MD-WV",1
20015,47900,"Washington-Arlington-Alexandria, DC-VA-MD-WV",1
20016,47900,"Washington-Arlington-Alexandria, DC-VA-MD-WV",1
20017,47900,"Washington-Arlington-Alexandria, DC-VA-MD-WV",1
20018,47900,"Washington-Arlington-Alexandria, DC-VA-MD-WV",1
20019,47900,"Washington-Arlington-Alexandria, DC-VA-MD-WV",1
20020,47900,"Washington-Arlington-Alexandria, DC-VA-MD-WV",1
20024,47900,"Washington-Arlington-Alexandria, DC-VA-MD-WV",1
20032,47900,"Washington-Arlington-Alexandria, DC-VA-MD-WV",1
20036,47900,"Washington-Arlington-Alexandria, DC-VA-MD-WV",1
20037,47900,"Washington-Arlington-Alexandria, DC-VA-MD-WV",1
20045,47900,"Washington-Arlington-Alexandria, DC-VA-MD-WV",1
20052,47900,"Washington-Arlington-Alexandria, DC-VA-MD-WV",1
20057,47900,"Washington-Arlington-Alexandria, DC-VA-MD-WV",1
20059,47900,"Washington-Arlington-Alexandria, DC-VA-MD-WV",1
20064,47900,"Washington-Arlington-Alexandria, DC-VA-MD-WV",1
20105,47900,"Washington-Arlington-Alexandria, DC-VA-MD-WV",1
20106,47900,"Washington-Arlington-Alexandria, DC-VA-MD-WV",1
20109,47900,"Washington-Arlington-Alexandria, DC-VA-MD-WV",1
20110,47900,"Washington-Arlington-Alexandria, DC-VA-MD-WV",1
20111,47900,"Washington-Arlington-Alexandria, DC-VA-MD-WV",1
20112,47900,"Washington-Arlington-Alexandria, DC-VA-MD-WV",1
20115,47900,"Washington-Arlington-Alexandria, DC-VA-MD-WV",1
20117,47900,"Washington-Arlington-Alexandria, DC-VA-MD-WV",1
20119,47900,"Washington-Arlington-Alexandria, DC-VA-MD-WV",1
20120,47900,"Washington-Arlington-Alexandria, DC-VA-MD-WV",1
20121,47900,"Washington-Arlington-Alexandria, DC-VA-MD-WV",1
20124,47900,"Washington-Arlington-Alexandria, DC-VA-MD-WV",1
20129,47900,"Washington-Arlington-Alexandria, DC-VA-MD-WV",1
20130,47900,"Washington-Arlington-Alexandria, DC-VA-MD-WV",1
20132,47900,"Washington-Arlington-Alexandria, DC-VA-MD-WV",1
20135,47900,"Washington-Arlington-Alexandria, DC-VA-MD-WV",1
20136,47900,"Washington-Arlington-Alexandria, DC-VA-MD-WV",1
20137,47900,"Washington-Arlington-Alexandria, DC-VA-MD-WV",1
20141,47900,"Washington-Arlington-Alexandria, DC-VA-MD-WV",1
20143,47900,"Washington-Arlington-Alexandria, DC-VA-MD-WV",1
20144,47900,"Washington-Arlington-Alexandria, DC-VA-MD-WV",1
20147,47900,"Washington-Arlington-Alexandria, DC-VA-MD-WV",1
20148,47900,"Washington-Arlington-Alexandria, DC-VA-MD-WV",1
20151,47900,"Washington-Arlington-Alexandria, DC-VA-MD-WV",1
20152,47900,"Washington-Arlington-Alexandria, DC-VA-MD-WV",1
20155,47900,"Washington-Arlington-Alexandria, DC-VA-MD-WV",1
20158,47900,"Washington-Arlington-Alexandria, DC-VA-MD-WV",1
20164,47900,"Washington-Arlington-Alexandria, DC-VA-MD-WV",1
20165,47900,"Washington-Arlington-Alexandria, DC-VA-MD-WV",1
20166,47900,"Washington-Arlington-Alexandria, DC-VA-MD-WV",1
20169,47900,"Washington-Arlington-Alexandria, DC-VA-MD-WV",1
20170,47900,"Washington-Arlington-Alexandria, DC-VA-MD-WV",1
20171,47900,"Washington-Arlington-Alexandria, DC-VA-MD-WV",1
20175,47900,"Washington-Arlington-Alexandria, DC-VA-MD-WV",1
20176,47900,"Washington-Arlington-Alexandria, DC-VA-MD-WV",1
20180,47900,"Washington-Arlington-Alexandria, DC-VA-MD-WV",1
20181,47900,"Washington-Arlington-Alexandria, DC-VA-MD-WV",1
20184,47900,"Washington-Arlington-Alexandria, DC-VA-MD-WV",1
20186,47900,"Washington-Arlington-Alexandria, DC-VA-MD-WV",1
20187,47900,"Washington-Arlington-Alexandria, DC-VA-MD-WV",1
20190,47900,"Washington-Arlington-Alexandria, DC-VA-MD-WV",1
20191,47900,"Washington-Arlington-Alexandria, DC-VA-MD-WV",1
20194,47900,"Washington-Arlington-Alexandria, DC-VA-MD-WV",1
20197,47900,"Washington-Arlington-Alexandria, DC-VA-MD-WV",1
20198,47900,"Washington-Arlington-Alexandria, DC-VA-MD-WV",1
20204,47900,"Washington-Arlington-Alexandria, DC-VA-MD-WV",1
20220,47900,"Washington-Arlington-Alexandria, DC-VA-MD-WV",1
20230,47900,"Washington-Arlington-Alexandria, DC-VA-MD-WV",1
20240,47900,"Washington-Arlington-Alexandria, DC-VA-MD-WV",1
20245,47900,"Washington-Arlington-Alexandria, DC-VA-MD-WV",1
20250,47900,"Washington-Arlington-Alexandria, DC-VA-MD-WV",1
20260,47900,"Washington-Arlington-Alexandria, DC-VA-MD-WV",1
20317,47900,"Washington-Arlington-Alexandria, DC-VA-MD-WV",1
20319,47900,"Washington-Arlington-Alexandria, DC-VA-MD-WV",1
20373,47900,"Washington-Arlington-Alexandria, DC-VA-MD-WV",1
20388,47900,"Washington-Arlington-Alexandria, DC-VA-MD-WV",1
20390,47900,"Washington-Arlington-Alexandria, DC-VA-MD-WV",1
20408,47900,"Washington-Arlington-Alexandria, DC-VA-MD-WV",1
20415,47900,"Washington-Arlington-Alexandria, DC-VA-MD-WV",1
20418,47900,"Washington-Arlington-Alexandria, DC-VA-MD-WV",1
20422,47900,"Washington-Arlington-Alexandria, DC-VA-MD-WV",1
20427,47900,"Washington-Arlington-Alexandria, DC-VA-MD-WV",1
20431,47900,"Washington-Arlington-Alexandria, DC-VA-MD-WV",1
20510,47900,"Washington-Arlington-Alexandria, DC-VA-MD-WV",1
20515,47900,"Washington-Arlington-Alexandria, DC-VA-MD-WV",1
20520,47900,"Washington-Arlington-Alexandria, DC-VA-MD-WV",1
20530,47900,"Washington-Arlington-Alexandria, DC-VA-MD-WV",1
20535,47900,"Washington-Arlington-Alexandria, DC-VA-MD-WV",1
20540,47900,"Washington-Arlington-Alexandria, DC-VA-MD-WV",1
20542,47900,"Washington-Arlington-Alexandria, DC-VA-MD-WV",1
20551,47900,"Washington-Arlington-Alexandria, DC-VA-MD-WV",1
20560,47900,"Washington-Arlington-Alexandria, DC-VA-MD-WV",1
20565,47900,"Washington-Arlington-Alexandria, DC-VA-MD-WV",1
20566,47900,"Washington-Arlington-Alexandria, DC-VA-MD-WV",1
20591,47900,"Washington-Arlington-Alexandria, DC-VA-MD-WV",1
20601,47900,"Washington-Arlington-Alexandria, DC-VA-MD-WV",1
20602,47900,"Washington-Arlington-Alexandria, DC-VA-MD-WV",1
20603,47900,"Washington-Arlington-Alexandria, DC-VA-MD-WV",1
20606,30500,"Lexington Park, MD",1
20607,47900,"Washington-Arlington-Alexandria, DC-VA-MD-WV",1
20608,47900,"Washington-Arlington-Alexandria, DC-VA-MD-WV",1
20609,30500,"Lexington Park, MD",1
20611,47900,"Washington-Arlington-Alexandria, DC-VA-MD-WV",1
20612,47900,"Washington-Arlington-Alexandria, DC-VA-MD-WV",1
20613,47900,"Washington-Arlington-Alexandria, DC-VA-MD-WV",1
20615,30500,"Lexington Park, MD",1
20616,47900,"Washington-Arlington-Alexandria, DC-VA-MD-WV",1
20617,47900,"Washington-Arlington-Alexandria, DC-VA-MD-WV",1
20618,30500,"Lexington Park, MD",1
20619,30500,"Lexington Park, MD",1
20620,30500,"Lexington Park, MD",1
20621,30500,"Lexington Park, MD",1
20622,47900,"Washington-Arlington-Alexandria, DC-VA-MD-WV",1
20623,47900,"Washington-Arlington-Alexandria, DC-VA-MD-WV",1
20624,30500,"Lexington Park, MD",1
20625,47900,"Washington-Arlington-Alexandria, DC-VA-MD-WV",1
20626,30500,"Lexington Park, MD",1
20628,30500,"Lexington Park, MD",1
20629,30500,"Lexington Park, MD",1
20630,30500,"Lexington Park, MD",1
20632,47900,"Washington-Arlington-Alexandria, DC-VA-MD-WV",1
20634,30500,"Lexington Park, MD",1
20636,30500,"Lexington Park, MD",1
20637,47900,"Washington-Arlington-Alexandria, DC-VA-MD-WV",1
20639,30500,"Lexington Park, MD",1
20640,47900,"Washington-Arlington-Alexandria, DC-VA-MD-WV",1
20645,47900,"Washington-Arlington-Alexandria, DC-VA-MD-WV",1
20646,47900,"Washington-Arlington-Alexandria, DC-VA-MD-WV",1
20650,30500,"Lexington Park, MD",1
20653,30500,"Lexington Park, MD",1
20656,30500,"Lexington Park, MD",1
20657,30500,"Lexington Park, MD",1
20658,47900,"Washington-Arlington-Alexandria, DC-VA-MD-WV",1
20659,30500,"Lexington Park, MD",1
20660,30500,"Lexington Park, MD",1
20661,47900,"Washington-Arlington-Alexandria, DC-VA-MD-WV",1
20662,47900,"Washington-Arlington-Alexandria, DC-VA-MD-WV",1
20664,47900,"Washington-Arlington-Alexandria, DC-VA-MD-WV",1
20667,30500,"Lexington Park, MD",1
20670,30500,"Lexington Park, MD",1
20674,30500,"Lexington Park, MD",1
20675,47900,"Washington-Arlington-Alexandria, DC-VA-MD-WV",1
20676,30500,"Lexington Park, MD",1
20677,47900,"Washington-Arlington-Alexandria, DC-VA-MD-WV",1
20678,30500,"Lexington Park, MD",1
20680,30500,"Lexington Park, MD",1
20684,30500,"Lexington Park, MD",1
20685,30500,"Lexington Park, MD",1
20686,30500,"Lexington Park, MD",1
20687,30500,"Lexington Park, MD",1
20688,30500,"Lexington Park, MD",1
20689,30500,"Lexington Park, MD",1
20690,30500,"Lexington Park, MD",1
20692,30500,"Lexington Park, MD",1
20693,47900,"Washington-Arlington-Alexandria, DC-VA-MD-WV",1
20695,47900,"Washington-Arlington-Alexandria, DC-VA-MD-WV",1
20701,12580,"Baltimore-Columbia-Towson, MD",1
20705,47900,"Washington-Arlington-Alexandria, DC-VA-MD-WV",1
20706,47900,"Washington-Arlington-Alexandria, DC-VA-MD-WV",1
20707,47900,"Washington-Arlington-Alexandria, DC-VA-MD-WV",1
20708,47900,"Washington-Arlington-Alexandria, DC-VA-MD-WV",1
20710,47900,"Washington-Arlington-Alexandria, DC-VA-MD-WV",1
20711,12580,"Baltimore-Columbia-Towson, MD",1
20712,47900,"Washington-Arlington-Alexandria, DC-VA-MD-WV",1
20714,12580,"Baltimore-Columbia-Towson, MD",1
20715,47900,"Washington-Arlington-Alexandria, DC-VA-MD-WV",1
20716,47900,"Washington-Arlington-Alexandria, DC-VA-MD-WV",1
20720,47900,"Washington-Arlington-Alexandria, DC-VA-MD-WV",1
20721,47900,"Washington-Arlington-Alexandria, DC-VA-MD-WV",1
20722,47900,"Washington-Arlington-Alexandria, DC-VA-MD-WV",1
20723,12580,"Baltimore-Columbia-Towson, MD",1
20724,12580,"Baltimore-Columbia-Towson, MD",1
20732,30500,"Lexington Park, MD",1
20733,12580,"Baltimore-Columbia-Towson, MD",1
20735,47900,"Washington-Arlington-Alexandria, DC-VA-MD-WV",1
20736,30500,"Lexington Park, MD",1
20737,47900,"Washington-Arlington-Alexandria, DC-VA-MD-WV",1
20740,47900,"Washington-Arlington-Alexandria, DC-VA-MD-WV",1
20742,47900,"Washington-Arlington-Alexandria, DC-VA-MD-WV",1
20743,47900,"Washington-Arlington-Alexandria, DC-VA-MD-WV",1
20744,47900,"Washington-Arlington-Alexandria, DC-VA-MD-WV",1
20745,47900,"Washington-Arlington-Alexandria, DC-VA-MD-WV",1
20746,47900,"Washington-Arlington-Alexandria, DC-VA-MD-WV",1
20747,47900,"Washington-Arlington-Alexandria, DC-VA-MD-WV",1
20748,47900,"Washington-Arlington-Alexandria, DC-VA-MD-WV",1
20751,12580,"Baltimore-Columbia-Towson, MD",1
20754,30500,"Lexington Park, MD",1
20755,12580,"Baltimore-Columbia-Towson, MD",1
20758,12580,"Baltimore-Columbia-Towson, MD",1
20759,12580,"Baltimore-Columbia-Towson, MD",1
20762,47900,"Washington-Arlington-Alexandria, DC-VA-MD-WV",1
20763,12580,"Baltimore-Columbia-Towson, MD",1
20764,12580,"Baltimore-Columbia-Towson, MD",1
20765,12580,"Baltimore-Columbia-Towson, MD",1
20769,47900,"Washington-Arlington-Alexandria, DC-VA-MD-WV",1
20770,47900,"Washington-Arlington-Alexandria, DC-VA-MD-WV",1
20771,47900,"Washington-Arlington-Alexandria, DC-VA-MD-WV",1
20772,47900,"Washington-Arlington-Alexandria, DC-VA-MD-WV",1
20774,47900,"Washington-Arlington-Alexandria, DC-VA-MD-WV",1
20776,12580,"Baltimore-Columbia-Towson, MD",1
20777,12580,"Baltimore-Columbia-Towson, MD",1
20778,12580,"Baltimore-Columbia-Towson, MD",1
20779,12580,"Baltimore-Columbia-Towson, MD",1
20781,47900,"Washington-Arlington-Alexandria, DC-VA-MD-WV",1
20782,47900,"Washington-Arlington-Alexandria, DC-VA-MD-WV",1
20783,47900,"Washington-Arlington-Alexandria, DC-VA-MD-WV",1
20784,47900,"Washington-Arlington-Alexandria, DC-VA-MD-WV",1
20785,47900,"Washington-Arlington-Alexandria, DC-VA-MD-WV",1
20794,12580,"Baltimore-Columbia-Towson, MD",1
20812,47900,"Washington-Arlington-Alexandria, DC-VA-MD-WV",1
20814,47900,"Washington-Arlington-Alexandria, DC-VA-MD-WV",1
20815,47900,"Washington-Arlington-Alexandria, DC-VA-MD-WV",1
20816,47900,"Washington-Arlington-Alexandria, DC-VA-MD-WV",1
20817,47900,"Washington-Arlington-Alexandria, DC-VA-MD-WV",1
20818,47900,"Washington-Arlington-Alexandria, DC-VA-MD-WV",1
20832,47900,"Washington-Arlington-Alexandria, DC-VA-MD-WV",1
20833,47900,"Washington-Arlington-Alexandria, DC-VA-MD-WV",1
20837,47900,"Washington-Arlington-Alexandria, DC-VA-MD-WV",1
20838,47900,"Washington-Arlington-Alexandria, DC-VA-MD-WV",1
20839,47900,"Washington-Arlington-Alexandria, DC-VA-MD-WV",1
20841,47900,"Washington-Arlington-Alexandria, DC-VA-MD-WV",1
20842,47900,"Washington-Arlington-Alexandria, DC-VA-MD-WV",1
20850,47900,"Washington-Arlington-Alexandria, DC-VA-MD-WV",1
20851,47900,"Washington-Arlington-Alexandria, DC-VA-MD-WV",1
20852,47900,"Washington-Arlington-Alexandria, DC-VA-MD-WV",1
20853,47900,"Washington-Arlington-Alexandria, DC-VA-MD-WV",1
20854,47900,"Washington-Arlington-Alexandria, DC-VA-MD-WV",1
20855,47900,"Washington-Arlington-Alexandria, DC-VA-MD-WV",1
20860,47900,"Washington-Arlington-Alexandria, DC-VA-MD-WV",1
20861,47900,"Washington-Arlington-Alexandria, DC-VA-MD-WV",1
20862,47900,"Washington-Arlington-Alexandria, DC-VA-MD-WV",1
20866,47900,"Washington-Arlington-Alexandria, DC-VA-MD-WV",1
20868,47900,"Washington-Arlington-Alexandria, DC-VA-MD-WV",1
20871,47900,"Washington-Arlington-Alexandria, DC-VA-MD-WV",1
20872,47900,"Washington-Arlington-Alexandria, DC-VA-MD-WV",1
20874,47900,"Washington-Arlington-Alexandria, DC-VA-MD-WV",1
20876,47900,"Washington-Arlington-Alexandria, DC-VA-MD-WV",1
20877,47900,"Washington-Arlington-Alexandria, DC-VA-MD-WV",1
20878,47900,"Washington-Arlington-Alexandria, DC-VA-MD-WV",1
20879,47900,"Washington-Arlington-Alexandria, DC-VA-MD-WV",1
20880,47900,"Washington-Arlington-Alexandria, DC-VA-MD-WV",1
20882,47900,"Washington-Arlington-Alexandria, DC-VA-MD-WV",1
20886,47900,"Washington-Arlington-Alexandria, DC-VA-MD-WV",1
20889,47900,"Washington-Arlington-Alexandria, DC-VA-MD-WV",1
20892,47900,"Washington-Arlington-Alexandria, DC-VA-MD-WV",1
20894,47900,"Washington-Arlington-Alexandria, DC-VA-MD-WV",1
20895,47900,"Washington-Arlington-Alexandria, DC-VA-MD-WV",1
20896,47900,"Washington-Arlington-Alexandria, DC-VA-MD-WV",1
20899,47900,"Washington-Arlington-Alexandria, DC-VA-MD-WV",1
20901,47900,"Washington-Arlington-Alexandria, DC-VA-MD-WV",1
20902,47900,"Washington-Arlington-Alexandria, DC-VA-MD-WV",1
20903,47900,"Washington-Arlington-Alexandria, DC-VA-MD-WV",1
20904,47900,"Washington-Arlington-Alexandria, DC-VA-MD-WV",1
20905,47900,"Washington-Arlington-Alexandria, DC-VA-MD-WV",1
20906,47900,"Washington-Arlington-Alexandria, DC-VA-MD-WV",1
20910,47900,"Washington-Arlington-Alexandria, DC-VA-MD-WV",1
20912,47900,"Washington-Arlington-Alexandria, DC-VA-MD-WV",1
21001,12580,"Baltimore-Columbia-Towson, MD",1
21005,12580,"Baltimore-Columbia-Towson, MD",1
21009,12580,"Baltimore-Columbia-Towson, MD",1
21010,12580,"Baltimore-Columbia-Towson, MD",1
21012,12580,"Baltimore-Columbia-Towson, MD",1
21013,12580,"Baltimore-Columbia-Towson, MD",1
21014,12580,"Baltimore-Columbia-Towson, MD",1
21015,12580,"Baltimore-Columbia-Towson, MD",1
21017,12580,"Baltimore-Columbia-Towson, MD",1
21023,12580,"Baltimore-Columbia-Towson, MD",1
21028,12580,"Baltimore-Columbia-Towson, MD",1
21029,12580,"Baltimore-Columbia-Towson, MD",1
21030,12580,"Baltimore-Columbia-Towson, MD",1
21031,12580,"Baltimore-Columbia-Towson, MD",1
21032,12580,"Baltimore-Columbia-Towson, MD",1
21034,12580,"Baltimore-Columbia-Towson, MD",1
21035,12580,"Baltimore-Columbia-Towson, MD",1
21036,12580,"Baltimore-Columbia-Towson, MD",1
21037,12580,"Baltimore-Columbia-Towson, MD",1
21040,12580,"Baltimore-Columbia-Towson, MD",1
21042,12580,"Baltimore-Columbia-Towson, MD",1
21043,12580,"Baltimore-Columbia-Towson, MD",1
21044,12580,"Baltimore-Columbia-Towson, MD",1
21045,12580,"Baltimore-Columbia-Towson, MD",1
21046,12580,"Baltimore-Columbia-Towson, MD",1
21047,12580,"Baltimore-Columbia-Towson, MD",1
21048,12580,"Baltimore-Columbia-Towson, MD",1
21050,12580,"Baltimore-Columbia-Towson, MD",1
21051,12580,"Baltimore-Columbia-Towson, MD",1
21052,12580,"Baltimore-Columbia-Towson, MD",1
21053,12580,"Baltimore-Columbia-Towson, MD",1
21054,12580,"Baltimore-Columbia-Towson, MD",1
21056,12580,"Baltimore-Columbia-Towson, MD",1
21057,12580,"Baltimore-Columbia-Towson, MD",1
21060,12580,"Baltimore-Columbia-Towson, MD",1
21061,12580,"Baltimore-Columbia-Towson, MD",1
21071,12580,"Baltimore-Columbia-Towson, MD",1
21074,12580,"Baltimore-Columbia-Towson, MD",1
21075,12580,"Baltimore-Columbia-Towson, MD",1
21076,12580,"Baltimore-Columbia-Towson, MD",1
21077,12580,"Baltimore-Columbia-Towson, MD",1
21078,12580,"Baltimore-Columbia-Towson, MD",1
21082,12580,"Baltimore-Columbia-Towson, MD",1
21084,12580,"Baltimore-Columbia-Towson, MD",1
21085,12580,"Baltimore-Columbia-Towson, MD",1
21087,12580,"Baltimore-Columbia-Towson, MD",1
21090,12580,"Baltimore-Columbia-Towson, MD",1
21093,12580,"Baltimore-Columbia-Towson, MD",1
21102,12580,"Baltimore-Columbia-Towson, MD",1
21104,12580,"Baltimore-Columbia-Towson, MD",1
21105,12580,"Baltimore-Columbia-Towson, MD",1
21108,12580,"Baltimore-Columbia-Towson, MD",1
21111,12580,"Baltimore-Columbia-Towson, MD",1
21113,12580,"Baltimore-Columbia-Towson, MD",1
21114,12580,"Baltimore-Columbia-Towson, MD",1
21117,12580,"Baltimore-Columbia-Towson, MD",1
21120,12580,"Baltimore-Columbia-Towson, MD",1
21122,12580,"Baltimore-Columbia-Towson, MD",1
21128,12580,"Baltimore-Columbia-Towson, MD",1
21130,12580,"Baltimore-Columbia-Towson, MD",1
21131,12580,"Baltimore-Columbia-Towson, MD",1
21132,12580,"Baltimore-Columbia-Towson, MD",1
21133,12580,"Baltimore-Columbia-Towson, MD",1
21136,12580,"Baltimore-Columbia-Towson, MD",1
21140,12580,"Baltimore-Columbia-Towson, MD",1
21144,12580,"Baltimore-Columbia-Towson, MD",1
21146,12580,"Baltimore-Columbia-Towson, MD",1
21152,12580,"Baltimore-Columbia-Towson, MD",1
21153,12580,"Baltimore-Columbia-Towson, MD",1
21154,12580,"Baltimore-Columbia-Towson, MD",1
21155,12580,"Baltimore-Columbia-Towson, MD",1
21156,12580,"Baltimore-Columbia-Towson, MD",1
21157,12580,"Baltimore-Columbia-Towson, MD",1
21158,12580,"Baltimore-Columbia-Towson, MD",1
21160,12580,"Baltimore-Columbia-Towson, MD",1
21161,12580,"Baltimore-Columbia-Towson, MD",1
21162,12580,"Baltimore-Columbia-Towson, MD",1
21163,12580,"Baltimore-Columbia-Towson, MD",1
21201,12580,"Baltimore-Columbia-Towson, MD",1
21202,12580,"Baltimore-Columbia-Towson, MD",1
21204,12580,"Baltimore-Columbia-Towson, MD",1
21205,12580,"Baltimore-Columbia-Towson, MD",1
21206,12580,"Baltimore-Columbia-Towson, MD",1
21207,12580,"Baltimore-Columbia-Towson, MD",1
21208,12580,"Baltimore-Columbia-Towson, MD",1
21209,12580,"Baltimore-Columbia-Towson, MD",1
21210,12580,"Baltimore-Columbia-Towson, MD",1
21211,12580,"Baltimore-Columbia-Towson, MD",1
21212,12580,"Baltimore-Columbia-Towson, MD",1
21213,12580,"Baltimore-Columbia-Towson, MD",1
21214,12580,"Baltimore-Columbia-Towson, MD",1
21215,12580,"Baltimore-Columbia-Towson, MD",1
21216,12580,"Baltimore-Columbia-Towson, MD",1
21217,12580,"Baltimore-Columbia-Towson, MD",1
21218,12580,"Baltimore-Columbia-Towson, MD",1
21219,12580,"Baltimore-Columbia-Towson, MD",1
21220,12580,"Baltimore-Columbia-Towson, MD",1
21221,12580,"Baltimore-Columbia-Towson, MD",1
21222,12580,"Baltimore-Columbia-Towson, MD",1
21223,12580,"Baltimore-Columbia-Towson, MD",1
21224,12580,"Baltimore-Columbia-Towson, MD",1
21225,12580,"Baltimore-Columbia-Towson, MD",1
21226,12580,"Baltimore-Columbia-Towson, MD",1
21227,12580,"Baltimore-Columbia-Towson, MD",1
21228,12580,"Baltimore-Columbia-Towson, MD",1
21229,12580,"Baltimore-Columbia-Towson, MD",1
21230,12580,"Baltimore-Columbia-Towson, MD",1
21231,12580,"Baltimore-Columbia-Towson, MD",1
21233,12580,"Baltimore-Columbia-Towson, MD",1
21234,12580,"Baltimore-Columbia-Towson, MD",1
21236,12580,"Baltimore-Columbia-Towson, MD",1
21237,12580,"Baltimore-Columbia-Towson, MD",1
21239,12580,"Baltimore-Columbia-Towson, MD",1
21240,12580,"Baltimore-Columbia-Towson, MD",1
21244,12580,"Baltimore-Columbia-Towson, MD",1
21250,12580,"Baltimore-Columbia-Towson, MD",1
21251,12580,"Baltimore-Columbia-Towson, MD",1
21252,12580,"Baltimore-Columbia-Towson, MD",1
21285,12580,"Baltimore-Columbia-Towson, MD",1
21286,12580,"Baltimore-Columbia-Towson, MD",1
21287,12580,"Baltimore-Columbia-Towson, MD",1
21401,12580,"Baltimore-Columbia-Towson, MD",1
21402,12580,"Baltimore-Columbia-Towson, MD",1
21403,12580,"Baltimore-Columbia-Towson, MD",1
21405,12580,"Baltimore-Columbia-Towson, MD",1
21409,12580,"Baltimore-Columbia-Towson, MD",1
21502,19060,"Cumberland, MD-WV",0
21524,19060,"Cumberland, MD-WV",0
21529,19060,"Cumberland, MD-WV",0
21530,19060,"Cumberland, MD-WV",0
21532,19060,"Cumberland, MD-WV",0
21540,19060,"Cumberland, MD-WV",0
21542,19060,"Cumberland, MD-WV",0
21543,19060,"Cumberland, MD-WV",0
21545,19060,"Cumberland, MD-WV",0
21555,19060,"Cumberland, MD-WV",0
21557,19060,"Cumberland, MD-WV",0
21560,19060,"Cumberland, MD-WV",0
21601,20660,"Easton, MD",0
21607,12580,"Baltimore-Columbia-Towson, MD",1
21612,20660,"Easton, MD",0
21613,15700,"Cambridge, MD",0
21617,12580,"Baltimore-Columbia-Towson, MD",1
21619,12580,"Baltimore-Columbia-Towson, MD",1
21622,15700,"Cambridge, MD",0
21623,12580,"Baltimore-Columbia-Towson, MD",1
21624,20660,"Easton, MD",0
21625,20660,"Easton, MD",0
21626,15700,"Cambridge, MD",0
21627,15700,"Cambridge, MD",0
21628,12580,"Baltimore-Columbia-Towson, MD",1
21631,15700,"Cambridge, MD",0
21634,15700,"Cambridge, MD",0
21638,12580,"Baltimore-Columbia-Towson, MD",1
21643,15700,"Cambridge, MD",0
21644,12580,"Baltimore-Columbia-Towson, MD",1
21647,20660,"Easton, MD",0
21648,15700,"Cambridge, MD",0
21649,12580,"Baltimore-Columbia-Towson, MD",1
21652,20660,"Easton, MD",0
21653,20660,"Easton, MD",0
21654,20660,"Easton, MD",0
21657,12580,"Baltimore-Columbia-Towson, MD",1
21658,12580,"Baltimore-Columbia-Towson, MD",1
21659,15700,"Cambridge, MD",0
21662,20660,"Easton, MD",0
21663,20660,"Easton, MD",0
21664,15700,"Cambridge, MD",0
21665,20660,"Easton, MD",0
21666,12580,"Baltimore-Columbia-Towson, MD",1
21668,12580,"Baltimore-Columbia-Towson, MD",1
21669,15700,"Cambridge, MD",0
21671,20660,"Easton, MD",0
21672,15700,"Cambridge, MD",0
21673,20660,"Easton, MD",0
21675,15700,"Cambridge, MD",0
21676,20660,"Easton, MD",0
21677,15700,"Cambridge, MD",0
21679,20660,"Easton, MD",0
21701,47900,"Washington-Arlington-Alexandria, DC-VA-MD-WV",1
21702,47900,"Washington-Arlington-Alexandria, DC-VA-MD-WV",1
21703,47900,"Washington-Arlington-Alexandria, DC-VA-MD-WV",1
21704,47900,"Washington-Arlington-Alexandria, DC-VA-MD-WV",1
21705,47900,"Washington-Arlington-Alexandria, DC-VA-MD-WV",1
21710,47900,"Washington-Arlington-Alexandria, DC-VA-MD-WV",1
21711,25180,"Hagerstown-Martinsburg, MD-WV",1
21713,25180,"Hagerstown-Martinsburg, MD-WV",1
21714,47900,"Washington-Arlington-Alexandria, DC-VA-MD-WV",1
21715,25180,"Hagerstown-Martinsburg, MD-WV",1
21716,47900,"Washington-Arlington-Alexandria, DC-VA-MD-WV",1
21717,47900,"Washington-Arlington-Alexandria, DC-VA-MD-WV",1
21718,47900,"Washington-Arlington-Alexandria, DC-VA-MD-WV",1
21719,25180,"Hagerstown-Martinsburg, MD-WV",1
21722,25180,"Hagerstown-Martinsburg, MD-WV",1
21723,12580,"Baltimore-Columbia-Towson, MD",1
21727,47900,"Washington-Arlington-Alexandria, DC-VA-MD-WV",1
21733,25180,"Hagerstown-Martinsburg, MD-WV",1
21734,25180,"Hagerstown-Martinsburg, MD-WV",1
21737,12580,"Baltimore-Columbia-Towson, MD",1
21738,12580,"Baltimore-Columbia-Towson, MD",1
21740,25180,"Hagerstown-Martinsburg, MD-WV",1
21742,25180,"Hagerstown-Martinsburg, MD-WV",1
21746,25180,"Hagerstown-Martinsburg, MD-WV",1
21750,25180,"Hagerstown-Martinsburg, MD-WV",1
21754,47900,"Washington-Arlington-Alexandria, DC-VA-MD-WV",1
21755,47900,"Washington-Arlington-Alexandria, DC-VA-MD-WV",1
21756,25180,"Hagerstown-Martinsburg, MD-WV",1
21757,12580,"Baltimore-Columbia-Towson, MD",1
21758,47900,"Washington-Arlington-Alexandria, DC-VA-MD-WV",1
21762,47900,"Washington-Arlington-Alexandria, DC-VA-MD-WV",1
21766,19060,"Cumberland, MD-WV",0
21767,25180,"Hagerstown-Martinsburg, MD-WV",1
21769,47900,"Washington-Arlington-Alexandria, DC-VA-MD-WV",1
21770,47900,"Washington-Arlington-Alexandria, DC-VA-MD-WV",1
21771,47900,"Washington-Arlington-Alexandria, DC-VA-MD-WV",1
21773,47900,"Washington-Arlington-Alexandria, DC-VA-MD-WV",1
21774,47900,"Washington-Arlington-Alexandria, DC-VA-MD-WV",1
21776,12580,"Baltimore-Columbia-Towson, MD",1
21777,47900,"Washington-Arlington-Alexandria, DC-VA-MD-WV",1
21778,47900,"Washington-Arlington-Alexandria, DC-VA-MD-WV",1
21779,25180,"Hagerstown-Martinsburg, MD-WV",1
21780,47900,"Washington-Arlington-Alexandria, DC-VA-MD-WV",1
21781,25180,"Hagerstown-Martinsburg, MD-WV",1
21782,25180,"Hagerstown-Martinsburg, MD-WV",1
21783,25180,"Hagerstown-Martinsburg, MD-WV",1
21784,12580,"Baltimore-Columbia-Towson, MD",1
21787,12580,"Baltimore-Columbia-Towson, MD",1
21788,47900,"Washington-Arlington-Alexandria, DC-VA-MD-WV",1
21790,47900,"Washington-Arlington-Alexandria, DC-VA-MD-WV",1
21791,47900,"Washington-Arlington-Alexandria, DC-VA-MD-WV",1
21793,47900,"Washington-Arlington-Alexandria, DC-VA-MD-WV",1
21794,12580,"Baltimore-Columbia-Towson, MD",1
21795,25180,"Hagerstown-Martinsburg, MD-WV",1
21797,12580,"Baltimore-Columbia-Towson, MD",1
21798,47900,"Washington-Arlington-Alexandria, DC-VA-MD-WV",1
21801,41540,"Salisbury, MD",1
21804,41540,"Salisbury, MD",1
21810,41540,"Salisbury, MD",1
21811,36180,"Ocean Pines, MD",0
21813,36180,"Ocean Pines, MD",0
21814,41540,"Salisbury, MD",1
21817,41540,"Salisbury, MD",1
21821,41540,"Salisbury, MD",1
21822,41540,"Salisbury, MD",1
21824,41540,"Salisbury, MD",1
21826,41540,"Salisbury, MD",1
21829,36180,"Ocean Pines, MD",0
21830,41540,"Salisbury, MD",1
21835,15700,"Cambridge, MD",0
21837,41540,"Salisbury, MD",1
21838,41540,"Salisbury, MD",1
21840,41540,"Salisbury, MD",1
21841,36180,"Ocean Pines, MD",0
21842,36180,"Ocean Pines, MD",0
21849,41540,"Salisbury, MD",1
21850,41540,"Salisbury, MD",1
21851,36180,"Ocean Pines, MD",0
21853,41540,"Salisbury, MD",1
21856,41540,"Salisbury, MD",1
21861,41540,"Salisbury, MD",1
21862,36180,"Ocean Pines, MD",0
21863,36180,"Ocean Pines, MD",0
21864,36180,"Ocean Pines, MD",0
21865,41540,"Salisbury, MD",1
21866,41540,"Salisbury, MD",1
21867,41540,"Salisbury, MD",1
21869,15700,"Cambridge, MD",0
21871,41540,"Salisbury, MD",1
21872,36180,"Ocean Pines, MD",0
21874,41540,"Salisbury, MD",1
21875,41540,"Salisbury, MD",1
21890,41540,"Salisbury, MD",1
21901,37980,"Philadelphia-Camden-Wilmington, PA-NJ-DE-MD",1
21902,37980,"Philadelphia-Camden-Wilmington, PA-NJ-DE-MD",1
21903,37980,"Philadelphia-Camden-Wilmington, PA-NJ-DE-MD",1
21904,37980,"Philadelphia-Camden-Wilmington, PA-NJ-DE-MD",1
21911,37980,"Philadelphia-Camden-Wilmington, PA-NJ-DE-MD",1
21912,37980,"Philadelphia-Camden-Wilmington, PA-NJ-DE-MD",1
21913,37980,"Philadelphia-Camden-Wilmington, PA-NJ-DE-MD",1
21914,37980,"Philadelphia-Camden-Wilmington, PA-NJ-DE-MD",1
21915,37980,"Philadelphia-Camden-Wilmington, PA-NJ-DE-MD",1
21917,37980,"Philadelphia-Camden-Wilmington, PA-NJ-DE-MD",1
21918,37980,"Philadelphia-Camden-Wilmington, PA-NJ-DE-MD",1
21919,37980,"Philadelphia-Camden-Wilmington, PA-NJ-DE-MD",1
21920,37980,"Philadelphia-Camden-Wilmington, PA-NJ-DE-MD",1
21921,37980,"Philadelphia-Camden-Wilmington, PA-NJ-DE-MD",1
21930,37980,"Philadelphia-Camden-Wilmington, PA-NJ-DE-MD",1
22003,47900,"Washington-Arlington-Alexandria, DC-VA-MD-WV",1
22015,47900,"Washington-Arlington-Alexandria, DC-VA-MD-WV",1
22025,47900,"Washington-Arlington-Alexandria, DC-VA-MD-WV",1
22026,47900,"Washington-Arlington-Alexandria, DC-VA-MD-WV",1
22027,47900,"Washington-Arlington-Alexandria, DC-VA-MD-WV",1
22030,47900,"Washington-Arlington-Alexandria, DC-VA-MD-WV",1
22031,47900,"Washington-Arlington-Alexandria, DC-VA-MD-WV",1
22032,47900,"Washington-Arlington-Alexandria, DC-VA-MD-WV",1
22033,47900,"Washington-Arlington-Alexandria, DC-VA-MD-WV",1
22035,47900,"Washington-Arlington-Alexandria, DC-VA-MD-WV",1
22039,47900,"Washington-Arlington-Alexandria, DC-VA-MD-WV",1
22041,47900,"Washington-Arlington-Alexandria, DC-VA-MD-WV",1
22042,47900,"Washington-Arlington-Alexandria, DC-VA-MD-WV",1
22043,47900,"Washington-Arlington-Alexandria, DC-VA-MD-WV",1
22044,47900,"Washington-Arlington-Alexandria, DC-VA-MD-WV",1
22046,47900,"Washington-Arlington-Alexandria, DC-VA-MD-WV",1
22060,47900,"Washington-Arlington-Alexandria, DC-VA-MD-WV",1
22066,47900,"Washington-Arlington-Alexandria, DC-VA-MD-WV",1
22079,47900,"Washington-Arlington-Alexandria, DC-VA-MD-WV",1
22101,47900,"Washington-Arlington-Alexandria, DC-VA-MD-WV",1
22102,47900,"Washington-Arlington-Alexandria, DC-VA-MD-WV",1
22124,47900,"Washington-Arlington-Alexandria, DC-VA-MD-WV",1
22125,47900,"Washington-Arlington-Alexandria, DC-VA-MD-WV",1
22134,47900,"Washington-Arlington-Alexandria, DC-VA-MD-WV",1
22150,47900,"Washington-Arlington-Alexandria, DC-VA-MD-WV",1
22151,47900,"Washington-Arlington-Alexandria, DC-VA-MD-WV",1
22152,47900,"Washington-Arlington-Alexandria, DC-VA-MD-WV",1
22153,47900,"Washington-Arlington-Alexandria, DC-VA-MD-WV",1
22172,47900,"Washington-Arlington-Alexandria, DC-VA-MD-WV",1
22180,47900,"Washington-Arlington-Alexandria, DC-VA-MD-WV",1
22181,47900,"Washington-Arlington-Alexandria, DC-VA-MD-WV",1
22182,47900,"Washington-Arlington-Alexandria, DC-VA-MD-WV",1
22191,47900,"Washington-Arlington-Alexandria, DC-VA-MD-WV",1
22192,47900,"Washington-Arlington-Alexandria, DC-VA-MD-WV",1
22193,47900,"Washington-Arlington-Alexandria, DC-VA-MD-WV",1
22201,47900,"Washington-Arlington-Alexandria, DC-VA-MD-WV",1
22202,47900,"Washington-Arlington-Alexandria, DC-VA-MD-WV",1
22203,47900,"Washington-Arlington-Alexandria, DC-VA-MD-WV",1
22204,47900,"Washington-Arlington-Alexandria, DC-VA-MD-WV",1
22205,47900,"Washington-Arlington-Alexandria, DC-VA-MD-WV",1
22206,47900,"Washington-Arlington-Alexandria, DC-VA-MD-WV",1
22207,47900,"Washington-Arlington-Alexandria, DC-VA-MD-WV",1
22209,47900,"Washington-Arlington-Alexandria, DC-VA-MD-WV",1
22211,47900,"Washington-Arlington-Alexandria, DC-VA-MD-WV",1
22213,47900,"Washington-Arlington-Alexandria, DC-VA-MD-WV",1
22214,47900,"Washington-Arlington-Alexandria, DC-VA-MD-WV",1
22301,47900,"Washington-Arlington-Alexandria, DC-VA-MD-WV",1
22302,47900,"Washington-Arlington-Alexandria, DC-VA-MD-WV",1
22303,47900,"Washington-Arlington-Alexandria, DC-VA-MD-WV",1
22304,47900,"Washington-Arlington-Alexandria, DC-VA-MD-WV",1
22305,47900,"Washington-Arlington-Alexandria, DC-VA-MD-WV",1
22306,47900,"Washington-Arlington-Alexandria, DC-VA-MD-WV",1
22307,47900,"Washington-Arlington-Alexandria, DC-VA-MD-WV",1
22308,47900,"Washington-Arlington-Alexandria, DC-VA-MD-WV",1
22309,47900,"Washington-Arlington-Alexandria, DC-VA-MD-WV",1
22310,47900,"Washington-Arlington-Alexandria, DC-VA-MD-WV",1
22311,47900,"Washington-Arlington-Alexandria, DC-VA-MD-WV",1
22312,47900,"Washington-Arlington-Alexandria, DC-VA-MD-WV",1
22314,47900,"Washington-Arlington-Alexandria, DC-VA-MD-WV",1
22315,47900,"Washington-Arlington-Alexandria, DC-VA-MD-WV",1
22401,47900,"Washington-Arlington-Alexandria, DC-VA-MD-WV",1
22405,47900,"Washington-Arlington-Alexandria, DC-VA-MD-WV",1
22406,47900,"Washington-Arlington-Alexandria, DC-VA-MD-WV",1
22407,47900,"Washington-Arlington-Alexandria, DC-VA-MD-WV",1
22408,47900,"Washington-Arlington-Alexandria, DC-VA-MD-WV",1
22433,29470,"Lake of the Woods, VA",0
22437,40060,"Richmond, VA",1
22508,29470,"Lake of the Woods, VA",0
22534,47900,"Washington-Arlington-Alexandria, DC-VA-MD-WV",1
22542,29470,"Lake of the Woods, VA",0
22551,47900,"Washington-Arlington-Alexandria, DC-VA-MD-WV",1
22553,47900,"Washington-Arlington-Alexandria, DC-VA-MD-WV",1
22554,47900,"Washington-Arlington-Alexandria, DC-VA-MD-WV",1
22556,47900,"Washington-Arlington-Alexandria, DC-VA-MD-WV",1
22567,29470,"Lake of the Woods, VA",0
22601,49020,"Winchester, VA-WV",1
22602,49020,"Winchester, VA-WV",1
22603,49020,"Winchester, VA-WV",1
22610,47900,"Washington-Arlington-Alexandria, DC-VA-MD-WV",1
22611,47900,"Washington-Arlington-Alexandria, DC-VA-MD-WV",1
22620,47900,"Washington-Arlington-Alexandria, DC-VA-MD-WV",1
22623,47900,"Washington-Arlington-Alexandria, DC-VA-MD-WV",1
22624,49020,"Winchester, VA-WV",1
22625,49020,"Winchester, VA-WV",1
22627,47900,"Washington-Arlington-Alexandria, DC-VA-MD-WV",1
22630,47900,"Washington-Arlington-Alexandria, DC-VA-MD-WV",1
22637,49020,"Winchester, VA-WV",1
22639,47900,"Washington-Arlington-Alexandria, DC-VA-MD-WV",1
22640,47900,"Washington-Arlington-Alexandria, DC-VA-MD-WV",1
22642,47900,"Washington-Arlington-Alexandria, DC-VA-MD-WV",1
22643,47900,"Washington-Arlington-Alexandria, DC-VA-MD-WV",1
22645,49020,"Winchester, VA-WV",1
22646,47900,"Washington-Arlington-Alexandria, DC-VA-MD-WV",1
22654,49020,"Winchester, VA-WV",1
22655,49020,"Winchester, VA-WV",1
22656,49020,"Winchester, VA-WV",1
22663,47900,"Washington-Arlington-Alexandria, DC-VA-MD-WV",1
22701,47900,"Washington-Arlington-Alexandria, DC-VA-MD-WV",1
22712,47900,"Washington-Arlington-Alexandria, DC-VA-MD-WV",1
22713,47900,"Washington-Arlington-Alexandria, DC-VA-MD-WV",1
22714,47900,"Washington-Arlington-Alexandria, DC-VA-MD-WV",1
22716,47900,"Washington-Arlington-Alexandria, DC-VA-MD-WV",1
22718,47900,"Washington-Arlington-Alexandria, DC-VA-MD-WV",1
22720,47900,"Washington-Arlington-Alexandria, DC-VA-MD-WV",1
22724,47900,"Washington-Arlington-Alexandria, DC-VA-MD-WV",1
22726,47900,"Washington-Arlington-Alexandria, DC-VA-MD-WV",1
22728,47900,"Washington-Arlington-Alexandria, DC-VA-MD-WV",1
22729,47900,"Washington-Arlington-Alexandria, DC-VA-MD-WV",1
22733,47900,"Washington-Arlington-Alexandria, DC-VA-MD-WV",1
22734,47900,"Washington-Arlington-Alexandria, DC-VA-MD-WV",1
22736,47900,"Washington-Arlington-Alexandria, DC-VA-MD-WV",1
22737,47900,"Washington-Arlington-Alexandria, DC-VA-MD-WV",1
22740,47900,"Washington-Arlington-Alexandria, DC-VA-MD-WV",1
22741,47900,"Washington-Arlington-Alexandria, DC-VA-MD-WV",1
22742,47900,"Washington-Arlington-Alexandria, DC-VA-MD-WV",1
22746,47900,"Washington-Arlington-Alexandria, DC-VA-MD-WV",1
22747,47900,"Washington-Arlington-Alexandria, DC-VA-MD-WV",1
22749,47900,"Washington-Arlington-Alexandria, DC-VA-MD-WV",1
22801,25500,"Harrisonburg, VA",1
22802,25500,"Harrisonburg, VA",1
22807,25500,"Harrisonburg, VA",1
22811,25500,"Harrisonburg, VA",1
22812,25500,"Harrisonburg, VA",1
22815,25500,"Harrisonburg, VA",1
22820,25500,"Harrisonburg, VA",1
22821,25500,"Harrisonburg, VA",1
22827,25500,"Harrisonburg, VA",1
22830,25500,"Harrisonburg, VA",1
22831,25500,"Harrisonburg, VA",1
22832,25500,"Harrisonburg, VA",1
22834,25500,"Harrisonburg, VA",1
22840,25500,"Harrisonburg, VA",1
22841,25500,"Harrisonburg, VA",1
22843,44420,"Staunton-Stuarts Draft, VA",1
22846,25500,"Harrisonburg, VA",1
22850,25500,"Harrisonburg, VA",1
22853,25500,"Harrisonburg, VA",1
22901,16820,"Charlottesville, VA",1
22902,16820,"Charlottesville, VA",1
22903,16820,"Charlottesville, VA",1
22904,16820,"Charlottesville, VA",1
22908,16820,"Charlottesville, VA",1
22911,16820,"Charlottesville, VA",1
22920,16820,"Charlottesville, VA",1
22922,16820,"Charlottesville, VA",1
22923,16820,"Charlottesville, VA",1
22931,16820,"Charlottesville, VA",1
22932,16820,"Charlottesville, VA",1
22935,16820,"Charlottesville, VA",1
22936,16820,"Charlottesville, VA",1
22937,16820,"Charlottesville, VA",1
22938,16820,"Charlottesville, VA",1
22939,44420,"Staunton-Stuarts Draft, VA",1
22940,16820,"Charlottesville, VA",1
22943,16820,"Charlottesville, VA",1
22946,16820,"Charlottesville, VA",1
22947,16820,"Charlottesville, VA",1
22949,16820,"Charlottesville, VA",1
22952,44420,"Staunton-Stuarts Draft, VA",1
22957,29470,"Lake of the Woods, VA",0
22958,16820,"Charlottesville, VA",1
22959,16820,"Charlottesville, VA",1
22960,29470,"Lake of the Woods, VA",0
22963,16820,"Charlottesville, VA",1
22964,16820,"Charlottesville, VA",1
22967,16820,"Charlottesville, VA",1
22968,16820,"Charlottesville, VA",1
22969,16820,"Charlottesville, VA",1
22971,16820,"Charlottesville, VA",1
22972,29470,"Lake of the Woods, VA",0
22973,16820,"Charlottesville, VA",1
22974,16820,"Charlottesville, VA",1
22976,16820,"Charlottesville, VA",1
22980,44420,"Staunton-Stuarts Draft, VA",1
23002,40060,"Richmond, VA",1
23005,40060,"Richmond, VA",1
23009,40060,"Richmond, VA",1
23011,40060,"Richmond, VA",1
23015,40060,"Richmond, VA",1
23021,47260,"Virginia Beach-Chesapeake-Norfolk, VA-NC",1
23022,16820,"Charlottesville, VA",1
23023,40060,"Richmond, VA",1
23025,47260,"Virginia Beach-Chesapeake-Norfolk, VA-NC",1
23030,40060,"Richmond, VA",1
23035,47260,"Virginia Beach-Chesapeake-Norfolk, VA-NC",1
23038,40060,"Richmond, VA",1
23039,40060,"Richmond, VA",1
23045,47260,"Virginia Beach-Chesapeake-Norfolk, VA-NC",1
23047,40060,"Richmond, VA",1
23050,47260,"Virginia Beach-Chesapeake-Norfolk, VA-NC",1
23055,16820,"Charlottesville, VA",1
23056,47260,"Virginia Beach-Chesapeake-Norfolk, VA-NC",1
23059,40060,"Richmond, VA",1
23060,40060,"Richmond, VA",1
23061,47260,"Virginia Beach-Chesapeake-Norfolk, VA-NC",1
23062,47260,"Virginia Beach-Chesapeake-Norfolk, VA-NC",1
23063,40060,"Richmond, VA",1
23065,40060,"Richmond, VA",1
23066,47260,"Virginia Beach-Chesapeake-Norfolk, VA-NC",1
23068,47260,"Virginia Beach-Chesapeake-Norfolk, VA-NC",1
23069,40060,"Richmond, VA",1
23072,47260,"Virginia Beach-Chesapeake-Norfolk, VA-NC",1
23075,40060,"Richmond, VA",1
23076,47260,"Virginia Beach-Chesapeake-Norfolk, VA-NC",1
23081,47260,"Virginia Beach-Chesapeake-Norfolk, VA-NC",1
23083,40060,"Richmond, VA",1
23084,16820,"Charlottesville, VA",1
23085,40060,"Richmond, VA",1
23086,40060,"Richmond, VA",1
23089,40060,"Richmond, VA",1
23091,40060,"Richmond, VA",1
23102,40060,"Richmond, VA",1
23103,40060,"Richmond, VA",1
23106,40060,"Richmond, VA",1
23108,40060,"Richmond, VA",1
23109,47260,"Virginia Beach-Chesapeake-Norfolk, VA-NC",1
23110,40060,"Richmond, VA",1
23111,40060,"Richmond, VA",1
23112,40060,"Richmond, VA",1
23113,40060,"Richmond, VA",1
23114,40060,"Richmond, VA",1
23116,40060,"Richmond, VA",1
23119,47260,"Virginia Beach-Chesapeake-Norfolk, VA-NC",1
23120,40060,"Richmond, VA",1
23124,40060,"Richmond, VA",1
23126,40060,"Richmond, VA",1
23128,47260,"Virginia Beach-Chesapeake-Norfolk, VA-NC",1
23129,40060,"Richmond, VA",1
23130,47260,"Virginia Beach-Chesapeake-Norfolk, VA-NC",1
23138,47260,"Virginia Beach-Chesapeake-Norfolk, VA-NC",1
23139,40060,"Richmond, VA",1
23140,40060,"Richmond, VA",1
23141,40060,"Richmond, VA",1
23146,40060,"Richmond, VA",1
23147,40060,"Richmond, VA",1
23148,40060,"Richmond, VA",1
23150,40060,"Richmond, VA",1
23153,40060,"Richmond, VA",1
23156,40060,"Richmond, VA",1
23160,40060,"Richmond, VA",1
23161,40060,"Richmond, VA",1
23163,47260,"Virginia Beach-Chesapeake-Norfolk, VA-NC",1
23168,47260,"Virginia Beach-Chesapeake-Norfolk, VA-NC",1
23173,40060,"Richmond, VA",1
23177,40060,"Richmond, VA",1
23181,40060,"Richmond, VA",1
23185,47260,"Virginia Beach-Chesapeake-Norfolk, VA-NC",1
23188,47260,"Virginia Beach-Chesapeake-Norfolk, VA-NC",1
23192,40060,"Richmond, VA",1
23219,40060,"Richmond, VA",1
23220,40060,"Richmond, VA",1
23221,40060,"Richmond, VA",1
23222,40060,"Richmond, VA",1
23223,40060,"Richmond, VA",1
23224,40060,"Richmond, VA",1
23225,40060,"Richmond, VA",1
23226,40060,"Richmond, VA",1
23227,40060,"Richmond, VA",1
23228,40060,"Richmond, VA",1
23229,40060,"Richmond, VA",1
23230,40060,"Richmond, VA",1
23231,40060,"Richmond, VA",1
23233,40060,"Richmond, VA",1
23234,40060,"Richmond, VA",1
23235,40060,"Richmond, VA",1
23236,40060,"Richmond, VA",1
23237,40060,"Richmond, VA",1
23238,40060,"Richmond, VA",1
23250,40060,"Richmond, VA",1
23284,40060,"Richmond, VA",1
23294,40060,"Richmond, VA",1
23298,40060,"Richmond, VA",1
23304,47260,"Virginia Beach-Chesapeake-Norfolk, VA-NC",1
23314,47260,"Virginia Beach-Chesapeake-Norfolk, VA-NC",1
23315,47260,"Virginia Beach-Chesapeake-Norfolk, VA-NC",1
23320,47260,"Virginia Beach-Chesapeake-Norfolk, VA-NC",1
23321,47260,"Virginia Beach-Chesapeake-Norfolk, VA-NC",1
23322,47260,"Virginia Beach-Chesapeake-Norfolk, VA-NC",1
23323,47260,"Virginia Beach-Chesapeake-Norfolk, VA-NC",1
23324,47260,"Virginia Beach-Chesapeake-Norfolk, VA-NC",1
23325,47260,"Virginia Beach-Chesapeake-Norfolk, VA-NC",1
23430,47260,"Virginia Beach-Chesapeake-Norfolk, VA-NC",1
23432,47260,"Virginia Beach-Chesapeake-Norfolk, VA-NC",1
23433,47260,"Virginia Beach-Chesapeake-Norfolk, VA-NC",1
23434,47260,"Virginia Beach-Chesapeake-Norfolk, VA-NC",1
23435,47260,"Virginia Beach-Chesapeake-Norfolk, VA-NC",1
23436,47260,"Virginia Beach-Chesapeake-Norfolk, VA-NC",1
23437,47260,"Virginia Beach-Chesapeake-Norfolk, VA-NC",1
23438,47260,"Virginia Beach-Chesapeake-Norfolk, VA-NC",1
23451,47260,"Virginia Beach-Chesapeake-Norfolk, VA-NC",1
23452,47260,"Virginia Beach-Chesapeake-Norfolk, VA-NC",1
23453,47260,"Virginia Beach-Chesapeake-Norfolk, VA-NC",1
23454,47260,"Virginia Beach-Chesapeake-Norfolk, VA-NC",1
23455,47260,"Virginia Beach-Chesapeake-Norfolk, VA-NC",1
23456,47260,"Virginia Beach-Chesapeake-Norfolk, VA-NC",1
23457,47260,"Virginia Beach-Chesapeake-Norfolk, VA-NC",1
23459,47260,"Virginia Beach-Chesapeake-Norfolk, VA-NC",1
23460,47260,"Virginia Beach-Chesapeake-Norfolk, VA-NC",1
23461,47260,"Virginia Beach-Chesapeake-Norfolk, VA-NC",1
23462,47260,"Virginia Beach-Chesapeake-Norfolk, VA-NC",1
23464,47260,"Virginia Beach-Chesapeake-Norfolk, VA-NC",1
23487,47260,"Virginia Beach-Chesapeake-Norfolk, VA-NC",1
23502,47260,"Virginia Beach-Chesapeake-Norfolk, VA-NC",1
23503,47260,"Virginia Beach-Chesapeake-Norfolk, VA-NC",1
23504,47260,"Virginia Beach-Chesapeake-Norfolk, VA-NC",1
23505,47260,"Virginia Beach-Chesapeake-Norfolk, VA-NC",1
23507,47260,"Virginia Beach-Chesapeake-Norfolk, VA-NC",1
23508,47260,"Virginia Beach-Chesapeake-Norfolk, VA-NC",1
23509,47260,"Virginia Beach-Chesapeake-Norfolk, VA-NC",1
23510,47260,"Virginia Beach-Chesapeake-Norfolk, VA-NC",1
23511,47260,"Virginia Beach-Chesapeake-Norfolk, VA-NC",1
23513,47260,"Virginia Beach-Chesapeake-Norfolk, VA-NC",1
23517,47260,"Virginia Beach-Chesapeake-Norfolk, VA-NC",1
23518,47260,"Virginia Beach-Chesapeake-Norfolk, VA-NC",1
23523,47260,"Virginia Beach-Chesapeake-Norfolk, VA-NC",1
23551,47260,"Virginia Beach-Chesapeake-Norfolk, VA-NC",1
23601,47260,"Virginia Beach-Chesapeake-Norfolk, VA-NC",1
23602,47260,"Virginia Beach-Chesapeake-Norfolk, VA-NC",1
23603,47260,"Virginia Beach-Chesapeake-Norfolk, VA-NC",1
23604,47260,"Virginia Beach-Chesapeake-Norfolk, VA-NC",1
23605,47260,"Virginia Beach-Chesapeake-Norfolk, VA-NC",1
23606,47260,"Virginia Beach-Chesapeake-Norfolk, VA-NC",1
23607,47260,"Virginia Beach-Chesapeake-Norfolk, VA-NC",1
23608,47260,"Virginia Beach-Chesapeake-Norfolk, VA-NC",1
23651,47260,"Virginia Beach-Chesapeake-Norfolk, VA-NC",1
23661,47260,"Virginia Beach-Chesapeake-Norfolk, VA-NC",1
23662,47260,"Virginia Beach-Chesapeake-Norfolk, VA-NC",1
23663,47260,"Virginia Beach-Chesapeake-Norfolk, VA-NC",1
23664,47260,"Virginia Beach-Chesapeake-Norfolk, VA-NC",1
23665,47260,"Virginia Beach-Chesapeake-Norfolk, VA-NC",1
23666,47260,"Virginia Beach-Chesapeake-Norfolk, VA-NC",1
23667,47260,"Virginia Beach-Chesapeake-Norfolk, VA-NC",1
23668,47260,"Virginia Beach-Chesapeake-Norfolk, VA-NC",1
23669,47260,"Virginia Beach-Chesapeake-Norfolk, VA-NC",1
23681,47260,"Virginia Beach-Chesapeake-Norfolk, VA-NC",1
23690,47260,"Virginia Beach-Chesapeake-Norfolk, VA-NC",1
23691,47260,"Virginia Beach-Chesapeake-Norfolk, VA-NC",1
23692,47260,"Virginia Beach-Chesapeake-Norfolk, VA-NC",1
23693,47260,"Virginia Beach-Chesapeake-Norfolk, VA-NC",1
23696,47260,"Virginia Beach-Chesapeake-Norfolk, VA-NC",1
23701,47260,"Virginia Beach-Chesapeake-Norfolk, VA-NC",1
23702,47260,"Virginia Beach-Chesapeake-Norfolk, VA-NC",1
23703,47260,"Virginia Beach-Chesapeake-Norfolk, VA-NC",1
23704,47260,"Virginia Beach-Chesapeake-Norfolk, VA-NC",1
23707,47260,"Virginia Beach-Chesapeake-Norfolk, VA-NC",1
23708,47260,"Virginia Beach-Chesapeake-Norfolk, VA-NC",1
23709,47260,"Virginia Beach-Chesapeake-Norfolk, VA-NC",1
23801,40060,"Richmond, VA",1
23803,40060,"Richmond, VA",1
23805,40060,"Richmond, VA",1
23830,40060,"Richmond, VA",1
23831,40060,"Richmond, VA",1
23832,40060,"Richmond, VA",1
23833,40060,"Richmond, VA",1
23834,40060,"Richmond, VA",1
23836,40060,"Richmond, VA",1
23838,40060,"Richmond, VA",1
23839,47260,"Virginia Beach-Chesapeake-Norfolk, VA-NC",1
23840,40060,"Richmond, VA",1
23841,40060,"Richmond, VA",1
23842,40060,"Richmond, VA",1
23846,47260,"Virginia Beach-Chesapeake-Norfolk, VA-NC",1
23850,40060,"Richmond, VA",1
23860,40060,"Richmond, VA",1
23867,40060,"Richmond, VA",1
23872,40060,"Richmond, VA",1
23875,40060,"Richmond, VA",1
23881,47260,"Virginia Beach-Chesapeake-Norfolk, VA-NC",1
23882,40060,"Richmond, VA",1
23883,47260,"Virginia Beach-Chesapeake-Norfolk, VA-NC",1
23884,40060,"Richmond, VA",1
23885,40060,"Richmond, VA",1
23888,40060,"Richmond, VA",1
23890,40060,"Richmond, VA",1
23891,40060,"Richmond, VA",1
23894,40060,"Richmond, VA",1
23897,40060,"Richmond, VA",1
23898,47260,"Virginia Beach-Chesapeake-Norfolk, VA-NC",1
23899,47260,"Virginia Beach-Chesapeake-Norfolk, VA-NC",1
23958,31340,"Lynchburg, VA",1
24011,40220,"Roanoke, VA",1
24012,40220,"Roanoke, VA",1
24013,40220,"Roanoke, VA",1
24014,40220,"Roanoke, VA",1
24015,40220,"Roanoke, VA",1
24016,40220,"Roanoke, VA",1
24017,40220,"Roanoke, VA",1
24018,40220,"Roanoke, VA",1
24019,40220,"Roanoke, VA",1
24020,40220,"Roanoke, VA",1
24022,40220,"Roanoke, VA",1
24054,32300,"Martinsville, VA",0
24055,32300,"Martinsville, VA",0
24058,13980,"Blacksburg-Christiansburg-Radford, VA",1
24059,40220,"Roanoke, VA",1
24060,13980,"Blacksburg-Christiansburg-Radford, VA",1
24061,13980,"Blacksburg-Christiansburg-Radford, VA",1
24064,31340,"Lynchburg, VA",1
24065,40220,"Roanoke, VA",1
24066,40220,"Roanoke, VA",1
24067,40220,"Roanoke, VA",1
24069,19260,"Danville, VA",0
24070,40220,"Roanoke, VA",1
24072,13980,"Blacksburg-Christiansburg-Radford, VA",1
24073,13980,"Blacksburg-Christiansburg-Radford, VA",1
24077,40220,"Roanoke, VA",1
24078,32300,"Martinsville, VA",0
24079,13980,"Blacksburg-Christiansburg-Radford, VA",1
24083,40220,"Roanoke, VA",1
24084,13980,"Blacksburg-Christiansburg-Radford, VA",1
24085,40220,"Roanoke, VA",1
24086,13980,"Blacksburg-Christiansburg-Radford, VA",1
24087,13980,"Blacksburg-Christiansburg-Radford, VA",1
24088,40220,"Roanoke, VA",1
24089,32300,"Martinsville, VA",0
24090,40220,"Roanoke, VA",1
24091,13980,"Blacksburg-Christiansburg-Radford, VA",1
24092,40220,"Roanoke, VA",1
24093,13980,"Blacksburg-Christiansburg-Radford, VA",1
24095,31340,"Lynchburg, VA",1
24101,40220,"Roanoke, VA",1
24102,40220,"Roanoke, VA",1
24104,31340,"Lynchburg, VA",1
24105,13980,"Blacksburg-Christiansburg-Radford, VA",1
24112,32300,"Martinsville, VA",0
24121,31340,"Lynchburg, VA",1
24122,31340,"Lynchburg, VA",1
24124,13980,"Blacksburg-Christiansburg-Radford, VA",1
24127,40220,"Roanoke, VA",1
24128,13980,"Blacksburg-Christiansburg-Radford, VA",1
24129,13980,"Blacksburg-Christiansburg-Radford, VA",1
24131,40220,"Roanoke, VA",1
24132,13980,"Blacksburg-Christiansburg-Radford, VA",1
24134,13980,"Blacksburg-Christiansburg-Radford, VA",1
24136,13980,"Blacksburg-Christiansburg-Radford, VA",1
24137,40220,"Roanoke, VA",1
24138,13980,"Blacksburg-Christiansburg-Radford, VA",1
24139,19260,"Danville, VA",0
24141,13980,"Blacksburg-Christiansburg-Radford, VA",1
24142,13980,"Blacksburg-Christiansburg-Radford, VA",1
24147,13980,"Blacksburg-Christiansburg-Radford, VA",1
24148,32300,"Martinsville, VA",0
24149,13980,"Blacksburg-Christiansburg-Radford, VA",1
24150,13980,"Blacksburg-Christiansburg-Radford, VA",1
24151,40220,"Roanoke, VA",1
24153,40220,"Roanoke, VA",1
24161,19260,"Danville, VA",0
24162,13980,"Blacksburg-Christiansburg-Radford, VA",1
24165,32300,"Martinsville, VA",0
24167,13980,"Blacksburg-Christiansburg-Radford, VA",1
24168,32300,"Martinsville, VA",0
24174,31340,"Lynchburg, VA",1
24175,40220,"Roanoke, VA",1
24176,40220,"Roanoke, VA",1
24179,31340,"Lynchburg, VA",1
24184,40220,"Roanoke, VA",1
24201,28700,"Kingsport-Bristol, TN-VA",1
24202,28700,"Kingsport-Bristol, TN-VA",1
24210,28700,"Kingsport-Bristol, TN-VA",1
24211,28700,"Kingsport-Bristol, TN-VA",1
24236,28700,"Kingsport-Bristol, TN-VA",1
24244,28700,"Kingsport-Bristol, TN-VA",1
24245,28700,"Kingsport-Bristol, TN-VA",1
24250,28700,"Kingsport-Bristol, TN-VA",1
24251,28700,"Kingsport-Bristol, TN-VA",1
24258,28700,"Kingsport-Bristol, TN-VA",1
24270,28700,"Kingsport-Bristol, TN-VA",1
24271,28700,"Kingsport-Bristol, TN-VA",1
24290,28700,"Kingsport-Bristol, TN-VA",1
24301,13980,"Blacksburg-Christiansburg-Radford, VA",1
24316,14140,"Bluefield, WV-VA",0
24324,13980,"Blacksburg-Christiansburg-Radford, VA",1
24327,28700,"Kingsport-Bristol, TN-VA",1
24340,28700,"Kingsport-Bristol, TN-VA",1
24347,13980,"Blacksburg-Christiansburg-Radford, VA",1
24361,28700,"Kingsport-Bristol, TN-VA",1
24377,14140,"Bluefield, WV-VA",0
24380,13980,"Blacksburg-Christiansburg-Radford, VA",1
24401,44420,"Staunton-Stuarts Draft, VA",1
24411,44420,"Staunton-Stuarts Draft, VA",1
24421,44420,"Staunton-Stuarts Draft, VA",1
24430,44420,"Staunton-Stuarts Draft, VA",1
24431,44420,"Staunton-Stuarts Draft, VA",1
24432,44420,"Staunton-Stuarts Draft, VA",1
24437,44420,"Staunton-Stuarts Draft, VA",1
24440,44420,"Staunton-Stuarts Draft, VA",1
24441,44420,"Staunton-Stuarts Draft, VA",1
24459,44420,"Staunton-Stuarts Draft, VA",1
24464,16820,"Charlottesville, VA",1
24467,44420,"Staunton-Stuarts Draft, VA",1
24469,44420,"Staunton-Stuarts Draft, VA",1
24471,25500,"Harrisonburg, VA",1
24476,44420,"Staunton-Stuarts Draft, VA",1
24477,44420,"Staunton-Stuarts Draft, VA",1
24479,44420,"Staunton-Stuarts Draft, VA",1
24482,44420,"Staunton-Stuarts Draft, VA",1
24485,44420,"Staunton-Stuarts Draft, VA",1
24486,44420,"Staunton-Stuarts Draft, VA",1
24501,31340,"Lynchburg, VA",1
24502,31340,"Lynchburg, VA",1
24503,31340,"Lynchburg, VA",1
24504,31340,"Lynchburg, VA",1
24515,31340,"Lynchburg, VA",1
24517,31340,"Lynchburg, VA",1
24521,31340,"Lynchburg, VA",1
24522,31340,"Lynchburg, VA",1
24523,31340,"Lynchburg, VA",1
24526,31340,"Lynchburg, VA",1
24527,19260,"Danville, VA",0
24528,31340,"Lynchburg, VA",1
24530,19260,"Danville, VA",0
24531,19260,"Danville, VA",0
24536,31340,"Lynchburg, VA",1
24538,31340,"Lynchburg, VA",1
24540,19260,"Danville, VA",0
24541,19260,"Danville, VA",0
24549,19260,"Danville, VA",0
24550,31340,"Lynchburg, VA",1
24551,31340,"Lynchburg, VA",1
24554,31340,"Lynchburg, VA",1
24556,31340,"Lynchburg, VA",1
24557,19260,"Danville, VA",0
24563,19260,"Danville, VA",0
24565,19260,"Danville, VA",0
24566,19260,"Danville, VA",0
24569,19260,"Danville, VA",0
24570,31340,"Lynchburg, VA",1
24571,31340,"Lynchburg, VA",1
24572,31340,"Lynchburg, VA",1
24574,31340,"Lynchburg, VA",1
24581,16820,"Charlottesville, VA",1
24586,19260,"Danville, VA",0
24588,31340,"Lynchburg, VA",1
24593,31340,"Lynchburg, VA",1
24595,31340,"Lynchburg, VA",1
24601,14140,"Bluefield, WV-VA",0
24602,14140,"Bluefield, WV-VA",0
24604,14140,"Bluefield, WV-VA",0
24605,14140,"Bluefield, WV-VA",0
24606,14140,"Bluefield, WV-VA",0
24609,14140,"Bluefield, WV-VA",0
24612,14140,"Bluefield, WV-VA",0
24613,14140,"Bluefield, WV-VA",0
24630,14140,"Bluefield, WV-VA",0
24635,14140,"Bluefield, WV-VA",0
24637,14140,"Bluefield, WV-VA",0
24641,14140,"Bluefield, WV-VA",0
24651,14140,"Bluefield, WV-VA",0
24701,14140,"Bluefield, WV-VA",0
24712,14140,"Bluefield, WV-VA",0
24714,14140,"Bluefield, WV-VA",0
24715,14140,"Bluefield, WV-VA",0
24724,14140,"Bluefield, WV-VA",0
24729,14140,"Bluefield, WV-VA",0
24731,14140,"Bluefield, WV-VA",0
24733,14140,"Bluefield, WV-VA",0
24737,14140,"Bluefield, WV-VA",0
24738,14140,"Bluefield, WV-VA",0
24739,14140,"Bluefield, WV-VA",0
24740,14140,"Bluefield, WV-VA",0
24747,14140,"Bluefield, WV-VA",0
25002,13220,"Beckley, WV",1
25003,16620,"Charleston, WV",1
25007,13220,"Beckley, WV",1
25008,13220,"Beckley, WV",1
25009,16620,"Charleston, WV",1
25011,26580,"Huntington-Ashland, WV-KY-OH",1
25015,16620,"Charleston, WV",1
25019,16620,"Charleston, WV",1
25021,16620,"Charleston, WV",1
25024,16620,"Charleston, WV",1
25025,16620,"Charleston, WV",1
25028,16620,"Charleston, WV",1
25030,16620,"Charleston, WV",1
25031,13220,"Beckley, WV",1
25033,26580,"Huntington-Ashland, WV-KY-OH",1
25035,16620,"Charleston, WV",1
25036,13220,"Beckley, WV",1
25039,16620,"Charleston, WV",1
25040,13220,"Beckley, WV",1
25043,16620,"Charleston, WV",1
25044,13220,"Beckley, WV",1
25045,16620,"Charleston, WV",1
25047,16620,"Charleston, WV",1
25048,13220,"Beckley, WV",1
25049,16620,"Charleston, WV",1
25051,16620,"Charleston, WV",1
25053,16620,"Charleston, WV",1
25054,16620,"Charleston, WV",1
25057,13220,"Beckley, WV",1
25059,13220,"Beckley, WV",1
25060,13220,"Beckley, WV",1
25061,16620,"Charleston, WV",1
25062,13220,"Beckley, WV",1
25064,16620,"Charleston, WV",1
25067,16620,"Charleston, WV",1
25070,26580,"Huntington-Ashland, WV-KY-OH",1
25071,16620,"Charleston, WV",1
25075,16620,"Charleston, WV",1
25081,16620,"Charleston, WV",1
25082,26580,"Huntington-Ashland, WV-KY-OH",1
25083,16620,"Charleston, WV",1
25085,13220,"Beckley, WV",1
25086,16620,"Charleston, WV",1
25088,16620,"Charleston, WV",1
25090,13220,"Beckley, WV",1
25093,16620,"Charleston, WV",1
25102,16620,"Charleston, WV",1
25103,16620,"Charleston, WV",1
25107,16620,"Charleston, WV",1
25108,16620,"Charleston, WV",1
25109,26580,"Huntington-Ashland, WV-KY-OH",1
25110,16620,"Charleston, WV",1
25111,16620,"Charleston, WV",1
25112,16620,"Charleston, WV",1
25113,16620,"Charleston, WV",1
25114,16620,"Charleston, WV",1
25115,13220,"Beckley, WV",1
25118,13220,"Beckley, WV",1
25119,13220,"Beckley, WV",1
25124,26580,"Huntington-Ashland, WV-KY-OH",1
25125,16620,"Charleston, WV",1
25126,16620,"Charleston, WV",1
25130,16620,"Charleston, WV",1
25132,16620,"Charleston, WV",1
25133,16620,"Charleston, WV",1
25134,16620,"Charleston, WV",1
25136,13220,"Beckley, WV",1
25139,13220,"Beckley, WV",1
25140,13220,"Beckley, WV",1
25141,16620,"Charleston, WV",1
25142,16620,"Charleston, WV",1
25143,16620,"Charleston, WV",1
25148,16620,"Charleston, WV",1
25149,16620,"Charleston, WV",1
25152,13220,"Beckley, WV",1
25154,16620,"Charleston, WV",1
25156,16620,"Charleston, WV",1
25159,26580,"Huntington-Ashland, WV-KY-OH",1
25160,16620,"Charleston, WV",1
25161,13220,"Beckley, WV",1
25162,16620,"Charleston, WV",1
25164,16620,"Charleston, WV",1
25165,16620,"Charleston, WV",1
25168,26580,"Huntington-Ashland, WV-KY-OH",1
25169,16620,"Charleston, WV",1
25173,13220,"Beckley, WV",1
25174,13220,"Beckley, WV",1
25177,16620,"Charleston, WV",1
25180,13220,"Beckley, WV",1
25181,16620,"Charleston, WV",1
25185,13220,"Beckley, WV",1
25186,13220,"Beckley, WV",1
25193,16620,"Charleston, WV",1
25201,16620,"Charleston, WV",1
25202,16620,"Charleston, WV",1
25203,16620,"Charleston, WV",1
25204,16620,"Charleston, WV",1
25205,16620,"Charleston, WV",1
25206,16620,"Charleston, WV",1
25208,16620,"Charleston, WV",1
25209,16620,"Charleston, WV",1
25211,16620,"Charleston, WV",1
25213,26580,"Huntington-Ashland, WV-KY-OH",1
25214,16620,"Charleston, WV",1
25285,16620,"Charleston, WV",1
25301,16620,"Charleston, WV",1
25302,16620,"Charleston, WV",1
25303,16620,"Charleston, WV",1
25304,16620,"Charleston, WV",1
25305,16620,"Charleston, WV",1
25306,16620,"Charleston, WV",1
25309,16620,"Charleston, WV",1
25311,16620,"Charleston, WV",1
25312,16620,"Charleston, WV",1
25313,16620,"Charleston, WV",1
25314,16620,"Charleston, WV",1
25315,16620,"Charleston, WV",1
25320,16620,"Charleston, WV",1
25387,16620,"Charleston, WV",1
25401,25180,"Hagerstown-Martinsburg, MD-WV",1
25403,25180,"Hagerstown-Martinsburg, MD-WV",1
25404,25180,"Hagerstown-Martinsburg, MD-WV",1
25405,25180,"Hagerstown-Martinsburg, MD-WV",1
25411,25180,"Hagerstown-Martinsburg, MD-WV",1
25413,25180,"Hagerstown-Martinsburg, MD-WV",1
25414,47900,"Washington-Arlington-Alexandria, DC-VA-MD-WV",1
25419,25180,"Hagerstown-Martinsburg, MD-WV",1
25420,25180,"Hagerstown-Martinsburg, MD-WV",1
25421,25180,"Hagerstown-Martinsburg, MD-WV",1
25422,25180,"Hagerstown-Martinsburg, MD-WV",1
25425,47900,"Washington-Arlington-Alexandria, DC-VA-MD-WV",1
25427,25180,"Hagerstown-Martinsburg, MD-WV",1
25428,25180,"Hagerstown-Martinsburg, MD-WV",1
25430,47900,"Washington-Arlington-Alexandria, DC-VA-MD-WV",1
25431,49020,"Winchester, VA-WV",1
25432,47900,"Washington-Arlington-Alexandria, DC-VA-MD-WV",1
25434,49020,"Winchester, VA-WV",1
25437,49020,"Winchester, VA-WV",1
25438,47900,"Washington-Arlington-Alexandria, DC-VA-MD-WV",1
25442,47900,"Washington-Arlington-Alexandria, DC-VA-MD-WV",1
25443,47900,"Washington-Arlington-Alexandria, DC-VA-MD-WV",1
25444,49020,"Winchester, VA-WV",1
25446,47900,"Washington-Arlington-Alexandria, DC-VA-MD-WV",1
25504,26580,"Huntington-Ashland, WV-KY-OH",1
25507,26580,"Huntington-Ashland, WV-KY-OH",1
25510,26580,"Huntington-Ashland, WV-KY-OH",1
25511,26580,"Huntington-Ashland, WV-KY-OH",1
25512,26580,"Huntington-Ashland, WV-KY-OH",1
25514,26580,"Huntington-Ashland, WV-KY-OH",1
25517,26580,"Huntington-Ashland, WV-KY-OH",1
25520,26580,"Huntington-Ashland, WV-KY-OH",1
25526,26580,"Huntington-Ashland, WV-KY-OH",1
25529,16620,"Charleston, WV",1
25530,26580,"Huntington-Ashland, WV-KY-OH",1
25534,26580,"Huntington-Ashland, WV-KY-OH",1
25535,26580,"Huntington-Ashland, WV-KY-OH",1
25537,26580,"Huntington-Ashland, WV-KY-OH",1
25541,26580,"Huntington-Ashland, WV-KY-OH",1
25545,26580,"Huntington-Ashland, WV-KY-OH",1
25555,26580,"Huntington-Ashland, WV-KY-OH",1
25559,26580,"Huntington-Ashland, WV-KY-OH",1
25560,26580,"Huntington-Ashland, WV-KY-OH",1
25570,26580,"Huntington-Ashland, WV-KY-OH",1
25669,26580,"Huntington-Ashland, WV-KY-OH",1
25699,26580,"Huntington-Ashland, WV-KY-OH",1
25701,26580,"Huntington-Ashland, WV-KY-OH",1
25702,26580,"Huntington-Ashland, WV-KY-OH",1
25703,26580,"Huntington-Ashland, WV-KY-OH",1
25704,26580,"Huntington-Ashland, WV-KY-OH",1
25705,26580,"Huntington-Ashland, WV-KY-OH",1
25755,26580,"Huntington-Ashland, WV-KY-OH",1
25801,13220,"Beckley, WV",1
25811,13220,"Beckley, WV",1
25812,13220,"Beckley, WV",1
25813,13220,"Beckley, WV",1
25817,13220,"Beckley, WV",1
25818,13220,"Beckley, WV",1
25820,14140,"Bluefield, WV-VA",0
25823,13220,"Beckley, WV",1
25825,13220,"Beckley, WV",1
25827,13220,"Beckley, WV",1
25831,13220,"Beckley, WV",1
25832,13220,"Beckley, WV",1
25836,13220,"Beckley, WV",1
25837,13220,"Beckley, WV",1
25839,13220,"Beckley, WV",1
25840,13220,"Beckley, WV",1
25841,14140,"Bluefield, WV-VA",0
25843,13220,"Beckley, WV",1
25844,13220,"Beckley, WV",1
25846,13220,"Beckley, WV",1
25849,13220,"Beckley, WV",1
25851,13220,"Beckley, WV",1
25853,13220,"Beckley, WV",1
25854,13220,"Beckley, WV",1
25855,13220,"Beckley, WV",1
25857,13220,"Beckley, WV",1
25862,13220,"Beckley, WV",1
25864,13220,"Beckley, WV",1
25865,13220,"Beckley, WV",1
25866,13220,"Beckley, WV",1
25868,13220,"Beckley, WV",1
25871,13220,"Beckley, WV",1
25873,13220,"Beckley, WV",1
25878,13220,"Beckley, WV",1
25879,13220,"Beckley, WV",1
25880,13220,"Beckley, WV",1
25901,13220,"Beckley, WV",1
25902,13220,"Beckley, WV",1
25904,13220,"Beckley, WV",1
25907,13220,"Beckley, WV",1
25908,13220,"Beckley, WV",1
25909,13220,"Beckley, WV",1
25911,13220,"Beckley, WV",1
25915,13220,"Beckley, WV",1
25917,13220,"Beckley, WV",1
25918,13220,"Beckley, WV",1
25920,13220,"Beckley, WV",1
25921,13220,"Beckley, WV",1
25922,14140,"Bluefield, WV-VA",0
25932,13220,"Beckley, WV",1
25936,13220,"Beckley, WV",1
25938,13220,"Beckley, WV",1
25942,13220,"Beckley, WV",1
25962,13220,"Beckley, WV",1
25971,14140,"Bluefield, WV-VA",0
25976,13220,"Beckley, WV",1
25986,13220,"Beckley, WV",1
25989,13220,"Beckley, WV",1
26003,48540,"Wheeling, WV-OH",1
26030,48260,"Weirton-Steubenville, WV-OH",1
26031,48540,"Wheeling, WV-OH",1
26032,48260,"Weirton-Steubenville, WV-OH",1
26033,48540,"Wheeling, WV-OH",1
26034,48260,"Weirton-Steubenville, WV-OH",1
26035,48260,"Weirton-Steubenville, WV-OH",1
26036,48540,"Wheeling, WV-OH",1
26037,48260,"Weirton-Steubenville, WV-OH",1
26038,48540,"Wheeling, WV-OH",1
26039,48540,"Wheeling, WV-OH",1
26040,48540,"Wheeling, WV-OH",1
26041,48540,"Wheeling, WV-OH",1
26047,48260,"Weirton-Steubenville, WV-OH",1
26050,48260,"Weirton-Steubenville, WV-OH",1
26055,48540,"Wheeling, WV-OH",1
26056,48260,"Weirton-Steubenville, WV-OH",1
26058,48260,"Weirton-Steubenville, WV-OH",1
26059,48540,"Wheeling, WV-OH",1
26060,48540,"Wheeling, WV-OH",1
26062,48260,"Weirton-Steubenville, WV-OH",1
26070,48260,"Weirton-Steubenville, WV-OH",1
26074,48540,"Wheeling, WV-OH",1
26075,48260,"Weirton-Steubenville, WV-OH",1
26101,37620,"Parkersburg-Vienna, WV",1
26104,37620,"Parkersburg-Vienna, WV",1
26105,37620,"Parkersburg-Vienna, WV",1
26133,37620,"Parkersburg-Vienna, WV",1
26142,37620,"Parkersburg-Vienna, WV",1
26143,37620,"Parkersburg-Vienna, WV",1
26150,37620,"Parkersburg-Vienna, WV",1
26160,37620,"Parkersburg-Vienna, WV",1
26169,37620,"Parkersburg-Vienna, WV",1
26180,37620,"Parkersburg-Vienna, WV",1
26181,37620,"Parkersburg-Vienna, WV",1
26184,37620,"Parkersburg-Vienna, WV",1
26187,37620,"Parkersburg-Vienna, WV",1
26224,21180,"Elkins, WV",0
26230,21180,"Elkins, WV",0
26236,21180,"Elkins, WV",0
26241,21180,"Elkins, WV",0
26253,21180,"Elkins, WV",0
26254,21180,"Elkins, WV",0
26257,21180,"Elkins, WV",0
26259,21180,"Elkins, WV",0
26263,21180,"Elkins, WV",0
26267,21180,"Elkins, WV",0
26268,21180,"Elkins, WV",0
26270,21180,"Elkins, WV",0
26273,21180,"Elkins, WV",0
26276,21180,"Elkins, WV",0
26278,21180,"Elkins, WV",0
26280,21180,"Elkins, WV",0
26282,21180,"Elkins, WV",0
26283,21180,"Elkins, WV",0
26285,21180,"Elkins, WV",0
26293,21180,"Elkins, WV",0
26294,21180,"Elkins, WV",0
26296,21180,"Elkins, WV",0
26301,17220,"Clarksburg, WV",0
26323,17220,"Clarksburg, WV",0
26330,17220,"Clarksburg, WV",0
26339,17220,"Clarksburg, WV",0
26347,17220,"Clarksburg, WV",0
26354,17220,"Clarksburg, WV",0
26361,17220,"Clarksburg, WV",0
26366,17220,"Clarksburg, WV",0
26369,17220,"Clarksburg, WV",0
26374,34060,"Morgantown, WV",1
26385,17220,"Clarksburg, WV",0
26386,17220,"Clarksburg, WV",0
26404,17220,"Clarksburg, WV",0
26408,17220,"Clarksburg, WV",0
26410,34060,"Morgantown, WV",1
26411,17220,"Clarksburg, WV",0
26422,17220,"Clarksburg, WV",0
26424,17220,"Clarksburg, WV",0
26425,34060,"Morgantown, WV",1
26426,17220,"Clarksburg, WV",0
26431,17220,"Clarksburg, WV",0
26435,17220,"Clarksburg, WV",0
26436,17220,"Clarksburg, WV",0
26438,17220,"Clarksburg, WV",0
26440,17220,"Clarksburg, WV",0
26444,34060,"Morgantown, WV",1
26448,17220,"Clarksburg, WV",0
26451,17220,"Clarksburg, WV",0
26456,17220,"Clarksburg, WV",0
26463,17220,"Clarksburg, WV",0
26501,34060,"Morgantown, WV",1
26505,34060,"Morgantown, WV",1
26506,34060,"Morgantown, WV",1
26508,34060,"Morgantown, WV",1
26519,34060,"Morgantown, WV",1
26520,34060,"Morgantown, WV",1
26521,34060,"Morgantown, WV",1
26524,34060,"Morgantown, WV",1
26525,34060,"Morgantown, WV",1
26534,34060,"Morgantown, WV",1
26537,34060,"Morgantown, WV",1
26541,34060,"Morgantown, WV",1
26542,34060,"Morgantown, WV",1
26543,34060,"Morgantown, WV",1
26544,34060,"Morgantown, WV",1
26546,34060,"Morgantown, WV",1
26547,34060,"Morgantown, WV",1
26554,21900,"Fairmont, WV",0
26559,21900,"Fairmont, WV",0
26560,21900,"Fairmont, WV",0
26563,21900,"Fairmont, WV",0
26568,17220,"Clarksburg, WV",0
26570,34060,"Morgantown, WV",1
26571,21900,"Fairmont, WV",0
26572,21900,"Fairmont, WV",0
26574,21900,"Fairmont, WV",0
26576,21900,"Fairmont, WV",0
26582,21900,"Fairmont, WV",0
26585,21900,"Fairmont, WV",0
26586,21900,"Fairmont, WV",0
26587,21900,"Fairmont, WV",0
26588,21900,"Fairmont, WV",0
26590,34060,"Morgantown, WV",1
26591,21900,"Fairmont, WV",0
26680,13220,"Beckley, WV",1
26690,13220,"Beckley, WV",1
26704,49020,"Winchester, VA-WV",1
26705,34060,"Morgantown, WV",1
26710,19060,"Cumberland, MD-WV",0
26711,49020,"Winchester, VA-WV",1
26714,49020,"Winchester, VA-WV",1
26716,34060,"Morgantown, WV",1
26717,19060,"Cumberland, MD-WV",0
26719,19060,"Cumberland, MD-WV",0
26722,49020,"Winchester, VA-WV",1
26726,19060,"Cumberland, MD-WV",0
26743,19060,"Cumberland, MD-WV",0
26750,19060,"Cumberland, MD-WV",0
26753,19060,"Cumberland, MD-WV",0
26755,49020,"Winchester, VA-WV",1
26757,49020,"Winchester, VA-WV",1
26761,49020,"Winchester, VA-WV",1
26763,49020,"Winchester, VA-WV",1
26764,34060,"Morgantown, WV",1
26767,19060,"Cumberland, MD-WV",0
26808,49020,"Winchester, VA-WV",1
26817,49020,"Winchester, VA-WV",1
26823,49020,"Winchester, VA-WV",1
26852,49020,"Winchester, VA-WV",1
26865,49020,"Winchester, VA-WV",1
27006,49180,"Winston-Salem, NC",1
27007,34340,"Mount Airy, NC",0
27009,49180,"Winston-Salem, NC",1
27011,49180,"Winston-Salem, NC",1
27012,49180,"Winston-Salem, NC",1
27013,16740,"Charlotte-Concord-Gastonia, NC-SC",1
27014,49180,"Winston-Salem, NC",1
27016,49180,"Winston-Salem, NC",1
27017,34340,"Mount Airy, NC",0
27018,49180,"Winston-Salem, NC",1
27019,49180,"Winston-Salem, NC",1
27020,49180,"Winston-Salem, NC",1
27021,49180,"Winston-Salem, NC",1
27022,49180,"Winston-Salem, NC",1
27023,49180,"Winston-Salem, NC",1
27024,34340,"Mount Airy, NC",0
27025,24660,"Greensboro-High Point, NC",1
27027,24660,"Greensboro-High Point, NC",1
27028,49180,"Winston-Salem, NC",1
27030,34340,"Mount Airy, NC",0
27040,49180,"Winston-Salem, NC",1
27041,34340,"Mount Airy, NC",0
27042,49180,"Winston-Salem, NC",1
27043,49180,"Winston-Salem, NC",1
27045,49180,"Winston-Salem, NC",1
27046,49180,"Winston-Salem, NC",1
27047,34340,"Mount Airy, NC",0
27048,24660,"Greensboro-High Point, NC",1
27050,49180,"Winston-Salem, NC",1
27051,49180,"Winston-Salem, NC",1
27052,49180,"Winston-Salem, NC",1
27053,49180,"Winston-Salem, NC",1
27054,16740,"Charlotte-Concord-Gastonia, NC-SC",1
27055,49180,"Winston-Salem, NC",1
27101,49180,"Winston-Salem, NC",1
27103,49180,"Winston-Salem, NC",1
27104,49180,"Winston-Salem, NC",1
27105,49180,"Winston-Salem, NC",1
27106,49180,"Winston-Salem, NC",1
27107,49180,"Winston-Salem, NC",1
27109,49180,"Winston-Salem, NC",1
27110,49180,"Winston-Salem, NC",1
27127,49180,"Winston-Salem, NC",1
27201,15500,"Burlington, NC",1
27202,15500,"Burlington, NC",1
27203,24660,"Greensboro-High Point, NC",1
27205,24660,"Greensboro-High Point, NC",1
27207,20500,"Durham-Chapel Hill, NC",1
27208,20500,"Durham-Chapel Hill, NC",1
27213,20500,"Durham-Chapel Hill, NC",1
27214,24660,"Greensboro-High Point, NC",1
27215,15500,"Burlington, NC",1
27217,15500,"Burlington, NC",1
27231,20500,"Durham-Chapel Hill, NC",1
27233,24660,"Greensboro-High Point, NC",1
27235,24660,"Greensboro-High Point, NC",1
27239,49180,"Winston-Salem, NC",1
27242,38240,"Pinehurst-Southern Pines, NC",1
27243,20500,"Durham-Chapel Hill, NC",1
27244,15500,"Burlington, NC",1
27248,24660,"Greensboro-High Point, NC",1
27249,24660,"Greensboro-High Point, NC",1
27252,20500,"Durham-Chapel Hill, NC",1
27253,15500,"Burlington, NC",1
27256,20500,"Durham-Chapel Hill, NC",1
27258,15500,"Burlington, NC",1
27259,38240,"Pinehurst-Southern Pines, NC",1
27260,24660,"Greensboro-High Point, NC",1
27262,24660,"Greensboro-High Point, NC",1
27263,24660,"Greensboro-High Point, NC",1
27265,24660,"Greensboro-High Point, NC",1
27268,24660,"Greensboro-High Point, NC",1
27278,20500,"Durham-Chapel Hill, NC",1
27281,38240,"Pinehurst-Southern Pines, NC",1
27282,24660,"Greensboro-High Point, NC",1
27283,24660,"Greensboro-High Point, NC",1
27284,49180,"Winston-Salem, NC",1
27288,24660,"Greensboro-High Point, NC",1
27292,49180,"Winston-Salem, NC",1
27295,49180,"Winston-Salem, NC",1
27298,24660,"Greensboro-High Point, NC",1
27299,49180,"Winston-Salem, NC",1
27301,24660,"Greensboro-High Point, NC",1
27302,15500,"Burlington, NC",1
27310,24660,"Greensboro-High Point, NC",1
27312,20500,"Durham-Chapel Hill, NC",1
27313,24660,"Greensboro-High Point, NC",1
27316,24660,"Greensboro-High Point, NC",1
27317,24660,"Greensboro-High Point, NC",1
27320,24660,"Greensboro-High Point, NC",1
27325,38240,"Pinehurst-Southern Pines, NC",1
27326,24660,"Greensboro-High Point, NC",1
27330,41820,"Sanford, NC",0
27332,41820,"Sanford, NC",0
27340,15500,"Burlington, NC",1
27341,24660,"Greensboro-High Point, NC",1
27342,24660,"Greensboro-High Point, NC",1
27343,20500,"Durham-Chapel Hill, NC",1
27344,20500,"Durham-Chapel Hill, NC",1
27349,15500,"Burlington, NC",1
27350,24660,"Greensboro-High Point, NC",1
27351,49180,"Winston-Salem, NC",1
27355,24660,"Greensboro-High Point, NC",1
27357,24660,"Greensboro-High Point, NC",1
27358,24660,"Greensboro-High Point, NC",1
27360,49180,"Winston-Salem, NC",1
27370,24660,"Greensboro-High Point, NC",1
27374,49180,"Winston-Salem, NC",1
27376,38240,"Pinehurst-Southern Pines, NC",1
27377,24660,"Greensboro-High Point, NC",1
27401,24660,"Greensboro-High Point, NC",1
27403,24660,"Greensboro-High Point, NC",1
27405,24660,"Greensboro-High Point, NC",1
27406,24660,"Greensboro-High Point, NC",1
27407,24660,"Greensboro-High Point, NC",1
27408,24660,"Greensboro-High Point, NC",1
27409,24660,"Greensboro-High Point, NC",1
27410,24660,"Greensboro-High Point, NC",1
27411,24660,"Greensboro-High Point, NC",1
27412,24660,"Greensboro-High Point, NC",1
27455,24660,"Greensboro-High Point, NC",1
27501,11360,"Anderson Creek, NC",0
27502,39580,"Raleigh-Cary, NC",1
27503,20500,"Durham-Chapel Hill, NC",1
27504,39580,"Raleigh-Cary, NC",1
27505,11360,"Anderson Creek, NC",0
27506,11360,"Anderson Creek, NC",0
27508,39580,"Raleigh-Cary, NC",1
27510,20500,"Durham-Chapel Hill, NC",1
27511,39580,"Raleigh-Cary, NC",1
27513,39580,"Raleigh-Cary, NC",1
27514,20500,"Durham-Chapel Hill, NC",1
27516,20500,"Durham-Chapel Hill, NC",1
27517,20500,"Durham-Chapel Hill, NC",1
27518,39580,"Raleigh-Cary, NC",1
27519,39580,"Raleigh-Cary, NC",1
27520,39580,"Raleigh-Cary, NC",1
27521,11360,"Anderson Creek, NC",0
27523,20500,"Durham-Chapel Hill, NC",1
27524,39580,"Raleigh-Cary, NC",1
27525,39580,"Raleigh-Cary, NC",1
27526,11360,"Anderson Creek, NC",0
27527,39580,"Raleigh-Cary, NC",1
27529,39580,"Raleigh-Cary, NC",1
27530,24140,"Goldsboro, NC",1
27531,24140,"Goldsboro, NC",1
27533,24140,"Goldsboro, NC",1
27534,24140,"Goldsboro, NC",1
27536,25780,"Henderson, NC",0
27537,25780,"Henderson, NC",0
27539,39580,"Raleigh-Cary, NC",1
27540,39580,"Raleigh-Cary, NC",1
27541,20500,"Durham-Chapel Hill, NC",1
27542,39580,"Raleigh-Cary, NC",1
27544,25780,"Henderson, NC",0
27545,39580,"Raleigh-Cary, NC",1
27546,11360,"Anderson Creek, NC",0
27549,39580,"Raleigh-Cary, NC",1
27555,39580,"Raleigh-Cary, NC",1
27556,25780,"Henderson, NC",0
27557,40580,"Rocky Mount, NC",1
27559,20500,"Durham-Chapel Hill, NC",1
27560,39580,"Raleigh-Cary, NC",1
27562,20500,"Durham-Chapel Hill, NC",1
27568,39580,"Raleigh-Cary, NC",1
27569,39580,"Raleigh-Cary, NC",1
27571,39580,"Raleigh-Cary, NC",1
27572,20500,"Durham-Chapel Hill, NC",1
27573,20500,"Durham-Chapel Hill, NC",1
27574,20500,"Durham-Chapel Hill, NC",1
27576,39580,"Raleigh-Cary, NC",1
27577,39580,"Raleigh-Cary, NC",1
27583,20500,"Durham-Chapel Hill, NC",1
27584,25780,"Henderson, NC",0
27587,39580,"Raleigh-Cary, NC",1
27591,39580,"Raleigh-Cary, NC",1
27592,39580,"Raleigh-Cary, NC",1
27593,39580,"Raleigh-Cary, NC",1
27596,39580,"Raleigh-Cary, NC",1
27597,39580,"Raleigh-Cary, NC",1
27599,20500,"Durham-Chapel Hill, NC",1
27601,39580,"Raleigh-Cary, NC",1
27603,39580,"Raleigh-Cary, NC",1
27604,39580,"Raleigh-Cary, NC",1
27605,39580,"Raleigh-Cary, NC",1
27606,39580,"Raleigh-Cary, NC",1
27607,39580,"Raleigh-Cary, NC",1
27608,39580,"Raleigh-Cary, NC",1
27609,39580,"Raleigh-Cary, NC",1
27610,39580,"Raleigh-Cary, NC",1
27612,39580,"Raleigh-Cary, NC",1
27613,39580,"Raleigh-Cary, NC",1
27614,39580,"Raleigh-Cary, NC",1
27615,39580,"Raleigh-Cary, NC",1
27616,39580,"Raleigh-Cary, NC",1
27617,39580,"Raleigh-Cary, NC",1
27695,39580,"Raleigh-Cary, NC",1
27697,39580,"Raleigh-Cary, NC",1
27701,20500,"Durham-Chapel Hill, NC",1
27703,20500,"Durham-Chapel Hill, NC",1
27704,20500,"Durham-Chapel Hill, NC",1
27705,20500,"Durham-Chapel Hill, NC",1
27707,20500,"Durham-Chapel Hill, NC",1
27708,20500,"Durham-Chapel Hill, NC",1
27709,20500,"Durham-Chapel Hill, NC",1
27712,20500,"Durham-Chapel Hill, NC",1
27713,20500,"Durham-Chapel Hill, NC",1
27801,40580,"Rocky Mount, NC",1
27803,40580,"Rocky Mount, NC",1
27804,40580,"Rocky Mount, NC",1
27806,47820,"Washington, NC",0
27807,40580,"Rocky Mount, NC",1
27808,47820,"Washington, NC",0
27809,40580,"Rocky Mount, NC",1
27812,24780,"Greenville, NC",1
27813,48980,"Wilson, NC",0
27814,47820,"Washington, NC",0
27815,40580,"Rocky Mount, NC",1
27816,39580,"Raleigh-Cary, NC",1
27817,47820,"Washington, NC",0
27819,40580,"Rocky Mount, NC",1
27820,40260,"Roanoke Rapids, NC",0
27821,47820,"Washington, NC",0
27822,48980,"Wilson, NC",0
27823,40260,"Roanoke Rapids, NC",0
27827,24780,"Greenville, NC",1
27828,24780,"Greenville, NC",1
27829,24780,"Greenville, NC",1
27830,24140,"Goldsboro, NC",1
27831,40260,"Roanoke Rapids, NC",0
27832,40260,"Roanoke Rapids, NC",0
27834,24780,"Greenville, NC",1
27837,24780,"Greenville, NC",1
27839,40260,"Roanoke Rapids, NC",0
27842,40260,"Roanoke Rapids, NC",0
27843,40580,"Rocky Mount, NC",1
27844,40260,"Roanoke Rapids, NC",0
27845,40260,"Roanoke Rapids, NC",0
27850,40260,"Roanoke Rapids, NC",0
27851,48980,"Wilson, NC",0
27852,40580,"Rocky Mount, NC",1
27853,40260,"Roanoke Rapids, NC",0
27856,40580,"Rocky Mount, NC",1
27858,24780,"Greenville, NC",1
27860,47820,"Washington, NC",0
27862,40260,"Roanoke Rapids, NC",0
27863,24140,"Goldsboro, NC",1
27864,40580,"Rocky Mount, NC",1
27865,47820,"Washington, NC",0
27866,40260,"Roanoke Rapids, NC",0
27869,40260,"Roanoke Rapids, NC",0
27870,40260,"Roanoke Rapids, NC",0
27873,48980,"Wilson, NC",0
27874,40260,"Roanoke Rapids, NC",0
27876,40260,"Roanoke Rapids, NC",0
27877,40260,"Roanoke Rapids, NC",0
27878,40580,"Rocky Mount, NC",1
27879,24780,"Greenville, NC",1
27880,48980,"Wilson, NC",0
27881,40580,"Rocky Mount, NC",1
27882,40580,"Rocky Mount, NC",1
27883,48980,"Wilson, NC",0
27884,24780,"Greenville, NC",1
27886,40580,"Rocky Mount, NC",1
27889,47820,"Washington, NC",0
27890,40260,"Roanoke Rapids, NC",0
27891,40580,"Rocky Mount, NC",1
27893,48980,"Wilson, NC",0
27896,48980,"Wilson, NC",0
27897,40260,"Roanoke Rapids, NC",0
27909,21020,"Elizabeth City, NC",0
27915,28620,"Kill Devil Hills, NC",0
27916,47260,"Virginia Beach-Chesapeake-Norfolk, VA-NC",1
27917,47260,"Virginia Beach-Chesapeake-Norfolk, VA-NC",1
27920,28620,"Kill Devil Hills, NC",0
27921,47260,"Virginia Beach-Chesapeake-Norfolk, VA-NC",1
27923,47260,"Virginia Beach-Chesapeake-Norfolk, VA-NC",1
27926,47260,"Virginia Beach-Chesapeake-Norfolk, VA-NC",1
27927,47260,"Virginia Beach-Chesapeake-Norfolk, VA-NC",1
27929,47260,"Virginia Beach-Chesapeake-Norfolk, VA-NC",1
27935,47260,"Virginia Beach-Chesapeake-Norfolk, VA-NC",1
27936,28620,"Kill Devil Hills, NC",0
27937,47260,"Virginia Beach-Chesapeake-Norfolk, VA-NC",1
27938,47260,"Virginia Beach-Chesapeake-Norfolk, VA-NC",1
27939,47260,"Virginia Beach-Chesapeake-Norfolk, VA-NC",1
27941,47260,"Virginia Beach-Chesapeake-Norfolk, VA-NC",1
27943,28620,"Kill Devil Hills, NC",0
27946,47260,"Virginia Beach-Chesapeake-Norfolk, VA-NC",1
27947,47260,"Virginia Beach-Chesapeake-Norfolk, VA-NC",1
27948,28620,"Kill Devil Hills, NC",0
27949,28620,"Kill Devil Hills, NC",0
27950,47260,"Virginia Beach-Chesapeake-Norfolk, VA-NC",1
27953,28620,"Kill Devil Hills, NC",0
27954,28620,"Kill Devil Hills, NC",0
27956,47260,"Virginia Beach-Chesapeake-Norfolk, VA-NC",1
27958,47260,"Virginia Beach-Chesapeake-Norfolk, VA-NC",1
27959,28620,"Kill Devil Hills, NC",0
27964,47260,"Virginia Beach-Chesapeake-Norfolk, VA-NC",1
27965,47260,"Virginia Beach-Chesapeake-Norfolk, VA-NC",1
27966,47260,"Virginia Beach-Chesapeake-Norfolk, VA-NC",1
27968,28620,"Kill Devil Hills, NC",0
27969,47260,"Virginia Beach-Chesapeake-Norfolk, VA-NC",1
27972,28620,"Kill Devil Hills, NC",0
27973,47260,"Virginia Beach-Chesapeake-Norfolk, VA-NC",1
27974,47260,"Virginia Beach-Chesapeake-Norfolk, VA-NC",1
27976,47260,"Virginia Beach-Chesapeake-Norfolk, VA-NC",1
27978,28620,"Kill Devil Hills, NC",0
27979,47260,"Virginia Beach-Chesapeake-Norfolk, VA-NC",1
27981,28620,"Kill Devil Hills, NC",0
27982,28620,"Kill Devil Hills, NC",0
28001,10620,"Albemarle, NC",0
28006,16740,"Charlotte-Concord-Gastonia, NC-SC",1
28007,16740,"Charlotte-Concord-Gastonia, NC-SC",1
28009,10620,"Albemarle, NC",0
28012,16740,"Charlotte-Concord-Gastonia, NC-SC",1
28016,16740,"Charlotte-Concord-Gastonia, NC-SC",1
28017,43140,"Shelby-Kings Mountain, NC",0
28018,22580,"Forest City, NC",0
28019,22580,"Forest City, NC",0
28020,43140,"Shelby-Kings Mountain, NC",0
28021,16740,"Charlotte-Concord-Gastonia, NC-SC",1
28023,16740,"Charlotte-Concord-Gastonia, NC-SC",1
28024,22580,"Forest City, NC",0
28025,16740,"Charlotte-Concord-Gastonia, NC-SC",1
28027,16740,"Charlotte-Concord-Gastonia, NC-SC",1
28031,16740,"Charlotte-Concord-Gastonia, NC-SC",1
28032,16740,"Charlotte-Concord-Gastonia, NC-SC",1
28033,16740,"Charlotte-Concord-Gastonia, NC-SC",1
28034,16740,"Charlotte-Concord-Gastonia, NC-SC",1
28036,16740,"Charlotte-Concord-Gastonia, NC-SC",1
28037,16740,"Charlotte-Concord-Gastonia, NC-SC",1
28039,16740,"Charlotte-Concord-Gastonia, NC-SC",1
28040,22580,"Forest City, NC",0
28041,16740,"Charlotte-Concord-Gastonia, NC-SC",1
28042,43140,"Shelby-Kings Mountain, NC",0
28043,22580,"Forest City, NC",0
28052,16740,"Charlotte-Concord-Gastonia, NC-SC",1
28054,16740,"Charlotte-Concord-Gastonia, NC-SC",1
28056,16740,"Charlotte-Concord-Gastonia, NC-SC",1
28071,16740,"Charlotte-Concord-Gastonia, NC-SC",1
28072,16740,"Charlotte-Concord-Gastonia, NC-SC",1
28073,43140,"Shelby-Kings Mountain, NC",0
28074,22580,"Forest City, NC",0
28075,16740,"Charlotte-Concord-Gastonia, NC-SC",1
28076,22580,"Forest City, NC",0
28077,16740,"Charlotte-Concord-Gastonia, NC-SC",1
28078,16740,"Charlotte-Concord-Gastonia, NC-SC",1
28079,16740,"Charlotte-Concord-Gastonia, NC-SC",1
28080,16740,"Charlotte-Concord-Gastonia, NC-SC",1
28081,16740,"Charlotte-Concord-Gastonia, NC-SC",1
28083,16740,"Charlotte-Concord-Gastonia, NC-SC",1
28086,43140,"Shelby-Kings Mountain, NC",0
28088,16740,"Charlotte-Concord-Gastonia, NC-SC",1
28089,43140,"Shelby-Kings Mountain, NC",0
28090,43140,"Shelby-Kings Mountain, NC",0
28091,16740,"Charlotte-Concord-Gastonia, NC-SC",1
28092,16740,"Charlotte-Concord-Gastonia, NC-SC",1
28097,10620,"Albemarle, NC",0
28098,16740,"Charlotte-Concord-Gastonia, NC-SC",1
28101,16740,"Charlotte-Concord-Gastonia, NC-SC",1
28102,16740,"Charlotte-Concord-Gastonia, NC-SC",1
28103,16740,"Charlotte-Concord-Gastonia, NC-SC",1
28104,16740,"Charlotte-Concord-Gastonia, NC-SC",1
28105,16740,"Charlotte-Concord-Gastonia, NC-SC",1
28107,16740,"Charlotte-Concord-Gastonia, NC-SC",1
28108,16740,"Charlotte-Concord-Gastonia, NC-SC",1
28109,10620,"Albemarle, NC",0
28110,16740,"Charlotte-Concord-Gastonia, NC-SC",1
28112,16740,"Charlotte-Concord-Gastonia, NC-SC",1
28114,43140,"Shelby-Kings Mountain, NC",0
28115,16740,"Charlotte-Concord-Gastonia, NC-SC",1
28117,16740,"Charlotte-Concord-Gastonia, NC-SC",1
28119,16740,"Charlotte-Concord-Gastonia, NC-SC",1
28120,16740,"Charlotte-Concord-Gastonia, NC-SC",1
28124,16740,"Charlotte-Concord-Gastonia, NC-SC",1
28125,16740,"Charlotte-Concord-Gastonia, NC-SC",1
28127,10620,"Albemarle, NC",0
28128,10620,"Albemarle, NC",0
28129,10620,"Albemarle, NC",0
28133,16740,"Charlotte-Concord-Gastonia, NC-SC",1
28134,16740,"Charlotte-Concord-Gastonia, NC-SC",1
28135,16740,"Charlotte-Concord-Gastonia, NC-SC",1
28136,43140,"Shelby-Kings Mountain, NC",0
28137,10620,"Albemarle, NC",0
28138,16740,"Charlotte-Concord-Gastonia, NC-SC",1
28139,22580,"Forest City, NC",0
28144,16740,"Charlotte-Concord-Gastonia, NC-SC",1
28146,16740,"Charlotte-Concord-Gastonia, NC-SC",1
28147,16740,"Charlotte-Concord-Gastonia, NC-SC",1
28150,43140,"Shelby-Kings Mountain, NC",0
28152,43140,"Shelby-Kings Mountain, NC",0
28159,16740,"Charlotte-Concord-Gastonia, NC-SC",1
28160,22580,"Forest City, NC",0
28163,10620,"Albemarle, NC",0
28164,16740,"Charlotte-Concord-Gastonia, NC-SC",1
28166,16740,"Charlotte-Concord-Gastonia, NC-SC",1
28167,22580,"Forest City, NC",0
28168,16740,"Charlotte-Concord-Gastonia, NC-SC",1
28169,43140,"Shelby-Kings Mountain, NC",0
28170,16740,"Charlotte-Concord-Gastonia, NC-SC",1
28173,16740,"Charlotte-Concord-Gastonia, NC-SC",1
28174,16740,"Charlotte-Concord-Gastonia, NC-SC",1
28202,16740,"Charlotte-Concord-Gastonia, NC-SC",1
28203,16740,"Charlotte-Concord-Gastonia, NC-SC",1
28204,16740,"Charlotte-Concord-Gastonia, NC-SC",1
28205,16740,"Charlotte-Concord-Gastonia, NC-SC",1
28206,16740,"Charlotte-Concord-Gastonia, NC-SC",1
28207,16740,"Charlotte-Concord-Gastonia, NC-SC",1
28208,16740,"Charlotte-Concord-Gastonia, NC-SC",1
28209,16740,"Charlotte-Concord-Gastonia, NC-SC",1
28210,16740,"Charlotte-Concord-Gastonia, NC-SC",1
28211,16740,"Charlotte-Concord-Gastonia, NC-SC",1
28212,16740,"Charlotte-Concord-Gastonia, NC-SC",1
28213,16740,"Charlotte-Concord-Gastonia, NC-SC",1
28214,16740,"Charlotte-Concord-Gastonia, NC-SC",1
28215,16740,"Charlotte-Concord-Gastonia, NC-SC",1
28216,16740,"Charlotte-Concord-Gastonia, NC-SC",1
28217,16740,"Charlotte-Concord-Gastonia, NC-SC",1
28223,16740,"Charlotte-Concord-Gastonia, NC-SC",1
28226,16740,"Charlotte-Concord-Gastonia, NC-SC",1
28227,16740,"Charlotte-Concord-Gastonia, NC-SC",1
28244,16740,"Charlotte-Concord-Gastonia, NC-SC",1
28262,16740,"Charlotte-Concord-Gastonia, NC-SC",1
28269,16740,"Charlotte-Concord-Gastonia, NC-SC",1
28270,16740,"Charlotte-Concord-Gastonia, NC-SC",1
28273,16740,"Charlotte-Concord-Gastonia, NC-SC",1
28274,16740,"Charlotte-Concord-Gastonia, NC-SC",1
28277,16740,"Charlotte-Concord-Gastonia, NC-SC",1
28278,16740,"Charlotte-Concord-Gastonia, NC-SC",1
28280,16740,"Charlotte-Concord-Gastonia, NC-SC",1
28282,16740,"Charlotte-Concord-Gastonia, NC-SC",1
28301,22180,"Fayetteville, NC",1
28303,22180,"Fayetteville, NC",1
28304,22180,"Fayetteville, NC",1
28305,22180,"Fayetteville, NC",1
28306,22180,"Fayetteville, NC",1
28307,22180,"Fayetteville, NC",1
28308,22180,"Fayetteville, NC",1
28310,22180,"Fayetteville, NC",1
28311,22180,"Fayetteville, NC",1
28312,22180,"Fayetteville, NC",1
28314,22180,"Fayetteville, NC",1
28315,38240,"Pinehurst-Southern Pines, NC",1
28323,11360,"Anderson Creek, NC",0
28326,11360,"Anderson Creek, NC",0
28327,38240,"Pinehurst-Southern Pines, NC",1
28330,40460,"Rockingham, NC",0
28331,22180,"Fayetteville, NC",1
28333,24140,"Goldsboro, NC",1
28338,40460,"Rockingham, NC",0
28339,11360,"Anderson Creek, NC",0
28340,31300,"Lumberton, NC",0
28342,22180,"Fayetteville, NC",1
28343,29900,"Laurinburg, NC",0
28345,40460,"Rockingham, NC",0
28347,40460,"Rockingham, NC",0
28348,22180,"Fayetteville, NC",1
28350,38240,"Pinehurst-Southern Pines, NC",1
28351,29900,"Laurinburg, NC",0
28352,29900,"Laurinburg, NC",0
28355,41820,"Sanford, NC",0
28356,22180,"Fayetteville, NC",1
28357,31300,"Lumberton, NC",0
28358,31300,"Lumberton, NC",0
28359,31300,"Lumberton, NC",0
28360,31300,"Lumberton, NC",0
28362,31300,"Lumberton, NC",0
28363,29900,"Laurinburg, NC",0
28364,31300,"Lumberton, NC",0
28367,40460,"Rockingham, NC",0
28368,11360,"Anderson Creek, NC",0
28369,31300,"Lumberton, NC",0
28371,31300,"Lumberton, NC",0
28372,31300,"Lumberton, NC",0
28373,38240,"Pinehurst-Southern Pines, NC",1
28374,38240,"Pinehurst-Southern Pines, NC",1
28375,31300,"Lumberton, NC",0
28376,22180,"Fayetteville, NC",1
28377,22180,"Fayetteville, NC",1
28378,31300,"Lumberton, NC",0
28379,40460,"Rockingham, NC",0
28383,31300,"Lumberton, NC",0
28384,31300,"Lumberton, NC",0
28386,31300,"Lumberton, NC",0
28387,38240,"Pinehurst-Southern Pines, NC",1
28390,11360,"Anderson Creek, NC",0
28391,22180,"Fayetteville, NC",1
28394,38240,"Pinehurst-Southern Pines, NC",1
28395,22180,"Fayetteville, NC",1
28396,29900,"Laurinburg, NC",0
28401,48900,"Wilmington, NC",1
28403,48900,"Wilmington, NC",1
28405,48900,"Wilmington, NC",1
28409,48900,"Wilmington, NC",1
28411,48900,"Wilmington, NC",1
28412,48900,"Wilmington, NC",1
28420,48900,"Wilmington, NC",1
28421,48900,"Wilmington, NC",1
28422,48900,"Wilmington, NC",1
28425,48900,"Wilmington, NC",1
28428,48900,"Wilmington, NC",1
28429,48900,"Wilmington, NC",1
28435,48900,"Wilmington, NC",1
28443,48900,"Wilmington, NC",1
28445,27340,"Jacksonville, NC",1
28449,48900,"Wilmington, NC",1
28451,48900,"Wilmington, NC",1
28452,48900,"Wilmington, NC",1
28454,27340,"Jacksonville, NC",1
28457,48900,"Wilmington, NC",1
28460,27340,"Jacksonville, NC",1
28461,48900,"Wilmington, NC",1
28462,48900,"Wilmington, NC",1
28465,48900,"Wilmington, NC",1
28467,48900,"Wilmington, NC",1
28468,48900,"Wilmington, NC",1
28469,48900,"Wilmington, NC",1
28470,48900,"Wilmington, NC",1
28478,48900,"Wilmington, NC",1
28479,48900,"Wilmington, NC",1
28480,48900,"Wilmington, NC",1
28501,28820,"Kinston, NC",0
28504,28820,"Kinston, NC",0
28509,35100,"New Bern, NC",0
28510,35100,"New Bern, NC",0
28511,33980,"Morehead City, NC",0
28512,33980,"Morehead City, NC",0
28513,24780,"Greenville, NC",1
28515,35100,"New Bern, NC",0
28516,33980,"Morehead City, NC",0
28519,35100,"New Bern, NC",0
28520,33980,"Morehead City, NC",0
28523,35100,"New Bern, NC",0
28524,33980,"Morehead City, NC",0
28525,28820,"Kinston, NC",0
28526,35100,"New Bern, NC",0
28527,35100,"New Bern, NC",0
28528,33980,"Morehead City, NC",0
28529,35100,"New Bern, NC",0
28530,24780,"Greenville, NC",1
28531,33980,"Morehead City, NC",0
28532,35100,"New Bern, NC",0
28533,35100,"New Bern, NC",0
28537,35100,"New Bern, NC",0
28539,27340,"Jacksonville, NC",1
28540,27340,"Jacksonville, NC",1
28542,27340,"Jacksonville, NC",1
28543,27340,"Jacksonville, NC",1
28544,27340,"Jacksonville, NC",1
28546,27340,"Jacksonville, NC",1
28547,27340,"Jacksonville, NC",1
28551,28820,"Kinston, NC",0
28552,35100,"New Bern, NC",0
28553,33980,"Morehead City, NC",0
28555,27340,"Jacksonville, NC",1
28556,35100,"New Bern, NC",0
28557,33980,"Morehead City, NC",0
28560,35100,"New Bern, NC",0
28562,35100,"New Bern, NC",0
28570,33980,"Morehead City, NC",0
28571,35100,"New Bern, NC",0
28573,35100,"New Bern, NC",0
28574,27340,"Jacksonville, NC",1
28575,33980,"Morehead City, NC",0
28577,33980,"Morehead City, NC",0
28578,24140,"Goldsboro, NC",1
28579,33980,"Morehead City, NC",0
28581,33980,"Morehead City, NC",0
28582,27340,"Jacksonville, NC",1
28584,33980,"Morehead City, NC",0
28585,35100,"New Bern, NC",0
28586,35100,"New Bern, NC",0
28587,35100,"New Bern, NC",0
28589,33980,"Morehead City, NC",0
28590,24780,"Greenville, NC",1
28594,33980,"Morehead City, NC",0
28601,25860,"Hickory-Lenoir-Morganton, NC",1
28602,25860,"Hickory-Lenoir-Morganton, NC",1
28604,14380,"Boone, NC",0
28605,14380,"Boone, NC",0
28606,35900,"North Wilkesboro, NC",0
28607,14380,"Boone, NC",0
28609,25860,"Hickory-Lenoir-Morganton, NC",1
28610,25860,"Hickory-Lenoir-Morganton, NC",1
28611,25860,"Hickory-Lenoir-Morganton, NC",1
28612,25860,"Hickory-Lenoir-Morganton, NC",1
28613,25860,"Hickory-Lenoir-Morganton, NC",1
28618,14380,"Boone, NC",0
28619,25860,"Hickory-Lenoir-Morganton, NC",1
28621,34340,"Mount Airy, NC",0
28624,35900,"North Wilkesboro, NC",0
28625,16740,"Charlotte-Concord-Gastonia, NC-SC",1
28628,25860,"Hickory-Lenoir-Morganton, NC",1
28630,25860,"Hickory-Lenoir-Morganton, NC",1
28634,16740,"Charlotte-Concord-Gastonia, NC-SC",1
28635,35900,"North Wilkesboro, NC",0
28636,25860,"Hickory-Lenoir-Morganton, NC",1
28637,25860,"Hickory-Lenoir-Morganton, NC",1
28638,25860,"Hickory-Lenoir-Morganton, NC",1
28641,25860,"Hickory-Lenoir-Morganton, NC",1
28642,49180,"Winston-Salem, NC",1
28645,25860,"Hickory-Lenoir-Morganton, NC",1
28649,35900,"North Wilkesboro, NC",0
28650,25860,"Hickory-Lenoir-Morganton, NC",1
28651,35900,"North Wilkesboro, NC",0
28654,35900,"North Wilkesboro, NC",0
28655,25860,"Hickory-Lenoir-Morganton, NC",1
28658,25860,"Hickory-Lenoir-Morganton, NC",1
28659,35900,"North Wilkesboro, NC",0
28660,16740,"Charlotte-Concord-Gastonia, NC-SC",1
28665,35900,"North Wilkesboro, NC",0
28666,25860,"Hickory-Lenoir-Morganton, NC",1
28667,25860,"Hickory-Lenoir-Morganton, NC",1
28669,35900,"North Wilkesboro, NC",0
28670,35900,"North Wilkesboro, NC",0
28671,25860,"Hickory-Lenoir-Morganton, NC",1
28673,25860,"Hickory-Lenoir-Morganton, NC",1
28676,34340,"Mount Airy, NC",0
28677,16740,"Charlotte-Concord-Gastonia, NC-SC",1
28678,16740,"Charlotte-Concord-Gastonia, NC-SC",1
28679,14380,"Boone, NC",0
28681,25860,"Hickory-Lenoir-Morganton, NC",1
28682,25860,"Hickory-Lenoir-Morganton, NC",1
28683,34340,"Mount Airy, NC",0
28685,35900,"North Wilkesboro, NC",0
28689,16740,"Charlotte-Concord-Gastonia, NC-SC",1
28690,25860,"Hickory-Lenoir-Morganton, NC",1
28692,14380,"Boone, NC",0
28697,35900,"North Wilkesboro, NC",0
28698,14380,"Boone, NC",0
28701,11700,"Asheville, NC",1
28704,11700,"Asheville, NC",1
28708,14820,"Brevard, NC",0
28709,11700,"Asheville, NC",1
28710,11700,"Asheville, NC",1
28711,11700,"Asheville, NC",1
28712,14820,"Brevard, NC",0
28715,11700,"Asheville, NC",1
28716,48200,"Waynesville, NC",0
28718,14820,"Brevard, NC",0
28720,22580,"Forest City, NC",0
28721,48200,"Waynesville, NC",0
28726,11700,"Asheville, NC",1
28729,11700,"Asheville, NC",1
28730,11700,"Asheville, NC",1
28731,11700,"Asheville, NC",1
28732,11700,"Asheville, NC",1
28735,11700,"Asheville, NC",1
28739,11700,"Asheville, NC",1
28742,11700,"Asheville, NC",1
28743,11700,"Asheville, NC",1
28745,48200,"Waynesville, NC",0
28746,22580,"Forest City, NC",0
28747,14820,"Brevard, NC",0
28748,11700,"Asheville, NC",1
28749,32000,"Marion, NC",0
28751,48200,"Waynesville, NC",0
28752,32000,"Marion, NC",0
28753,11700,"Asheville, NC",1
28754,11700,"Asheville, NC",1
28757,11700,"Asheville, NC",1
28758,11700,"Asheville, NC",1
28759,11700,"Asheville, NC",1
28761,32000,"Marion, NC",0
28762,32000,"Marion, NC",0
28766,14820,"Brevard, NC",0
28768,14820,"Brevard, NC",0
28770,11700,"Asheville, NC",1
28772,14820,"Brevard, NC",0
28774,14820,"Brevard, NC",0
28778,11700,"Asheville, NC",1
28785,48200,"Waynesville, NC",0
28786,48200,"Waynesville, NC",0
28787,11700,"Asheville, NC",1
28790,11700,"Asheville, NC",1
28791,11700,"Asheville, NC",1
28792,11700,"Asheville, NC",1
28801,11700,"Asheville, NC",1
28803,11700,"Asheville, NC",1
28804,11700,"Asheville, NC",1
28805,11700,"Asheville, NC",1
28806,11700,"Asheville, NC",1
29006,17900,"Columbia, SC",1
29009,17900,"Columbia, SC",1
29014,17900,"Columbia, SC",1
29015,17900,"Columbia, SC",1
29016,17900,"Columbia, SC",1
29018,36700,"Orangeburg, SC",0
29020,17900,"Columbia, SC",1
29030,17900,"Columbia, SC",1
29031,16740,"Charlotte-Concord-Gastonia, NC-SC",1
29032,17900,"Columbia, SC",1
29033,17900,"Columbia, SC",1
29036,17900,"Columbia, SC",1
29037,35140,"Newberry, SC",0
29038,36700,"Orangeburg, SC",0
29039,36700,"Orangeburg, SC",0
29040,44940,"Sumter, SC",1
29044,17900,"Columbia, SC",1
29045,17900,"Columbia, SC",1
29047,36700,"Orangeburg, SC",0
29048,36700,"Orangeburg, SC",0
29052,17900,"Columbia, SC",1
29053,17900,"Columbia, SC",1
29054,17900,"Columbia, SC",1
29055,16740,"Charlotte-Concord-Gastonia, NC-SC",1
29058,16740,"Charlotte-Concord-Gastonia, NC-SC",1
29059,36700,"Orangeburg, SC",0
29061,17900,"Columbia, SC",1
29062,44940,"Sumter, SC",1
29063,17900,"Columbia, SC",1
29065,17900,"Columbia, SC",1
29067,16740,"Charlotte-Concord-Gastonia, NC-SC",1
29069,22500,"Florence, SC",1
29070,17900,"Columbia, SC",1
29072,17900,"Columbia, SC",1
29073,17900,"Columbia, SC",1
29074,17900,"Columbia, SC",1
29075,35140,"Newberry, SC",0
29078,17900,"Columbia, SC",1
29079,22500,"Florence, SC",1
29105,12260,"Augusta-Richmond County, GA-SC",1
29107,36700,"Orangeburg, SC",0
29108,35140,"Newberry, SC",0
29112,36700,"Orangeburg, SC",0
29113,36700,"Orangeburg, SC",0
29114,22500,"Florence, SC",1
29115,36700,"Orangeburg, SC",0
29117,36700,"Orangeburg, SC",0
29118,36700,"Orangeburg, SC",0
29122,35140,"Newberry, SC",0
29123,17900,"Columbia, SC",1
29125,44940,"Sumter, SC",1
29126,35140,"Newberry, SC",0
29127,35140,"Newberry, SC",0
29128,44940,"Sumter, SC",1
29129,12260,"Augusta-Richmond County, GA-SC",1
29130,17900,"Columbia, SC",1
29133,36700,"Orangeburg, SC",0
29135,17900,"Columbia, SC",1
29137,12260,"Augusta-Richmond County, GA-SC",1
29138,17900,"Columbia, SC",1
29142,36700,"Orangeburg, SC",0
29145,35140,"Newberry, SC",0
29146,36700,"Orangeburg, SC",0
29150,44940,"Sumter, SC",1
29152,44940,"Sumter, SC",1
29153,44940,"Sumter, SC",1
29154,44940,"Sumter, SC",1
29160,17900,"Columbia, SC",1
29161,22500,"Florence, SC",1
29163,36700,"Orangeburg, SC",0
29164,12260,"Augusta-Richmond County, GA-SC",1
29166,17900,"Columbia, SC",1
29168,44940,"Sumter, SC",1
29169,17900,"Columbia, SC",1
29170,17900,"Columbia, SC",1
29172,17900,"Columbia, SC",1
29175,17900,"Columbia, SC",1
29177,17900,"Columbia, SC",1
29178,35140,"Newberry, SC",0
29180,17900,"Columbia, SC",1
29201,17900,"Columbia, SC",1
29203,17900,"Columbia, SC",1
29204,17900,"Columbia, SC",1
29205,17900,"Columbia, SC",1
29206,17900,"Columbia, SC",1
29207,17900,"Columbia, SC",1
29208,17900,"Columbia, SC",1
29209,17900,"Columbia, SC",1
29210,17900,"Columbia, SC",1
29212,17900,"Columbia, SC",1
29223,17900,"Columbia, SC",1
29225,17900,"Columbia, SC",1
29229,17900,"Columbia, SC",1
29301,43900,"Spartanburg, SC",1
29302,43900,"Spartanburg, SC",1
29303,43900,"Spartanburg, SC",1
29306,43900,"Spartanburg, SC",1
29307,43900,"Spartanburg, SC",1
29316,43900,"Spartanburg, SC",1
29320,43900,"Spartanburg, SC",1
29321,43900,"Spartanburg, SC",1
29322,43900,"Spartanburg, SC",1
29323,43900,"Spartanburg, SC",1
29324,43900,"Spartanburg, SC",1
29325,24860,"Greenville-Anderson-Greer, SC",1
29329,43900,"Spartanburg, SC",1
29330,23500,"Gaffney, SC",0
29331,43900,"Spartanburg, SC",1
29332,24860,"Greenville-Anderson-Greer, SC",1
29333,43900,"Spartanburg, SC",1
29334,43900,"Spartanburg, SC",1
29335,43900,"Spartanburg, SC",1
29338,43900,"Spartanburg, SC",1
29340,23500,"Gaffney, SC",0
29341,23500,"Gaffney, SC",0
29346,43900,"Spartanburg, SC",1
29349,43900,"Spartanburg, SC",1
29351,24860,"Greenville-Anderson-Greer, SC",1
29353,43900,"Spartanburg, SC",1
29355,35140,"Newberry, SC",0
29356,24860,"Greenville-Anderson-Greer, SC",1
29360,24860,"Greenville-Anderson-Greer, SC",1
29364,43900,"Spartanburg, SC",1
29365,43900,"Spartanburg, SC",1
29368,43900,"Spartanburg, SC",1
29369,43900,"Spartanburg, SC",1
29370,24860,"Greenville-Anderson-Greer, SC",1
29372,23500,"Gaffney, SC",0
29373,43900,"Spartanburg, SC",1
29374,43900,"Spartanburg, SC",1
29375,43900,"Spartanburg, SC",1
29376,43900,"Spartanburg, SC",1
29377,43900,"Spartanburg, SC",1
29378,43900,"Spartanburg, SC",1
29379,43900,"Spartanburg, SC",1
29384,24860,"Greenville-Anderson-Greer, SC",1
29385,43900,"Spartanburg, SC",1
29388,43900,"Spartanburg, SC",1
29401,16700,"Charleston-North Charleston, SC",1
29403,16700,"Charleston-North Charleston, SC",1
29404,16700,"Charleston-North Charleston, SC",1
29405,16700,"Charleston-North Charleston, SC",1
29406,16700,"Charleston-North Charleston, SC",1
29407,16700,"Charleston-North Charleston, SC",1
29409,16700,"Charleston-North Charleston, SC",1
29410,16700,"Charleston-North Charleston, SC",1
29412,16700,"Charleston-North Charleston, SC",1
29414,16700,"Charleston-North Charleston, SC",1
29418,16700,"Charleston-North Charleston, SC",1
29420,16700,"Charleston-North Charleston, SC",1
29424,16700,"Charleston-North Charleston, SC",1
29425,16700,"Charleston-North Charleston, SC",1
29426,16700,"Charleston-North Charleston, SC",1
29429,16700,"Charleston-North Charleston, SC",1
29431,16700,"Charleston-North Charleston, SC",1
29432,36700,"Orangeburg, SC",0
29434,16700,"Charleston-North Charleston, SC",1
29436,16700,"Charleston-North Charleston, SC",1
29437,16700,"Charleston-North Charleston, SC",1
29438,16700,"Charleston-North Charleston, SC",1
29439,16700,"Charleston-North Charleston, SC",1
29440,34680,"Murrells Inlet, SC",0
29445,16700,"Charleston-North Charleston, SC",1
29448,16700,"Charleston-North Charleston, SC",1
29449,16700,"Charleston-North Charleston, SC",1
29450,16700,"Charleston-North Charleston, SC",1
29451,16700,"Charleston-North Charleston, SC",1
29453,16700,"Charleston-North Charleston, SC",1
29455,16700,"Charleston-North Charleston, SC",1
29456,16700,"Charleston-North Charleston, SC",1
29458,16700,"Charleston-North Charleston, SC",1
29461,16700,"Charleston-North Charleston, SC",1
29464,16700,"Charleston-North Charleston, SC",1
29466,16700,"Charleston-North Charleston, SC",1
29468,16700,"Charleston-North Charleston, SC",1
29469,16700,"Charleston-North Charleston, SC",1
29470,16700,"Charleston-North Charleston, SC",1
29471,16700,"Charleston-North Charleston, SC",1
29472,16700,"Charleston-North Charleston, SC",1
29477,16700,"Charleston-North Charleston, SC",1
29479,16700,"Charleston-North Charleston, SC",1
29482,16700,"Charleston-North Charleston, SC",1
29483,16700,"Charleston-North Charleston, SC",1
29485,16700,"Charleston-North Charleston, SC",1
29486,16700,"Charleston-North Charleston, SC",1
29487,16700,"Charleston-North Charleston, SC",1
29492,16700,"Charleston-North Charleston, SC",1
29501,22500,"Florence, SC",1
29505,22500,"Florence, SC",1
29506,22500,"Florence, SC",1
29511,34820,"Myrtle Beach-Conway-North Myrtle Beach, SC",1
29526,34820,"Myrtle Beach-Conway-North Myrtle Beach, SC",1
29527,34820,"Myrtle Beach-Conway-North Myrtle Beach, SC",1
29530,22500,"Florence, SC",1
29532,22500,"Florence, SC",1
29540,22500,"Florence, SC",1
29541,22500,"Florence, SC",1
29544,34820,"Myrtle Beach-Conway-North Myrtle Beach, SC",1
29545,34820,"Myrtle Beach-Conway-North Myrtle Beach, SC",1
29550,22500,"Florence, SC",1
29554,34680,"Murrells Inlet, SC",0
29555,22500,"Florence, SC",1
29560,22500,"Florence, SC",1
29566,34820,"Myrtle Beach-Conway-North Myrtle Beach, SC",1
29568,34820,"Myrtle Beach-Conway-North Myrtle Beach, SC",1
29569,34820,"Myrtle Beach-Conway-North Myrtle Beach, SC",1
29572,34820,"Myrtle Beach-Conway-North Myrtle Beach, SC",1
29575,34820,"Myrtle Beach-Conway-North Myrtle Beach, SC",1
29576,34820,"Myrtle Beach-Conway-North Myrtle Beach, SC",1
29577,34820,"Myrtle Beach-Conway-North Myrtle Beach, SC",1
29579,34820,"Myrtle Beach-Conway-North Myrtle Beach, SC",1
29581,34820,"Myrtle Beach-Conway-North Myrtle Beach, SC",1
29582,34820,"Myrtle Beach-Conway-North Myrtle Beach, SC",1
29583,22500,"Florence, SC",1
29585,34680,"Murrells Inlet, SC",0
29588,34820,"Myrtle Beach-Conway-North Myrtle Beach, SC",1
29591,22500,"Florence, SC",1
29593,22500,"Florence, SC",1
29601,24860,"Greenville-Anderson-Greer, SC",1
29605,24860,"Greenville-Anderson-Greer, SC",1
29607,24860,"Greenville-Anderson-Greer, SC",1
29609,24860,"Greenville-Anderson-Greer, SC",1
29611,24860,"Greenville-Anderson-Greer, SC",1
29613,24860,"Greenville-Anderson-Greer, SC",1
29614,24860,"Greenville-Anderson-Greer, SC",1
29615,24860,"Greenville-Anderson-Greer, SC",1
29617,24860,"Greenville-Anderson-Greer, SC",1
29620,24940,"Greenwood, SC",0
29621,24860,"Greenville-Anderson-Greer, SC",1
29624,24860,"Greenville-Anderson-Greer, SC",1
29625,24860,"Greenville-Anderson-Greer, SC",1
29626,24860,"Greenville-Anderson-Greer, SC",1
29627,24860,"Greenville-Anderson-Greer, SC",1
29628,24940,"Greenwood, SC",0
29630,24860,"Greenville-Anderson-Greer, SC",1
29631,24860,"Greenville-Anderson-Greer, SC",1
29634,24860,"Greenville-Anderson-Greer, SC",1
29635,24860,"Greenville-Anderson-Greer, SC",1
29638,24940,"Greenwood, SC",0
29639,24940,"Greenwood, SC",0
29640,24860,"Greenville-Anderson-Greer, SC",1
29642,24860,"Greenville-Anderson-Greer, SC",1
29643,42860,"Seneca, SC",0
29644,24860,"Greenville-Anderson-Greer, SC",1
29645,24860,"Greenville-Anderson-Greer, SC",1
29646,24940,"Greenwood, SC",0
29649,24940,"Greenwood, SC",0
29650,24860,"Greenville-Anderson-Greer, SC",1
29651,24860,"Greenville-Anderson-Greer, SC",1
29653,24940,"Greenwood, SC",0
29654,24860,"Greenville-Anderson-Greer, SC",1
29655,24940,"Greenwood, SC",0
29657,24860,"Greenville-Anderson-Greer, SC",1
29658,42860,"Seneca, SC",0
29659,24940,"Greenwood, SC",0
29661,24860,"Greenville-Anderson-Greer, SC",1
29662,24860,"Greenville-Anderson-Greer, SC",1
29664,42860,"Seneca, SC",0
29665,42860,"Seneca, SC",0
29666,24940,"Greenwood, SC",0
29667,24860,"Greenville-Anderson-Greer, SC",1
29669,24860,"Greenville-Anderson-Greer, SC",1
29670,24860,"Greenville-Anderson-Greer, SC",1
29671,24860,"Greenville-Anderson-Greer, SC",1
29672,42860,"Seneca, SC",0
29673,24860,"Greenville-Anderson-Greer, SC",1
29676,42860,"Seneca, SC",0
29678,42860,"Seneca, SC",0
29680,24860,"Greenville-Anderson-Greer, SC",1
29681,24860,"Greenville-Anderson-Greer, SC",1
29682,24860,"Greenville-Anderson-Greer, SC",1
29683,24860,"Greenville-Anderson-Greer, SC",1
29684,24860,"Greenville-Anderson-Greer, SC",1
29685,24860,"Greenville-Anderson-Greer, SC",1
29686,42860,"Seneca, SC",0
29687,24860,"Greenville-Anderson-Greer, SC",1
29689,24860,"Greenville-Anderson-Greer, SC",1
29690,24860,"Greenville-Anderson-Greer, SC",1
29691,42860,"Seneca, SC",0
29692,24860,"Greenville-Anderson-Greer, SC",1
29693,42860,"Seneca, SC",0
29696,42860,"Seneca, SC",0
29697,24860,"Greenville-Anderson-Greer, SC",1
29702,23500,"Gaffney, SC",0
29704,16740,"Charlotte-Concord-Gastonia, NC-SC",1
29706,16740,"Charlotte-Concord-Gastonia, NC-SC",1
29707,16740,"Charlotte-Concord-Gastonia, NC-SC",1
29708,16740,"Charlotte-Concord-Gastonia, NC-SC",1
29710,16740,"Charlotte-Concord-Gastonia, NC-SC",1
29712,16740,"Charlotte-Concord-Gastonia, NC-SC",1
29714,16740,"Charlotte-Concord-Gastonia, NC-SC",1
29715,16740,"Charlotte-Concord-Gastonia, NC-SC",1
29717,16740,"Charlotte-Concord-Gastonia, NC-SC",1
29720,16740,"Charlotte-Concord-Gastonia, NC-SC",1
29724,16740,"Charlotte-Concord-Gastonia, NC-SC",1
29726,16740,"Charlotte-Concord-Gastonia, NC-SC",1
29729,16740,"Charlotte-Concord-Gastonia, NC-SC",1
29730,16740,"Charlotte-Concord-Gastonia, NC-SC",1
29732,16740,"Charlotte-Concord-Gastonia, NC-SC",1
29733,16740,"Charlotte-Concord-Gastonia, NC-SC",1
29742,16740,"Charlotte-Concord-Gastonia, NC-SC",1
29743,16740,"Charlotte-Concord-Gastonia, NC-SC",1
29745,16740,"Charlotte-Concord-Gastonia, NC-SC",1
29801,12260,"Augusta-Richmond County, GA-SC",1
29803,12260,"Augusta-Richmond County, GA-SC",1
29805,12260,"Augusta-Richmond County, GA-SC",1
29809,12260,"Augusta-Richmond County, GA-SC",1
29816,12260,"Augusta-Richmond County, GA-SC",1
29819,24940,"Greenwood, SC",0
29821,12260,"Augusta-Richmond County, GA-SC",1
29824,12260,"Augusta-Richmond County, GA-SC",1
29828,12260,"Augusta-Richmond County, GA-SC",1
29829,12260,"Augusta-Richmond County, GA-SC",1
29831,12260,"Augusta-Richmond County, GA-SC",1
29832,12260,"Augusta-Richmond County, GA-SC",1
29834,12260,"Augusta-Richmond County, GA-SC",1
29838,12260,"Augusta-Richmond County, GA-SC",1
29841,12260,"Augusta-Richmond County, GA-SC",1
29842,12260,"Augusta-Richmond County, GA-SC",1
29847,12260,"Augusta-Richmond County, GA-SC",1
29851,12260,"Augusta-Richmond County, GA-SC",1
29856,12260,"Augusta-Richmond County, GA-SC",1
29860,12260,"Augusta-Richmond County, GA-SC",1
29902,25940,"Hilton Head Island-Bluffton-Port Royal, SC",1
29904,25940,"Hilton Head Island-Bluffton-Port Royal, SC",1
29905,25940,"Hilton Head Island-Bluffton-Port Royal, SC",1
29906,25940,"Hilton Head Island-Bluffton-Port Royal, SC",1
29907,25940,"Hilton Head Island-Bluffton-Port Royal, SC",1
29909,25940,"Hilton Head Island-Bluffton-Port Royal, SC",1
29910,25940,"Hilton Head Island-Bluffton-Port Royal, SC",1
29912,25940,"Hilton Head Island-Bluffton-Port Royal, SC",1
29915,25940,"Hilton Head Island-Bluffton-Port Royal, SC",1
29920,25940,"Hilton Head Island-Bluffton-Port Royal, SC",1
29926,25940,"Hilton Head Island-Bluffton-Port Royal, SC",1
29927,25940,"Hilton Head Island-Bluffton-Port Royal, SC",1
29928,25940,"Hilton Head Island-Bluffton-Port Royal, SC",1
29934,25940,"Hilton Head Island-Bluffton-Port Royal, SC",1
29935,25940,"Hilton Head Island-Bluffton-Port Royal, SC",1
29936,25940,"Hilton Head Island-Bluffton-Port Royal, SC",1
29940,25940,"Hilton Head Island-Bluffton-Port Royal, SC",1
29941,25940,"Hilton Head Island-Bluffton-Port Royal, SC",1
29943,25940,"Hilton Head Island-Bluffton-Port Royal, SC",1
30002,12060,"Atlanta-Sandy Springs-Roswell, GA",1
30004,12060,"Atlanta-Sandy Springs-Roswell, GA",1
30005,12060,"Atlanta-Sandy Springs-Roswell, GA",1
30008,12060,"Atlanta-Sandy Springs-Roswell, GA",1
30009,12060,"Atlanta-Sandy Springs-Roswell, GA",1
30011,12060,"Atlanta-Sandy Springs-Roswell, GA",1
30012,12060,"Atlanta-Sandy Springs-Roswell, GA",1
30013,12060,"Atlanta-Sandy Springs-Roswell, GA",1
30014,12060,"Atlanta-Sandy Springs-Roswell, GA",1
30016,12060,"Atlanta-Sandy Springs-Roswell, GA",1
30017,12060,"Atlanta-Sandy Springs-Roswell, GA",1
30018,12060,"Atlanta-Sandy Springs-Roswell, GA",1
30019,12060,"Atlanta-Sandy Springs-Roswell, GA",1
30021,12060,"Atlanta-Sandy Springs-Roswell, GA",1
30022,12060,"Atlanta-Sandy Springs-Roswell, GA",1
30024,12060,"Atlanta-Sandy Springs-Roswell, GA",1
30025,12060,"Atlanta-Sandy Springs-Roswell, GA",1
30028,12060,"Atlanta-Sandy Springs-Roswell, GA",1
30030,12060,"Atlanta-Sandy Springs-Roswell, GA",1
30032,12060,"Atlanta-Sandy Springs-Roswell, GA",1
30033,12060,"Atlanta-Sandy Springs-Roswell, GA",1
30034,12060,"Atlanta-Sandy Springs-Roswell, GA",1
30035,12060,"Atlanta-Sandy Springs-Roswell, GA",1
30038,12060,"Atlanta-Sandy Springs-Roswell, GA",1
30039,12060,"Atlanta-Sandy Springs-Roswell, GA",1
30040,12060,"Atlanta-Sandy Springs-Roswell, GA",1
30041,12060,"Atlanta-Sandy Springs-Roswell, GA",1
30043,12060,"Atlanta-Sandy Springs-Roswell, GA",1
30044,12060,"Atlanta-Sandy Springs-Roswell, GA",1
30045,12060,"Atlanta-Sandy Springs-Roswell, GA",1
30046,12060,"Atlanta-Sandy Springs-Roswell, GA",1
30047,12060,"Atlanta-Sandy Springs-Roswell, GA",1
30052,12060,"Atlanta-Sandy Springs-Roswell, GA",1
30054,12060,"Atlanta-Sandy Springs-Roswell, GA",1
30055,12060,"Atlanta-Sandy Springs-Roswell, GA",1
30056,12060,"Atlanta-Sandy Springs-Roswell, GA",1
30058,12060,"Atlanta-Sandy Springs-Roswell, GA",1
30060,12060,"Atlanta-Sandy Springs-Roswell, GA",1
30062,12060,"Atlanta-Sandy Springs-Roswell, GA",1
30064,12060,"Atlanta-Sandy Springs-Roswell, GA",1
30066,12060,"Atlanta-Sandy Springs-Roswell, GA",1
30067,12060,"Atlanta-Sandy Springs-Roswell, GA",1
30068,12060,"Atlanta-Sandy Springs-Roswell, GA",1
30070,12060,"Atlanta-Sandy Springs-Roswell, GA",1
30071,12060,"Atlanta-Sandy Springs-Roswell, GA",1
30072,12060,"Atlanta-Sandy Springs-Roswell, GA",1
30075,12060,"Atlanta-Sandy Springs-Roswell, GA",1
30076,12060,"Atlanta-Sandy Springs-Roswell, GA",1
30078,12060,"Atlanta-Sandy Springs-Roswell, GA",1
30079,12060,"Atlanta-Sandy Springs-Roswell, GA",1
30080,12060,"Atlanta-Sandy Springs-Roswell, GA",1
30082,12060,"Atlanta-Sandy Springs-Roswell, GA",1
30083,12060,"Atlanta-Sandy Springs-Roswell, GA",1
30084,12060,"Atlanta-Sandy Springs-Roswell, GA",1
30087,12060,"Atlanta-Sandy Springs-Roswell, GA",1
30088,12060,"Atlanta-Sandy Springs-Roswell, GA",1
30090,12060,"Atlanta-Sandy Springs-Roswell, GA",1
30092,12060,"Atlanta-Sandy Springs-Roswell, GA",1
30093,12060,"Atlanta-Sandy Springs-Roswell, GA",1
30094,12060,"Atlanta-Sandy Springs-Roswell, GA",1
30096,12060,"Atlanta-Sandy Springs-Roswell, GA",1
30097,12060,"Atlanta-Sandy Springs-Roswell, GA",1
30101,12060,"Atlanta-Sandy Springs-Roswell, GA",1
30102,12060,"Atlanta-Sandy Springs-Roswell, GA",1
30103,12060,"Atlanta-Sandy Springs-Roswell, GA",1
30104,16340,"Cedartown, GA",0
30105,40660,"Rome, GA",1
30106,12060,"Atlanta-Sandy Springs-Roswell, GA",1
30107,12060,"Atlanta-Sandy Springs-Roswell, GA",1
30108,12060,"Atlanta-Sandy Springs-Roswell, GA",1
30110,12060,"Atlanta-Sandy Springs-Roswell, GA",1
30111,12060,"Atlanta-Sandy Springs-Roswell, GA",1
30113,12060,"Atlanta-Sandy Springs-Roswell, GA",1
30114,12060,"Atlanta-Sandy Springs-Roswell, GA",1
30115,12060,"Atlanta-Sandy Springs-Roswell, GA",1
30116,12060,"Atlanta-Sandy Springs-Roswell, GA",1
30117,12060,"Atlanta-Sandy Springs-Roswell, GA",1
30118,12060,"Atlanta-Sandy Springs-Roswell, GA",1
30120,12060,"Atlanta-Sandy Springs-Roswell, GA",1
30121,12060,"Atlanta-Sandy Springs-Roswell, GA",1
30122,12060,"Atlanta-Sandy Springs-Roswell, GA",1
30124,40660,"Rome, GA",1
30125,16340,"Cedartown, GA",0
30126,12060,"Atlanta-Sandy Springs-Roswell, GA",1
30127,12060,"Atlanta-Sandy Springs-Roswell, GA",1
30132,12060,"Atlanta-Sandy Springs-Roswell, GA",1
30134,12060,"Atlanta-Sandy Springs-Roswell, GA",1
30135,12060,"Atlanta-Sandy Springs-Roswell, GA",1
30137,12060,"Atlanta-Sandy Springs-Roswell, GA",1
30139,15660,"Calhoun, GA",0
30141,12060,"Atlanta-Sandy Springs-Roswell, GA",1
30143,12060,"Atlanta-Sandy Springs-Roswell, GA",1
30144,12060,"Atlanta-Sandy Springs-Roswell, GA",1
30145,12060,"Atlanta-Sandy Springs-Roswell, GA",1
30147,40660,"Rome, GA",1
30148,12060,"Atlanta-Sandy Springs-Roswell, GA",1
30149,40660,"Rome, GA",1
30152,12060,"Atlanta-Sandy Springs-Roswell, GA",1
30153,16340,"Cedartown, GA",0
30157,12060,"Atlanta-Sandy Springs-Roswell, GA",1
30161,40660,"Rome, GA",1
30165,40660,"Rome, GA",1
30168,12060,"Atlanta-Sandy Springs-Roswell, GA",1
30170,12060,"Atlanta-Sandy Springs-Roswell, GA",1
30171,12060,"Atlanta-Sandy Springs-Roswell, GA",1
30173,40660,"Rome, GA",1
30175,12060,"Atlanta-Sandy Springs-Roswell, GA",1
30176,12060,"Atlanta-Sandy Springs-Roswell, GA",1
30177,12060,"Atlanta-Sandy Springs-Roswell, GA",1
30178,12060,"Atlanta-Sandy Springs-Roswell, GA",1
30179,12060,"Atlanta-Sandy Springs-Roswell, GA",1
30180,12060,"Atlanta-Sandy Springs-Roswell, GA",1
30182,12060,"Atlanta-Sandy Springs-Roswell, GA",1
30183,12060,"Atlanta-Sandy Springs-Roswell, GA",1
30184,12060,"Atlanta-Sandy Springs-Roswell, GA",1
30185,12060,"Atlanta-Sandy Springs-Roswell, GA",1
30187,12060,"Atlanta-Sandy Springs-Roswell, GA",1
30188,12060,"Atlanta-Sandy Springs-Roswell, GA",1
30189,12060,"Atlanta-Sandy Springs-Roswell, GA",1
30205,12060,"Atlanta-Sandy Springs-Roswell, GA",1
30206,12060,"Atlanta-Sandy Springs-Roswell, GA",1
30213,12060,"Atlanta-Sandy Springs-Roswell, GA",1
30214,12060,"Atlanta-Sandy Springs-Roswell, GA",1
30215,12060,"Atlanta-Sandy Springs-Roswell, GA",1
30216,12060,"Atlanta-Sandy Springs-Roswell, GA",1
30217,12060,"Atlanta-Sandy Springs-Roswell, GA",1
30218,12060,"Atlanta-Sandy Springs-Roswell, GA",1
30220,12060,"Atlanta-Sandy Springs-Roswell, GA",1
30222,12060,"Atlanta-Sandy Springs-Roswell, GA",1
30223,12060,"Atlanta-Sandy Springs-Roswell, GA",1
30224,12060,"Atlanta-Sandy Springs-Roswell, GA",1
30228,12060,"Atlanta-Sandy Springs-Roswell, GA",1
30229,12060,"Atlanta-Sandy Springs-Roswell, GA",1
30230,29300,"LaGrange, GA-AL",0
30233,12060,"Atlanta-Sandy Springs-Roswell, GA",1
30234,12060,"Atlanta-Sandy Springs-Roswell, GA",1
30236,12060,"Atlanta-Sandy Springs-Roswell, GA",1
30238,12060,"Atlanta-Sandy Springs-Roswell, GA",1
30240,29300,"LaGrange, GA-AL",0
30241,29300,"LaGrange, GA-AL",0
30248,12060,"Atlanta-Sandy Springs-Roswell, GA",1
30250,12060,"Atlanta-Sandy Springs-Roswell, GA",1
30251,12060,"Atlanta-Sandy Springs-Roswell, GA",1
30252,12060,"Atlanta-Sandy Springs-Roswell, GA",1
30253,12060,"Atlanta-Sandy Springs-Roswell, GA",1
30256,12060,"Atlanta-Sandy Springs-Roswell, GA",1
30258,12060,"Atlanta-Sandy Springs-Roswell, GA",1
30259,12060,"Atlanta-Sandy Springs-Roswell, GA",1
30260,12060,"Atlanta-Sandy Springs-Roswell, GA",1
30263,12060,"Atlanta-Sandy Springs-Roswell, GA",1
30265,12060,"Atlanta-Sandy Springs-Roswell, GA",1
30268,12060,"Atlanta-Sandy Springs-Roswell, GA",1
30269,12060,"Atlanta-Sandy Springs-Roswell, GA",1
30272,12060,"Atlanta-Sandy Springs-Roswell, GA",1
30273,12060,"Atlanta-Sandy Springs-Roswell, GA",1
30274,12060,"Atlanta-Sandy Springs-Roswell, GA",1
30275,12060,"Atlanta-Sandy Springs-Roswell, GA",1
30276,12060,"Atlanta-Sandy Springs-Roswell, GA",1
30277,12060,"Atlanta-Sandy Springs-Roswell, GA",1
30281,12060,"Atlanta-Sandy Springs-Roswell, GA",1
30284,12060,"Atlanta-Sandy Springs-Roswell, GA",1
30285,45580,"Thomaston, GA",0
30286,45580,"Thomaston, GA",0
30288,12060,"Atlanta-Sandy Springs-Roswell, GA",1
30289,12060,"Atlanta-Sandy Springs-Roswell, GA",1
30290,12060,"Atlanta-Sandy Springs-Roswell, GA",1
30291,12060,"Atlanta-Sandy Springs-Roswell, GA",1
30292,12060,"Atlanta-Sandy Springs-Roswell, GA",1
30293,12060,"Atlanta-Sandy Springs-Roswell, GA",1
30294,12060,"Atlanta-Sandy Springs-Roswell, GA",1
30295,12060,"Atlanta-Sandy Springs-Roswell, GA",1
30296,12060,"Atlanta-Sandy Springs-Roswell, GA",1
30297,12060,"Atlanta-Sandy Springs-Roswell, GA",1
30303,12060,"Atlanta-Sandy Springs-Roswell, GA",1
30305,12060,"Atlanta-Sandy Springs-Roswell, GA",1
30306,12060,"Atlanta-Sandy Springs-Roswell, GA",1
30307,12060,"Atlanta-Sandy Springs-Roswell, GA",1
30308,12060,"Atlanta-Sandy Springs-Roswell, GA",1
30309,12060,"Atlanta-Sandy Springs-Roswell, GA",1
30310,12060,"Atlanta-Sandy Springs-Roswell, GA",1
30311,12060,"Atlanta-Sandy Springs-Roswell, GA",1
30312,12060,"Atlanta-Sandy Springs-Roswell, GA",1
30313,12060,"Atlanta-Sandy Springs-Roswell, GA",1
30314,12060,"Atlanta-Sandy Springs-Roswell, GA",1
30315,12060,"Atlanta-Sandy Springs-Roswell, GA",1
30316,12060,"Atlanta-Sandy Springs-Roswell, GA",1
30317,12060,"Atlanta-Sandy Springs-Roswell, GA",1
30318,12060,"Atlanta-Sandy Springs-Roswell, GA",1
30319,12060,"Atlanta-Sandy Springs-Roswell, GA",1
30322,12060,"Atlanta-Sandy Springs-Roswell, GA",1
30324,12060,"Atlanta-Sandy Springs-Roswell, GA",1
30326,12060,"Atlanta-Sandy Springs-Roswell, GA",1
30327,12060,"Atlanta-Sandy Springs-Roswell, GA",1
30328,12060,"Atlanta-Sandy Springs-Roswell, GA",1
30329,12060,"Atlanta-Sandy Springs-Roswell, GA",1
30331,12060,"Atlanta-Sandy Springs-Roswell, GA",1
30332,12060,"Atlanta-Sandy Springs-Roswell, GA",1
30334,12060,"Atlanta-Sandy Springs-Roswell, GA",1
30336,12060,"Atlanta-Sandy Springs-Roswell, GA",1
30337,12060,"Atlanta-Sandy Springs-Roswell, GA",1
30338,12060,"Atlanta-Sandy Springs-Roswell, GA",1
30339,12060,"Atlanta-Sandy Springs-Roswell, GA",1
30340,12060,"Atlanta-Sandy Springs-Roswell, GA",1
30341,12060,"Atlanta-Sandy Springs-Roswell, GA",1
30342,12060,"Atlanta-Sandy Springs-Roswell, GA",1
30344,12060,"Atlanta-Sandy Springs-Roswell, GA",1
30345,12060,"Atlanta-Sandy Springs-Roswell, GA",1
30346,12060,"Atlanta-Sandy Springs-Roswell, GA",1
30349,12060,"Atlanta-Sandy Springs-Roswell, GA",1
30350,12060,"Atlanta-Sandy Springs-Roswell, GA",1
30354,12060,"Atlanta-Sandy Springs-Roswell, GA",1
30360,12060,"Atlanta-Sandy Springs-Roswell, GA",1
30363,12060,"Atlanta-Sandy Springs-Roswell, GA",1
30410,47080,"Vidalia, GA",0
30412,47080,"Vidalia, GA",0
30414,44340,"Statesboro, GA",0
30415,44340,"Statesboro, GA",0
30417,44340,"Statesboro, GA",0
30423,44340,"Statesboro, GA",0
30426,12260,"Augusta-Richmond County, GA-SC",1
30429,44340,"Statesboro, GA",0
30436,47080,"Vidalia, GA",0
30445,47080,"Vidalia, GA",0
30450,44340,"Statesboro, GA",0
30452,44340,"Statesboro, GA",0
30454,20140,"Dublin, GA",0
30456,12260,"Augusta-Richmond County, GA-SC",1
30458,44340,"Statesboro, GA",0
30460,44340,"Statesboro, GA",0
30461,44340,"Statesboro, GA",0
30470,47080,"Vidalia, GA",0
30473,47080,"Vidalia, GA",0
30474,47080,"Vidalia, GA",0
30501,23580,"Gainesville, GA",1
30504,23580,"Gainesville, GA",1
30506,23580,"Gainesville, GA",1
30507,23580,"Gainesville, GA",1
30517,27600,"Jefferson, GA",0
30518,12060,"Atlanta-Sandy Springs-Roswell, GA",1
30519,12060,"Atlanta-Sandy Springs-Roswell, GA",1
30523,18460,"Cornelia, GA",0
30527,23580,"Gainesville, GA",1
30529,27600,"Jefferson, GA",0
30531,18460,"Cornelia, GA",0
30533,12060,"Atlanta-Sandy Springs-Roswell, GA",1
30534,12060,"Atlanta-Sandy Springs-Roswell, GA",1
30535,18460,"Cornelia, GA",0
30538,45740,"Toccoa, GA",0
30542,23580,"Gainesville, GA",1
30543,23580,"Gainesville, GA",1
30548,27600,"Jefferson, GA",0
30549,27600,"Jefferson, GA",0
30554,23580,"Gainesville, GA",1
30558,27600,"Jefferson, GA",0
30563,18460,"Cornelia, GA",0
30564,23580,"Gainesville, GA",1
30565,27600,"Jefferson, GA",0
30566,23580,"Gainesville, GA",1
30567,27600,"Jefferson, GA",0
30575,27600,"Jefferson, GA",0
30577,45740,"Toccoa, GA",0
30597,12060,"Atlanta-Sandy Springs-Roswell, GA",1
30598,45740,"Toccoa, GA",0
30601,12020,"Athens-Clarke County, GA",1
30602,12020,"Athens-Clarke County, GA",1
30605,12020,"Athens-Clarke County, GA",1
30606,12020,"Athens-Clarke County, GA",1
30607,27600,"Jefferson, GA",0
30609,12020,"Athens-Clarke County, GA",1
30619,12020,"Athens-Clarke County, GA",1
30620,12060,"Atlanta-Sandy Springs-Roswell, GA",1
30621,12020,"Athens-Clarke County, GA",1
30622,12020,"Athens-Clarke County, GA",1
30623,12060,"Atlanta-Sandy Springs-Roswell, GA",1
30625,12060,"Atlanta-Sandy Springs-Roswell, GA",1
30627,12020,"Athens-Clarke County, GA",1
30628,12020,"Athens-Clarke County, GA",1
30629,12020,"Athens-Clarke County, GA",1
30630,12020,"Athens-Clarke County, GA",1
30633,12020,"Athens-Clarke County, GA",1
30641,12060,"Atlanta-Sandy Springs-Roswell, GA",1
30646,12020,"Athens-Clarke County, GA",1
30648,12020,"Athens-Clarke County, GA",1
30650,12060,"Atlanta-Sandy Springs-Roswell, GA",1
30655,12060,"Atlanta-Sandy Springs-Roswell, GA",1
30656,12060,"Atlanta-Sandy Springs-Roswell, GA",1
30663,12060,"Atlanta-Sandy Springs-Roswell, GA",1
30666,12060,"Atlanta-Sandy Springs-Roswell, GA",1
30667,12020,"Athens-Clarke County, GA",1
30677,12020,"Athens-Clarke County, GA",1
30680,12060,"Atlanta-Sandy Springs-Roswell, GA",1
30683,12020,"Athens-Clarke County, GA",1
30701,15660,"Calhoun, GA",0
30705,19140,"Dalton, GA",1
30707,16860,"Chattanooga, TN-GA",1
30708,19140,"Dalton, GA",1
30710,19140,"Dalton, GA",1
30711,19140,"Dalton, GA",1
30720,19140,"Dalton, GA",1
30721,19140,"Dalton, GA",1
30724,19140,"Dalton, GA",1
30725,16860,"Chattanooga, TN-GA",1
30726,16860,"Chattanooga, TN-GA",1
30728,16860,"Chattanooga, TN-GA",1
30730,44900,"Summerville, GA",0
30731,44900,"Summerville, GA",0
30733,15660,"Calhoun, GA",0
30734,15660,"Calhoun, GA",0
30735,15660,"Calhoun, GA",0
30736,16860,"Chattanooga, TN-GA",1
30738,16860,"Chattanooga, TN-GA",1
30739,16860,"Chattanooga, TN-GA",1
30740,19140,"Dalton, GA",1
30741,16860,"Chattanooga, TN-GA",1
30742,16860,"Chattanooga, TN-GA",1
30746,15660,"Calhoun, GA",0
30747,44900,"Summerville, GA",0
30750,16860,"Chattanooga, TN-GA",1
30751,19140,"Dalton, GA",1
30752,16860,"Chattanooga, TN-GA",1
30753,44900,"Summerville, GA",0
30755,19140,"Dalton, GA",1
30756,19140,"Dalton, GA",1
30757,16860,"Chattanooga, TN-GA",1
30802,12260,"Augusta-Richmond County, GA-SC",1
30805,12260,"Augusta-Richmond County, GA-SC",1
30808,12260,"Augusta-Richmond County, GA-SC",1
30809,12260,"Augusta-Richmond County, GA-SC",1
30812,12260,"Augusta-Richmond County, GA-SC",1
30813,12260,"Augusta-Richmond County, GA-SC",1
30814,12260,"Augusta-Richmond County, GA-SC",1
30815,12260,"Augusta-Richmond County, GA-SC",1
30816,12260,"Augusta-Richmond County, GA-SC",1
30817,12260,"Augusta-Richmond County, GA-SC",1
30824,12260,"Augusta-Richmond County, GA-SC",1
30830,12260,"Augusta-Richmond County, GA-SC",1
30901,12260,"Augusta-Richmond County, GA-SC",1
30904,12260,"Augusta-Richmond County, GA-SC",1
30905,12260,"Augusta-Richmond County, GA-SC",1
30906,12260,"Augusta-Richmond County, GA-SC",1
30907,12260,"Augusta-Richmond County, GA-SC",1
30909,12260,"Augusta-Richmond County, GA-SC",1
30912,12260,"Augusta-Richmond County, GA-SC",1
31004,31420,"Macon-Bibb County, GA",1
31005,47580,"Warner Robins, GA",1
31008,47580,"Warner Robins, GA",1
31009,20140,"Dublin, GA",0
31015,18380,"Cordele, GA",0
31016,31420,"Macon-Bibb County, GA",1
31019,20140,"Dublin, GA",0
31020,31420,"Macon-Bibb County, GA",1
31021,20140,"Dublin, GA",0
31022,20140,"Dublin, GA",0
31025,47580,"Warner Robins, GA",1
31027,20140,"Dublin, GA",0
31028,47580,"Warner Robins, GA",1
31029,31420,"Macon-Bibb County, GA",1
31030,47580,"Warner Robins, GA",1
31032,31420,"Macon-Bibb County, GA",1
31033,31420,"Macon-Bibb County, GA",1
31034,33300,"Milledgeville, GA",0
31038,31420,"Macon-Bibb County, GA",1
31044,31420,"Macon-Bibb County, GA",1
31046,31420,"Macon-Bibb County, GA",1
31047,47580,"Warner Robins, GA",1
31049,20140,"Dublin, GA",0
31050,31420,"Macon-Bibb County, GA",1
31052,31420,"Macon-Bibb County, GA",1
31061,33300,"Milledgeville, GA",0
31062,33300,"Milledgeville, GA",0
31064,12060,"Atlanta-Sandy Springs-Roswell, GA",1
31065,20140,"Dublin, GA",0
31066,31420,"Macon-Bibb County, GA",1
31069,47580,"Warner Robins, GA",1
31075,20140,"Dublin, GA",0
31078,31420,"Macon-Bibb County, GA",1
31085,12060,"Atlanta-Sandy Springs-Roswell, GA",1
31088,47580,"Warner Robins, GA",1
31093,47580,"Warner Robins, GA",1
31096,20140,"Dublin, GA",0
31097,45580,"Thomaston, GA",0
31098,47580,"Warner Robins, GA",1
31201,31420,"Macon-Bibb County, GA",1
31204,31420,"Macon-Bibb County, GA",1
31206,31420,"Macon-Bibb County, GA",1
31207,31420,"Macon-Bibb County, GA",1
31210,31420,"Macon-Bibb County, GA",1
31211,31420,"Macon-Bibb County, GA",1
31213,31420,"Macon-Bibb County, GA",1
31216,31420,"Macon-Bibb County, GA",1
31217,31420,"Macon-Bibb County, GA",1
31220,31420,"Macon-Bibb County, GA",1
31301,25980,"Hinesville, GA",1
31302,42340,"Savannah, GA",1
31303,42340,"Savannah, GA",1
31305,15260,"Brunswick-St. Simons, GA",1
31307,42340,"Savannah, GA",1
31308,42340,"Savannah, GA",1
31309,25980,"Hinesville, GA",1
31312,42340,"Savannah, GA",1
31313,25980,"Hinesville, GA",1
31314,25980,"Hinesville, GA",1
31315,25980,"Hinesville, GA",1
31316,25980,"Hinesville, GA",1
31318,42340,"Savannah, GA",1
31320,25980,"Hinesville, GA",1
31321,42340,"Savannah, GA",1
31322,42340,"Savannah, GA",1
31323,25980,"Hinesville, GA",1
31324,42340,"Savannah, GA",1
31326,42340,"Savannah, GA",1
31327,15260,"Brunswick-St. Simons, GA",1
31328,42340,"Savannah, GA",1
31329,42340,"Savannah, GA",1
31331,15260,"Brunswick-St. Simons, GA",1
31333,25980,"Hinesville, GA",1
31401,42340,"Savannah, GA",1
31404,42340,"Savannah, GA",1
31405,42340,"Savannah, GA",1
31406,42340,"Savannah, GA",1
31407,42340,"Savannah, GA",1
31408,42340,"Savannah, GA",1
31409,42340,"Savannah, GA",1
31410,42340,"Savannah, GA",1
31411,42340,"Savannah, GA",1
31415,42340,"Savannah, GA",1
31419,42340,"Savannah, GA",1
31421,42340,"Savannah, GA",1
31501,48180,"Waycross, GA",0
31503,48180,"Waycross, GA",0
31512,20060,"Douglas, GA",0
31516,48180,"Waycross, GA",0
31519,20060,"Douglas, GA",0
31520,15260,"Brunswick-St. Simons, GA",1
31522,15260,"Brunswick-St. Simons, GA",1
31523,15260,"Brunswick-St. Simons, GA",1
31524,15260,"Brunswick-St. Simons, GA",1
31525,15260,"Brunswick-St. Simons, GA",1
31527,15260,"Brunswick-St. Simons, GA",1
31533,20060,"Douglas, GA",0
31535,20060,"Douglas, GA",0
31542,15260,"Brunswick-St. Simons, GA",1
31543,15260,"Brunswick-St. Simons, GA",1
31545,27700,"Jesup, GA",0
31546,27700,"Jesup, GA",0
31547,28680,"Kingsland, GA",0
31548,28680,"Kingsland, GA",0
31550,48180,"Waycross, GA",0
31551,48180,"Waycross, GA",0
31552,48180,"Waycross, GA",0
31553,15260,"Brunswick-St. Simons, GA",1
31554,20060,"Douglas, GA",0
31555,27700,"Jesup, GA",0
31556,48180,"Waycross, GA",0
31557,48180,"Waycross, GA",0
31558,28680,"Kingsland, GA",0
31560,27700,"Jesup, GA",0
31561,15260,"Brunswick-St. Simons, GA",1
31564,48180,"Waycross, GA",0
31565,28680,"Kingsland, GA",0
31566,15260,"Brunswick-St. Simons, GA",1
31567,20060,"Douglas, GA",0
31568,28680,"Kingsland, GA",0
31569,28680,"Kingsland, GA",0
31599,27700,"Jesup, GA",0
31601,46660,"Valdosta, GA",1
31602,46660,"Valdosta, GA",1
31605,46660,"Valdosta, GA",1
31606,46660,"Valdosta, GA",1
31624,20060,"Douglas, GA",0
31625,46660,"Valdosta, GA",1
31626,45620,"Thomasville, GA",0
31629,46660,"Valdosta, GA",1
31631,46660,"Valdosta, GA",1
31632,46660,"Valdosta, GA",1
31635,46660,"Valdosta, GA",1
31636,46660,"Valdosta, GA",1
31638,46660,"Valdosta, GA",1
31641,46660,"Valdosta, GA",1
31642,20060,"Douglas, GA",0
31643,46660,"Valdosta, GA",1
31648,46660,"Valdosta, GA",1
31649,46660,"Valdosta, GA",1
31650,20060,"Douglas, GA",0
31698,46660,"Valdosta, GA",1
31699,46660,"Valdosta, GA",1
31701,10500,"Albany, GA",1
31704,10500,"Albany, GA",1
31705,10500,"Albany, GA",1
31707,10500,"Albany, GA",1
31709,11140,"Americus, GA",0
31711,11140,"Americus, GA",0
31712,18380,"Cordele, GA",0
31714,45700,"Tifton, GA",0
31719,11140,"Americus, GA",0
31720,46660,"Valdosta, GA",1
31721,10500,"Albany, GA",1
31722,34220,"Moultrie, GA",0
31727,45700,"Tifton, GA",0
31735,11140,"Americus, GA",0
31738,45620,"Thomasville, GA",0
31743,10500,"Albany, GA",1
31744,10500,"Albany, GA",1
31747,34220,"Moultrie, GA",0
31750,22340,"Fitzgerald, GA",0
31753,34220,"Moultrie, GA",0
31756,34220,"Moultrie, GA",0
31757,45620,"Thomasville, GA",0
31763,10500,"Albany, GA",1
31764,11140,"Americus, GA",0
31768,34220,"Moultrie, GA",0
31771,34220,"Moultrie, GA",0
31772,10500,"Albany, GA",1
31773,45620,"Thomasville, GA",0
31775,34220,"Moultrie, GA",0
31778,46660,"Valdosta, GA",1
31780,11140,"Americus, GA",0
31781,10500,"Albany, GA",1
31783,45700,"Tifton, GA",0
31787,10500,"Albany, GA",1
31788,34220,"Moultrie, GA",0
31789,10500,"Albany, GA",1
31790,45700,"Tifton, GA",0
31791,10500,"Albany, GA",1
31792,45620,"Thomasville, GA",0
31793,45700,"Tifton, GA",0
31794,45700,"Tifton, GA",0
31795,10500,"Albany, GA",1
31796,10500,"Albany, GA",1
31801,17980,"Columbus, GA-AL",1
31803,17980,"Columbus, GA-AL",1
31804,17980,"Columbus, GA-AL",1
31805,17980,"Columbus, GA-AL",1
31806,11140,"Americus, GA",0
31807,17980,"Columbus, GA-AL",1
31808,17980,"Columbus, GA-AL",1
31810,17980,"Columbus, GA-AL",1
31811,17980,"Columbus, GA-AL",1
31812,17980,"Columbus, GA-AL",1
31814,17980,"Columbus, GA-AL",1
31815,17980,"Columbus, GA-AL",1
31816,12060,"Atlanta-Sandy Springs-Roswell, GA",1
31820,17980,"Columbus, GA-AL",1
31821,17980,"Columbus, GA-AL",1
31822,17980,"Columbus, GA-AL",1
31823,17980,"Columbus, GA-AL",1
31825,17980,"Columbus, GA-AL",1
31826,17980,"Columbus, GA-AL",1
31827,17980,"Columbus, GA-AL",1
31829,17980,"Columbus, GA-AL",1
31830,12060,"Atlanta-Sandy Springs-Roswell, GA",1
31831,17980,"Columbus, GA-AL",1
31833,17980,"Columbus, GA-AL",1
31836,17980,"Columbus, GA-AL",1
31901,17980,"Columbus, GA-AL",1
31903,17980,"Columbus, GA-AL",1
31904,17980,"Columbus, GA-AL",1
31905,17980,"Columbus, GA-AL",1
31906,17980,"Columbus, GA-AL",1
31907,17980,"Columbus, GA-AL",1
31909,17980,"Columbus, GA-AL",1
32003,27260,"Jacksonville, FL",1
32009,27260,"Jacksonville, FL",1
32011,27260,"Jacksonville, FL",1
32024,29380,"Lake City, FL",0
32025,29380,"Lake City, FL",0
32033,27260,"Jacksonville, FL",1
32034,27260,"Jacksonville, FL",1
32038,29380,"Lake City, FL",0
32040,27260,"Jacksonville, FL",1
32043,27260,"Jacksonville, FL",1
32046,27260,"Jacksonville, FL",1
32055,29380,"Lake City, FL",0
32061,29380,"Lake City, FL",0
32063,27260,"Jacksonville, FL",1
32065,27260,"Jacksonville, FL",1
32068,27260,"Jacksonville, FL",1
32072,27260,"Jacksonville, FL",1
32073,27260,"Jacksonville, FL",1
32079,27260,"Jacksonville, FL",1
32080,27260,"Jacksonville, FL",1
32081,27260,"Jacksonville, FL",1
32082,27260,"Jacksonville, FL",1
32084,27260,"Jacksonville, FL",1
32086,27260,"Jacksonville, FL",1
32087,27260,"Jacksonville, FL",1
32092,27260,"Jacksonville, FL",1
32095,27260,"Jacksonville, FL",1
32096,29380,"Lake City, FL",0
32097,27260,"Jacksonville, FL",1
32102,36740,"Orlando-Kissimmee-Sanford, FL",1
32110,19660,"Deltona-Daytona Beach-Ormond Beach, FL",1
32112,37260,"Palatka, FL",0
32113,36100,"Ocala, FL",1
32114,19660,"Deltona-Daytona Beach-Ormond Beach, FL",1
32117,19660,"Deltona-Daytona Beach-Ormond Beach, FL",1
32118,19660,"Deltona-Daytona Beach-Ormond Beach, FL",1
32119,19660,"Deltona-Daytona Beach-Ormond Beach, FL",1
32124,19660,"Deltona-Daytona Beach-Ormond Beach, FL",1
32127,19660,"Deltona-Daytona Beach-Ormond Beach, FL",1
32128,19660,"Deltona-Daytona Beach-Ormond Beach, FL",1
32129,19660,"Deltona-Daytona Beach-Ormond Beach, FL",1
32130,19660,"Deltona-Daytona Beach-Ormond Beach, FL",1
32131,37260,"Palatka, FL",0
32132,19660,"Deltona-Daytona Beach-Ormond Beach, FL",1
32133,36100,"Ocala, FL",1
32134,36100,"Ocala, FL",1
32136,19660,"Deltona-Daytona Beach-Ormond Beach, FL",1
32137,19660,"Deltona-Daytona Beach-Ormond Beach, FL",1
32139,37260,"Palatka, FL",0
32140,37260,"Palatka, FL",0
32141,19660,"Deltona-Daytona Beach-Ormond Beach, FL",1
32145,27260,"Jacksonville, FL",1
32147,37260,"Palatka, FL",0
32148,37260,"Palatka, FL",0
32157,37260,"Palatka, FL",0
32159,36740,"Orlando-Kissimmee-Sanford, FL",1
32162,48680,"Wildwood-The Villages, FL",1
32163,48680,"Wildwood-The Villages, FL",1
32164,19660,"Deltona-Daytona Beach-Ormond Beach, FL",1
32168,19660,"Deltona-Daytona Beach-Ormond Beach, FL",1
32169,19660,"Deltona-Daytona Beach-Ormond Beach, FL",1
32174,19660,"Deltona-Daytona Beach-Ormond Beach, FL",1
32176,19660,"Deltona-Daytona Beach-Ormond Beach, FL",1
32177,37260,"Palatka, FL",0
32179,36100,"Ocala, FL",1
32180,19660,"Deltona-Daytona Beach-Ormond Beach, FL",1
32181,37260,"Palatka, FL",0
32182,36100,"Ocala, FL",1
32187,37260,"Palatka, FL",0
32189,37260,"Palatka, FL",0
32190,19660,"Deltona-Daytona Beach-Ormond Beach, FL",1
32192,36100,"Ocala, FL",1
32193,37260,"Palatka, FL",0
32195,36100,"Ocala, FL",1
32202,27260,"Jacksonville, FL",1
32203,27260,"Jacksonville, FL",1
32204,27260,"Jacksonville, FL",1
32205,27260,"Jacksonville, FL",1
32206,27260,"Jacksonville, FL",1
32207,27260,"Jacksonville, FL",1
32208,27260,"Jacksonville, FL",1
32209,27260,"Jacksonville, FL",1
32210,27260,"Jacksonville, FL",1
32211,27260,"Jacksonville, FL",1
32212,27260,"Jacksonville, FL",1
32214,27260,"Jacksonville, FL",1
32216,27260,"Jacksonville, FL",1
32217,27260,"Jacksonville, FL",1
32218,27260,"Jacksonville, FL",1
32219,27260,"Jacksonville, FL",1
32220,27260,"Jacksonville, FL",1
32221,27260,"Jacksonville, FL",1
32222,27260,"Jacksonville, FL",1
32223,27260,"Jacksonville, FL",1
32224,27260,"Jacksonville, FL",1
32225,27260,"Jacksonville, FL",1
32226,27260,"Jacksonville, FL",1
32227,27260,"Jacksonville, FL",1
32228,27260,"Jacksonville, FL",1
32233,27260,"Jacksonville, FL",1
32234,27260,"Jacksonville, FL",1
32244,27260,"Jacksonville, FL",1
32246,27260,"Jacksonville, FL",1
32250,27260,"Jacksonville, FL",1
32254,27260,"Jacksonville, FL",1
32256,27260,"Jacksonville, FL",1
32257,27260,"Jacksonville, FL",1
32258,27260,"Jacksonville, FL",1
32259,27260,"Jacksonville, FL",1
32266,27260,"Jacksonville, FL",1
32277,27260,"Jacksonville, FL",1
32301,45220,"Tallahassee, FL",1
32303,45220,"Tallahassee, FL",1
32304,45220,"Tallahassee, FL",1
32305,45220,"Tallahassee, FL",1
32306,45220,"Tallahassee, FL",1
32307,45220,"Tallahassee, FL",1
32308,45220,"Tallahassee, FL",1
32309,45220,"Tallahassee, FL",1
32310,45220,"Tallahassee, FL",1
32311,45220,"Tallahassee, FL",1
32312,45220,"Tallahassee, FL",1
32313,45220,"Tallahassee, FL",1
32317,45220,"Tallahassee, FL",1
32324,45220,"Tallahassee, FL",1
32327,45220,"Tallahassee, FL",1
32330,45220,"Tallahassee, FL",1
32332,45220,"Tallahassee, FL",1
32333,45220,"Tallahassee, FL",1
32337,45220,"Tallahassee, FL",1
32343,45220,"Tallahassee, FL",1
32344,45220,"Tallahassee, FL",1
32346,45220,"Tallahassee, FL",1
32351,45220,"Tallahassee, FL",1
32352,45220,"Tallahassee, FL",1
32355,45220,"Tallahassee, FL",1
32358,45220,"Tallahassee, FL",1
32361,45220,"Tallahassee, FL",1
32399,45220,"Tallahassee, FL",1
32401,37460,"Panama City-Panama City Beach, FL",1
32403,37460,"Panama City-Panama City Beach, FL",1
32404,37460,"Panama City-Panama City Beach, FL",1
32405,37460,"Panama City-Panama City Beach, FL",1
32407,37460,"Panama City-Panama City Beach, FL",1
32408,37460,"Panama City-Panama City Beach, FL",1
32409,37460,"Panama City-Panama City Beach, FL",1
32410,37460,"Panama City-Panama City Beach, FL",1
32413,37460,"Panama City-Panama City Beach, FL",1
32427,37460,"Panama City-Panama City Beach, FL",1
32428,37460,"Panama City-Panama City Beach, FL",1
32433,18880,"Crestview-Fort Walton Beach-Destin, FL",1
32435,18880,"Crestview-Fort Walton Beach-Destin, FL",1
32437,37460,"Panama City-Panama City Beach, FL",1
32438,37460,"Panama City-Panama City Beach, FL",1
32439,18880,"Crestview-Fort Walton Beach-Destin, FL",1
32444,37460,"Panama City-Panama City Beach, FL",1
32455,18880,"Crestview-Fort Walton Beach-Destin, FL",1
32459,18880,"Crestview-Fort Walton Beach-Destin, FL",1
32461,18880,"Crestview-Fort Walton Beach-Destin, FL",1
32462,37460,"Panama City-Panama City Beach, FL",1
32463,37460,"Panama City-Panama City Beach, FL",1
32466,37460,"Panama City-Panama City Beach, FL",1
32501,37860,"Pensacola-Ferry Pass-Brent, FL",1
32502,37860,"Pensacola-Ferry Pass-Brent, FL",1
32503,37860,"Pensacola-Ferry Pass-Brent, FL",1
32504,37860,"Pensacola-Ferry Pass-Brent, FL",1
32505,37860,"Pensacola-Ferry Pass-Brent, FL",1
32506,37860,"Pensacola-Ferry Pass-Brent, FL",1
32507,37860,"Pensacola-Ferry Pass-Brent, FL",1
32508,37860,"Pensacola-Ferry Pass-Brent, FL",1
32509,37860,"Pensacola-Ferry Pass-Brent, FL",1
32511,37860,"Pensacola-Ferry Pass-Brent, FL",1
32512,37860,"Pensacola-Ferry Pass-Brent, FL",1
32514,37860,"Pensacola-Ferry Pass-Brent, FL",1
32526,37860,"Pensacola-Ferry Pass-Brent, FL",1
32530,37860,"Pensacola-Ferry Pass-Brent, FL",1
32531,18880,"Crestview-Fort Walton Beach-Destin, FL",1
32533,37860,"Pensacola-Ferry Pass-Brent, FL",1
32534,37860,"Pensacola-Ferry Pass-Brent, FL",1
32535,37860,"Pensacola-Ferry Pass-Brent, FL",1
32536,18880,"Crestview-Fort Walton Beach-Destin, FL",1
32539,18880,"Crestview-Fort Walton Beach-Destin, FL",1
32541,18880,"Crestview-Fort Walton Beach-Destin, FL",1
32542,18880,"Crestview-Fort Walton Beach-Destin, FL",1
32544,18880,"Crestview-Fort Walton Beach-Destin, FL",1
32547,18880,"Crestview-Fort Walton Beach-Destin, FL",1
32548,18880,"Crestview-Fort Walton Beach-Destin, FL",1
32550,18880,"Crestview-Fort Walton Beach-Destin, FL",1
32561,37860,"Pensacola-Ferry Pass-Brent, FL",1
32563,37860,"Pensacola-Ferry Pass-Brent, FL",1
32564,37860,"Pensacola-Ferry Pass-Brent, FL",1
32565,37860,"Pensacola-Ferry Pass-Brent, FL",1
32566,37860,"Pensacola-Ferry Pass-Brent, FL",1
32567,18880,"Crestview-Fort Walton Beach-Destin, FL",1
32568,37860,"Pensacola-Ferry Pass-Brent, FL",1
32569,18880,"Crestview-Fort Walton Beach-Destin, FL",1
32570,37860,"Pensacola-Ferry Pass-Brent, FL",1
32571,37860,"Pensacola-Ferry Pass-Brent, FL",1
32577,37860,"Pensacola-Ferry Pass-Brent, FL",1
32578,18880,"Crestview-Fort Walton Beach-Destin, FL",1
32579,18880,"Crestview-Fort Walton Beach-Destin, FL",1
32580,18880,"Crestview-Fort Walton Beach-Destin, FL",1
32583,37860,"Pensacola-Ferry Pass-Brent, FL",1
32601,23540,"Gainesville, FL",1
32603,23540,"Gainesville, FL",1
32605,23540,"Gainesville, FL",1
32606,23540,"Gainesville, FL",1
32607,23540,"Gainesville, FL",1
32608,23540,"Gainesville, FL",1
32609,23540,"Gainesville, FL",1
32610,23540,"Gainesville, FL",1
32612,23540,"Gainesville, FL",1
32615,23540,"Gainesville, FL",1
32616,23540,"Gainesville, FL",1
32617,36100,"Ocala, FL",1
32618,23540,"Gainesville, FL",1
32619,23540,"Gainesville, FL",1
32621,23540,"Gainesville, FL",1
32625,23540,"Gainesville, FL",1
32626,23540,"Gainesville, FL",1
32631,23540,"Gainesville, FL",1
32634,36100,"Ocala, FL",1
32639,23540,"Gainesville, FL",1
32640,23540,"Gainesville, FL",1
32641,23540,"Gainesville, FL",1
32643,23540,"Gainesville, FL",1
32653,23540,"Gainesville, FL",1
32656,27260,"Jacksonville, FL",1
32658,23540,"Gainesville, FL",1
32664,36100,"Ocala, FL",1
32666,37260,"Palatka, FL",0
32667,23540,"Gainesville, FL",1
32668,23540,"Gainesville, FL",1
32669,23540,"Gainesville, FL",1
32681,36100,"Ocala, FL",1
32683,23540,"Gainesville, FL",1
32686,36100,"Ocala, FL",1
32693,23540,"Gainesville, FL",1
32694,23540,"Gainesville, FL",1
32696,23540,"Gainesville, FL",1
32701,36740,"Orlando-Kissimmee-Sanford, FL",1
32702,36740,"Orlando-Kissimmee-Sanford, FL",1
32703,36740,"Orlando-Kissimmee-Sanford, FL",1
32707,36740,"Orlando-Kissimmee-Sanford, FL",1
32708,36740,"Orlando-Kissimmee-Sanford, FL",1
32709,36740,"Orlando-Kissimmee-Sanford, FL",1
32712,36740,"Orlando-Kissimmee-Sanford, FL",1
32713,19660,"Deltona-Daytona Beach-Ormond Beach, FL",1
32714,36740,"Orlando-Kissimmee-Sanford, FL",1
32720,19660,"Deltona-Daytona Beach-Ormond Beach, FL",1
32723,19660,"Deltona-Daytona Beach-Ormond Beach, FL",1
32724,19660,"Deltona-Daytona Beach-Ormond Beach, FL",1
32725,19660,"Deltona-Daytona Beach-Ormond Beach, FL",1
32726,36740,"Orlando-Kissimmee-Sanford, FL",1
32730,36740,"Orlando-Kissimmee-Sanford, FL",1
32732,36740,"Orlando-Kissimmee-Sanford, FL",1
32735,36740,"Orlando-Kissimmee-Sanford, FL",1
32736,36740,"Orlando-Kissimmee-Sanford, FL",1
32738,19660,"Deltona-Daytona Beach-Ormond Beach, FL",1
32744,19660,"Deltona-Daytona Beach-Ormond Beach, FL",1
32746,36740,"Orlando-Kissimmee-Sanford, FL",1
32750,36740,"Orlando-Kissimmee-Sanford, FL",1
32751,36740,"Orlando-Kissimmee-Sanford, FL",1
32754,37340,"Palm Bay-Melbourne-Titusville, FL",1
32757,36740,"Orlando-Kissimmee-Sanford, FL",1
32759,19660,"Deltona-Daytona Beach-Ormond Beach, FL",1
32763,19660,"Deltona-Daytona Beach-Ormond Beach, FL",1
32764,19660,"Deltona-Daytona Beach-Ormond Beach, FL",1
32765,36740,"Orlando-Kissimmee-Sanford, FL",1
32766,36740,"Orlando-Kissimmee-Sanford, FL",1
32767,36740,"Orlando-Kissimmee-Sanford, FL",1
32768,36740,"Orlando-Kissimmee-Sanford, FL",1
32771,36740,"Orlando-Kissimmee-Sanford, FL",1
32773,36740,"Orlando-Kissimmee-Sanford, FL",1
32775,37340,"Palm Bay-Melbourne-Titusville, FL",1
32776,36740,"Orlando-Kissimmee-Sanford, FL",1
32778,36740,"Orlando-Kissimmee-Sanford, FL",1
32779,36740,"Orlando-Kissimmee-Sanford, FL",1
32780,37340,"Palm Bay-Melbourne-Titusville, FL",1
32784,36100,"Ocala, FL",1
32789,36740,"Orlando-Kissimmee-Sanford, FL",1
32792,36740,"Orlando-Kissimmee-Sanford, FL",1
32796,37340,"Palm Bay-Melbourne-Titusville, FL",1
32798,36740,"Orlando-Kissimmee-Sanford, FL",1
32801,36740,"Orlando-Kissimmee-Sanford, FL",1
32803,36740,"Orlando-Kissimmee-Sanford, FL",1
32804,36740,"Orlando-Kissimmee-Sanford, FL",1
32805,36740,"Orlando-Kissimmee-Sanford, FL",1
32806,36740,"Orlando-Kissimmee-Sanford, FL",1
32807,36740,"Orlando-Kissimmee-Sanford, FL",1
32808,36740,"Orlando-Kissimmee-Sanford, FL",1
32809,36740,"Orlando-Kissimmee-Sanford, FL",1
32810,36740,"Orlando-Kissimmee-Sanford, FL",1
32811,36740,"Orlando-Kissimmee-Sanford, FL",1
32812,36740,"Orlando-Kissimmee-Sanford, FL",1
32814,36740,"Orlando-Kissimmee-Sanford, FL",1
32816,36740,"Orlando-Kissimmee-Sanford, FL",1
32817,36740,"Orlando-Kissimmee-Sanford, FL",1
32818,36740,"Orlando-Kissimmee-Sanford, FL",1
32819,36740,"Orlando-Kissimmee-Sanford, FL",1
32820,36740,"Orlando-Kissimmee-Sanford, FL",1
32821,36740,"Orlando-Kissimmee-Sanford, FL",1
32822,36740,"Orlando-Kissimmee-Sanford, FL",1
32824,36740,"Orlando-Kissimmee-Sanford, FL",1
32825,36740,"Orlando-Kissimmee-Sanford, FL",1
32826,36740,"Orlando-Kissimmee-Sanford, FL",1
32827,36740,"Orlando-Kissimmee-Sanford, FL",1
32828,36740,"Orlando-Kissimmee-Sanford, FL",1
32829,36740,"Orlando-Kissimmee-Sanford, FL",1
32830,36740,"Orlando-Kissimmee-Sanford, FL",1
32831,36740,"Orlando-Kissimmee-Sanford, FL",1
32832,36740,"Orlando-Kissimmee-Sanford, FL",1
32833,36740,"Orlando-Kissimmee-Sanford, FL",1
32835,36740,"Orlando-Kissimmee-Sanford, FL",1
32836,36740,"Orlando-Kissimmee-Sanford, FL",1
32837,36740,"Orlando-Kissimmee-Sanford, FL",1
32839,36740,"Orlando-Kissimmee-Sanford, FL",1
32899,37340,"Palm Bay-Melbourne-Titusville, FL",1
32901,37340,"Palm Bay-Melbourne-Titusville, FL",1
32903,37340,"Palm Bay-Melbourne-Titusville, FL",1
32904,37340,"Palm Bay-Melbourne-Titusville, FL",1
32905,37340,"Palm Bay-Melbourne-Titusville, FL",1
32907,37340,"Palm Bay-Melbourne-Titusville, FL",1
32908,37340,"Palm Bay-Melbourne-Titusville, FL",1
32909,37340,"Palm Bay-Melbourne-Titusville, FL",1
32920,37340,"Palm Bay-Melbourne-Titusville, FL",1
32922,37340,"Palm Bay-Melbourne-Titusville, FL",1
32925,37340,"Palm Bay-Melbourne-Titusville, FL",1
32926,37340,"Palm Bay-Melbourne-Titusville, FL",1
32927,37340,"Palm Bay-Melbourne-Titusville, FL",1
32931,37340,"Palm Bay-Melbourne-Titusville, FL",1
32934,37340,"Palm Bay-Melbourne-Titusville, FL",1
32935,37340,"Palm Bay-Melbourne-Titusville, FL",1
32937,37340,"Palm Bay-Melbourne-Titusville, FL",1
32940,37340,"Palm Bay-Melbourne-Titusville, FL",1
32948,42680,"Sebastian-Vero Beach-West Vero Corridor, FL",1
32949,37340,"Palm Bay-Melbourne-Titusville, FL",1
32950,37340,"Palm Bay-Melbourne-Titusville, FL",1
32951,37340,"Palm Bay-Melbourne-Titusville, FL",1
32952,37340,"Palm Bay-Melbourne-Titusville, FL",1
32953,37340,"Palm Bay-Melbourne-Titusville, FL",1
32955,37340,"Palm Bay-Melbourne-Titusville, FL",1
32958,42680,"Sebastian-Vero Beach-West Vero Corridor, FL",1
32959,37340,"Palm Bay-Melbourne-Titusville, FL",1
32960,42680,"Sebastian-Vero Beach-West Vero Corridor, FL",1
32962,42680,"Sebastian-Vero Beach-West Vero Corridor, FL",1
32963,42680,"Sebastian-Vero Beach-West Vero Corridor, FL",1
32966,42680,"Sebastian-Vero Beach-West Vero Corridor, FL",1
32967,42680,"Sebastian-Vero Beach-West Vero Corridor, FL",1
32968,42680,"Sebastian-Vero Beach-West Vero Corridor, FL",1
32970,42680,"Sebastian-Vero Beach-West Vero Corridor, FL",1
32976,37340,"Palm Bay-Melbourne-Titusville, FL",1
33001,28580,"Key West-Key Largo, FL",0
33004,33100,"Miami-Fort Lauderdale-West Palm Beach, FL",1
33009,33100,"Miami-Fort Lauderdale-West Palm Beach, FL",1
33010,33100,"Miami-Fort Lauderdale-West Palm Beach, FL",1
33012,33100,"Miami-Fort Lauderdale-West Palm Beach, FL",1
33013,33100,"Miami-Fort Lauderdale-West Palm Beach, FL",1
33014,33100,"Miami-Fort Lauderdale-West Palm Beach, FL",1
33015,33100,"Miami-Fort Lauderdale-West Palm Beach, FL",1
33016,33100,"Miami-Fort Lauderdale-West Palm Beach, FL",1
33018,33100,"Miami-Fort Lauderdale-West Palm Beach, FL",1
33019,33100,"Miami-Fort Lauderdale-West Palm Beach, FL",1
33020,33100,"Miami-Fort Lauderdale-West Palm Beach, FL",1
33021,33100,"Miami-Fort Lauderdale-West Palm Beach, FL",1
33022,33100,"Miami-Fort Lauderdale-West Palm Beach, FL",1
33023,33100,"Miami-Fort Lauderdale-West Palm Beach, FL",1
33024,33100,"Miami-Fort Lauderdale-West Palm Beach, FL",1
33025,33100,"Miami-Fort Lauderdale-West Palm Beach, FL",1
33026,33100,"Miami-Fort Lauderdale-West Palm Beach, FL",1
33027,33100,"Miami-Fort Lauderdale-West Palm Beach, FL",1
33028,33100,"Miami-Fort Lauderdale-West Palm Beach, FL",1
33029,33100,"Miami-Fort Lauderdale-West Palm Beach, FL",1
33030,33100,"Miami-Fort Lauderdale-West Palm Beach, FL",1
33031,33100,"Miami-Fort Lauderdale-West Palm Beach, FL",1
33032,33100,"Miami-Fort Lauderdale-West Palm Beach, FL",1
33033,33100,"Miami-Fort Lauderdale-West Palm Beach, FL",1
33034,33100,"Miami-Fort Lauderdale-West Palm Beach, FL",1
33035,33100,"Miami-Fort Lauderdale-West Palm Beach, FL",1
33036,28580,"Key West-Key Largo, FL",0
33037,28580,"Key West-Key Largo, FL",0
33039,33100,"Miami-Fort Lauderdale-West Palm Beach, FL",1
33040,28580,"Key West-Key Largo, FL",0
33042,28580,"Key West-Key Largo, FL",0
33043,28580,"Key West-Key Largo, FL",0
33050,28580,"Key West-Key Largo, FL",0
33051,28580,"Key West-Key Largo, FL",0
33054,33100,"Miami-Fort Lauderdale-West Palm Beach, FL",1
33055,33100,"Miami-Fort Lauderdale-West Palm Beach, FL",1
33056,33100,"Miami-Fort Lauderdale-West Palm Beach, FL",1
33060,33100,"Miami-Fort Lauderdale-West Palm Beach, FL",1
33062,33100,"Miami-Fort Lauderdale-West Palm Beach, FL",1
33063,33100,"Miami-Fort Lauderdale-West Palm Beach, FL",1
33064,33100,"Miami-Fort Lauderdale-West Palm Beach, FL",1
33065,33100,"Miami-Fort Lauderdale-West Palm Beach, FL",1
33066,33100,"Miami-Fort Lauderdale-West Palm Beach, FL",1
33067,33100,"Miami-Fort Lauderdale-West Palm Beach, FL",1
33068,33100,"Miami-Fort Lauderdale-West Palm Beach, FL",1
33069,33100,"Miami-Fort Lauderdale-West Palm Beach, FL",1
33070,28580,"Key West-Key Largo, FL",0
33071,33100,"Miami-Fort Lauderdale-West Palm Beach, FL",1
33073,33100,"Miami-Fort Lauderdale-West Palm Beach, FL",1
33076,33100,"Miami-Fort Lauderdale-West Palm Beach, FL",1
33101,33100,"Miami-Fort Lauderdale-West Palm Beach, FL",1
33109,33100,"Miami-Fort Lauderdale-West Palm Beach, FL",1
33122,33100,"Miami-Fort Lauderdale-West Palm Beach, FL",1
33125,33100,"Miami-Fort Lauderdale-West Palm Beach, FL",1
33126,33100,"Miami-Fort Lauderdale-West Palm Beach, FL",1
33127,33100,"Miami-Fort Lauderdale-West Palm Beach, FL",1
33128,33100,"Miami-Fort Lauderdale-West Palm Beach, FL",1
33129,33100,"Miami-Fort Lauderdale-West Palm Beach, FL",1
33130,33100,"Miami-Fort Lauderdale-West Palm Beach, FL",1
33131,33100,"Miami-Fort Lauderdale-West Palm Beach, FL",1
33132,33100,"Miami-Fort Lauderdale-West Palm Beach, FL",1
33133,33100,"Miami-Fort Lauderdale-West Palm Beach, FL",1
33134,33100,"Miami-Fort Lauderdale-West Palm Beach, FL",1
33135,33100,"Miami-Fort Lauderdale-West Palm Beach, FL",1
33136,33100,"Miami-Fort Lauderdale-West Palm Beach, FL",1
33137,33100,"Miami-Fort Lauderdale-West Palm Beach, FL",1
33138,33100,"Miami-Fort Lauderdale-West Palm Beach, FL",1
33139,33100,"Miami-Fort Lauderdale-West Palm Beach, FL",1
33140,33100,"Miami-Fort Lauderdale-West Palm Beach, FL",1
33141,33100,"Miami-Fort Lauderdale-West Palm Beach, FL",1
33142,33100,"Miami-Fort Lauderdale-West Palm Beach, FL",1
33143,33100,"Miami-Fort Lauderdale-West Palm Beach, FL",1
33144,33100,"Miami-Fort Lauderdale-West Palm Beach, FL",1
33145,33100,"Miami-Fort Lauderdale-West Palm Beach, FL",1
33146,33100,"Miami-Fort Lauderdale-West Palm Beach, FL",1
33147,33100,"Miami-Fort Lauderdale-West Palm Beach, FL",1
33149,33100,"Miami-Fort Lauderdale-West Palm Beach, FL",1
33150,33100,"Miami-Fort Lauderdale-West Palm Beach, FL",1
33154,33100,"Miami-Fort Lauderdale-West Palm Beach, FL",1
33155,33100,"Miami-Fort Lauderdale-West Palm Beach, FL",1
33156,33100,"Miami-Fort Lauderdale-West Palm Beach, FL",1
33157,33100,"Miami-Fort Lauderdale-West Palm Beach, FL",1
33158,33100,"Miami-Fort Lauderdale-West Palm Beach, FL",1
33160,33100,"Miami-Fort Lauderdale-West Palm Beach, FL",1
33161,33100,"Miami-Fort Lauderdale-West Palm Beach, FL",1
33162,33100,"Miami-Fort Lauderdale-West Palm Beach, FL",1
33165,33100,"Miami-Fort Lauderdale-West Palm Beach, FL",1
33166,33100,"Miami-Fort Lauderdale-West Palm Beach, FL",1
33167,33100,"Miami-Fort Lauderdale-West Palm Beach, FL",1
33168,33100,"Miami-Fort Lauderdale-West Palm Beach, FL",1
33169,33100,"Miami-Fort Lauderdale-West Palm Beach, FL",1
33170,33100,"Miami-Fort Lauderdale-West Palm Beach, FL",1
33172,33100,"Miami-Fort Lauderdale-West Palm Beach, FL",1
33173,33100,"Miami-Fort Lauderdale-West Palm Beach, FL",1
33174,33100,"Miami-Fort Lauderdale-West Palm Beach, FL",1
33175,33100,"Miami-Fort Lauderdale-West Palm Beach, FL",1
33176,33100,"Miami-Fort Lauderdale-West Palm Beach, FL",1
33177,33100,"Miami-Fort Lauderdale-West Palm Beach, FL",1
33178,33100,"Miami-Fort Lauderdale-West Palm Beach, FL",1
33179,33100,"Miami-Fort Lauderdale-West Palm Beach, FL",1
33180,33100,"Miami-Fort Lauderdale-West Palm Beach, FL",1
33181,33100,"Miami-Fort Lauderdale-West Palm Beach, FL",1
33182,33100,"Miami-Fort Lauderdale-West Palm Beach, FL",1
33183,33100,"Miami-Fort Lauderdale-West Palm Beach, FL",1
33184,33100,"Miami-Fort Lauderdale-West Palm Beach, FL",1
33185,33100,"Miami-Fort Lauderdale-West Palm Beach, FL",1
33186,33100,"Miami-Fort Lauderdale-West Palm Beach, FL",1
33187,33100,"Miami-Fort Lauderdale-West Palm Beach, FL",1
33189,33100,"Miami-Fort Lauderdale-West Palm Beach, FL",1
33190,33100,"Miami-Fort Lauderdale-West Palm Beach, FL",1
33193,33100,"Miami-Fort Lauderdale-West Palm Beach, FL",1
33194,33100,"Miami-Fort Lauderdale-West Palm Beach, FL",1
33196,33100,"Miami-Fort Lauderdale-West Palm Beach, FL",1
33301,33100,"Miami-Fort Lauderdale-West Palm Beach, FL",1
33304,33100,"Miami-Fort Lauderdale-West Palm Beach, FL",1
33305,33100,"Miami-Fort Lauderdale-West Palm Beach, FL",1
33306,33100,"Miami-Fort Lauderdale-West Palm Beach, FL",1
33308,33100,"Miami-Fort Lauderdale-West Palm Beach, FL",1
33309,33100,"Miami-Fort Lauderdale-West Palm Beach, FL",1
33311,33100,"Miami-Fort Lauderdale-West Palm Beach, FL",1
33312,33100,"Miami-Fort Lauderdale-West Palm Beach, FL",1
33313,33100,"Miami-Fort Lauderdale-West Palm Beach, FL",1
33314,33100,"Miami-Fort Lauderdale-West Palm Beach, FL",1
33315,33100,"Miami-Fort Lauderdale-West Palm Beach, FL",1
33316,33100,"Miami-Fort Lauderdale-West Palm Beach, FL",1
33317,33100,"Miami-Fort Lauderdale-West Palm Beach, FL",1
33319,33100,"Miami-Fort Lauderdale-West Palm Beach, FL",1
33321,33100,"Miami-Fort Lauderdale-West Palm Beach, FL",1
33322,33100,"Miami-Fort Lauderdale-West Palm Beach, FL",1
33323,33100,"Miami-Fort Lauderdale-West Palm Beach, FL",1
33324,33100,"Miami-Fort Lauderdale-West Palm Beach, FL",1
33325,33100,"Miami-Fort Lauderdale-West Palm Beach, FL",1
33326,33100,"Miami-Fort Lauderdale-West Palm Beach, FL",1
33327,33100,"Miami-Fort Lauderdale-West Palm Beach, FL",1
33328,33100,"Miami-Fort Lauderdale-West Palm Beach, FL",1
33330,33100,"Miami-Fort Lauderdale-West Palm Beach, FL",1
33331,33100,"Miami-Fort Lauderdale-West Palm Beach, FL",1
33332,33100,"Miami-Fort Lauderdale-West Palm Beach, FL",1
33334,33100,"Miami-Fort Lauderdale-West Palm Beach, FL",1
33351,33100,"Miami-Fort Lauderdale-West Palm Beach, FL",1
33388,33100,"Miami-Fort Lauderdale-West Palm Beach, FL",1
33401,33100,"Miami-Fort Lauderdale-West Palm Beach, FL",1
33403,33100,"Miami-Fort Lauderdale-West Palm Beach, FL",1
33404,33100,"Miami-Fort Lauderdale-West Palm Beach, FL",1
33405,33100,"Miami-Fort Lauderdale-West Palm Beach, FL",1
33406,33100,"Miami-Fort Lauderdale-West Palm Beach, FL",1
33407,33100,"Miami-Fort Lauderdale-West Palm Beach, FL",1
33408,33100,"Miami-Fort Lauderdale-West Palm Beach, FL",1
33409,33100,"Miami-Fort Lauderdale-West Palm Beach, FL",1
33410,33100,"Miami-Fort Lauderdale-West Palm Beach, FL",1
33411,33100,"Miami-Fort Lauderdale-West Palm Beach, FL",1
33412,33100,"Miami-Fort Lauderdale-West Palm Beach, FL",1
33413,33100,"Miami-Fort Lauderdale-West Palm Beach, FL",1
33414,33100,"Miami-Fort Lauderdale-West Palm Beach, FL",1
33415,33100,"Miami-Fort Lauderdale-West Palm Beach, FL",1
33417,33100,"Miami-Fort Lauderdale-West Palm Beach, FL",1
33418,33100,"Miami-Fort Lauderdale-West Palm Beach, FL",1
33426,33100,"Miami-Fort Lauderdale-West Palm Beach, FL",1
33428,33100,"Miami-Fort Lauderdale-West Palm Beach, FL",1
33430,33100,"Miami-Fort Lauderdale-West Palm Beach, FL",1
33431,33100,"Miami-Fort Lauderdale-West Palm Beach, FL",1
33432,33100,"Miami-Fort Lauderdale-West Palm Beach, FL",1
33433,33100,"Miami-Fort Lauderdale-West Palm Beach, FL",1
33434,33100,"Miami-Fort Lauderdale-West Palm Beach, FL",1
33435,33100,"Miami-Fort Lauderdale-West Palm Beach, FL",1
33436,33100,"Miami-Fort Lauderdale-West Palm Beach, FL",1
33437,33100,"Miami-Fort Lauderdale-West Palm Beach, FL",1
33438,38940,"Port St. Lucie, FL",1
33440,17500,"Clewiston, FL",0
33441,33100,"Miami-Fort Lauderdale-West Palm Beach, FL",1
33442,33100,"Miami-Fort Lauderdale-West Palm Beach, FL",1
33444,33100,"Miami-Fort Lauderdale-West Palm Beach, FL",1
33445,33100,"Miami-Fort Lauderdale-West Palm Beach, FL",1
33446,33100,"Miami-Fort Lauderdale-West Palm Beach, FL",1
33449,33100,"Miami-Fort Lauderdale-West Palm Beach, FL",1
33455,38940,"Port St. Lucie, FL",1
33458,33100,"Miami-Fort Lauderdale-West Palm Beach, FL",1
33460,33100,"Miami-Fort Lauderdale-West Palm Beach, FL",1
33461,33100,"Miami-Fort Lauderdale-West Palm Beach, FL",1
33462,33100,"Miami-Fort Lauderdale-West Palm Beach, FL",1
33463,33100,"Miami-Fort Lauderdale-West Palm Beach, FL",1
33467,33100,"Miami-Fort Lauderdale-West Palm Beach, FL",1
33469,38940,"Port St. Lucie, FL",1
33470,33100,"Miami-Fort Lauderdale-West Palm Beach, FL",1
33471,17500,"Clewiston, FL",0
33472,33100,"Miami-Fort Lauderdale-West Palm Beach, FL",1
33473,33100,"Miami-Fort Lauderdale-West Palm Beach, FL",1
33476,33100,"Miami-Fort Lauderdale-West Palm Beach, FL",1
33477,33100,"Miami-Fort Lauderdale-West Palm Beach, FL",1
33478,33100,"Miami-Fort Lauderdale-West Palm Beach, FL",1
33480,33100,"Miami-Fort Lauderdale-West Palm Beach, FL",1
33483,33100,"Miami-Fort Lauderdale-West Palm Beach, FL",1
33484,33100,"Miami-Fort Lauderdale-West Palm Beach, FL",1
33486,33100,"Miami-Fort Lauderdale-West Palm Beach, FL",1
33487,33100,"Miami-Fort Lauderdale-West Palm Beach, FL",1
33493,33100,"Miami-Fort Lauderdale-West Palm Beach, FL",1
33496,33100,"Miami-Fort Lauderdale-West Palm Beach, FL",1
33498,33100,"Miami-Fort Lauderdale-West Palm Beach, FL",1
33503,45300,"Tampa-St. Petersburg-Clearwater, FL",1
33510,45300,"Tampa-St. Petersburg-Clearwater, FL",1
33511,45300,"Tampa-St. Petersburg-Clearwater, FL",1
33513,48680,"Wildwood-The Villages, FL",1
33514,48680,"Wildwood-The Villages, FL",1
33521,48680,"Wildwood-The Villages, FL",1
33523,45300,"Tampa-St. Petersburg-Clearwater, FL",1
33525,45300,"Tampa-St. Petersburg-Clearwater, FL",1
33527,45300,"Tampa-St. Petersburg-Clearwater, FL",1
33530,45300,"Tampa-St. Petersburg-Clearwater, FL",1
33534,45300,"Tampa-St. Petersburg-Clearwater, FL",1
33538,48680,"Wildwood-The Villages, FL",1
33540,45300,"Tampa-St. Petersburg-Clearwater, FL",1
33541,45300,"Tampa-St. Petersburg-Clearwater, FL",1
33542,45300,"Tampa-St. Petersburg-Clearwater, FL",1
33543,45300,"Tampa-St. Petersburg-Clearwater, FL",1
33544,45300,"Tampa-St. Petersburg-Clearwater, FL",1
33545,45300,"Tampa-St. Petersburg-Clearwater, FL",1
33547,45300,"Tampa-St. Petersburg-Clearwater, FL",1
33548,45300,"Tampa-St. Petersburg-Clearwater, FL",1
33549,45300,"Tampa-St. Petersburg-Clearwater, FL",1
33550,45300,"Tampa-St. Petersburg-Clearwater, FL",1
33556,45300,"Tampa-St. Petersburg-Clearwater, FL",1
33558,45300,"Tampa-St. Petersburg-Clearwater, FL",1
33559,45300,"Tampa-St. Petersburg-Clearwater, FL",1
33563,45300,"Tampa-St. Petersburg-Clearwater, FL",1
33565,45300,"Tampa-St. Petersburg-Clearwater, FL",1
33566,45300,"Tampa-St. Petersburg-Clearwater, FL",1
33567,45300,"Tampa-St. Petersburg-Clearwater, FL",1
33569,45300,"Tampa-St. Petersburg-Clearwater, FL",1
33570,45300,"Tampa-St. Petersburg-Clearwater, FL",1
33572,45300,"Tampa-St. Petersburg-Clearwater, FL",1
33573,45300,"Tampa-St. Petersburg-Clearwater, FL",1
33574,45300,"Tampa-St. Petersburg-Clearwater, FL",1
33576,45300,"Tampa-St. Petersburg-Clearwater, FL",1
33578,45300,"Tampa-St. Petersburg-Clearwater, FL",1
33579,45300,"Tampa-St. Petersburg-Clearwater, FL",1
33584,45300,"Tampa-St. Petersburg-Clearwater, FL",1
33585,48680,"Wildwood-The Villages, FL",1
33592,45300,"Tampa-St. Petersburg-Clearwater, FL",1
33594,45300,"Tampa-St. Petersburg-Clearwater, FL",1
33596,45300,"Tampa-St. Petersburg-Clearwater, FL",1
33597,48680,"Wildwood-The Villages, FL",1
33598,45300,"Tampa-St. Petersburg-Clearwater, FL",1
33602,45300,"Tampa-St. Petersburg-Clearwater, FL",1
33603,45300,"Tampa-St. Petersburg-Clearwater, FL",1
33604,45300,"Tampa-St. Petersburg-Clearwater, FL",1
33605,45300,"Tampa-St. Petersburg-Clearwater, FL",1
33606,45300,"Tampa-St. Petersburg-Clearwater, FL",1
33607,45300,"Tampa-St. Petersburg-Clearwater, FL",1
33609,45300,"Tampa-St. Petersburg-Clearwater, FL",1
33610,45300,"Tampa-St. Petersburg-Clearwater, FL",1
33611,45300,"Tampa-St. Petersburg-Clearwater, FL",1
33612,45300,"Tampa-St. Petersburg-Clearwater, FL",1
33613,45300,"Tampa-St. Petersburg-Clearwater, FL",1
33614,45300,"Tampa-St. Petersburg-Clearwater, FL",1
33615,45300,"Tampa-St. Petersburg-Clearwater, FL",1
33616,45300,"Tampa-St. Petersburg-Clearwater, FL",1
33617,45300,"Tampa-St. Petersburg-Clearwater, FL",1
33618,45300,"Tampa-St. Petersburg-Clearwater, FL",1
33619,45300,"Tampa-St. Petersburg-Clearwater, FL",1
33620,45300,"Tampa-St. Petersburg-Clearwater, FL",1
33621,45300,"Tampa-St. Petersburg-Clearwater, FL",1
33624,45300,"Tampa-St. Petersburg-Clearwater, FL",1
33625,45300,"Tampa-St. Petersburg-Clearwater, FL",1
33626,45300,"Tampa-St. Petersburg-Clearwater, FL",1
33629,45300,"Tampa-St. Petersburg-Clearwater, FL",1
33634,45300,"Tampa-St. Petersburg-Clearwater, FL",1
33635,45300,"Tampa-St. Petersburg-Clearwater, FL",1
33637,45300,"Tampa-St. Petersburg-Clearwater, FL",1
33647,45300,"Tampa-St. Petersburg-Clearwater, FL",1
33701,45300,"Tampa-St. Petersburg-Clearwater, FL",1
33702,45300,"Tampa-St. Petersburg-Clearwater, FL",1
33703,45300,"Tampa-St. Petersburg-Clearwater, FL",1
33704,45300,"Tampa-St. Petersburg-Clearwater, FL",1
33705,45300,"Tampa-St. Petersburg-Clearwater, FL",1
33706,45300,"Tampa-St. Petersburg-Clearwater, FL",1
33707,45300,"Tampa-St. Petersburg-Clearwater, FL",1
33708,45300,"Tampa-St. Petersburg-Clearwater, FL",1
33709,45300,"Tampa-St. Petersburg-Clearwater, FL",1
33710,45300,"Tampa-St. Petersburg-Clearwater, FL",1
33711,45300,"Tampa-St. Petersburg-Clearwater, FL",1
33712,45300,"Tampa-St. Petersburg-Clearwater, FL",1
33713,45300,"Tampa-St. Petersburg-Clearwater, FL",1
33714,45300,"Tampa-St. Petersburg-Clearwater, FL",1
33715,45300,"Tampa-St. Petersburg-Clearwater, FL",1
33716,45300,"Tampa-St. Petersburg-Clearwater, FL",1
33744,45300,"Tampa-St. Petersburg-Clearwater, FL",1
33755,45300,"Tampa-St. Petersburg-Clearwater, FL",1
33756,45300,"Tampa-St. Petersburg-Clearwater, FL",1
33759,45300,"Tampa-St. Petersburg-Clearwater, FL",1
33760,45300,"Tampa-St. Petersburg-Clearwater, FL",1
33761,45300,"Tampa-St. Petersburg-Clearwater, FL",1
33762,45300,"Tampa-St. Petersburg-Clearwater, FL",1
33763,45300,"Tampa-St. Petersburg-Clearwater, FL",1
33764,45300,"Tampa-St. Petersburg-Clearwater, FL",1
33765,45300,"Tampa-St. Petersburg-Clearwater, FL",1
33767,45300,"Tampa-St. Petersburg-Clearwater, FL",1
33770,45300,"Tampa-St. Petersburg-Clearwater, FL",1
33771,45300,"Tampa-St. Petersburg-Clearwater, FL",1
33772,45300,"Tampa-St. Petersburg-Clearwater, FL",1
33773,45300,"Tampa-St. Petersburg-Clearwater, FL",1
33774,45300,"Tampa-St. Petersburg-Clearwater, FL",1
33776,45300,"Tampa-St. Petersburg-Clearwater, FL",1
33777,45300,"Tampa-St. Petersburg-Clearwater, FL",1
33778,45300,"Tampa-St. Petersburg-Clearwater, FL",1
33781,45300,"Tampa-St. Petersburg-Clearwater, FL",1
33782,45300,"Tampa-St. Petersburg-Clearwater, FL",1
33785,45300,"Tampa-St. Petersburg-Clearwater, FL",1
33786,45300,"Tampa-St. Petersburg-Clearwater, FL",1
33801,29460,"Lakeland-Winter Haven, FL",1
33803,29460,"Lakeland-Winter Haven, FL",1
33805,29460,"Lakeland-Winter Haven, FL",1
33809,29460,"Lakeland-Winter Haven, FL",1
33810,29460,"Lakeland-Winter Haven, FL",1
33811,29460,"Lakeland-Winter Haven, FL",1
33812,29460,"Lakeland-Winter Haven, FL",1
33813,29460,"Lakeland-Winter Haven, FL",1
33815,29460,"Lakeland-Winter Haven, FL",1
33823,29460,"Lakeland-Winter Haven, FL",1
33825,42700,"Sebring, FL",1
33827,29460,"Lakeland-Winter Haven, FL",1
33830,29460,"Lakeland-Winter Haven, FL",1
33835,29460,"Lakeland-Winter Haven, FL",1
33837,29460,"Lakeland-Winter Haven, FL",1
33838,29460,"Lakeland-Winter Haven, FL",1
33839,29460,"Lakeland-Winter Haven, FL",1
33840,29460,"Lakeland-Winter Haven, FL",1
33841,29460,"Lakeland-Winter Haven, FL",1
33843,29460,"Lakeland-Winter Haven, FL",1
33844,29460,"Lakeland-Winter Haven, FL",1
33847,29460,"Lakeland-Winter Haven, FL",1
33848,36740,"Orlando-Kissimmee-Sanford, FL",1
33849,29460,"Lakeland-Winter Haven, FL",1
33850,29460,"Lakeland-Winter Haven, FL",1
33851,29460,"Lakeland-Winter Haven, FL",1
33852,42700,"Sebring, FL",1
33853,29460,"Lakeland-Winter Haven, FL",1
33854,29460,"Lakeland-Winter Haven, FL",1
33855,29460,"Lakeland-Winter Haven, FL",1
33856,29460,"Lakeland-Winter Haven, FL",1
33857,42700,"Sebring, FL",1
33858,29460,"Lakeland-Winter Haven, FL",1
33859,29460,"Lakeland-Winter Haven, FL",1
33860,29460,"Lakeland-Winter Haven, FL",1
33867,29460,"Lakeland-Winter Haven, FL",1
33868,29460,"Lakeland-Winter Haven, FL",1
33870,42700,"Sebring, FL",1
33872,42700,"Sebring, FL",1
33875,42700,"Sebring, FL",1
33876,42700,"Sebring, FL",1
33877,29460,"Lakeland-Winter Haven, FL",1
33880,29460,"Lakeland-Winter Haven, FL",1
33881,29460,"Lakeland-Winter Haven, FL",1
33884,29460,"Lakeland-Winter Haven, FL",1
33896,36740,"Orlando-Kissimmee-Sanford, FL",1
33897,29460,"Lakeland-Winter Haven, FL",1
33898,29460,"Lakeland-Winter Haven, FL",1
33901,15980,"Cape Coral-Fort Myers, FL",1
33903,15980,"Cape Coral-Fort Myers, FL",1
33904,15980,"Cape Coral-Fort Myers, FL",1
33905,15980,"Cape Coral-Fort Myers, FL",1
33907,15980,"Cape Coral-Fort Myers, FL",1
33908,15980,"Cape Coral-Fort Myers, FL",1
33909,15980,"Cape Coral-Fort Myers, FL",1
33912,15980,"Cape Coral-Fort Myers, FL",1
33913,15980,"Cape Coral-Fort Myers, FL",1
33914,15980,"Cape Coral-Fort Myers, FL",1
33916,15980,"Cape Coral-Fort Myers, FL",1
33917,15980,"Cape Coral-Fort Myers, FL",1
33919,15980,"Cape Coral-Fort Myers, FL",1
33920,15980,"Cape Coral-Fort Myers, FL",1
33921,15980,"Cape Coral-Fort Myers, FL",1
33922,15980,"Cape Coral-Fort Myers, FL",1
33924,15980,"Cape Coral-Fort Myers, FL",1
33928,15980,"Cape Coral-Fort Myers, FL",1
33930,17500,"Clewiston, FL",0
33931,15980,"Cape Coral-Fort Myers, FL",1
33935,17500,"Clewiston, FL",0
33936,17500,"Clewiston, FL",0
33944,17500,"Clewiston, FL",0
33946,39460,"Punta Gorda, FL",1
33947,39460,"Punta Gorda, FL",1
33948,39460,"Punta Gorda, FL",1
33950,39460,"Punta Gorda, FL",1
33952,39460,"Punta Gorda, FL",1
33953,39460,"Punta Gorda, FL",1
33954,39460,"Punta Gorda, FL",1
33955,39460,"Punta Gorda, FL",1
33956,15980,"Cape Coral-Fort Myers, FL",1
33957,15980,"Cape Coral-Fort Myers, FL",1
33960,42700,"Sebring, FL",1
33965,15980,"Cape Coral-Fort Myers, FL",1
33966,15980,"Cape Coral-Fort Myers, FL",1
33967,15980,"Cape Coral-Fort Myers, FL",1
33971,15980,"Cape Coral-Fort Myers, FL",1
33972,15980,"Cape Coral-Fort Myers, FL",1
33973,15980,"Cape Coral-Fort Myers, FL",1
33974,15980,"Cape Coral-Fort Myers, FL",1
33976,15980,"Cape Coral-Fort Myers, FL",1
33980,39460,"Punta Gorda, FL",1
33981,39460,"Punta Gorda, FL",1
33982,39460,"Punta Gorda, FL",1
33983,39460,"Punta Gorda, FL",1
33990,15980,"Cape Coral-Fort Myers, FL",1
33991,15980,"Cape Coral-Fort Myers, FL",1
33993,15980,"Cape Coral-Fort Myers, FL",1
34101,34940,"Naples-Marco Island, FL",1
34102,34940,"Naples-Marco Island, FL",1
34103,34940,"Naples-Marco Island, FL",1
34104,34940,"Naples-Marco Island, FL",1
34105,34940,"Naples-Marco Island, FL",1
34108,34940,"Naples-Marco Island, FL",1
34109,34940,"Naples-Marco Island, FL",1
34110,34940,"Naples-Marco Island, FL",1
34112,34940,"Naples-Marco Island, FL",1
34113,34940,"Naples-Marco Island, FL",1
34114,34940,"Naples-Marco Island, FL",1
34116,34940,"Naples-Marco Island, FL",1
34117,34940,"Naples-Marco Island, FL",1
34119,34940,"Naples-Marco Island, FL",1
34120,34940,"Naples-Marco Island, FL",1
34134,15980,"Cape Coral-Fort Myers, FL",1
34135,15980,"Cape Coral-Fort Myers, FL",1
34137,34940,"Naples-Marco Island, FL",1
34138,34940,"Naples-Marco Island, FL",1
34139,34940,"Naples-Marco Island, FL",1
34140,34940,"Naples-Marco Island, FL",1
34141,34940,"Naples-Marco Island, FL",1
34142,34940,"Naples-Marco Island, FL",1
34145,34940,"Naples-Marco Island, FL",1
34201,35840,"North Port-Bradenton-Sarasota, FL",1
34202,35840,"North Port-Bradenton-Sarasota, FL",1
34203,35840,"North Port-Bradenton-Sarasota, FL",1
34205,35840,"North Port-Bradenton-Sarasota, FL",1
34207,35840,"North Port-Bradenton-Sarasota, FL",1
34208,35840,"North Port-Bradenton-Sarasota, FL",1
34209,35840,"North Port-Bradenton-Sarasota, FL",1
34210,35840,"North Port-Bradenton-Sarasota, FL",1
34211,35840,"North Port-Bradenton-Sarasota, FL",1
34212,35840,"North Port-Bradenton-Sarasota, FL",1
34215,35840,"North Port-Bradenton-Sarasota, FL",1
34216,35840,"North Port-Bradenton-Sarasota, FL",1
34217,35840,"North Port-Bradenton-Sarasota, FL",1
34219,35840,"North Port-Bradenton-Sarasota, FL",1
34221,35840,"North Port-Bradenton-Sarasota, FL",1
34222,35840,"North Port-Bradenton-Sarasota, FL",1
34223,35840,"North Port-Bradenton-Sarasota, FL",1
34224,39460,"Punta Gorda, FL",1
34228,35840,"North Port-Bradenton-Sarasota, FL",1
34229,35840,"North Port-Bradenton-Sarasota, FL",1
34231,35840,"North Port-Bradenton-Sarasota, FL",1
34232,35840,"North Port-Bradenton-Sarasota, FL",1
34233,35840,"North Port-Bradenton-Sarasota, FL",1
34234,35840,"North Port-Bradenton-Sarasota, FL",1
34235,35840,"North Port-Bradenton-Sarasota, FL",1
34236,35840,"North Port-Bradenton-Sarasota, FL",1
34237,35840,"North Port-Bradenton-Sarasota, FL",1
34238,35840,"North Port-Bradenton-Sarasota, FL",1
34239,35840,"North Port-Bradenton-Sarasota, FL",1
34240,35840,"North Port-Bradenton-Sarasota, FL",1
34241,35840,"North Port-Bradenton-Sarasota, FL",1
34242,35840,"North Port-Bradenton-Sarasota, FL",1
34243,35840,"North Port-Bradenton-Sarasota, FL",1
34250,35840,"North Port-Bradenton-Sarasota, FL",1
34251,35840,"North Port-Bradenton-Sarasota, FL",1
34266,11580,"Arcadia, FL",0
34267,11580,"Arcadia, FL",0
34268,11580,"Arcadia, FL",0
34269,11580,"Arcadia, FL",0
34275,35840,"North Port-Bradenton-Sarasota, FL",1
34285,35840,"North Port-Bradenton-Sarasota, FL",1
34286,35840,"North Port-Bradenton-Sarasota, FL",1
34287,35840,"North Port-Bradenton-Sarasota, FL",1
34288,35840,"North Port-Bradenton-Sarasota, FL",1
34289,35840,"North Port-Bradenton-Sarasota, FL",1
34291,35840,"North Port-Bradenton-Sarasota, FL",1
34292,35840,"North Port-Bradenton-Sarasota, FL",1
34293,35840,"North Port-Bradenton-Sarasota, FL",1
34420,36100,"Ocala, FL",1
34428,26140,"Homosassa Springs, FL",1
34429,26140,"Homosassa Springs, FL",1
34431,36100,"Ocala, FL",1
34432,36100,"Ocala, FL",1
34433,26140,"Homosassa Springs, FL",1
34434,26140,"Homosassa Springs, FL",1
34436,26140,"Homosassa Springs, FL",1
34442,26140,"Homosassa Springs, FL",1
34445,26140,"Homosassa Springs, FL",1
34446,26140,"Homosassa Springs, FL",1
34448,26140,"Homosassa Springs, FL",1
34449,23540,"Gainesville, FL",1
34450,26140,"Homosassa Springs, FL",1
34452,26140,"Homosassa Springs, FL",1
34453,26140,"Homosassa Springs, FL",1
34461,26140,"Homosassa Springs, FL",1
34465,26140,"Homosassa Springs, FL",1
34470,36100,"Ocala, FL",1
34471,36100,"Ocala, FL",1
34472,36100,"Ocala, FL",1
34473,36100,"Ocala, FL",1
34474,36100,"Ocala, FL",1
34475,36100,"Ocala, FL",1
34476,36100,"Ocala, FL",1
34479,36100,"Ocala, FL",1
34480,36100,"Ocala, FL",1
34481,36100,"Ocala, FL",1
34482,36100,"Ocala, FL",1
34484,48680,"Wildwood-The Villages, FL",1
34487,26140,"Homosassa Springs, FL",1
34488,36100,"Ocala, FL",1
34491,36100,"Ocala, FL",1
34498,23540,"Gainesville, FL",1
34601,45300,"Tampa-St. Petersburg-Clearwater, FL",1
34602,45300,"Tampa-St. Petersburg-Clearwater, FL",1
34604,45300,"Tampa-St. Petersburg-Clearwater, FL",1
34606,45300,"Tampa-St. Petersburg-Clearwater, FL",1
34607,45300,"Tampa-St. Petersburg-Clearwater, FL",1
34608,45300,"Tampa-St. Petersburg-Clearwater, FL",1
34609,45300,"Tampa-St. Petersburg-Clearwater, FL",1
34610,45300,"Tampa-St. Petersburg-Clearwater, FL",1
34613,45300,"Tampa-St. Petersburg-Clearwater, FL",1
34614,45300,"Tampa-St. Petersburg-Clearwater, FL",1
34637,45300,"Tampa-St. Petersburg-Clearwater, FL",1
34638,45300,"Tampa-St. Petersburg-Clearwater, FL",1
34639,45300,"Tampa-St. Petersburg-Clearwater, FL",1
34652,45300,"Tampa-St. Petersburg-Clearwater, FL",1
34653,45300,"Tampa-St. Petersburg-Clearwater, FL",1
34654,45300,"Tampa-St. Petersburg-Clearwater, FL",1
34655,45300,"Tampa-St. Petersburg-Clearwater, FL",1
34661,45300,"Tampa-St. Petersburg-Clearwater, FL",1
34667,45300,"Tampa-St. Petersburg-Clearwater, FL",1
34668,45300,"Tampa-St. Petersburg-Clearwater, FL",1
34669,45300,"Tampa-St. Petersburg-Clearwater, FL",1
34677,45300,"Tampa-St. Petersburg-Clearwater, FL",1
34679,45300,"Tampa-St. Petersburg-Clearwater, FL",1
34681,45300,"Tampa-St. Petersburg-Clearwater, FL",1
34683,45300,"Tampa-St. Petersburg-Clearwater, FL",1
34684,45300,"Tampa-St. Petersburg-Clearwater, FL",1
34685,45300,"Tampa-St. Petersburg-Clearwater, FL",1
34688,45300,"Tampa-St. Petersburg-Clearwater, FL",1
34689,45300,"Tampa-St. Petersburg-Clearwater, FL",1
34690,45300,"Tampa-St. Petersburg-Clearwater, FL",1
34691,45300,"Tampa-St. Petersburg-Clearwater, FL",1
34695,45300,"Tampa-St. Petersburg-Clearwater, FL",1
34698,45300,"Tampa-St. Petersburg-Clearwater, FL",1
34705,36740,"Orlando-Kissimmee-Sanford, FL",1
34711,36740,"Orlando-Kissimmee-Sanford, FL",1
34714,36740,"Orlando-Kissimmee-Sanford, FL",1
34715,36740,"Orlando-Kissimmee-Sanford, FL",1
34729,36740,"Orlando-Kissimmee-Sanford, FL",1
34731,36740,"Orlando-Kissimmee-Sanford, FL",1
34734,36740,"Orlando-Kissimmee-Sanford, FL",1
34736,36740,"Orlando-Kissimmee-Sanford, FL",1
34737,36740,"Orlando-Kissimmee-Sanford, FL",1
34739,36740,"Orlando-Kissimmee-Sanford, FL",1
34741,36740,"Orlando-Kissimmee-Sanford, FL",1
34743,36740,"Orlando-Kissimmee-Sanford, FL",1
34744,36740,"Orlando-Kissimmee-Sanford, FL",1
34746,36740,"Orlando-Kissimmee-Sanford, FL",1
34747,36740,"Orlando-Kissimmee-Sanford, FL",1
34748,36740,"Orlando-Kissimmee-Sanford, FL",1
34753,36740,"Orlando-Kissimmee-Sanford, FL",1
34756,36740,"Orlando-Kissimmee-Sanford, FL",1
34758,36740,"Orlando-Kissimmee-Sanford, FL",1
34759,29460,"Lakeland-Winter Haven, FL",1
34760,36740,"Orlando-Kissimmee-Sanford, FL",1
34761,36740,"Orlando-Kissimmee-Sanford, FL",1
34762,36740,"Orlando-Kissimmee-Sanford, FL",1
34769,36740,"Orlando-Kissimmee-Sanford, FL",1
34771,36740,"Orlando-Kissimmee-Sanford, FL",1
34772,36740,"Orlando-Kissimmee-Sanford, FL",1
34773,36740,"Orlando-Kissimmee-Sanford, FL",1
34785,48680,"Wildwood-The Villages, FL",1
34786,36740,"Orlando-Kissimmee-Sanford, FL",1
34787,36740,"Orlando-Kissimmee-Sanford, FL",1
34788,36740,"Orlando-Kissimmee-Sanford, FL",1
34797,36740,"Orlando-Kissimmee-Sanford, FL",1
34945,38940,"Port St. Lucie, FL",1
34946,38940,"Port St. Lucie, FL",1
34947,38940,"Port St. Lucie, FL",1
34949,38940,"Port St. Lucie, FL",1
34950,38940,"Port St. Lucie, FL",1
34951,38940,"Port St. Lucie, FL",1
34952,38940,"Port St. Lucie, FL",1
34953,38940,"Port St. Lucie, FL",1
34956,38940,"Port St. Lucie, FL",1
34957,38940,"Port St. Lucie, FL",1
34972,36380,"Okeechobee, FL",0
34974,17500,"Clewiston, FL",0
34981,38940,"Port St. Lucie, FL",1
34982,38940,"Port St. Lucie, FL",1
34983,38940,"Port St. Lucie, FL",1
34984,38940,"Port St. Lucie, FL",1
34986,38940,"Port St. Lucie, FL",1
34987,38940,"Port St. Lucie, FL",1
34990,38940,"Port St. Lucie, FL",1
34994,38940,"Port St. Lucie, FL",1
34996,38940,"Port St. Lucie, FL",1
34997,38940,"Port St. Lucie, FL",1
35004,13820,"Birmingham, AL",1
35005,13820,"Birmingham, AL",1
35006,13820,"Birmingham, AL",1
35007,13820,"Birmingham, AL",1
35010,10760,"Alexander City, AL",0
35013,13820,"Birmingham, AL",1
35014,45180,"Talladega-Sylacauga, AL",0
35016,10700,"Albertville, AL",0
35019,18980,"Cullman, AL",0
35020,13820,"Birmingham, AL",1
35022,13820,"Birmingham, AL",1
35023,13820,"Birmingham, AL",1
35031,13820,"Birmingham, AL",1
35032,45180,"Talladega-Sylacauga, AL",0
35033,18980,"Cullman, AL",0
35034,13820,"Birmingham, AL",1
35035,13820,"Birmingham, AL",1
35036,13820,"Birmingham, AL",1
35040,13820,"Birmingham, AL",1
35042,13820,"Birmingham, AL",1
35043,13820,"Birmingham, AL",1
35044,45180,"Talladega-Sylacauga, AL",0
35045,13820,"Birmingham, AL",1
35046,13820,"Birmingham, AL",1
35049,13820,"Birmingham, AL",1
35051,13820,"Birmingham, AL",1
35052,13820,"Birmingham, AL",1
35053,18980,"Cullman, AL",0
35054,13820,"Birmingham, AL",1
35055,18980,"Cullman, AL",0
35057,18980,"Cullman, AL",0
35058,18980,"Cullman, AL",0
35060,13820,"Birmingham, AL",1
35061,13820,"Birmingham, AL",1
35062,13820,"Birmingham, AL",1
35063,13820,"Birmingham, AL",1
35064,13820,"Birmingham, AL",1
35068,13820,"Birmingham, AL",1
35070,18980,"Cullman, AL",0
35071,13820,"Birmingham, AL",1
35072,45180,"Talladega-Sylacauga, AL",0
35073,13820,"Birmingham, AL",1
35074,13820,"Birmingham, AL",1
35077,18980,"Cullman, AL",0
35078,13820,"Birmingham, AL",1
35079,13820,"Birmingham, AL",1
35080,13820,"Birmingham, AL",1
35083,18980,"Cullman, AL",0
35085,13820,"Birmingham, AL",1
35087,18980,"Cullman, AL",0
35089,45180,"Talladega-Sylacauga, AL",0
35091,13820,"Birmingham, AL",1
35094,13820,"Birmingham, AL",1
35096,45180,"Talladega-Sylacauga, AL",0
35097,13820,"Birmingham, AL",1
35098,18980,"Cullman, AL",0
35111,13820,"Birmingham, AL",1
35112,13820,"Birmingham, AL",1
35114,13820,"Birmingham, AL",1
35115,13820,"Birmingham, AL",1
35116,13820,"Birmingham, AL",1
35117,13820,"Birmingham, AL",1
35118,13820,"Birmingham, AL",1
35119,13820,"Birmingham, AL",1
35120,13820,"Birmingham, AL",1
35121,13820,"Birmingham, AL",1
35124,13820,"Birmingham, AL",1
35125,13820,"Birmingham, AL",1
35126,13820,"Birmingham, AL",1
35127,13820,"Birmingham, AL",1
35128,13820,"Birmingham, AL",1
35130,13820,"Birmingham, AL",1
35131,13820,"Birmingham, AL",1
35133,13820,"Birmingham, AL",1
35135,13820,"Birmingham, AL",1
35136,45180,"Talladega-Sylacauga, AL",0
35143,13820,"Birmingham, AL",1
35146,13820,"Birmingham, AL",1
35147,13820,"Birmingham, AL",1
35148,13820,"Birmingham, AL",1
35149,45180,"Talladega-Sylacauga, AL",0
35150,45180,"Talladega-Sylacauga, AL",0
35151,45180,"Talladega-Sylacauga, AL",0
35160,45180,"Talladega-Sylacauga, AL",0
35171,13820,"Birmingham, AL",1
35172,13820,"Birmingham, AL",1
35173,13820,"Birmingham, AL",1
35175,10700,"Albertville, AL",0
35176,13820,"Birmingham, AL",1
35178,13820,"Birmingham, AL",1
35179,18980,"Cullman, AL",0
35180,13820,"Birmingham, AL",1
35181,13820,"Birmingham, AL",1
35183,45180,"Talladega-Sylacauga, AL",0
35184,13820,"Birmingham, AL",1
35185,13820,"Birmingham, AL",1
35186,13820,"Birmingham, AL",1
35188,13820,"Birmingham, AL",1
35203,13820,"Birmingham, AL",1
35204,13820,"Birmingham, AL",1
35205,13820,"Birmingham, AL",1
35206,13820,"Birmingham, AL",1
35207,13820,"Birmingham, AL",1
35208,13820,"Birmingham, AL",1
35209,13820,"Birmingham, AL",1
35210,13820,"Birmingham, AL",1
35211,13820,"Birmingham, AL",1
35212,13820,"Birmingham, AL",1
35213,13820,"Birmingham, AL",1
35214,13820,"Birmingham, AL",1
35215,13820,"Birmingham, AL",1
35216,13820,"Birmingham, AL",1
35217,13820,"Birmingham, AL",1
35218,13820,"Birmingham, AL",1
35221,13820,"Birmingham, AL",1
35222,13820,"Birmingham, AL",1
35223,13820,"Birmingham, AL",1
35224,13820,"Birmingham, AL",1
35226,13820,"Birmingham, AL",1
35228,13820,"Birmingham, AL",1
35229,13820,"Birmingham, AL",1
35233,13820,"Birmingham, AL",1
35234,13820,"Birmingham, AL",1
35235,13820,"Birmingham, AL",1
35242,13820,"Birmingham, AL",1
35243,13820,"Birmingham, AL",1
35244,13820,"Birmingham, AL",1
35249,13820,"Birmingham, AL",1
35254,13820,"Birmingham, AL",1
35401,46220,"Tuscaloosa, AL",1
35404,46220,"Tuscaloosa, AL",1
35405,46220,"Tuscaloosa, AL",1
35406,46220,"Tuscaloosa, AL",1
35441,46220,"Tuscaloosa, AL",1
35442,46220,"Tuscaloosa, AL",1
35443,46220,"Tuscaloosa, AL",1
35444,46220,"Tuscaloosa, AL",1
35446,46220,"Tuscaloosa, AL",1
35447,46220,"Tuscaloosa, AL",1
35452,46220,"Tuscaloosa, AL",1
35453,46220,"Tuscaloosa, AL",1
35456,46220,"Tuscaloosa, AL",1
35457,46220,"Tuscaloosa, AL",1
35458,46220,"Tuscaloosa, AL",1
35461,46220,"Tuscaloosa, AL",1
35462,46220,"Tuscaloosa, AL",1
35463,46220,"Tuscaloosa, AL",1
35466,46220,"Tuscaloosa, AL",1
35469,46220,"Tuscaloosa, AL",1
35473,46220,"Tuscaloosa, AL",1
35474,46220,"Tuscaloosa, AL",1
35475,46220,"Tuscaloosa, AL",1
35476,46220,"Tuscaloosa, AL",1
35480,46220,"Tuscaloosa, AL",1
35481,46220,"Tuscaloosa, AL",1
35487,46220,"Tuscaloosa, AL",1
35490,46220,"Tuscaloosa, AL",1
35491,46220,"Tuscaloosa, AL",1
35501,13820,"Birmingham, AL",1
35503,13820,"Birmingham, AL",1
35504,13820,"Birmingham, AL",1
35546,46220,"Tuscaloosa, AL",1
35550,13820,"Birmingham, AL",1
35571,40770,"Russellville, AL",0
35573,13820,"Birmingham, AL",1
35578,13820,"Birmingham, AL",1
35579,13820,"Birmingham, AL",1
35580,13820,"Birmingham, AL",1
35581,40770,"Russellville, AL",0
35582,40770,"Russellville, AL",0
35584,13820,"Birmingham, AL",1
35585,40770,"Russellville, AL",0
35587,13820,"Birmingham, AL",1
35593,40770,"Russellville, AL",0
35601,19460,"Decatur, AL",1
35603,19460,"Decatur, AL",1
35610,22520,"Florence-Muscle Shoals, AL",1
35611,26620,"Huntsville, AL",1
35613,26620,"Huntsville, AL",1
35614,26620,"Huntsville, AL",1
35615,26620,"Huntsville, AL",1
35616,22520,"Florence-Muscle Shoals, AL",1
35618,19460,"Decatur, AL",1
35619,19460,"Decatur, AL",1
35620,26620,"Huntsville, AL",1
35621,19460,"Decatur, AL",1
35622,19460,"Decatur, AL",1
35630,22520,"Florence-Muscle Shoals, AL",1
35632,22520,"Florence-Muscle Shoals, AL",1
35633,22520,"Florence-Muscle Shoals, AL",1
35634,22520,"Florence-Muscle Shoals, AL",1
35640,19460,"Decatur, AL",1
35643,19460,"Decatur, AL",1
35645,22520,"Florence-Muscle Shoals, AL",1
35646,22520,"Florence-Muscle Shoals, AL",1
35647,26620,"Huntsville, AL",1
35648,22520,"Florence-Muscle Shoals, AL",1
35649,26620,"Huntsville, AL",1
35650,19460,"Decatur, AL",1
35651,19460,"Decatur, AL",1
35652,22520,"Florence-Muscle Shoals, AL",1
35653,40770,"Russellville, AL",0
35654,40770,"Russellville, AL",0
35660,22520,"Florence-Muscle Shoals, AL",1
35661,22520,"Florence-Muscle Shoals, AL",1
35670,19460,"Decatur, AL",1
35671,26620,"Huntsville, AL",1
35672,19460,"Decatur, AL",1
35673,19460,"Decatur, AL",1
35674,22520,"Florence-Muscle Shoals, AL",1
35677,22520,"Florence-Muscle Shoals, AL",1
35739,26620,"Huntsville, AL",1
35740,42460,"Scottsboro, AL",0
35741,26620,"Huntsville, AL",1
35744,42460,"Scottsboro, AL",0
35745,42460,"Scottsboro, AL",0
35746,42460,"Scottsboro, AL",0
35747,10700,"Albertville, AL",0
35748,26620,"Huntsville, AL",1
35749,26620,"Huntsville, AL",1
35750,26620,"Huntsville, AL",1
35751,42460,"Scottsboro, AL",0
35752,42460,"Scottsboro, AL",0
35754,19460,"Decatur, AL",1
35755,10700,"Albertville, AL",0
35756,26620,"Huntsville, AL",1
35757,26620,"Huntsville, AL",1
35758,26620,"Huntsville, AL",1
35759,26620,"Huntsville, AL",1
35760,26620,"Huntsville, AL",1
35761,26620,"Huntsville, AL",1
35763,26620,"Huntsville, AL",1
35764,42460,"Scottsboro, AL",0
35765,42460,"Scottsboro, AL",0
35766,42460,"Scottsboro, AL",0
35768,42460,"Scottsboro, AL",0
35769,42460,"Scottsboro, AL",0
35771,42460,"Scottsboro, AL",0
35772,42460,"Scottsboro, AL",0
35773,26620,"Huntsville, AL",1
35774,42460,"Scottsboro, AL",0
35775,19460,"Decatur, AL",1
35776,42460,"Scottsboro, AL",0
35801,26620,"Huntsville, AL",1
35802,26620,"Huntsville, AL",1
35803,26620,"Huntsville, AL",1
35805,26620,"Huntsville, AL",1
35806,26620,"Huntsville, AL",1
35808,26620,"Huntsville, AL",1
35810,26620,"Huntsville, AL",1
35811,26620,"Huntsville, AL",1
35816,26620,"Huntsville, AL",1
35824,26620,"Huntsville, AL",1
35896,26620,"Huntsville, AL",1
35901,23460,"Gadsden, AL",1
35903,23460,"Gadsden, AL",1
35904,23460,"Gadsden, AL",1
35905,23460,"Gadsden, AL",1
35906,23460,"Gadsden, AL",1
35907,23460,"Gadsden, AL",1
35950,10700,"Albertville, AL",0
35951,10700,"Albertville, AL",0
35952,23460,"Gadsden, AL",1
35953,13820,"Birmingham, AL",1
35954,23460,"Gadsden, AL",1
35956,23460,"Gadsden, AL",1
35957,10700,"Albertville, AL",0
35958,42460,"Scottsboro, AL",0
35961,22840,"Fort Payne, AL",0
35962,22840,"Fort Payne, AL",0
35963,22840,"Fort Payne, AL",0
35966,42460,"Scottsboro, AL",0
35967,22840,"Fort Payne, AL",0
35968,22840,"Fort Payne, AL",0
35971,22840,"Fort Payne, AL",0
35972,23460,"Gadsden, AL",1
35974,22840,"Fort Payne, AL",0
35975,22840,"Fort Payne, AL",0
35976,10700,"Albertville, AL",0
35978,22840,"Fort Payne, AL",0
35979,22840,"Fort Payne, AL",0
35980,10700,"Albertville, AL",0
35981,22840,"Fort Payne, AL",0
35984,22840,"Fort Payne, AL",0
35986,22840,"Fort Payne, AL",0
35987,13820,"Birmingham, AL",1
35988,22840,"Fort Payne, AL",0
35989,22840,"Fort Payne, AL",0
35990,23460,"Gadsden, AL",1
36003,33860,"Montgomery, AL",1
36005,45980,"Troy, AL",0
36006,33860,"Montgomery, AL",1
36008,33860,"Montgomery, AL",1
36010,45980,"Troy, AL",0
36013,33860,"Montgomery, AL",1
36016,21640,"Eufaula, AL-GA",0
36017,21640,"Eufaula, AL-GA",0
36020,33860,"Montgomery, AL",1
36022,33860,"Montgomery, AL",1
36024,33860,"Montgomery, AL",1
36025,33860,"Montgomery, AL",1
36026,45180,"Talladega-Sylacauga, AL",0
36027,21640,"Eufaula, AL-GA",0
36031,12220,"Auburn-Opelika, AL",1
36032,33860,"Montgomery, AL",1
36034,45980,"Troy, AL",0
36035,45980,"Troy, AL",0
36036,33860,"Montgomery, AL",1
36039,12220,"Auburn-Opelika, AL",1
36040,33860,"Montgomery, AL",1
36043,33860,"Montgomery, AL",1
36047,33860,"Montgomery, AL",1
36048,21640,"Eufaula, AL-GA",0
36051,33860,"Montgomery, AL",1
36052,33860,"Montgomery, AL",1
36053,21640,"Eufaula, AL-GA",0
36054,33860,"Montgomery, AL",1
36057,33860,"Montgomery, AL",1
36064,33860,"Montgomery, AL",1
36066,33860,"Montgomery, AL",1
36067,33860,"Montgomery, AL",1
36069,33860,"Montgomery, AL",1
36075,12220,"Auburn-Opelika, AL",1
36078,33860,"Montgomery, AL",1
36079,45980,"Troy, AL",0
36080,33860,"Montgomery, AL",1
36081,45980,"Troy, AL",0
36082,45980,"Troy, AL",0
36083,12220,"Auburn-Opelika, AL",1
36088,12220,"Auburn-Opelika, AL",1
36091,13820,"Birmingham, AL",1
36092,33860,"Montgomery, AL",1
36093,33860,"Montgomery, AL",1
36101,33860,"Montgomery, AL",1
36104,33860,"Montgomery, AL",1
36105,33860,"Montgomery, AL",1
36106,33860,"Montgomery, AL",1
36107,33860,"Montgomery, AL",1
36108,33860,"Montgomery, AL",1
36109,33860,"Montgomery, AL",1
36110,33860,"Montgomery, AL",1
36111,33860,"Montgomery, AL",1
36112,33860,"Montgomery, AL",1
36113,33860,"Montgomery, AL",1
36114,33860,"Montgomery, AL",1
36115,33860,"Montgomery, AL",1
36116,33860,"Montgomery, AL",1
36117,33860,"Montgomery, AL",1
36130,33860,"Montgomery, AL",1
36201,11500,"Anniston-Oxford, AL",1
36203,11500,"Anniston-Oxford, AL",1
36205,11500,"Anniston-Oxford, AL",1
36206,11500,"Anniston-Oxford, AL",1
36207,11500,"Anniston-Oxford, AL",1
36250,11500,"Anniston-Oxford, AL",1
36256,10760,"Alexander City, AL",0
36260,45180,"Talladega-Sylacauga, AL",0
36265,11500,"Anniston-Oxford, AL",1
36268,45180,"Talladega-Sylacauga, AL",0
36271,11500,"Anniston-Oxford, AL",1
36277,11500,"Anniston-Oxford, AL",1
36279,11500,"Anniston-Oxford, AL",1
36301,20020,"Dothan, AL",1
36303,20020,"Dothan, AL",1
36305,20020,"Dothan, AL",1
36310,20020,"Dothan, AL",1
36311,37120,"Ozark, AL",0
36312,20020,"Dothan, AL",1
36313,20020,"Dothan, AL",1
36314,20020,"Dothan, AL",1
36316,20020,"Dothan, AL",1
36317,20020,"Dothan, AL",1
36318,20020,"Dothan, AL",1
36319,20020,"Dothan, AL",1
36320,20020,"Dothan, AL",1
36321,20020,"Dothan, AL",1
36322,37120,"Ozark, AL",0
36323,21460,"Enterprise, AL",0
36330,21460,"Enterprise, AL",0
36340,20020,"Dothan, AL",1
36343,20020,"Dothan, AL",1
36344,20020,"Dothan, AL",1
36345,20020,"Dothan, AL",1
36346,21460,"Enterprise, AL",0
36350,37120,"Ozark, AL",0
36351,21460,"Enterprise, AL",0
36352,20020,"Dothan, AL",1
36353,20020,"Dothan, AL",1
36360,37120,"Ozark, AL",0
36362,37120,"Ozark, AL",0
36370,20020,"Dothan, AL",1
36371,37120,"Ozark, AL",0
36373,20020,"Dothan, AL",1
36374,37120,"Ozark, AL",0
36375,20020,"Dothan, AL",1
36376,20020,"Dothan, AL",1
36453,21460,"Enterprise, AL",0
36477,20020,"Dothan, AL",1
36505,33660,"Mobile, AL",1
36507,19300,"Daphne-Fairhope-Foley, AL",1
36509,33660,"Mobile, AL",1
36511,19300,"Daphne-Fairhope-Foley, AL",1
36512,33660,"Mobile, AL",1
36521,33660,"Mobile, AL",1
36522,33660,"Mobile, AL",1
36523,33660,"Mobile, AL",1
36525,33660,"Mobile, AL",1
36526,19300,"Daphne-Fairhope-Foley, AL",1
36527,19300,"Daphne-Fairhope-Foley, AL",1
36528,33660,"Mobile, AL",1
36530,19300,"Daphne-Fairhope-Foley, AL",1
36532,19300,"Daphne-Fairhope-Foley, AL",1
36535,19300,"Daphne-Fairhope-Foley, AL",1
36541,33660,"Mobile, AL",1
36542,19300,"Daphne-Fairhope-Foley, AL",1
36544,33660,"Mobile, AL",1
36547,19300,"Daphne-Fairhope-Foley, AL",1
36549,19300,"Daphne-Fairhope-Foley, AL",1
36550,19300,"Daphne-Fairhope-Foley, AL",1
36551,19300,"Daphne-Fairhope-Foley, AL",1
36555,19300,"Daphne-Fairhope-Foley, AL",1
36559,19300,"Daphne-Fairhope-Foley, AL",1
36560,33660,"Mobile, AL",1
36561,19300,"Daphne-Fairhope-Foley, AL",1
36562,19300,"Daphne-Fairhope-Foley, AL",1
36564,19300,"Daphne-Fairhope-Foley, AL",1
36567,19300,"Daphne-Fairhope-Foley, AL",1
36568,33660,"Mobile, AL",1
36571,33660,"Mobile, AL",1
36572,33660,"Mobile, AL",1
36574,19300,"Daphne-Fairhope-Foley, AL",1
36575,33660,"Mobile, AL",1
36576,19300,"Daphne-Fairhope-Foley, AL",1
36578,19300,"Daphne-Fairhope-Foley, AL",1
36579,19300,"Daphne-Fairhope-Foley, AL",1
36580,19300,"Daphne-Fairhope-Foley, AL",1
36582,33660,"Mobile, AL",1
36587,33660,"Mobile, AL",1
36602,33660,"Mobile, AL",1
36603,33660,"Mobile, AL",1
36604,33660,"Mobile, AL",1
36605,33660,"Mobile, AL",1
36606,33660,"Mobile, AL",1
36607,33660,"Mobile, AL",1
36608,33660,"Mobile, AL",1
36609,33660,"Mobile, AL",1
36610,33660,"Mobile, AL",1
36611,33660,"Mobile, AL",1
36612,33660,"Mobile, AL",1
36613,33660,"Mobile, AL",1
36615,33660,"Mobile, AL",1
36617,33660,"Mobile, AL",1
36618,33660,"Mobile, AL",1
36619,33660,"Mobile, AL",1
36652,33660,"Mobile, AL",1
36663,33660,"Mobile, AL",1
36688,33660,"Mobile, AL",1
36693,33660,"Mobile, AL",1
36695,33660,"Mobile, AL",1
36701,42820,"Selma, AL",0
36703,42820,"Selma, AL",0
36740,46220,"Tuscaloosa, AL",1
36744,46220,"Tuscaloosa, AL",1
36749,33860,"Montgomery, AL",1
36750,13820,"Birmingham, AL",1
36752,33860,"Montgomery, AL",1
36758,13820,"Birmingham, AL",1
36759,42820,"Selma, AL",0
36761,42820,"Selma, AL",0
36767,42820,"Selma, AL",0
36773,42820,"Selma, AL",0
36775,42820,"Selma, AL",0
36776,46220,"Tuscaloosa, AL",1
36785,33860,"Montgomery, AL",1
36790,13820,"Birmingham, AL",1
36792,13820,"Birmingham, AL",1
36793,13820,"Birmingham, AL",1
36801,12220,"Auburn-Opelika, AL",1
36804,12220,"Auburn-Opelika, AL",1
36830,12220,"Auburn-Opelika, AL",1
36832,12220,"Auburn-Opelika, AL",1
36849,12220,"Auburn-Opelika, AL",1
36850,10760,"Alexander City, AL",0
36851,17980,"Columbus, GA-AL",1
36852,29300,"LaGrange, GA-AL",0
36853,10760,"Alexander City, AL",0
36854,29300,"LaGrange, GA-AL",0
36855,29300,"LaGrange, GA-AL",0
36856,17980,"Columbus, GA-AL",1
36858,17980,"Columbus, GA-AL",1
36860,17980,"Columbus, GA-AL",1
36861,10760,"Alexander City, AL",0
36862,29300,"LaGrange, GA-AL",0
36863,29300,"LaGrange, GA-AL",0
36865,12220,"Auburn-Opelika, AL",1
36866,12220,"Auburn-Opelika, AL",1
36867,17980,"Columbus, GA-AL",1
36869,17980,"Columbus, GA-AL",1
36870,12220,"Auburn-Opelika, AL",1
36871,17980,"Columbus, GA-AL",1
36874,12220,"Auburn-Opelika, AL",1
36875,17980,"Columbus, GA-AL",1
36877,12220,"Auburn-Opelika, AL",1
36879,29300,"LaGrange, GA-AL",0
37010,34980,"Nashville-Davidson--Murfreesboro--Franklin, TN",1
37013,34980,"Nashville-Davidson--Murfreesboro--Franklin, TN",1
37014,34980,"Nashville-Davidson--Murfreesboro--Franklin, TN",1
37015,34980,"Nashville-Davidson--Murfreesboro--Franklin, TN",1
37016,34980,"Nashville-Davidson--Murfreesboro--Franklin, TN",1
37018,46100,"Tullahoma-Manchester, TN",0
37019,30280,"Lewisburg, TN",0
37020,43180,"Shelbyville, TN",0
37022,34980,"Nashville-Davidson--Murfreesboro--Franklin, TN",1
37023,17300,"Clarksville, TN-KY",1
37025,34980,"Nashville-Davidson--Murfreesboro--Franklin, TN",1
37026,34980,"Nashville-Davidson--Murfreesboro--Franklin, TN",1
37027,34980,"Nashville-Davidson--Murfreesboro--Franklin, TN",1
37028,17300,"Clarksville, TN-KY",1
37029,34980,"Nashville-Davidson--Murfreesboro--Franklin, TN",1
37030,34980,"Nashville-Davidson--Murfreesboro--Franklin, TN",1
37031,34980,"Nashville-Davidson--Murfreesboro--Franklin, TN",1
37032,34980,"Nashville-Davidson--Murfreesboro--Franklin, TN",1
37033,34980,"Nashville-Davidson--Murfreesboro--Franklin, TN",1
37034,30280,"Lewisburg, TN",0
37035,34980,"Nashville-Davidson--Murfreesboro--Franklin, TN",1
37036,34980,"Nashville-Davidson--Murfreesboro--Franklin, TN",1
37037,34980,"Nashville-Davidson--Murfreesboro--Franklin, TN",1
37040,17300,"Clarksville, TN-KY",1
37042,17300,"Clarksville, TN-KY",1
37043,17300,"Clarksville, TN-KY",1
37046,34980,"Nashville-Davidson--Murfreesboro--Franklin, TN",1
37047,30280,"Lewisburg, TN",0
37048,34980,"Nashville-Davidson--Murfreesboro--Franklin, TN",1
37049,34980,"Nashville-Davidson--Murfreesboro--Franklin, TN",1
37050,17300,"Clarksville, TN-KY",1
37051,34980,"Nashville-Davidson--Murfreesboro--Franklin, TN",1
37052,17300,"Clarksville, TN-KY",1
37055,34980,"Nashville-Davidson--Murfreesboro--Franklin, TN",1
37057,34980,"Nashville-Davidson--Murfreesboro--Franklin, TN",1
37058,17300,"Clarksville, TN-KY",1
37060,34980,"Nashville-Davidson--Murfreesboro--Franklin, TN",1
37062,34980,"Nashville-Davidson--Murfreesboro--Franklin, TN",1
37064,34980,"Nashville-Davidson--Murfreesboro--Franklin, TN",1
37066,34980,"Nashville-Davidson--Murfreesboro--Franklin, TN",1
37067,34980,"Nashville-Davidson--Murfreesboro--Franklin, TN",1
37069,34980,"Nashville-Davidson--Murfreesboro--Franklin, TN",1
37072,34980,"Nashville-Davidson--Murfreesboro--Franklin, TN",1
37073,34980,"Nashville-Davidson--Murfreesboro--Franklin, TN",1
37074,34980,"Nashville-Davidson--Murfreesboro--Franklin, TN",1
37075,34980,"Nashville-Davidson--Murfreesboro--Franklin, TN",1
37076,34980,"Nashville-Davidson--Murfreesboro--Franklin, TN",1
37079,17300,"Clarksville, TN-KY",1
37080,34980,"Nashville-Davidson--Murfreesboro--Franklin, TN",1
37082,34980,"Nashville-Davidson--Murfreesboro--Franklin, TN",1
37083,34980,"Nashville-Davidson--Murfreesboro--Franklin, TN",1
37085,34980,"Nashville-Davidson--Murfreesboro--Franklin, TN",1
37086,34980,"Nashville-Davidson--Murfreesboro--Franklin, TN",1
37087,34980,"Nashville-Davidson--Murfreesboro--Franklin, TN",1
37090,34980,"Nashville-Davidson--Murfreesboro--Franklin, TN",1
37091,30280,"Lewisburg, TN",0
37098,34980,"Nashville-Davidson--Murfreesboro--Franklin, TN",1
37110,32660,"McMinnville, TN",0
37115,34980,"Nashville-Davidson--Murfreesboro--Franklin, TN",1
37118,34980,"Nashville-Davidson--Murfreesboro--Franklin, TN",1
37122,34980,"Nashville-Davidson--Murfreesboro--Franklin, TN",1
37127,34980,"Nashville-Davidson--Murfreesboro--Franklin, TN",1
37128,34980,"Nashville-Davidson--Murfreesboro--Franklin, TN",1
37129,34980,"Nashville-Davidson--Murfreesboro--Franklin, TN",1
37130,34980,"Nashville-Davidson--Murfreesboro--Franklin, TN",1
37132,34980,"Nashville-Davidson--Murfreesboro--Franklin, TN",1
37135,34980,"Nashville-Davidson--Murfreesboro--Franklin, TN",1
37137,34980,"Nashville-Davidson--Murfreesboro--Franklin, TN",1
37138,34980,"Nashville-Davidson--Murfreesboro--Franklin, TN",1
37140,34980,"Nashville-Davidson--Murfreesboro--Franklin, TN",1
37141,34980,"Nashville-Davidson--Murfreesboro--Franklin, TN",1
37142,17300,"Clarksville, TN-KY",1
37143,34980,"Nashville-Davidson--Murfreesboro--Franklin, TN",1
37144,22190,"Fayetteville, TN",0
37145,34980,"Nashville-Davidson--Murfreesboro--Franklin, TN",1
37146,34980,"Nashville-Davidson--Murfreesboro--Franklin, TN",1
37148,34980,"Nashville-Davidson--Murfreesboro--Franklin, TN",1
37149,34980,"Nashville-Davidson--Murfreesboro--Franklin, TN",1
37150,34980,"Nashville-Davidson--Murfreesboro--Franklin, TN",1
37151,34980,"Nashville-Davidson--Murfreesboro--Franklin, TN",1
37153,34980,"Nashville-Davidson--Murfreesboro--Franklin, TN",1
37160,43180,"Shelbyville, TN",0
37165,34980,"Nashville-Davidson--Murfreesboro--Franklin, TN",1
37167,34980,"Nashville-Davidson--Murfreesboro--Franklin, TN",1
37171,17300,"Clarksville, TN-KY",1
37172,34980,"Nashville-Davidson--Murfreesboro--Franklin, TN",1
37174,34980,"Nashville-Davidson--Murfreesboro--Franklin, TN",1
37179,34980,"Nashville-Davidson--Murfreesboro--Franklin, TN",1
37180,43180,"Shelbyville, TN",0
37181,34980,"Nashville-Davidson--Murfreesboro--Franklin, TN",1
37183,43180,"Shelbyville, TN",0
37184,34980,"Nashville-Davidson--Murfreesboro--Franklin, TN",1
37186,34980,"Nashville-Davidson--Murfreesboro--Franklin, TN",1
37187,34980,"Nashville-Davidson--Murfreesboro--Franklin, TN",1
37188,34980,"Nashville-Davidson--Murfreesboro--Franklin, TN",1
37189,34980,"Nashville-Davidson--Murfreesboro--Franklin, TN",1
37190,34980,"Nashville-Davidson--Murfreesboro--Franklin, TN",1
37191,17300,"Clarksville, TN-KY",1
37201,34980,"Nashville-Davidson--Murfreesboro--Franklin, TN",1
37203,34980,"Nashville-Davidson--Murfreesboro--Franklin, TN",1
37204,34980,"Nashville-Davidson--Murfreesboro--Franklin, TN",1
37205,34980,"Nashville-Davidson--Murfreesboro--Franklin, TN",1
37206,34980,"Nashville-Davidson--Murfreesboro--Franklin, TN",1
37207,34980,"Nashville-Davidson--Murfreesboro--Franklin, TN",1
37208,34980,"Nashville-Davidson--Murfreesboro--Franklin, TN",1
37209,34980,"Nashville-Davidson--Murfreesboro--Franklin, TN",1
37210,34980,"Nashville-Davidson--Murfreesboro--Franklin, TN",1
37211,34980,"Nashville-Davidson--Murfreesboro--Franklin, TN",1
37212,34980,"Nashville-Davidson--Murfreesboro--Franklin, TN",1
37213,34980,"Nashville-Davidson--Murfreesboro--Franklin, TN",1
37214,34980,"Nashville-Davidson--Murfreesboro--Franklin, TN",1
37215,34980,"Nashville-Davidson--Murfreesboro--Franklin, TN",1
37216,34980,"Nashville-Davidson--Murfreesboro--Franklin, TN",1
37217,34980,"Nashville-Davidson--Murfreesboro--Franklin, TN",1
37218,34980,"Nashville-Davidson--Murfreesboro--Franklin, TN",1
37219,34980,"Nashville-Davidson--Murfreesboro--Franklin, TN",1
37220,34980,"Nashville-Davidson--Murfreesboro--Franklin, TN",1
37221,34980,"Nashville-Davidson--Murfreesboro--Franklin, TN",1
37228,34980,"Nashville-Davidson--Murfreesboro--Franklin, TN",1
37232,34980,"Nashville-Davidson--Murfreesboro--Franklin, TN",1
37238,34980,"Nashville-Davidson--Murfreesboro--Franklin, TN",1
37302,16860,"Chattanooga, TN-GA",1
37303,11940,"Athens, TN",0
37306,49010,"Winchester, TN",0
37307,17420,"Cleveland, TN",1
37308,16860,"Chattanooga, TN-GA",1
37309,11940,"Athens, TN",0
37310,17420,"Cleveland, TN",1
37311,17420,"Cleveland, TN",1
37312,17420,"Cleveland, TN",1
37315,16860,"Chattanooga, TN-GA",1
37316,17420,"Cleveland, TN",1
37317,17420,"Cleveland, TN",1
37318,49010,"Winchester, TN",0
37322,11940,"Athens, TN",0
37323,17420,"Cleveland, TN",1
37324,49010,"Winchester, TN",0
37325,17420,"Cleveland, TN",1
37326,17420,"Cleveland, TN",1
37327,16860,"Chattanooga, TN-GA",1
37328,22190,"Fayetteville, TN",0
37329,11940,"Athens, TN",0
37330,49010,"Winchester, TN",0
37331,11940,"Athens, TN",0
37333,17420,"Cleveland, TN",1
37334,22190,"Fayetteville, TN",0
37335,22190,"Fayetteville, TN",0
37336,16860,"Chattanooga, TN-GA",1
37340,16860,"Chattanooga, TN-GA",1
37341,16860,"Chattanooga, TN-GA",1
37342,46100,"Tullahoma-Manchester, TN",0
37343,16860,"Chattanooga, TN-GA",1
37345,49010,"Winchester, TN",0
37347,16860,"Chattanooga, TN-GA",1
37348,22190,"Fayetteville, TN",0
37350,16860,"Chattanooga, TN-GA",1
37351,16860,"Chattanooga, TN-GA",1
37352,46100,"Tullahoma-Manchester, TN",0
37353,17420,"Cleveland, TN",1
37355,46100,"Tullahoma-Manchester, TN",0
37356,16860,"Chattanooga, TN-GA",1
37357,32660,"McMinnville, TN",0
37359,22190,"Fayetteville, TN",0
37360,43180,"Shelbyville, TN",0
37361,17420,"Cleveland, TN",1
37362,17420,"Cleveland, TN",1
37363,16860,"Chattanooga, TN-GA",1
37369,17420,"Cleveland, TN",1
37370,11940,"Athens, TN",0
37373,16860,"Chattanooga, TN-GA",1
37374,16860,"Chattanooga, TN-GA",1
37375,49010,"Winchester, TN",0
37376,49010,"Winchester, TN",0
37377,16860,"Chattanooga, TN-GA",1
37379,16860,"Chattanooga, TN-GA",1
37380,16860,"Chattanooga, TN-GA",1
37383,49010,"Winchester, TN",0
37388,46100,"Tullahoma-Manchester, TN",0
37391,17420,"Cleveland, TN",1
37394,32660,"McMinnville, TN",0
37396,16860,"Chattanooga, TN-GA",1
37397,16860,"Chattanooga, TN-GA",1
37398,49010,"Winchester, TN",0
37402,16860,"Chattanooga, TN-GA",1
37403,16860,"Chattanooga, TN-GA",1
37404,16860,"Chattanooga, TN-GA",1
37405,16860,"Chattanooga, TN-GA",1
37406,16860,"Chattanooga, TN-GA",1
37407,16860,"Chattanooga, TN-GA",1
37408,16860,"Chattanooga, TN-GA",1
37409,16860,"Chattanooga, TN-GA",1
37410,16860,"Chattanooga, TN-GA",1
37411,16860,"Chattanooga, TN-GA",1
37412,16860,"Chattanooga, TN-GA",1
37415,16860,"Chattanooga, TN-GA",1
37416,16860,"Chattanooga, TN-GA",1
37419,16860,"Chattanooga, TN-GA",1
37421,16860,"Chattanooga, TN-GA",1
37450,16860,"Chattanooga, TN-GA",1
37601,27740,"Johnson City, TN",1
37604,27740,"Johnson City, TN",1
37614,27740,"Johnson City, TN",1
37615,27740,"Johnson City, TN",1
37616,24620,"Greeneville, TN",0
37617,28700,"Kingsport-Bristol, TN-VA",1
37618,28700,"Kingsport-Bristol, TN-VA",1
37620,28700,"Kingsport-Bristol, TN-VA",1
37641,24620,"Greeneville, TN",0
37642,28700,"Kingsport-Bristol, TN-VA",1
37643,27740,"Johnson City, TN",1
37645,28700,"Kingsport-Bristol, TN-VA",1
37650,27740,"Johnson City, TN",1
37656,27740,"Johnson City, TN",1
37657,27740,"Johnson City, TN",1
37658,27740,"Johnson City, TN",1
37659,27740,"Johnson City, TN",1
37660,28700,"Kingsport-Bristol, TN-VA",1
37663,28700,"Kingsport-Bristol, TN-VA",1
37664,28700,"Kingsport-Bristol, TN-VA",1
37665,28700,"Kingsport-Bristol, TN-VA",1
37681,27740,"Johnson City, TN",1
37682,27740,"Johnson City, TN",1
37686,28700,"Kingsport-Bristol, TN-VA",1
37687,27740,"Johnson City, TN",1
37690,27740,"Johnson City, TN",1
37692,27740,"Johnson City, TN",1
37694,27740,"Johnson City, TN",1
37701,28940,"Knoxville, TN",1
37705,28940,"Knoxville, TN",1
37708,28940,"Knoxville, TN",1
37709,28940,"Knoxville, TN",1
37710,28940,"Knoxville, TN",1
37711,28700,"Kingsport-Bristol, TN-VA",1
37713,35460,"Newport, TN",0
37714,28940,"Knoxville, TN",1
37716,28940,"Knoxville, TN",1
37719,28940,"Knoxville, TN",1
37721,28940,"Knoxville, TN",1
37722,35460,"Newport, TN",0
37723,18900,"Crossville, TN",0
37725,34100,"Morristown, TN",1
37726,28940,"Knoxville, TN",1
37727,35460,"Newport, TN",0
37729,28940,"Knoxville, TN",1
37731,28700,"Kingsport-Bristol, TN-VA",1
37733,28940,"Knoxville, TN",1
37737,28940,"Knoxville, TN",1
37738,42940,"Sevierville, TN",0
37742,28940,"Knoxville, TN",1
37743,24620,"Greeneville, TN",0
37745,24620,"Greeneville, TN",0
37748,28940,"Knoxville, TN",1
37753,35460,"Newport, TN",0
37754,28940,"Knoxville, TN",1
37757,28940,"Knoxville, TN",1
37760,34100,"Morristown, TN",1
37762,28940,"Knoxville, TN",1
37763,28940,"Knoxville, TN",1
37764,42940,"Sevierville, TN",0
37766,28940,"Knoxville, TN",1
37769,28940,"Knoxville, TN",1
37770,28940,"Knoxville, TN",1
37771,28940,"Knoxville, TN",1
37772,28940,"Knoxville, TN",1
37774,28940,"Knoxville, TN",1
37777,28940,"Knoxville, TN",1
37779,28940,"Knoxville, TN",1
37801,28940,"Knoxville, TN",1
37803,28940,"Knoxville, TN",1
37804,28940,"Knoxville, TN",1
37806,28940,"Knoxville, TN",1
37807,28940,"Knoxville, TN",1
37809,24620,"Greeneville, TN",0
37810,24620,"Greeneville, TN",0
37811,28700,"Kingsport-Bristol, TN-VA",1
37813,34100,"Morristown, TN",1
37814,34100,"Morristown, TN",1
37818,24620,"Greeneville, TN",0
37819,28940,"Knoxville, TN",1
37820,34100,"Morristown, TN",1
37821,35460,"Newport, TN",0
37826,11940,"Athens, TN",0
37828,28940,"Knoxville, TN",1
37829,28940,"Knoxville, TN",1
37830,28940,"Knoxville, TN",1
37840,28940,"Knoxville, TN",1
37843,35460,"Newport, TN",0
37845,28940,"Knoxville, TN",1
37846,28940,"Knoxville, TN",1
37847,28940,"Knoxville, TN",1
37848,28940,"Knoxville, TN",1
37849,28940,"Knoxville, TN",1
37853,28940,"Knoxville, TN",1
37854,28940,"Knoxville, TN",1
37857,28700,"Kingsport-Bristol, TN-VA",1
37860,34100,"Morristown, TN",1
37861,28940,"Knoxville, TN",1
37862,42940,"Sevierville, TN",0
37863,42940,"Sevierville, TN",0
37865,42940,"Sevierville, TN",0
37866,28940,"Knoxville, TN",1
37871,28940,"Knoxville, TN",1
37872,28940,"Knoxville, TN",1
37873,28700,"Kingsport-Bristol, TN-VA",1
37876,42940,"Sevierville, TN",0
37877,34100,"Morristown, TN",1
37878,28940,"Knoxville, TN",1
37880,11940,"Athens, TN",0
37881,28940,"Knoxville, TN",1
37882,28940,"Knoxville, TN",1
37886,28940,"Knoxville, TN",1
37887,28940,"Knoxville, TN",1
37888,28940,"Knoxville, TN",1
37890,34100,"Morristown, TN",1
37891,34100,"Morristown, TN",1
37902,28940,"Knoxville, TN",1
37909,28940,"Knoxville, TN",1
37912,28940,"Knoxville, TN",1
37914,28940,"Knoxville, TN",1
37915,28940,"Knoxville, TN",1
37916,28940,"Knoxville, TN",1
37917,28940,"Knoxville, TN",1
37918,28940,"Knoxville, TN",1
37919,28940,"Knoxville, TN",1
37920,28940,"Knoxville, TN",1
37921,28940,"Knoxville, TN",1
37922,28940,"Knoxville, TN",1
37923,28940,"Knoxville, TN",1
37924,28940,"Knoxville, TN",1
37929,28940,"Knoxville, TN",1
37931,28940,"Knoxville, TN",1
37932,28940,"Knoxville, TN",1
37934,28940,"Knoxville, TN",1
37938,28940,"Knoxville, TN",1
38001,27180,"Jackson, TN",1
38002,32820,"Memphis, TN-MS-AR",1
38004,32820,"Memphis, TN-MS-AR",1
38007,20540,"Dyersburg, TN",0
38011,32820,"Memphis, TN-MS-AR",1
38015,32820,"Memphis, TN-MS-AR",1
38016,32820,"Memphis, TN-MS-AR",1
38017,32820,"Memphis, TN-MS-AR",1
38018,32820,"Memphis, TN-MS-AR",1
38019,32820,"Memphis, TN-MS-AR",1
38021,27180,"Jackson, TN",1
38023,32820,"Memphis, TN-MS-AR",1
38024,20540,"Dyersburg, TN",0
38028,32820,"Memphis, TN-MS-AR",1
38029,32820,"Memphis, TN-MS-AR",1
38030,20540,"Dyersburg, TN",0
38034,27180,"Jackson, TN",1
38036,32820,"Memphis, TN-MS-AR",1
38046,32820,"Memphis, TN-MS-AR",1
38047,20540,"Dyersburg, TN",0
38049,32820,"Memphis, TN-MS-AR",1
38050,27180,"Jackson, TN",1
38053,32820,"Memphis, TN-MS-AR",1
38054,32820,"Memphis, TN-MS-AR",1
38057,32820,"Memphis, TN-MS-AR",1
38058,32820,"Memphis, TN-MS-AR",1
38059,20540,"Dyersburg, TN",0
38060,32820,"Memphis, TN-MS-AR",1
38066,32820,"Memphis, TN-MS-AR",1
38068,32820,"Memphis, TN-MS-AR",1
38070,20540,"Dyersburg, TN",0
38076,32820,"Memphis, TN-MS-AR",1
38103,32820,"Memphis, TN-MS-AR",1
38104,32820,"Memphis, TN-MS-AR",1
38105,32820,"Memphis, TN-MS-AR",1
38106,32820,"Memphis, TN-MS-AR",1
38107,32820,"Memphis, TN-MS-AR",1
38108,32820,"Memphis, TN-MS-AR",1
38109,32820,"Memphis, TN-MS-AR",1
38111,32820,"Memphis, TN-MS-AR",1
38112,32820,"Memphis, TN-MS-AR",1
38113,32820,"Memphis, TN-MS-AR",1
38114,32820,"Memphis, TN-MS-AR",1
38115,32820,"Memphis, TN-MS-AR",1
38116,32820,"Memphis, TN-MS-AR",1
38117,32820,"Memphis, TN-MS-AR",1
38118,32820,"Memphis, TN-MS-AR",1
38119,32820,"Memphis, TN-MS-AR",1
38120,32820,"Memphis, TN-MS-AR",1
38122,32820,"Memphis, TN-MS-AR",1
38125,32820,"Memphis, TN-MS-AR",1
38126,32820,"Memphis, TN-MS-AR",1
38127,32820,"Memphis, TN-MS-AR",1
38128,32820,"Memphis, TN-MS-AR",1
38131,32820,"Memphis, TN-MS-AR",1
38132,32820,"Memphis, TN-MS-AR",1
38133,32820,"Memphis, TN-MS-AR",1
38134,32820,"Memphis, TN-MS-AR",1
38135,32820,"Memphis, TN-MS-AR",1
38138,32820,"Memphis, TN-MS-AR",1
38139,32820,"Memphis, TN-MS-AR",1
38141,32820,"Memphis, TN-MS-AR",1
38152,32820,"Memphis, TN-MS-AR",1
38222,37540,"Paris, TN",0
38224,37540,"Paris, TN",0
38225,32280,"Martin, TN",0
38226,32280,"Martin, TN",0
38229,32280,"Martin, TN",0
38230,32280,"Martin, TN",0
38231,37540,"Paris, TN",0
38232,46460,"Union City, TN",0
38233,27180,"Jackson, TN",1
38236,37540,"Paris, TN",0
38237,32280,"Martin, TN",0
38240,46460,"Union City, TN",0
38241,32280,"Martin, TN",0
38242,37540,"Paris, TN",0
38251,37540,"Paris, TN",0
38253,46460,"Union City, TN",0
38254,46460,"Union City, TN",0
38255,32280,"Martin, TN",0
38256,37540,"Paris, TN",0
38257,46460,"Union City, TN",0
38259,46460,"Union City, TN",0
38260,46460,"Union City, TN",0
38261,46460,"Union City, TN",0
38301,27180,"Jackson, TN",1
38305,27180,"Jackson, TN",1
38313,27180,"Jackson, TN",1
38316,27180,"Jackson, TN",1
38330,27180,"Jackson, TN",1
38332,27180,"Jackson, TN",1
38337,27180,"Jackson, TN",1
38338,27180,"Jackson, TN",1
38340,27180,"Jackson, TN",1
38343,27180,"Jackson, TN",1
38347,27180,"Jackson, TN",1
38352,27180,"Jackson, TN",1
38355,27180,"Jackson, TN",1
38356,27180,"Jackson, TN",1
38358,27180,"Jackson, TN",1
38362,27180,"Jackson, TN",1
38366,27180,"Jackson, TN",1
38369,27180,"Jackson, TN",1
38382,27180,"Jackson, TN",1
38389,27180,"Jackson, TN",1
38391,27180,"Jackson, TN",1
38392,27180,"Jackson, TN",1
38401,34980,"Nashville-Davidson--Murfreesboro--Franklin, TN",1
38449,22190,"Fayetteville, TN",0
38451,34980,"Nashville-Davidson--Murfreesboro--Franklin, TN",1
38453,22190,"Fayetteville, TN",0
38454,34980,"Nashville-Davidson--Murfreesboro--Franklin, TN",1
38456,29980,"Lawrenceburg, TN",0
38457,29980,"Lawrenceburg, TN",0
38459,22190,"Fayetteville, TN",0
38464,29980,"Lawrenceburg, TN",0
38468,29980,"Lawrenceburg, TN",0
38469,29980,"Lawrenceburg, TN",0
38474,34980,"Nashville-Davidson--Murfreesboro--Franklin, TN",1
38476,34980,"Nashville-Davidson--Murfreesboro--Franklin, TN",1
38481,29980,"Lawrenceburg, TN",0
38482,34980,"Nashville-Davidson--Murfreesboro--Franklin, TN",1
38483,29980,"Lawrenceburg, TN",0
38486,29980,"Lawrenceburg, TN",0
38487,34980,"Nashville-Davidson--Murfreesboro--Franklin, TN",1
38488,22190,"Fayetteville, TN",0
38501,18260,"Cookeville, TN",0
38503,18260,"Cookeville, TN",0
38505,18260,"Cookeville, TN",0
38506,18260,"Cookeville, TN",0
38541,18260,"Cookeville, TN",0
38542,18260,"Cookeville, TN",0
38543,18260,"Cookeville, TN",0
38544,18260,"Cookeville, TN",0
38545,18260,"Cookeville, TN",0
38547,34980,"Nashville-Davidson--Murfreesboro--Franklin, TN",1
38548,18260,"Cookeville, TN",0
38550,32660,"McMinnville, TN",0
38552,34980,"Nashville-Davidson--Murfreesboro--Franklin, TN",1
38554,18260,"Cookeville, TN",0
38555,18900,"Crossville, TN",0
38558,18900,"Crossville, TN",0
38560,34980,"Nashville-Davidson--Murfreesboro--Franklin, TN",1
38562,18260,"Cookeville, TN",0
38563,34980,"Nashville-Davidson--Murfreesboro--Franklin, TN",1
38564,18260,"Cookeville, TN",0
38567,34980,"Nashville-Davidson--Murfreesboro--Franklin, TN",1
38568,18260,"Cookeville, TN",0
38569,34980,"Nashville-Davidson--Murfreesboro--Franklin, TN",1
38570,18260,"Cookeville, TN",0
38571,18900,"Crossville, TN",0
38572,18900,"Crossville, TN",0
38573,18260,"Cookeville, TN",0
38574,18260,"Cookeville, TN",0
38578,18900,"Crossville, TN",0
38579,18260,"Cookeville, TN",0
38580,18260,"Cookeville, TN",0
38581,32660,"McMinnville, TN",0
38582,18260,"Cookeville, TN",0
38583,18260,"Cookeville, TN",0
38587,18260,"Cookeville, TN",0
38588,18260,"Cookeville, TN",0
38601,37060,"Oxford, MS",0
38603,32820,"Memphis, TN-MS-AR",1
38611,32820,"Memphis, TN-MS-AR",1
38614,17260,"Clarksdale, MS",0
38617,17260,"Clarksdale, MS",0
38618,32820,"Memphis, TN-MS-AR",1
38626,32820,"Memphis, TN-MS-AR",1
38627,37060,"Oxford, MS",0
38631,17260,"Clarksdale, MS",0
38632,32820,"Memphis, TN-MS-AR",1
38633,32820,"Memphis, TN-MS-AR",1
38635,32820,"Memphis, TN-MS-AR",1
38637,32820,"Memphis, TN-MS-AR",1
38639,17260,"Clarksdale, MS",0
38641,32820,"Memphis, TN-MS-AR",1
38642,32820,"Memphis, TN-MS-AR",1
38644,17260,"Clarksdale, MS",0
38645,17260,"Clarksdale, MS",0
38647,32820,"Memphis, TN-MS-AR",1
38651,32820,"Memphis, TN-MS-AR",1
38654,32820,"Memphis, TN-MS-AR",1
38655,37060,"Oxford, MS",0
38659,32820,"Memphis, TN-MS-AR",1
38661,32820,"Memphis, TN-MS-AR",1
38664,32820,"Memphis, TN-MS-AR",1
38665,32820,"Memphis, TN-MS-AR",1
38668,32820,"Memphis, TN-MS-AR",1
38671,32820,"Memphis, TN-MS-AR",1
38672,32820,"Memphis, TN-MS-AR",1
38673,37060,"Oxford, MS",0
38676,32820,"Memphis, TN-MS-AR",1
38677,37060,"Oxford, MS",0
38680,32820,"Memphis, TN-MS-AR",1
38685,32820,"Memphis, TN-MS-AR",1
38701,24740,"Greenville, MS",0
38703,24740,"Greenville, MS",0
38720,17260,"Clarksdale, MS",0
38722,24740,"Greenville, MS",0
38723,24740,"Greenville, MS",0
38725,17380,"Cleveland, MS",0
38726,17380,"Cleveland, MS",0
38730,17380,"Cleveland, MS",0
38731,24740,"Greenville, MS",0
38732,17380,"Cleveland, MS",0
38733,17380,"Cleveland, MS",0
38740,17380,"Cleveland, MS",0
38744,24740,"Greenville, MS",0
38746,17380,"Cleveland, MS",0
38748,24740,"Greenville, MS",0
38756,24740,"Greenville, MS",0
38759,17380,"Cleveland, MS",0
38760,24740,"Greenville, MS",0
38762,17380,"Cleveland, MS",0
38764,17380,"Cleveland, MS",0
38767,17260,"Clarksdale, MS",0
38769,17380,"Cleveland, MS",0
38772,17380,"Cleveland, MS",0
38773,17380,"Cleveland, MS",0
38774,17380,"Cleveland, MS",0
38776,24740,"Greenville, MS",0
38781,17380,"Cleveland, MS",0
38801,46180,"Tupelo, MS",0
38804,46180,"Tupelo, MS",0
38824,46180,"Tupelo, MS",0
38829,46180,"Tupelo, MS",0
38834,18420,"Corinth, MS",0
38843,46180,"Tupelo, MS",0
38846,18420,"Corinth, MS",0
38847,46180,"Tupelo, MS",0
38849,46180,"Tupelo, MS",0
38855,46180,"Tupelo, MS",0
38856,46180,"Tupelo, MS",0
38857,46180,"Tupelo, MS",0
38858,46180,"Tupelo, MS",0
38859,46180,"Tupelo, MS",0
38862,46180,"Tupelo, MS",0
38865,18420,"Corinth, MS",0
38866,46180,"Tupelo, MS",0
38868,46180,"Tupelo, MS",0
38876,46180,"Tupelo, MS",0
38879,46180,"Tupelo, MS",0
38901,24980,"Grenada, MS",0
38917,24900,"Greenwood, MS",0
38922,37060,"Oxford, MS",0
38923,24900,"Greenwood, MS",0
38924,27140,"Jackson, MS",1
38925,24980,"Grenada, MS",0
38929,24980,"Grenada, MS",0
38930,24900,"Greenwood, MS",0
38940,24980,"Grenada, MS",0
38941,24900,"Greenwood, MS",0
38943,24900,"Greenwood, MS",0
38944,24900,"Greenwood, MS",0
38946,24900,"Greenwood, MS",0
38947,24900,"Greenwood, MS",0
38948,37060,"Oxford, MS",0
38949,37060,"Oxford, MS",0
38952,24900,"Greenwood, MS",0
38954,24900,"Greenwood, MS",0
38961,37060,"Oxford, MS",0
38965,37060,"Oxford, MS",0
38967,24980,"Grenada, MS",0
39039,27140,"Jackson, MS",1
39040,27140,"Jackson, MS",1
39041,27140,"Jackson, MS",1
39042,27140,"Jackson, MS",1
39044,27140,"Jackson, MS",1
39045,27140,"Jackson, MS",1
39046,27140,"Jackson, MS",1
39047,27140,"Jackson, MS",1
39056,27140,"Jackson, MS",1
39058,27140,"Jackson, MS",1
39059,27140,"Jackson, MS",1
39062,27140,"Jackson, MS",1
39063,27140,"Jackson, MS",1
39066,27140,"Jackson, MS",1
39069,35020,"Natchez, MS-LA",0
39071,27140,"Jackson, MS",1
39073,27140,"Jackson, MS",1
39074,27140,"Jackson, MS",1
39078,27140,"Jackson, MS",1
39082,27140,"Jackson, MS",1
39083,27140,"Jackson, MS",1
39092,27140,"Jackson, MS",1
39095,27140,"Jackson, MS",1
39096,35020,"Natchez, MS-LA",0
39110,27140,"Jackson, MS",1
39111,27140,"Jackson, MS",1
39114,27140,"Jackson, MS",1
39117,27140,"Jackson, MS",1
39120,35020,"Natchez, MS-LA",0
39145,27140,"Jackson, MS",1
39146,27140,"Jackson, MS",1
39148,27140,"Jackson, MS",1
39149,27140,"Jackson, MS",1
39154,27140,"Jackson, MS",1
39156,46980,"Vicksburg, MS",0
39157,27140,"Jackson, MS",1
39162,27140,"Jackson, MS",1
39167,27140,"Jackson, MS",1
39169,27140,"Jackson, MS",1
39170,27140,"Jackson, MS",1
39173,27140,"Jackson, MS",1
39174,27140,"Jackson, MS",1
39175,27140,"Jackson, MS",1
39176,24900,"Greenwood, MS",0
39179,27140,"Jackson, MS",1
39180,46980,"Vicksburg, MS",0
39183,46980,"Vicksburg, MS",0
39191,27140,"Jackson, MS",1
39193,27140,"Jackson, MS",1
39194,27140,"Jackson, MS",1
39201,27140,"Jackson, MS",1
39202,27140,"Jackson, MS",1
39203,27140,"Jackson, MS",1
39204,27140,"Jackson, MS",1
39206,27140,"Jackson, MS",1
39208,27140,"Jackson, MS",1
39209,27140,"Jackson, MS",1
39210,27140,"Jackson, MS",1
39211,27140,"Jackson, MS",1
39212,27140,"Jackson, MS",1
39213,27140,"Jackson, MS",1
39216,27140,"Jackson, MS",1
39217,27140,"Jackson, MS",1
39218,27140,"Jackson, MS",1
39232,27140,"Jackson, MS",1
39269,27140,"Jackson, MS",1
39272,27140,"Jackson, MS",1
39301,32940,"Meridian, MS",0
39305,32940,"Meridian, MS",0
39307,32940,"Meridian, MS",0
39309,32940,"Meridian, MS",0
39320,32940,"Meridian, MS",0
39325,32940,"Meridian, MS",0
39330,32940,"Meridian, MS",0
39335,32940,"Meridian, MS",0
39338,29860,"Laurel, MS",0
39341,18060,"Columbus, MS",0
39342,32940,"Meridian, MS",0
39347,29860,"Laurel, MS",0
39348,29860,"Laurel, MS",0
39355,32940,"Meridian, MS",0
39356,29860,"Laurel, MS",0
39359,27140,"Jackson, MS",1
39360,32940,"Meridian, MS",0
39361,18060,"Columbus, MS",0
39363,32940,"Meridian, MS",0
39364,32940,"Meridian, MS",0
39366,32940,"Meridian, MS",0
39401,25620,"Hattiesburg, MS",1
39402,25620,"Hattiesburg, MS",1
39406,25620,"Hattiesburg, MS",1
39422,29860,"Laurel, MS",0
39423,25620,"Hattiesburg, MS",1
39425,25620,"Hattiesburg, MS",1
39426,38100,"Picayune, MS",0
39437,29860,"Laurel, MS",0
39439,29860,"Laurel, MS",0
39440,29860,"Laurel, MS",0
39443,29860,"Laurel, MS",0
39455,25620,"Hattiesburg, MS",1
39459,29860,"Laurel, MS",0
39462,25620,"Hattiesburg, MS",1
39464,29860,"Laurel, MS",0
39465,25620,"Hattiesburg, MS",1
39466,38100,"Picayune, MS",0
39470,38100,"Picayune, MS",0
39475,25620,"Hattiesburg, MS",1
39476,25620,"Hattiesburg, MS",1
39477,29860,"Laurel, MS",0
39480,29860,"Laurel, MS",0
39481,29860,"Laurel, MS",0
39482,25620,"Hattiesburg, MS",1
39501,25060,"Gulfport-Biloxi, MS",1
39503,25060,"Gulfport-Biloxi, MS",1
39507,25060,"Gulfport-Biloxi, MS",1
39520,25060,"Gulfport-Biloxi, MS",1
39525,25060,"Gulfport-Biloxi, MS",1
39529,25060,"Gulfport-Biloxi, MS",1
39530,25060,"Gulfport-Biloxi, MS",1
39531,25060,"Gulfport-Biloxi, MS",1
39532,25060,"Gulfport-Biloxi, MS",1
39534,25060,"Gulfport-Biloxi, MS",1
39540,25060,"Gulfport-Biloxi, MS",1
39553,25060,"Gulfport-Biloxi, MS",1
39556,25060,"Gulfport-Biloxi, MS",1
39560,25060,"Gulfport-Biloxi, MS",1
39561,25060,"Gulfport-Biloxi, MS",1
39562,25060,"Gulfport-Biloxi, MS",1
39563,25060,"Gulfport-Biloxi, MS",1
39564,25060,"Gulfport-Biloxi, MS",1
39565,25060,"Gulfport-Biloxi, MS",1
39567,25060,"Gulfport-Biloxi, MS",1
39571,25060,"Gulfport-Biloxi, MS",1
39572,25060,"Gulfport-Biloxi, MS",1
39573,25060,"Gulfport-Biloxi, MS",1
39574,25060,"Gulfport-Biloxi, MS",1
39576,25060,"Gulfport-Biloxi, MS",1
39577,25060,"Gulfport-Biloxi, MS",1
39581,25060,"Gulfport-Biloxi, MS",1
39595,25060,"Gulfport-Biloxi, MS",1
39601,15020,"Brookhaven, MS",0
39629,15020,"Brookhaven, MS",0
39635,32620,"McComb, MS",0
39648,32620,"McComb, MS",0
39652,32620,"McComb, MS",0
39657,32620,"McComb, MS",0
39662,15020,"Brookhaven, MS",0
39666,32620,"McComb, MS",0
39667,32620,"McComb, MS",0
39668,35020,"Natchez, MS-LA",0
39701,18060,"Columbus, MS",0
39702,18060,"Columbus, MS",0
39705,18060,"Columbus, MS",0
39736,18060,"Columbus, MS",0
39737,44260,"Starkville, MS",0
39739,18060,"Columbus, MS",0
39740,18060,"Columbus, MS",0
39743,18060,"Columbus, MS",0
39744,44260,"Starkville, MS",0
39747,24980,"Grenada, MS",0
39750,44260,"Starkville, MS",0
39751,44260,"Starkville, MS",0
39753,18060,"Columbus, MS",0
39759,44260,"Starkville, MS",0
39762,44260,"Starkville, MS",0
39766,18060,"Columbus, MS",0
39767,44260,"Starkville, MS",0
39769,44260,"Starkville, MS",0
39771,44260,"Starkville, MS",0
39815,12460,"Bainbridge, GA",0
39817,12460,"Bainbridge, GA",0
39819,12460,"Bainbridge, GA",0
39825,12460,"Bainbridge, GA",0
39826,10500,"Albany, GA",1
39827,45620,"Thomasville, GA",0
39828,45620,"Thomasville, GA",0
39834,12460,"Bainbridge, GA",0
39842,10500,"Albany, GA",1
39854,21640,"Eufaula, AL-GA",0
39867,21640,"Eufaula, AL-GA",0
39877,10500,"Albany, GA",1
39885,10500,"Albany, GA",1
39897,45620,"Thomasville, GA",0
40003,31140,"Louisville/Jefferson County, KY-IN",1
40004,31140,"Louisville/Jefferson County, KY-IN",1
40007,31140,"Louisville/Jefferson County, KY-IN",1
40008,31140,"Louisville/Jefferson County, KY-IN",1
40010,31140,"Louisville/Jefferson County, KY-IN",1
40011,31140,"Louisville/Jefferson County, KY-IN",1
40012,31140,"Louisville/Jefferson County, KY-IN",1
40013,31140,"Louisville/Jefferson County, KY-IN",1
40014,31140,"Louisville/Jefferson County, KY-IN",1
40019,31140,"Louisville/Jefferson County, KY-IN",1
40020,31140,"Louisville/Jefferson County, KY-IN",1
40022,31140,"Louisville/Jefferson County, KY-IN",1
40023,31140,"Louisville/Jefferson County, KY-IN",1
40025,31140,"Louisville/Jefferson County, KY-IN",1
40026,31140,"Louisville/Jefferson County, KY-IN",1
40031,31140,"Louisville/Jefferson County, KY-IN",1
40036,31140,"Louisville/Jefferson County, KY-IN",1
40041,31140,"Louisville/Jefferson County, KY-IN",1
40046,31140,"Louisville/Jefferson County, KY-IN",1
40047,31140,"Louisville/Jefferson County, KY-IN",1
40050,31140,"Louisville/Jefferson County, KY-IN",1
40051,31140,"Louisville/Jefferson County, KY-IN",1
40052,31140,"Louisville/Jefferson County, KY-IN",1
40056,31140,"Louisville/Jefferson County, KY-IN",1
40057,31140,"Louisville/Jefferson County, KY-IN",1
40058,31140,"Louisville/Jefferson County, KY-IN",1
40059,31140,"Louisville/Jefferson County, KY-IN",1
40065,31140,"Louisville/Jefferson County, KY-IN",1
40067,31140,"Louisville/Jefferson County, KY-IN",1
40068,31140,"Louisville/Jefferson County, KY-IN",1
40070,31140,"Louisville/Jefferson County, KY-IN",1
40071,31140,"Louisville/Jefferson County, KY-IN",1
40075,31140,"Louisville/Jefferson County, KY-IN",1
40076,31140,"Louisville/Jefferson County, KY-IN",1
40077,31140,"Louisville/Jefferson County, KY-IN",1
40104,31140,"Louisville/Jefferson County, KY-IN",1
40107,31140,"Louisville/Jefferson County, KY-IN",1
40108,31140,"Louisville/Jefferson County, KY-IN",1
40109,31140,"Louisville/Jefferson County, KY-IN",1
40110,31140,"Louisville/Jefferson County, KY-IN",1
40117,31140,"Louisville/Jefferson County, KY-IN",1
40118,31140,"Louisville/Jefferson County, KY-IN",1
40121,21060,"Elizabethtown, KY",1
40142,31140,"Louisville/Jefferson County, KY-IN",1
40150,31140,"Louisville/Jefferson County, KY-IN",1
40155,31140,"Louisville/Jefferson County, KY-IN",1
40157,31140,"Louisville/Jefferson County, KY-IN",1
40160,21060,"Elizabethtown, KY",1
40161,31140,"Louisville/Jefferson County, KY-IN",1
40162,21060,"Elizabethtown, KY",1
40165,31140,"Louisville/Jefferson County, KY-IN",1
40175,31140,"Louisville/Jefferson County, KY-IN",1
40177,31140,"Louisville/Jefferson County, KY-IN",1
40202,31140,"Louisville/Jefferson County, KY-IN",1
40203,31140,"Louisville/Jefferson County, KY-IN",1
40204,31140,"Louisville/Jefferson County, KY-IN",1
40205,31140,"Louisville/Jefferson County, KY-IN",1
40206,31140,"Louisville/Jefferson County, KY-IN",1
40207,31140,"Louisville/Jefferson County, KY-IN",1
40208,31140,"Louisville/Jefferson County, KY-IN",1
40209,31140,"Louisville/Jefferson County, KY-IN",1
40210,31140,"Louisville/Jefferson County, KY-IN",1
40211,31140,"Louisville/Jefferson County, KY-IN",1
40212,31140,"Louisville/Jefferson County, KY-IN",1
40213,31140,"Louisville/Jefferson County, KY-IN",1
40214,31140,"Louisville/Jefferson County, KY-IN",1
40215,31140,"Louisville/Jefferson County, KY-IN",1
40216,31140,"Louisville/Jefferson County, KY-IN",1
40217,31140,"Louisville/Jefferson County, KY-IN",1
40218,31140,"Louisville/Jefferson County, KY-IN",1
40219,31140,"Louisville/Jefferson County, KY-IN",1
40220,31140,"Louisville/Jefferson County, KY-IN",1
40221,31140,"Louisville/Jefferson County, KY-IN",1
40222,31140,"Louisville/Jefferson County, KY-IN",1
40223,31140,"Louisville/Jefferson County, KY-IN",1
40228,31140,"Louisville/Jefferson County, KY-IN",1
40229,31140,"Louisville/Jefferson County, KY-IN",1
40231,31140,"Louisville/Jefferson County, KY-IN",1
40241,31140,"Louisville/Jefferson County, KY-IN",1
40242,31140,"Louisville/Jefferson County, KY-IN",1
40243,31140,"Louisville/Jefferson County, KY-IN",1
40245,31140,"Louisville/Jefferson County, KY-IN",1
40258,31140,"Louisville/Jefferson County, KY-IN",1
40272,31140,"Louisville/Jefferson County, KY-IN",1
40280,31140,"Louisville/Jefferson County, KY-IN",1
40291,31140,"Louisville/Jefferson County, KY-IN",1
40299,31140,"Louisville/Jefferson County, KY-IN",1
40316,34460,"Mount Sterling, KY",0
40322,34460,"Mount Sterling, KY",0
40324,30460,"Lexington-Fayette, KY",1
40334,34460,"Mount Sterling, KY",0
40336,40080,"Richmond-Berea, KY",0
40337,34460,"Mount Sterling, KY",0
40339,30460,"Lexington-Fayette, KY",1
40342,23180,"Frankfort, KY",0
40346,34460,"Mount Sterling, KY",0
40347,30460,"Lexington-Fayette, KY",1
40348,30460,"Lexington-Fayette, KY",1
40353,34460,"Mount Sterling, KY",0
40356,30460,"Lexington-Fayette, KY",1
40357,30460,"Lexington-Fayette, KY",1
40358,34460,"Mount Sterling, KY",0
40360,34460,"Mount Sterling, KY",0
40361,30460,"Lexington-Fayette, KY",1
40370,30460,"Lexington-Fayette, KY",1
40371,34460,"Mount Sterling, KY",0
40374,34460,"Mount Sterling, KY",0
40379,30460,"Lexington-Fayette, KY",1
40383,30460,"Lexington-Fayette, KY",1
40385,40080,"Richmond-Berea, KY",0
40387,34460,"Mount Sterling, KY",0
40390,30460,"Lexington-Fayette, KY",1
40391,30460,"Lexington-Fayette, KY",1
40403,40080,"Richmond-Berea, KY",0
40404,40080,"Richmond-Berea, KY",0
40409,40080,"Richmond-Berea, KY",0
40419,19220,"Danville, KY",0
40422,19220,"Danville, KY",0
40440,19220,"Danville, KY",0
40442,19220,"Danville, KY",0
40445,40080,"Richmond-Berea, KY",0
40448,19220,"Danville, KY",0
40456,40080,"Richmond-Berea, KY",0
40460,40080,"Richmond-Berea, KY",0
40464,19220,"Danville, KY",0
40468,19220,"Danville, KY",0
40472,40080,"Richmond-Berea, KY",0
40475,40080,"Richmond-Berea, KY",0
40484,19220,"Danville, KY",0
40489,19220,"Danville, KY",0
40502,30460,"Lexington-Fayette, KY",1
40503,30460,"Lexington-Fayette, KY",1
40504,30460,"Lexington-Fayette, KY",1
40505,30460,"Lexington-Fayette, KY",1
40507,30460,"Lexington-Fayette, KY",1
40508,30460,"Lexington-Fayette, KY",1
40509,30460,"Lexington-Fayette, KY",1
40510,30460,"Lexington-Fayette, KY",1
40511,30460,"Lexington-Fayette, KY",1
40513,30460,"Lexington-Fayette, KY",1
40514,30460,"Lexington-Fayette, KY",1
40515,30460,"Lexington-Fayette, KY",1
40516,30460,"Lexington-Fayette, KY",1
40517,30460,"Lexington-Fayette, KY",1
40526,30460,"Lexington-Fayette, KY",1
40536,30460,"Lexington-Fayette, KY",1
40601,23180,"Frankfort, KY",0
40701,18340,"Corbin, KY",0
40729,18340,"Corbin, KY",0
40734,18340,"Corbin, KY",0
40737,18340,"Corbin, KY",0
40740,18340,"Corbin, KY",0
40741,18340,"Corbin, KY",0
40744,18340,"Corbin, KY",0
40759,18340,"Corbin, KY",0
40763,18340,"Corbin, KY",0
40769,18340,"Corbin, KY",0
40771,18340,"Corbin, KY",0
40813,33180,"Middlesborough, KY",0
40845,33180,"Middlesborough, KY",0
40856,33180,"Middlesborough, KY",0
40902,33180,"Middlesborough, KY",0
40903,18340,"Corbin, KY",0
40906,18340,"Corbin, KY",0
40913,33180,"Middlesborough, KY",0
40914,18340,"Corbin, KY",0
40915,18340,"Corbin, KY",0
40921,18340,"Corbin, KY",0
40923,18340,"Corbin, KY",0
40935,18340,"Corbin, KY",0
40939,33180,"Middlesborough, KY",0
40940,33180,"Middlesborough, KY",0
40941,18340,"Corbin, KY",0
40943,18340,"Corbin, KY",0
40946,18340,"Corbin, KY",0
40949,18340,"Corbin, KY",0
40953,18340,"Corbin, KY",0
40958,33180,"Middlesborough, KY",0
40962,18340,"Corbin, KY",0
40965,33180,"Middlesborough, KY",0
40972,18340,"Corbin, KY",0
40977,33180,"Middlesborough, KY",0
40982,18340,"Corbin, KY",0
40988,33180,"Middlesborough, KY",0
40995,18340,"Corbin, KY",0
40997,18340,"Corbin, KY",0
41001,17140,"Cincinnati, OH-KY-IN",1
41002,17140,"Cincinnati, OH-KY-IN",1
41004,17140,"Cincinnati, OH-KY-IN",1
41005,17140,"Cincinnati, OH-KY-IN",1
41006,17140,"Cincinnati, OH-KY-IN",1
41007,17140,"Cincinnati, OH-KY-IN",1
41010,17140,"Cincinnati, OH-KY-IN",1
41011,17140,"Cincinnati, OH-KY-IN",1
41014,17140,"Cincinnati, OH-KY-IN",1
41015,17140,"Cincinnati, OH-KY-IN",1
41016,17140,"Cincinnati, OH-KY-IN",1
41017,17140,"Cincinnati, OH-KY-IN",1
41018,17140,"Cincinnati, OH-KY-IN",1
41030,17140,"Cincinnati, OH-KY-IN",1
41033,17140,"Cincinnati, OH-KY-IN",1
41035,17140,"Cincinnati, OH-KY-IN",1
41040,17140,"Cincinnati, OH-KY-IN",1
41042,17140,"Cincinnati, OH-KY-IN",1
41043,17140,"Cincinnati, OH-KY-IN",1
41048,17140,"Cincinnati, OH-KY-IN",1
41051,17140,"Cincinnati, OH-KY-IN",1
41052,17140,"Cincinnati, OH-KY-IN",1
41059,17140,"Cincinnati, OH-KY-IN",1
41063,17140,"Cincinnati, OH-KY-IN",1
41071,17140,"Cincinnati, OH-KY-IN",1
41073,17140,"Cincinnati, OH-KY-IN",1
41074,17140,"Cincinnati, OH-KY-IN",1
41075,17140,"Cincinnati, OH-KY-IN",1
41076,17140,"Cincinnati, OH-KY-IN",1
41080,17140,"Cincinnati, OH-KY-IN",1
41085,17140,"Cincinnati, OH-KY-IN",1
41086,17140,"Cincinnati, OH-KY-IN",1
41091,17140,"Cincinnati, OH-KY-IN",1
41092,17140,"Cincinnati, OH-KY-IN",1
41094,17140,"Cincinnati, OH-KY-IN",1
41095,17140,"Cincinnati, OH-KY-IN",1
41097,17140,"Cincinnati, OH-KY-IN",1
41101,26580,"Huntington-Ashland, WV-KY-OH",1
41102,26580,"Huntington-Ashland, WV-KY-OH",1
41121,26580,"Huntington-Ashland, WV-KY-OH",1
41124,26580,"Huntington-Ashland, WV-KY-OH",1
41129,26580,"Huntington-Ashland, WV-KY-OH",1
41132,26580,"Huntington-Ashland, WV-KY-OH",1
41139,26580,"Huntington-Ashland, WV-KY-OH",1
41142,26580,"Huntington-Ashland, WV-KY-OH",1
41143,26580,"Huntington-Ashland, WV-KY-OH",1
41144,26580,"Huntington-Ashland, WV-KY-OH",1
41146,26580,"Huntington-Ashland, WV-KY-OH",1
41159,26580,"Huntington-Ashland, WV-KY-OH",1
41164,26580,"Huntington-Ashland, WV-KY-OH",1
41168,26580,"Huntington-Ashland, WV-KY-OH",1
41169,26580,"Huntington-Ashland, WV-KY-OH",1
41174,26580,"Huntington-Ashland, WV-KY-OH",1
41175,26580,"Huntington-Ashland, WV-KY-OH",1
41180,26580,"Huntington-Ashland, WV-KY-OH",1
41181,26580,"Huntington-Ashland, WV-KY-OH",1
41183,26580,"Huntington-Ashland, WV-KY-OH",1
41201,26580,"Huntington-Ashland, WV-KY-OH",1
41216,38210,"Pikeville, KY",0
41230,26580,"Huntington-Ashland, WV-KY-OH",1
41232,26580,"Huntington-Ashland, WV-KY-OH",1
41264,26580,"Huntington-Ashland, WV-KY-OH",1
41501,38210,"Pikeville, KY",0
41503,38210,"Pikeville, KY",0
41512,38210,"Pikeville, KY",0
41513,38210,"Pikeville, KY",0
41514,38210,"Pikeville, KY",0
41519,38210,"Pikeville, KY",0
41522,38210,"Pikeville, KY",0
41524,38210,"Pikeville, KY",0
41526,38210,"Pikeville, KY",0
41527,38210,"Pikeville, KY",0
41528,38210,"Pikeville, KY",0
41531,38210,"Pikeville, KY",0
41534,38210,"Pikeville, KY",0
41535,38210,"Pikeville, KY",0
41538,38210,"Pikeville, KY",0
41539,38210,"Pikeville, KY",0
41540,38210,"Pikeville, KY",0
41543,38210,"Pikeville, KY",0
41544,38210,"Pikeville, KY",0
41547,38210,"Pikeville, KY",0
41548,38210,"Pikeville, KY",0
41553,38210,"Pikeville, KY",0
41554,38210,"Pikeville, KY",0
41555,38210,"Pikeville, KY",0
41557,38210,"Pikeville, KY",0
41558,38210,"Pikeville, KY",0
41559,38210,"Pikeville, KY",0
41560,38210,"Pikeville, KY",0
41562,38210,"Pikeville, KY",0
41563,38210,"Pikeville, KY",0
41564,38210,"Pikeville, KY",0
41566,38210,"Pikeville, KY",0
41567,38210,"Pikeville, KY",0
41568,38210,"Pikeville, KY",0
41571,38210,"Pikeville, KY",0
41572,38210,"Pikeville, KY",0
41601,38210,"Pikeville, KY",0
41602,38210,"Pikeville, KY",0
41603,38210,"Pikeville, KY",0
41604,38210,"Pikeville, KY",0
41605,38210,"Pikeville, KY",0
41606,38210,"Pikeville, KY",0
41607,38210,"Pikeville, KY",0
41612,38210,"Pikeville, KY",0
41615,38210,"Pikeville, KY",0
41616,38210,"Pikeville, KY",0
41619,38210,"Pikeville, KY",0
41621,38210,"Pikeville, KY",0
41622,38210,"Pikeville, KY",0
41630,38210,"Pikeville, KY",0
41631,38210,"Pikeville, KY",0
41635,38210,"Pikeville, KY",0
41636,38210,"Pikeville, KY",0
41642,38210,"Pikeville, KY",0
41645,38210,"Pikeville, KY",0
41647,38210,"Pikeville, KY",0
41649,38210,"Pikeville, KY",0
41650,38210,"Pikeville, KY",0
41651,38210,"Pikeville, KY",0
41653,38210,"Pikeville, KY",0
41655,38210,"Pikeville, KY",0
41659,38210,"Pikeville, KY",0
41660,38210,"Pikeville, KY",0
41663,38210,"Pikeville, KY",0
41666,38210,"Pikeville, KY",0
41667,38210,"Pikeville, KY",0
41669,38210,"Pikeville, KY",0
42001,37140,"Paducah, KY-IL",1
42003,37140,"Paducah, KY-IL",1
42020,34660,"Murray, KY",0
42021,37140,"Paducah, KY-IL",1
42022,37140,"Paducah, KY-IL",1
42023,37140,"Paducah, KY-IL",1
42024,37140,"Paducah, KY-IL",1
42027,32460,"Mayfield, KY",0
42028,37140,"Paducah, KY-IL",1
42035,37140,"Paducah, KY-IL",1
42036,34660,"Murray, KY",0
42039,32460,"Mayfield, KY",0
42040,32460,"Mayfield, KY",0
42045,37140,"Paducah, KY-IL",1
42047,37140,"Paducah, KY-IL",1
42049,34660,"Murray, KY",0
42051,32460,"Mayfield, KY",0
42053,37140,"Paducah, KY-IL",1
42054,34660,"Murray, KY",0
42056,37140,"Paducah, KY-IL",1
42058,37140,"Paducah, KY-IL",1
42060,37140,"Paducah, KY-IL",1
42061,32460,"Mayfield, KY",0
42066,32460,"Mayfield, KY",0
42069,32460,"Mayfield, KY",0
42071,34660,"Murray, KY",0
42076,34660,"Murray, KY",0
42078,37140,"Paducah, KY-IL",1
42079,32460,"Mayfield, KY",0
42081,37140,"Paducah, KY-IL",1
42082,32460,"Mayfield, KY",0
42083,37140,"Paducah, KY-IL",1
42085,32460,"Mayfield, KY",0
42086,37140,"Paducah, KY-IL",1
42087,37140,"Paducah, KY-IL",1
42088,32460,"Mayfield, KY",0
42101,14540,"Bowling Green, KY",1
42103,14540,"Bowling Green, KY",1
42104,14540,"Bowling Green, KY",1
42120,14540,"Bowling Green, KY",1
42122,14540,"Bowling Green, KY",1
42123,23980,"Glasgow, KY",0
42124,23980,"Glasgow, KY",0
42127,23980,"Glasgow, KY",0
42129,23980,"Glasgow, KY",0
42130,23980,"Glasgow, KY",0
42131,23980,"Glasgow, KY",0
42134,23190,"Franklin, KY",0
42141,23980,"Glasgow, KY",0
42153,14540,"Bowling Green, KY",1
42154,23980,"Glasgow, KY",0
42156,23980,"Glasgow, KY",0
42159,14540,"Bowling Green, KY",1
42160,14540,"Bowling Green, KY",1
42163,14540,"Bowling Green, KY",1
42164,14540,"Bowling Green, KY",1
42166,23980,"Glasgow, KY",0
42170,14540,"Bowling Green, KY",1
42171,14540,"Bowling Green, KY",1
42207,14540,"Bowling Green, KY",1
42210,14540,"Bowling Green, KY",1
42211,17300,"Clarksville, TN-KY",1
42214,23980,"Glasgow, KY",0
42215,17300,"Clarksville, TN-KY",1
42217,17300,"Clarksville, TN-KY",1
42223,17300,"Clarksville, TN-KY",1
42232,17300,"Clarksville, TN-KY",1
42236,17300,"Clarksville, TN-KY",1
42240,17300,"Clarksville, TN-KY",1
42252,14540,"Bowling Green, KY",1
42254,17300,"Clarksville, TN-KY",1
42259,14540,"Bowling Green, KY",1
42261,14540,"Bowling Green, KY",1
42262,17300,"Clarksville, TN-KY",1
42266,17300,"Clarksville, TN-KY",1
42273,14540,"Bowling Green, KY",1
42274,14540,"Bowling Green, KY",1
42275,14540,"Bowling Green, KY",1
42285,14540,"Bowling Green, KY",1
42301,36980,"Owensboro, KY",1
42303,36980,"Owensboro, KY",1
42322,36980,"Owensboro, KY",1
42327,36980,"Owensboro, KY",1
42350,36980,"Owensboro, KY",1
42352,36980,"Owensboro, KY",1
42355,36980,"Owensboro, KY",1
42356,36980,"Owensboro, KY",1
42366,36980,"Owensboro, KY",1
42371,36980,"Owensboro, KY",1
42372,36980,"Owensboro, KY",1
42376,36980,"Owensboro, KY",1
42404,25775,"Henderson, KY",0
42406,25775,"Henderson, KY",0
42408,31580,"Madisonville, KY",0
42409,25775,"Henderson, KY",0
42410,31580,"Madisonville, KY",0
42413,31580,"Madisonville, KY",0
42420,25775,"Henderson, KY",0
42431,31580,"Madisonville, KY",0
42436,31580,"Madisonville, KY",0
42440,31580,"Madisonville, KY",0
42441,31580,"Madisonville, KY",0
42442,31580,"Madisonville, KY",0
42444,25775,"Henderson, KY",0
42450,25775,"Henderson, KY",0
42451,25775,"Henderson, KY",0
42452,25775,"Henderson, KY",0
42453,31580,"Madisonville, KY",0
42455,25775,"Henderson, KY",0
42456,25775,"Henderson, KY",0
42458,25775,"Henderson, KY",0
42463,25775,"Henderson, KY",0
42464,31580,"Madisonville, KY",0
42501,43700,"Somerset, KY",0
42503,43700,"Somerset, KY",0
42519,43700,"Somerset, KY",0
42533,43700,"Somerset, KY",0
42544,43700,"Somerset, KY",0
42553,43700,"Somerset, KY",0
42567,43700,"Somerset, KY",0
42701,21060,"Elizabethtown, KY",1
42712,21060,"Elizabethtown, KY",1
42716,21060,"Elizabethtown, KY",1
42718,15820,"Campbellsville, KY",0
42724,21060,"Elizabethtown, KY",1
42732,21060,"Elizabethtown, KY",1
42733,15820,"Campbellsville, KY",0
42740,21060,"Elizabethtown, KY",1
42743,15820,"Campbellsville, KY",0
42748,21060,"Elizabethtown, KY",1
42758,15820,"Campbellsville, KY",0
42764,15820,"Campbellsville, KY",0
42776,21060,"Elizabethtown, KY",1
42782,15820,"Campbellsville, KY",0
42788,21060,"Elizabethtown, KY",1
43001,18140,"Columbus, OH",1
43002,18140,"Columbus, OH",1
43003,18140,"Columbus, OH",1
43004,18140,"Columbus, OH",1
43005,34540,"Mount Vernon, OH",0
43006,18740,"Coshocton, OH",0
43007,18140,"Columbus, OH",1
43008,18140,"Columbus, OH",1
43009,46500,"Urbana, OH",0
43010,44220,"Springfield, OH",1
43011,34540,"Mount Vernon, OH",0
43013,18140,"Columbus, OH",1
43014,34540,"Mount Vernon, OH",0
43015,18140,"Columbus, OH",1
43016,18140,"Columbus, OH",1
43017,18140,"Columbus, OH",1
43018,18140,"Columbus, OH",1
43019,34540,"Mount Vernon, OH",0
43021,18140,"Columbus, OH",1
43022,34540,"Mount Vernon, OH",0
43023,18140,"Columbus, OH",1
43025,18140,"Columbus, OH",1
43026,18140,"Columbus, OH",1
43027,18140,"Columbus, OH",1
43028,34540,"Mount Vernon, OH",0
43029,18140,"Columbus, OH",1
43030,18140,"Columbus, OH",1
43031,18140,"Columbus, OH",1
43032,18140,"Columbus, OH",1
43033,18140,"Columbus, OH",1
43035,18140,"Columbus, OH",1
43036,18140,"Columbus, OH",1
43037,34540,"Mount Vernon, OH",0
43040,18140,"Columbus, OH",1
43044,46500,"Urbana, OH",0
43045,18140,"Columbus, OH",1
43046,18140,"Columbus, OH",1
43047,46500,"Urbana, OH",0
43050,34540,"Mount Vernon, OH",0
43054,18140,"Columbus, OH",1
43055,18140,"Columbus, OH",1
43056,18140,"Columbus, OH",1
43060,46500,"Urbana, OH",0
43061,18140,"Columbus, OH",1
43062,18140,"Columbus, OH",1
43064,18140,"Columbus, OH",1
43065,18140,"Columbus, OH",1
43066,18140,"Columbus, OH",1
43067,18140,"Columbus, OH",1
43068,18140,"Columbus, OH",1
43070,46500,"Urbana, OH",0
43071,18140,"Columbus, OH",1
43072,46500,"Urbana, OH",0
43074,18140,"Columbus, OH",1
43076,18140,"Columbus, OH",1
43077,18140,"Columbus, OH",1
43078,46500,"Urbana, OH",0
43080,18140,"Columbus, OH",1
43081,18140,"Columbus, OH",1
43082,18140,"Columbus, OH",1
43084,46500,"Urbana, OH",0
43085,18140,"Columbus, OH",1
43101,17060,"Chillicothe, OH",0
43102,18140,"Columbus, OH",1
43103,18140,"Columbus, OH",1
43105,18140,"Columbus, OH",1
43106,47920,"Washington Court House, OH",0
43107,18140,"Columbus, OH",1
43109,18140,"Columbus, OH",1
43110,18140,"Columbus, OH",1
43111,18140,"Columbus, OH",1
43112,18140,"Columbus, OH",1
43113,18140,"Columbus, OH",1
43115,17060,"Chillicothe, OH",0
43116,18140,"Columbus, OH",1
43117,18140,"Columbus, OH",1
43119,18140,"Columbus, OH",1
43123,18140,"Columbus, OH",1
43125,18140,"Columbus, OH",1
43126,18140,"Columbus, OH",1
43127,18140,"Columbus, OH",1
43128,47920,"Washington Court House, OH",0
43130,18140,"Columbus, OH",1
43135,18140,"Columbus, OH",1
43136,18140,"Columbus, OH",1
43137,18140,"Columbus, OH",1
43138,18140,"Columbus, OH",1
43140,18140,"Columbus, OH",1
43142,47920,"Washington Court House, OH",0
43143,18140,"Columbus, OH",1
43144,18140,"Columbus, OH",1
43145,18140,"Columbus, OH",1
43146,18140,"Columbus, OH",1
43147,18140,"Columbus, OH",1
43148,18140,"Columbus, OH",1
43149,18140,"Columbus, OH",1
43150,18140,"Columbus, OH",1
43151,18140,"Columbus, OH",1
43152,18140,"Columbus, OH",1
43153,18140,"Columbus, OH",1
43154,18140,"Columbus, OH",1
43155,18140,"Columbus, OH",1
43156,18140,"Columbus, OH",1
43157,18140,"Columbus, OH",1
43158,18140,"Columbus, OH",1
43160,47920,"Washington Court House, OH",0
43162,18140,"Columbus, OH",1
43164,18140,"Columbus, OH",1
43201,18140,"Columbus, OH",1
43202,18140,"Columbus, OH",1
43203,18140,"Columbus, OH",1
43204,18140,"Columbus, OH",1
43205,18140,"Columbus, OH",1
43206,18140,"Columbus, OH",1
43207,18140,"Columbus, OH",1
43209,18140,"Columbus, OH",1
43210,18140,"Columbus, OH",1
43211,18140,"Columbus, OH",1
43212,18140,"Columbus, OH",1
43213,18140,"Columbus, OH",1
43214,18140,"Columbus, OH",1
43215,18140,"Columbus, OH",1
43217,18140,"Columbus, OH",1
43218,18140,"Columbus, OH",1
43219,18140,"Columbus, OH",1
43220,18140,"Columbus, OH",1
43221,18140,"Columbus, OH",1
43222,18140,"Columbus, OH",1
43223,18140,"Columbus, OH",1
43224,18140,"Columbus, OH",1
43227,18140,"Columbus, OH",1
43228,18140,"Columbus, OH",1
43229,18140,"Columbus, OH",1
43230,18140,"Columbus, OH",1
43231,18140,"Columbus, OH",1
43232,18140,"Columbus, OH",1
43235,18140,"Columbus, OH",1
43240,18140,"Columbus, OH",1
43302,32020,"Marion, OH",0
43311,13340,"Bellefontaine, OH",0
43314,32020,"Marion, OH",0
43315,18140,"Columbus, OH",1
43317,18140,"Columbus, OH",1
43318,13340,"Bellefontaine, OH",0
43319,13340,"Bellefontaine, OH",0
43320,18140,"Columbus, OH",1
43321,18140,"Columbus, OH",1
43322,32020,"Marion, OH",0
43324,13340,"Bellefontaine, OH",0
43325,18140,"Columbus, OH",1
43331,13340,"Bellefontaine, OH",0
43332,32020,"Marion, OH",0
43333,13340,"Bellefontaine, OH",0
43334,18140,"Columbus, OH",1
43336,13340,"Bellefontaine, OH",0
43337,32020,"Marion, OH",0
43338,18140,"Columbus, OH",1
43341,32020,"Marion, OH",0
43342,32020,"Marion, OH",0
43343,13340,"Bellefontaine, OH",0
43344,18140,"Columbus, OH",1
43345,13340,"Bellefontaine, OH",0
43347,13340,"Bellefontaine, OH",0
43348,13340,"Bellefontaine, OH",0
43350,18140,"Columbus, OH",1
43356,32020,"Marion, OH",0
43357,13340,"Bellefontaine, OH",0
43358,18140,"Columbus, OH",1
43360,13340,"Bellefontaine, OH",0
43402,45780,"Toledo, OH",1
43403,45780,"Toledo, OH",1
43406,45780,"Toledo, OH",1
43407,23380,"Fremont, OH",0
43408,41780,"Sandusky, OH",1
43410,23380,"Fremont, OH",0
43412,45780,"Toledo, OH",1
43413,45780,"Toledo, OH",1
43414,45780,"Toledo, OH",1
43416,41780,"Sandusky, OH",1
43420,23380,"Fremont, OH",0
43430,41780,"Sandusky, OH",1
43431,23380,"Fremont, OH",0
43432,41780,"Sandusky, OH",1
43433,41780,"Sandusky, OH",1
43434,45780,"Toledo, OH",1
43435,23380,"Fremont, OH",0
43436,41780,"Sandusky, OH",1
43437,45780,"Toledo, OH",1
43438,41780,"Sandusky, OH",1
43439,41780,"Sandusky, OH",1
43440,41780,"Sandusky, OH",1
43442,23380,"Fremont, OH",0
43443,45780,"Toledo, OH",1
43445,41780,"Sandusky, OH",1
43446,41780,"Sandusky, OH",1
43447,45780,"Toledo, OH",1
43449,41780,"Sandusky, OH",1
43450,45780,"Toledo, OH",1
43451,45780,"Toledo, OH",1
43452,41780,"Sandusky, OH",1
43456,41780,"Sandusky, OH",1
43457,45780,"Toledo, OH",1
43458,41780,"Sandusky, OH",1
43460,45780,"Toledo, OH",1
43462,45780,"Toledo, OH",1
43463,45780,"Toledo, OH",1
43464,23380,"Fremont, OH",0
43465,45780,"Toledo, OH",1
43466,45780,"Toledo, OH",1
43467,45780,"Toledo, OH",1
43468,41780,"Sandusky, OH",1
43469,23380,"Fremont, OH",0
43502,45780,"Toledo, OH",1
43504,45780,"Toledo, OH",1
43511,45780,"Toledo, OH",1
43512,19580,"Defiance, OH",0
43515,45780,"Toledo, OH",1
43519,19580,"Defiance, OH",0
43520,19580,"Defiance, OH",0
43521,45780,"Toledo, OH",1
43522,45780,"Toledo, OH",1
43525,45780,"Toledo, OH",1
43526,19580,"Defiance, OH",0
43528,45780,"Toledo, OH",1
43529,45780,"Toledo, OH",1
43530,19580,"Defiance, OH",0
43533,45780,"Toledo, OH",1
43536,19580,"Defiance, OH",0
43537,45780,"Toledo, OH",1
43540,45780,"Toledo, OH",1
43541,45780,"Toledo, OH",1
43542,45780,"Toledo, OH",1
43547,45780,"Toledo, OH",1
43549,19580,"Defiance, OH",0
43551,45780,"Toledo, OH",1
43553,45780,"Toledo, OH",1
43556,19580,"Defiance, OH",0
43558,45780,"Toledo, OH",1
43560,45780,"Toledo, OH",1
43565,45780,"Toledo, OH",1
43566,45780,"Toledo, OH",1
43567,45780,"Toledo, OH",1
43569,45780,"Toledo, OH",1
43571,45780,"Toledo, OH",1
43604,45780,"Toledo, OH",1
43605,45780,"Toledo, OH",1
43606,45780,"Toledo, OH",1
43607,45780,"Toledo, OH",1
43608,45780,"Toledo, OH",1
43609,45780,"Toledo, OH",1
43610,45780,"Toledo, OH",1
43611,45780,"Toledo, OH",1
43612,45780,"Toledo, OH",1
43613,45780,"Toledo, OH",1
43614,45780,"Toledo, OH",1
43615,45780,"Toledo, OH",1
43616,45780,"Toledo, OH",1
43617,45780,"Toledo, OH",1
43619,45780,"Toledo, OH",1
43620,45780,"Toledo, OH",1
43623,45780,"Toledo, OH",1
43701,49780,"Zanesville, OH",0
43713,48540,"Wheeling, WV-OH",1
43718,48540,"Wheeling, WV-OH",1
43719,48540,"Wheeling, WV-OH",1
43720,49780,"Zanesville, OH",0
43721,18140,"Columbus, OH",1
43722,15740,"Cambridge, OH",0
43723,15740,"Cambridge, OH",0
43725,15740,"Cambridge, OH",0
43727,49780,"Zanesville, OH",0
43730,18140,"Columbus, OH",1
43731,18140,"Columbus, OH",1
43732,15740,"Cambridge, OH",0
43733,15740,"Cambridge, OH",0
43734,49780,"Zanesville, OH",0
43735,49780,"Zanesville, OH",0
43736,15740,"Cambridge, OH",0
43738,49780,"Zanesville, OH",0
43739,18140,"Columbus, OH",1
43740,18140,"Columbus, OH",1
43746,49780,"Zanesville, OH",0
43748,18140,"Columbus, OH",1
43749,15740,"Cambridge, OH",0
43750,15740,"Cambridge, OH",0
43755,15740,"Cambridge, OH",0
43759,48540,"Wheeling, WV-OH",1
43760,18140,"Columbus, OH",1
43761,18140,"Columbus, OH",1
43762,49780,"Zanesville, OH",0
43764,18140,"Columbus, OH",1
43766,18140,"Columbus, OH",1
43767,49780,"Zanesville, OH",0
43768,15740,"Cambridge, OH",0
43771,49780,"Zanesville, OH",0
43773,15740,"Cambridge, OH",0
43777,49780,"Zanesville, OH",0
43778,15740,"Cambridge, OH",0
43780,15740,"Cambridge, OH",0
43782,18140,"Columbus, OH",1
43783,18140,"Columbus, OH",1
43791,49780,"Zanesville, OH",0
43802,49780,"Zanesville, OH",0
43805,18740,"Coshocton, OH",0
43811,18740,"Coshocton, OH",0
43812,18740,"Coshocton, OH",0
43821,49780,"Zanesville, OH",0
43822,49780,"Zanesville, OH",0
43824,18740,"Coshocton, OH",0
43830,49780,"Zanesville, OH",0
43832,35420,"New Philadelphia-Dover, OH",0
43836,18740,"Coshocton, OH",0
43837,35420,"New Philadelphia-Dover, OH",0
43840,35420,"New Philadelphia-Dover, OH",0
43842,49780,"Zanesville, OH",0
43843,18740,"Coshocton, OH",0
43844,18740,"Coshocton, OH",0
43845,18740,"Coshocton, OH",0
43901,48260,"Weirton-Steubenville, WV-OH",1
43902,48540,"Wheeling, WV-OH",1
43903,15940,"Canton-Massillon, OH",1
43905,48540,"Wheeling, WV-OH",1
43906,48540,"Wheeling, WV-OH",1
43908,48260,"Weirton-Steubenville, WV-OH",1
43909,48540,"Wheeling, WV-OH",1
43910,48260,"Weirton-Steubenville, WV-OH",1
43912,48540,"Wheeling, WV-OH",1
43913,48260,"Weirton-Steubenville, WV-OH",1
43917,48260,"Weirton-Steubenville, WV-OH",1
43920,41400,"Salem, OH",0
43925,48260,"Weirton-Steubenville, WV-OH",1
43926,48260,"Weirton-Steubenville, WV-OH",1
43928,48540,"Wheeling, WV-OH",1
43930,48260,"Weirton-Steubenville, WV-OH",1
43932,48260,"Weirton-Steubenville, WV-OH",1
43933,48540,"Wheeling, WV-OH",1
43934,48540,"Wheeling, WV-OH",1
43935,48540,"Wheeling, WV-OH",1
43938,48260,"Weirton-Steubenville, WV-OH",1
43939,48260,"Weirton-Steubenville, WV-OH",1
43940,48540,"Wheeling, WV-OH",1
43942,48540,"Wheeling, WV-OH",1
43943,48260,"Weirton-Steubenville, WV-OH",1
43944,48260,"Weirton-Steubenville, WV-OH",1
43945,41400,"Salem, OH",0
43947,48540,"Wheeling, WV-OH",1
43948,48260,"Weirton-Steubenville, WV-OH",1
43950,48540,"Wheeling, WV-OH",1
43951,48540,"Wheeling, WV-OH",1
43952,48260,"Weirton-Steubenville, WV-OH",1
43953,48260,"Weirton-Steubenville, WV-OH",1
43961,48260,"Weirton-Steubenville, WV-OH",1
43962,41400,"Salem, OH",0
43963,48260,"Weirton-Steubenville, WV-OH",1
43964,48260,"Weirton-Steubenville, WV-OH",1
43967,48540,"Wheeling, WV-OH",1
43968,41400,"Salem, OH",0
43971,48260,"Weirton-Steubenville, WV-OH",1
43972,48540,"Wheeling, WV-OH",1
43977,48540,"Wheeling, WV-OH",1
43983,48540,"Wheeling, WV-OH",1
43985,48540,"Wheeling, WV-OH",1
44001,17410,"Cleveland, OH",1
44003,17410,"Cleveland, OH",1
44004,17410,"Cleveland, OH",1
44010,17410,"Cleveland, OH",1
44011,17410,"Cleveland, OH",1
44012,17410,"Cleveland, OH",1
44017,17410,"Cleveland, OH",1
44021,17410,"Cleveland, OH",1
44022,17410,"Cleveland, OH",1
44023,17410,"Cleveland, OH",1
44024,17410,"Cleveland, OH",1
44026,17410,"Cleveland, OH",1
44028,17410,"Cleveland, OH",1
44030,17410,"Cleveland, OH",1
44032,17410,"Cleveland, OH",1
44035,17410,"Cleveland, OH",1
44039,17410,"Cleveland, OH",1
44040,17410,"Cleveland, OH",1
44041,17410,"Cleveland, OH",1
44044,17410,"Cleveland, OH",1
44045,17410,"Cleveland, OH",1
44046,17410,"Cleveland, OH",1
44047,17410,"Cleveland, OH",1
44048,17410,"Cleveland, OH",1
44049,17410,"Cleveland, OH",1
44050,17410,"Cleveland, OH",1
44052,17410,"Cleveland, OH",1
44053,17410,"Cleveland, OH",1
44054,17410,"Cleveland, OH",1
44055,17410,"Cleveland, OH",1
44056,10420,"Akron, OH",1
44057,17410,"Cleveland, OH",1
44060,17410,"Cleveland, OH",1
44062,17410,"Cleveland, OH",1
44064,17410,"Cleveland, OH",1
44065,17410,"Cleveland, OH",1
44067,10420,"Akron, OH",1
44068,17410,"Cleveland, OH",1
44070,17410,"Cleveland, OH",1
44072,17410,"Cleveland, OH",1
44074,17410,"Cleveland, OH",1
44076,17410,"Cleveland, OH",1
44077,17410,"Cleveland, OH",1
44080,17410,"Cleveland, OH",1
44081,17410,"Cleveland, OH",1
44082,17410,"Cleveland, OH",1
44084,17410,"Cleveland, OH",1
44085,17410,"Cleveland, OH",1
44086,17410,"Cleveland, OH",1
44087,10420,"Akron, OH",1
44089,41780,"Sandusky, OH",1
44090,17410,"Cleveland, OH",1
44092,17410,"Cleveland, OH",1
44093,17410,"Cleveland, OH",1
44094,17410,"Cleveland, OH",1
44095,17410,"Cleveland, OH",1
44099,17410,"Cleveland, OH",1
44101,17410,"Cleveland, OH",1
44102,17410,"Cleveland, OH",1
44103,17410,"Cleveland, OH",1
44104,17410,"Cleveland, OH",1
44105,17410,"Cleveland, OH",1
44106,17410,"Cleveland, OH",1
44107,17410,"Cleveland, OH",1
44108,17410,"Cleveland, OH",1
44109,17410,"Cleveland, OH",1
44110,17410,"Cleveland, OH",1
44111,17410,"Cleveland, OH",1
44112,17410,"Cleveland, OH",1
44113,17410,"Cleveland, OH",1
44114,17410,"Cleveland, OH",1
44115,17410,"Cleveland, OH",1
44116,17410,"Cleveland, OH",1
44117,17410,"Cleveland, OH",1
44118,17410,"Cleveland, OH",1
44119,17410,"Cleveland, OH",1
44120,17410,"Cleveland, OH",1
44121,17410,"Cleveland, OH",1
44122,17410,"Cleveland, OH",1
44123,17410,"Cleveland, OH",1
44124,17410,"Cleveland, OH",1
44125,17410,"Cleveland, OH",1
44126,17410,"Cleveland, OH",1
44127,17410,"Cleveland, OH",1
44128,17410,"Cleveland, OH",1
44129,17410,"Cleveland, OH",1
44130,17410,"Cleveland, OH",1
44131,17410,"Cleveland, OH",1
44132,17410,"Cleveland, OH",1
44133,17410,"Cleveland, OH",1
44134,17410,"Cleveland, OH",1
44135,17410,"Cleveland, OH",1
44136,17410,"Cleveland, OH",1
44137,17410,"Cleveland, OH",1
44138,17410,"Cleveland, OH",1
44139,17410,"Cleveland, OH",1
44140,17410,"Cleveland, OH",1
44141,17410,"Cleveland, OH",1
44142,17410,"Cleveland, OH",1
44143,17410,"Cleveland, OH",1
44144,17410,"Cleveland, OH",1
44145,17410,"Cleveland, OH",1
44146,17410,"Cleveland, OH",1
44147,17410,"Cleveland, OH",1
44149,17410,"Cleveland, OH",1
44201,10420,"Akron, OH",1
44202,10420,"Akron, OH",1
44203,10420,"Akron, OH",1
44212,17410,"Cleveland, OH",1
44214,49300,"Wooster, OH",0
44215,17410,"Cleveland, OH",1
44216,10420,"Akron, OH",1
44217,49300,"Wooster, OH",0
44221,10420,"Akron, OH",1
44223,10420,"Akron, OH",1
44224,10420,"Akron, OH",1
44230,49300,"Wooster, OH",0
44231,10420,"Akron, OH",1
44232,10420,"Akron, OH",1
44233,17410,"Cleveland, OH",1
44234,10420,"Akron, OH",1
44235,17410,"Cleveland, OH",1
44236,10420,"Akron, OH",1
44240,10420,"Akron, OH",1
44241,10420,"Akron, OH",1
44243,10420,"Akron, OH",1
44250,10420,"Akron, OH",1
44251,17410,"Cleveland, OH",1
44253,17410,"Cleveland, OH",1
44254,17410,"Cleveland, OH",1
44255,10420,"Akron, OH",1
44256,17410,"Cleveland, OH",1
44260,10420,"Akron, OH",1
44262,10420,"Akron, OH",1
44264,10420,"Akron, OH",1
44266,10420,"Akron, OH",1
44270,49300,"Wooster, OH",0
44272,10420,"Akron, OH",1
44273,17410,"Cleveland, OH",1
44274,17410,"Cleveland, OH",1
44275,17410,"Cleveland, OH",1
44276,49300,"Wooster, OH",0
44278,10420,"Akron, OH",1
44280,17410,"Cleveland, OH",1
44281,17410,"Cleveland, OH",1
44285,10420,"Akron, OH",1
44286,10420,"Akron, OH",1
44287,49300,"Wooster, OH",0
44288,10420,"Akron, OH",1
44301,10420,"Akron, OH",1
44302,10420,"Akron, OH",1
44303,10420,"Akron, OH",1
44304,10420,"Akron, OH",1
44305,10420,"Akron, OH",1
44306,10420,"Akron, OH",1
44307,10420,"Akron, OH",1
44308,10420,"Akron, OH",1
44310,10420,"Akron, OH",1
44311,10420,"Akron, OH",1
44312,10420,"Akron, OH",1
44313,10420,"Akron, OH",1
44314,10420,"Akron, OH",1
44319,10420,"Akron, OH",1
44320,10420,"Akron, OH",1
44321,10420,"Akron, OH",1
44325,10420,"Akron, OH",1
44333,10420,"Akron, OH",1
44401,49660,"Youngstown-Warren, OH",1
44402,49660,"Youngstown-Warren, OH",1
44403,49660,"Youngstown-Warren, OH",1
44404,49660,"Youngstown-Warren, OH",1
44405,49660,"Youngstown-Warren, OH",1
44406,49660,"Youngstown-Warren, OH",1
44408,41400,"Salem, OH",0
44410,49660,"Youngstown-Warren, OH",1
44411,10420,"Akron, OH",1
44412,10420,"Akron, OH",1
44413,41400,"Salem, OH",0
44415,41400,"Salem, OH",0
44417,49660,"Youngstown-Warren, OH",1
44418,49660,"Youngstown-Warren, OH",1
44420,49660,"Youngstown-Warren, OH",1
44423,41400,"Salem, OH",0
44424,49660,"Youngstown-Warren, OH",1
44425,49660,"Youngstown-Warren, OH",1
44427,15940,"Canton-Massillon, OH",1
44428,49660,"Youngstown-Warren, OH",1
44429,49660,"Youngstown-Warren, OH",1
44430,49660,"Youngstown-Warren, OH",1
44431,41400,"Salem, OH",0
44432,41400,"Salem, OH",0
44436,49660,"Youngstown-Warren, OH",1
44437,49660,"Youngstown-Warren, OH",1
44438,49660,"Youngstown-Warren, OH",1
44439,49660,"Youngstown-Warren, OH",1
44440,49660,"Youngstown-Warren, OH",1
44441,41400,"Salem, OH",0
44442,49660,"Youngstown-Warren, OH",1
44443,49660,"Youngstown-Warren, OH",1
44444,49660,"Youngstown-Warren, OH",1
44445,41400,"Salem, OH",0
44446,49660,"Youngstown-Warren, OH",1
44449,49660,"Youngstown-Warren, OH",1
44450,49660,"Youngstown-Warren, OH",1
44451,49660,"Youngstown-Warren, OH",1
44452,49660,"Youngstown-Warren, OH",1
44454,49660,"Youngstown-Warren, OH",1
44455,41400,"Salem, OH",0
44460,41400,"Salem, OH",0
44470,49660,"Youngstown-Warren, OH",1
44471,49660,"Youngstown-Warren, OH",1
44473,49660,"Youngstown-Warren, OH",1
44481,49660,"Youngstown-Warren, OH",1
44483,49660,"Youngstown-Warren, OH",1
44484,49660,"Youngstown-Warren, OH",1
44485,49660,"Youngstown-Warren, OH",1
44490,41400,"Salem, OH",0
44491,49660,"Youngstown-Warren, OH",1
44493,41400,"Salem, OH",0
44502,49660,"Youngstown-Warren, OH",1
44503,49660,"Youngstown-Warren, OH",1
44504,49660,"Youngstown-Warren, OH",1
44505,49660,"Youngstown-Warren, OH",1
44506,49660,"Youngstown-Warren, OH",1
44507,49660,"Youngstown-Warren, OH",1
44509,49660,"Youngstown-Warren, OH",1
44510,49660,"Youngstown-Warren, OH",1
44511,49660,"Youngstown-Warren, OH",1
44512,49660,"Youngstown-Warren, OH",1
44514,49660,"Youngstown-Warren, OH",1
44515,49660,"Youngstown-Warren, OH",1
44555,49660,"Youngstown-Warren, OH",1
44601,15940,"Canton-Massillon, OH",1
44606,49300,"Wooster, OH",0
44607,15940,"Canton-Massillon, OH",1
44608,15940,"Canton-Massillon, OH",1
44609,49660,"Youngstown-Warren, OH",1
44612,35420,"New Philadelphia-Dover, OH",0
44613,15940,"Canton-Massillon, OH",1
44614,15940,"Canton-Massillon, OH",1
44615,15940,"Canton-Massillon, OH",1
44618,49300,"Wooster, OH",0
44619,49660,"Youngstown-Warren, OH",1
44620,15940,"Canton-Massillon, OH",1
44621,35420,"New Philadelphia-Dover, OH",0
44622,35420,"New Philadelphia-Dover, OH",0
44625,41400,"Salem, OH",0
44626,15940,"Canton-Massillon, OH",1
44629,35420,"New Philadelphia-Dover, OH",0
44630,15940,"Canton-Massillon, OH",1
44632,15940,"Canton-Massillon, OH",1
44634,41400,"Salem, OH",0
44639,15940,"Canton-Massillon, OH",1
44640,15940,"Canton-Massillon, OH",1
44641,15940,"Canton-Massillon, OH",1
44643,15940,"Canton-Massillon, OH",1
44644,15940,"Canton-Massillon, OH",1
44645,49300,"Wooster, OH",0
44646,15940,"Canton-Massillon, OH",1
44647,15940,"Canton-Massillon, OH",1
44651,15940,"Canton-Massillon, OH",1
44652,15940,"Canton-Massillon, OH",1
44653,35420,"New Philadelphia-Dover, OH",0
44656,35420,"New Philadelphia-Dover, OH",0
44657,15940,"Canton-Massillon, OH",1
44659,49300,"Wooster, OH",0
44662,15940,"Canton-Massillon, OH",1
44663,35420,"New Philadelphia-Dover, OH",0
44665,41400,"Salem, OH",0
44666,15940,"Canton-Massillon, OH",1
44667,49300,"Wooster, OH",0
44669,15940,"Canton-Massillon, OH",1
44670,15940,"Canton-Massillon, OH",1
44671,35420,"New Philadelphia-Dover, OH",0
44672,49660,"Youngstown-Warren, OH",1
44675,15940,"Canton-Massillon, OH",1
44676,49300,"Wooster, OH",0
44677,49300,"Wooster, OH",0
44678,35420,"New Philadelphia-Dover, OH",0
44680,35420,"New Philadelphia-Dover, OH",0
44681,35420,"New Philadelphia-Dover, OH",0
44682,35420,"New Philadelphia-Dover, OH",0
44683,35420,"New Philadelphia-Dover, OH",0
44685,10420,"Akron, OH",1
44688,15940,"Canton-Massillon, OH",1
44691,49300,"Wooster, OH",0
44695,15940,"Canton-Massillon, OH",1
44697,35420,"New Philadelphia-Dover, OH",0
44702,15940,"Canton-Massillon, OH",1
44703,15940,"Canton-Massillon, OH",1
44704,15940,"Canton-Massillon, OH",1
44705,15940,"Canton-Massillon, OH",1
44706,15940,"Canton-Massillon, OH",1
44707,15940,"Canton-Massillon, OH",1
44708,15940,"Canton-Massillon, OH",1
44709,15940,"Canton-Massillon, OH",1
44710,15940,"Canton-Massillon, OH",1
44714,15940,"Canton-Massillon, OH",1
44718,15940,"Canton-Massillon, OH",1
44720,15940,"Canton-Massillon, OH",1
44721,15940,"Canton-Massillon, OH",1
44730,15940,"Canton-Massillon, OH",1
44802,45660,"Tiffin, OH",0
44804,22300,"Findlay, OH",0
44805,11740,"Ashland, OH",0
44807,45660,"Tiffin, OH",0
44809,45660,"Tiffin, OH",0
44811,35940,"Norwalk, OH",0
44813,31900,"Mansfield, OH",1
44814,41780,"Sandusky, OH",1
44815,45660,"Tiffin, OH",0
44817,45780,"Toledo, OH",1
44818,45660,"Tiffin, OH",0
44820,15340,"Bucyrus, OH",0
44822,31900,"Mansfield, OH",1
44824,41780,"Sandusky, OH",1
44825,15340,"Bucyrus, OH",0
44826,35940,"Norwalk, OH",0
44827,15340,"Bucyrus, OH",0
44828,45660,"Tiffin, OH",0
44830,45660,"Tiffin, OH",0
44833,18140,"Columbus, OH",1
44836,45660,"Tiffin, OH",0
44837,35940,"Norwalk, OH",0
44838,11740,"Ashland, OH",0
44839,41780,"Sandusky, OH",1
44840,11740,"Ashland, OH",0
44841,45660,"Tiffin, OH",0
44842,11740,"Ashland, OH",0
44843,31900,"Mansfield, OH",1
44844,45660,"Tiffin, OH",0
44846,41780,"Sandusky, OH",1
44847,35940,"Norwalk, OH",0
44850,35940,"Norwalk, OH",0
44851,35940,"Norwalk, OH",0
44853,45660,"Tiffin, OH",0
44854,15340,"Bucyrus, OH",0
44855,35940,"Norwalk, OH",0
44856,15340,"Bucyrus, OH",0
44857,35940,"Norwalk, OH",0
44859,11740,"Ashland, OH",0
44861,45660,"Tiffin, OH",0
44864,11740,"Ashland, OH",0
44865,35940,"Norwalk, OH",0
44866,11740,"Ashland, OH",0
44867,45660,"Tiffin, OH",0
44870,41780,"Sandusky, OH",1
44874,11740,"Ashland, OH",0
44875,31900,"Mansfield, OH",1
44878,31900,"Mansfield, OH",1
44880,11740,"Ashland, OH",0
44881,15340,"Bucyrus, OH",0
44883,45660,"Tiffin, OH",0
44887,15340,"Bucyrus, OH",0
44889,35940,"Norwalk, OH",0
44890,35940,"Norwalk, OH",0
44901,31900,"Mansfield, OH",1
44902,31900,"Mansfield, OH",1
44903,31900,"Mansfield, OH",1
44904,31900,"Mansfield, OH",1
44905,31900,"Mansfield, OH",1
44906,31900,"Mansfield, OH",1
44907,31900,"Mansfield, OH",1
45001,17140,"Cincinnati, OH-KY-IN",1
45002,17140,"Cincinnati, OH-KY-IN",1
45005,17140,"Cincinnati, OH-KY-IN",1
45011,17140,"Cincinnati, OH-KY-IN",1
45013,17140,"Cincinnati, OH-KY-IN",1
45014,17140,"Cincinnati, OH-KY-IN",1
45015,17140,"Cincinnati, OH-KY-IN",1
45030,17140,"Cincinnati, OH-KY-IN",1
45032,17140,"Cincinnati, OH-KY-IN",1
45033,17140,"Cincinnati, OH-KY-IN",1
45034,17140,"Cincinnati, OH-KY-IN",1
45036,17140,"Cincinnati, OH-KY-IN",1
45039,17140,"Cincinnati, OH-KY-IN",1
45040,17140,"Cincinnati, OH-KY-IN",1
45041,17140,"Cincinnati, OH-KY-IN",1
45042,17140,"Cincinnati, OH-KY-IN",1
45044,17140,"Cincinnati, OH-KY-IN",1
45050,17140,"Cincinnati, OH-KY-IN",1
45051,17140,"Cincinnati, OH-KY-IN",1
45052,17140,"Cincinnati, OH-KY-IN",1
45053,17140,"Cincinnati, OH-KY-IN",1
45054,17140,"Cincinnati, OH-KY-IN",1
45055,17140,"Cincinnati, OH-KY-IN",1
45056,17140,"Cincinnati, OH-KY-IN",1
45062,17140,"Cincinnati, OH-KY-IN",1
45064,17140,"Cincinnati, OH-KY-IN",1
45065,17140,"Cincinnati, OH-KY-IN",1
45066,17140,"Cincinnati, OH-KY-IN",1
45067,17140,"Cincinnati, OH-KY-IN",1
45068,17140,"Cincinnati, OH-KY-IN",1
45069,17140,"Cincinnati, OH-KY-IN",1
45101,17140,"Cincinnati, OH-KY-IN",1
45102,17140,"Cincinnati, OH-KY-IN",1
45103,17140,"Cincinnati, OH-KY-IN",1
45106,17140,"Cincinnati, OH-KY-IN",1
45107,48940,"Wilmington, OH",0
45111,17140,"Cincinnati, OH-KY-IN",1
45112,17140,"Cincinnati, OH-KY-IN",1
45113,48940,"Wilmington, OH",0
45115,17140,"Cincinnati, OH-KY-IN",1
45118,17140,"Cincinnati, OH-KY-IN",1
45119,17140,"Cincinnati, OH-KY-IN",1
45120,17140,"Cincinnati, OH-KY-IN",1
45121,17140,"Cincinnati, OH-KY-IN",1
45122,17140,"Cincinnati, OH-KY-IN",1
45130,17140,"Cincinnati, OH-KY-IN",1
45131,17140,"Cincinnati, OH-KY-IN",1
45140,17140,"Cincinnati, OH-KY-IN",1
45146,48940,"Wilmington, OH",0
45147,17140,"Cincinnati, OH-KY-IN",1
45148,48940,"Wilmington, OH",0
45150,17140,"Cincinnati, OH-KY-IN",1
45152,17140,"Cincinnati, OH-KY-IN",1
45153,17140,"Cincinnati, OH-KY-IN",1
45154,17140,"Cincinnati, OH-KY-IN",1
45156,17140,"Cincinnati, OH-KY-IN",1
45157,17140,"Cincinnati, OH-KY-IN",1
45158,17140,"Cincinnati, OH-KY-IN",1
45159,48940,"Wilmington, OH",0
45160,17140,"Cincinnati, OH-KY-IN",1
45162,17140,"Cincinnati, OH-KY-IN",1
45164,48940,"Wilmington, OH",0
45166,48940,"Wilmington, OH",0
45167,17140,"Cincinnati, OH-KY-IN",1
45168,17140,"Cincinnati, OH-KY-IN",1
45169,48940,"Wilmington, OH",0
45171,17140,"Cincinnati, OH-KY-IN",1
45174,17140,"Cincinnati, OH-KY-IN",1
45176,17140,"Cincinnati, OH-KY-IN",1
45177,48940,"Wilmington, OH",0
45202,17140,"Cincinnati, OH-KY-IN",1
45203,17140,"Cincinnati, OH-KY-IN",1
45204,17140,"Cincinnati, OH-KY-IN",1
45205,17140,"Cincinnati, OH-KY-IN",1
45206,17140,"Cincinnati, OH-KY-IN",1
45207,17140,"Cincinnati, OH-KY-IN",1
45208,17140,"Cincinnati, OH-KY-IN",1
45209,17140,"Cincinnati, OH-KY-IN",1
45211,17140,"Cincinnati, OH-KY-IN",1
45212,17140,"Cincinnati, OH-KY-IN",1
45213,17140,"Cincinnati, OH-KY-IN",1
45214,17140,"Cincinnati, OH-KY-IN",1
45215,17140,"Cincinnati, OH-KY-IN",1
45216,17140,"Cincinnati, OH-KY-IN",1
45217,17140,"Cincinnati, OH-KY-IN",1
45218,17140,"Cincinnati, OH-KY-IN",1
45219,17140,"Cincinnati, OH-KY-IN",1
45220,17140,"Cincinnati, OH-KY-IN",1
45223,17140,"Cincinnati, OH-KY-IN",1
45224,17140,"Cincinnati, OH-KY-IN",1
45225,17140,"Cincinnati, OH-KY-IN",1
45226,17140,"Cincinnati, OH-KY-IN",1
45227,17140,"Cincinnati, OH-KY-IN",1
45229,17140,"Cincinnati, OH-KY-IN",1
45230,17140,"Cincinnati, OH-KY-IN",1
45231,17140,"Cincinnati, OH-KY-IN",1
45232,17140,"Cincinnati, OH-KY-IN",1
45233,17140,"Cincinnati, OH-KY-IN",1
45236,17140,"Cincinnati, OH-KY-IN",1
45237,17140,"Cincinnati, OH-KY-IN",1
45238,17140,"Cincinnati, OH-KY-IN",1
45239,17140,"Cincinnati, OH-KY-IN",1
45240,17140,"Cincinnati, OH-KY-IN",1
45241,17140,"Cincinnati, OH-KY-IN",1
45242,17140,"Cincinnati, OH-KY-IN",1
45243,17140,"Cincinnati, OH-KY-IN",1
45244,17140,"Cincinnati, OH-KY-IN",1
45245,17140,"Cincinnati, OH-KY-IN",1
45246,17140,"Cincinnati, OH-KY-IN",1
45247,17140,"Cincinnati, OH-KY-IN",1
45248,17140,"Cincinnati, OH-KY-IN",1
45249,17140,"Cincinnati, OH-KY-IN",1
45251,17140,"Cincinnati, OH-KY-IN",1
45252,17140,"Cincinnati, OH-KY-IN",1
45255,17140,"Cincinnati, OH-KY-IN",1
45267,17140,"Cincinnati, OH-KY-IN",1
45301,19430,"Dayton-Kettering-Beavercreek, OH",1
45302,43380,"Sidney, OH",0
45303,24820,"Greenville, OH",0
45304,24820,"Greenville, OH",0
45305,19430,"Dayton-Kettering-Beavercreek, OH",1
45306,43380,"Sidney, OH",0
45307,19430,"Dayton-Kettering-Beavercreek, OH",1
45308,24820,"Greenville, OH",0
45309,19430,"Dayton-Kettering-Beavercreek, OH",1
45310,16380,"Celina, OH",0
45312,19430,"Dayton-Kettering-Beavercreek, OH",1
45314,19430,"Dayton-Kettering-Beavercreek, OH",1
45315,19430,"Dayton-Kettering-Beavercreek, OH",1
45316,44220,"Springfield, OH",1
45317,46500,"Urbana, OH",0
45318,19430,"Dayton-Kettering-Beavercreek, OH",1
45319,44220,"Springfield, OH",1
45322,19430,"Dayton-Kettering-Beavercreek, OH",1
45323,44220,"Springfield, OH",1
45324,19430,"Dayton-Kettering-Beavercreek, OH",1
45325,19430,"Dayton-Kettering-Beavercreek, OH",1
45326,19430,"Dayton-Kettering-Beavercreek, OH",1
45327,19430,"Dayton-Kettering-Beavercreek, OH",1
45328,24820,"Greenville, OH",0
45331,24820,"Greenville, OH",0
45332,24820,"Greenville, OH",0
45333,43380,"Sidney, OH",0
45334,43380,"Sidney, OH",0
45335,19430,"Dayton-Kettering-Beavercreek, OH",1
45336,43380,"Sidney, OH",0
45337,19430,"Dayton-Kettering-Beavercreek, OH",1
45339,19430,"Dayton-Kettering-Beavercreek, OH",1
45340,43380,"Sidney, OH",0
45341,44220,"Springfield, OH",1
45342,19430,"Dayton-Kettering-Beavercreek, OH",1
45344,44220,"Springfield, OH",1
45345,19430,"Dayton-Kettering-Beavercreek, OH",1
45346,24820,"Greenville, OH",0
45348,24820,"Greenville, OH",0
45349,44220,"Springfield, OH",1
45350,24820,"Greenville, OH",0
45351,24820,"Greenville, OH",0
45352,24820,"Greenville, OH",0
45353,43380,"Sidney, OH",0
45354,19430,"Dayton-Kettering-Beavercreek, OH",1
45356,19430,"Dayton-Kettering-Beavercreek, OH",1
45358,24820,"Greenville, OH",0
45359,19430,"Dayton-Kettering-Beavercreek, OH",1
45360,43380,"Sidney, OH",0
45361,19430,"Dayton-Kettering-Beavercreek, OH",1
45362,24820,"Greenville, OH",0
45363,43380,"Sidney, OH",0
45365,43380,"Sidney, OH",0
45368,44220,"Springfield, OH",1
45369,44220,"Springfield, OH",1
45370,19430,"Dayton-Kettering-Beavercreek, OH",1
45371,19430,"Dayton-Kettering-Beavercreek, OH",1
45372,44220,"Springfield, OH",1
45373,19430,"Dayton-Kettering-Beavercreek, OH",1
45377,19430,"Dayton-Kettering-Beavercreek, OH",1
45380,24820,"Greenville, OH",0
45383,19430,"Dayton-Kettering-Beavercreek, OH",1
45384,19430,"Dayton-Kettering-Beavercreek, OH",1
45385,19430,"Dayton-Kettering-Beavercreek, OH",1
45387,19430,"Dayton-Kettering-Beavercreek, OH",1
45388,24820,"Greenville, OH",0
45389,46500,"Urbana, OH",0
45390,24820,"Greenville, OH",0
45402,19430,"Dayton-Kettering-Beavercreek, OH",1
45403,19430,"Dayton-Kettering-Beavercreek, OH",1
45404,19430,"Dayton-Kettering-Beavercreek, OH",1
45405,19430,"Dayton-Kettering-Beavercreek, OH",1
45406,19430,"Dayton-Kettering-Beavercreek, OH",1
45409,19430,"Dayton-Kettering-Beavercreek, OH",1
45410,19430,"Dayton-Kettering-Beavercreek, OH",1
45414,19430,"Dayton-Kettering-Beavercreek, OH",1
45415,19430,"Dayton-Kettering-Beavercreek, OH",1
45416,19430,"Dayton-Kettering-Beavercreek, OH",1
45417,19430,"Dayton-Kettering-Beavercreek, OH",1
45419,19430,"Dayton-Kettering-Beavercreek, OH",1
45420,19430,"Dayton-Kettering-Beavercreek, OH",1
45423,19430,"Dayton-Kettering-Beavercreek, OH",1
45424,19430,"Dayton-Kettering-Beavercreek, OH",1
45426,19430,"Dayton-Kettering-Beavercreek, OH",1
45428,19430,"Dayton-Kettering-Beavercreek, OH",1
45429,19430,"Dayton-Kettering-Beavercreek, OH",1
45430,19430,"Dayton-Kettering-Beavercreek, OH",1
45431,19430,"Dayton-Kettering-Beavercreek, OH",1
45432,19430,"Dayton-Kettering-Beavercreek, OH",1
45433,19430,"Dayton-Kettering-Beavercreek, OH",1
45434,19430,"Dayton-Kettering-Beavercreek, OH",1
45435,19430,"Dayton-Kettering-Beavercreek, OH",1
45439,19430,"Dayton-Kettering-Beavercreek, OH",1
45440,19430,"Dayton-Kettering-Beavercreek, OH",1
45449,19430,"Dayton-Kettering-Beavercreek, OH",1
45458,19430,"Dayton-Kettering-Beavercreek, OH",1
45459,19430,"Dayton-Kettering-Beavercreek, OH",1
45469,19430,"Dayton-Kettering-Beavercreek, OH",1
45501,44220,"Springfield, OH",1
45502,44220,"Springfield, OH",1
45503,44220,"Springfield, OH",1
45504,44220,"Springfield, OH",1
45505,44220,"Springfield, OH",1
45506,44220,"Springfield, OH",1
45601,17060,"Chillicothe, OH",0
45612,17060,"Chillicothe, OH",0
45614,23680,"Gallipolis, OH",0
45617,17060,"Chillicothe, OH",0
45619,26580,"Huntington-Ashland, WV-KY-OH",1
45620,23680,"Gallipolis, OH",0
45623,23680,"Gallipolis, OH",0
45628,17060,"Chillicothe, OH",0
45629,39020,"Portsmouth, OH",0
45630,39020,"Portsmouth, OH",0
45631,23680,"Gallipolis, OH",0
45636,39020,"Portsmouth, OH",0
45638,26580,"Huntington-Ashland, WV-KY-OH",1
45644,17060,"Chillicothe, OH",0
45645,26580,"Huntington-Ashland, WV-KY-OH",1
45648,39020,"Portsmouth, OH",0
45652,39020,"Portsmouth, OH",0
45653,39020,"Portsmouth, OH",0
45657,39020,"Portsmouth, OH",0
45658,23680,"Gallipolis, OH",0
45659,26580,"Huntington-Ashland, WV-KY-OH",1
45662,39020,"Portsmouth, OH",0
45663,39020,"Portsmouth, OH",0
45669,26580,"Huntington-Ashland, WV-KY-OH",1
45671,39020,"Portsmouth, OH",0
45673,17060,"Chillicothe, OH",0
45674,23680,"Gallipolis, OH",0
45677,39020,"Portsmouth, OH",0
45678,26580,"Huntington-Ashland, WV-KY-OH",1
45680,26580,"Huntington-Ashland, WV-KY-OH",1
45681,17060,"Chillicothe, OH",0
45682,39020,"Portsmouth, OH",0
45686,23680,"Gallipolis, OH",0
45688,26580,"Huntington-Ashland, WV-KY-OH",1
45694,39020,"Portsmouth, OH",0
45696,26580,"Huntington-Ashland, WV-KY-OH",1
45699,39020,"Portsmouth, OH",0
45701,11900,"Athens, OH",0
45711,11900,"Athens, OH",0
45714,31930,"Marietta, OH",0
45716,11900,"Athens, OH",0
45719,11900,"Athens, OH",0
45721,31930,"Marietta, OH",0
45723,11900,"Athens, OH",0
45724,31930,"Marietta, OH",0
45729,31930,"Marietta, OH",0
45732,11900,"Athens, OH",0
45735,11900,"Athens, OH",0
45739,11900,"Athens, OH",0
45740,11900,"Athens, OH",0
45742,31930,"Marietta, OH",0
45744,31930,"Marietta, OH",0
45746,31930,"Marietta, OH",0
45750,31930,"Marietta, OH",0
45761,11900,"Athens, OH",0
45764,18140,"Columbus, OH",1
45766,11900,"Athens, OH",0
45767,31930,"Marietta, OH",0
45768,31930,"Marietta, OH",0
45773,31930,"Marietta, OH",0
45778,11900,"Athens, OH",0
45780,11900,"Athens, OH",0
45782,11900,"Athens, OH",0
45784,31930,"Marietta, OH",0
45786,31930,"Marietta, OH",0
45788,31930,"Marietta, OH",0
45789,31930,"Marietta, OH",0
45801,30620,"Lima, OH",1
45804,30620,"Lima, OH",1
45805,30620,"Lima, OH",1
45806,30620,"Lima, OH",1
45807,30620,"Lima, OH",1
45808,30620,"Lima, OH",1
45809,30620,"Lima, OH",1
45814,22300,"Findlay, OH",0
45816,22300,"Findlay, OH",0
45817,30620,"Lima, OH",1
45819,47540,"Wapakoneta, OH",0
45820,30620,"Lima, OH",1
45822,16380,"Celina, OH",0
45826,16380,"Celina, OH",0
45828,16380,"Celina, OH",0
45832,46780,"Van Wert, OH",0
45833,30620,"Lima, OH",1
45838,46780,"Van Wert, OH",0
45840,22300,"Findlay, OH",0
45841,22300,"Findlay, OH",0
45845,43380,"Sidney, OH",0
45846,16380,"Celina, OH",0
45850,30620,"Lima, OH",1
45854,30620,"Lima, OH",1
45858,22300,"Findlay, OH",0
45860,16380,"Celina, OH",0
45862,16380,"Celina, OH",0
45863,46780,"Van Wert, OH",0
45865,47540,"Wapakoneta, OH",0
45866,16380,"Celina, OH",0
45867,22300,"Findlay, OH",0
45868,22300,"Findlay, OH",0
45869,47540,"Wapakoneta, OH",0
45870,47540,"Wapakoneta, OH",0
45871,47540,"Wapakoneta, OH",0
45872,45780,"Toledo, OH",1
45874,46780,"Van Wert, OH",0
45881,22300,"Findlay, OH",0
45882,16380,"Celina, OH",0
45883,16380,"Celina, OH",0
45884,47540,"Wapakoneta, OH",0
45885,47540,"Wapakoneta, OH",0
45887,30620,"Lima, OH",1
45888,47540,"Wapakoneta, OH",0
45889,22300,"Findlay, OH",0
45890,22300,"Findlay, OH",0
45891,46780,"Van Wert, OH",0
45894,46780,"Van Wert, OH",0
45895,47540,"Wapakoneta, OH",0
45896,47540,"Wapakoneta, OH",0
45897,22300,"Findlay, OH",0
45898,46780,"Van Wert, OH",0
45899,46780,"Van Wert, OH",0
46001,26900,"Indianapolis-Carmel-Greenwood, IN",1
46011,26900,"Indianapolis-Carmel-Greenwood, IN",1
46012,26900,"Indianapolis-Carmel-Greenwood, IN",1
46013,26900,"Indianapolis-Carmel-Greenwood, IN",1
46016,26900,"Indianapolis-Carmel-Greenwood, IN",1
46017,26900,"Indianapolis-Carmel-Greenwood, IN",1
46030,26900,"Indianapolis-Carmel-Greenwood, IN",1
46031,26900,"Indianapolis-Carmel-Greenwood, IN",1
46032,26900,"Indianapolis-Carmel-Greenwood, IN",1
46033,26900,"Indianapolis-Carmel-Greenwood, IN",1
46034,26900,"Indianapolis-Carmel-Greenwood, IN",1
46035,23140,"Frankfort, IN",0
46036,26900,"Indianapolis-Carmel-Greenwood, IN",1
46037,26900,"Indianapolis-Carmel-Greenwood, IN",1
46038,26900,"Indianapolis-Carmel-Greenwood, IN",1
46039,23140,"Frankfort, IN",0
46040,26900,"Indianapolis-Carmel-Greenwood, IN",1
46041,23140,"Frankfort, IN",0
46044,26900,"Indianapolis-Carmel-Greenwood, IN",1
46045,26900,"Indianapolis-Carmel-Greenwood, IN",1
46047,26900,"Indianapolis-Carmel-Greenwood, IN",1
46048,26900,"Indianapolis-Carmel-Greenwood, IN",1
46049,26900,"Indianapolis-Carmel-Greenwood, IN",1
46050,23140,"Frankfort, IN",0
46051,26900,"Indianapolis-Carmel-Greenwood, IN",1
46052,26900,"Indianapolis-Carmel-Greenwood, IN",1
46055,26900,"Indianapolis-Carmel-Greenwood, IN",1
46056,26900,"Indianapolis-Carmel-Greenwood, IN",1
46057,23140,"Frankfort, IN",0
46058,23140,"Frankfort, IN",0
46060,26900,"Indianapolis-Carmel-Greenwood, IN",1
46062,26900,"Indianapolis-Carmel-Greenwood, IN",1
46063,26900,"Indianapolis-Carmel-Greenwood, IN",1
46064,26900,"Indianapolis-Carmel-Greenwood, IN",1
46065,23140,"Frankfort, IN",0
46068,26900,"Indianapolis-Carmel-Greenwood, IN",1
46069,26900,"Indianapolis-Carmel-Greenwood, IN",1
46070,26900,"Indianapolis-Carmel-Greenwood, IN",1
46071,26900,"Indianapolis-Carmel-Greenwood, IN",1
46072,26900,"Indianapolis-Carmel-Greenwood, IN",1
46074,26900,"Indianapolis-Carmel-Greenwood, IN",1
46075,26900,"Indianapolis-Carmel-Greenwood, IN",1
46076,26900,"Indianapolis-Carmel-Greenwood, IN",1
46077,26900,"Indianapolis-Carmel-Greenwood, IN",1
46102,26900,"Indianapolis-Carmel-Greenwood, IN",1
46103,26900,"Indianapolis-Carmel-Greenwood, IN",1
46105,24600,"Greencastle, IN",0
46106,26900,"Indianapolis-Carmel-Greenwood, IN",1
46107,26900,"Indianapolis-Carmel-Greenwood, IN",1
46110,26900,"Indianapolis-Carmel-Greenwood, IN",1
46111,26900,"Indianapolis-Carmel-Greenwood, IN",1
46112,26900,"Indianapolis-Carmel-Greenwood, IN",1
46113,26900,"Indianapolis-Carmel-Greenwood, IN",1
46117,26900,"Indianapolis-Carmel-Greenwood, IN",1
46118,26900,"Indianapolis-Carmel-Greenwood, IN",1
46120,24600,"Greencastle, IN",0
46121,26900,"Indianapolis-Carmel-Greenwood, IN",1
46122,26900,"Indianapolis-Carmel-Greenwood, IN",1
46123,26900,"Indianapolis-Carmel-Greenwood, IN",1
46124,26900,"Indianapolis-Carmel-Greenwood, IN",1
46125,26900,"Indianapolis-Carmel-Greenwood, IN",1
46126,26900,"Indianapolis-Carmel-Greenwood, IN",1
46128,24600,"Greencastle, IN",0
46130,26900,"Indianapolis-Carmel-Greenwood, IN",1
46131,26900,"Indianapolis-Carmel-Greenwood, IN",1
46135,24600,"Greencastle, IN",0
46140,26900,"Indianapolis-Carmel-Greenwood, IN",1
46142,26900,"Indianapolis-Carmel-Greenwood, IN",1
46143,26900,"Indianapolis-Carmel-Greenwood, IN",1
46144,26900,"Indianapolis-Carmel-Greenwood, IN",1
46147,26900,"Indianapolis-Carmel-Greenwood, IN",1
46148,35220,"New Castle, IN",0
46149,26900,"Indianapolis-Carmel-Greenwood, IN",1
46151,26900,"Indianapolis-Carmel-Greenwood, IN",1
46154,26900,"Indianapolis-Carmel-Greenwood, IN",1
46157,26900,"Indianapolis-Carmel-Greenwood, IN",1
46158,26900,"Indianapolis-Carmel-Greenwood, IN",1
46160,26900,"Indianapolis-Carmel-Greenwood, IN",1
46161,26900,"Indianapolis-Carmel-Greenwood, IN",1
46162,26900,"Indianapolis-Carmel-Greenwood, IN",1
46163,26900,"Indianapolis-Carmel-Greenwood, IN",1
46164,26900,"Indianapolis-Carmel-Greenwood, IN",1
46165,26900,"Indianapolis-Carmel-Greenwood, IN",1
46166,26900,"Indianapolis-Carmel-Greenwood, IN",1
46167,26900,"Indianapolis-Carmel-Greenwood, IN",1
46168,26900,"Indianapolis-Carmel-Greenwood, IN",1
46170,24600,"Greencastle, IN",0
46171,24600,"Greencastle, IN",0
46172,24600,"Greencastle, IN",0
46175,24600,"Greencastle, IN",0
46176,26900,"Indianapolis-Carmel-Greenwood, IN",1
46180,26900,"Indianapolis-Carmel-Greenwood, IN",1
46181,26900,"Indianapolis-Carmel-Greenwood, IN",1
46182,26900,"Indianapolis-Carmel-Greenwood, IN",1
46183,26900,"Indianapolis-Carmel-Greenwood, IN",1
46184,26900,"Indianapolis-Carmel-Greenwood, IN",1
46186,26900,"Indianapolis-Carmel-Greenwood, IN",1
46201,26900,"Indianapolis-Carmel-Greenwood, IN",1
46202,26900,"Indianapolis-Carmel-Greenwood, IN",1
46203,26900,"Indianapolis-Carmel-Greenwood, IN",1
46204,26900,"Indianapolis-Carmel-Greenwood, IN",1
46205,26900,"Indianapolis-Carmel-Greenwood, IN",1
46206,26900,"Indianapolis-Carmel-Greenwood, IN",1
46208,26900,"Indianapolis-Carmel-Greenwood, IN",1
46214,26900,"Indianapolis-Carmel-Greenwood, IN",1
46216,26900,"Indianapolis-Carmel-Greenwood, IN",1
46217,26900,"Indianapolis-Carmel-Greenwood, IN",1
46218,26900,"Indianapolis-Carmel-Greenwood, IN",1
46219,26900,"Indianapolis-Carmel-Greenwood, IN",1
46220,26900,"Indianapolis-Carmel-Greenwood, IN",1
46221,26900,"Indianapolis-Carmel-Greenwood, IN",1
46222,26900,"Indianapolis-Carmel-Greenwood, IN",1
46224,26900,"Indianapolis-Carmel-Greenwood, IN",1
46225,26900,"Indianapolis-Carmel-Greenwood, IN",1
46226,26900,"Indianapolis-Carmel-Greenwood, IN",1
46227,26900,"Indianapolis-Carmel-Greenwood, IN",1
46228,26900,"Indianapolis-Carmel-Greenwood, IN",1
46229,26900,"Indianapolis-Carmel-Greenwood, IN",1
46231,26900,"Indianapolis-Carmel-Greenwood, IN",1
46234,26900,"Indianapolis-Carmel-Greenwood, IN",1
46235,26900,"Indianapolis-Carmel-Greenwood, IN",1
46236,26900,"Indianapolis-Carmel-Greenwood, IN",1
46237,26900,"Indianapolis-Carmel-Greenwood, IN",1
46239,26900,"Indianapolis-Carmel-Greenwood, IN",1
46240,26900,"Indianapolis-Carmel-Greenwood, IN",1
46241,26900,"Indianapolis-Carmel-Greenwood, IN",1
46250,26900,"Indianapolis-Carmel-Greenwood, IN",1
46254,26900,"Indianapolis-Carmel-Greenwood, IN",1
46256,26900,"Indianapolis-Carmel-Greenwood, IN",1
46259,26900,"Indianapolis-Carmel-Greenwood, IN",1
46260,26900,"Indianapolis-Carmel-Greenwood, IN",1
46268,26900,"Indianapolis-Carmel-Greenwood, IN",1
46278,26900,"Indianapolis-Carmel-Greenwood, IN",1
46280,26900,"Indianapolis-Carmel-Greenwood, IN",1
46290,26900,"Indianapolis-Carmel-Greenwood, IN",1
46301,16980,"Chicago-Naperville-Elgin, IL-IN",1
46302,16980,"Chicago-Naperville-Elgin, IL-IN",1
46303,16980,"Chicago-Naperville-Elgin, IL-IN",1
46304,16980,"Chicago-Naperville-Elgin, IL-IN",1
46307,16980,"Chicago-Naperville-Elgin, IL-IN",1
46310,16980,"Chicago-Naperville-Elgin, IL-IN",1
46311,16980,"Chicago-Naperville-Elgin, IL-IN",1
46312,16980,"Chicago-Naperville-Elgin, IL-IN",1
46319,16980,"Chicago-Naperville-Elgin, IL-IN",1
46320,16980,"Chicago-Naperville-Elgin, IL-IN",1
46321,16980,"Chicago-Naperville-Elgin, IL-IN",1
46322,16980,"Chicago-Naperville-Elgin, IL-IN",1
46323,16980,"Chicago-Naperville-Elgin, IL-IN",1
46324,16980,"Chicago-Naperville-Elgin, IL-IN",1
46327,16980,"Chicago-Naperville-Elgin, IL-IN",1
46340,33140,"Michigan City-La Porte, IN",1
46341,16980,"Chicago-Naperville-Elgin, IL-IN",1
46342,16980,"Chicago-Naperville-Elgin, IL-IN",1
46345,33140,"Michigan City-La Porte, IN",1
46346,33140,"Michigan City-La Porte, IN",1
46347,16980,"Chicago-Naperville-Elgin, IL-IN",1
46348,33140,"Michigan City-La Porte, IN",1
46349,16980,"Chicago-Naperville-Elgin, IL-IN",1
46350,33140,"Michigan City-La Porte, IN",1
46356,16980,"Chicago-Naperville-Elgin, IL-IN",1
46360,33140,"Michigan City-La Porte, IN",1
46365,33140,"Michigan City-La Porte, IN",1
46368,16980,"Chicago-Naperville-Elgin, IL-IN",1
46371,33140,"Michigan City-La Porte, IN",1
46373,16980,"Chicago-Naperville-Elgin, IL-IN",1
46375,16980,"Chicago-Naperville-Elgin, IL-IN",1
46376,16980,"Chicago-Naperville-Elgin, IL-IN",1
46377,16980,"Chicago-Naperville-Elgin, IL-IN",1
46379,16980,"Chicago-Naperville-Elgin, IL-IN",1
46381,16980,"Chicago-Naperville-Elgin, IL-IN",1
46382,33140,"Michigan City-La Porte, IN",1
46383,16980,"Chicago-Naperville-Elgin, IL-IN",1
46385,16980,"Chicago-Naperville-Elgin, IL-IN",1
46390,33140,"Michigan City-La Porte, IN",1
46391,33140,"Michigan City-La Porte, IN",1
46392,16980,"Chicago-Naperville-Elgin, IL-IN",1
46393,16980,"Chicago-Naperville-Elgin, IL-IN",1
46394,16980,"Chicago-Naperville-Elgin, IL-IN",1
46402,16980,"Chicago-Naperville-Elgin, IL-IN",1
46403,16980,"Chicago-Naperville-Elgin, IL-IN",1
46404,16980,"Chicago-Naperville-Elgin, IL-IN",1
46405,16980,"Chicago-Naperville-Elgin, IL-IN",1
46406,16980,"Chicago-Naperville-Elgin, IL-IN",1
46407,16980,"Chicago-Naperville-Elgin, IL-IN",1
46408,16980,"Chicago-Naperville-Elgin, IL-IN",1
46409,16980,"Chicago-Naperville-Elgin, IL-IN",1
46410,16980,"Chicago-Naperville-Elgin, IL-IN",1
46501,38500,"Plymouth, IN",0
46502,47700,"Warsaw, IN",0
46504,38500,"Plymouth, IN",0
46506,38500,"Plymouth, IN",0
46507,21140,"Elkhart-Goshen, IN",1
46508,47700,"Warsaw, IN",0
46510,47700,"Warsaw, IN",0
46511,38500,"Plymouth, IN",0
46513,38500,"Plymouth, IN",0
46514,21140,"Elkhart-Goshen, IN",1
46516,21140,"Elkhart-Goshen, IN",1
46517,21140,"Elkhart-Goshen, IN",1
46524,47700,"Warsaw, IN",0
46526,21140,"Elkhart-Goshen, IN",1
46528,21140,"Elkhart-Goshen, IN",1
46530,43780,"South Bend-Mishawaka, IN-MI",1
46536,43780,"South Bend-Mishawaka, IN-MI",1
46537,38500,"Plymouth, IN",0
46538,47700,"Warsaw, IN",0
46539,47700,"Warsaw, IN",0
46540,21140,"Elkhart-Goshen, IN",1
46542,47700,"Warsaw, IN",0
46543,21140,"Elkhart-Goshen, IN",1
46544,43780,"South Bend-Mishawaka, IN-MI",1
46545,43780,"South Bend-Mishawaka, IN-MI",1
46550,21140,"Elkhart-Goshen, IN",1
46552,43780,"South Bend-Mishawaka, IN-MI",1
46553,21140,"Elkhart-Goshen, IN",1
46554,43780,"South Bend-Mishawaka, IN-MI",1
46555,47700,"Warsaw, IN",0
46556,43780,"South Bend-Mishawaka, IN-MI",1
46561,43780,"South Bend-Mishawaka, IN-MI",1
46562,47700,"Warsaw, IN",0
46563,38500,"Plymouth, IN",0
46567,47700,"Warsaw, IN",0
46570,38500,"Plymouth, IN",0
46572,38500,"Plymouth, IN",0
46573,21140,"Elkhart-Goshen, IN",1
46574,33140,"Michigan City-La Porte, IN",1
46580,47700,"Warsaw, IN",0
46582,47700,"Warsaw, IN",0
46590,47700,"Warsaw, IN",0
46595,43780,"South Bend-Mishawaka, IN-MI",1
46601,43780,"South Bend-Mishawaka, IN-MI",1
46613,43780,"South Bend-Mishawaka, IN-MI",1
46614,43780,"South Bend-Mishawaka, IN-MI",1
46615,43780,"South Bend-Mishawaka, IN-MI",1
46616,43780,"South Bend-Mishawaka, IN-MI",1
46617,43780,"South Bend-Mishawaka, IN-MI",1
46619,43780,"South Bend-Mishawaka, IN-MI",1
46624,43780,"South Bend-Mishawaka, IN-MI",1
46628,43780,"South Bend-Mishawaka, IN-MI",1
46635,43780,"South Bend-Mishawaka, IN-MI",1
46637,43780,"South Bend-Mishawaka, IN-MI",1
46701,28340,"Kendallville, IN",0
46702,26540,"Huntington, IN",0
46703,11420,"Angola, IN",0
46704,23060,"Fort Wayne, IN",1
46705,12140,"Auburn, IN",0
46706,12140,"Auburn, IN",0
46710,28340,"Kendallville, IN",0
46711,19540,"Decatur, IN",0
46714,23060,"Fort Wayne, IN",1
46721,12140,"Auburn, IN",0
46723,23060,"Fort Wayne, IN",1
46725,23060,"Fort Wayne, IN",1
46730,12140,"Auburn, IN",0
46731,23060,"Fort Wayne, IN",1
46732,28340,"Kendallville, IN",0
46733,19540,"Decatur, IN",0
46737,11420,"Angola, IN",0
46738,12140,"Auburn, IN",0
46740,19540,"Decatur, IN",0
46741,23060,"Fort Wayne, IN",1
46742,11420,"Angola, IN",0
46743,23060,"Fort Wayne, IN",1
46745,23060,"Fort Wayne, IN",1
46747,11420,"Angola, IN",0
46748,23060,"Fort Wayne, IN",1
46750,26540,"Huntington, IN",0
46755,28340,"Kendallville, IN",0
46759,23060,"Fort Wayne, IN",1
46760,28340,"Kendallville, IN",0
46763,28340,"Kendallville, IN",0
46764,23060,"Fort Wayne, IN",1
46765,23060,"Fort Wayne, IN",1
46766,23060,"Fort Wayne, IN",1
46767,28340,"Kendallville, IN",0
46770,23060,"Fort Wayne, IN",1
46772,19540,"Decatur, IN",0
46773,23060,"Fort Wayne, IN",1
46774,23060,"Fort Wayne, IN",1
46776,11420,"Angola, IN",0
46777,23060,"Fort Wayne, IN",1
46778,23060,"Fort Wayne, IN",1
46779,11420,"Angola, IN",0
46781,23060,"Fort Wayne, IN",1
46783,26540,"Huntington, IN",0
46784,28340,"Kendallville, IN",0
46785,12140,"Auburn, IN",0
46787,23060,"Fort Wayne, IN",1
46788,12140,"Auburn, IN",0
46791,23060,"Fort Wayne, IN",1
46792,26540,"Huntington, IN",0
46793,12140,"Auburn, IN",0
46794,28340,"Kendallville, IN",0
46796,28340,"Kendallville, IN",0
46797,23060,"Fort Wayne, IN",1
46798,23060,"Fort Wayne, IN",1
46799,23060,"Fort Wayne, IN",1
46802,23060,"Fort Wayne, IN",1
46803,23060,"Fort Wayne, IN",1
46804,23060,"Fort Wayne, IN",1
46805,23060,"Fort Wayne, IN",1
46806,23060,"Fort Wayne, IN",1
46807,23060,"Fort Wayne, IN",1
46808,23060,"Fort Wayne, IN",1
46809,23060,"Fort Wayne, IN",1
46814,23060,"Fort Wayne, IN",1
46815,23060,"Fort Wayne, IN",1
46816,23060,"Fort Wayne, IN",1
46818,23060,"Fort Wayne, IN",1
46819,23060,"Fort Wayne, IN",1
46825,23060,"Fort Wayne, IN",1
46835,23060,"Fort Wayne, IN",1
46845,23060,"Fort Wayne, IN",1
46901,29020,"Kokomo, IN",1
46902,29020,"Kokomo, IN",1
46911,37940,"Peru, IN",0
46913,29200,"Lafayette-West Lafayette, IN",1
46914,37940,"Peru, IN",0
46915,29200,"Lafayette-West Lafayette, IN",1
46917,29200,"Lafayette-West Lafayette, IN",1
46919,31980,"Marion, IN",0
46920,29200,"Lafayette-West Lafayette, IN",1
46923,29200,"Lafayette-West Lafayette, IN",1
46926,37940,"Peru, IN",0
46928,31980,"Marion, IN",0
46929,29200,"Lafayette-West Lafayette, IN",1
46930,31980,"Marion, IN",0
46932,30900,"Logansport, IN",0
46933,31980,"Marion, IN",0
46936,29020,"Kokomo, IN",1
46937,29020,"Kokomo, IN",1
46938,31980,"Marion, IN",0
46940,47340,"Wabash, IN",0
46941,47340,"Wabash, IN",0
46943,47340,"Wabash, IN",0
46946,47340,"Wabash, IN",0
46947,30900,"Logansport, IN",0
46950,30900,"Logansport, IN",0
46951,37940,"Peru, IN",0
46952,31980,"Marion, IN",0
46953,31980,"Marion, IN",0
46957,31980,"Marion, IN",0
46958,37940,"Peru, IN",0
46959,37940,"Peru, IN",0
46961,30900,"Logansport, IN",0
46962,47340,"Wabash, IN",0
46965,29020,"Kokomo, IN",1
46967,30900,"Logansport, IN",0
46970,37940,"Peru, IN",0
46971,37940,"Peru, IN",0
46974,47340,"Wabash, IN",0
46978,30900,"Logansport, IN",0
46979,29020,"Kokomo, IN",1
46980,47340,"Wabash, IN",0
46982,47700,"Warsaw, IN",0
46984,47340,"Wabash, IN",0
46986,31980,"Marion, IN",0
46987,31980,"Marion, IN",0
46988,30900,"Logansport, IN",0
46989,31980,"Marion, IN",0
46990,47340,"Wabash, IN",0
46991,31980,"Marion, IN",0
46992,47340,"Wabash, IN",0
46994,30900,"Logansport, IN",0
46998,30900,"Logansport, IN",0
47001,17140,"Cincinnati, OH-KY-IN",1
47010,17140,"Cincinnati, OH-KY-IN",1
47012,17140,"Cincinnati, OH-KY-IN",1
47016,17140,"Cincinnati, OH-KY-IN",1
47018,17140,"Cincinnati, OH-KY-IN",1
47022,17140,"Cincinnati, OH-KY-IN",1
47024,17140,"Cincinnati, OH-KY-IN",1
47025,17140,"Cincinnati, OH-KY-IN",1
47030,17140,"Cincinnati, OH-KY-IN",1
47032,17140,"Cincinnati, OH-KY-IN",1
47035,17140,"Cincinnati, OH-KY-IN",1
47036,17140,"Cincinnati, OH-KY-IN",1
47040,17140,"Cincinnati, OH-KY-IN",1
47041,17140,"Cincinnati, OH-KY-IN",1
47060,17140,"Cincinnati, OH-KY-IN",1
47104,31140,"Louisville/Jefferson County, KY-IN",1
47106,31140,"Louisville/Jefferson County, KY-IN",1
47108,31140,"Louisville/Jefferson County, KY-IN",1
47110,31140,"Louisville/Jefferson County, KY-IN",1
47111,31140,"Louisville/Jefferson County, KY-IN",1
47112,31140,"Louisville/Jefferson County, KY-IN",1
47114,31140,"Louisville/Jefferson County, KY-IN",1
47115,31140,"Louisville/Jefferson County, KY-IN",1
47117,31140,"Louisville/Jefferson County, KY-IN",1
47119,31140,"Louisville/Jefferson County, KY-IN",1
47120,31140,"Louisville/Jefferson County, KY-IN",1
47122,31140,"Louisville/Jefferson County, KY-IN",1
47124,31140,"Louisville/Jefferson County, KY-IN",1
47125,31140,"Louisville/Jefferson County, KY-IN",1
47126,31140,"Louisville/Jefferson County, KY-IN",1
47129,31140,"Louisville/Jefferson County, KY-IN",1
47130,31140,"Louisville/Jefferson County, KY-IN",1
47135,31140,"Louisville/Jefferson County, KY-IN",1
47136,31140,"Louisville/Jefferson County, KY-IN",1
47138,31500,"Madison, IN",0
47141,31140,"Louisville/Jefferson County, KY-IN",1
47142,31140,"Louisville/Jefferson County, KY-IN",1
47143,31140,"Louisville/Jefferson County, KY-IN",1
47147,31140,"Louisville/Jefferson County, KY-IN",1
47150,31140,"Louisville/Jefferson County, KY-IN",1
47160,31140,"Louisville/Jefferson County, KY-IN",1
47161,31140,"Louisville/Jefferson County, KY-IN",1
47162,31140,"Louisville/Jefferson County, KY-IN",1
47163,31140,"Louisville/Jefferson County, KY-IN",1
47164,31140,"Louisville/Jefferson County, KY-IN",1
47165,31140,"Louisville/Jefferson County, KY-IN",1
47166,31140,"Louisville/Jefferson County, KY-IN",1
47167,31140,"Louisville/Jefferson County, KY-IN",1
47172,31140,"Louisville/Jefferson County, KY-IN",1
47201,18020,"Columbus, IN",1
47203,18020,"Columbus, IN",1
47220,42980,"Seymour, IN",0
47224,31500,"Madison, IN",0
47225,24700,"Greensburg, IN",0
47226,18020,"Columbus, IN",1
47229,42980,"Seymour, IN",0
47230,31500,"Madison, IN",0
47231,31500,"Madison, IN",0
47232,18020,"Columbus, IN",1
47234,26900,"Indianapolis-Carmel-Greenwood, IN",1
47235,42980,"Seymour, IN",0
47236,18020,"Columbus, IN",1
47240,24700,"Greensburg, IN",0
47243,31500,"Madison, IN",0
47244,18020,"Columbus, IN",1
47246,18020,"Columbus, IN",1
47247,18020,"Columbus, IN",1
47250,31500,"Madison, IN",0
47260,42980,"Seymour, IN",0
47263,24700,"Greensburg, IN",0
47264,42980,"Seymour, IN",0
47272,24700,"Greensburg, IN",0
47274,42980,"Seymour, IN",0
47280,18020,"Columbus, IN",1
47281,42980,"Seymour, IN",0
47283,24700,"Greensburg, IN",0
47302,34620,"Muncie, IN",1
47303,34620,"Muncie, IN",1
47304,34620,"Muncie, IN",1
47305,34620,"Muncie, IN",1
47306,34620,"Muncie, IN",1
47320,34620,"Muncie, IN",1
47324,39980,"Richmond, IN",0
47327,39980,"Richmond, IN",0
47330,39980,"Richmond, IN",0
47331,18220,"Connersville, IN",0
47334,34620,"Muncie, IN",1
47335,39980,"Richmond, IN",0
47337,35220,"New Castle, IN",0
47338,34620,"Muncie, IN",1
47339,39980,"Richmond, IN",0
47341,39980,"Richmond, IN",0
47342,34620,"Muncie, IN",1
47344,35220,"New Castle, IN",0
47345,39980,"Richmond, IN",0
47346,39980,"Richmond, IN",0
47351,35220,"New Castle, IN",0
47352,35220,"New Castle, IN",0
47356,35220,"New Castle, IN",0
47357,39980,"Richmond, IN",0
47360,35220,"New Castle, IN",0
47361,35220,"New Castle, IN",0
47362,35220,"New Castle, IN",0
47366,35220,"New Castle, IN",0
47367,34620,"Muncie, IN",1
47370,39980,"Richmond, IN",0
47374,39980,"Richmond, IN",0
47383,34620,"Muncie, IN",1
47384,35220,"New Castle, IN",0
47385,35220,"New Castle, IN",0
47386,35220,"New Castle, IN",0
47387,35220,"New Castle, IN",0
47388,35220,"New Castle, IN",0
47392,39980,"Richmond, IN",0
47393,39980,"Richmond, IN",0
47396,34620,"Muncie, IN",1
47401,14020,"Bloomington, IN",1
47403,14020,"Bloomington, IN",1
47404,14020,"Bloomington, IN",1
47405,14020,"Bloomington, IN",1
47406,14020,"Bloomington, IN",1
47408,14020,"Bloomington, IN",1
47420,13260,"Bedford, IN",0
47421,13260,"Bedford, IN",0
47427,14020,"Bloomington, IN",1
47429,14020,"Bloomington, IN",1
47431,14020,"Bloomington, IN",1
47433,14020,"Bloomington, IN",1
47434,14020,"Bloomington, IN",1
47435,26900,"Indianapolis-Carmel-Greenwood, IN",1
47436,13260,"Bedford, IN",0
47437,13260,"Bedford, IN",0
47446,13260,"Bedford, IN",0
47448,26900,"Indianapolis-Carmel-Greenwood, IN",1
47451,13260,"Bedford, IN",0
47455,14020,"Bloomington, IN",1
47456,14020,"Bloomington, IN",1
47458,14020,"Bloomington, IN",1
47460,14020,"Bloomington, IN",1
47462,13260,"Bedford, IN",0
47464,14020,"Bloomington, IN",1
47467,13260,"Bedford, IN",0
47468,14020,"Bloomington, IN",1
47470,13260,"Bedford, IN",0
47501,47780,"Washington, IN",0
47512,47180,"Vincennes, IN",0
47513,27540,"Jasper, IN",0
47516,47180,"Vincennes, IN",0
47519,47780,"Washington, IN",0
47521,27540,"Jasper, IN",0
47523,21780,"Evansville, IN",1
47524,47180,"Vincennes, IN",0
47527,27540,"Jasper, IN",0
47528,47180,"Vincennes, IN",0
47529,47780,"Washington, IN",0
47532,27540,"Jasper, IN",0
47535,47180,"Vincennes, IN",0
47541,27540,"Jasper, IN",0
47542,27540,"Jasper, IN",0
47546,27540,"Jasper, IN",0
47557,47180,"Vincennes, IN",0
47558,47780,"Washington, IN",0
47561,47180,"Vincennes, IN",0
47562,47780,"Washington, IN",0
47568,47780,"Washington, IN",0
47573,47180,"Vincennes, IN",0
47575,27540,"Jasper, IN",0
47578,47180,"Vincennes, IN",0
47580,27540,"Jasper, IN",0
47591,47180,"Vincennes, IN",0
47596,47180,"Vincennes, IN",0
47597,47180,"Vincennes, IN",0
47601,21780,"Evansville, IN",1
47610,21780,"Evansville, IN",1
47613,21780,"Evansville, IN",1
47619,21780,"Evansville, IN",1
47620,21780,"Evansville, IN",1
47630,21780,"Evansville, IN",1
47631,21780,"Evansville, IN",1
47633,21780,"Evansville, IN",1
47637,21780,"Evansville, IN",1
47638,21780,"Evansville, IN",1
47708,21780,"Evansville, IN",1
47710,21780,"Evansville, IN",1
47711,21780,"Evansville, IN",1
47712,21780,"Evansville, IN",1
47713,21780,"Evansville, IN",1
47714,21780,"Evansville, IN",1
47715,21780,"Evansville, IN",1
47720,21780,"Evansville, IN",1
47725,21780,"Evansville, IN",1
47802,45460,"Terre Haute, IN",1
47803,45460,"Terre Haute, IN",1
47804,45460,"Terre Haute, IN",1
47805,45460,"Terre Haute, IN",1
47807,45460,"Terre Haute, IN",1
47809,45460,"Terre Haute, IN",1
47831,45460,"Terre Haute, IN",1
47833,45460,"Terre Haute, IN",1
47834,45460,"Terre Haute, IN",1
47838,45460,"Terre Haute, IN",1
47840,45460,"Terre Haute, IN",1
47841,45460,"Terre Haute, IN",1
47842,45460,"Terre Haute, IN",1
47845,45460,"Terre Haute, IN",1
47846,45460,"Terre Haute, IN",1
47847,45460,"Terre Haute, IN",1
47848,45460,"Terre Haute, IN",1
47849,45460,"Terre Haute, IN",1
47850,45460,"Terre Haute, IN",1
47851,45460,"Terre Haute, IN",1
47853,45460,"Terre Haute, IN",1
47854,45460,"Terre Haute, IN",1
47855,45460,"Terre Haute, IN",1
47857,45460,"Terre Haute, IN",1
47858,45460,"Terre Haute, IN",1
47861,45460,"Terre Haute, IN",1
47863,45460,"Terre Haute, IN",1
47865,45460,"Terre Haute, IN",1
47866,45460,"Terre Haute, IN",1
47868,14020,"Bloomington, IN",1
47869,45460,"Terre Haute, IN",1
47870,45460,"Terre Haute, IN",1
47871,45460,"Terre Haute, IN",1
47875,45460,"Terre Haute, IN",1
47876,45460,"Terre Haute, IN",1
47879,45460,"Terre Haute, IN",1
47880,45460,"Terre Haute, IN",1
47881,45460,"Terre Haute, IN",1
47882,45460,"Terre Haute, IN",1
47884,45460,"Terre Haute, IN",1
47885,45460,"Terre Haute, IN",1
47901,29200,"Lafayette-West Lafayette, IN",1
47904,29200,"Lafayette-West Lafayette, IN",1
47905,29200,"Lafayette-West Lafayette, IN",1
47906,29200,"Lafayette-West Lafayette, IN",1
47907,29200,"Lafayette-West Lafayette, IN",1
47909,29200,"Lafayette-West Lafayette, IN",1
47916,18820,"Crawfordsville, IN",0
47917,29200,"Lafayette-West Lafayette, IN",1
47920,29200,"Lafayette-West Lafayette, IN",1
47921,29200,"Lafayette-West Lafayette, IN",1
47922,16980,"Chicago-Naperville-Elgin, IL-IN",1
47923,33900,"Monticello, IN",0
47924,29200,"Lafayette-West Lafayette, IN",1
47925,33900,"Monticello, IN",0
47926,33900,"Monticello, IN",0
47928,45460,"Terre Haute, IN",1
47929,33900,"Monticello, IN",0
47930,29200,"Lafayette-West Lafayette, IN",1
47933,18820,"Crawfordsville, IN",0
47940,18820,"Crawfordsville, IN",0
47941,29200,"Lafayette-West Lafayette, IN",1
47942,29200,"Lafayette-West Lafayette, IN",1
47943,16980,"Chicago-Naperville-Elgin, IL-IN",1
47944,29200,"Lafayette-West Lafayette, IN",1
47948,16980,"Chicago-Naperville-Elgin, IL-IN",1
47950,33900,"Monticello, IN",0
47951,16980,"Chicago-Naperville-Elgin, IL-IN",1
47954,18820,"Crawfordsville, IN",0
47955,18820,"Crawfordsville, IN",0
47959,33900,"Monticello, IN",0
47960,33900,"Monticello, IN",0
47963,16980,"Chicago-Naperville-Elgin, IL-IN",1
47964,16980,"Chicago-Naperville-Elgin, IL-IN",1
47965,18820,"Crawfordsville, IN",0
47966,45460,"Terre Haute, IN",1
47967,18820,"Crawfordsville, IN",0
47968,18820,"Crawfordsville, IN",0
47970,29200,"Lafayette-West Lafayette, IN",1
47971,29200,"Lafayette-West Lafayette, IN",1
47974,45460,"Terre Haute, IN",1
47975,29200,"Lafayette-West Lafayette, IN",1
47977,16980,"Chicago-Naperville-Elgin, IL-IN",1
47978,16980,"Chicago-Naperville-Elgin, IL-IN",1
47980,33900,"Monticello, IN",0
47981,29200,"Lafayette-West Lafayette, IN",1
47982,29200,"Lafayette-West Lafayette, IN",1
47983,29200,"Lafayette-West Lafayette, IN",1
47986,29200,"Lafayette-West Lafayette, IN",1
47989,18820,"Crawfordsville, IN",0
47990,18820,"Crawfordsville, IN",0
47991,29200,"Lafayette-West Lafayette, IN",1
47992,29200,"Lafayette-West Lafayette, IN",1
47993,29200,"Lafayette-West Lafayette, IN",1
47994,18820,"Crawfordsville, IN",0
47995,33900,"Monticello, IN",0
47997,29200,"Lafayette-West Lafayette, IN",1
48001,19820,"Detroit-Warren-Dearborn, MI",1
48002,19820,"Detroit-Warren-Dearborn, MI",1
48003,19820,"Detroit-Warren-Dearborn, MI",1
48005,19820,"Detroit-Warren-Dearborn, MI",1
48006,19820,"Detroit-Warren-Dearborn, MI",1
48009,19820,"Detroit-Warren-Dearborn, MI",1
48014,19820,"Detroit-Warren-Dearborn, MI",1
48015,19820,"Detroit-Warren-Dearborn, MI",1
48017,19820,"Detroit-Warren-Dearborn, MI",1
48021,19820,"Detroit-Warren-Dearborn, MI",1
48022,19820,"Detroit-Warren-Dearborn, MI",1
48023,19820,"Detroit-Warren-Dearborn, MI",1
48025,19820,"Detroit-Warren-Dearborn, MI",1
48026,19820,"Detroit-Warren-Dearborn, MI",1
48027,19820,"Detroit-Warren-Dearborn, MI",1
48028,19820,"Detroit-Warren-Dearborn, MI",1
48030,19820,"Detroit-Warren-Dearborn, MI",1
48032,19820,"Detroit-Warren-Dearborn, MI",1
48033,19820,"Detroit-Warren-Dearborn, MI",1
48034,19820,"Detroit-Warren-Dearborn, MI",1
48035,19820,"Detroit-Warren-Dearborn, MI",1
48036,19820,"Detroit-Warren-Dearborn, MI",1
48038,19820,"Detroit-Warren-Dearborn, MI",1
48039,19820,"Detroit-Warren-Dearborn, MI",1
48040,19820,"Detroit-Warren-Dearborn, MI",1
48041,19820,"Detroit-Warren-Dearborn, MI",1
48042,19820,"Detroit-Warren-Dearborn, MI",1
48043,19820,"Detroit-Warren-Dearborn, MI",1
48044,19820,"Detroit-Warren-Dearborn, MI",1
48045,19820,"Detroit-Warren-Dearborn, MI",1
48047,19820,"Detroit-Warren-Dearborn, MI",1
48048,19820,"Detroit-Warren-Dearborn, MI",1
48049,19820,"Detroit-Warren-Dearborn, MI",1
48050,19820,"Detroit-Warren-Dearborn, MI",1
48051,19820,"Detroit-Warren-Dearborn, MI",1
48054,19820,"Detroit-Warren-Dearborn, MI",1
48059,19820,"Detroit-Warren-Dearborn, MI",1
48060,19820,"Detroit-Warren-Dearborn, MI",1
48062,19820,"Detroit-Warren-Dearborn, MI",1
48063,19820,"Detroit-Warren-Dearborn, MI",1
48064,19820,"Detroit-Warren-Dearborn, MI",1
48065,19820,"Detroit-Warren-Dearborn, MI",1
48066,19820,"Detroit-Warren-Dearborn, MI",1
48067,19820,"Detroit-Warren-Dearborn, MI",1
48069,19820,"Detroit-Warren-Dearborn, MI",1
48070,19820,"Detroit-Warren-Dearborn, MI",1
48071,19820,"Detroit-Warren-Dearborn, MI",1
48072,19820,"Detroit-Warren-Dearborn, MI",1
48073,19820,"Detroit-Warren-Dearborn, MI",1
48074,19820,"Detroit-Warren-Dearborn, MI",1
48075,19820,"Detroit-Warren-Dearborn, MI",1
48076,19820,"Detroit-Warren-Dearborn, MI",1
48079,19820,"Detroit-Warren-Dearborn, MI",1
48080,19820,"Detroit-Warren-Dearborn, MI",1
48081,19820,"Detroit-Warren-Dearborn, MI",1
48082,19820,"Detroit-Warren-Dearborn, MI",1
48083,19820,"Detroit-Warren-Dearborn, MI",1
48084,19820,"Detroit-Warren-Dearborn, MI",1
48085,19820,"Detroit-Warren-Dearborn, MI",1
48088,19820,"Detroit-Warren-Dearborn, MI",1
48089,19820,"Detroit-Warren-Dearborn, MI",1
48091,19820,"Detroit-Warren-Dearborn, MI",1
48092,19820,"Detroit-Warren-Dearborn, MI",1
48093,19820,"Detroit-Warren-Dearborn, MI",1
48094,19820,"Detroit-Warren-Dearborn, MI",1
48095,19820,"Detroit-Warren-Dearborn, MI",1
48096,19820,"Detroit-Warren-Dearborn, MI",1
48097,19820,"Detroit-Warren-Dearborn, MI",1
48098,19820,"Detroit-Warren-Dearborn, MI",1
48101,19820,"Detroit-Warren-Dearborn, MI",1
48103,11460,"Ann Arbor, MI",1
48104,11460,"Ann Arbor, MI",1
48105,11460,"Ann Arbor, MI",1
48108,11460,"Ann Arbor, MI",1
48109,11460,"Ann Arbor, MI",1
48111,19820,"Detroit-Warren-Dearborn, MI",1
48114,19820,"Detroit-Warren-Dearborn, MI",1
48116,19820,"Detroit-Warren-Dearborn, MI",1
48117,33780,"Monroe, MI",1
48118,11460,"Ann Arbor, MI",1
48120,19820,"Detroit-Warren-Dearborn, MI",1
48122,19820,"Detroit-Warren-Dearborn, MI",1
48124,19820,"Detroit-Warren-Dearborn, MI",1
48125,19820,"Detroit-Warren-Dearborn, MI",1
48126,19820,"Detroit-Warren-Dearborn, MI",1
48127,19820,"Detroit-Warren-Dearborn, MI",1
48128,19820,"Detroit-Warren-Dearborn, MI",1
48130,11460,"Ann Arbor, MI",1
48131,33780,"Monroe, MI",1
48133,33780,"Monroe, MI",1
48134,19820,"Detroit-Warren-Dearborn, MI",1
48135,19820,"Detroit-Warren-Dearborn, MI",1
48137,19820,"Detroit-Warren-Dearborn, MI",1
48138,19820,"Detroit-Warren-Dearborn, MI",1
48139,19820,"Detroit-Warren-Dearborn, MI",1
48140,33780,"Monroe, MI",1
48141,19820,"Detroit-Warren-Dearborn, MI",1
48143,19820,"Detroit-Warren-Dearborn, MI",1
48144,33780,"Monroe, MI",1
48145,33780,"Monroe, MI",1
48146,19820,"Detroit-Warren-Dearborn, MI",1
48150,19820,"Detroit-Warren-Dearborn, MI",1
48152,19820,"Detroit-Warren-Dearborn, MI",1
48154,19820,"Detroit-Warren-Dearborn, MI",1
48157,33780,"Monroe, MI",1
48158,11460,"Ann Arbor, MI",1
48159,33780,"Monroe, MI",1
48160,33780,"Monroe, MI",1
48161,33780,"Monroe, MI",1
48162,33780,"Monroe, MI",1
48164,19820,"Detroit-Warren-Dearborn, MI",1
48165,19820,"Detroit-Warren-Dearborn, MI",1
48166,33780,"Monroe, MI",1
48167,19820,"Detroit-Warren-Dearborn, MI",1
48168,19820,"Detroit-Warren-Dearborn, MI",1
48169,19820,"Detroit-Warren-Dearborn, MI",1
48170,19820,"Detroit-Warren-Dearborn, MI",1
48173,19820,"Detroit-Warren-Dearborn, MI",1
48174,19820,"Detroit-Warren-Dearborn, MI",1
48176,11460,"Ann Arbor, MI",1
48177,33780,"Monroe, MI",1
48178,19820,"Detroit-Warren-Dearborn, MI",1
48179,33780,"Monroe, MI",1
48180,19820,"Detroit-Warren-Dearborn, MI",1
48182,33780,"Monroe, MI",1
48183,19820,"Detroit-Warren-Dearborn, MI",1
48184,19820,"Detroit-Warren-Dearborn, MI",1
48185,19820,"Detroit-Warren-Dearborn, MI",1
48186,19820,"Detroit-Warren-Dearborn, MI",1
48187,19820,"Detroit-Warren-Dearborn, MI",1
48188,19820,"Detroit-Warren-Dearborn, MI",1
48189,11460,"Ann Arbor, MI",1
48190,11460,"Ann Arbor, MI",1
48191,11460,"Ann Arbor, MI",1
48192,19820,"Detroit-Warren-Dearborn, MI",1
48193,19820,"Detroit-Warren-Dearborn, MI",1
48195,19820,"Detroit-Warren-Dearborn, MI",1
48197,11460,"Ann Arbor, MI",1
48198,11460,"Ann Arbor, MI",1
48201,19820,"Detroit-Warren-Dearborn, MI",1
48202,19820,"Detroit-Warren-Dearborn, MI",1
48203,19820,"Detroit-Warren-Dearborn, MI",1
48204,19820,"Detroit-Warren-Dearborn, MI",1
48205,19820,"Detroit-Warren-Dearborn, MI",1
48206,19820,"Detroit-Warren-Dearborn, MI",1
48207,19820,"Detroit-Warren-Dearborn, MI",1
48208,19820,"Detroit-Warren-Dearborn, MI",1
48209,19820,"Detroit-Warren-Dearborn, MI",1
48210,19820,"Detroit-Warren-Dearborn, MI",1
48211,19820,"Detroit-Warren-Dearborn, MI",1
48212,19820,"Detroit-Warren-Dearborn, MI",1
48213,19820,"Detroit-Warren-Dearborn, MI",1
48214,19820,"Detroit-Warren-Dearborn, MI",1
48215,19820,"Detroit-Warren-Dearborn, MI",1
48216,19820,"Detroit-Warren-Dearborn, MI",1
48217,19820,"Detroit-Warren-Dearborn, MI",1
48218,19820,"Detroit-Warren-Dearborn, MI",1
48219,19820,"Detroit-Warren-Dearborn, MI",1
48220,19820,"Detroit-Warren-Dearborn, MI",1
48221,19820,"Detroit-Warren-Dearborn, MI",1
48223,19820,"Detroit-Warren-Dearborn, MI",1
48224,19820,"Detroit-Warren-Dearborn, MI",1
48225,19820,"Detroit-Warren-Dearborn, MI",1
48226,19820,"Detroit-Warren-Dearborn, MI",1
48227,19820,"Detroit-Warren-Dearborn, MI",1
48228,19820,"Detroit-Warren-Dearborn, MI",1
48229,19820,"Detroit-Warren-Dearborn, MI",1
48230,19820,"Detroit-Warren-Dearborn, MI",1
48233,19820,"Detroit-Warren-Dearborn, MI",1
48234,19820,"Detroit-Warren-Dearborn, MI",1
48235,19820,"Detroit-Warren-Dearborn, MI",1
48236,19820,"Detroit-Warren-Dearborn, MI",1
48237,19820,"Detroit-Warren-Dearborn, MI",1
48238,19820,"Detroit-Warren-Dearborn, MI",1
48239,19820,"Detroit-Warren-Dearborn, MI",1
48240,19820,"Detroit-Warren-Dearborn, MI",1
48242,19820,"Detroit-Warren-Dearborn, MI",1
48243,19820,"Detroit-Warren-Dearborn, MI",1
48301,19820,"Detroit-Warren-Dearborn, MI",1
48302,19820,"Detroit-Warren-Dearborn, MI",1
48304,19820,"Detroit-Warren-Dearborn, MI",1
48306,19820,"Detroit-Warren-Dearborn, MI",1
48307,19820,"Detroit-Warren-Dearborn, MI",1
48309,19820,"Detroit-Warren-Dearborn, MI",1
48310,19820,"Detroit-Warren-Dearborn, MI",1
48312,19820,"Detroit-Warren-Dearborn, MI",1
48313,19820,"Detroit-Warren-Dearborn, MI",1
48314,19820,"Detroit-Warren-Dearborn, MI",1
48315,19820,"Detroit-Warren-Dearborn, MI",1
48316,19820,"Detroit-Warren-Dearborn, MI",1
48317,19820,"Detroit-Warren-Dearborn, MI",1
48320,19820,"Detroit-Warren-Dearborn, MI",1
48322,19820,"Detroit-Warren-Dearborn, MI",1
48323,19820,"Detroit-Warren-Dearborn, MI",1
48324,19820,"Detroit-Warren-Dearborn, MI",1
48326,19820,"Detroit-Warren-Dearborn, MI",1
48327,19820,"Detroit-Warren-Dearborn, MI",1
48328,19820,"Detroit-Warren-Dearborn, MI",1
48329,19820,"Detroit-Warren-Dearborn, MI",1
48331,19820,"Detroit-Warren-Dearborn, MI",1
48334,19820,"Detroit-Warren-Dearborn, MI",1
48335,19820,"Detroit-Warren-Dearborn, MI",1
48336,19820,"Detroit-Warren-Dearborn, MI",1
48340,19820,"Detroit-Warren-Dearborn, MI",1
48341,19820,"Detroit-Warren-Dearborn, MI",1
48342,19820,"Detroit-Warren-Dearborn, MI",1
48346,19820,"Detroit-Warren-Dearborn, MI",1
48348,19820,"Detroit-Warren-Dearborn, MI",1
48350,19820,"Detroit-Warren-Dearborn, MI",1
48353,19820,"Detroit-Warren-Dearborn, MI",1
48356,19820,"Detroit-Warren-Dearborn, MI",1
48357,19820,"Detroit-Warren-Dearborn, MI",1
48359,19820,"Detroit-Warren-Dearborn, MI",1
48360,19820,"Detroit-Warren-Dearborn, MI",1
48362,19820,"Detroit-Warren-Dearborn, MI",1
48363,19820,"Detroit-Warren-Dearborn, MI",1
48367,19820,"Detroit-Warren-Dearborn, MI",1
48370,19820,"Detroit-Warren-Dearborn, MI",1
48371,19820,"Detroit-Warren-Dearborn, MI",1
48374,19820,"Detroit-Warren-Dearborn, MI",1
48375,19820,"Detroit-Warren-Dearborn, MI",1
48377,19820,"Detroit-Warren-Dearborn, MI",1
48380,19820,"Detroit-Warren-Dearborn, MI",1
48381,19820,"Detroit-Warren-Dearborn, MI",1
48382,19820,"Detroit-Warren-Dearborn, MI",1
48383,19820,"Detroit-Warren-Dearborn, MI",1
48386,19820,"Detroit-Warren-Dearborn, MI",1
48390,19820,"Detroit-Warren-Dearborn, MI",1
48393,19820,"Detroit-Warren-Dearborn, MI",1
48411,22420,"Flint, MI",1
48412,19820,"Detroit-Warren-Dearborn, MI",1
48414,37020,"Owosso, MI",0
48415,40980,"Saginaw, MI",1
48417,40980,"Saginaw, MI",1
48418,37020,"Owosso, MI",0
48420,22420,"Flint, MI",1
48421,19820,"Detroit-Warren-Dearborn, MI",1
48423,22420,"Flint, MI",1
48428,19820,"Detroit-Warren-Dearborn, MI",1
48429,37020,"Owosso, MI",0
48430,19820,"Detroit-Warren-Dearborn, MI",1
48433,22420,"Flint, MI",1
48436,22420,"Flint, MI",1
48437,22420,"Flint, MI",1
48438,22420,"Flint, MI",1
48439,22420,"Flint, MI",1
48440,19820,"Detroit-Warren-Dearborn, MI",1
48442,19820,"Detroit-Warren-Dearborn, MI",1
48444,19820,"Detroit-Warren-Dearborn, MI",1
48446,19820,"Detroit-Warren-Dearborn, MI",1
48449,37020,"Owosso, MI",0
48451,22420,"Flint, MI",1
48455,19820,"Detroit-Warren-Dearborn, MI",1
48457,22420,"Flint, MI",1
48458,22420,"Flint, MI",1
48460,37020,"Owosso, MI",0
48461,19820,"Detroit-Warren-Dearborn, MI",1
48462,19820,"Detroit-Warren-Dearborn, MI",1
48463,22420,"Flint, MI",1
48464,19820,"Detroit-Warren-Dearborn, MI",1
48473,22420,"Flint, MI",1
48476,37020,"Owosso, MI",0
48502,22420,"Flint, MI",1
48503,22420,"Flint, MI",1
48504,22420,"Flint, MI",1
48505,22420,"Flint, MI",1
48506,22420,"Flint, MI",1
48507,22420,"Flint, MI",1
48509,22420,"Flint, MI",1
48519,22420,"Flint, MI",1
48529,22420,"Flint, MI",1
48532,22420,"Flint, MI",1
48601,40980,"Saginaw, MI",1
48602,40980,"Saginaw, MI",1
48603,40980,"Saginaw, MI",1
48604,40980,"Saginaw, MI",1
48607,40980,"Saginaw, MI",1
48609,40980,"Saginaw, MI",1
48611,13020,"Bay City, MI",1
48613,13020,"Bay City, MI",1
48614,40980,"Saginaw, MI",1
48615,10940,"Alma, MI",0
48616,40980,"Saginaw, MI",1
48618,33220,"Midland, MI",1
48620,33220,"Midland, MI",1
48623,40980,"Saginaw, MI",1
48626,40980,"Saginaw, MI",1
48628,33220,"Midland, MI",1
48631,13020,"Bay City, MI",1
48634,13020,"Bay City, MI",1
48637,40980,"Saginaw, MI",1
48638,40980,"Saginaw, MI",1
48640,33220,"Midland, MI",1
48642,33220,"Midland, MI",1
48649,40980,"Saginaw, MI",1
48650,13020,"Bay City, MI",1
48655,40980,"Saginaw, MI",1
48657,33220,"Midland, MI",1
48662,10940,"Alma, MI",0
48706,13020,"Bay City, MI",1
48708,13020,"Bay City, MI",1
48710,13020,"Bay City, MI",1
48722,40980,"Saginaw, MI",1
48724,40980,"Saginaw, MI",1
48727,19820,"Detroit-Warren-Dearborn, MI",1
48732,13020,"Bay City, MI",1
48734,40980,"Saginaw, MI",1
48747,13020,"Bay City, MI",1
48760,19820,"Detroit-Warren-Dearborn, MI",1
48801,10940,"Alma, MI",0
48806,10940,"Alma, MI",0
48807,10940,"Alma, MI",0
48808,29620,"Lansing-East Lansing, MI",1
48809,24340,"Grand Rapids-Wyoming-Kentwood, MI",1
48811,24340,"Grand Rapids-Wyoming-Kentwood, MI",1
48813,29620,"Lansing-East Lansing, MI",1
48815,24340,"Grand Rapids-Wyoming-Kentwood, MI",1
48816,19820,"Detroit-Warren-Dearborn, MI",1
48817,37020,"Owosso, MI",0
48818,24340,"Grand Rapids-Wyoming-Kentwood, MI",1
48819,29620,"Lansing-East Lansing, MI",1
48820,29620,"Lansing-East Lansing, MI",1
48821,29620,"Lansing-East Lansing, MI",1
48822,29620,"Lansing-East Lansing, MI",1
48823,29620,"Lansing-East Lansing, MI",1
48824,29620,"Lansing-East Lansing, MI",1
48825,29620,"Lansing-East Lansing, MI",1
48827,29620,"Lansing-East Lansing, MI",1
48829,24340,"Grand Rapids-Wyoming-Kentwood, MI",1
48831,29620,"Lansing-East Lansing, MI",1
48832,10940,"Alma, MI",0
48834,24340,"Grand Rapids-Wyoming-Kentwood, MI",1
48835,29620,"Lansing-East Lansing, MI",1
48836,19820,"Detroit-Warren-Dearborn, MI",1
48837,29620,"Lansing-East Lansing, MI",1
48838,24340,"Grand Rapids-Wyoming-Kentwood, MI",1
48840,29620,"Lansing-East Lansing, MI",1
48841,37020,"Owosso, MI",0
48842,29620,"Lansing-East Lansing, MI",1
48843,19820,"Detroit-Warren-Dearborn, MI",1
48845,24340,"Grand Rapids-Wyoming-Kentwood, MI",1
48846,24340,"Grand Rapids-Wyoming-Kentwood, MI",1
48847,10940,"Alma, MI",0
48848,37020,"Owosso, MI",0
48849,24340,"Grand Rapids-Wyoming-Kentwood, MI",1
48850,24340,"Grand Rapids-Wyoming-Kentwood, MI",1
48851,24340,"Grand Rapids-Wyoming-Kentwood, MI",1
48852,24340,"Grand Rapids-Wyoming-Kentwood, MI",1
48853,29620,"Lansing-East Lansing, MI",1
48854,29620,"Lansing-East Lansing, MI",1
48855,19820,"Detroit-Warren-Dearborn, MI",1
48856,10940,"Alma, MI",0
48857,37020,"Owosso, MI",0
48858,34380,"Mount Pleasant, MI",0
48859,34380,"Mount Pleasant, MI",0
48860,24340,"Grand Rapids-Wyoming-Kentwood, MI",1
48861,29620,"Lansing-East Lansing, MI",1
48862,10940,"Alma, MI",0
48864,29620,"Lansing-East Lansing, MI",1
48865,24340,"Grand Rapids-Wyoming-Kentwood, MI",1
48866,29620,"Lansing-East Lansing, MI",1
48867,37020,"Owosso, MI",0
48870,24340,"Grand Rapids-Wyoming-Kentwood, MI",1
48871,10940,"Alma, MI",0
48872,37020,"Owosso, MI",0
48873,24340,"Grand Rapids-Wyoming-Kentwood, MI",1
48874,10940,"Alma, MI",0
48875,24340,"Grand Rapids-Wyoming-Kentwood, MI",1
48876,29620,"Lansing-East Lansing, MI",1
48877,10940,"Alma, MI",0
48878,34380,"Mount Pleasant, MI",0
48879,29620,"Lansing-East Lansing, MI",1
48880,10940,"Alma, MI",0
48881,24340,"Grand Rapids-Wyoming-Kentwood, MI",1
48883,34380,"Mount Pleasant, MI",0
48884,24340,"Grand Rapids-Wyoming-Kentwood, MI",1
48885,24340,"Grand Rapids-Wyoming-Kentwood, MI",1
48886,24340,"Grand Rapids-Wyoming-Kentwood, MI",1
48888,24340,"Grand Rapids-Wyoming-Kentwood, MI",1
48889,10940,"Alma, MI",0
48890,29620,"Lansing-East Lansing, MI",1
48891,24340,"Grand Rapids-Wyoming-Kentwood, MI",1
48892,29620,"Lansing-East Lansing, MI",1
48893,34380,"Mount Pleasant, MI",0
48894,29620,"Lansing-East Lansing, MI",1
48895,29620,"Lansing-East Lansing, MI",1
48896,34380,"Mount Pleasant, MI",0
48897,24340,"Grand Rapids-Wyoming-Kentwood, MI",1
48906,29620,"Lansing-East Lansing, MI",1
48910,29620,"Lansing-East Lansing, MI",1
48911,29620,"Lansing-East Lansing, MI",1
48912,29620,"Lansing-East Lansing, MI",1
48915,29620,"Lansing-East Lansing, MI",1
48917,29620,"Lansing-East Lansing, MI",1
48933,29620,"Lansing-East Lansing, MI",1
49001,28020,"Kalamazoo-Portage, MI",1
49002,28020,"Kalamazoo-Portage, MI",1
49004,28020,"Kalamazoo-Portage, MI",1
49006,28020,"Kalamazoo-Portage, MI",1
49007,28020,"Kalamazoo-Portage, MI",1
49008,28020,"Kalamazoo-Portage, MI",1
49009,28020,"Kalamazoo-Portage, MI",1
49010,26090,"Holland, MI",0
49011,12980,"Battle Creek, MI",1
49012,28020,"Kalamazoo-Portage, MI",1
49014,12980,"Battle Creek, MI",1
49015,12980,"Battle Creek, MI",1
49017,12980,"Battle Creek, MI",1
49021,29620,"Lansing-East Lansing, MI",1
49022,35660,"Niles, MI",1
49024,28020,"Kalamazoo-Portage, MI",1
49028,17740,"Coldwater, MI",0
49029,12980,"Battle Creek, MI",1
49030,44780,"Sturgis, MI",0
49031,43780,"South Bend-Mishawaka, IN-MI",1
49032,44780,"Sturgis, MI",0
49033,12980,"Battle Creek, MI",1
49034,28020,"Kalamazoo-Portage, MI",1
49036,17740,"Coldwater, MI",0
49037,12980,"Battle Creek, MI",1
49038,35660,"Niles, MI",1
49040,44780,"Sturgis, MI",0
49042,44780,"Sturgis, MI",0
49046,24340,"Grand Rapids-Wyoming-Kentwood, MI",1
49047,43780,"South Bend-Mishawaka, IN-MI",1
49048,28020,"Kalamazoo-Portage, MI",1
49050,24340,"Grand Rapids-Wyoming-Kentwood, MI",1
49051,12980,"Battle Creek, MI",1
49052,28020,"Kalamazoo-Portage, MI",1
49053,28020,"Kalamazoo-Portage, MI",1
49058,24340,"Grand Rapids-Wyoming-Kentwood, MI",1
49060,24340,"Grand Rapids-Wyoming-Kentwood, MI",1
49061,43780,"South Bend-Mishawaka, IN-MI",1
49066,44780,"Sturgis, MI",0
49067,43780,"South Bend-Mishawaka, IN-MI",1
49068,12980,"Battle Creek, MI",1
49070,26090,"Holland, MI",0
49072,44780,"Sturgis, MI",0
49073,24340,"Grand Rapids-Wyoming-Kentwood, MI",1
49074,28020,"Kalamazoo-Portage, MI",1
49075,44780,"Sturgis, MI",0
49076,29620,"Lansing-East Lansing, MI",1
49078,26090,"Holland, MI",0
49080,26090,"Holland, MI",0
49082,17740,"Coldwater, MI",0
49083,28020,"Kalamazoo-Portage, MI",1
49084,35660,"Niles, MI",1
49085,35660,"Niles, MI",1
49087,28020,"Kalamazoo-Portage, MI",1
49088,28020,"Kalamazoo-Portage, MI",1
49089,17740,"Coldwater, MI",0
49091,44780,"Sturgis, MI",0
49092,12980,"Battle Creek, MI",1
49093,44780,"Sturgis, MI",0
49094,17740,"Coldwater, MI",0
49095,43780,"South Bend-Mishawaka, IN-MI",1
49096,29620,"Lansing-East Lansing, MI",1
49097,28020,"Kalamazoo-Portage, MI",1
49098,35660,"Niles, MI",1
49099,44780,"Sturgis, MI",0
49101,35660,"Niles, MI",1
49102,35660,"Niles, MI",1
49103,35660,"Niles, MI",1
49104,35660,"Niles, MI",1
49106,35660,"Niles, MI",1
49107,35660,"Niles, MI",1
49111,35660,"Niles, MI",1
49112,43780,"South Bend-Mishawaka, IN-MI",1
49113,35660,"Niles, MI",1
49115,35660,"Niles, MI",1
49116,35660,"Niles, MI",1
49117,35660,"Niles, MI",1
49119,35660,"Niles, MI",1
49120,35660,"Niles, MI",1
49125,35660,"Niles, MI",1
49126,35660,"Niles, MI",1
49127,35660,"Niles, MI",1
49128,35660,"Niles, MI",1
49129,35660,"Niles, MI",1
49130,43780,"South Bend-Mishawaka, IN-MI",1
49201,27100,"Jackson, MI",1
49202,27100,"Jackson, MI",1
49203,27100,"Jackson, MI",1
49220,10300,"Adrian, MI",0
49221,10300,"Adrian, MI",0
49224,12980,"Battle Creek, MI",1
49227,25880,"Hillsdale, MI",0
49228,10300,"Adrian, MI",0
49229,10300,"Adrian, MI",0
49230,27100,"Jackson, MI",1
49232,25880,"Hillsdale, MI",0
49233,27100,"Jackson, MI",1
49234,27100,"Jackson, MI",1
49235,10300,"Adrian, MI",0
49236,10300,"Adrian, MI",0
49237,27100,"Jackson, MI",1
49238,10300,"Adrian, MI",0
49240,27100,"Jackson, MI",1
49241,27100,"Jackson, MI",1
49242,25880,"Hillsdale, MI",0
49245,12980,"Battle Creek, MI",1
49246,27100,"Jackson, MI",1
49247,10300,"Adrian, MI",0
49248,10300,"Adrian, MI",0
49249,25880,"Hillsdale, MI",0
49250,25880,"Hillsdale, MI",0
49251,29620,"Lansing-East Lansing, MI",1
49252,25880,"Hillsdale, MI",0
49253,10300,"Adrian, MI",0
49254,27100,"Jackson, MI",1
49255,17740,"Coldwater, MI",0
49256,10300,"Adrian, MI",0
49258,25880,"Hillsdale, MI",0
49259,27100,"Jackson, MI",1
49261,27100,"Jackson, MI",1
49262,25880,"Hillsdale, MI",0
49263,27100,"Jackson, MI",1
49264,29620,"Lansing-East Lansing, MI",1
49265,10300,"Adrian, MI",0
49266,25880,"Hillsdale, MI",0
49267,33780,"Monroe, MI",1
49268,10300,"Adrian, MI",0
49269,27100,"Jackson, MI",1
49270,33780,"Monroe, MI",1
49271,25880,"Hillsdale, MI",0
49272,27100,"Jackson, MI",1
49274,25880,"Hillsdale, MI",0
49276,10300,"Adrian, MI",0
49277,27100,"Jackson, MI",1
49279,10300,"Adrian, MI",0
49282,25880,"Hillsdale, MI",0
49283,27100,"Jackson, MI",1
49284,27100,"Jackson, MI",1
49285,29620,"Lansing-East Lansing, MI",1
49286,10300,"Adrian, MI",0
49287,10300,"Adrian, MI",0
49288,25880,"Hillsdale, MI",0
49289,10300,"Adrian, MI",0
49301,24340,"Grand Rapids-Wyoming-Kentwood, MI",1
49302,24340,"Grand Rapids-Wyoming-Kentwood, MI",1
49303,34740,"Muskegon-Norton Shores, MI",1
49305,13660,"Big Rapids, MI",0
49306,24340,"Grand Rapids-Wyoming-Kentwood, MI",1
49307,13660,"Big Rapids, MI",0
49310,34380,"Mount Pleasant, MI",0
49315,24340,"Grand Rapids-Wyoming-Kentwood, MI",1
49316,24340,"Grand Rapids-Wyoming-Kentwood, MI",1
49318,34740,"Muskegon-Norton Shores, MI",1
49319,24340,"Grand Rapids-Wyoming-Kentwood, MI",1
49320,13660,"Big Rapids, MI",0
49321,24340,"Grand Rapids-Wyoming-Kentwood, MI",1
49322,24340,"Grand Rapids-Wyoming-Kentwood, MI",1
49323,26090,"Holland, MI",0
49325,24340,"Grand Rapids-Wyoming-Kentwood, MI",1
49326,24340,"Grand Rapids-Wyoming-Kentwood, MI",1
49328,26090,"Holland, MI",0
49329,24340,"Grand Rapids-Wyoming-Kentwood, MI",1
49330,24340,"Grand Rapids-Wyoming-Kentwood, MI",1
49331,24340,"Grand Rapids-Wyoming-Kentwood, MI",1
49332,13660,"Big Rapids, MI",0
49333,24340,"Grand Rapids-Wyoming-Kentwood, MI",1
49335,26090,"Holland, MI",0
49336,13660,"Big Rapids, MI",0
49339,24340,"Grand Rapids-Wyoming-Kentwood, MI",1
49340,13660,"Big Rapids, MI",0
49341,24340,"Grand Rapids-Wyoming-Kentwood, MI",1
49342,13660,"Big Rapids, MI",0
49343,24340,"Grand Rapids-Wyoming-Kentwood, MI",1
49344,26090,"Holland, MI",0
49345,24340,"Grand Rapids-Wyoming-Kentwood, MI",1
49346,13660,"Big Rapids, MI",0
49347,24340,"Grand Rapids-Wyoming-Kentwood, MI",1
49348,26090,"Holland, MI",0
49401,24340,"Grand Rapids-Wyoming-Kentwood, MI",1
49403,24340,"Grand Rapids-Wyoming-Kentwood, MI",1
49404,24340,"Grand Rapids-Wyoming-Kentwood, MI",1
49405,31220,"Ludington, MI",0
49406,26090,"Holland, MI",0
49408,26090,"Holland, MI",0
49409,24340,"Grand Rapids-Wyoming-Kentwood, MI",1
49410,31220,"Ludington, MI",0
49411,31220,"Ludington, MI",0
49415,34740,"Muskegon-Norton Shores, MI",1
49417,24340,"Grand Rapids-Wyoming-Kentwood, MI",1
49418,24340,"Grand Rapids-Wyoming-Kentwood, MI",1
49419,26090,"Holland, MI",0
49423,26090,"Holland, MI",0
49424,24340,"Grand Rapids-Wyoming-Kentwood, MI",1
49425,34740,"Muskegon-Norton Shores, MI",1
49426,24340,"Grand Rapids-Wyoming-Kentwood, MI",1
49428,24340,"Grand Rapids-Wyoming-Kentwood, MI",1
49430,24340,"Grand Rapids-Wyoming-Kentwood, MI",1
49431,31220,"Ludington, MI",0
49434,24340,"Grand Rapids-Wyoming-Kentwood, MI",1
49435,24340,"Grand Rapids-Wyoming-Kentwood, MI",1
49437,34740,"Muskegon-Norton Shores, MI",1
49440,34740,"Muskegon-Norton Shores, MI",1
49441,34740,"Muskegon-Norton Shores, MI",1
49442,34740,"Muskegon-Norton Shores, MI",1
49443,34740,"Muskegon-Norton Shores, MI",1
49444,34740,"Muskegon-Norton Shores, MI",1
49445,34740,"Muskegon-Norton Shores, MI",1
49448,24340,"Grand Rapids-Wyoming-Kentwood, MI",1
49450,26090,"Holland, MI",0
49451,34740,"Muskegon-Norton Shores, MI",1
49453,26090,"Holland, MI",0
49454,31220,"Ludington, MI",0
49456,24340,"Grand Rapids-Wyoming-Kentwood, MI",1
49457,34740,"Muskegon-Norton Shores, MI",1
49458,31220,"Ludington, MI",0
49460,24340,"Grand Rapids-Wyoming-Kentwood, MI",1
49461,34740,"Muskegon-Norton Shores, MI",1
49464,24340,"Grand Rapids-Wyoming-Kentwood, MI",1
49503,24340,"Grand Rapids-Wyoming-Kentwood, MI",1
49504,24340,"Grand Rapids-Wyoming-Kentwood, MI",1
49505,24340,"Grand Rapids-Wyoming-Kentwood, MI",1
49506,24340,"Grand Rapids-Wyoming-Kentwood, MI",1
49507,24340,"Grand Rapids-Wyoming-Kentwood, MI",1
49508,24340,"Grand Rapids-Wyoming-Kentwood, MI",1
49509,24340,"Grand Rapids-Wyoming-Kentwood, MI",1
49512,24340,"Grand Rapids-Wyoming-Kentwood, MI",1
49519,24340,"Grand Rapids-Wyoming-Kentwood, MI",1
49525,24340,"Grand Rapids-Wyoming-Kentwood, MI",1
49534,24340,"Grand Rapids-Wyoming-Kentwood, MI",1
49544,24340,"Grand Rapids-Wyoming-Kentwood, MI",1
49546,24340,"Grand Rapids-Wyoming-Kentwood, MI",1
49548,24340,"Grand Rapids-Wyoming-Kentwood, MI",1
49601,15620,"Cadillac, MI",0
49616,45900,"Traverse City, MI",1
49617,45900,"Traverse City, MI",1
49618,15620,"Cadillac, MI",0
49620,45900,"Traverse City, MI",1
49621,45900,"Traverse City, MI",1
49628,45900,"Traverse City, MI",1
49630,45900,"Traverse City, MI",1
49632,15620,"Cadillac, MI",0
49633,45900,"Traverse City, MI",1
49635,45900,"Traverse City, MI",1
49636,45900,"Traverse City, MI",1
49637,45900,"Traverse City, MI",1
49638,15620,"Cadillac, MI",0
49640,45900,"Traverse City, MI",1
49643,45900,"Traverse City, MI",1
49646,45900,"Traverse City, MI",1
49649,45900,"Traverse City, MI",1
49650,45900,"Traverse City, MI",1
49651,15620,"Cadillac, MI",0
49653,45900,"Traverse City, MI",1
49654,45900,"Traverse City, MI",1
49657,15620,"Cadillac, MI",0
49663,15620,"Cadillac, MI",0
49664,45900,"Traverse City, MI",1
49667,15620,"Cadillac, MI",0
49668,15620,"Cadillac, MI",0
49670,45900,"Traverse City, MI",1
49674,45900,"Traverse City, MI",1
49676,45900,"Traverse City, MI",1
49680,45900,"Traverse City, MI",1
49682,45900,"Traverse City, MI",1
49683,45900,"Traverse City, MI",1
49684,45900,"Traverse City, MI",1
49685,45900,"Traverse City, MI",1
49686,45900,"Traverse City, MI",1
49690,45900,"Traverse City, MI",1
49696,45900,"Traverse City, MI",1
49701,37950,"Petoskey, MI",0
49706,37950,"Petoskey, MI",0
49707,10980,"Alpena, MI",0
49710,42300,"Sault Ste. Marie, MI",0
49715,42300,"Sault Ste. Marie, MI",0
49716,37950,"Petoskey, MI",0
49718,37950,"Petoskey, MI",0
49722,37950,"Petoskey, MI",0
49724,42300,"Sault Ste. Marie, MI",0
49725,42300,"Sault Ste. Marie, MI",0
49726,42300,"Sault Ste. Marie, MI",0
49728,42300,"Sault Ste. Marie, MI",0
49736,42300,"Sault Ste. Marie, MI",0
49740,37950,"Petoskey, MI",0
49744,10980,"Alpena, MI",0
49748,42300,"Sault Ste. Marie, MI",0
49752,42300,"Sault Ste. Marie, MI",0
49753,10980,"Alpena, MI",0
49755,37950,"Petoskey, MI",0
49764,37950,"Petoskey, MI",0
49766,10980,"Alpena, MI",0
49768,42300,"Sault Ste. Marie, MI",0
49769,37950,"Petoskey, MI",0
49770,37950,"Petoskey, MI",0
49774,42300,"Sault Ste. Marie, MI",0
49780,42300,"Sault Ste. Marie, MI",0
49783,42300,"Sault Ste. Marie, MI",0
49784,42300,"Sault Ste. Marie, MI",0
49788,42300,"Sault Ste. Marie, MI",0
49793,42300,"Sault Ste. Marie, MI",0
49801,27020,"Iron Mountain, MI-WI",0
49802,27020,"Iron Mountain, MI-WI",0
49805,26340,"Houghton, MI",0
49807,21540,"Escanaba, MI",0
49808,32100,"Marquette, MI",0
49812,31940,"Marinette, WI-MI",0
49814,32100,"Marquette, MI",0
49815,27020,"Iron Mountain, MI-WI",0
49817,21540,"Escanaba, MI",0
49818,32100,"Marquette, MI",0
49821,31940,"Marinette, WI-MI",0
49829,21540,"Escanaba, MI",0
49831,27020,"Iron Mountain, MI-WI",0
49833,32100,"Marquette, MI",0
49834,27020,"Iron Mountain, MI-WI",0
49835,21540,"Escanaba, MI",0
49837,21540,"Escanaba, MI",0
49841,32100,"Marquette, MI",0
49847,31940,"Marinette, WI-MI",0
49848,31940,"Marinette, WI-MI",0
49849,32100,"Marquette, MI",0
49852,27020,"Iron Mountain, MI-WI",0
49855,32100,"Marquette, MI",0
49858,31940,"Marinette, WI-MI",0
49863,31940,"Marinette, WI-MI",0
49864,21540,"Escanaba, MI",0
49866,32100,"Marquette, MI",0
49870,27020,"Iron Mountain, MI-WI",0
49871,32100,"Marquette, MI",0
49872,21540,"Escanaba, MI",0
49873,31940,"Marinette, WI-MI",0
49874,31940,"Marinette, WI-MI",0
49876,27020,"Iron Mountain, MI-WI",0
49877,27020,"Iron Mountain, MI-WI",0
49878,21540,"Escanaba, MI",0
49879,32100,"Marquette, MI",0
49880,32100,"Marquette, MI",0
49881,27020,"Iron Mountain, MI-WI",0
49885,32100,"Marquette, MI",0
49886,31940,"Marinette, WI-MI",0
49887,31940,"Marinette, WI-MI",0
49892,27020,"Iron Mountain, MI-WI",0
49893,31940,"Marinette, WI-MI",0
49894,21540,"Escanaba, MI",0
49895,21540,"Escanaba, MI",0
49896,31940,"Marinette, WI-MI",0
49901,26340,"Houghton, MI",0
49905,26340,"Houghton, MI",0
49913,26340,"Houghton, MI",0
49916,26340,"Houghton, MI",0
49917,26340,"Houghton, MI",0
49918,26340,"Houghton, MI",0
49921,26340,"Houghton, MI",0
49922,26340,"Houghton, MI",0
49930,26340,"Houghton, MI",0
49931,26340,"Houghton, MI",0
49934,26340,"Houghton, MI",0
49942,26340,"Houghton, MI",0
49945,26340,"Houghton, MI",0
49950,26340,"Houghton, MI",0
49952,26340,"Houghton, MI",0
49955,26340,"Houghton, MI",0
49958,26340,"Houghton, MI",0
49961,26340,"Houghton, MI",0
49963,26340,"Houghton, MI",0
49965,26340,"Houghton, MI",0
49967,26340,"Houghton, MI",0
50001,19780,"Des Moines-West Des Moines, IA",1
50002,19780,"Des Moines-West Des Moines, IA",1
50003,19780,"Des Moines-West Des Moines, IA",1
50005,32260,"Marshalltown, IA",0
50007,19780,"Des Moines-West Des Moines, IA",1
50009,19780,"Des Moines-West Des Moines, IA",1
50010,11180,"Ames, IA",1
50012,11180,"Ames, IA",1
50013,11180,"Ames, IA",1
50014,11180,"Ames, IA",1
50021,19780,"Des Moines-West Des Moines, IA",1
50023,19780,"Des Moines-West Des Moines, IA",1
50026,19780,"Des Moines-West Des Moines, IA",1
50027,36820,"Oskaloosa, IA",0
50028,19780,"Des Moines-West Des Moines, IA",1
50029,19780,"Des Moines-West Des Moines, IA",1
50031,11180,"Ames, IA",1
50032,19780,"Des Moines-West Des Moines, IA",1
50033,19780,"Des Moines-West Des Moines, IA",1
50035,19780,"Des Moines-West Des Moines, IA",1
50036,11180,"Ames, IA",1
50038,19780,"Des Moines-West Des Moines, IA",1
50039,19780,"Des Moines-West Des Moines, IA",1
50040,11180,"Ames, IA",1
50044,37800,"Pella, IA",0
50046,11180,"Ames, IA",1
50047,19780,"Des Moines-West Des Moines, IA",1
50048,19780,"Des Moines-West Des Moines, IA",1
50051,32260,"Marshalltown, IA",0
50054,19780,"Des Moines-West Des Moines, IA",1
50055,11180,"Ames, IA",1
50056,11180,"Ames, IA",1
50057,37800,"Pella, IA",0
50058,19780,"Des Moines-West Des Moines, IA",1
50061,19780,"Des Moines-West Des Moines, IA",1
50062,37800,"Pella, IA",0
50063,19780,"Des Moines-West Des Moines, IA",1
50066,19780,"Des Moines-West Des Moines, IA",1
50069,19780,"Des Moines-West Des Moines, IA",1
50070,19780,"Des Moines-West Des Moines, IA",1
50072,19780,"Des Moines-West Des Moines, IA",1
50073,19780,"Des Moines-West Des Moines, IA",1
50078,32260,"Marshalltown, IA",0
50105,11180,"Ames, IA",1
50106,32260,"Marshalltown, IA",0
50109,19780,"Des Moines-West Des Moines, IA",1
50111,19780,"Des Moines-West Des Moines, IA",1
50115,19780,"Des Moines-West Des Moines, IA",1
50116,37800,"Pella, IA",0
50118,19780,"Des Moines-West Des Moines, IA",1
50119,37800,"Pella, IA",0
50120,32260,"Marshalltown, IA",0
50124,11180,"Ames, IA",1
50125,19780,"Des Moines-West Des Moines, IA",1
50127,19780,"Des Moines-West Des Moines, IA",1
50128,19780,"Des Moines-West Des Moines, IA",1
50131,19780,"Des Moines-West Des Moines, IA",1
50134,11180,"Ames, IA",1
50135,19780,"Des Moines-West Des Moines, IA",1
50137,19780,"Des Moines-West Des Moines, IA",1
50138,37800,"Pella, IA",0
50139,19780,"Des Moines-West Des Moines, IA",1
50141,32260,"Marshalltown, IA",0
50142,32260,"Marshalltown, IA",0
50143,36820,"Oskaloosa, IA",0
50145,19780,"Des Moines-West Des Moines, IA",1
50146,19780,"Des Moines-West Des Moines, IA",1
50148,32260,"Marshalltown, IA",0
50149,19780,"Des Moines-West Des Moines, IA",1
50152,11180,"Ames, IA",1
50153,19780,"Des Moines-West Des Moines, IA",1
50154,11180,"Ames, IA",1
50155,19780,"Des Moines-West Des Moines, IA",1
50156,11180,"Ames, IA",1
50158,32260,"Marshalltown, IA",0
50160,19780,"Des Moines-West Des Moines, IA",1
50161,19780,"Des Moines-West Des Moines, IA",1
50162,32260,"Marshalltown, IA",0
50163,37800,"Pella, IA",0
50164,19780,"Des Moines-West Des Moines, IA",1
50166,19780,"Des Moines-West Des Moines, IA",1
50167,19780,"Des Moines-West Des Moines, IA",1
50168,19780,"Des Moines-West Des Moines, IA",1
50169,19780,"Des Moines-West Des Moines, IA",1
50170,19780,"Des Moines-West Des Moines, IA",1
50201,11180,"Ames, IA",1
50207,36820,"Oskaloosa, IA",0
50208,19780,"Des Moines-West Des Moines, IA",1
50210,19780,"Des Moines-West Des Moines, IA",1
50211,19780,"Des Moines-West Des Moines, IA",1
50212,11180,"Ames, IA",1
50214,37800,"Pella, IA",0
50216,19780,"Des Moines-West Des Moines, IA",1
50218,19780,"Des Moines-West Des Moines, IA",1
50219,37800,"Pella, IA",0
50220,19780,"Des Moines-West Des Moines, IA",1
50222,19780,"Des Moines-West Des Moines, IA",1
50223,11180,"Ames, IA",1
50225,37800,"Pella, IA",0
50226,19780,"Des Moines-West Des Moines, IA",1
50228,19780,"Des Moines-West Des Moines, IA",1
50229,19780,"Des Moines-West Des Moines, IA",1
50232,19780,"Des Moines-West Des Moines, IA",1
50233,19780,"Des Moines-West Des Moines, IA",1
50234,32260,"Marshalltown, IA",0
50236,11180,"Ames, IA",1
50237,19780,"Des Moines-West Des Moines, IA",1
50239,32260,"Marshalltown, IA",0
50240,19780,"Des Moines-West Des Moines, IA",1
50241,19780,"Des Moines-West Des Moines, IA",1
50243,19780,"Des Moines-West Des Moines, IA",1
50244,19780,"Des Moines-West Des Moines, IA",1
50247,32260,"Marshalltown, IA",0
50248,11180,"Ames, IA",1
50251,19780,"Des Moines-West Des Moines, IA",1
50252,37800,"Pella, IA",0
50256,37800,"Pella, IA",0
50257,19780,"Des Moines-West Des Moines, IA",1
50261,19780,"Des Moines-West Des Moines, IA",1
50263,19780,"Des Moines-West Des Moines, IA",1
50265,19780,"Des Moines-West Des Moines, IA",1
50266,19780,"Des Moines-West Des Moines, IA",1
50273,19780,"Des Moines-West Des Moines, IA",1
50276,11180,"Ames, IA",1
50277,19780,"Des Moines-West Des Moines, IA",1
50278,11180,"Ames, IA",1
50309,19780,"Des Moines-West Des Moines, IA",1
50310,19780,"Des Moines-West Des Moines, IA",1
50311,19780,"Des Moines-West Des Moines, IA",1
50312,19780,"Des Moines-West Des Moines, IA",1
50313,19780,"Des Moines-West Des Moines, IA",1
50314,19780,"Des Moines-West Des Moines, IA",1
50315,19780,"Des Moines-West Des Moines, IA",1
50316,19780,"Des Moines-West Des Moines, IA",1
50317,19780,"Des Moines-West Des Moines, IA",1
50319,19780,"Des Moines-West Des Moines, IA",1
50320,19780,"Des Moines-West Des Moines, IA",1
50321,19780,"Des Moines-West Des Moines, IA",1
50322,19780,"Des Moines-West Des Moines, IA",1
50323,19780,"Des Moines-West Des Moines, IA",1
50324,19780,"Des Moines-West Des Moines, IA",1
50325,19780,"Des Moines-West Des Moines, IA",1
50327,19780,"Des Moines-West Des Moines, IA",1
50401,32380,"Mason City, IA",0
50428,32380,"Mason City, IA",0
50433,32380,"Mason City, IA",0
50434,32380,"Mason City, IA",0
50440,32380,"Mason City, IA",0
50444,32380,"Mason City, IA",0
50446,32380,"Mason City, IA",0
50448,32380,"Mason City, IA",0
50456,32380,"Mason City, IA",0
50459,32380,"Mason City, IA",0
50464,32380,"Mason City, IA",0
50467,32380,"Mason City, IA",0
50469,32380,"Mason City, IA",0
50477,32380,"Mason City, IA",0
50479,32380,"Mason City, IA",0
50482,32380,"Mason City, IA",0
50501,22700,"Fort Dodge, IA",0
50510,44740,"Storm Lake, IA",0
50516,22700,"Fort Dodge, IA",0
50518,22700,"Fort Dodge, IA",0
50521,22700,"Fort Dodge, IA",0
50523,22700,"Fort Dodge, IA",0
50524,22700,"Fort Dodge, IA",0
50530,22700,"Fort Dodge, IA",0
50532,22700,"Fort Dodge, IA",0
50543,22700,"Fort Dodge, IA",0
50544,22700,"Fort Dodge, IA",0
50557,22700,"Fort Dodge, IA",0
50565,44740,"Storm Lake, IA",0
50566,22700,"Fort Dodge, IA",0
50568,44740,"Storm Lake, IA",0
50569,22700,"Fort Dodge, IA",0
50576,44740,"Storm Lake, IA",0
50585,44740,"Storm Lake, IA",0
50588,44740,"Storm Lake, IA",0
50592,44740,"Storm Lake, IA",0
50594,22700,"Fort Dodge, IA",0
50609,47940,"Waterloo-Cedar Falls, IA",1
50613,47940,"Waterloo-Cedar Falls, IA",1
50621,47940,"Waterloo-Cedar Falls, IA",1
50622,47940,"Waterloo-Cedar Falls, IA",1
50623,47940,"Waterloo-Cedar Falls, IA",1
50624,47940,"Waterloo-Cedar Falls, IA",1
50626,47940,"Waterloo-Cedar Falls, IA",1
50631,47940,"Waterloo-Cedar Falls, IA",1
50634,47940,"Waterloo-Cedar Falls, IA",1
50638,47940,"Waterloo-Cedar Falls, IA",1
50642,47940,"Waterloo-Cedar Falls, IA",1
50643,47940,"Waterloo-Cedar Falls, IA",1
50647,47940,"Waterloo-Cedar Falls, IA",1
50648,47940,"Waterloo-Cedar Falls, IA",1
50651,47940,"Waterloo-Cedar Falls, IA",1
50657,47940,"Waterloo-Cedar Falls, IA",1
50666,47940,"Waterloo-Cedar Falls, IA",1
50667,47940,"Waterloo-Cedar Falls, IA",1
50668,47940,"Waterloo-Cedar Falls, IA",1
50669,47940,"Waterloo-Cedar Falls, IA",1
50673,47940,"Waterloo-Cedar Falls, IA",1
50674,47940,"Waterloo-Cedar Falls, IA",1
50676,47940,"Waterloo-Cedar Falls, IA",1
50677,47940,"Waterloo-Cedar Falls, IA",1
50680,47940,"Waterloo-Cedar Falls, IA",1
50701,47940,"Waterloo-Cedar Falls, IA",1
50702,47940,"Waterloo-Cedar Falls, IA",1
50703,47940,"Waterloo-Cedar Falls, IA",1
50707,47940,"Waterloo-Cedar Falls, IA",1
51001,30180,"Le Mars, IA",0
51002,44740,"Storm Lake, IA",0
51004,43580,"Sioux City, IA-NE-SD",1
51007,43580,"Sioux City, IA-NE-SD",1
51008,30180,"Le Mars, IA",0
51015,43580,"Sioux City, IA-NE-SD",1
51016,43580,"Sioux City, IA-NE-SD",1
51019,43580,"Sioux City, IA-NE-SD",1
51024,30180,"Le Mars, IA",0
51026,43580,"Sioux City, IA-NE-SD",1
51028,30180,"Le Mars, IA",0
51030,43580,"Sioux City, IA-NE-SD",1
51031,30180,"Le Mars, IA",0
51033,43980,"Spencer, IA",0
51038,30180,"Le Mars, IA",0
51039,43580,"Sioux City, IA-NE-SD",1
51044,43580,"Sioux City, IA-NE-SD",1
51045,30180,"Le Mars, IA",0
51047,43980,"Spencer, IA",0
51048,43580,"Sioux City, IA-NE-SD",1
51050,30180,"Le Mars, IA",0
51052,43580,"Sioux City, IA-NE-SD",1
51054,43580,"Sioux City, IA-NE-SD",1
51055,43580,"Sioux City, IA-NE-SD",1
51056,43580,"Sioux City, IA-NE-SD",1
51062,30180,"Le Mars, IA",0
51101,43580,"Sioux City, IA-NE-SD",1
51103,43580,"Sioux City, IA-NE-SD",1
51104,43580,"Sioux City, IA-NE-SD",1
51105,43580,"Sioux City, IA-NE-SD",1
51106,43580,"Sioux City, IA-NE-SD",1
51108,30180,"Le Mars, IA",0
51109,30180,"Le Mars, IA",0
51111,43580,"Sioux City, IA-NE-SD",1
51301,43980,"Spencer, IA",0
51331,44020,"Spirit Lake, IA",0
51333,43980,"Spencer, IA",0
51338,43980,"Spencer, IA",0
51340,43980,"Spencer, IA",0
51341,43980,"Spencer, IA",0
51343,43980,"Spencer, IA",0
51347,44020,"Spirit Lake, IA",0
51351,44020,"Spirit Lake, IA",0
51355,44020,"Spirit Lake, IA",0
51357,43980,"Spencer, IA",0
51360,44020,"Spirit Lake, IA",0
51363,44020,"Spirit Lake, IA",0
51364,44020,"Spirit Lake, IA",0
51366,43980,"Spencer, IA",0
51401,16140,"Carroll, IA",0
51430,16140,"Carroll, IA",0
51436,16140,"Carroll, IA",0
51440,16140,"Carroll, IA",0
51443,16140,"Carroll, IA",0
51444,16140,"Carroll, IA",0
51451,16140,"Carroll, IA",0
51452,16140,"Carroll, IA",0
51455,16140,"Carroll, IA",0
51459,16140,"Carroll, IA",0
51463,16140,"Carroll, IA",0
51501,36540,"Omaha, NE-IA",1
51503,36540,"Omaha, NE-IA",1
51510,36540,"Omaha, NE-IA",1
51521,36540,"Omaha, NE-IA",1
51525,36540,"Omaha, NE-IA",1
51526,36540,"Omaha, NE-IA",1
51529,36540,"Omaha, NE-IA",1
51534,36540,"Omaha, NE-IA",1
51536,36540,"Omaha, NE-IA",1
51540,36540,"Omaha, NE-IA",1
51541,36540,"Omaha, NE-IA",1
51542,36540,"Omaha, NE-IA",1
51545,36540,"Omaha, NE-IA",1
51546,36540,"Omaha, NE-IA",1
51548,36540,"Omaha, NE-IA",1
51549,36540,"Omaha, NE-IA",1
51550,36540,"Omaha, NE-IA",1
51551,36540,"Omaha, NE-IA",1
51553,36540,"Omaha, NE-IA",1
51554,36540,"Omaha, NE-IA",1
51555,36540,"Omaha, NE-IA",1
51556,36540,"Omaha, NE-IA",1
51557,36540,"Omaha, NE-IA",1
51559,36540,"Omaha, NE-IA",1
51560,36540,"Omaha, NE-IA",1
51561,36540,"Omaha, NE-IA",1
51563,36540,"Omaha, NE-IA",1
51564,36540,"Omaha, NE-IA",1
51571,36540,"Omaha, NE-IA",1
51575,36540,"Omaha, NE-IA",1
51576,36540,"Omaha, NE-IA",1
51577,36540,"Omaha, NE-IA",1
51579,36540,"Omaha, NE-IA",1
52001,20220,"Dubuque, IA",1
52002,20220,"Dubuque, IA",1
52003,20220,"Dubuque, IA",1
52032,20220,"Dubuque, IA",1
52033,16300,"Cedar Rapids, IA",1
52037,17540,"Clinton, IA",0
52039,20220,"Dubuque, IA",1
52045,20220,"Dubuque, IA",1
52046,20220,"Dubuque, IA",1
52053,20220,"Dubuque, IA",1
52056,20220,"Dubuque, IA",1
52065,20220,"Dubuque, IA",1
52068,20220,"Dubuque, IA",1
52073,20220,"Dubuque, IA",1
52078,20220,"Dubuque, IA",1
52201,26980,"Iowa City, IA",1
52202,16300,"Cedar Rapids, IA",1
52205,16300,"Cedar Rapids, IA",1
52206,16300,"Cedar Rapids, IA",1
52208,16300,"Cedar Rapids, IA",1
52209,16300,"Cedar Rapids, IA",1
52212,16300,"Cedar Rapids, IA",1
52213,16300,"Cedar Rapids, IA",1
52214,16300,"Cedar Rapids, IA",1
52218,16300,"Cedar Rapids, IA",1
52219,16300,"Cedar Rapids, IA",1
52224,16300,"Cedar Rapids, IA",1
52227,16300,"Cedar Rapids, IA",1
52228,16300,"Cedar Rapids, IA",1
52229,16300,"Cedar Rapids, IA",1
52233,16300,"Cedar Rapids, IA",1
52235,26980,"Iowa City, IA",1
52240,26980,"Iowa City, IA",1
52241,26980,"Iowa City, IA",1
52242,26980,"Iowa City, IA",1
52245,26980,"Iowa City, IA",1
52246,26980,"Iowa City, IA",1
52247,26980,"Iowa City, IA",1
52248,26980,"Iowa City, IA",1
52249,16300,"Cedar Rapids, IA",1
52252,16300,"Cedar Rapids, IA",1
52254,17540,"Clinton, IA",0
52257,16300,"Cedar Rapids, IA",1
52302,16300,"Cedar Rapids, IA",1
52305,16300,"Cedar Rapids, IA",1
52310,16300,"Cedar Rapids, IA",1
52312,16300,"Cedar Rapids, IA",1
52313,16300,"Cedar Rapids, IA",1
52314,16300,"Cedar Rapids, IA",1
52315,16300,"Cedar Rapids, IA",1
52317,26980,"Iowa City, IA",1
52318,16300,"Cedar Rapids, IA",1
52320,16300,"Cedar Rapids, IA",1
52321,16300,"Cedar Rapids, IA",1
52322,26980,"Iowa City, IA",1
52323,16300,"Cedar Rapids, IA",1
52324,16300,"Cedar Rapids, IA",1
52327,26980,"Iowa City, IA",1
52328,16300,"Cedar Rapids, IA",1
52332,16300,"Cedar Rapids, IA",1
52333,26980,"Iowa City, IA",1
52336,16300,"Cedar Rapids, IA",1
52338,26980,"Iowa City, IA",1
52340,26980,"Iowa City, IA",1
52341,16300,"Cedar Rapids, IA",1
52344,16300,"Cedar Rapids, IA",1
52345,16300,"Cedar Rapids, IA",1
52346,16300,"Cedar Rapids, IA",1
52349,16300,"Cedar Rapids, IA",1
52351,16300,"Cedar Rapids, IA",1
52352,16300,"Cedar Rapids, IA",1
52353,26980,"Iowa City, IA",1
52354,16300,"Cedar Rapids, IA",1
52356,26980,"Iowa City, IA",1
52359,26980,"Iowa City, IA",1
52362,16300,"Cedar Rapids, IA",1
52401,16300,"Cedar Rapids, IA",1
52402,16300,"Cedar Rapids, IA",1
52403,16300,"Cedar Rapids, IA",1
52404,16300,"Cedar Rapids, IA",1
52405,16300,"Cedar Rapids, IA",1
52411,16300,"Cedar Rapids, IA",1
52501,36900,"Ottumwa, IA",0
52530,36900,"Ottumwa, IA",0
52534,36820,"Oskaloosa, IA",0
52536,36900,"Ottumwa, IA",0
52543,36820,"Oskaloosa, IA",0
52548,36900,"Ottumwa, IA",0
52553,36900,"Ottumwa, IA",0
52554,36900,"Ottumwa, IA",0
52561,36820,"Oskaloosa, IA",0
52566,36900,"Ottumwa, IA",0
52577,36820,"Oskaloosa, IA",0
52586,36820,"Oskaloosa, IA",0
52595,36820,"Oskaloosa, IA",0
52601,15460,"Burlington, IA-IL",0
52619,22800,"Fort Madison, IA",0
52621,26980,"Iowa City, IA",1
52623,15460,"Burlington, IA-IL",0
52624,22800,"Fort Madison, IA",0
52625,22800,"Fort Madison, IA",0
52626,22800,"Fort Madison, IA",0
52627,22800,"Fort Madison, IA",0
52630,22800,"Fort Madison, IA",0
52631,22800,"Fort Madison, IA",0
52632,22800,"Fort Madison, IA",0
52637,15460,"Burlington, IA-IL",0
52638,15460,"Burlington, IA-IL",0
52639,22800,"Fort Madison, IA",0
52646,15460,"Burlington, IA-IL",0
52650,15460,"Burlington, IA-IL",0
52655,15460,"Burlington, IA-IL",0
52656,22800,"Fort Madison, IA",0
52657,22800,"Fort Madison, IA",0
52658,22800,"Fort Madison, IA",0
52660,15460,"Burlington, IA-IL",0
52701,17540,"Clinton, IA",0
52720,34700,"Muscatine, IA",0
52722,19340,"Davenport-Moline-Rock Island, IA-IL",1
52726,19340,"Davenport-Moline-Rock Island, IA-IL",1
52727,17540,"Clinton, IA",0
52728,19340,"Davenport-Moline-Rock Island, IA-IL",1
52729,17540,"Clinton, IA",0
52730,17540,"Clinton, IA",0
52731,17540,"Clinton, IA",0
52732,17540,"Clinton, IA",0
52742,17540,"Clinton, IA",0
52745,19340,"Davenport-Moline-Rock Island, IA-IL",1
52746,19340,"Davenport-Moline-Rock Island, IA-IL",1
52747,34700,"Muscatine, IA",0
52748,19340,"Davenport-Moline-Rock Island, IA-IL",1
52749,34700,"Muscatine, IA",0
52750,17540,"Clinton, IA",0
52751,17540,"Clinton, IA",0
52753,19340,"Davenport-Moline-Rock Island, IA-IL",1
52754,34700,"Muscatine, IA",0
52755,26980,"Iowa City, IA",1
52756,19340,"Davenport-Moline-Rock Island, IA-IL",1
52757,17540,"Clinton, IA",0
52758,19340,"Davenport-Moline-Rock Island, IA-IL",1
52759,34700,"Muscatine, IA",0
52760,34700,"Muscatine, IA",0
52761,34700,"Muscatine, IA",0
52765,19340,"Davenport-Moline-Rock Island, IA-IL",1
52766,34700,"Muscatine, IA",0
52767,19340,"Davenport-Moline-Rock Island, IA-IL",1
52768,19340,"Davenport-Moline-Rock Island, IA-IL",1
52769,19340,"Davenport-Moline-Rock Island, IA-IL",1
52771,17540,"Clinton, IA",0
52773,19340,"Davenport-Moline-Rock Island, IA-IL",1
52774,17540,"Clinton, IA",0
52776,34700,"Muscatine, IA",0
52777,17540,"Clinton, IA",0
52801,19340,"Davenport-Moline-Rock Island, IA-IL",1
52802,19340,"Davenport-Moline-Rock Island, IA-IL",1
52803,19340,"Davenport-Moline-Rock Island, IA-IL",1
52804,19340,"Davenport-Moline-Rock Island, IA-IL",1
52806,19340,"Davenport-Moline-Rock Island, IA-IL",1
52807,19340,"Davenport-Moline-Rock Island, IA-IL",1
53001,43100,"Sheboygan, WI",1
53002,33340,"Milwaukee-Waukesha, WI",1
53003,13180,"Beaver Dam, WI",0
53004,33340,"Milwaukee-Waukesha, WI",1
53005,33340,"Milwaukee-Waukesha, WI",1
53006,13180,"Beaver Dam, WI",0
53007,33340,"Milwaukee-Waukesha, WI",1
53010,22540,"Fond du Lac, WI",1
53011,43100,"Sheboygan, WI",1
53012,33340,"Milwaukee-Waukesha, WI",1
53013,43100,"Sheboygan, WI",1
53014,11540,"Appleton, WI",1
53015,31820,"Manitowoc, WI",0
53016,13180,"Beaver Dam, WI",0
53017,33340,"Milwaukee-Waukesha, WI",1
53018,33340,"Milwaukee-Waukesha, WI",1
53019,22540,"Fond du Lac, WI",1
53020,43100,"Sheboygan, WI",1
53021,33340,"Milwaukee-Waukesha, WI",1
53022,33340,"Milwaukee-Waukesha, WI",1
53023,43100,"Sheboygan, WI",1
53024,33340,"Milwaukee-Waukesha, WI",1
53027,33340,"Milwaukee-Waukesha, WI",1
53029,33340,"Milwaukee-Waukesha, WI",1
53031,43100,"Sheboygan, WI",1
53032,13180,"Beaver Dam, WI",0
53033,33340,"Milwaukee-Waukesha, WI",1
53034,13180,"Beaver Dam, WI",0
53035,13180,"Beaver Dam, WI",0
53036,48020,"Watertown-Fort Atkinson, WI",0
53037,33340,"Milwaukee-Waukesha, WI",1
53038,48020,"Watertown-Fort Atkinson, WI",0
53039,13180,"Beaver Dam, WI",0
53040,33340,"Milwaukee-Waukesha, WI",1
53042,31820,"Manitowoc, WI",0
53044,43100,"Sheboygan, WI",1
53045,33340,"Milwaukee-Waukesha, WI",1
53046,33340,"Milwaukee-Waukesha, WI",1
53047,13180,"Beaver Dam, WI",0
53048,13180,"Beaver Dam, WI",0
53049,22540,"Fond du Lac, WI",1
53050,13180,"Beaver Dam, WI",0
53051,33340,"Milwaukee-Waukesha, WI",1
53057,22540,"Fond du Lac, WI",1
53058,33340,"Milwaukee-Waukesha, WI",1
53059,13180,"Beaver Dam, WI",0
53061,11540,"Appleton, WI",1
53063,31820,"Manitowoc, WI",0
53065,22540,"Fond du Lac, WI",1
53066,33340,"Milwaukee-Waukesha, WI",1
53069,33340,"Milwaukee-Waukesha, WI",1
53070,43100,"Sheboygan, WI",1
53072,33340,"Milwaukee-Waukesha, WI",1
53073,43100,"Sheboygan, WI",1
53074,33340,"Milwaukee-Waukesha, WI",1
53075,43100,"Sheboygan, WI",1
53076,33340,"Milwaukee-Waukesha, WI",1
53078,13180,"Beaver Dam, WI",0
53079,22540,"Fond du Lac, WI",1
53080,33340,"Milwaukee-Waukesha, WI",1
53081,43100,"Sheboygan, WI",1
53083,43100,"Sheboygan, WI",1
53085,43100,"Sheboygan, WI",1
53086,33340,"Milwaukee-Waukesha, WI",1
53088,11540,"Appleton, WI",1
53089,33340,"Milwaukee-Waukesha, WI",1
53090,33340,"Milwaukee-Waukesha, WI",1
53091,13180,"Beaver Dam, WI",0
53092,33340,"Milwaukee-Waukesha, WI",1
53093,43100,"Sheboygan, WI",1
53094,48020,"Watertown-Fort Atkinson, WI",0
53095,33340,"Milwaukee-Waukesha, WI",1
53097,33340,"Milwaukee-Waukesha, WI",1
53098,13180,"Beaver Dam, WI",0
53099,13180,"Beaver Dam, WI",0
53103,33340,"Milwaukee-Waukesha, WI",1
53104,28450,"Kenosha, WI",1
53105,39540,"Racine-Mount Pleasant, WI",1
53108,39540,"Racine-Mount Pleasant, WI",1
53110,33340,"Milwaukee-Waukesha, WI",1
53114,48580,"Whitewater-Elkhorn, WI",0
53115,48580,"Whitewater-Elkhorn, WI",0
53118,33340,"Milwaukee-Waukesha, WI",1
53119,33340,"Milwaukee-Waukesha, WI",1
53120,48580,"Whitewater-Elkhorn, WI",0
53121,48580,"Whitewater-Elkhorn, WI",0
53122,33340,"Milwaukee-Waukesha, WI",1
53125,48580,"Whitewater-Elkhorn, WI",0
53126,39540,"Racine-Mount Pleasant, WI",1
53127,33340,"Milwaukee-Waukesha, WI",1
53128,48580,"Whitewater-Elkhorn, WI",0
53129,33340,"Milwaukee-Waukesha, WI",1
53130,33340,"Milwaukee-Waukesha, WI",1
53132,33340,"Milwaukee-Waukesha, WI",1
53137,48020,"Watertown-Fort Atkinson, WI",0
53139,39540,"Racine-Mount Pleasant, WI",1
53140,28450,"Kenosha, WI",1
53142,28450,"Kenosha, WI",1
53143,28450,"Kenosha, WI",1
53144,28450,"Kenosha, WI",1
53146,33340,"Milwaukee-Waukesha, WI",1
53147,48580,"Whitewater-Elkhorn, WI",0
53149,33340,"Milwaukee-Waukesha, WI",1
53150,33340,"Milwaukee-Waukesha, WI",1
53151,33340,"Milwaukee-Waukesha, WI",1
53153,33340,"Milwaukee-Waukesha, WI",1
53154,33340,"Milwaukee-Waukesha, WI",1
53156,48020,"Watertown-Fort Atkinson, WI",0
53157,48580,"Whitewater-Elkhorn, WI",0
53158,28450,"Kenosha, WI",1
53167,39540,"Racine-Mount Pleasant, WI",1
53168,28450,"Kenosha, WI",1
53170,28450,"Kenosha, WI",1
53172,33340,"Milwaukee-Waukesha, WI",1
53176,48580,"Whitewater-Elkhorn, WI",0
53177,39540,"Racine-Mount Pleasant, WI",1
53178,48020,"Watertown-Fort Atkinson, WI",0
53179,28450,"Kenosha, WI",1
53181,28450,"Kenosha, WI",1
53182,39540,"Racine-Mount Pleasant, WI",1
53183,33340,"Milwaukee-Waukesha, WI",1
53184,48580,"Whitewater-Elkhorn, WI",0
53185,39540,"Racine-Mount Pleasant, WI",1
53186,33340,"Milwaukee-Waukesha, WI",1
53188,33340,"Milwaukee-Waukesha, WI",1
53189,33340,"Milwaukee-Waukesha, WI",1
53190,48580,"Whitewater-Elkhorn, WI",0
53191,48580,"Whitewater-Elkhorn, WI",0
53192,28450,"Kenosha, WI",1
53195,48580,"Whitewater-Elkhorn, WI",0
53202,33340,"Milwaukee-Waukesha, WI",1
53203,33340,"Milwaukee-Waukesha, WI",1
53204,33340,"Milwaukee-Waukesha, WI",1
53205,33340,"Milwaukee-Waukesha, WI",1
53206,33340,"Milwaukee-Waukesha, WI",1
53207,33340,"Milwaukee-Waukesha, WI",1
53208,33340,"Milwaukee-Waukesha, WI",1
53209,33340,"Milwaukee-Waukesha, WI",1
53210,33340,"Milwaukee-Waukesha, WI",1
53211,33340,"Milwaukee-Waukesha, WI",1
53212,33340,"Milwaukee-Waukesha, WI",1
53213,33340,"Milwaukee-Waukesha, WI",1
53214,33340,"Milwaukee-Waukesha, WI",1
53215,33340,"Milwaukee-Waukesha, WI",1
53216,33340,"Milwaukee-Waukesha, WI",1
53217,33340,"Milwaukee-Waukesha, WI",1
53218,33340,"Milwaukee-Waukesha, WI",1
53219,33340,"Milwaukee-Waukesha, WI",1
53220,33340,"Milwaukee-Waukesha, WI",1
53221,33340,"Milwaukee-Waukesha, WI",1
53222,33340,"Milwaukee-Waukesha, WI",1
53223,33340,"Milwaukee-Waukesha, WI",1
53224,33340,"Milwaukee-Waukesha, WI",1
53225,33340,"Milwaukee-Waukesha, WI",1
53226,33340,"Milwaukee-Waukesha, WI",1
53227,33340,"Milwaukee-Waukesha, WI",1
53228,33340,"Milwaukee-Waukesha, WI",1
53233,33340,"Milwaukee-Waukesha, WI",1
53235,33340,"Milwaukee-Waukesha, WI",1
53295,33340,"Milwaukee-Waukesha, WI",1
53402,39540,"Racine-Mount Pleasant, WI",1
53403,39540,"Racine-Mount Pleasant, WI",1
53404,39540,"Racine-Mount Pleasant, WI",1
53405,39540,"Racine-Mount Pleasant, WI",1
53406,39540,"Racine-Mount Pleasant, WI",1
53501,27500,"Janesville-Beloit, WI",1
53502,31540,"Madison, WI",1
53503,31540,"Madison, WI",1
53505,27500,"Janesville-Beloit, WI",1
53506,31540,"Madison, WI",1
53507,31540,"Madison, WI",1
53508,31540,"Madison, WI",1
53511,27500,"Janesville-Beloit, WI",1
53515,31540,"Madison, WI",1
53517,31540,"Madison, WI",1
53520,27500,"Janesville-Beloit, WI",1
53521,31540,"Madison, WI",1
53522,31540,"Madison, WI",1
53523,31540,"Madison, WI",1
53525,27500,"Janesville-Beloit, WI",1
53526,31540,"Madison, WI",1
53527,31540,"Madison, WI",1
53528,31540,"Madison, WI",1
53529,31540,"Madison, WI",1
53531,31540,"Madison, WI",1
53532,31540,"Madison, WI",1
53533,31540,"Madison, WI",1
53534,27500,"Janesville-Beloit, WI",1
53536,27500,"Janesville-Beloit, WI",1
53537,27500,"Janesville-Beloit, WI",1
53538,48020,"Watertown-Fort Atkinson, WI",0
53543,31540,"Madison, WI",1
53544,31540,"Madison, WI",1
53545,27500,"Janesville-Beloit, WI",1
53546,27500,"Janesville-Beloit, WI",1
53548,27500,"Janesville-Beloit, WI",1
53549,48020,"Watertown-Fort Atkinson, WI",0
53550,31540,"Madison, WI",1
53551,48020,"Watertown-Fort Atkinson, WI",0
53553,31540,"Madison, WI",1
53554,38420,"Platteville, WI",0
53555,31540,"Madison, WI",1
53557,13180,"Beaver Dam, WI",0
53558,31540,"Madison, WI",1
53559,31540,"Madison, WI",1
53560,31540,"Madison, WI",1
53561,12660,"Baraboo, WI",0
53562,31540,"Madison, WI",1
53563,27500,"Janesville-Beloit, WI",1
53565,31540,"Madison, WI",1
53566,31540,"Madison, WI",1
53569,38420,"Platteville, WI",0
53570,31540,"Madison, WI",1
53571,31540,"Madison, WI",1
53572,31540,"Madison, WI",1
53573,38420,"Platteville, WI",0
53574,31540,"Madison, WI",1
53575,31540,"Madison, WI",1
53576,27500,"Janesville-Beloit, WI",1
53577,12660,"Baraboo, WI",0
53578,12660,"Baraboo, WI",0
53579,13180,"Beaver Dam, WI",0
53580,31540,"Madison, WI",1
53582,31540,"Madison, WI",1
53583,12660,"Baraboo, WI",0
53585,48580,"Whitewater-Elkhorn, WI",0
53588,12660,"Baraboo, WI",0
53589,31540,"Madison, WI",1
53590,31540,"Madison, WI",1
53593,31540,"Madison, WI",1
53594,48020,"Watertown-Fort Atkinson, WI",0
53597,31540,"Madison, WI",1
53598,31540,"Madison, WI",1
53703,31540,"Madison, WI",1
53704,31540,"Madison, WI",1
53705,31540,"Madison, WI",1
53706,31540,"Madison, WI",1
53711,31540,"Madison, WI",1
53713,31540,"Madison, WI",1
53714,31540,"Madison, WI",1
53715,31540,"Madison, WI",1
53716,31540,"Madison, WI",1
53717,31540,"Madison, WI",1
53718,31540,"Madison, WI",1
53719,31540,"Madison, WI",1
53726,31540,"Madison, WI",1
53792,31540,"Madison, WI",1
53801,38420,"Platteville, WI",0
53802,38420,"Platteville, WI",0
53804,38420,"Platteville, WI",0
53805,38420,"Platteville, WI",0
53806,38420,"Platteville, WI",0
53807,38420,"Platteville, WI",0
53808,38420,"Platteville, WI",0
53809,38420,"Platteville, WI",0
53810,38420,"Platteville, WI",0
53811,38420,"Platteville, WI",0
53812,38420,"Platteville, WI",0
53813,38420,"Platteville, WI",0
53816,38420,"Platteville, WI",0
53817,38420,"Platteville, WI",0
53818,38420,"Platteville, WI",0
53820,38420,"Platteville, WI",0
53825,38420,"Platteville, WI",0
53827,38420,"Platteville, WI",0
53901,31540,"Madison, WI",1
53911,31540,"Madison, WI",1
53913,12660,"Baraboo, WI",0
53916,13180,"Beaver Dam, WI",0
53919,22540,"Fond du Lac, WI",1
53922,13180,"Beaver Dam, WI",0
53923,31540,"Madison, WI",1
53925,31540,"Madison, WI",1
53928,31540,"Madison, WI",1
53931,22540,"Fond du Lac, WI",1
53932,31540,"Madison, WI",1
53933,13180,"Beaver Dam, WI",0
53935,31540,"Madison, WI",1
53937,12660,"Baraboo, WI",0
53940,12660,"Baraboo, WI",0
53941,12660,"Baraboo, WI",0
53942,12660,"Baraboo, WI",0
53943,12660,"Baraboo, WI",0
53951,12660,"Baraboo, WI",0
53954,31540,"Madison, WI",1
53955,31540,"Madison, WI",1
53956,31540,"Madison, WI",1
53959,12660,"Baraboo, WI",0
53960,31540,"Madison, WI",1
53961,12660,"Baraboo, WI",0
53963,22540,"Fond du Lac, WI",1
53969,31540,"Madison, WI",1
54002,33460,"Minneapolis-St. Paul-Bloomington, MN-WI",1
54003,33460,"Minneapolis-St. Paul-Bloomington, MN-WI",1
54004,39960,"Rice Lake, WI",0
54007,33460,"Minneapolis-St. Paul-Bloomington, MN-WI",1
54011,33460,"Minneapolis-St. Paul-Bloomington, MN-WI",1
54013,33460,"Minneapolis-St. Paul-Bloomington, MN-WI",1
54014,33460,"Minneapolis-St. Paul-Bloomington, MN-WI",1
54015,33460,"Minneapolis-St. Paul-Bloomington, MN-WI",1
54016,33460,"Minneapolis-St. Paul-Bloomington, MN-WI",1
54017,33460,"Minneapolis-St. Paul-Bloomington, MN-WI",1
54021,33460,"Minneapolis-St. Paul-Bloomington, MN-WI",1
54022,33460,"Minneapolis-St. Paul-Bloomington, MN-WI",1
54023,33460,"Minneapolis-St. Paul-Bloomington, MN-WI",1
54025,33460,"Minneapolis-St. Paul-Bloomington, MN-WI",1
54027,33460,"Minneapolis-St. Paul-Bloomington, MN-WI",1
54028,33460,"Minneapolis-St. Paul-Bloomington, MN-WI",1
54082,33460,"Minneapolis-St. Paul-Bloomington, MN-WI",1
54101,24580,"Green Bay, WI",1
54102,31940,"Marinette, WI-MI",0
54104,31940,"Marinette, WI-MI",0
54106,11540,"Appleton, WI",1
54107,43020,"Shawano, WI",0
54110,11540,"Appleton, WI",1
54111,43020,"Shawano, WI",0
54112,31940,"Marinette, WI-MI",0
54113,11540,"Appleton, WI",1
54114,31940,"Marinette, WI-MI",0
54115,24580,"Green Bay, WI",1
54119,31940,"Marinette, WI-MI",0
54120,27020,"Iron Mountain, MI-WI",0
54121,27020,"Iron Mountain, MI-WI",0
54123,11540,"Appleton, WI",1
54124,24580,"Green Bay, WI",1
54125,31940,"Marinette, WI-MI",0
54126,24580,"Green Bay, WI",1
54127,43020,"Shawano, WI",0
54128,43020,"Shawano, WI",0
54129,11540,"Appleton, WI",1
54130,11540,"Appleton, WI",1
54135,43020,"Shawano, WI",0
54136,11540,"Appleton, WI",1
54137,43020,"Shawano, WI",0
54138,24580,"Green Bay, WI",1
54139,24580,"Green Bay, WI",1
54140,11540,"Appleton, WI",1
54141,24580,"Green Bay, WI",1
54143,31940,"Marinette, WI-MI",0
54149,24580,"Green Bay, WI",1
54150,43020,"Shawano, WI",0
54151,31940,"Marinette, WI-MI",0
54152,11540,"Appleton, WI",1
54153,24580,"Green Bay, WI",1
54154,24580,"Green Bay, WI",1
54155,24580,"Green Bay, WI",1
54156,31940,"Marinette, WI-MI",0
54157,31940,"Marinette, WI-MI",0
54159,31940,"Marinette, WI-MI",0
54160,11540,"Appleton, WI",1
54161,24580,"Green Bay, WI",1
54162,43020,"Shawano, WI",0
54165,11540,"Appleton, WI",1
54166,43020,"Shawano, WI",0
54169,11540,"Appleton, WI",1
54170,11540,"Appleton, WI",1
54171,24580,"Green Bay, WI",1
54173,24580,"Green Bay, WI",1
54174,24580,"Green Bay, WI",1
54175,24580,"Green Bay, WI",1
54177,31940,"Marinette, WI-MI",0
54180,24580,"Green Bay, WI",1
54201,24580,"Green Bay, WI",1
54205,24580,"Green Bay, WI",1
54207,31820,"Manitowoc, WI",0
54208,24580,"Green Bay, WI",1
54214,31820,"Manitowoc, WI",0
54215,31820,"Manitowoc, WI",0
54216,24580,"Green Bay, WI",1
54217,24580,"Green Bay, WI",1
54220,31820,"Manitowoc, WI",0
54227,31820,"Manitowoc, WI",0
54228,31820,"Manitowoc, WI",0
54229,24580,"Green Bay, WI",1
54230,31820,"Manitowoc, WI",0
54232,31820,"Manitowoc, WI",0
54241,31820,"Manitowoc, WI",0
54245,31820,"Manitowoc, WI",0
54247,31820,"Manitowoc, WI",0
54301,24580,"Green Bay, WI",1
54302,24580,"Green Bay, WI",1
54303,24580,"Green Bay, WI",1
54304,24580,"Green Bay, WI",1
54307,24580,"Green Bay, WI",1
54311,24580,"Green Bay, WI",1
54313,24580,"Green Bay, WI",1
54401,48140,"Wausau, WI",1
54403,48140,"Wausau, WI",1
54405,48140,"Wausau, WI",1
54406,44620,"Stevens Point-Plover, WI",0
54407,44620,"Stevens Point-Plover, WI",0
54408,48140,"Wausau, WI",1
54410,49220,"Wisconsin Rapids-Marshfield, WI",0
54411,48140,"Wausau, WI",1
54412,49220,"Wisconsin Rapids-Marshfield, WI",0
54413,49220,"Wisconsin Rapids-Marshfield, WI",0
54414,43020,"Shawano, WI",0
54416,43020,"Shawano, WI",0
54417,48140,"Wausau, WI",1
54421,48140,"Wausau, WI",1
54423,44620,"Stevens Point-Plover, WI",0
54426,48140,"Wausau, WI",1
54427,48140,"Wausau, WI",1
54440,48140,"Wausau, WI",1
54441,49220,"Wisconsin Rapids-Marshfield, WI",0
54443,44620,"Stevens Point-Plover, WI",0
54448,48140,"Wausau, WI",1
54449,49220,"Wisconsin Rapids-Marshfield, WI",0
54450,43020,"Shawano, WI",0
54454,49220,"Wisconsin Rapids-Marshfield, WI",0
54455,48140,"Wausau, WI",1
54458,44620,"Stevens Point-Plover, WI",0
54466,49220,"Wisconsin Rapids-Marshfield, WI",0
54467,44620,"Stevens Point-Plover, WI",0
54469,49220,"Wisconsin Rapids-Marshfield, WI",0
54471,48140,"Wausau, WI",1
54473,44620,"Stevens Point-Plover, WI",0
54474,48140,"Wausau, WI",1
54475,49220,"Wisconsin Rapids-Marshfield, WI",0
54476,48140,"Wausau, WI",1
54481,44620,"Stevens Point-Plover, WI",0
54482,44620,"Stevens Point-Plover, WI",0
54484,48140,"Wausau, WI",1
54486,43020,"Shawano, WI",0
54489,49220,"Wisconsin Rapids-Marshfield, WI",0
54494,49220,"Wisconsin Rapids-Marshfield, WI",0
54495,49220,"Wisconsin Rapids-Marshfield, WI",0
54499,43020,"Shawano, WI",0
54601,29100,"La Crosse-Onalaska, WI-MN",1
54603,29100,"La Crosse-Onalaska, WI-MN",1
54614,29100,"La Crosse-Onalaska, WI-MN",1
54619,43890,"Sparta, WI",0
54621,29100,"La Crosse-Onalaska, WI-MN",1
54623,29100,"La Crosse-Onalaska, WI-MN",1
54624,29100,"La Crosse-Onalaska, WI-MN",1
54632,29100,"La Crosse-Onalaska, WI-MN",1
54634,29100,"La Crosse-Onalaska, WI-MN",1
54636,29100,"La Crosse-Onalaska, WI-MN",1
54638,43890,"Sparta, WI",0
54639,29100,"La Crosse-Onalaska, WI-MN",1
54644,29100,"La Crosse-Onalaska, WI-MN",1
54648,43890,"Sparta, WI",0
54650,29100,"La Crosse-Onalaska, WI-MN",1
54651,29100,"La Crosse-Onalaska, WI-MN",1
54652,29100,"La Crosse-Onalaska, WI-MN",1
54653,29100,"La Crosse-Onalaska, WI-MN",1
54656,43890,"Sparta, WI",0
54658,29100,"La Crosse-Onalaska, WI-MN",1
54660,43890,"Sparta, WI",0
54665,29100,"La Crosse-Onalaska, WI-MN",1
54666,43890,"Sparta, WI",0
54667,29100,"La Crosse-Onalaska, WI-MN",1
54669,29100,"La Crosse-Onalaska, WI-MN",1
54670,43890,"Sparta, WI",0
54701,20740,"Eau Claire, WI",1
54703,20740,"Eau Claire, WI",1
54720,20740,"Eau Claire, WI",1
54722,20740,"Eau Claire, WI",1
54723,33460,"Minneapolis-St. Paul-Bloomington, MN-WI",1
54724,20740,"Eau Claire, WI",1
54725,32860,"Menomonie, WI",0
54726,20740,"Eau Claire, WI",1
54727,20740,"Eau Claire, WI",1
54728,39960,"Rice Lake, WI",0
54729,20740,"Eau Claire, WI",1
54730,32860,"Menomonie, WI",0
54732,20740,"Eau Claire, WI",1
54733,39960,"Rice Lake, WI",0
54734,32860,"Menomonie, WI",0
54737,32860,"Menomonie, WI",0
54738,20740,"Eau Claire, WI",1
54739,32860,"Menomonie, WI",0
54740,33460,"Minneapolis-St. Paul-Bloomington, MN-WI",1
54741,20740,"Eau Claire, WI",1
54742,20740,"Eau Claire, WI",1
54745,20740,"Eau Claire, WI",1
54748,20740,"Eau Claire, WI",1
54749,32860,"Menomonie, WI",0
54750,33460,"Minneapolis-St. Paul-Bloomington, MN-WI",1
54751,32860,"Menomonie, WI",0
54757,20740,"Eau Claire, WI",1
54761,33460,"Minneapolis-St. Paul-Bloomington, MN-WI",1
54762,39960,"Rice Lake, WI",0
54763,32860,"Menomonie, WI",0
54767,33460,"Minneapolis-St. Paul-Bloomington, MN-WI",1
54768,20740,"Eau Claire, WI",1
54772,32860,"Menomonie, WI",0
54805,39960,"Rice Lake, WI",0
54812,39960,"Rice Lake, WI",0
54820,20260,"Duluth, MN-WI",1
54822,39960,"Rice Lake, WI",0
54829,39960,"Rice Lake, WI",0
54836,20260,"Duluth, MN-WI",1
54838,20260,"Duluth, MN-WI",1
54841,39960,"Rice Lake, WI",0
54842,20260,"Duluth, MN-WI",1
54849,20260,"Duluth, MN-WI",1
54854,20260,"Duluth, MN-WI",1
54857,39960,"Rice Lake, WI",0
54864,20260,"Duluth, MN-WI",1
54868,39960,"Rice Lake, WI",0
54873,20260,"Duluth, MN-WI",1
54874,20260,"Duluth, MN-WI",1
54880,20260,"Duluth, MN-WI",1
54901,36780,"Oshkosh-Neenah, WI",1
54902,36780,"Oshkosh-Neenah, WI",1
54904,36780,"Oshkosh-Neenah, WI",1
54909,44620,"Stevens Point-Plover, WI",0
54911,11540,"Appleton, WI",1
54913,11540,"Appleton, WI",1
54914,11540,"Appleton, WI",1
54915,11540,"Appleton, WI",1
54921,44620,"Stevens Point-Plover, WI",0
54922,11540,"Appleton, WI",1
54927,36780,"Oshkosh-Neenah, WI",1
54928,43020,"Shawano, WI",0
54931,11540,"Appleton, WI",1
54932,22540,"Fond du Lac, WI",1
54935,22540,"Fond du Lac, WI",1
54937,22540,"Fond du Lac, WI",1
54942,11540,"Appleton, WI",1
54944,11540,"Appleton, WI",1
54947,36780,"Oshkosh-Neenah, WI",1
54948,43020,"Shawano, WI",0
54952,11540,"Appleton, WI",1
54956,36780,"Oshkosh-Neenah, WI",1
54963,36780,"Oshkosh-Neenah, WI",1
54964,36780,"Oshkosh-Neenah, WI",1
54971,22540,"Fond du Lac, WI",1
54974,22540,"Fond du Lac, WI",1
54978,43020,"Shawano, WI",0
54979,22540,"Fond du Lac, WI",1
54980,36780,"Oshkosh-Neenah, WI",1
54985,36780,"Oshkosh-Neenah, WI",1
54986,36780,"Oshkosh-Neenah, WI",1
55001,33460,"Minneapolis-St. Paul-Bloomington, MN-WI",1
55003,33460,"Minneapolis-St. Paul-Bloomington, MN-WI",1
55005,33460,"Minneapolis-St. Paul-Bloomington, MN-WI",1
55008,33460,"Minneapolis-St. Paul-Bloomington, MN-WI",1
55009,39860,"Red Wing, MN",0
55011,33460,"Minneapolis-St. Paul-Bloomington, MN-WI",1
55012,33460,"Minneapolis-St. Paul-Bloomington, MN-WI",1
55013,33460,"Minneapolis-St. Paul-Bloomington, MN-WI",1
55014,33460,"Minneapolis-St. Paul-Bloomington, MN-WI",1
55016,33460,"Minneapolis-St. Paul-Bloomington, MN-WI",1
55017,33460,"Minneapolis-St. Paul-Bloomington, MN-WI",1
55018,39860,"Red Wing, MN",0
55019,22060,"Faribault-Northfield, MN",0
55020,33460,"Minneapolis-St. Paul-Bloomington, MN-WI",1
55021,22060,"Faribault-Northfield, MN",0
55024,33460,"Minneapolis-St. Paul-Bloomington, MN-WI",1
55025,33460,"Minneapolis-St. Paul-Bloomington, MN-WI",1
55026,39860,"Red Wing, MN",0
55027,39860,"Red Wing, MN",0
55029,33460,"Minneapolis-St. Paul-Bloomington, MN-WI",1
55031,33460,"Minneapolis-St. Paul-Bloomington, MN-WI",1
55032,33460,"Minneapolis-St. Paul-Bloomington, MN-WI",1
55033,33460,"Minneapolis-St. Paul-Bloomington, MN-WI",1
55038,33460,"Minneapolis-St. Paul-Bloomington, MN-WI",1
55040,33460,"Minneapolis-St. Paul-Bloomington, MN-WI",1
55041,40340,"Rochester, MN",1
55042,33460,"Minneapolis-St. Paul-Bloomington, MN-WI",1
55043,33460,"Minneapolis-St. Paul-Bloomington, MN-WI",1
55044,33460,"Minneapolis-St. Paul-Bloomington, MN-WI",1
55045,33460,"Minneapolis-St. Paul-Bloomington, MN-WI",1
55046,22060,"Faribault-Northfield, MN",0
55047,33460,"Minneapolis-St. Paul-Bloomington, MN-WI",1
55049,36940,"Owatonna, MN",0
55052,22060,"Faribault-Northfield, MN",0
55053,22060,"Faribault-Northfield, MN",0
55054,33460,"Minneapolis-St. Paul-Bloomington, MN-WI",1
55055,33460,"Minneapolis-St. Paul-Bloomington, MN-WI",1
55056,33460,"Minneapolis-St. Paul-Bloomington, MN-WI",1
55057,22060,"Faribault-Northfield, MN",0
55060,36940,"Owatonna, MN",0
55065,33460,"Minneapolis-St. Paul-Bloomington, MN-WI",1
55066,39860,"Red Wing, MN",0
55068,33460,"Minneapolis-St. Paul-Bloomington, MN-WI",1
55069,33460,"Minneapolis-St. Paul-Bloomington, MN-WI",1
55070,33460,"Minneapolis-St. Paul-Bloomington, MN-WI",1
55071,33460,"Minneapolis-St. Paul-Bloomington, MN-WI",1
55073,33460,"Minneapolis-St. Paul-Bloomington, MN-WI",1
55074,33460,"Minneapolis-St. Paul-Bloomington, MN-WI",1
55075,33460,"Minneapolis-St. Paul-Bloomington, MN-WI",1
55076,33460,"Minneapolis-St. Paul-Bloomington, MN-WI",1
55077,33460,"Minneapolis-St. Paul-Bloomington, MN-WI",1
55079,33460,"Minneapolis-St. Paul-Bloomington, MN-WI",1
55080,33460,"Minneapolis-St. Paul-Bloomington, MN-WI",1
55082,33460,"Minneapolis-St. Paul-Bloomington, MN-WI",1
55084,33460,"Minneapolis-St. Paul-Bloomington, MN-WI",1
55085,33460,"Minneapolis-St. Paul-Bloomington, MN-WI",1
55087,22060,"Faribault-Northfield, MN",0
55088,22060,"Faribault-Northfield, MN",0
55089,39860,"Red Wing, MN",0
55090,33460,"Minneapolis-St. Paul-Bloomington, MN-WI",1
55092,33460,"Minneapolis-St. Paul-Bloomington, MN-WI",1
55101,33460,"Minneapolis-St. Paul-Bloomington, MN-WI",1
55102,33460,"Minneapolis-St. Paul-Bloomington, MN-WI",1
55103,33460,"Minneapolis-St. Paul-Bloomington, MN-WI",1
55104,33460,"Minneapolis-St. Paul-Bloomington, MN-WI",1
55105,33460,"Minneapolis-St. Paul-Bloomington, MN-WI",1
55106,33460,"Minneapolis-St. Paul-Bloomington, MN-WI",1
55107,33460,"Minneapolis-St. Paul-Bloomington, MN-WI",1
55108,33460,"Minneapolis-St. Paul-Bloomington, MN-WI",1
55109,33460,"Minneapolis-St. Paul-Bloomington, MN-WI",1
55110,33460,"Minneapolis-St. Paul-Bloomington, MN-WI",1
55111,33460,"Minneapolis-St. Paul-Bloomington, MN-WI",1
55112,33460,"Minneapolis-St. Paul-Bloomington, MN-WI",1
55113,33460,"Minneapolis-St. Paul-Bloomington, MN-WI",1
55114,33460,"Minneapolis-St. Paul-Bloomington, MN-WI",1
55115,33460,"Minneapolis-St. Paul-Bloomington, MN-WI",1
55116,33460,"Minneapolis-St. Paul-Bloomington, MN-WI",1
55117,33460,"Minneapolis-St. Paul-Bloomington, MN-WI",1
55118,33460,"Minneapolis-St. Paul-Bloomington, MN-WI",1
55119,33460,"Minneapolis-St. Paul-Bloomington, MN-WI",1
55120,33460,"Minneapolis-St. Paul-Bloomington, MN-WI",1
55121,33460,"Minneapolis-St. Paul-Bloomington, MN-WI",1
55122,33460,"Minneapolis-St. Paul-Bloomington, MN-WI",1
55123,33460,"Minneapolis-St. Paul-Bloomington, MN-WI",1
55124,33460,"Minneapolis-St. Paul-Bloomington, MN-WI",1
55125,33460,"Minneapolis-St. Paul-Bloomington, MN-WI",1
55126,33460,"Minneapolis-St. Paul-Bloomington, MN-WI",1
55127,33460,"Minneapolis-St. Paul-Bloomington, MN-WI",1
55128,33460,"Minneapolis-St. Paul-Bloomington, MN-WI",1
55129,33460,"Minneapolis-St. Paul-Bloomington, MN-WI",1
55130,33460,"Minneapolis-St. Paul-Bloomington, MN-WI",1
55150,33460,"Minneapolis-St. Paul-Bloomington, MN-WI",1
55155,33460,"Minneapolis-St. Paul-Bloomington, MN-WI",1
55301,33460,"Minneapolis-St. Paul-Bloomington, MN-WI",1
55302,33460,"Minneapolis-St. Paul-Bloomington, MN-WI",1
55303,33460,"Minneapolis-St. Paul-Bloomington, MN-WI",1
55304,33460,"Minneapolis-St. Paul-Bloomington, MN-WI",1
55305,33460,"Minneapolis-St. Paul-Bloomington, MN-WI",1
55306,33460,"Minneapolis-St. Paul-Bloomington, MN-WI",1
55308,33460,"Minneapolis-St. Paul-Bloomington, MN-WI",1
55309,33460,"Minneapolis-St. Paul-Bloomington, MN-WI",1
55311,33460,"Minneapolis-St. Paul-Bloomington, MN-WI",1
55312,26780,"Hutchinson, MN",0
55313,33460,"Minneapolis-St. Paul-Bloomington, MN-WI",1
55315,33460,"Minneapolis-St. Paul-Bloomington, MN-WI",1
55316,33460,"Minneapolis-St. Paul-Bloomington, MN-WI",1
55317,33460,"Minneapolis-St. Paul-Bloomington, MN-WI",1
55318,33460,"Minneapolis-St. Paul-Bloomington, MN-WI",1
55319,33460,"Minneapolis-St. Paul-Bloomington, MN-WI",1
55320,41060,"St. Cloud, MN",1
55321,33460,"Minneapolis-St. Paul-Bloomington, MN-WI",1
55322,33460,"Minneapolis-St. Paul-Bloomington, MN-WI",1
55327,33460,"Minneapolis-St. Paul-Bloomington, MN-WI",1
55328,33460,"Minneapolis-St. Paul-Bloomington, MN-WI",1
55330,33460,"Minneapolis-St. Paul-Bloomington, MN-WI",1
55331,33460,"Minneapolis-St. Paul-Bloomington, MN-WI",1
55336,26780,"Hutchinson, MN",0
55337,33460,"Minneapolis-St. Paul-Bloomington, MN-WI",1
55339,33460,"Minneapolis-St. Paul-Bloomington, MN-WI",1
55340,33460,"Minneapolis-St. Paul-Bloomington, MN-WI",1
55341,33460,"Minneapolis-St. Paul-Bloomington, MN-WI",1
55343,33460,"Minneapolis-St. Paul-Bloomington, MN-WI",1
55344,33460,"Minneapolis-St. Paul-Bloomington, MN-WI",1
55345,33460,"Minneapolis-St. Paul-Bloomington, MN-WI",1
55346,33460,"Minneapolis-St. Paul-Bloomington, MN-WI",1
55347,33460,"Minneapolis-St. Paul-Bloomington, MN-WI",1
55349,33460,"Minneapolis-St. Paul-Bloomington, MN-WI",1
55350,26780,"Hutchinson, MN",0
55352,33460,"Minneapolis-St. Paul-Bloomington, MN-WI",1
55353,41060,"St. Cloud, MN",1
55354,26780,"Hutchinson, MN",0
55356,33460,"Minneapolis-St. Paul-Bloomington, MN-WI",1
55357,33460,"Minneapolis-St. Paul-Bloomington, MN-WI",1
55358,33460,"Minneapolis-St. Paul-Bloomington, MN-WI",1
55359,33460,"Minneapolis-St. Paul-Bloomington, MN-WI",1
55360,33460,"Minneapolis-St. Paul-Bloomington, MN-WI",1
55362,33460,"Minneapolis-St. Paul-Bloomington, MN-WI",1
55363,33460,"Minneapolis-St. Paul-Bloomington, MN-WI",1
55364,33460,"Minneapolis-St. Paul-Bloomington, MN-WI",1
55367,33460,"Minneapolis-St. Paul-Bloomington, MN-WI",1
55368,33460,"Minneapolis-St. Paul-Bloomington, MN-WI",1
55369,33460,"Minneapolis-St. Paul-Bloomington, MN-WI",1
55370,26780,"Hutchinson, MN",0
55371,33460,"Minneapolis-St. Paul-Bloomington, MN-WI",1
55372,33460,"Minneapolis-St. Paul-Bloomington, MN-WI",1
55373,33460,"Minneapolis-St. Paul-Bloomington, MN-WI",1
55374,33460,"Minneapolis-St. Paul-Bloomington, MN-WI",1
55375,33460,"Minneapolis-St. Paul-Bloomington, MN-WI",1
55376,33460,"Minneapolis-St. Paul-Bloomington, MN-WI",1
55378,33460,"Minneapolis-St. Paul-Bloomington, MN-WI",1
55379,33460,"Minneapolis-St. Paul-Bloomington, MN-WI",1
55381,26780,"Hutchinson, MN",0
55382,41060,"St. Cloud, MN",1
55384,33460,"Minneapolis-St. Paul-Bloomington, MN-WI",1
55385,26780,"Hutchinson, MN",0
55386,33460,"Minneapolis-St. Paul-Bloomington, MN-WI",1
55387,33460,"Minneapolis-St. Paul-Bloomington, MN-WI",1
55388,33460,"Minneapolis-St. Paul-Bloomington, MN-WI",1
55390,33460,"Minneapolis-St. Paul-Bloomington, MN-WI",1
55391,33460,"Minneapolis-St. Paul-Bloomington, MN-WI",1
55395,26780,"Hutchinson, MN",0
55397,33460,"Minneapolis-St. Paul-Bloomington, MN-WI",1
55398,33460,"Minneapolis-St. Paul-Bloomington, MN-WI",1
55401,33460,"Minneapolis-St. Paul-Bloomington, MN-WI",1
55402,33460,"Minneapolis-St. Paul-Bloomington, MN-WI",1
55403,33460,"Minneapolis-St. Paul-Bloomington, MN-WI",1
55404,33460,"Minneapolis-St. Paul-Bloomington, MN-WI",1
55405,33460,"Minneapolis-St. Paul-Bloomington, MN-WI",1
55406,33460,"Minneapolis-St. Paul-Bloomington, MN-WI",1
55407,33460,"Minneapolis-St. Paul-Bloomington, MN-WI",1
55408,33460,"Minneapolis-St. Paul-Bloomington, MN-WI",1
55409,33460,"Minneapolis-St. Paul-Bloomington, MN-WI",1
55410,33460,"Minneapolis-St. Paul-Bloomington, MN-WI",1
55411,33460,"Minneapolis-St. Paul-Bloomington, MN-WI",1
55412,33460,"Minneapolis-St. Paul-Bloomington, MN-WI",1
55413,33460,"Minneapolis-St. Paul-Bloomington, MN-WI",1
55414,33460,"Minneapolis-St. Paul-Bloomington, MN-WI",1
55415,33460,"Minneapolis-St. Paul-Bloomington, MN-WI",1
55416,33460,"Minneapolis-St. Paul-Bloomington, MN-WI",1
55417,33460,"Minneapolis-St. Paul-Bloomington, MN-WI",1
55418,33460,"Minneapolis-St. Paul-Bloomington, MN-WI",1
55419,33460,"Minneapolis-St. Paul-Bloomington, MN-WI",1
55420,33460,"Minneapolis-St. Paul-Bloomington, MN-WI",1
55421,33460,"Minneapolis-St. Paul-Bloomington, MN-WI",1
55422,33460,"Minneapolis-St. Paul-Bloomington, MN-WI",1
55423,33460,"Minneapolis-St. Paul-Bloomington, MN-WI",1
55424,33460,"Minneapolis-St. Paul-Bloomington, MN-WI",1
55425,33460,"Minneapolis-St. Paul-Bloomington, MN-WI",1
55426,33460,"Minneapolis-St. Paul-Bloomington, MN-WI",1
55427,33460,"Minneapolis-St. Paul-Bloomington, MN-WI",1
55428,33460,"Minneapolis-St. Paul-Bloomington, MN-WI",1
55429,33460,"Minneapolis-St. Paul-Bloomington, MN-WI",1
55430,33460,"Minneapolis-St. Paul-Bloomington, MN-WI",1
55431,33460,"Minneapolis-St. Paul-Bloomington, MN-WI",1
55432,33460,"Minneapolis-St. Paul-Bloomington, MN-WI",1
55433,33460,"Minneapolis-St. Paul-Bloomington, MN-WI",1
55434,33460,"Minneapolis-St. Paul-Bloomington, MN-WI",1
55435,33460,"Minneapolis-St. Paul-Bloomington, MN-WI",1
55436,33460,"Minneapolis-St. Paul-Bloomington, MN-WI",1
55437,33460,"Minneapolis-St. Paul-Bloomington, MN-WI",1
55438,33460,"Minneapolis-St. Paul-Bloomington, MN-WI",1
55439,33460,"Minneapolis-St. Paul-Bloomington, MN-WI",1
55441,33460,"Minneapolis-St. Paul-Bloomington, MN-WI",1
55442,33460,"Minneapolis-St. Paul-Bloomington, MN-WI",1
55443,33460,"Minneapolis-St. Paul-Bloomington, MN-WI",1
55444,33460,"Minneapolis-St. Paul-Bloomington, MN-WI",1
55445,33460,"Minneapolis-St. Paul-Bloomington, MN-WI",1
55446,33460,"Minneapolis-St. Paul-Bloomington, MN-WI",1
55447,33460,"Minneapolis-St. Paul-Bloomington, MN-WI",1
55448,33460,"Minneapolis-St. Paul-Bloomington, MN-WI",1
55449,33460,"Minneapolis-St. Paul-Bloomington, MN-WI",1
55450,33460,"Minneapolis-St. Paul-Bloomington, MN-WI",1
55454,33460,"Minneapolis-St. Paul-Bloomington, MN-WI",1
55455,33460,"Minneapolis-St. Paul-Bloomington, MN-WI",1
55602,20260,"Duluth, MN-WI",1
55702,20260,"Duluth, MN-WI",1
55703,20260,"Duluth, MN-WI",1
55705,20260,"Duluth, MN-WI",1
55706,20260,"Duluth, MN-WI",1
55707,20260,"Duluth, MN-WI",1
55708,20260,"Duluth, MN-WI",1
55709,24330,"Grand Rapids, MN",0
55710,20260,"Duluth, MN-WI",1
55711,20260,"Duluth, MN-WI",1
55713,20260,"Duluth, MN-WI",1
55716,24330,"Grand Rapids, MN",0
55717,20260,"Duluth, MN-WI",1
55718,20260,"Duluth, MN-WI",1
55719,20260,"Duluth, MN-WI",1
55720,20260,"Duluth, MN-WI",1
55721,24330,"Grand Rapids, MN",0
55722,24330,"Grand Rapids, MN",0
55723,20260,"Duluth, MN-WI",1
55724,20260,"Duluth, MN-WI",1
55725,20260,"Duluth, MN-WI",1
55726,20260,"Duluth, MN-WI",1
55732,20260,"Duluth, MN-WI",1
55733,20260,"Duluth, MN-WI",1
55734,20260,"Duluth, MN-WI",1
55736,20260,"Duluth, MN-WI",1
55738,20260,"Duluth, MN-WI",1
55741,20260,"Duluth, MN-WI",1
55742,24330,"Grand Rapids, MN",0
55744,24330,"Grand Rapids, MN",0
55746,20260,"Duluth, MN-WI",1
55749,20260,"Duluth, MN-WI",1
55750,20260,"Duluth, MN-WI",1
55751,20260,"Duluth, MN-WI",1
55753,24330,"Grand Rapids, MN",0
55757,20260,"Duluth, MN-WI",1
55758,20260,"Duluth, MN-WI",1
55763,20260,"Duluth, MN-WI",1
55764,24330,"Grand Rapids, MN",0
55765,20260,"Duluth, MN-WI",1
55767,20260,"Duluth, MN-WI",1
55768,20260,"Duluth, MN-WI",1
55769,24330,"Grand Rapids, MN",0
55771,20260,"Duluth, MN-WI",1
55775,24330,"Grand Rapids, MN",0
55779,20260,"Duluth, MN-WI",1
55780,20260,"Duluth, MN-WI",1
55781,24330,"Grand Rapids, MN",0
55782,20260,"Duluth, MN-WI",1
55784,24330,"Grand Rapids, MN",0
55786,24330,"Grand Rapids, MN",0
55790,20260,"Duluth, MN-WI",1
55792,20260,"Duluth, MN-WI",1
55793,24330,"Grand Rapids, MN",0
55797,20260,"Duluth, MN-WI",1
55798,20260,"Duluth, MN-WI",1
55802,20260,"Duluth, MN-WI",1
55803,20260,"Duluth, MN-WI",1
55804,20260,"Duluth, MN-WI",1
55805,20260,"Duluth, MN-WI",1
55806,20260,"Duluth, MN-WI",1
55807,20260,"Duluth, MN-WI",1
55808,20260,"Duluth, MN-WI",1
55810,20260,"Duluth, MN-WI",1
55811,20260,"Duluth, MN-WI",1
55812,20260,"Duluth, MN-WI",1
55814,20260,"Duluth, MN-WI",1
55901,40340,"Rochester, MN",1
55902,40340,"Rochester, MN",1
55903,40340,"Rochester, MN",1
55904,40340,"Rochester, MN",1
55905,40340,"Rochester, MN",1
55906,40340,"Rochester, MN",1
55909,12380,"Austin, MN",0
55910,49100,"Winona, MN",0
55912,12380,"Austin, MN",0
55917,36940,"Owatonna, MN",0
55918,12380,"Austin, MN",0
55919,29100,"La Crosse-Onalaska, WI-MN",1
55920,40340,"Rochester, MN",1
55921,29100,"La Crosse-Onalaska, WI-MN",1
55922,40340,"Rochester, MN",1
55923,40340,"Rochester, MN",1
55924,40340,"Rochester, MN",1
55925,49100,"Winona, MN",0
55926,12380,"Austin, MN",0
55927,40340,"Rochester, MN",1
55929,40340,"Rochester, MN",1
55931,29100,"La Crosse-Onalaska, WI-MN",1
55932,40340,"Rochester, MN",1
55933,12380,"Austin, MN",0
55934,40340,"Rochester, MN",1
55935,40340,"Rochester, MN",1
55936,12380,"Austin, MN",0
55939,40340,"Rochester, MN",1
55940,40340,"Rochester, MN",1
55941,29100,"La Crosse-Onalaska, WI-MN",1
55943,29100,"La Crosse-Onalaska, WI-MN",1
55944,40340,"Rochester, MN",1
55945,40340,"Rochester, MN",1
55946,39860,"Red Wing, MN",0
55947,29100,"La Crosse-Onalaska, WI-MN",1
55949,40340,"Rochester, MN",1
55950,12380,"Austin, MN",0
55951,12380,"Austin, MN",0
55952,49100,"Winona, MN",0
55953,12380,"Austin, MN",0
55954,40340,"Rochester, MN",1
55955,40340,"Rochester, MN",1
55956,40340,"Rochester, MN",1
55957,40340,"Rochester, MN",1
55959,49100,"Winona, MN",0
55960,40340,"Rochester, MN",1
55961,12380,"Austin, MN",0
55962,40340,"Rochester, MN",1
55963,39860,"Red Wing, MN",0
55964,40340,"Rochester, MN",1
55965,40340,"Rochester, MN",1
55967,12380,"Austin, MN",0
55968,40340,"Rochester, MN",1
55969,49100,"Winona, MN",0
55970,12380,"Austin, MN",0
55971,40340,"Rochester, MN",1
55972,49100,"Winona, MN",0
55973,12380,"Austin, MN",0
55974,29100,"La Crosse-Onalaska, WI-MN",1
55975,40340,"Rochester, MN",1
55976,40340,"Rochester, MN",1
55977,12380,"Austin, MN",0
55979,49100,"Winona, MN",0
55981,40340,"Rochester, MN",1
55982,12380,"Austin, MN",0
55983,39860,"Red Wing, MN",0
55985,40340,"Rochester, MN",1
55987,49100,"Winona, MN",0
55990,40340,"Rochester, MN",1
55991,40340,"Rochester, MN",1
55992,39860,"Red Wing, MN",0
56001,31860,"Mankato, MN",1
56003,31860,"Mankato, MN",1
56007,10660,"Albert Lea, MN",0
56009,10660,"Albert Lea, MN",0
56010,31860,"Mankato, MN",1
56011,33460,"Minneapolis-St. Paul-Bloomington, MN-WI",1
56016,10660,"Albert Lea, MN",0
56017,33460,"Minneapolis-St. Paul-Bloomington, MN-WI",1
56019,35580,"New Ulm, MN",0
56020,10660,"Albert Lea, MN",0
56021,31860,"Mankato, MN",1
56024,31860,"Mankato, MN",1
56026,36940,"Owatonna, MN",0
56028,33460,"Minneapolis-St. Paul-Bloomington, MN-WI",1
56029,10660,"Albert Lea, MN",0
56030,35580,"New Ulm, MN",0
56031,21860,"Fairmont, MN",0
56032,10660,"Albert Lea, MN",0
56034,31860,"Mankato, MN",1
56035,10660,"Albert Lea, MN",0
56036,10660,"Albert Lea, MN",0
56037,31860,"Mankato, MN",1
56039,21860,"Fairmont, MN",0
56041,35580,"New Ulm, MN",0
56042,10660,"Albert Lea, MN",0
56043,10660,"Albert Lea, MN",0
56045,10660,"Albert Lea, MN",0
56046,36940,"Owatonna, MN",0
56050,33460,"Minneapolis-St. Paul-Bloomington, MN-WI",1
56052,33460,"Minneapolis-St. Paul-Bloomington, MN-WI",1
56054,31860,"Mankato, MN",1
56055,31860,"Mankato, MN",1
56057,33460,"Minneapolis-St. Paul-Bloomington, MN-WI",1
56058,33460,"Minneapolis-St. Paul-Bloomington, MN-WI",1
56063,31860,"Mankato, MN",1
56065,31860,"Mankato, MN",1
56068,31860,"Mankato, MN",1
56069,33460,"Minneapolis-St. Paul-Bloomington, MN-WI",1
56071,33460,"Minneapolis-St. Paul-Bloomington, MN-WI",1
56073,35580,"New Ulm, MN",0
56074,31860,"Mankato, MN",1
56075,21860,"Fairmont, MN",0
56078,31860,"Mankato, MN",1
56080,31860,"Mankato, MN",1
56082,31860,"Mankato, MN",1
56085,35580,"New Ulm, MN",0
56087,35580,"New Ulm, MN",0
56088,21860,"Fairmont, MN",0
56089,10660,"Albert Lea, MN",0
56090,31860,"Mankato, MN",1
56096,33460,"Minneapolis-St. Paul-Bloomington, MN-WI",1
56110,49380,"Worthington, MN",0
56115,32140,"Marshall, MN",0
56116,43620,"Sioux Falls, SD-MN",1
56117,49380,"Worthington, MN",0
56119,49380,"Worthington, MN",0
56121,21860,"Fairmont, MN",0
56127,21860,"Fairmont, MN",0
56129,49380,"Worthington, MN",0
56132,32140,"Marshall, MN",0
56134,43620,"Sioux Falls, SD-MN",1
56138,43620,"Sioux Falls, SD-MN",1
56144,43620,"Sioux Falls, SD-MN",1
56146,43620,"Sioux Falls, SD-MN",1
56147,43620,"Sioux Falls, SD-MN",1
56153,49380,"Worthington, MN",0
56155,49380,"Worthington, MN",0
56156,43620,"Sioux Falls, SD-MN",1
56157,32140,"Marshall, MN",0
56158,43620,"Sioux Falls, SD-MN",1
56160,21860,"Fairmont, MN",0
56162,21860,"Fairmont, MN",0
56165,49380,"Worthington, MN",0
56168,49380,"Worthington, MN",0
56169,32140,"Marshall, MN",0
56171,21860,"Fairmont, MN",0
56173,43620,"Sioux Falls, SD-MN",1
56175,32140,"Marshall, MN",0
56176,21860,"Fairmont, MN",0
56181,21860,"Fairmont, MN",0
56185,49380,"Worthington, MN",0
56187,49380,"Worthington, MN",0
56201,48820,"Willmar, MN",0
56209,48820,"Willmar, MN",0
56216,48820,"Willmar, MN",0
56229,32140,"Marshall, MN",0
56239,32140,"Marshall, MN",0
56251,48820,"Willmar, MN",0
56253,48820,"Willmar, MN",0
56258,32140,"Marshall, MN",0
56264,32140,"Marshall, MN",0
56273,48820,"Willmar, MN",0
56279,48820,"Willmar, MN",0
56281,48820,"Willmar, MN",0
56282,48820,"Willmar, MN",0
56288,48820,"Willmar, MN",0
56289,48820,"Willmar, MN",0
56301,41060,"St. Cloud, MN",1
56303,41060,"St. Cloud, MN",1
56304,33460,"Minneapolis-St. Paul-Bloomington, MN-WI",1
56307,41060,"St. Cloud, MN",1
56308,10820,"Alexandria, MN",0
56310,41060,"St. Cloud, MN",1
56312,41060,"St. Cloud, MN",1
56313,33460,"Minneapolis-St. Paul-Bloomington, MN-WI",1
56315,10820,"Alexandria, MN",0
56319,10820,"Alexandria, MN",0
56320,41060,"St. Cloud, MN",1
56321,41060,"St. Cloud, MN",1
56324,22260,"Fergus Falls, MN",0
56325,41060,"St. Cloud, MN",1
56326,10820,"Alexandria, MN",0
56329,41060,"St. Cloud, MN",1
56330,33460,"Minneapolis-St. Paul-Bloomington, MN-WI",1
56331,41060,"St. Cloud, MN",1
56332,10820,"Alexandria, MN",0
56335,41060,"St. Cloud, MN",1
56340,41060,"St. Cloud, MN",1
56343,10820,"Alexandria, MN",0
56352,41060,"St. Cloud, MN",1
56353,33460,"Minneapolis-St. Paul-Bloomington, MN-WI",1
56354,10820,"Alexandria, MN",0
56355,10820,"Alexandria, MN",0
56356,41060,"St. Cloud, MN",1
56357,41060,"St. Cloud, MN",1
56359,33460,"Minneapolis-St. Paul-Bloomington, MN-WI",1
56361,22260,"Fergus Falls, MN",0
56362,41060,"St. Cloud, MN",1
56363,33460,"Minneapolis-St. Paul-Bloomington, MN-WI",1
56367,41060,"St. Cloud, MN",1
56368,41060,"St. Cloud, MN",1
56369,41060,"St. Cloud, MN",1
56371,41060,"St. Cloud, MN",1
56374,41060,"St. Cloud, MN",1
56375,41060,"St. Cloud, MN",1
56376,41060,"St. Cloud, MN",1
56377,41060,"St. Cloud, MN",1
56378,41060,"St. Cloud, MN",1
56379,41060,"St. Cloud, MN",1
56386,33460,"Minneapolis-St. Paul-Bloomington, MN-WI",1
56387,41060,"St. Cloud, MN",1
56401,14660,"Brainerd, MN",0
56425,14660,"Brainerd, MN",0
56435,14660,"Brainerd, MN",0
56441,14660,"Brainerd, MN",0
56442,14660,"Brainerd, MN",0
56444,14660,"Brainerd, MN",0
56447,14660,"Brainerd, MN",0
56448,14660,"Brainerd, MN",0
56449,14660,"Brainerd, MN",0
56450,14660,"Brainerd, MN",0
56452,14660,"Brainerd, MN",0
56453,22260,"Fergus Falls, MN",0
56455,14660,"Brainerd, MN",0
56465,14660,"Brainerd, MN",0
56466,14660,"Brainerd, MN",0
56468,14660,"Brainerd, MN",0
56472,14660,"Brainerd, MN",0
56473,14660,"Brainerd, MN",0
56474,14660,"Brainerd, MN",0
56484,14660,"Brainerd, MN",0
56501,19810,"Detroit Lakes, MN",0
56511,19810,"Detroit Lakes, MN",0
56514,22020,"Fargo, ND-MN",1
56515,22260,"Fergus Falls, MN",0
56517,24220,"Grand Forks, ND-MN",1
56518,22260,"Fergus Falls, MN",0
56520,47420,"Wahpeton, ND-MN",0
56521,19810,"Detroit Lakes, MN",0
56522,47420,"Wahpeton, ND-MN",0
56523,24220,"Grand Forks, ND-MN",1
56524,22260,"Fergus Falls, MN",0
56525,22020,"Fargo, ND-MN",1
56527,22260,"Fergus Falls, MN",0
56528,22260,"Fergus Falls, MN",0
56529,22020,"Fargo, ND-MN",1
56533,22260,"Fergus Falls, MN",0
56534,22260,"Fergus Falls, MN",0
56535,24220,"Grand Forks, ND-MN",1
56536,22020,"Fargo, ND-MN",1
56537,22260,"Fergus Falls, MN",0
56540,24220,"Grand Forks, ND-MN",1
56542,24220,"Grand Forks, ND-MN",1
56543,47420,"Wahpeton, ND-MN",0
56544,19810,"Detroit Lakes, MN",0
56546,22020,"Fargo, ND-MN",1
56547,22020,"Fargo, ND-MN",1
56549,22020,"Fargo, ND-MN",1
56551,22260,"Fergus Falls, MN",0
56552,22020,"Fargo, ND-MN",1
56553,47420,"Wahpeton, ND-MN",0
56554,19810,"Detroit Lakes, MN",0
56556,24220,"Grand Forks, ND-MN",1
56560,22020,"Fargo, ND-MN",1
56562,22020,"Fargo, ND-MN",1
56563,22020,"Fargo, ND-MN",1
56565,47420,"Wahpeton, ND-MN",0
56567,22260,"Fergus Falls, MN",0
56568,24220,"Grand Forks, ND-MN",1
56569,19810,"Detroit Lakes, MN",0
56570,19810,"Detroit Lakes, MN",0
56571,22260,"Fergus Falls, MN",0
56572,22260,"Fergus Falls, MN",0
56573,22260,"Fergus Falls, MN",0
56575,19810,"Detroit Lakes, MN",0
56576,22260,"Fergus Falls, MN",0
56578,19810,"Detroit Lakes, MN",0
56579,47420,"Wahpeton, ND-MN",0
56580,22020,"Fargo, ND-MN",1
56585,22020,"Fargo, ND-MN",1
56586,22260,"Fergus Falls, MN",0
56587,22260,"Fergus Falls, MN",0
56588,22260,"Fergus Falls, MN",0
56591,19810,"Detroit Lakes, MN",0
56592,24220,"Grand Forks, ND-MN",1
56594,47420,"Wahpeton, ND-MN",0
56601,13420,"Bemidji, MN",0
56626,14660,"Brainerd, MN",0
56628,24330,"Grand Rapids, MN",0
56630,13420,"Bemidji, MN",0
56633,14660,"Brainerd, MN",0
56636,24330,"Grand Rapids, MN",0
56637,24330,"Grand Rapids, MN",0
56639,24330,"Grand Rapids, MN",0
56641,14660,"Brainerd, MN",0
56646,24220,"Grand Forks, ND-MN",1
56647,13420,"Bemidji, MN",0
56650,13420,"Bemidji, MN",0
56655,14660,"Brainerd, MN",0
56657,24330,"Grand Rapids, MN",0
56659,24330,"Grand Rapids, MN",0
56662,14660,"Brainerd, MN",0
56663,13420,"Bemidji, MN",0
56666,13420,"Bemidji, MN",0
56667,13420,"Bemidji, MN",0
56670,13420,"Bemidji, MN",0
56672,14660,"Brainerd, MN",0
56678,13420,"Bemidji, MN",0
56680,24330,"Grand Rapids, MN",0
56681,24330,"Grand Rapids, MN",0
56683,13420,"Bemidji, MN",0
56684,24220,"Grand Forks, ND-MN",1
56685,13420,"Bemidji, MN",0
56688,24330,"Grand Rapids, MN",0
56716,24220,"Grand Forks, ND-MN",1
56721,24220,"Grand Forks, ND-MN",1
56722,24220,"Grand Forks, ND-MN",1
56723,24220,"Grand Forks, ND-MN",1
56727,13420,"Bemidji, MN",0
56736,24220,"Grand Forks, ND-MN",1
56762,24220,"Grand Forks, ND-MN",1
57001,43580,"Sioux City, IA-NE-SD",1
57002,15100,"Brookings, SD",0
57003,43620,"Sioux Falls, SD-MN",1
57004,43620,"Sioux Falls, SD-MN",1
57005,43620,"Sioux Falls, SD-MN",1
57006,15100,"Brookings, SD",0
57007,15100,"Brookings, SD",0
57010,46820,"Vermillion, SD",0
57012,43620,"Sioux Falls, SD-MN",1
57013,43620,"Sioux Falls, SD-MN",1
57014,43620,"Sioux Falls, SD-MN",1
57015,43620,"Sioux Falls, SD-MN",1
57018,43620,"Sioux Falls, SD-MN",1
57020,43620,"Sioux Falls, SD-MN",1
57021,43620,"Sioux Falls, SD-MN",1
57022,43620,"Sioux Falls, SD-MN",1
57025,43580,"Sioux City, IA-NE-SD",1
57026,15100,"Brookings, SD",0
57027,43620,"Sioux Falls, SD-MN",1
57030,43620,"Sioux Falls, SD-MN",1
57031,49460,"Yankton, SD",0
57032,43620,"Sioux Falls, SD-MN",1
57033,43620,"Sioux Falls, SD-MN",1
57034,43620,"Sioux Falls, SD-MN",1
57035,43620,"Sioux Falls, SD-MN",1
57036,43620,"Sioux Falls, SD-MN",1
57037,49460,"Yankton, SD",0
57038,43580,"Sioux City, IA-NE-SD",1
57039,43620,"Sioux Falls, SD-MN",1
57040,49460,"Yankton, SD",0
57041,43620,"Sioux Falls, SD-MN",1
57043,43620,"Sioux Falls, SD-MN",1
57046,49460,"Yankton, SD",0
57047,43620,"Sioux Falls, SD-MN",1
57048,43620,"Sioux Falls, SD-MN",1
57049,43580,"Sioux City, IA-NE-SD",1
57053,43620,"Sioux Falls, SD-MN",1
57055,43620,"Sioux Falls, SD-MN",1
57058,43620,"Sioux Falls, SD-MN",1
57061,15100,"Brookings, SD",0
57064,43620,"Sioux Falls, SD-MN",1
57067,49460,"Yankton, SD",0
57068,43620,"Sioux Falls, SD-MN",1
57069,46820,"Vermillion, SD",0
57070,43620,"Sioux Falls, SD-MN",1
57071,15100,"Brookings, SD",0
57072,49460,"Yankton, SD",0
57073,46820,"Vermillion, SD",0
57077,43620,"Sioux Falls, SD-MN",1
57078,49460,"Yankton, SD",0
57103,43620,"Sioux Falls, SD-MN",1
57104,43620,"Sioux Falls, SD-MN",1
57105,43620,"Sioux Falls, SD-MN",1
57106,43620,"Sioux Falls, SD-MN",1
57107,43620,"Sioux Falls, SD-MN",1
57108,43620,"Sioux Falls, SD-MN",1
57110,43620,"Sioux Falls, SD-MN",1
57117,43620,"Sioux Falls, SD-MN",1
57197,43620,"Sioux Falls, SD-MN",1
57201,47980,"Watertown, SD",0
57220,15100,"Brookings, SD",0
57235,47980,"Watertown, SD",0
57243,47980,"Watertown, SD",0
57245,47980,"Watertown, SD",0
57263,47980,"Watertown, SD",0
57272,47980,"Watertown, SD",0
57276,15100,"Brookings, SD",0
57301,33580,"Mitchell, SD",0
57311,33580,"Mitchell, SD",0
57312,26700,"Huron, SD",0
57314,33580,"Mitchell, SD",0
57319,43620,"Sioux Falls, SD-MN",1
57322,26700,"Huron, SD",0
57324,26700,"Huron, SD",0
57332,33580,"Mitchell, SD",0
57334,33580,"Mitchell, SD",0
57340,33580,"Mitchell, SD",0
57348,26700,"Huron, SD",0
57350,26700,"Huron, SD",0
57359,33580,"Mitchell, SD",0
57363,33580,"Mitchell, SD",0
57374,43620,"Sioux Falls, SD-MN",1
57379,26700,"Huron, SD",0
57384,26700,"Huron, SD",0
57385,33580,"Mitchell, SD",0
57386,26700,"Huron, SD",0
57401,10100,"Aberdeen, SD",0
57426,10100,"Aberdeen, SD",0
57427,10100,"Aberdeen, SD",0
57428,10100,"Aberdeen, SD",0
57432,10100,"Aberdeen, SD",0
57433,10100,"Aberdeen, SD",0
57439,10100,"Aberdeen, SD",0
57441,10100,"Aberdeen, SD",0
57445,10100,"Aberdeen, SD",0
57446,10100,"Aberdeen, SD",0
57449,10100,"Aberdeen, SD",0
57451,10100,"Aberdeen, SD",0
57460,10100,"Aberdeen, SD",0
57471,10100,"Aberdeen, SD",0
57474,10100,"Aberdeen, SD",0
57479,10100,"Aberdeen, SD",0
57481,10100,"Aberdeen, SD",0
57501,38180,"Pierre, SD",0
57522,38180,"Pierre, SD",0
57532,38180,"Pierre, SD",0
57536,38180,"Pierre, SD",0
57537,38180,"Pierre, SD",0
57701,39660,"Rapid City, SD",1
57702,39660,"Rapid City, SD",1
57703,39660,"Rapid City, SD",1
57706,39660,"Rapid City, SD",1
57718,39660,"Rapid City, SD",1
57719,39660,"Rapid City, SD",1
57725,39660,"Rapid City, SD",1
57730,39660,"Rapid City, SD",1
57732,43940,"Spearfish, SD",0
57737,39660,"Rapid City, SD",1
57738,39660,"Rapid City, SD",1
57741,39660,"Rapid City, SD",1
57744,39660,"Rapid City, SD",1
57745,39660,"Rapid City, SD",1
57748,39660,"Rapid City, SD",1
57751,39660,"Rapid City, SD",1
57754,43940,"Spearfish, SD",0
57758,39660,"Rapid City, SD",1
57759,43940,"Spearfish, SD",0
57761,39660,"Rapid City, SD",1
57767,39660,"Rapid City, SD",1
57769,39660,"Rapid City, SD",1
57773,39660,"Rapid City, SD",1
57775,39660,"Rapid City, SD",1
57779,43940,"Spearfish, SD",0
57780,39660,"Rapid City, SD",1
57783,43940,"Spearfish, SD",0
57785,39660,"Rapid City, SD",1
57787,39660,"Rapid City, SD",1
57790,39660,"Rapid City, SD",1
57791,39660,"Rapid City, SD",1
57792,39660,"Rapid City, SD",1
57793,43940,"Spearfish, SD",0
57799,43940,"Spearfish, SD",0
58001,47420,"Wahpeton, ND-MN",0
58002,22020,"Fargo, ND-MN",1
58004,22020,"Fargo, ND-MN",1
58005,22020,"Fargo, ND-MN",1
58006,22020,"Fargo, ND-MN",1
58007,22020,"Fargo, ND-MN",1
58008,47420,"Wahpeton, ND-MN",0
58011,22020,"Fargo, ND-MN",1
58012,22020,"Fargo, ND-MN",1
58015,47420,"Wahpeton, ND-MN",0
58018,47420,"Wahpeton, ND-MN",0
58021,22020,"Fargo, ND-MN",1
58029,22020,"Fargo, ND-MN",1
58030,47420,"Wahpeton, ND-MN",0
58031,22020,"Fargo, ND-MN",1
58036,22020,"Fargo, ND-MN",1
58041,47420,"Wahpeton, ND-MN",0
58042,22020,"Fargo, ND-MN",1
58047,22020,"Fargo, ND-MN",1
58048,22020,"Fargo, ND-MN",1
58051,22020,"Fargo, ND-MN",1
58052,22020,"Fargo, ND-MN",1
58053,47420,"Wahpeton, ND-MN",0
58057,47420,"Wahpeton, ND-MN",0
58058,47420,"Wahpeton, ND-MN",0
58059,22020,"Fargo, ND-MN",1
58061,47420,"Wahpeton, ND-MN",0
58064,22020,"Fargo, ND-MN",1
58071,22020,"Fargo, ND-MN",1
58074,47420,"Wahpeton, ND-MN",0
58075,47420,"Wahpeton, ND-MN",0
58076,47420,"Wahpeton, ND-MN",0
58077,47420,"Wahpeton, ND-MN",0
58078,22020,"Fargo, ND-MN",1
58079,22020,"Fargo, ND-MN",1
58081,47420,"Wahpeton, ND-MN",0
58102,22020,"Fargo, ND-MN",1
58103,22020,"Fargo, ND-MN",1
58104,22020,"Fargo, ND-MN",1
58105,22020,"Fargo, ND-MN",1
58201,24220,"Grand Forks, ND-MN",1
58202,24220,"Grand Forks, ND-MN",1
58203,24220,"Grand Forks, ND-MN",1
58204,24220,"Grand Forks, ND-MN",1
58205,24220,"Grand Forks, ND-MN",1
58214,24220,"Grand Forks, ND-MN",1
58228,24220,"Grand Forks, ND-MN",1
58235,24220,"Grand Forks, ND-MN",1
58244,24220,"Grand Forks, ND-MN",1
58251,24220,"Grand Forks, ND-MN",1
58256,24220,"Grand Forks, ND-MN",1
58258,24220,"Grand Forks, ND-MN",1
58266,24220,"Grand Forks, ND-MN",1
58267,24220,"Grand Forks, ND-MN",1
58275,24220,"Grand Forks, ND-MN",1
58278,24220,"Grand Forks, ND-MN",1
58401,27420,"Jamestown, ND",0
58402,27420,"Jamestown, ND",0
58405,27420,"Jamestown, ND",0
58420,27420,"Jamestown, ND",0
58424,27420,"Jamestown, ND",0
58426,27420,"Jamestown, ND",0
58455,27420,"Jamestown, ND",0
58467,27420,"Jamestown, ND",0
58472,27420,"Jamestown, ND",0
58476,27420,"Jamestown, ND",0
58477,13900,"Bismarck, ND",1
58483,27420,"Jamestown, ND",0
58494,13900,"Bismarck, ND",1
58496,27420,"Jamestown, ND",0
58497,27420,"Jamestown, ND",0
58501,13900,"Bismarck, ND",1
58503,13900,"Bismarck, ND",1
58504,13900,"Bismarck, ND",1
58505,13900,"Bismarck, ND",1
58520,13900,"Bismarck, ND",1
58521,13900,"Bismarck, ND",1
58530,13900,"Bismarck, ND",1
58532,13900,"Bismarck, ND",1
58535,13900,"Bismarck, ND",1
58554,13900,"Bismarck, ND",1
58558,13900,"Bismarck, ND",1
58560,13900,"Bismarck, ND",1
58563,13900,"Bismarck, ND",1
58566,13900,"Bismarck, ND",1
58570,13900,"Bismarck, ND",1
58572,13900,"Bismarck, ND",1
58579,13900,"Bismarck, ND",1
58601,19860,"Dickinson, ND",0
58622,19860,"Dickinson, ND",0
58625,19860,"Dickinson, ND",0
58626,19860,"Dickinson, ND",0
58627,19860,"Dickinson, ND",0
58630,19860,"Dickinson, ND",0
58631,13900,"Bismarck, ND",1
58636,19860,"Dickinson, ND",0
58638,13900,"Bismarck, ND",1
58640,19860,"Dickinson, ND",0
58641,19860,"Dickinson, ND",0
58642,19860,"Dickinson, ND",0
58644,19860,"Dickinson, ND",0
58645,19860,"Dickinson, ND",0
58652,19860,"Dickinson, ND",0
58655,19860,"Dickinson, ND",0
58656,19860,"Dickinson, ND",0
58701,33500,"Minot, ND",1
58703,33500,"Minot, ND",1
58704,33500,"Minot, ND",1
58705,33500,"Minot, ND",1
58707,33500,"Minot, ND",1
58710,33500,"Minot, ND",1
58712,33500,"Minot, ND",1
58713,33500,"Minot, ND",1
58718,33500,"Minot, ND",1
58722,33500,"Minot, ND",1
58725,33500,"Minot, ND",1
58731,33500,"Minot, ND",1
58733,33500,"Minot, ND",1
58734,33500,"Minot, ND",1
58735,33500,"Minot, ND",1
58736,33500,"Minot, ND",1
58740,33500,"Minot, ND",1
58741,33500,"Minot, ND",1
58744,33500,"Minot, ND",1
58746,33500,"Minot, ND",1
58755,48780,"Williston, ND",0
58756,33500,"Minot, ND",1
58757,19860,"Dickinson, ND",0
58761,33500,"Minot, ND",1
58768,33500,"Minot, ND",1
58781,33500,"Minot, ND",1
58782,33500,"Minot, ND",1
58785,33500,"Minot, ND",1
58787,33500,"Minot, ND",1
58788,33500,"Minot, ND",1
58789,33500,"Minot, ND",1
58790,33500,"Minot, ND",1
58792,33500,"Minot, ND",1
58801,48780,"Williston, ND",0
58830,48780,"Williston, ND",0
58843,48780,"Williston, ND",0
58845,48780,"Williston, ND",0
58849,48780,"Williston, ND",0
58852,48780,"Williston, ND",0
58853,48780,"Williston, ND",0
58856,48780,"Williston, ND",0
59001,13740,"Billings, MT",1
59002,13740,"Billings, MT",1
59006,13740,"Billings, MT",1
59007,13740,"Billings, MT",1
59008,13740,"Billings, MT",1
59013,13740,"Billings, MT",1
59014,13740,"Billings, MT",1
59015,13740,"Billings, MT",1
59019,13740,"Billings, MT",1
59024,13740,"Billings, MT",1
59026,13740,"Billings, MT",1
59028,13740,"Billings, MT",1
59029,13740,"Billings, MT",1
59037,13740,"Billings, MT",1
59041,13740,"Billings, MT",1
59044,13740,"Billings, MT",1
59057,13740,"Billings, MT",1
59061,13740,"Billings, MT",1
59063,13740,"Billings, MT",1
59067,13740,"Billings, MT",1
59068,13740,"Billings, MT",1
59069,13740,"Billings, MT",1
59070,13740,"Billings, MT",1
59071,13740,"Billings, MT",1
59079,13740,"Billings, MT",1
59088,13740,"Billings, MT",1
59101,13740,"Billings, MT",1
59102,13740,"Billings, MT",1
59105,13740,"Billings, MT",1
59106,13740,"Billings, MT",1
59401,24500,"Great Falls, MT",1
59404,24500,"Great Falls, MT",1
59405,24500,"Great Falls, MT",1
59410,25740,"Helena, MT",1
59412,24500,"Great Falls, MT",1
59414,24500,"Great Falls, MT",1
59421,24500,"Great Falls, MT",1
59443,24500,"Great Falls, MT",1
59463,24500,"Great Falls, MT",1
59465,24500,"Great Falls, MT",1
59472,24500,"Great Falls, MT",1
59477,24500,"Great Falls, MT",1
59480,24500,"Great Falls, MT",1
59483,24500,"Great Falls, MT",1
59485,24500,"Great Falls, MT",1
59487,24500,"Great Falls, MT",1
59601,25740,"Helena, MT",1
59602,25740,"Helena, MT",1
59623,25740,"Helena, MT",1
59625,25740,"Helena, MT",1
59631,25740,"Helena, MT",1
59632,25740,"Helena, MT",1
59633,25740,"Helena, MT",1
59634,25740,"Helena, MT",1
59635,25740,"Helena, MT",1
59636,25740,"Helena, MT",1
59638,25740,"Helena, MT",1
59639,25740,"Helena, MT",1
59640,25740,"Helena, MT",1
59643,25740,"Helena, MT",1
59644,25740,"Helena, MT",1
59647,25740,"Helena, MT",1
59648,25740,"Helena, MT",1
59701,15580,"Butte-Silver Bow, MT",0
59714,14580,"Bozeman, MT",1
59715,14580,"Bozeman, MT",1
59718,14580,"Bozeman, MT",1
59721,25740,"Helena, MT",1
59727,15580,"Butte-Silver Bow, MT",0
59730,14580,"Bozeman, MT",1
59741,14580,"Bozeman, MT",1
59748,15580,"Butte-Silver Bow, MT",0
59750,15580,"Butte-Silver Bow, MT",0
59752,14580,"Bozeman, MT",1
59758,14580,"Bozeman, MT",1
59759,25740,"Helena, MT",1
59760,14580,"Bozeman, MT",1
59801,33540,"Missoula, MT",1
59802,33540,"Missoula, MT",1
59803,33540,"Missoula, MT",1
59804,33540,"Missoula, MT",1
59808,33540,"Missoula, MT",1
59812,33540,"Missoula, MT",1
59820,33540,"Missoula, MT",1
59821,33540,"Missoula, MT",1
59823,33540,"Missoula, MT",1
59826,33540,"Missoula, MT",1
59830,33540,"Missoula, MT",1
59834,33540,"Missoula, MT",1
59842,33540,"Missoula, MT",1
59846,33540,"Missoula, MT",1
59847,33540,"Missoula, MT",1
59851,33540,"Missoula, MT",1
59866,33540,"Missoula, MT",1
59867,33540,"Missoula, MT",1
59868,33540,"Missoula, MT",1
59872,33540,"Missoula, MT",1
59901,28060,"Kalispell, MT",0
59912,28060,"Kalispell, MT",0
59913,28060,"Kalispell, MT",0
59916,28060,"Kalispell, MT",0
59919,28060,"Kalispell, MT",0
59920,28060,"Kalispell, MT",0
59922,28060,"Kalispell, MT",0
59925,28060,"Kalispell, MT",0
59926,28060,"Kalispell, MT",0
59927,28060,"Kalispell, MT",0
59928,28060,"Kalispell, MT",0
59932,28060,"Kalispell, MT",0
59936,28060,"Kalispell, MT",0
59937,28060,"Kalispell, MT",0
60002,16980,"Chicago-Naperville-Elgin, IL-IN",1
60004,16980,"Chicago-Naperville-Elgin, IL-IN",1
60005,16980,"Chicago-Naperville-Elgin, IL-IN",1
60007,16980,"Chicago-Naperville-Elgin, IL-IN",1
60008,16980,"Chicago-Naperville-Elgin, IL-IN",1
60010,16980,"Chicago-Naperville-Elgin, IL-IN",1
60012,16980,"Chicago-Naperville-Elgin, IL-IN",1
60013,16980,"Chicago-Naperville-Elgin, IL-IN",1
60014,16980,"Chicago-Naperville-Elgin, IL-IN",1
60015,16980,"Chicago-Naperville-Elgin, IL-IN",1
60016,16980,"Chicago-Naperville-Elgin, IL-IN",1
60018,16980,"Chicago-Naperville-Elgin, IL-IN",1
60020,16980,"Chicago-Naperville-Elgin, IL-IN",1
60021,16980,"Chicago-Naperville-Elgin, IL-IN",1
60022,16980,"Chicago-Naperville-Elgin, IL-IN",1
60025,16980,"Chicago-Naperville-Elgin, IL-IN",1
60026,16980,"Chicago-Naperville-Elgin, IL-IN",1
60029,16980,"Chicago-Naperville-Elgin, IL-IN",1
60030,16980,"Chicago-Naperville-Elgin, IL-IN",1
60031,16980,"Chicago-Naperville-Elgin, IL-IN",1
60033,16980,"Chicago-Naperville-Elgin, IL-IN",1
60034,16980,"Chicago-Naperville-Elgin, IL-IN",1
60035,16980,"Chicago-Naperville-Elgin, IL-IN",1
60040,16980,"Chicago-Naperville-Elgin, IL-IN",1
60041,16980,"Chicago-Naperville-Elgin, IL-IN",1
60042,16980,"Chicago-Naperville-Elgin, IL-IN",1
60043,16980,"Chicago-Naperville-Elgin, IL-IN",1
60044,16980,"Chicago-Naperville-Elgin, IL-IN",1
60045,16980,"Chicago-Naperville-Elgin, IL-IN",1
60046,16980,"Chicago-Naperville-Elgin, IL-IN",1
60047,16980,"Chicago-Naperville-Elgin, IL-IN",1
60048,16980,"Chicago-Naperville-Elgin, IL-IN",1
60050,16980,"Chicago-Naperville-Elgin, IL-IN",1
60051,16980,"Chicago-Naperville-Elgin, IL-IN",1
60053,16980,"Chicago-Naperville-Elgin, IL-IN",1
60056,16980,"Chicago-Naperville-Elgin, IL-IN",1
60060,16980,"Chicago-Naperville-Elgin, IL-IN",1
60061,16980,"Chicago-Naperville-Elgin, IL-IN",1
60062,16980,"Chicago-Naperville-Elgin, IL-IN",1
60064,16980,"Chicago-Naperville-Elgin, IL-IN",1
60067,16980,"Chicago-Naperville-Elgin, IL-IN",1
60068,16980,"Chicago-Naperville-Elgin, IL-IN",1
60069,16980,"Chicago-Naperville-Elgin, IL-IN",1
60070,16980,"Chicago-Naperville-Elgin, IL-IN",1
60071,16980,"Chicago-Naperville-Elgin, IL-IN",1
60072,16980,"Chicago-Naperville-Elgin, IL-IN",1
60073,16980,"Chicago-Naperville-Elgin, IL-IN",1
60074,16980,"Chicago-Naperville-Elgin, IL-IN",1
60075,16980,"Chicago-Naperville-Elgin, IL-IN",1
60076,16980,"Chicago-Naperville-Elgin, IL-IN",1
60077,16980,"Chicago-Naperville-Elgin, IL-IN",1
60081,16980,"Chicago-Naperville-Elgin, IL-IN",1
60083,16980,"Chicago-Naperville-Elgin, IL-IN",1
60084,16980,"Chicago-Naperville-Elgin, IL-IN",1
60085,16980,"Chicago-Naperville-Elgin, IL-IN",1
60087,16980,"Chicago-Naperville-Elgin, IL-IN",1
60088,16980,"Chicago-Naperville-Elgin, IL-IN",1
60089,16980,"Chicago-Naperville-Elgin, IL-IN",1
60090,16980,"Chicago-Naperville-Elgin, IL-IN",1
60091,16980,"Chicago-Naperville-Elgin, IL-IN",1
60093,16980,"Chicago-Naperville-Elgin, IL-IN",1
60096,16980,"Chicago-Naperville-Elgin, IL-IN",1
60097,16980,"Chicago-Naperville-Elgin, IL-IN",1
60098,16980,"Chicago-Naperville-Elgin, IL-IN",1
60099,16980,"Chicago-Naperville-Elgin, IL-IN",1
60101,16980,"Chicago-Naperville-Elgin, IL-IN",1
60102,16980,"Chicago-Naperville-Elgin, IL-IN",1
60103,16980,"Chicago-Naperville-Elgin, IL-IN",1
60104,16980,"Chicago-Naperville-Elgin, IL-IN",1
60106,16980,"Chicago-Naperville-Elgin, IL-IN",1
60107,16980,"Chicago-Naperville-Elgin, IL-IN",1
60108,16980,"Chicago-Naperville-Elgin, IL-IN",1
60109,16980,"Chicago-Naperville-Elgin, IL-IN",1
60110,16980,"Chicago-Naperville-Elgin, IL-IN",1
60111,16980,"Chicago-Naperville-Elgin, IL-IN",1
60112,16980,"Chicago-Naperville-Elgin, IL-IN",1
60113,40300,"Rochelle, IL",0
60115,16980,"Chicago-Naperville-Elgin, IL-IN",1
60118,16980,"Chicago-Naperville-Elgin, IL-IN",1
60119,16980,"Chicago-Naperville-Elgin, IL-IN",1
60120,16980,"Chicago-Naperville-Elgin, IL-IN",1
60123,16980,"Chicago-Naperville-Elgin, IL-IN",1
60124,16980,"Chicago-Naperville-Elgin, IL-IN",1
60126,16980,"Chicago-Naperville-Elgin, IL-IN",1
60129,40300,"Rochelle, IL",0
60130,16980,"Chicago-Naperville-Elgin, IL-IN",1
60131,16980,"Chicago-Naperville-Elgin, IL-IN",1
60133,16980,"Chicago-Naperville-Elgin, IL-IN",1
60134,16980,"Chicago-Naperville-Elgin, IL-IN",1
60135,16980,"Chicago-Naperville-Elgin, IL-IN",1
60136,16980,"Chicago-Naperville-Elgin, IL-IN",1
60137,16980,"Chicago-Naperville-Elgin, IL-IN",1
60139,16980,"Chicago-Naperville-Elgin, IL-IN",1
60140,16980,"Chicago-Naperville-Elgin, IL-IN",1
60141,16980,"Chicago-Naperville-Elgin, IL-IN",1
60142,16980,"Chicago-Naperville-Elgin, IL-IN",1
60143,16980,"Chicago-Naperville-Elgin, IL-IN",1
60144,16980,"Chicago-Naperville-Elgin, IL-IN",1
60145,16980,"Chicago-Naperville-Elgin, IL-IN",1
60146,16980,"Chicago-Naperville-Elgin, IL-IN",1
60148,16980,"Chicago-Naperville-Elgin, IL-IN",1
60150,16980,"Chicago-Naperville-Elgin, IL-IN",1
60151,16980,"Chicago-Naperville-Elgin, IL-IN",1
60152,16980,"Chicago-Naperville-Elgin, IL-IN",1
60153,16980,"Chicago-Naperville-Elgin, IL-IN",1
60154,16980,"Chicago-Naperville-Elgin, IL-IN",1
60155,16980,"Chicago-Naperville-Elgin, IL-IN",1
60156,16980,"Chicago-Naperville-Elgin, IL-IN",1
60157,16980,"Chicago-Naperville-Elgin, IL-IN",1
60160,16980,"Chicago-Naperville-Elgin, IL-IN",1
60162,16980,"Chicago-Naperville-Elgin, IL-IN",1
60163,16980,"Chicago-Naperville-Elgin, IL-IN",1
60164,16980,"Chicago-Naperville-Elgin, IL-IN",1
60165,16980,"Chicago-Naperville-Elgin, IL-IN",1
60169,16980,"Chicago-Naperville-Elgin, IL-IN",1
60171,16980,"Chicago-Naperville-Elgin, IL-IN",1
60172,16980,"Chicago-Naperville-Elgin, IL-IN",1
60173,16980,"Chicago-Naperville-Elgin, IL-IN",1
60174,16980,"Chicago-Naperville-Elgin, IL-IN",1
60175,16980,"Chicago-Naperville-Elgin, IL-IN",1
60176,16980,"Chicago-Naperville-Elgin, IL-IN",1
60177,16980,"Chicago-Naperville-Elgin, IL-IN",1
60178,16980,"Chicago-Naperville-Elgin, IL-IN",1
60180,16980,"Chicago-Naperville-Elgin, IL-IN",1
60181,16980,"Chicago-Naperville-Elgin, IL-IN",1
60183,16980,"Chicago-Naperville-Elgin, IL-IN",1
60184,16980,"Chicago-Naperville-Elgin, IL-IN",1
60185,16980,"Chicago-Naperville-Elgin, IL-IN",1
60187,16980,"Chicago-Naperville-Elgin, IL-IN",1
60188,16980,"Chicago-Naperville-Elgin, IL-IN",1
60189,16980,"Chicago-Naperville-Elgin, IL-IN",1
60190,16980,"Chicago-Naperville-Elgin, IL-IN",1
60191,16980,"Chicago-Naperville-Elgin, IL-IN",1
60192,16980,"Chicago-Naperville-Elgin, IL-IN",1
60193,16980,"Chicago-Naperville-Elgin, IL-IN",1
60194,16980,"Chicago-Naperville-Elgin, IL-IN",1
60195,16980,"Chicago-Naperville-Elgin, IL-IN",1
60201,16980,"Chicago-Naperville-Elgin, IL-IN",1
60202,16980,"Chicago-Naperville-Elgin, IL-IN",1
60203,16980,"Chicago-Naperville-Elgin, IL-IN",1
60208,16980,"Chicago-Naperville-Elgin, IL-IN",1
60301,16980,"Chicago-Naperville-Elgin, IL-IN",1
60302,16980,"Chicago-Naperville-Elgin, IL-IN",1
60304,16980,"Chicago-Naperville-Elgin, IL-IN",1
60305,16980,"Chicago-Naperville-Elgin, IL-IN",1
60401,16980,"Chicago-Naperville-Elgin, IL-IN",1
60402,16980,"Chicago-Naperville-Elgin, IL-IN",1
60403,16980,"Chicago-Naperville-Elgin, IL-IN",1
60404,16980,"Chicago-Naperville-Elgin, IL-IN",1
60406,16980,"Chicago-Naperville-Elgin, IL-IN",1
60407,16980,"Chicago-Naperville-Elgin, IL-IN",1
60408,16980,"Chicago-Naperville-Elgin, IL-IN",1
60409,16980,"Chicago-Naperville-Elgin, IL-IN",1
60410,16980,"Chicago-Naperville-Elgin, IL-IN",1
60411,16980,"Chicago-Naperville-Elgin, IL-IN",1
60415,16980,"Chicago-Naperville-Elgin, IL-IN",1
60416,16980,"Chicago-Naperville-Elgin, IL-IN",1
60417,16980,"Chicago-Naperville-Elgin, IL-IN",1
60418,16980,"Chicago-Naperville-Elgin, IL-IN",1
60419,16980,"Chicago-Naperville-Elgin, IL-IN",1
60420,38700,"Pontiac, IL",0
60421,16980,"Chicago-Naperville-Elgin, IL-IN",1
60422,16980,"Chicago-Naperville-Elgin, IL-IN",1
60423,16980,"Chicago-Naperville-Elgin, IL-IN",1
60424,16980,"Chicago-Naperville-Elgin, IL-IN",1
60425,16980,"Chicago-Naperville-Elgin, IL-IN",1
60426,16980,"Chicago-Naperville-Elgin, IL-IN",1
60428,16980,"Chicago-Naperville-Elgin, IL-IN",1
60429,16980,"Chicago-Naperville-Elgin, IL-IN",1
60430,16980,"Chicago-Naperville-Elgin, IL-IN",1
60431,16980,"Chicago-Naperville-Elgin, IL-IN",1
60432,16980,"Chicago-Naperville-Elgin, IL-IN",1
60433,16980,"Chicago-Naperville-Elgin, IL-IN",1
60435,16980,"Chicago-Naperville-Elgin, IL-IN",1
60436,16980,"Chicago-Naperville-Elgin, IL-IN",1
60437,16980,"Chicago-Naperville-Elgin, IL-IN",1
60438,16980,"Chicago-Naperville-Elgin, IL-IN",1
60439,16980,"Chicago-Naperville-Elgin, IL-IN",1
60440,16980,"Chicago-Naperville-Elgin, IL-IN",1
60441,16980,"Chicago-Naperville-Elgin, IL-IN",1
60442,16980,"Chicago-Naperville-Elgin, IL-IN",1
60443,16980,"Chicago-Naperville-Elgin, IL-IN",1
60444,16980,"Chicago-Naperville-Elgin, IL-IN",1
60445,16980,"Chicago-Naperville-Elgin, IL-IN",1
60446,16980,"Chicago-Naperville-Elgin, IL-IN",1
60447,16980,"Chicago-Naperville-Elgin, IL-IN",1
60448,16980,"Chicago-Naperville-Elgin, IL-IN",1
60449,16980,"Chicago-Naperville-Elgin, IL-IN",1
60450,16980,"Chicago-Naperville-Elgin, IL-IN",1
60451,16980,"Chicago-Naperville-Elgin, IL-IN",1
60452,16980,"Chicago-Naperville-Elgin, IL-IN",1
60453,16980,"Chicago-Naperville-Elgin, IL-IN",1
60455,16980,"Chicago-Naperville-Elgin, IL-IN",1
60456,16980,"Chicago-Naperville-Elgin, IL-IN",1
60457,16980,"Chicago-Naperville-Elgin, IL-IN",1
60458,16980,"Chicago-Naperville-Elgin, IL-IN",1
60459,16980,"Chicago-Naperville-Elgin, IL-IN",1
60460,38700,"Pontiac, IL",0
60461,16980,"Chicago-Naperville-Elgin, IL-IN",1
60462,16980,"Chicago-Naperville-Elgin, IL-IN",1
60463,16980,"Chicago-Naperville-Elgin, IL-IN",1
60464,16980,"Chicago-Naperville-Elgin, IL-IN",1
60465,16980,"Chicago-Naperville-Elgin, IL-IN",1
60466,16980,"Chicago-Naperville-Elgin, IL-IN",1
60467,16980,"Chicago-Naperville-Elgin, IL-IN",1
60468,16980,"Chicago-Naperville-Elgin, IL-IN",1
60469,16980,"Chicago-Naperville-Elgin, IL-IN",1
60470,36837,"Ottawa, IL",0
60471,16980,"Chicago-Naperville-Elgin, IL-IN",1
60472,16980,"Chicago-Naperville-Elgin, IL-IN",1
60473,16980,"Chicago-Naperville-Elgin, IL-IN",1
60474,16980,"Chicago-Naperville-Elgin, IL-IN",1
60475,16980,"Chicago-Naperville-Elgin, IL-IN",1
60476,16980,"Chicago-Naperville-Elgin, IL-IN",1
60477,16980,"Chicago-Naperville-Elgin, IL-IN",1
60478,16980,"Chicago-Naperville-Elgin, IL-IN",1
60479,16980,"Chicago-Naperville-Elgin, IL-IN",1
60480,16980,"Chicago-Naperville-Elgin, IL-IN",1
60481,16980,"Chicago-Naperville-Elgin, IL-IN",1
60482,16980,"Chicago-Naperville-Elgin, IL-IN",1
60484,16980,"Chicago-Naperville-Elgin, IL-IN",1
60487,16980,"Chicago-Naperville-Elgin, IL-IN",1
60490,16980,"Chicago-Naperville-Elgin, IL-IN",1
60491,16980,"Chicago-Naperville-Elgin, IL-IN",1
60501,16980,"Chicago-Naperville-Elgin, IL-IN",1
60502,16980,"Chicago-Naperville-Elgin, IL-IN",1
60503,16980,"Chicago-Naperville-Elgin, IL-IN",1
60504,16980,"Chicago-Naperville-Elgin, IL-IN",1
60505,16980,"Chicago-Naperville-Elgin, IL-IN",1
60506,16980,"Chicago-Naperville-Elgin, IL-IN",1
60510,16980,"Chicago-Naperville-Elgin, IL-IN",1
60511,16980,"Chicago-Naperville-Elgin, IL-IN",1
60512,16980,"Chicago-Naperville-Elgin, IL-IN",1
60513,16980,"Chicago-Naperville-Elgin, IL-IN",1
60514,16980,"Chicago-Naperville-Elgin, IL-IN",1
60515,16980,"Chicago-Naperville-Elgin, IL-IN",1
60516,16980,"Chicago-Naperville-Elgin, IL-IN",1
60517,16980,"Chicago-Naperville-Elgin, IL-IN",1
60518,36837,"Ottawa, IL",0
60519,16980,"Chicago-Naperville-Elgin, IL-IN",1
60520,16980,"Chicago-Naperville-Elgin, IL-IN",1
60521,16980,"Chicago-Naperville-Elgin, IL-IN",1
60523,16980,"Chicago-Naperville-Elgin, IL-IN",1
60525,16980,"Chicago-Naperville-Elgin, IL-IN",1
60526,16980,"Chicago-Naperville-Elgin, IL-IN",1
60527,16980,"Chicago-Naperville-Elgin, IL-IN",1
60530,19940,"Dixon, IL",0
60531,36837,"Ottawa, IL",0
60532,16980,"Chicago-Naperville-Elgin, IL-IN",1
60534,16980,"Chicago-Naperville-Elgin, IL-IN",1
60536,16980,"Chicago-Naperville-Elgin, IL-IN",1
60537,36837,"Ottawa, IL",0
60538,16980,"Chicago-Naperville-Elgin, IL-IN",1
60539,16980,"Chicago-Naperville-Elgin, IL-IN",1
60540,16980,"Chicago-Naperville-Elgin, IL-IN",1
60541,16980,"Chicago-Naperville-Elgin, IL-IN",1
60542,16980,"Chicago-Naperville-Elgin, IL-IN",1
60543,16980,"Chicago-Naperville-Elgin, IL-IN",1
60544,16980,"Chicago-Naperville-Elgin, IL-IN",1
60545,16980,"Chicago-Naperville-Elgin, IL-IN",1
60546,16980,"Chicago-Naperville-Elgin, IL-IN",1
60548,16980,"Chicago-Naperville-Elgin, IL-IN",1
60549,36837,"Ottawa, IL",0
60550,16980,"Chicago-Naperville-Elgin, IL-IN",1
60551,36837,"Ottawa, IL",0
60552,16980,"Chicago-Naperville-Elgin, IL-IN",1
60553,19940,"Dixon, IL",0
60554,16980,"Chicago-Naperville-Elgin, IL-IN",1
60555,16980,"Chicago-Naperville-Elgin, IL-IN",1
60556,16980,"Chicago-Naperville-Elgin, IL-IN",1
60557,36837,"Ottawa, IL",0
60558,16980,"Chicago-Naperville-Elgin, IL-IN",1
60559,16980,"Chicago-Naperville-Elgin, IL-IN",1
60560,16980,"Chicago-Naperville-Elgin, IL-IN",1
60561,16980,"Chicago-Naperville-Elgin, IL-IN",1
60563,16980,"Chicago-Naperville-Elgin, IL-IN",1
60564,16980,"Chicago-Naperville-Elgin, IL-IN",1
60565,16980,"Chicago-Naperville-Elgin, IL-IN",1
60585,16980,"Chicago-Naperville-Elgin, IL-IN",1
60586,16980,"Chicago-Naperville-Elgin, IL-IN",1
60601,16980,"Chicago-Naperville-Elgin, IL-IN",1
60602,16980,"Chicago-Naperville-Elgin, IL-IN",1
60603,16980,"Chicago-Naperville-Elgin, IL-IN",1
60604,16980,"Chicago-Naperville-Elgin, IL-IN",1
60605,16980,"Chicago-Naperville-Elgin, IL-IN",1
60606,16980,"Chicago-Naperville-Elgin, IL-IN",1
60607,16980,"Chicago-Naperville-Elgin, IL-IN",1
60608,16980,"Chicago-Naperville-Elgin, IL-IN",1
60609,16980,"Chicago-Naperville-Elgin, IL-IN",1
60610,16980,"Chicago-Naperville-Elgin, IL-IN",1
60611,16980,"Chicago-Naperville-Elgin, IL-IN",1
60612,16980,"Chicago-Naperville-Elgin, IL-IN",1
60613,16980,"Chicago-Naperville-Elgin, IL-IN",1
60614,16980,"Chicago-Naperville-Elgin, IL-IN",1
60615,16980,"Chicago-Naperville-Elgin, IL-IN",1
60616,16980,"Chicago-Naperville-Elgin, IL-IN",1
60617,16980,"Chicago-Naperville-Elgin, IL-IN",1
60618,16980,"Chicago-Naperville-Elgin, IL-IN",1
60619,16980,"Chicago-Naperville-Elgin, IL-IN",1
60620,16980,"Chicago-Naperville-Elgin, IL-IN",1
60621,16980,"Chicago-Naperville-Elgin, IL-IN",1
60622,16980,"Chicago-Naperville-Elgin, IL-IN",1
60623,16980,"Chicago-Naperville-Elgin, IL-IN",1
60624,16980,"Chicago-Naperville-Elgin, IL-IN",1
60625,16980,"Chicago-Naperville-Elgin, IL-IN",1
60626,16980,"Chicago-Naperville-Elgin, IL-IN",1
60628,16980,"Chicago-Naperville-Elgin, IL-IN",1
60629,16980,"Chicago-Naperville-Elgin, IL-IN",1
60630,16980,"Chicago-Naperville-Elgin, IL-IN",1
60631,16980,"Chicago-Naperville-Elgin, IL-IN",1
60632,16980,"Chicago-Naperville-Elgin, IL-IN",1
60633,16980,"Chicago-Naperville-Elgin, IL-IN",1
60634,16980,"Chicago-Naperville-Elgin, IL-IN",1
60636,16980,"Chicago-Naperville-Elgin, IL-IN",1
60637,16980,"Chicago-Naperville-Elgin, IL-IN",1
60638,16980,"Chicago-Naperville-Elgin, IL-IN",1
60639,16980,"Chicago-Naperville-Elgin, IL-IN",1
60640,16980,"Chicago-Naperville-Elgin, IL-IN",1
60641,16980,"Chicago-Naperville-Elgin, IL-IN",1
60642,16980,"Chicago-Naperville-Elgin, IL-IN",1
60643,16980,"Chicago-Naperville-Elgin, IL-IN",1
60644,16980,"Chicago-Naperville-Elgin, IL-IN",1
60645,16980,"Chicago-Naperville-Elgin, IL-IN",1
60646,16980,"Chicago-Naperville-Elgin, IL-IN",1
60647,16980,"Chicago-Naperville-Elgin, IL-IN",1
60649,16980,"Chicago-Naperville-Elgin, IL-IN",1
60651,16980,"Chicago-Naperville-Elgin, IL-IN",1
60652,16980,"Chicago-Naperville-Elgin, IL-IN",1
60653,16980,"Chicago-Naperville-Elgin, IL-IN",1
60654,16980,"Chicago-Naperville-Elgin, IL-IN",1
60655,16980,"Chicago-Naperville-Elgin, IL-IN",1
60656,16980,"Chicago-Naperville-Elgin, IL-IN",1
60657,16980,"Chicago-Naperville-Elgin, IL-IN",1
60659,16980,"Chicago-Naperville-Elgin, IL-IN",1
60660,16980,"Chicago-Naperville-Elgin, IL-IN",1
60661,16980,"Chicago-Naperville-Elgin, IL-IN",1
60706,16980,"Chicago-Naperville-Elgin, IL-IN",1
60707,16980,"Chicago-Naperville-Elgin, IL-IN",1
60712,16980,"Chicago-Naperville-Elgin, IL-IN",1
60714,16980,"Chicago-Naperville-Elgin, IL-IN",1
60803,16980,"Chicago-Naperville-Elgin, IL-IN",1
60804,16980,"Chicago-Naperville-Elgin, IL-IN",1
60805,16980,"Chicago-Naperville-Elgin, IL-IN",1
60827,16980,"Chicago-Naperville-Elgin, IL-IN",1
60901,28100,"Kankakee, IL",1
60910,28100,"Kankakee, IL",1
60913,28100,"Kankakee, IL",1
60914,28100,"Kankakee, IL",1
60915,28100,"Kankakee, IL",1
60917,28100,"Kankakee, IL",1
60919,16580,"Champaign-Urbana, IL",1
60920,38700,"Pontiac, IL",0
60921,38700,"Pontiac, IL",0
60922,28100,"Kankakee, IL",1
60929,38700,"Pontiac, IL",0
60932,19180,"Danville, IL",0
60933,16580,"Champaign-Urbana, IL",1
60934,38700,"Pontiac, IL",0
60935,28100,"Kankakee, IL",1
60936,16580,"Champaign-Urbana, IL",1
60940,28100,"Kankakee, IL",1
60941,28100,"Kankakee, IL",1
60942,19180,"Danville, IL",0
60946,16580,"Champaign-Urbana, IL",1
60949,16580,"Champaign-Urbana, IL",1
60950,28100,"Kankakee, IL",1
60952,16580,"Champaign-Urbana, IL",1
60954,28100,"Kankakee, IL",1
60957,16580,"Champaign-Urbana, IL",1
60958,28100,"Kankakee, IL",1
60959,16580,"Champaign-Urbana, IL",1
60960,19180,"Danville, IL",0
60961,28100,"Kankakee, IL",1
60962,16580,"Champaign-Urbana, IL",1
60963,19180,"Danville, IL",0
60964,28100,"Kankakee, IL",1
60969,28100,"Kankakee, IL",1
61006,19940,"Dixon, IL",0
61007,40300,"Rochelle, IL",0
61008,40420,"Rockford, IL",1
61010,40300,"Rochelle, IL",0
61011,40420,"Rockford, IL",1
61012,40420,"Rockford, IL",1
61013,23300,"Freeport, IL",0
61015,40300,"Rochelle, IL",0
61016,40420,"Rockford, IL",1
61018,23300,"Freeport, IL",0
61019,23300,"Freeport, IL",0
61020,40300,"Rochelle, IL",0
61021,19940,"Dixon, IL",0
61024,40420,"Rockford, IL",1
61027,23300,"Freeport, IL",0
61030,40300,"Rochelle, IL",0
61031,19940,"Dixon, IL",0
61032,23300,"Freeport, IL",0
61037,44580,"Sterling, IL",0
61038,40420,"Rockford, IL",1
61039,23300,"Freeport, IL",0
61042,19940,"Dixon, IL",0
61043,40300,"Rochelle, IL",0
61044,23300,"Freeport, IL",0
61047,40300,"Rochelle, IL",0
61048,23300,"Freeport, IL",0
61049,40300,"Rochelle, IL",0
61050,23300,"Freeport, IL",0
61052,40300,"Rochelle, IL",0
61054,40300,"Rochelle, IL",0
61057,19940,"Dixon, IL",0
61060,23300,"Freeport, IL",0
61061,40300,"Rochelle, IL",0
61062,23300,"Freeport, IL",0
61063,40420,"Rockford, IL",1
61064,40300,"Rochelle, IL",0
61065,40420,"Rockford, IL",1
61067,23300,"Freeport, IL",0
61068,40300,"Rochelle, IL",0
61070,23300,"Freeport, IL",0
61071,44580,"Sterling, IL",0
61072,40420,"Rockford, IL",1
61073,40420,"Rockford, IL",1
61077,40420,"Rockford, IL",1
61079,40420,"Rockford, IL",1
61080,40420,"Rockford, IL",1
61081,44580,"Sterling, IL",0
61084,40300,"Rochelle, IL",0
61088,40420,"Rockford, IL",1
61089,23300,"Freeport, IL",0
61091,40300,"Rochelle, IL",0
61101,40420,"Rockford, IL",1
61102,40420,"Rockford, IL",1
61103,40420,"Rockford, IL",1
61104,40420,"Rockford, IL",1
61107,40420,"Rockford, IL",1
61108,40420,"Rockford, IL",1
61109,40420,"Rockford, IL",1
61111,40420,"Rockford, IL",1
61112,40420,"Rockford, IL",1
61114,40420,"Rockford, IL",1
61115,40420,"Rockford, IL",1
61201,19340,"Davenport-Moline-Rock Island, IA-IL",1
61230,44580,"Sterling, IL",0
61231,19340,"Davenport-Moline-Rock Island, IA-IL",1
61232,19340,"Davenport-Moline-Rock Island, IA-IL",1
61233,19340,"Davenport-Moline-Rock Island, IA-IL",1
61234,19340,"Davenport-Moline-Rock Island, IA-IL",1
61235,19340,"Davenport-Moline-Rock Island, IA-IL",1
61236,19340,"Davenport-Moline-Rock Island, IA-IL",1
61237,19340,"Davenport-Moline-Rock Island, IA-IL",1
61238,19340,"Davenport-Moline-Rock Island, IA-IL",1
61239,19340,"Davenport-Moline-Rock Island, IA-IL",1
61240,19340,"Davenport-Moline-Rock Island, IA-IL",1
61241,19340,"Davenport-Moline-Rock Island, IA-IL",1
61242,19340,"Davenport-Moline-Rock Island, IA-IL",1
61243,44580,"Sterling, IL",0
61244,19340,"Davenport-Moline-Rock Island, IA-IL",1
61250,44580,"Sterling, IL",0
61251,44580,"Sterling, IL",0
61252,44580,"Sterling, IL",0
61254,19340,"Davenport-Moline-Rock Island, IA-IL",1
61256,19340,"Davenport-Moline-Rock Island, IA-IL",1
61257,19340,"Davenport-Moline-Rock Island, IA-IL",1
61258,19340,"Davenport-Moline-Rock Island, IA-IL",1
61259,19340,"Davenport-Moline-Rock Island, IA-IL",1
61260,19340,"Davenport-Moline-Rock Island, IA-IL",1
61261,44580,"Sterling, IL",0
61262,19340,"Davenport-Moline-Rock Island, IA-IL",1
61263,19340,"Davenport-Moline-Rock Island, IA-IL",1
61264,19340,"Davenport-Moline-Rock Island, IA-IL",1
61265,19340,"Davenport-Moline-Rock Island, IA-IL",1
61270,44580,"Sterling, IL",0
61272,19340,"Davenport-Moline-Rock Island, IA-IL",1
61273,19340,"Davenport-Moline-Rock Island, IA-IL",1
61274,19340,"Davenport-Moline-Rock Island, IA-IL",1
61275,19340,"Davenport-Moline-Rock Island, IA-IL",1
61276,19340,"Davenport-Moline-Rock Island, IA-IL",1
61277,44580,"Sterling, IL",0
61278,19340,"Davenport-Moline-Rock Island, IA-IL",1
61279,19340,"Davenport-Moline-Rock Island, IA-IL",1
61281,19340,"Davenport-Moline-Rock Island, IA-IL",1
61282,19340,"Davenport-Moline-Rock Island, IA-IL",1
61283,44580,"Sterling, IL",0
61284,19340,"Davenport-Moline-Rock Island, IA-IL",1
61301,36837,"Ottawa, IL",0
61310,19940,"Dixon, IL",0
61311,38700,"Pontiac, IL",0
61312,36837,"Ottawa, IL",0
61313,38700,"Pontiac, IL",0
61314,36837,"Ottawa, IL",0
61315,36837,"Ottawa, IL",0
61316,36837,"Ottawa, IL",0
61317,36837,"Ottawa, IL",0
61318,19940,"Dixon, IL",0
61319,38700,"Pontiac, IL",0
61320,36837,"Ottawa, IL",0
61321,36837,"Ottawa, IL",0
61322,36837,"Ottawa, IL",0
61323,36837,"Ottawa, IL",0
61324,19940,"Dixon, IL",0
61325,36837,"Ottawa, IL",0
61326,36837,"Ottawa, IL",0
61327,36837,"Ottawa, IL",0
61328,36837,"Ottawa, IL",0
61329,36837,"Ottawa, IL",0
61330,36837,"Ottawa, IL",0
61331,19940,"Dixon, IL",0
61332,36837,"Ottawa, IL",0
61333,38700,"Pontiac, IL",0
61334,36837,"Ottawa, IL",0
61335,36837,"Ottawa, IL",0
61336,36837,"Ottawa, IL",0
61337,36837,"Ottawa, IL",0
61338,36837,"Ottawa, IL",0
61340,36837,"Ottawa, IL",0
61341,36837,"Ottawa, IL",0
61342,36837,"Ottawa, IL",0
61344,36837,"Ottawa, IL",0
61345,36837,"Ottawa, IL",0
61346,36837,"Ottawa, IL",0
61348,36837,"Ottawa, IL",0
61349,36837,"Ottawa, IL",0
61350,36837,"Ottawa, IL",0
61353,19940,"Dixon, IL",0
61354,36837,"Ottawa, IL",0
61356,36837,"Ottawa, IL",0
61358,36837,"Ottawa, IL",0
61359,36837,"Ottawa, IL",0
61360,36837,"Ottawa, IL",0
61361,36837,"Ottawa, IL",0
61362,36837,"Ottawa, IL",0
61363,36837,"Ottawa, IL",0
61364,36837,"Ottawa, IL",0
61367,19940,"Dixon, IL",0
61368,36837,"Ottawa, IL",0
61369,37900,"Peoria, IL",1
61370,36837,"Ottawa, IL",0
61371,36837,"Ottawa, IL",0
61372,36837,"Ottawa, IL",0
61373,36837,"Ottawa, IL",0
61374,36837,"Ottawa, IL",0
61375,37900,"Peoria, IL",1
61376,36837,"Ottawa, IL",0
61377,36837,"Ottawa, IL",0
61378,19940,"Dixon, IL",0
61379,36837,"Ottawa, IL",0
61401,23660,"Galesburg, IL",0
61402,23660,"Galesburg, IL",0
61410,23660,"Galesburg, IL",0
61411,31380,"Macomb, IL",0
61412,19340,"Davenport-Moline-Rock Island, IA-IL",1
61413,19340,"Davenport-Moline-Rock Island, IA-IL",1
61414,23660,"Galesburg, IL",0
61415,15900,"Canton, IL",0
61416,31380,"Macomb, IL",0
61418,15460,"Burlington, IA-IL",0
61419,19340,"Davenport-Moline-Rock Island, IA-IL",1
61420,31380,"Macomb, IL",0
61421,37900,"Peoria, IL",1
61422,31380,"Macomb, IL",0
61424,37900,"Peoria, IL",1
61425,15460,"Burlington, IA-IL",0
61426,37900,"Peoria, IL",1
61427,15900,"Canton, IL",0
61428,23660,"Galesburg, IL",0
61430,23660,"Galesburg, IL",0
61431,15900,"Canton, IL",0
61432,15900,"Canton, IL",0
61433,15900,"Canton, IL",0
61434,19340,"Davenport-Moline-Rock Island, IA-IL",1
61436,23660,"Galesburg, IL",0
61437,15460,"Burlington, IA-IL",0
61438,31380,"Macomb, IL",0
61439,23660,"Galesburg, IL",0
61440,31380,"Macomb, IL",0
61441,15900,"Canton, IL",0
61442,19340,"Davenport-Moline-Rock Island, IA-IL",1
61443,19340,"Davenport-Moline-Rock Island, IA-IL",1
61448,23660,"Galesburg, IL",0
61449,37900,"Peoria, IL",1
61451,37900,"Peoria, IL",1
61454,15460,"Burlington, IA-IL",0
61455,31380,"Macomb, IL",0
61458,23660,"Galesburg, IL",0
61459,15900,"Canton, IL",0
61460,15460,"Burlington, IA-IL",0
61465,19340,"Davenport-Moline-Rock Island, IA-IL",1
61466,19340,"Davenport-Moline-Rock Island, IA-IL",1
61467,23660,"Galesburg, IL",0
61468,19340,"Davenport-Moline-Rock Island, IA-IL",1
61469,15460,"Burlington, IA-IL",0
61470,31380,"Macomb, IL",0
61471,15460,"Burlington, IA-IL",0
61472,23660,"Galesburg, IL",0
61474,23660,"Galesburg, IL",0
61475,31380,"Macomb, IL",0
61476,19340,"Davenport-Moline-Rock Island, IA-IL",1
61477,15900,"Canton, IL",0
61479,37900,"Peoria, IL",1
61480,15460,"Burlington, IA-IL",0
61482,15900,"Canton, IL",0
61483,37900,"Peoria, IL",1
61484,15900,"Canton, IL",0
61485,23660,"Galesburg, IL",0
61486,19340,"Davenport-Moline-Rock Island, IA-IL",1
61488,23660,"Galesburg, IL",0
61489,23660,"Galesburg, IL",0
61490,19340,"Davenport-Moline-Rock Island, IA-IL",1
61491,37900,"Peoria, IL",1
61501,15900,"Canton, IL",0
61516,37900,"Peoria, IL",1
61517,37900,"Peoria, IL",1
61519,15900,"Canton, IL",0
61520,15900,"Canton, IL",0
61523,37900,"Peoria, IL",1
61524,15900,"Canton, IL",0
61525,37900,"Peoria, IL",1
61526,37900,"Peoria, IL",1
61528,37900,"Peoria, IL",1
61529,37900,"Peoria, IL",1
61530,37900,"Peoria, IL",1
61531,15900,"Canton, IL",0
61533,37900,"Peoria, IL",1
61534,37900,"Peoria, IL",1
61535,37900,"Peoria, IL",1
61536,37900,"Peoria, IL",1
61537,37900,"Peoria, IL",1
61539,37900,"Peoria, IL",1
61540,37900,"Peoria, IL",1
61541,37900,"Peoria, IL",1
61542,15900,"Canton, IL",0
61543,15900,"Canton, IL",0
61544,15900,"Canton, IL",0
61545,37900,"Peoria, IL",1
61546,37900,"Peoria, IL",1
61547,37900,"Peoria, IL",1
61548,37900,"Peoria, IL",1
61550,37900,"Peoria, IL",1
61552,37900,"Peoria, IL",1
61553,15900,"Canton, IL",0
61554,37900,"Peoria, IL",1
61559,37900,"Peoria, IL",1
61560,36837,"Ottawa, IL",0
61561,37900,"Peoria, IL",1
61562,37900,"Peoria, IL",1
61563,15900,"Canton, IL",0
61564,37900,"Peoria, IL",1
61565,37900,"Peoria, IL",1
61568,37900,"Peoria, IL",1
61569,37900,"Peoria, IL",1
61570,37900,"Peoria, IL",1
61571,37900,"Peoria, IL",1
61572,23660,"Galesburg, IL",0
61602,37900,"Peoria, IL",1
61603,37900,"Peoria, IL",1
61604,37900,"Peoria, IL",1
61605,37900,"Peoria, IL",1
61606,37900,"Peoria, IL",1
61607,37900,"Peoria, IL",1
61610,37900,"Peoria, IL",1
61611,37900,"Peoria, IL",1
61614,37900,"Peoria, IL",1
61615,37900,"Peoria, IL",1
61616,37900,"Peoria, IL",1
61625,37900,"Peoria, IL",1
61701,14010,"Bloomington, IL",1
61704,14010,"Bloomington, IL",1
61705,14010,"Bloomington, IL",1
61720,14010,"Bloomington, IL",1
61721,37900,"Peoria, IL",1
61722,14010,"Bloomington, IL",1
61723,30660,"Lincoln, IL",0
61724,14010,"Bloomington, IL",1
61725,37900,"Peoria, IL",1
61726,14010,"Bloomington, IL",1
61728,14010,"Bloomington, IL",1
61729,37900,"Peoria, IL",1
61730,14010,"Bloomington, IL",1
61731,14010,"Bloomington, IL",1
61732,14010,"Bloomington, IL",1
61733,37900,"Peoria, IL",1
61734,37900,"Peoria, IL",1
61736,14010,"Bloomington, IL",1
61737,14010,"Bloomington, IL",1
61738,37900,"Peoria, IL",1
61739,38700,"Pontiac, IL",0
61740,38700,"Pontiac, IL",0
61741,38700,"Pontiac, IL",0
61742,37900,"Peoria, IL",1
61743,38700,"Pontiac, IL",0
61744,14010,"Bloomington, IL",1
61745,14010,"Bloomington, IL",1
61747,37900,"Peoria, IL",1
61748,14010,"Bloomington, IL",1
61751,30660,"Lincoln, IL",0
61752,14010,"Bloomington, IL",1
61753,14010,"Bloomington, IL",1
61754,14010,"Bloomington, IL",1
61755,37900,"Peoria, IL",1
61756,19500,"Decatur, IL",1
61759,37900,"Peoria, IL",1
61760,37900,"Peoria, IL",1
61761,14010,"Bloomington, IL",1
61764,38700,"Pontiac, IL",0
61769,38700,"Pontiac, IL",0
61770,14010,"Bloomington, IL",1
61771,37900,"Peoria, IL",1
61772,14010,"Bloomington, IL",1
61773,16580,"Champaign-Urbana, IL",1
61774,14010,"Bloomington, IL",1
61775,38700,"Pontiac, IL",0
61776,14010,"Bloomington, IL",1
61801,16580,"Champaign-Urbana, IL",1
61802,16580,"Champaign-Urbana, IL",1
61810,19180,"Danville, IL",0
61811,19180,"Danville, IL",0
61812,19180,"Danville, IL",0
61813,16580,"Champaign-Urbana, IL",1
61814,19180,"Danville, IL",0
61815,16580,"Champaign-Urbana, IL",1
61816,16580,"Champaign-Urbana, IL",1
61817,19180,"Danville, IL",0
61818,16580,"Champaign-Urbana, IL",1
61820,16580,"Champaign-Urbana, IL",1
61821,16580,"Champaign-Urbana, IL",1
61822,16580,"Champaign-Urbana, IL",1
61830,16580,"Champaign-Urbana, IL",1
61831,19180,"Danville, IL",0
61832,19180,"Danville, IL",0
61833,19180,"Danville, IL",0
61834,19180,"Danville, IL",0
61839,16580,"Champaign-Urbana, IL",1
61840,16580,"Champaign-Urbana, IL",1
61841,19180,"Danville, IL",0
61843,16580,"Champaign-Urbana, IL",1
61844,19180,"Danville, IL",0
61845,16580,"Champaign-Urbana, IL",1
61846,19180,"Danville, IL",0
61847,16580,"Champaign-Urbana, IL",1
61848,19180,"Danville, IL",0
61849,16580,"Champaign-Urbana, IL",1
61850,19180,"Danville, IL",0
61851,16580,"Champaign-Urbana, IL",1
61852,16580,"Champaign-Urbana, IL",1
61853,16580,"Champaign-Urbana, IL",1
61854,16580,"Champaign-Urbana, IL",1
61855,16580,"Champaign-Urbana, IL",1
61856,16580,"Champaign-Urbana, IL",1
61857,19180,"Danville, IL",0
61858,19180,"Danville, IL",0
61859,16580,"Champaign-Urbana, IL",1
61862,16580,"Champaign-Urbana, IL",1
61863,16580,"Champaign-Urbana, IL",1
61864,16580,"Champaign-Urbana, IL",1
61865,19180,"Danville, IL",0
61866,16580,"Champaign-Urbana, IL",1
61870,19180,"Danville, IL",0
61871,16580,"Champaign-Urbana, IL",1
61872,16580,"Champaign-Urbana, IL",1
61873,16580,"Champaign-Urbana, IL",1
61874,16580,"Champaign-Urbana, IL",1
61875,16580,"Champaign-Urbana, IL",1
61876,19180,"Danville, IL",0
61877,16580,"Champaign-Urbana, IL",1
61878,16580,"Champaign-Urbana, IL",1
61880,16580,"Champaign-Urbana, IL",1
61883,19180,"Danville, IL",0
61884,16580,"Champaign-Urbana, IL",1
61912,16660,"Charleston-Mattoon, IL",0
61913,16580,"Champaign-Urbana, IL",1
61920,16660,"Charleston-Mattoon, IL",0
61925,19500,"Decatur, IL",1
61929,16580,"Champaign-Urbana, IL",1
61931,16660,"Charleston-Mattoon, IL",0
61936,16580,"Champaign-Urbana, IL",1
61938,16660,"Charleston-Mattoon, IL",0
61943,16660,"Charleston-Mattoon, IL",0
62001,41180,"St. Louis, MO-IL",1
62002,41180,"St. Louis, MO-IL",1
62006,41180,"St. Louis, MO-IL",1
62009,41180,"St. Louis, MO-IL",1
62010,41180,"St. Louis, MO-IL",1
62012,41180,"St. Louis, MO-IL",1
62013,41180,"St. Louis, MO-IL",1
62014,41180,"St. Louis, MO-IL",1
62018,41180,"St. Louis, MO-IL",1
62019,41180,"St. Louis, MO-IL",1
62021,41180,"St. Louis, MO-IL",1
62022,41180,"St. Louis, MO-IL",1
62023,41180,"St. Louis, MO-IL",1
62024,41180,"St. Louis, MO-IL",1
62025,41180,"St. Louis, MO-IL",1
62026,41180,"St. Louis, MO-IL",1
62028,41180,"St. Louis, MO-IL",1
62030,41180,"St. Louis, MO-IL",1
62031,41180,"St. Louis, MO-IL",1
62033,41180,"St. Louis, MO-IL",1
62034,41180,"St. Louis, MO-IL",1
62035,41180,"St. Louis, MO-IL",1
62036,41180,"St. Louis, MO-IL",1
62037,41180,"St. Louis, MO-IL",1
62040,41180,"St. Louis, MO-IL",1
62045,41180,"St. Louis, MO-IL",1
62046,41180,"St. Louis, MO-IL",1
62047,41180,"St. Louis, MO-IL",1
62048,41180,"St. Louis, MO-IL",1
62052,41180,"St. Louis, MO-IL",1
62053,41180,"St. Louis, MO-IL",1
62058,41180,"St. Louis, MO-IL",1
62059,41180,"St. Louis, MO-IL",1
62060,41180,"St. Louis, MO-IL",1
62061,41180,"St. Louis, MO-IL",1
62062,41180,"St. Louis, MO-IL",1
62063,41180,"St. Louis, MO-IL",1
62067,41180,"St. Louis, MO-IL",1
62069,41180,"St. Louis, MO-IL",1
62074,41180,"St. Louis, MO-IL",1
62079,41180,"St. Louis, MO-IL",1
62083,45380,"Taylorville, IL",0
62084,41180,"St. Louis, MO-IL",1
62085,41180,"St. Louis, MO-IL",1
62086,41180,"St. Louis, MO-IL",1
62087,41180,"St. Louis, MO-IL",1
62088,41180,"St. Louis, MO-IL",1
62090,41180,"St. Louis, MO-IL",1
62093,41180,"St. Louis, MO-IL",1
62095,41180,"St. Louis, MO-IL",1
62097,41180,"St. Louis, MO-IL",1
62201,41180,"St. Louis, MO-IL",1
62203,41180,"St. Louis, MO-IL",1
62204,41180,"St. Louis, MO-IL",1
62205,41180,"St. Louis, MO-IL",1
62206,41180,"St. Louis, MO-IL",1
62207,41180,"St. Louis, MO-IL",1
62208,41180,"St. Louis, MO-IL",1
62215,41180,"St. Louis, MO-IL",1
62216,41180,"St. Louis, MO-IL",1
62218,41180,"St. Louis, MO-IL",1
62219,41180,"St. Louis, MO-IL",1
62220,41180,"St. Louis, MO-IL",1
62221,41180,"St. Louis, MO-IL",1
62223,41180,"St. Louis, MO-IL",1
62225,41180,"St. Louis, MO-IL",1
62226,41180,"St. Louis, MO-IL",1
62230,41180,"St. Louis, MO-IL",1
62231,41180,"St. Louis, MO-IL",1
62232,41180,"St. Louis, MO-IL",1
62234,41180,"St. Louis, MO-IL",1
62236,41180,"St. Louis, MO-IL",1
62239,41180,"St. Louis, MO-IL",1
62240,41180,"St. Louis, MO-IL",1
62243,41180,"St. Louis, MO-IL",1
62244,41180,"St. Louis, MO-IL",1
62245,41180,"St. Louis, MO-IL",1
62246,41180,"St. Louis, MO-IL",1
62248,41180,"St. Louis, MO-IL",1
62249,41180,"St. Louis, MO-IL",1
62250,41180,"St. Louis, MO-IL",1
62253,41180,"St. Louis, MO-IL",1
62254,41180,"St. Louis, MO-IL",1
62255,41180,"St. Louis, MO-IL",1
62256,41180,"St. Louis, MO-IL",1
62257,41180,"St. Louis, MO-IL",1
62258,41180,"St. Louis, MO-IL",1
62260,41180,"St. Louis, MO-IL",1
62262,41180,"St. Louis, MO-IL",1
62264,41180,"St. Louis, MO-IL",1
62265,41180,"St. Louis, MO-IL",1
62266,41180,"St. Louis, MO-IL",1
62269,41180,"St. Louis, MO-IL",1
62273,41180,"St. Louis, MO-IL",1
62275,41180,"St. Louis, MO-IL",1
62278,41180,"St. Louis, MO-IL",1
62279,41180,"St. Louis, MO-IL",1
62280,16060,"Carbondale, IL",0
62281,41180,"St. Louis, MO-IL",1
62282,41180,"St. Louis, MO-IL",1
62284,41180,"St. Louis, MO-IL",1
62285,41180,"St. Louis, MO-IL",1
62289,41180,"St. Louis, MO-IL",1
62293,41180,"St. Louis, MO-IL",1
62294,41180,"St. Louis, MO-IL",1
62295,41180,"St. Louis, MO-IL",1
62298,41180,"St. Louis, MO-IL",1
62301,39500,"Quincy, IL-MO",0
62305,39500,"Quincy, IL-MO",0
62320,39500,"Quincy, IL-MO",0
62324,39500,"Quincy, IL-MO",0
62325,39500,"Quincy, IL-MO",0
62326,31380,"Macomb, IL",0
62338,39500,"Quincy, IL-MO",0
62339,39500,"Quincy, IL-MO",0
62346,39500,"Quincy, IL-MO",0
62347,39500,"Quincy, IL-MO",0
62348,39500,"Quincy, IL-MO",0
62349,39500,"Quincy, IL-MO",0
62351,39500,"Quincy, IL-MO",0
62359,39500,"Quincy, IL-MO",0
62360,39500,"Quincy, IL-MO",0
62365,39500,"Quincy, IL-MO",0
62376,39500,"Quincy, IL-MO",0
62401,20820,"Effingham, IL",0
62411,20820,"Effingham, IL",0
62424,20820,"Effingham, IL",0
62428,20820,"Effingham, IL",0
62436,20820,"Effingham, IL",0
62440,16660,"Charleston-Mattoon, IL",0
62443,20820,"Effingham, IL",0
62447,20820,"Effingham, IL",0
62461,20820,"Effingham, IL",0
62467,20820,"Effingham, IL",0
62468,20820,"Effingham, IL",0
62469,20820,"Effingham, IL",0
62473,20820,"Effingham, IL",0
62501,19500,"Decatur, IL",1
62510,45380,"Taylorville, IL",0
62512,30660,"Lincoln, IL",0
62513,45380,"Taylorville, IL",0
62514,19500,"Decatur, IL",1
62515,44100,"Springfield, IL",1
62517,45380,"Taylorville, IL",0
62518,30660,"Lincoln, IL",0
62519,30660,"Lincoln, IL",0
62520,44100,"Springfield, IL",1
62521,19500,"Decatur, IL",1
62522,19500,"Decatur, IL",1
62523,19500,"Decatur, IL",1
62526,19500,"Decatur, IL",1
62530,44100,"Springfield, IL",1
62531,45380,"Taylorville, IL",0
62532,19500,"Decatur, IL",1
62535,19500,"Decatur, IL",1
62536,44100,"Springfield, IL",1
62537,19500,"Decatur, IL",1
62539,44100,"Springfield, IL",1
62540,45380,"Taylorville, IL",0
62541,30660,"Lincoln, IL",0
62543,30660,"Lincoln, IL",0
62544,19500,"Decatur, IL",1
62545,44100,"Springfield, IL",1
62546,45380,"Taylorville, IL",0
62547,45380,"Taylorville, IL",0
62548,30660,"Lincoln, IL",0
62549,19500,"Decatur, IL",1
62551,19500,"Decatur, IL",1
62554,19500,"Decatur, IL",1
62555,45380,"Taylorville, IL",0
62556,45380,"Taylorville, IL",0
62557,45380,"Taylorville, IL",0
62558,44100,"Springfield, IL",1
62561,44100,"Springfield, IL",1
62563,44100,"Springfield, IL",1
62567,45380,"Taylorville, IL",0
62568,45380,"Taylorville, IL",0
62570,45380,"Taylorville, IL",0
62573,19500,"Decatur, IL",1
62601,27300,"Jacksonville, IL",0
62610,27300,"Jacksonville, IL",0
62613,44100,"Springfield, IL",1
62615,44100,"Springfield, IL",1
62621,27300,"Jacksonville, IL",0
62625,44100,"Springfield, IL",1
62626,41180,"St. Louis, MO-IL",1
62628,27300,"Jacksonville, IL",0
62629,44100,"Springfield, IL",1
62630,41180,"St. Louis, MO-IL",1
62631,27300,"Jacksonville, IL",0
62634,30660,"Lincoln, IL",0
62635,30660,"Lincoln, IL",0
62638,27300,"Jacksonville, IL",0
62640,41180,"St. Louis, MO-IL",1
62642,44100,"Springfield, IL",1
62643,30660,"Lincoln, IL",0
62649,41180,"St. Louis, MO-IL",1
62650,27300,"Jacksonville, IL",0
62656,30660,"Lincoln, IL",0
62661,44100,"Springfield, IL",1
62663,27300,"Jacksonville, IL",0
62665,27300,"Jacksonville, IL",0
62666,30660,"Lincoln, IL",0
62667,41180,"St. Louis, MO-IL",1
62668,27300,"Jacksonville, IL",0
62670,44100,"Springfield, IL",1
62671,30660,"Lincoln, IL",0
62672,41180,"St. Louis, MO-IL",1
62673,44100,"Springfield, IL",1
62674,41180,"St. Louis, MO-IL",1
62675,44100,"Springfield, IL",1
62677,44100,"Springfield, IL",1
62684,44100,"Springfield, IL",1
62685,41180,"St. Louis, MO-IL",1
62688,44100,"Springfield, IL",1
62689,44100,"Springfield, IL",1
62690,41180,"St. Louis, MO-IL",1
62692,27300,"Jacksonville, IL",0
62693,44100,"Springfield, IL",1
62694,27300,"Jacksonville, IL",0
62695,27300,"Jacksonville, IL",0
62701,44100,"Springfield, IL",1
62702,44100,"Springfield, IL",1
62703,44100,"Springfield, IL",1
62704,44100,"Springfield, IL",1
62706,44100,"Springfield, IL",1
62707,44100,"Springfield, IL",1
62711,44100,"Springfield, IL",1
62712,44100,"Springfield, IL",1
62801,16460,"Centralia, IL",0
62807,16460,"Centralia, IL",0
62810,34500,"Mount Vernon, IL",0
62814,34500,"Mount Vernon, IL",0
62816,34500,"Mount Vernon, IL",0
62830,34500,"Mount Vernon, IL",0
62841,32060,"Marion-Herrin, IL",0
62846,34500,"Mount Vernon, IL",0
62849,16460,"Centralia, IL",0
62853,16460,"Centralia, IL",0
62854,16460,"Centralia, IL",0
62864,34500,"Mount Vernon, IL",0
62870,16460,"Centralia, IL",0
62872,34500,"Mount Vernon, IL",0
62875,16460,"Centralia, IL",0
62881,16460,"Centralia, IL",0
62882,16460,"Centralia, IL",0
62883,34500,"Mount Vernon, IL",0
62889,34500,"Mount Vernon, IL",0
62892,16460,"Centralia, IL",0
62893,34500,"Mount Vernon, IL",0
62894,34500,"Mount Vernon, IL",0
62898,34500,"Mount Vernon, IL",0
62901,16060,"Carbondale, IL",0
62902,32060,"Marion-Herrin, IL",0
62903,16060,"Carbondale, IL",0
62907,16060,"Carbondale, IL",0
62908,37140,"Paducah, KY-IL",1
62910,37140,"Paducah, KY-IL",1
62914,16020,"Cape Girardeau, MO-IL",1
62915,32060,"Marion-Herrin, IL",0
62916,16060,"Carbondale, IL",0
62918,32060,"Marion-Herrin, IL",0
62921,32060,"Marion-Herrin, IL",0
62922,32060,"Marion-Herrin, IL",0
62924,16060,"Carbondale, IL",0
62927,16060,"Carbondale, IL",0
62932,16060,"Carbondale, IL",0
62933,32060,"Marion-Herrin, IL",0
62940,16060,"Carbondale, IL",0
62942,16060,"Carbondale, IL",0
62948,32060,"Marion-Herrin, IL",0
62949,32060,"Marion-Herrin, IL",0
62950,16060,"Carbondale, IL",0
62951,32060,"Marion-Herrin, IL",0
62953,37140,"Paducah, KY-IL",1
62956,37140,"Paducah, KY-IL",1
62957,16020,"Cape Girardeau, MO-IL",1
62958,16060,"Carbondale, IL",0
62959,32060,"Marion-Herrin, IL",0
62960,37140,"Paducah, KY-IL",1
62962,16020,"Cape Girardeau, MO-IL",1
62966,16060,"Carbondale, IL",0
62969,16020,"Cape Girardeau, MO-IL",1
62974,32060,"Marion-Herrin, IL",0
62975,16060,"Carbondale, IL",0
62988,16020,"Cape Girardeau, MO-IL",1
62990,16020,"Cape Girardeau, MO-IL",1
62994,16060,"Carbondale, IL",0
63005,41180,"St. Louis, MO-IL",1
63010,41180,"St. Louis, MO-IL",1
63011,41180,"St. Louis, MO-IL",1
63012,41180,"St. Louis, MO-IL",1
63013,41180,"St. Louis, MO-IL",1
63014,41180,"St. Louis, MO-IL",1
63015,41180,"St. Louis, MO-IL",1
63016,41180,"St. Louis, MO-IL",1
63017,41180,"St. Louis, MO-IL",1
63019,41180,"St. Louis, MO-IL",1
63020,41180,"St. Louis, MO-IL",1
63021,41180,"St. Louis, MO-IL",1
63023,41180,"St. Louis, MO-IL",1
63025,41180,"St. Louis, MO-IL",1
63026,41180,"St. Louis, MO-IL",1
63028,41180,"St. Louis, MO-IL",1
63031,41180,"St. Louis, MO-IL",1
63033,41180,"St. Louis, MO-IL",1
63034,41180,"St. Louis, MO-IL",1
63036,22100,"Farmington, MO",0
63037,41180,"St. Louis, MO-IL",1
63038,41180,"St. Louis, MO-IL",1
63039,41180,"St. Louis, MO-IL",1
63040,41180,"St. Louis, MO-IL",1
63041,41180,"St. Louis, MO-IL",1
63042,41180,"St. Louis, MO-IL",1
63043,41180,"St. Louis, MO-IL",1
63044,41180,"St. Louis, MO-IL",1
63045,41180,"St. Louis, MO-IL",1
63047,41180,"St. Louis, MO-IL",1
63048,41180,"St. Louis, MO-IL",1
63049,41180,"St. Louis, MO-IL",1
63050,41180,"St. Louis, MO-IL",1
63051,41180,"St. Louis, MO-IL",1
63052,41180,"St. Louis, MO-IL",1
63053,41180,"St. Louis, MO-IL",1
63055,41180,"St. Louis, MO-IL",1
63056,41180,"St. Louis, MO-IL",1
63060,41180,"St. Louis, MO-IL",1
63061,41180,"St. Louis, MO-IL",1
63068,41180,"St. Louis, MO-IL",1
63069,41180,"St. Louis, MO-IL",1
63070,41180,"St. Louis, MO-IL",1
63072,41180,"St. Louis, MO-IL",1
63073,41180,"St. Louis, MO-IL",1
63074,41180,"St. Louis, MO-IL",1
63077,41180,"St. Louis, MO-IL",1
63079,41180,"St. Louis, MO-IL",1
63080,41180,"St. Louis, MO-IL",1
63084,41180,"St. Louis, MO-IL",1
63087,22100,"Farmington, MO",0
63088,41180,"St. Louis, MO-IL",1
63089,41180,"St. Louis, MO-IL",1
63090,41180,"St. Louis, MO-IL",1
63101,41180,"St. Louis, MO-IL",1
63102,41180,"St. Louis, MO-IL",1
63103,41180,"St. Louis, MO-IL",1
63104,41180,"St. Louis, MO-IL",1
63105,41180,"St. Louis, MO-IL",1
63106,41180,"St. Louis, MO-IL",1
63107,41180,"St. Louis, MO-IL",1
63108,41180,"St. Louis, MO-IL",1
63109,41180,"St. Louis, MO-IL",1
63110,41180,"St. Louis, MO-IL",1
63111,41180,"St. Louis, MO-IL",1
63112,41180,"St. Louis, MO-IL",1
63113,41180,"St. Louis, MO-IL",1
63114,41180,"St. Louis, MO-IL",1
63115,41180,"St. Louis, MO-IL",1
63116,41180,"St. Louis, MO-IL",1
63117,41180,"St. Louis, MO-IL",1
63118,41180,"St. Louis, MO-IL",1
63119,41180,"St. Louis, MO-IL",1
63120,41180,"St. Louis, MO-IL",1
63121,41180,"St. Louis, MO-IL",1
63122,41180,"St. Louis, MO-IL",1
63123,41180,"St. Louis, MO-IL",1
63124,41180,"St. Louis, MO-IL",1
63125,41180,"St. Louis, MO-IL",1
63126,41180,"St. Louis, MO-IL",1
63127,41180,"St. Louis, MO-IL",1
63128,41180,"St. Louis, MO-IL",1
63129,41180,"St. Louis, MO-IL",1
63130,41180,"St. Louis, MO-IL",1
63131,41180,"St. Louis, MO-IL",1
63132,41180,"St. Louis, MO-IL",1
63133,41180,"St. Louis, MO-IL",1
63134,41180,"St. Louis, MO-IL",1
63135,41180,"St. Louis, MO-IL",1
63136,41180,"St. Louis, MO-IL",1
63137,41180,"St. Louis, MO-IL",1
63138,41180,"St. Louis, MO-IL",1
63139,41180,"St. Louis, MO-IL",1
63140,41180,"St. Louis, MO-IL",1
63141,41180,"St. Louis, MO-IL",1
63143,41180,"St. Louis, MO-IL",1
63144,41180,"St. Louis, MO-IL",1
63146,41180,"St. Louis, MO-IL",1
63147,41180,"St. Louis, MO-IL",1
63155,41180,"St. Louis, MO-IL",1
63301,41180,"St. Louis, MO-IL",1
63303,41180,"St. Louis, MO-IL",1
63304,41180,"St. Louis, MO-IL",1
63332,41180,"St. Louis, MO-IL",1
63341,41180,"St. Louis, MO-IL",1
63343,41180,"St. Louis, MO-IL",1
63345,33020,"Mexico, MO",0
63347,41180,"St. Louis, MO-IL",1
63348,41180,"St. Louis, MO-IL",1
63349,41180,"St. Louis, MO-IL",1
63351,41180,"St. Louis, MO-IL",1
63352,33020,"Mexico, MO",0
63357,41180,"St. Louis, MO-IL",1
63362,41180,"St. Louis, MO-IL",1
63365,41180,"St. Louis, MO-IL",1
63366,41180,"St. Louis, MO-IL",1
63367,41180,"St. Louis, MO-IL",1
63368,41180,"St. Louis, MO-IL",1
63369,41180,"St. Louis, MO-IL",1
63373,41180,"St. Louis, MO-IL",1
63376,41180,"St. Louis, MO-IL",1
63377,41180,"St. Louis, MO-IL",1
63379,41180,"St. Louis, MO-IL",1
63380,41180,"St. Louis, MO-IL",1
63381,41180,"St. Louis, MO-IL",1
63382,33020,"Mexico, MO",0
63383,41180,"St. Louis, MO-IL",1
63385,41180,"St. Louis, MO-IL",1
63386,41180,"St. Louis, MO-IL",1
63387,41180,"St. Louis, MO-IL",1
63388,27620,"Jefferson City, MO",1
63389,41180,"St. Louis, MO-IL",1
63390,41180,"St. Louis, MO-IL",1
63401,25300,"Hannibal, MO",0
63435,39500,"Quincy, IL-MO",0
63436,25300,"Hannibal, MO",0
63438,39500,"Quincy, IL-MO",0
63440,39500,"Quincy, IL-MO",0
63447,39500,"Quincy, IL-MO",0
63448,39500,"Quincy, IL-MO",0
63452,39500,"Quincy, IL-MO",0
63454,25300,"Hannibal, MO",0
63456,25300,"Hannibal, MO",0
63457,39500,"Quincy, IL-MO",0
63459,25300,"Hannibal, MO",0
63461,25300,"Hannibal, MO",0
63462,25300,"Hannibal, MO",0
63463,25300,"Hannibal, MO",0
63467,25300,"Hannibal, MO",0
63471,25300,"Hannibal, MO",0
63473,39500,"Quincy, IL-MO",0
63501,28860,"Kirksville, MO",0
63533,28860,"Kirksville, MO",0
63535,28860,"Kirksville, MO",0
63536,28860,"Kirksville, MO",0
63540,28860,"Kirksville, MO",0
63541,28860,"Kirksville, MO",0
63544,28860,"Kirksville, MO",0
63546,28860,"Kirksville, MO",0
63548,28860,"Kirksville, MO",0
63559,28860,"Kirksville, MO",0
63561,28860,"Kirksville, MO",0
63601,22100,"Farmington, MO",0
63624,22100,"Farmington, MO",0
63628,22100,"Farmington, MO",0
63637,22100,"Farmington, MO",0
63640,22100,"Farmington, MO",0
63653,22100,"Farmington, MO",0
63662,16020,"Cape Girardeau, MO-IL",1
63701,16020,"Cape Girardeau, MO-IL",1
63703,16020,"Cape Girardeau, MO-IL",1
63736,43460,"Sikeston, MO",0
63739,16020,"Cape Girardeau, MO-IL",1
63740,43460,"Sikeston, MO",0
63742,43460,"Sikeston, MO",0
63743,16020,"Cape Girardeau, MO-IL",1
63744,16020,"Cape Girardeau, MO-IL",1
63745,16020,"Cape Girardeau, MO-IL",1
63747,16020,"Cape Girardeau, MO-IL",1
63750,16020,"Cape Girardeau, MO-IL",1
63751,16020,"Cape Girardeau, MO-IL",1
63755,16020,"Cape Girardeau, MO-IL",1
63758,43460,"Sikeston, MO",0
63760,16020,"Cape Girardeau, MO-IL",1
63764,16020,"Cape Girardeau, MO-IL",1
63766,16020,"Cape Girardeau, MO-IL",1
63767,43460,"Sikeston, MO",0
63769,16020,"Cape Girardeau, MO-IL",1
63771,43460,"Sikeston, MO",0
63774,43460,"Sikeston, MO",0
63780,43460,"Sikeston, MO",0
63781,16020,"Cape Girardeau, MO-IL",1
63782,16020,"Cape Girardeau, MO-IL",1
63784,43460,"Sikeston, MO",0
63785,16020,"Cape Girardeau, MO-IL",1
63787,16020,"Cape Girardeau, MO-IL",1
63801,43460,"Sikeston, MO",0
63820,43460,"Sikeston, MO",0
63821,28380,"Kennett, MO",0
63823,43460,"Sikeston, MO",0
63824,43460,"Sikeston, MO",0
63829,28380,"Kennett, MO",0
63834,43460,"Sikeston, MO",0
63837,28380,"Kennett, MO",0
63845,43460,"Sikeston, MO",0
63847,28380,"Kennett, MO",0
63849,28380,"Kennett, MO",0
63852,28380,"Kennett, MO",0
63855,28380,"Kennett, MO",0
63857,28380,"Kennett, MO",0
63863,28380,"Kennett, MO",0
63876,28380,"Kennett, MO",0
63880,28380,"Kennett, MO",0
63882,43460,"Sikeston, MO",0
63901,38740,"Poplar Bluff, MO",0
63932,38740,"Poplar Bluff, MO",0
63933,28380,"Kennett, MO",0
63940,38740,"Poplar Bluff, MO",0
63945,38740,"Poplar Bluff, MO",0
63954,38740,"Poplar Bluff, MO",0
63961,38740,"Poplar Bluff, MO",0
63962,38740,"Poplar Bluff, MO",0
64001,28140,"Kansas City, MO-KS",1
64011,28140,"Kansas City, MO-KS",1
64012,28140,"Kansas City, MO-KS",1
64014,28140,"Kansas City, MO-KS",1
64015,28140,"Kansas City, MO-KS",1
64016,28140,"Kansas City, MO-KS",1
64017,28140,"Kansas City, MO-KS",1
64018,28140,"Kansas City, MO-KS",1
64019,47660,"Warrensburg, MO",0
64020,28140,"Kansas City, MO-KS",1
64021,28140,"Kansas City, MO-KS",1
64022,28140,"Kansas City, MO-KS",1
64024,28140,"Kansas City, MO-KS",1
64028,28140,"Kansas City, MO-KS",1
64029,28140,"Kansas City, MO-KS",1
64030,28140,"Kansas City, MO-KS",1
64034,28140,"Kansas City, MO-KS",1
64035,28140,"Kansas City, MO-KS",1
64036,28140,"Kansas City, MO-KS",1
64037,28140,"Kansas City, MO-KS",1
64040,47660,"Warrensburg, MO",0
64048,28140,"Kansas City, MO-KS",1
64050,28140,"Kansas City, MO-KS",1
64052,28140,"Kansas City, MO-KS",1
64053,28140,"Kansas City, MO-KS",1
64054,28140,"Kansas City, MO-KS",1
64055,28140,"Kansas City, MO-KS",1
64056,28140,"Kansas City, MO-KS",1
64057,28140,"Kansas City, MO-KS",1
64058,28140,"Kansas City, MO-KS",1
64060,28140,"Kansas City, MO-KS",1
64061,47660,"Warrensburg, MO",0
64062,28140,"Kansas City, MO-KS",1
64063,28140,"Kansas City, MO-KS",1
64064,28140,"Kansas City, MO-KS",1
64065,28140,"Kansas City, MO-KS",1
64066,28140,"Kansas City, MO-KS",1
64067,28140,"Kansas City, MO-KS",1
64068,28140,"Kansas City, MO-KS",1
64070,28140,"Kansas City, MO-KS",1
64071,28140,"Kansas City, MO-KS",1
64072,28140,"Kansas City, MO-KS",1
64074,28140,"Kansas City, MO-KS",1
64075,28140,"Kansas City, MO-KS",1
64076,28140,"Kansas City, MO-KS",1
64077,28140,"Kansas City, MO-KS",1
64078,28140,"Kansas City, MO-KS",1
64079,28140,"Kansas City, MO-KS",1
64080,28140,"Kansas City, MO-KS",1
64081,28140,"Kansas City, MO-KS",1
64082,28140,"Kansas City, MO-KS",1
64083,28140,"Kansas City, MO-KS",1
64084,28140,"Kansas City, MO-KS",1
64085,28140,"Kansas City, MO-KS",1
64086,28140,"Kansas City, MO-KS",1
64088,28140,"Kansas City, MO-KS",1
64089,28140,"Kansas City, MO-KS",1
64090,28140,"Kansas City, MO-KS",1
64092,28140,"Kansas City, MO-KS",1
64093,47660,"Warrensburg, MO",0
64096,28140,"Kansas City, MO-KS",1
64097,28140,"Kansas City, MO-KS",1
64098,28140,"Kansas City, MO-KS",1
64101,28140,"Kansas City, MO-KS",1
64102,28140,"Kansas City, MO-KS",1
64105,28140,"Kansas City, MO-KS",1
64106,28140,"Kansas City, MO-KS",1
64108,28140,"Kansas City, MO-KS",1
64109,28140,"Kansas City, MO-KS",1
64110,28140,"Kansas City, MO-KS",1
64111,28140,"Kansas City, MO-KS",1
64112,28140,"Kansas City, MO-KS",1
64113,28140,"Kansas City, MO-KS",1
64114,28140,"Kansas City, MO-KS",1
64116,28140,"Kansas City, MO-KS",1
64117,28140,"Kansas City, MO-KS",1
64118,28140,"Kansas City, MO-KS",1
64119,28140,"Kansas City, MO-KS",1
64120,28140,"Kansas City, MO-KS",1
64123,28140,"Kansas City, MO-KS",1
64124,28140,"Kansas City, MO-KS",1
64125,28140,"Kansas City, MO-KS",1
64126,28140,"Kansas City, MO-KS",1
64127,28140,"Kansas City, MO-KS",1
64128,28140,"Kansas City, MO-KS",1
64129,28140,"Kansas City, MO-KS",1
64130,28140,"Kansas City, MO-KS",1
64131,28140,"Kansas City, MO-KS",1
64132,28140,"Kansas City, MO-KS",1
64133,28140,"Kansas City, MO-KS",1
64134,28140,"Kansas City, MO-KS",1
64136,28140,"Kansas City, MO-KS",1
64137,28140,"Kansas City, MO-KS",1
64138,28140,"Kansas City, MO-KS",1
64139,28140,"Kansas City, MO-KS",1
64145,28140,"Kansas City, MO-KS",1
64146,28140,"Kansas City, MO-KS",1
64147,28140,"Kansas City, MO-KS",1
64149,28140,"Kansas City, MO-KS",1
64150,28140,"Kansas City, MO-KS",1
64151,28140,"Kansas City, MO-KS",1
64152,28140,"Kansas City, MO-KS",1
64153,28140,"Kansas City, MO-KS",1
64154,28140,"Kansas City, MO-KS",1
64155,28140,"Kansas City, MO-KS",1
64156,28140,"Kansas City, MO-KS",1
64157,28140,"Kansas City, MO-KS",1
64158,28140,"Kansas City, MO-KS",1
64161,28140,"Kansas City, MO-KS",1
64163,28140,"Kansas City, MO-KS",1
64164,28140,"Kansas City, MO-KS",1
64165,28140,"Kansas City, MO-KS",1
64166,28140,"Kansas City, MO-KS",1
64167,28140,"Kansas City, MO-KS",1
64401,41140,"St. Joseph, MO-KS",1
64421,41140,"St. Joseph, MO-KS",1
64422,41140,"St. Joseph, MO-KS",1
64423,32340,"Maryville, MO",0
64427,41140,"St. Joseph, MO-KS",1
64428,32340,"Maryville, MO",0
64429,41140,"St. Joseph, MO-KS",1
64430,41140,"St. Joseph, MO-KS",1
64431,32340,"Maryville, MO",0
64432,32340,"Maryville, MO",0
64433,32340,"Maryville, MO",0
64434,32340,"Maryville, MO",0
64436,41140,"St. Joseph, MO-KS",1
64439,28140,"Kansas City, MO-KS",1
64440,41140,"St. Joseph, MO-KS",1
64443,41140,"St. Joseph, MO-KS",1
64444,28140,"Kansas City, MO-KS",1
64445,32340,"Maryville, MO",0
64448,41140,"St. Joseph, MO-KS",1
64449,41140,"St. Joseph, MO-KS",1
64454,28140,"Kansas City, MO-KS",1
64455,32340,"Maryville, MO",0
64457,32340,"Maryville, MO",0
64459,41140,"St. Joseph, MO-KS",1
64461,32340,"Maryville, MO",0
64465,28140,"Kansas City, MO-KS",1
64468,32340,"Maryville, MO",0
64469,41140,"St. Joseph, MO-KS",1
64474,41140,"St. Joseph, MO-KS",1
64475,32340,"Maryville, MO",0
64476,32340,"Maryville, MO",0
64477,28140,"Kansas City, MO-KS",1
64479,32340,"Maryville, MO",0
64480,41140,"St. Joseph, MO-KS",1
64483,41140,"St. Joseph, MO-KS",1
64484,41140,"St. Joseph, MO-KS",1
64485,41140,"St. Joseph, MO-KS",1
64487,32340,"Maryville, MO",0
64490,28140,"Kansas City, MO-KS",1
64492,28140,"Kansas City, MO-KS",1
64493,28140,"Kansas City, MO-KS",1
64494,41140,"St. Joseph, MO-KS",1
64497,41140,"St. Joseph, MO-KS",1
64501,41140,"St. Joseph, MO-KS",1
64503,41140,"St. Joseph, MO-KS",1
64504,41140,"St. Joseph, MO-KS",1
64505,41140,"St. Joseph, MO-KS",1
64506,41140,"St. Joseph, MO-KS",1
64507,41140,"St. Joseph, MO-KS",1
64624,28140,"Kansas City, MO-KS",1
64625,28140,"Kansas City, MO-KS",1
64637,28140,"Kansas City, MO-KS",1
64644,28140,"Kansas City, MO-KS",1
64649,28140,"Kansas City, MO-KS",1
64650,28140,"Kansas City, MO-KS",1
64671,28140,"Kansas City, MO-KS",1
64701,28140,"Kansas City, MO-KS",1
64720,28140,"Kansas City, MO-KS",1
64722,28140,"Kansas City, MO-KS",1
64723,28140,"Kansas City, MO-KS",1
64725,28140,"Kansas City, MO-KS",1
64730,28140,"Kansas City, MO-KS",1
64733,47660,"Warrensburg, MO",0
64734,28140,"Kansas City, MO-KS",1
64739,28140,"Kansas City, MO-KS",1
64742,28140,"Kansas City, MO-KS",1
64743,28140,"Kansas City, MO-KS",1
64745,28140,"Kansas City, MO-KS",1
64746,28140,"Kansas City, MO-KS",1
64747,28140,"Kansas City, MO-KS",1
64755,27900,"Joplin, MO-KS",1
64761,47660,"Warrensburg, MO",0
64779,28140,"Kansas City, MO-KS",1
64801,27900,"Joplin, MO-KS",1
64804,27900,"Joplin, MO-KS",1
64830,27900,"Joplin, MO-KS",1
64832,27900,"Joplin, MO-KS",1
64833,27900,"Joplin, MO-KS",1
64834,27900,"Joplin, MO-KS",1
64835,27900,"Joplin, MO-KS",1
64836,27900,"Joplin, MO-KS",1
64840,27900,"Joplin, MO-KS",1
64841,27900,"Joplin, MO-KS",1
64842,27900,"Joplin, MO-KS",1
64844,27900,"Joplin, MO-KS",1
64849,27900,"Joplin, MO-KS",1
64850,27900,"Joplin, MO-KS",1
64855,27900,"Joplin, MO-KS",1
64857,27900,"Joplin, MO-KS",1
64858,27900,"Joplin, MO-KS",1
64859,27900,"Joplin, MO-KS",1
64862,27900,"Joplin, MO-KS",1
64865,27900,"Joplin, MO-KS",1
64866,27900,"Joplin, MO-KS",1
64870,27900,"Joplin, MO-KS",1
65010,17860,"Columbia, MO",1
65016,27620,"Jefferson City, MO",1
65018,27620,"Jefferson City, MO",1
65023,27620,"Jefferson City, MO",1
65024,27620,"Jefferson City, MO",1
65025,27620,"Jefferson City, MO",1
65035,27620,"Jefferson City, MO",1
65039,17860,"Columbia, MO",1
65040,27620,"Jefferson City, MO",1
65043,27620,"Jefferson City, MO",1
65046,27620,"Jefferson City, MO",1
65048,27620,"Jefferson City, MO",1
65050,27620,"Jefferson City, MO",1
65051,27620,"Jefferson City, MO",1
65053,27620,"Jefferson City, MO",1
65054,27620,"Jefferson City, MO",1
65059,27620,"Jefferson City, MO",1
65062,27620,"Jefferson City, MO",1
65063,27620,"Jefferson City, MO",1
65067,27620,"Jefferson City, MO",1
65068,17860,"Columbia, MO",1
65074,27620,"Jefferson City, MO",1
65076,27620,"Jefferson City, MO",1
65077,27620,"Jefferson City, MO",1
65080,27620,"Jefferson City, MO",1
65081,27620,"Jefferson City, MO",1
65085,27620,"Jefferson City, MO",1
65101,27620,"Jefferson City, MO",1
65109,27620,"Jefferson City, MO",1
65201,17860,"Columbia, MO",1
65202,17860,"Columbia, MO",1
65203,17860,"Columbia, MO",1
65215,17860,"Columbia, MO",1
65216,17860,"Columbia, MO",1
65230,17860,"Columbia, MO",1
65231,27620,"Jefferson City, MO",1
65232,33020,"Mexico, MO",0
65233,17860,"Columbia, MO",1
65237,17860,"Columbia, MO",1
65239,33620,"Moberly, MO",0
65240,33020,"Mexico, MO",0
65243,33620,"Moberly, MO",0
65244,33620,"Moberly, MO",0
65248,17860,"Columbia, MO",1
65250,17860,"Columbia, MO",1
65251,27620,"Jefferson City, MO",1
65254,17860,"Columbia, MO",1
65255,17860,"Columbia, MO",1
65256,17860,"Columbia, MO",1
65257,33620,"Moberly, MO",0
65259,33620,"Moberly, MO",0
65260,33620,"Moberly, MO",0
65262,27620,"Jefferson City, MO",1
65264,33020,"Mexico, MO",0
65265,33020,"Mexico, MO",0
65270,33620,"Moberly, MO",0
65274,17860,"Columbia, MO",1
65276,17860,"Columbia, MO",1
65278,33620,"Moberly, MO",0
65279,17860,"Columbia, MO",1
65280,33020,"Mexico, MO",0
65284,17860,"Columbia, MO",1
65285,33020,"Mexico, MO",0
65287,27620,"Jefferson City, MO",1
65301,42740,"Sedalia, MO",0
65305,47660,"Warrensburg, MO",0
65320,32180,"Marshall, MO",0
65321,32180,"Marshall, MO",0
65322,17860,"Columbia, MO",1
65327,32180,"Marshall, MO",0
65330,32180,"Marshall, MO",0
65332,42740,"Sedalia, MO",0
65333,42740,"Sedalia, MO",0
65334,42740,"Sedalia, MO",0
65335,42740,"Sedalia, MO",0
65336,47660,"Warrensburg, MO",0
65337,42740,"Sedalia, MO",0
65339,32180,"Marshall, MO",0
65340,32180,"Marshall, MO",0
65344,32180,"Marshall, MO",0
65347,32180,"Marshall, MO",0
65348,17860,"Columbia, MO",1
65349,32180,"Marshall, MO",0
65350,42740,"Sedalia, MO",0
65351,32180,"Marshall, MO",0
65401,40620,"Rolla, MO",0
65409,40620,"Rolla, MO",0
65436,40620,"Rolla, MO",0
65452,22780,"Fort Leonard Wood, MO",0
65457,22780,"Fort Leonard Wood, MO",0
65461,22780,"Fort Leonard Wood, MO",0
65462,40620,"Rolla, MO",0
65463,30060,"Lebanon, MO",0
65470,30060,"Lebanon, MO",0
65473,22780,"Fort Leonard Wood, MO",0
65529,40620,"Rolla, MO",0
65534,22780,"Fort Leonard Wood, MO",0
65536,30060,"Lebanon, MO",0
65548,48460,"West Plains, MO",0
65550,40620,"Rolla, MO",0
65556,22780,"Fort Leonard Wood, MO",0
65559,40620,"Rolla, MO",0
65583,22780,"Fort Leonard Wood, MO",0
65584,22780,"Fort Leonard Wood, MO",0
65590,44180,"Springfield, MO",1
65601,44180,"Springfield, MO",1
65604,44180,"Springfield, MO",1
65610,44180,"Springfield, MO",1
65612,44180,"Springfield, MO",1
65613,44180,"Springfield, MO",1
65614,14700,"Branson, MO",0
65616,14700,"Branson, MO",0
65617,44180,"Springfield, MO",1
65619,44180,"Springfield, MO",1
65620,44180,"Springfield, MO",1
65622,44180,"Springfield, MO",1
65627,14700,"Branson, MO",0
65629,44180,"Springfield, MO",1
65630,44180,"Springfield, MO",1
65631,44180,"Springfield, MO",1
65632,30060,"Lebanon, MO",0
65640,44180,"Springfield, MO",1
65644,44180,"Springfield, MO",1
65648,44180,"Springfield, MO",1
65649,44180,"Springfield, MO",1
65652,44180,"Springfield, MO",1
65653,14700,"Branson, MO",0
65657,44180,"Springfield, MO",1
65663,44180,"Springfield, MO",1
65669,44180,"Springfield, MO",1
65672,14700,"Branson, MO",0
65674,44180,"Springfield, MO",1
65679,14700,"Branson, MO",0
65680,14700,"Branson, MO",0
65685,44180,"Springfield, MO",1
65688,48460,"West Plains, MO",0
65706,44180,"Springfield, MO",1
65710,44180,"Springfield, MO",1
65713,44180,"Springfield, MO",1
65714,44180,"Springfield, MO",1
65720,44180,"Springfield, MO",1
65721,44180,"Springfield, MO",1
65722,30060,"Lebanon, MO",0
65725,44180,"Springfield, MO",1
65726,14700,"Branson, MO",0
65727,44180,"Springfield, MO",1
65728,44180,"Springfield, MO",1
65731,14700,"Branson, MO",0
65733,14700,"Branson, MO",0
65738,44180,"Springfield, MO",1
65739,14700,"Branson, MO",0
65740,14700,"Branson, MO",0
65742,44180,"Springfield, MO",1
65744,14700,"Branson, MO",0
65746,44180,"Springfield, MO",1
65753,44180,"Springfield, MO",1
65754,44180,"Springfield, MO",1
65757,44180,"Springfield, MO",1
65759,14700,"Branson, MO",0
65764,44180,"Springfield, MO",1
65767,44180,"Springfield, MO",1
65770,44180,"Springfield, MO",1
65771,14700,"Branson, MO",0
65775,48460,"West Plains, MO",0
65777,48460,"West Plains, MO",0
65781,44180,"Springfield, MO",1
65783,44180,"Springfield, MO",1
65788,48460,"West Plains, MO",0
65789,48460,"West Plains, MO",0
65790,48460,"West Plains, MO",0
65793,48460,"West Plains, MO",0
65801,44180,"Springfield, MO",1
65802,44180,"Springfield, MO",1
65803,44180,"Springfield, MO",1
65804,44180,"Springfield, MO",1
65806,44180,"Springfield, MO",1
65807,44180,"Springfield, MO",1
65809,44180,"Springfield, MO",1
65810,44180,"Springfield, MO",1
65897,44180,"Springfield, MO",1
66002,11860,"Atchison, KS",0
66006,29940,"Lawrence, KS",1
66007,28140,"Kansas City, MO-KS",1
66008,41140,"St. Joseph, MO-KS",1
66010,28140,"Kansas City, MO-KS",1
66012,28140,"Kansas City, MO-KS",1
66013,28140,"Kansas City, MO-KS",1
66014,28140,"Kansas City, MO-KS",1
66016,11860,"Atchison, KS",0
66017,41140,"St. Joseph, MO-KS",1
66018,28140,"Kansas City, MO-KS",1
66020,28140,"Kansas City, MO-KS",1
66021,28140,"Kansas City, MO-KS",1
66023,11860,"Atchison, KS",0
66024,41140,"St. Joseph, MO-KS",1
66025,29940,"Lawrence, KS",1
66026,28140,"Kansas City, MO-KS",1
66027,28140,"Kansas City, MO-KS",1
66030,28140,"Kansas City, MO-KS",1
66031,28140,"Kansas City, MO-KS",1
66035,41140,"St. Joseph, MO-KS",1
66040,28140,"Kansas City, MO-KS",1
66041,11860,"Atchison, KS",0
66042,36840,"Ottawa, KS",0
66043,28140,"Kansas City, MO-KS",1
66044,29940,"Lawrence, KS",1
66045,29940,"Lawrence, KS",1
66046,29940,"Lawrence, KS",1
66047,29940,"Lawrence, KS",1
66048,28140,"Kansas City, MO-KS",1
66049,29940,"Lawrence, KS",1
66050,29940,"Lawrence, KS",1
66052,28140,"Kansas City, MO-KS",1
66053,28140,"Kansas City, MO-KS",1
66054,45820,"Topeka, KS",1
66056,28140,"Kansas City, MO-KS",1
66058,11860,"Atchison, KS",0
66060,45820,"Topeka, KS",1
66061,28140,"Kansas City, MO-KS",1
66062,28140,"Kansas City, MO-KS",1
66064,28140,"Kansas City, MO-KS",1
66066,45820,"Topeka, KS",1
66067,36840,"Ottawa, KS",0
66070,45820,"Topeka, KS",1
66071,28140,"Kansas City, MO-KS",1
66072,28140,"Kansas City, MO-KS",1
66073,45820,"Topeka, KS",1
66075,28140,"Kansas City, MO-KS",1
66076,36840,"Ottawa, KS",0
66078,36840,"Ottawa, KS",0
66079,36840,"Ottawa, KS",0
66080,36840,"Ottawa, KS",0
66083,28140,"Kansas City, MO-KS",1
66085,28140,"Kansas City, MO-KS",1
66086,28140,"Kansas City, MO-KS",1
66087,41140,"St. Joseph, MO-KS",1
66088,45820,"Topeka, KS",1
66090,41140,"St. Joseph, MO-KS",1
66092,36840,"Ottawa, KS",0
66095,36840,"Ottawa, KS",0
66097,45820,"Topeka, KS",1
66101,28140,"Kansas City, MO-KS",1
66102,28140,"Kansas City, MO-KS",1
66103,28140,"Kansas City, MO-KS",1
66104,28140,"Kansas City, MO-KS",1
66105,28140,"Kansas City, MO-KS",1
66106,28140,"Kansas City, MO-KS",1
66109,28140,"Kansas City, MO-KS",1
66111,28140,"Kansas City, MO-KS",1
66112,28140,"Kansas City, MO-KS",1
66115,28140,"Kansas City, MO-KS",1
66118,28140,"Kansas City, MO-KS",1
66160,28140,"Kansas City, MO-KS",1
66202,28140,"Kansas City, MO-KS",1
66203,28140,"Kansas City, MO-KS",1
66204,28140,"Kansas City, MO-KS",1
66205,28140,"Kansas City, MO-KS",1
66206,28140,"Kansas City, MO-KS",1
66207,28140,"Kansas City, MO-KS",1
66208,28140,"Kansas City, MO-KS",1
66209,28140,"Kansas City, MO-KS",1
66210,28140,"Kansas City, MO-KS",1
66211,28140,"Kansas City, MO-KS",1
66212,28140,"Kansas City, MO-KS",1
66213,28140,"Kansas City, MO-KS",1
66214,28140,"Kansas City, MO-KS",1
66215,28140,"Kansas City, MO-KS",1
66216,28140,"Kansas City, MO-KS",1
66217,28140,"Kansas City, MO-KS",1
66218,28140,"Kansas City, MO-KS",1
66219,28140,"Kansas City, MO-KS",1
66220,28140,"Kansas City, MO-KS",1
66221,28140,"Kansas City, MO-KS",1
66223,28140,"Kansas City, MO-KS",1
66224,28140,"Kansas City, MO-KS",1
66226,28140,"Kansas City, MO-KS",1
66227,28140,"Kansas City, MO-KS",1
66251,28140,"Kansas City, MO-KS",1
66401,45820,"Topeka, KS",1
66402,45820,"Topeka, KS",1
66407,31740,"Manhattan, KS",1
66409,45820,"Topeka, KS",1
66413,45820,"Topeka, KS",1
66414,45820,"Topeka, KS",1
66416,45820,"Topeka, KS",1
66418,45820,"Topeka, KS",1
66419,45820,"Topeka, KS",1
66422,31740,"Manhattan, KS",1
66423,45820,"Topeka, KS",1
66429,45820,"Topeka, KS",1
66431,45820,"Topeka, KS",1
66432,31740,"Manhattan, KS",1
66436,45820,"Topeka, KS",1
66440,45820,"Topeka, KS",1
66441,31740,"Manhattan, KS",1
66442,31740,"Manhattan, KS",1
66449,31740,"Manhattan, KS",1
66451,45820,"Topeka, KS",1
66501,45820,"Topeka, KS",1
66502,31740,"Manhattan, KS",1
66503,31740,"Manhattan, KS",1
66506,31740,"Manhattan, KS",1
66507,45820,"Topeka, KS",1
66509,45820,"Topeka, KS",1
66510,45820,"Topeka, KS",1
66512,45820,"Topeka, KS",1
66514,31740,"Manhattan, KS",1
66516,45820,"Topeka, KS",1
66517,31740,"Manhattan, KS",1
66520,31740,"Manhattan, KS",1
66521,31740,"Manhattan, KS",1
66523,45820,"Topeka, KS",1
66524,45820,"Topeka, KS",1
66526,45820,"Topeka, KS",1
66528,45820,"Topeka, KS",1
66531,31740,"Manhattan, KS",1
66533,45820,"Topeka, KS",1
66535,31740,"Manhattan, KS",1
66536,31740,"Manhattan, KS",1
66537,45820,"Topeka, KS",1
66539,45820,"Topeka, KS",1
66540,45820,"Topeka, KS",1
66542,45820,"Topeka, KS",1
66543,45820,"Topeka, KS",1
66546,45820,"Topeka, KS",1
66547,31740,"Manhattan, KS",1
66549,31740,"Manhattan, KS",1
66552,45820,"Topeka, KS",1
66554,31740,"Manhattan, KS",1
66603,45820,"Topeka, KS",1
66604,45820,"Topeka, KS",1
66605,45820,"Topeka, KS",1
66606,45820,"Topeka, KS",1
66607,45820,"Topeka, KS",1
66608,45820,"Topeka, KS",1
66609,45820,"Topeka, KS",1
66610,45820,"Topeka, KS",1
66611,45820,"Topeka, KS",1
66612,45820,"Topeka, KS",1
66614,45820,"Topeka, KS",1
66615,45820,"Topeka, KS",1
66616,45820,"Topeka, KS",1
66617,45820,"Topeka, KS",1
66618,45820,"Topeka, KS",1
66619,45820,"Topeka, KS",1
66621,45820,"Topeka, KS",1
66622,45820,"Topeka, KS",1
66711,38260,"Pittsburg, KS",0
66712,38260,"Pittsburg, KS",0
66713,27900,"Joplin, MO-KS",1
66724,38260,"Pittsburg, KS",0
66725,27900,"Joplin, MO-KS",1
66734,38260,"Pittsburg, KS",0
66735,38260,"Pittsburg, KS",0
66739,27900,"Joplin, MO-KS",1
66743,38260,"Pittsburg, KS",0
66746,38260,"Pittsburg, KS",0
66753,38260,"Pittsburg, KS",0
66756,38260,"Pittsburg, KS",0
66760,38260,"Pittsburg, KS",0
66762,38260,"Pittsburg, KS",0
66763,38260,"Pittsburg, KS",0
66767,28140,"Kansas City, MO-KS",1
66770,27900,"Joplin, MO-KS",1
66773,27900,"Joplin, MO-KS",1
66778,27900,"Joplin, MO-KS",1
66780,38260,"Pittsburg, KS",0
66781,27900,"Joplin, MO-KS",1
66782,27900,"Joplin, MO-KS",1
66801,21380,"Emporia, KS",0
66830,21380,"Emporia, KS",0
66833,21380,"Emporia, KS",0
66834,45820,"Topeka, KS",1
66835,21380,"Emporia, KS",0
66840,48620,"Wichita, KS",1
66842,48620,"Wichita, KS",1
66843,21380,"Emporia, KS",0
66845,21380,"Emporia, KS",0
66850,21380,"Emporia, KS",0
66854,21380,"Emporia, KS",0
66862,21380,"Emporia, KS",0
66864,21380,"Emporia, KS",0
66865,21380,"Emporia, KS",0
66868,21380,"Emporia, KS",0
66869,21380,"Emporia, KS",0
67001,48620,"Wichita, KS",1
67002,48620,"Wichita, KS",1
67004,48620,"Wichita, KS",1
67005,11680,"Arkansas City-Winfield, KS",0
67008,11680,"Arkansas City-Winfield, KS",0
67010,48620,"Wichita, KS",1
67012,48620,"Wichita, KS",1
67013,48620,"Wichita, KS",1
67016,48620,"Wichita, KS",1
67017,48620,"Wichita, KS",1
67019,11680,"Arkansas City-Winfield, KS",0
67020,48620,"Wichita, KS",1
67022,48620,"Wichita, KS",1
67023,11680,"Arkansas City-Winfield, KS",0
67025,48620,"Wichita, KS",1
67026,48620,"Wichita, KS",1
67030,48620,"Wichita, KS",1
67031,48620,"Wichita, KS",1
67037,48620,"Wichita, KS",1
67038,11680,"Arkansas City-Winfield, KS",0
67039,48620,"Wichita, KS",1
67041,48620,"Wichita, KS",1
67042,48620,"Wichita, KS",1
67050,48620,"Wichita, KS",1
67051,48620,"Wichita, KS",1
67052,48620,"Wichita, KS",1
67055,48620,"Wichita, KS",1
67056,48620,"Wichita, KS",1
67060,48620,"Wichita, KS",1
67062,48620,"Wichita, KS",1
67067,48620,"Wichita, KS",1
67072,48620,"Wichita, KS",1
67074,48620,"Wichita, KS",1
67101,48620,"Wichita, KS",1
67102,11680,"Arkansas City-Winfield, KS",0
67103,48620,"Wichita, KS",1
67105,48620,"Wichita, KS",1
67106,48620,"Wichita, KS",1
67107,32700,"McPherson, KS",0
67108,48620,"Wichita, KS",1
67110,48620,"Wichita, KS",1
67114,48620,"Wichita, KS",1
67117,48620,"Wichita, KS",1
67119,48620,"Wichita, KS",1
67120,48620,"Wichita, KS",1
67123,48620,"Wichita, KS",1
67131,11680,"Arkansas City-Winfield, KS",0
67132,48620,"Wichita, KS",1
67133,48620,"Wichita, KS",1
67135,48620,"Wichita, KS",1
67140,48620,"Wichita, KS",1
67144,48620,"Wichita, KS",1
67146,11680,"Arkansas City-Winfield, KS",0
67147,48620,"Wichita, KS",1
67149,48620,"Wichita, KS",1
67151,48620,"Wichita, KS",1
67152,48620,"Wichita, KS",1
67154,48620,"Wichita, KS",1
67156,11680,"Arkansas City-Winfield, KS",0
67202,48620,"Wichita, KS",1
67203,48620,"Wichita, KS",1
67204,48620,"Wichita, KS",1
67205,48620,"Wichita, KS",1
67206,48620,"Wichita, KS",1
67207,48620,"Wichita, KS",1
67208,48620,"Wichita, KS",1
67209,48620,"Wichita, KS",1
67210,48620,"Wichita, KS",1
67211,48620,"Wichita, KS",1
67212,48620,"Wichita, KS",1
67213,48620,"Wichita, KS",1
67214,48620,"Wichita, KS",1
67215,48620,"Wichita, KS",1
67216,48620,"Wichita, KS",1
67217,48620,"Wichita, KS",1
67218,48620,"Wichita, KS",1
67219,48620,"Wichita, KS",1
67220,48620,"Wichita, KS",1
67221,48620,"Wichita, KS",1
67223,48620,"Wichita, KS",1
67226,48620,"Wichita, KS",1
67227,48620,"Wichita, KS",1
67228,48620,"Wichita, KS",1
67230,48620,"Wichita, KS",1
67232,48620,"Wichita, KS",1
67235,48620,"Wichita, KS",1
67260,48620,"Wichita, KS",1
67336,27900,"Joplin, MO-KS",1
67401,41460,"Salina, KS",0
67416,41460,"Salina, KS",0
67422,41460,"Salina, KS",0
67425,41460,"Salina, KS",0
67428,32700,"McPherson, KS",0
67436,41460,"Salina, KS",0
67442,41460,"Salina, KS",0
67443,32700,"McPherson, KS",0
67448,41460,"Salina, KS",0
67456,32700,"McPherson, KS",0
67460,32700,"McPherson, KS",0
67464,32700,"McPherson, KS",0
67467,41460,"Salina, KS",0
67470,41460,"Salina, KS",0
67476,32700,"McPherson, KS",0
67480,41460,"Salina, KS",0
67484,41460,"Salina, KS",0
67491,32700,"McPherson, KS",0
67501,26740,"Hutchinson, KS",0
67502,26740,"Hutchinson, KS",0
67505,26740,"Hutchinson, KS",0
67510,26740,"Hutchinson, KS",0
67514,26740,"Hutchinson, KS",0
67522,26740,"Hutchinson, KS",0
67525,24460,"Great Bend, KS",0
67526,24460,"Great Bend, KS",0
67530,24460,"Great Bend, KS",0
67543,26740,"Hutchinson, KS",0
67544,24460,"Great Bend, KS",0
67546,32700,"McPherson, KS",0
67561,26740,"Hutchinson, KS",0
67564,24460,"Great Bend, KS",0
67566,26740,"Hutchinson, KS",0
67568,26740,"Hutchinson, KS",0
67570,26740,"Hutchinson, KS",0
67581,26740,"Hutchinson, KS",0
67583,26740,"Hutchinson, KS",0
67601,25700,"Hays, KS",0
67627,25700,"Hays, KS",0
67637,25700,"Hays, KS",0
67640,25700,"Hays, KS",0
67660,25700,"Hays, KS",0
67667,25700,"Hays, KS",0
67671,25700,"Hays, KS",0
67674,25700,"Hays, KS",0
67801,19980,"Dodge City, KS",0
67834,19980,"Dodge City, KS",0
67842,19980,"Dodge City, KS",0
67843,19980,"Dodge City, KS",0
67846,23780,"Garden City, KS",0
67851,23780,"Garden City, KS",0
67859,30580,"Liberal, KS",0
67868,23780,"Garden City, KS",0
67876,19980,"Dodge City, KS",0
67882,19980,"Dodge City, KS",0
67901,30580,"Liberal, KS",0
68002,36540,"Omaha, NE-IA",1
68003,36540,"Omaha, NE-IA",1
68005,36540,"Omaha, NE-IA",1
68007,36540,"Omaha, NE-IA",1
68008,36540,"Omaha, NE-IA",1
68010,36540,"Omaha, NE-IA",1
68015,36540,"Omaha, NE-IA",1
68016,36540,"Omaha, NE-IA",1
68017,36540,"Omaha, NE-IA",1
68018,36540,"Omaha, NE-IA",1
68022,36540,"Omaha, NE-IA",1
68023,36540,"Omaha, NE-IA",1
68025,23340,"Fremont, NE",0
68028,36540,"Omaha, NE-IA",1
68029,36540,"Omaha, NE-IA",1
68030,43580,"Sioux City, IA-NE-SD",1
68031,23340,"Fremont, NE",0
68033,36540,"Omaha, NE-IA",1
68034,36540,"Omaha, NE-IA",1
68037,36540,"Omaha, NE-IA",1
68040,36540,"Omaha, NE-IA",1
68041,36540,"Omaha, NE-IA",1
68042,36540,"Omaha, NE-IA",1
68044,23340,"Fremont, NE",0
68046,36540,"Omaha, NE-IA",1
68048,36540,"Omaha, NE-IA",1
68050,36540,"Omaha, NE-IA",1
68056,36540,"Omaha, NE-IA",1
68057,23340,"Fremont, NE",0
68058,36540,"Omaha, NE-IA",1
68059,36540,"Omaha, NE-IA",1
68063,23340,"Fremont, NE",0
68064,36540,"Omaha, NE-IA",1
68065,36540,"Omaha, NE-IA",1
68066,36540,"Omaha, NE-IA",1
68068,36540,"Omaha, NE-IA",1
68069,36540,"Omaha, NE-IA",1
68070,36540,"Omaha, NE-IA",1
68072,23340,"Fremont, NE",0
68073,36540,"Omaha, NE-IA",1
68102,36540,"Omaha, NE-IA",1
68104,36540,"Omaha, NE-IA",1
68105,36540,"Omaha, NE-IA",1
68106,36540,"Omaha, NE-IA",1
68107,36540,"Omaha, NE-IA",1
68108,36540,"Omaha, NE-IA",1
68110,36540,"Omaha, NE-IA",1
68111,36540,"Omaha, NE-IA",1
68112,36540,"Omaha, NE-IA",1
68113,36540,"Omaha, NE-IA",1
68114,36540,"Omaha, NE-IA",1
68116,36540,"Omaha, NE-IA",1
68117,36540,"Omaha, NE-IA",1
68118,36540,"Omaha, NE-IA",1
68122,36540,"Omaha, NE-IA",1
68123,36540,"Omaha, NE-IA",1
68124,36540,"Omaha, NE-IA",1
68127,36540,"Omaha, NE-IA",1
68128,36540,"Omaha, NE-IA",1
68130,36540,"Omaha, NE-IA",1
68131,36540,"Omaha, NE-IA",1
68132,36540,"Omaha, NE-IA",1
68133,36540,"Omaha, NE-IA",1
68134,36540,"Omaha, NE-IA",1
68135,36540,"Omaha, NE-IA",1
68136,36540,"Omaha, NE-IA",1
68137,36540,"Omaha, NE-IA",1
68138,36540,"Omaha, NE-IA",1
68142,36540,"Omaha, NE-IA",1
68144,36540,"Omaha, NE-IA",1
68147,36540,"Omaha, NE-IA",1
68152,36540,"Omaha, NE-IA",1
68154,36540,"Omaha, NE-IA",1
68157,36540,"Omaha, NE-IA",1
68164,36540,"Omaha, NE-IA",1
68178,36540,"Omaha, NE-IA",1
68182,36540,"Omaha, NE-IA",1
68183,36540,"Omaha, NE-IA",1
68301,13100,"Beatrice, NE",0
68304,36540,"Omaha, NE-IA",1
68307,36540,"Omaha, NE-IA",1
68309,13100,"Beatrice, NE",0
68310,13100,"Beatrice, NE",0
68313,30700,"Lincoln, NE",1
68314,30700,"Lincoln, NE",1
68317,30700,"Lincoln, NE",1
68318,13100,"Beatrice, NE",0
68328,13100,"Beatrice, NE",0
68330,30700,"Lincoln, NE",1
68331,13100,"Beatrice, NE",0
68336,30700,"Lincoln, NE",1
68339,30700,"Lincoln, NE",1
68341,13100,"Beatrice, NE",0
68347,36540,"Omaha, NE-IA",1
68349,36540,"Omaha, NE-IA",1
68357,13100,"Beatrice, NE",0
68358,30700,"Lincoln, NE",1
68360,30700,"Lincoln, NE",1
68364,30700,"Lincoln, NE",1
68366,36540,"Omaha, NE-IA",1
68368,30700,"Lincoln, NE",1
68372,30700,"Lincoln, NE",1
68381,13100,"Beatrice, NE",0
68402,30700,"Lincoln, NE",1
68403,36540,"Omaha, NE-IA",1
68404,30700,"Lincoln, NE",1
68405,30700,"Lincoln, NE",1
68407,36540,"Omaha, NE-IA",1
68409,36540,"Omaha, NE-IA",1
68413,36540,"Omaha, NE-IA",1
68415,13100,"Beatrice, NE",0
68419,30700,"Lincoln, NE",1
68422,13100,"Beatrice, NE",0
68423,30700,"Lincoln, NE",1
68428,30700,"Lincoln, NE",1
68430,30700,"Lincoln, NE",1
68434,30700,"Lincoln, NE",1
68438,30700,"Lincoln, NE",1
68439,30700,"Lincoln, NE",1
68452,25580,"Hastings, NE",0
68455,36540,"Omaha, NE-IA",1
68456,30700,"Lincoln, NE",1
68458,13100,"Beatrice, NE",0
68461,30700,"Lincoln, NE",1
68462,30700,"Lincoln, NE",1
68463,36540,"Omaha, NE-IA",1
68466,13100,"Beatrice, NE",0
68502,30700,"Lincoln, NE",1
68503,30700,"Lincoln, NE",1
68504,30700,"Lincoln, NE",1
68505,30700,"Lincoln, NE",1
68506,30700,"Lincoln, NE",1
68507,30700,"Lincoln, NE",1
68508,30700,"Lincoln, NE",1
68510,30700,"Lincoln, NE",1
68512,30700,"Lincoln, NE",1
68514,30700,"Lincoln, NE",1
68516,30700,"Lincoln, NE",1
68517,30700,"Lincoln, NE",1
68520,30700,"Lincoln, NE",1
68521,30700,"Lincoln, NE",1
68522,30700,"Lincoln, NE",1
68523,30700,"Lincoln, NE",1
68524,30700,"Lincoln, NE",1
68526,30700,"Lincoln, NE",1
68527,30700,"Lincoln, NE",1
68528,30700,"Lincoln, NE",1
68531,30700,"Lincoln, NE",1
68532,30700,"Lincoln, NE",1
68588,30700,"Lincoln, NE",1
68601,18100,"Columbus, NE",0
68621,23340,"Fremont, NE",0
68628,24260,"Grand Island, NE",1
68629,18100,"Columbus, NE",0
68631,18100,"Columbus, NE",0
68633,23340,"Fremont, NE",0
68634,18100,"Columbus, NE",0
68641,18100,"Columbus, NE",0
68642,18100,"Columbus, NE",0
68643,18100,"Columbus, NE",0
68644,18100,"Columbus, NE",0
68647,18100,"Columbus, NE",0
68648,36540,"Omaha, NE-IA",1
68649,23340,"Fremont, NE",0
68653,18100,"Columbus, NE",0
68659,18100,"Columbus, NE",0
68661,18100,"Columbus, NE",0
68663,24260,"Grand Island, NE",1
68664,23340,"Fremont, NE",0
68701,35740,"Norfolk, NE",0
68715,35740,"Norfolk, NE",0
68731,43580,"Sioux City, IA-NE-SD",1
68741,43580,"Sioux City, IA-NE-SD",1
68743,43580,"Sioux City, IA-NE-SD",1
68747,35740,"Norfolk, NE",0
68748,35740,"Norfolk, NE",0
68752,35740,"Norfolk, NE",0
68758,35740,"Norfolk, NE",0
68765,35740,"Norfolk, NE",0
68767,35740,"Norfolk, NE",0
68768,35740,"Norfolk, NE",0
68769,35740,"Norfolk, NE",0
68776,43580,"Sioux City, IA-NE-SD",1
68779,35740,"Norfolk, NE",0
68801,24260,"Grand Island, NE",1
68803,24260,"Grand Island, NE",1
68810,24260,"Grand Island, NE",1
68812,28260,"Kearney, NE",0
68816,24260,"Grand Island, NE",1
68820,24260,"Grand Island, NE",1
68824,24260,"Grand Island, NE",1
68826,24260,"Grand Island, NE",1
68827,24260,"Grand Island, NE",1
68831,24260,"Grand Island, NE",1
68832,24260,"Grand Island, NE",1
68834,30420,"Lexington, NE",0
68835,24260,"Grand Island, NE",1
68836,28260,"Kearney, NE",0
68838,24260,"Grand Island, NE",1
68840,28260,"Kearney, NE",0
68845,28260,"Kearney, NE",0
68847,28260,"Kearney, NE",0
68849,28260,"Kearney, NE",0
68850,30420,"Lexington, NE",0
68858,28260,"Kearney, NE",0
68861,28260,"Kearney, NE",0
68863,30420,"Lexington, NE",0
68864,24260,"Grand Island, NE",1
68866,28260,"Kearney, NE",0
68869,28260,"Kearney, NE",0
68870,28260,"Kearney, NE",0
68872,24260,"Grand Island, NE",1
68873,24260,"Grand Island, NE",1
68876,28260,"Kearney, NE",0
68878,30420,"Lexington, NE",0
68883,24260,"Grand Island, NE",1
68901,25580,"Hastings, NE",0
68924,28260,"Kearney, NE",0
68925,25580,"Hastings, NE",0
68928,25580,"Hastings, NE",0
68930,25580,"Hastings, NE",0
68933,25580,"Hastings, NE",0
68935,25580,"Hastings, NE",0
68937,30420,"Lexington, NE",0
68938,25580,"Hastings, NE",0
68941,25580,"Hastings, NE",0
68942,25580,"Hastings, NE",0
68944,25580,"Hastings, NE",0
68945,28260,"Kearney, NE",0
68950,25580,"Hastings, NE",0
68952,25580,"Hastings, NE",0
68954,25580,"Hastings, NE",0
68955,25580,"Hastings, NE",0
68956,25580,"Hastings, NE",0
68959,28260,"Kearney, NE",0
68970,25580,"Hastings, NE",0
68973,25580,"Hastings, NE",0
68975,25580,"Hastings, NE",0
68976,30420,"Lexington, NE",0
68979,25580,"Hastings, NE",0
68980,25580,"Hastings, NE",0
69039,35820,"North Platte, NE",0
69101,35820,"North Platte, NE",0
69123,35820,"North Platte, NE",0
69130,30420,"Lexington, NE",0
69132,35820,"North Platte, NE",0
69138,30420,"Lexington, NE",0
69143,35820,"North Platte, NE",0
69151,35820,"North Platte, NE",0
69163,35820,"North Platte, NE",0
69165,35820,"North Platte, NE",0
69169,35820,"North Platte, NE",0
69170,35820,"North Platte, NE",0
69171,30420,"Lexington, NE",0
69341,42420,"Scottsbluff, NE",0
69345,42420,"Scottsbluff, NE",0
69352,42420,"Scottsbluff, NE",0
69353,42420,"Scottsbluff, NE",0
69355,42420,"Scottsbluff, NE",0
69356,42420,"Scottsbluff, NE",0
70001,35380,"New Orleans-Metairie, LA",1
70002,35380,"New Orleans-Metairie, LA",1
70003,35380,"New Orleans-Metairie, LA",1
70005,35380,"New Orleans-Metairie, LA",1
70006,35380,"New Orleans-Metairie, LA",1
70030,35380,"New Orleans-Metairie, LA",1
70031,35380,"New Orleans-Metairie, LA",1
70032,35380,"New Orleans-Metairie, LA",1
70036,35380,"New Orleans-Metairie, LA",1
70037,35380,"New Orleans-Metairie, LA",1
70038,35380,"New Orleans-Metairie, LA",1
70039,35380,"New Orleans-Metairie, LA",1
70040,35380,"New Orleans-Metairie, LA",1
70041,35380,"New Orleans-Metairie, LA",1
70043,35380,"New Orleans-Metairie, LA",1
70047,35380,"New Orleans-Metairie, LA",1
70049,35380,"New Orleans-Metairie, LA",1
70050,35380,"New Orleans-Metairie, LA",1
70051,35380,"New Orleans-Metairie, LA",1
70052,35380,"New Orleans-Metairie, LA",1
70053,35380,"New Orleans-Metairie, LA",1
70056,35380,"New Orleans-Metairie, LA",1
70057,35380,"New Orleans-Metairie, LA",1
70058,35380,"New Orleans-Metairie, LA",1
70062,35380,"New Orleans-Metairie, LA",1
70065,35380,"New Orleans-Metairie, LA",1
70067,35380,"New Orleans-Metairie, LA",1
70068,35380,"New Orleans-Metairie, LA",1
70070,35380,"New Orleans-Metairie, LA",1
70071,35380,"New Orleans-Metairie, LA",1
70072,35380,"New Orleans-Metairie, LA",1
70075,35380,"New Orleans-Metairie, LA",1
70076,35380,"New Orleans-Metairie, LA",1
70079,35380,"New Orleans-Metairie, LA",1
70080,35380,"New Orleans-Metairie, LA",1
70082,35380,"New Orleans-Metairie, LA",1
70083,35380,"New Orleans-Metairie, LA",1
70084,35380,"New Orleans-Metairie, LA",1
70085,35380,"New Orleans-Metairie, LA",1
70086,35380,"New Orleans-Metairie, LA",1
70087,35380,"New Orleans-Metairie, LA",1
70090,35380,"New Orleans-Metairie, LA",1
70091,35380,"New Orleans-Metairie, LA",1
70092,35380,"New Orleans-Metairie, LA",1
70094,35380,"New Orleans-Metairie, LA",1
70112,35380,"New Orleans-Metairie, LA",1
70113,35380,"New Orleans-Metairie, LA",1
70114,35380,"New Orleans-Metairie, LA",1
70115,35380,"New Orleans-Metairie, LA",1
70116,35380,"New Orleans-Metairie, LA",1
70117,35380,"New Orleans-Metairie, LA",1
70118,35380,"New Orleans-Metairie, LA",1
70119,35380,"New Orleans-Metairie, LA",1
70121,35380,"New Orleans-Metairie, LA",1
70122,35380,"New Orleans-Metairie, LA",1
70123,35380,"New Orleans-Metairie, LA",1
70124,35380,"New Orleans-Metairie, LA",1
70125,35380,"New Orleans-Metairie, LA",1
70126,35380,"New Orleans-Metairie, LA",1
70127,35380,"New Orleans-Metairie, LA",1
70128,35380,"New Orleans-Metairie, LA",1
70129,35380,"New Orleans-Metairie, LA",1
70130,35380,"New Orleans-Metairie, LA",1
70131,35380,"New Orleans-Metairie, LA",1
70139,35380,"New Orleans-Metairie, LA",1
70148,35380,"New Orleans-Metairie, LA",1
70163,35380,"New Orleans-Metairie, LA",1
70301,26380,"Houma-Bayou Cane-Thibodaux, LA",1
70310,26380,"Houma-Bayou Cane-Thibodaux, LA",1
70339,12940,"Baton Rouge, LA",1
70340,34020,"Morgan City, LA",0
70341,12940,"Baton Rouge, LA",1
70342,34020,"Morgan City, LA",0
70343,26380,"Houma-Bayou Cane-Thibodaux, LA",1
70344,26380,"Houma-Bayou Cane-Thibodaux, LA",1
70345,26380,"Houma-Bayou Cane-Thibodaux, LA",1
70346,12940,"Baton Rouge, LA",1
70352,26380,"Houma-Bayou Cane-Thibodaux, LA",1
70353,26380,"Houma-Bayou Cane-Thibodaux, LA",1
70354,26380,"Houma-Bayou Cane-Thibodaux, LA",1
70355,26380,"Houma-Bayou Cane-Thibodaux, LA",1
70356,26380,"Houma-Bayou Cane-Thibodaux, LA",1
70357,26380,"Houma-Bayou Cane-Thibodaux, LA",1
70358,35380,"New Orleans-Metairie, LA",1
70359,26380,"Houma-Bayou Cane-Thibodaux, LA",1
70360,26380,"Houma-Bayou Cane-Thibodaux, LA",1
70363,26380,"Houma-Bayou Cane-Thibodaux, LA",1
70364,26380,"Houma-Bayou Cane-Thibodaux, LA",1
70372,12940,"Baton Rouge, LA",1
70373,26380,"Houma-Bayou Cane-Thibodaux, LA",1
70374,26380,"Houma-Bayou Cane-Thibodaux, LA",1
70375,26380,"Houma-Bayou Cane-Thibodaux, LA",1
70377,26380,"Houma-Bayou Cane-Thibodaux, LA",1
70380,12940,"Baton Rouge, LA",1
70390,12940,"Baton Rouge, LA",1
70391,12940,"Baton Rouge, LA",1
70392,34020,"Morgan City, LA",0
70393,12940,"Baton Rouge, LA",1
70394,26380,"Houma-Bayou Cane-Thibodaux, LA",1
70395,26380,"Houma-Bayou Cane-Thibodaux, LA",1
70397,26380,"Houma-Bayou Cane-Thibodaux, LA",1
70401,25220,"Hammond, LA",1
70402,25220,"Hammond, LA",1
70403,25220,"Hammond, LA",1
70420,43640,"Slidell-Mandeville-Covington, LA",1
70422,25220,"Hammond, LA",1
70426,14220,"Bogalusa, LA",0
70427,14220,"Bogalusa, LA",0
70431,43640,"Slidell-Mandeville-Covington, LA",1
70433,43640,"Slidell-Mandeville-Covington, LA",1
70435,43640,"Slidell-Mandeville-Covington, LA",1
70436,25220,"Hammond, LA",1
70437,43640,"Slidell-Mandeville-Covington, LA",1
70438,14220,"Bogalusa, LA",0
70441,12940,"Baton Rouge, LA",1
70442,25220,"Hammond, LA",1
70443,25220,"Hammond, LA",1
70444,25220,"Hammond, LA",1
70445,43640,"Slidell-Mandeville-Covington, LA",1
70446,25220,"Hammond, LA",1
70447,43640,"Slidell-Mandeville-Covington, LA",1
70448,43640,"Slidell-Mandeville-Covington, LA",1
70449,12940,"Baton Rouge, LA",1
70450,14220,"Bogalusa, LA",0
70451,25220,"Hammond, LA",1
70452,43640,"Slidell-Mandeville-Covington, LA",1
70453,12940,"Baton Rouge, LA",1
70454,25220,"Hammond, LA",1
70455,25220,"Hammond, LA",1
70456,25220,"Hammond, LA",1
70457,43640,"Slidell-Mandeville-Covington, LA",1
70458,43640,"Slidell-Mandeville-Covington, LA",1
70460,43640,"Slidell-Mandeville-Covington, LA",1
70461,43640,"Slidell-Mandeville-Covington, LA",1
70462,12940,"Baton Rouge, LA",1
70463,43640,"Slidell-Mandeville-Covington, LA",1
70464,43640,"Slidell-Mandeville-Covington, LA",1
70465,25220,"Hammond, LA",1
70466,25220,"Hammond, LA",1
70471,43640,"Slidell-Mandeville-Covington, LA",1
70501,29180,"Lafayette, LA",1
70503,29180,"Lafayette, LA",1
70506,29180,"Lafayette, LA",1
70507,29180,"Lafayette, LA",1
70508,29180,"Lafayette, LA",1
70510,29180,"Lafayette, LA",1
70512,36660,"Opelousas, LA",0
70513,35340,"New Iberia, LA",0
70514,34020,"Morgan City, LA",0
70515,29180,"Lafayette, LA",1
70516,29180,"Lafayette, LA",1
70517,29180,"Lafayette, LA",1
70518,29180,"Lafayette, LA",1
70519,29180,"Lafayette, LA",1
70520,29180,"Lafayette, LA",1
70522,34020,"Morgan City, LA",0
70523,34020,"Morgan City, LA",0
70525,29180,"Lafayette, LA",1
70526,29180,"Lafayette, LA",1
70528,35340,"New Iberia, LA",0
70529,29180,"Lafayette, LA",1
70531,29180,"Lafayette, LA",1
70532,29340,"Lake Charles, LA",1
70533,29180,"Lafayette, LA",1
70534,29180,"Lafayette, LA",1
70535,29180,"Lafayette, LA",1
70537,29180,"Lafayette, LA",1
70538,34020,"Morgan City, LA",0
70541,36660,"Opelousas, LA",0
70542,29180,"Lafayette, LA",1
70543,29180,"Lafayette, LA",1
70544,35340,"New Iberia, LA",0
70546,29340,"Lake Charles, LA",1
70548,29180,"Lafayette, LA",1
70549,29340,"Lake Charles, LA",1
70550,36660,"Opelousas, LA",0
70551,36660,"Opelousas, LA",0
70552,35340,"New Iberia, LA",0
70555,29180,"Lafayette, LA",1
70556,29180,"Lafayette, LA",1
70558,29180,"Lafayette, LA",1
70559,29180,"Lafayette, LA",1
70560,35340,"New Iberia, LA",0
70563,35340,"New Iberia, LA",0
70570,36660,"Opelousas, LA",0
70575,29180,"Lafayette, LA",1
70577,36660,"Opelousas, LA",0
70578,29180,"Lafayette, LA",1
70581,29340,"Lake Charles, LA",1
70582,29180,"Lafayette, LA",1
70583,29180,"Lafayette, LA",1
70584,36660,"Opelousas, LA",0
70589,36660,"Opelousas, LA",0
70591,29340,"Lake Charles, LA",1
70592,29180,"Lafayette, LA",1
70601,29340,"Lake Charles, LA",1
70605,29340,"Lake Charles, LA",1
70607,29340,"Lake Charles, LA",1
70609,29340,"Lake Charles, LA",1
70611,29340,"Lake Charles, LA",1
70615,29340,"Lake Charles, LA",1
70629,29340,"Lake Charles, LA",1
70630,29340,"Lake Charles, LA",1
70631,29340,"Lake Charles, LA",1
70632,29340,"Lake Charles, LA",1
70633,29340,"Lake Charles, LA",1
70634,19760,"DeRidder, LA",0
70640,29340,"Lake Charles, LA",1
70643,29340,"Lake Charles, LA",1
70645,29340,"Lake Charles, LA",1
70646,29340,"Lake Charles, LA",1
70647,29340,"Lake Charles, LA",1
70650,29340,"Lake Charles, LA",1
70652,19760,"DeRidder, LA",0
70653,19760,"DeRidder, LA",0
70657,19760,"DeRidder, LA",0
70660,19760,"DeRidder, LA",0
70661,29340,"Lake Charles, LA",1
70662,19760,"DeRidder, LA",0
70663,29340,"Lake Charles, LA",1
70665,29340,"Lake Charles, LA",1
70668,29340,"Lake Charles, LA",1
70669,29340,"Lake Charles, LA",1
70706,12940,"Baton Rouge, LA",1
70710,12940,"Baton Rouge, LA",1
70711,12940,"Baton Rouge, LA",1
70712,12940,"Baton Rouge, LA",1
70714,12940,"Baton Rouge, LA",1
70715,12940,"Baton Rouge, LA",1
70719,12940,"Baton Rouge, LA",1
70721,12940,"Baton Rouge, LA",1
70722,12940,"Baton Rouge, LA",1
70723,35380,"New Orleans-Metairie, LA",1
70725,12940,"Baton Rouge, LA",1
70726,12940,"Baton Rouge, LA",1
70729,12940,"Baton Rouge, LA",1
70730,12940,"Baton Rouge, LA",1
70732,12940,"Baton Rouge, LA",1
70733,12940,"Baton Rouge, LA",1
70734,12940,"Baton Rouge, LA",1
70736,12940,"Baton Rouge, LA",1
70737,12940,"Baton Rouge, LA",1
70739,12940,"Baton Rouge, LA",1
70740,12940,"Baton Rouge, LA",1
70743,35380,"New Orleans-Metairie, LA",1
70744,12940,"Baton Rouge, LA",1
70747,12940,"Baton Rouge, LA",1
70748,12940,"Baton Rouge, LA",1
70749,12940,"Baton Rouge, LA",1
70750,36660,"Opelousas, LA",0
70752,12940,"Baton Rouge, LA",1
70753,12940,"Baton Rouge, LA",1
70754,12940,"Baton Rouge, LA",1
70755,12940,"Baton Rouge, LA",1
70756,12940,"Baton Rouge, LA",1
70757,12940,"Baton Rouge, LA",1
70759,12940,"Baton Rouge, LA",1
70760,12940,"Baton Rouge, LA",1
70761,12940,"Baton Rouge, LA",1
70762,12940,"Baton Rouge, LA",1
70763,35380,"New Orleans-Metairie, LA",1
70764,12940,"Baton Rouge, LA",1
70767,12940,"Baton Rouge, LA",1
70769,12940,"Baton Rouge, LA",1
70770,12940,"Baton Rouge, LA",1
70772,12940,"Baton Rouge, LA",1
70773,12940,"Baton Rouge, LA",1
70774,12940,"Baton Rouge, LA",1
70775,12940,"Baton Rouge, LA",1
70776,12940,"Baton Rouge, LA",1
70777,12940,"Baton Rouge, LA",1
70778,12940,"Baton Rouge, LA",1
70780,12940,"Baton Rouge, LA",1
70782,12940,"Baton Rouge, LA",1
70783,12940,"Baton Rouge, LA",1
70785,12940,"Baton Rouge, LA",1
70786,12940,"Baton Rouge, LA",1
70787,12940,"Baton Rouge, LA",1
70788,12940,"Baton Rouge, LA",1
70789,12940,"Baton Rouge, LA",1
70791,12940,"Baton Rouge, LA",1
70801,12940,"Baton Rouge, LA",1
70802,12940,"Baton Rouge, LA",1
70803,12940,"Baton Rouge, LA",1
70805,12940,"Baton Rouge, LA",1
70806,12940,"Baton Rouge, LA",1
70807,12940,"Baton Rouge, LA",1
70808,12940,"Baton Rouge, LA",1
70809,12940,"Baton Rouge, LA",1
70810,12940,"Baton Rouge, LA",1
70811,12940,"Baton Rouge, LA",1
70812,12940,"Baton Rouge, LA",1
70813,12940,"Baton Rouge, LA",1
70814,12940,"Baton Rouge, LA",1
70815,12940,"Baton Rouge, LA",1
70816,12940,"Baton Rouge, LA",1
70817,12940,"Baton Rouge, LA",1
70818,12940,"Baton Rouge, LA",1
70819,12940,"Baton Rouge, LA",1
70820,12940,"Baton Rouge, LA",1
70825,12940,"Baton Rouge, LA",1
70836,12940,"Baton Rouge, LA",1
71002,35060,"Natchitoches, LA",0
71004,43340,"Shreveport-Bossier City, LA",1
71006,43340,"Shreveport-Bossier City, LA",1
71007,43340,"Shreveport-Bossier City, LA",1
71009,43340,"Shreveport-Bossier City, LA",1
71018,33380,"Minden, LA",0
71021,33380,"Minden, LA",0
71023,33380,"Minden, LA",0
71024,33380,"Minden, LA",0
71027,43340,"Shreveport-Bossier City, LA",1
71029,43340,"Shreveport-Bossier City, LA",1
71030,43340,"Shreveport-Bossier City, LA",1
71032,43340,"Shreveport-Bossier City, LA",1
71033,43340,"Shreveport-Bossier City, LA",1
71037,43340,"Shreveport-Bossier City, LA",1
71039,33380,"Minden, LA",0
71043,43340,"Shreveport-Bossier City, LA",1
71044,43340,"Shreveport-Bossier City, LA",1
71046,43340,"Shreveport-Bossier City, LA",1
71047,43340,"Shreveport-Bossier City, LA",1
71049,43340,"Shreveport-Bossier City, LA",1
71051,43340,"Shreveport-Bossier City, LA",1
71052,43340,"Shreveport-Bossier City, LA",1
71055,33380,"Minden, LA",0
71060,43340,"Shreveport-Bossier City, LA",1
71061,43340,"Shreveport-Bossier City, LA",1
71063,43340,"Shreveport-Bossier City, LA",1
71064,43340,"Shreveport-Bossier City, LA",1
71066,35060,"Natchitoches, LA",0
71067,43340,"Shreveport-Bossier City, LA",1
71069,43340,"Shreveport-Bossier City, LA",1
71070,35060,"Natchitoches, LA",0
71071,33380,"Minden, LA",0
71072,33380,"Minden, LA",0
71073,33380,"Minden, LA",0
71075,33380,"Minden, LA",0
71078,43340,"Shreveport-Bossier City, LA",1
71082,43340,"Shreveport-Bossier City, LA",1
71101,43340,"Shreveport-Bossier City, LA",1
71103,43340,"Shreveport-Bossier City, LA",1
71104,43340,"Shreveport-Bossier City, LA",1
71105,43340,"Shreveport-Bossier City, LA",1
71106,43340,"Shreveport-Bossier City, LA",1
71107,43340,"Shreveport-Bossier City, LA",1
71108,43340,"Shreveport-Bossier City, LA",1
71109,43340,"Shreveport-Bossier City, LA",1
71110,43340,"Shreveport-Bossier City, LA",1
71111,43340,"Shreveport-Bossier City, LA",1
71112,43340,"Shreveport-Bossier City, LA",1
71115,43340,"Shreveport-Bossier City, LA",1
71118,43340,"Shreveport-Bossier City, LA",1
71119,43340,"Shreveport-Bossier City, LA",1
71129,43340,"Shreveport-Bossier City, LA",1
71201,33740,"Monroe, LA",1
71202,33740,"Monroe, LA",1
71203,33740,"Monroe, LA",1
71209,33740,"Monroe, LA",1
71212,33740,"Monroe, LA",1
71218,33740,"Monroe, LA",1
71220,33740,"Monroe, LA",1
71222,33740,"Monroe, LA",1
71223,33740,"Monroe, LA",1
71225,33740,"Monroe, LA",1
71227,40820,"Ruston, LA",0
71229,33740,"Monroe, LA",1
71234,33740,"Monroe, LA",1
71235,40820,"Ruston, LA",0
71241,33740,"Monroe, LA",1
71245,40820,"Ruston, LA",0
71250,33740,"Monroe, LA",1
71256,33740,"Monroe, LA",1
71259,33740,"Monroe, LA",1
71260,33740,"Monroe, LA",1
71261,33740,"Monroe, LA",1
71264,33740,"Monroe, LA",1
71269,33740,"Monroe, LA",1
71270,40820,"Ruston, LA",0
71272,40820,"Ruston, LA",0
71275,40820,"Ruston, LA",0
71277,33740,"Monroe, LA",1
71279,33740,"Monroe, LA",1
71280,33740,"Monroe, LA",1
71291,33740,"Monroe, LA",1
71292,33740,"Monroe, LA",1
71301,10780,"Alexandria, LA",1
71302,10780,"Alexandria, LA",1
71303,10780,"Alexandria, LA",1
71316,35020,"Natchez, MS-LA",0
71325,10780,"Alexandria, LA",1
71328,10780,"Alexandria, LA",1
71330,10780,"Alexandria, LA",1
71334,35020,"Natchez, MS-LA",0
71345,36660,"Opelousas, LA",0
71346,10780,"Alexandria, LA",1
71353,36660,"Opelousas, LA",0
71354,35020,"Natchez, MS-LA",0
71356,36660,"Opelousas, LA",0
71358,36660,"Opelousas, LA",0
71359,10780,"Alexandria, LA",1
71360,10780,"Alexandria, LA",1
71373,35020,"Natchez, MS-LA",0
71405,10780,"Alexandria, LA",1
71407,10780,"Alexandria, LA",1
71409,10780,"Alexandria, LA",1
71411,35060,"Natchitoches, LA",0
71414,35060,"Natchitoches, LA",0
71416,35060,"Natchitoches, LA",0
71417,10780,"Alexandria, LA",1
71423,10780,"Alexandria, LA",1
71424,10780,"Alexandria, LA",1
71427,10780,"Alexandria, LA",1
71428,35060,"Natchitoches, LA",0
71430,10780,"Alexandria, LA",1
71432,10780,"Alexandria, LA",1
71433,10780,"Alexandria, LA",1
71434,35060,"Natchitoches, LA",0
71447,10780,"Alexandria, LA",1
71450,35060,"Natchitoches, LA",0
71452,35060,"Natchitoches, LA",0
71454,10780,"Alexandria, LA",1
71455,35060,"Natchitoches, LA",0
71456,35060,"Natchitoches, LA",0
71457,35060,"Natchitoches, LA",0
71466,10780,"Alexandria, LA",1
71467,10780,"Alexandria, LA",1
71468,35060,"Natchitoches, LA",0
71469,35060,"Natchitoches, LA",0
71472,10780,"Alexandria, LA",1
71485,10780,"Alexandria, LA",1
71497,35060,"Natchitoches, LA",0
71601,38220,"Pine Bluff, AR",0
71602,38220,"Pine Bluff, AR",0
71603,38220,"Pine Bluff, AR",0
71652,38220,"Pine Bluff, AR",0
71659,38220,"Pine Bluff, AR",0
71660,38220,"Pine Bluff, AR",0
71665,38220,"Pine Bluff, AR",0
71701,15780,"Camden, AR",0
71720,15780,"Camden, AR",0
71721,11660,"Arkadelphia, AR",0
71724,20980,"El Dorado, AR",0
71726,15780,"Camden, AR",0
71728,11660,"Arkadelphia, AR",0
71730,20980,"El Dorado, AR",0
71740,31620,"Magnolia, AR",0
71743,11660,"Arkadelphia, AR",0
71744,15780,"Camden, AR",0
71745,15780,"Camden, AR",0
71747,20980,"El Dorado, AR",0
71749,20980,"El Dorado, AR",0
71751,15780,"Camden, AR",0
71752,31620,"Magnolia, AR",0
71753,31620,"Magnolia, AR",0
71758,20980,"El Dorado, AR",0
71759,20980,"El Dorado, AR",0
71762,20980,"El Dorado, AR",0
71764,15780,"Camden, AR",0
71765,20980,"El Dorado, AR",0
71766,15780,"Camden, AR",0
71770,31620,"Magnolia, AR",0
71772,11660,"Arkadelphia, AR",0
71820,45500,"Texarkana, TX-AR",1
71822,45500,"Texarkana, TX-AR",1
71834,45500,"Texarkana, TX-AR",1
71836,45500,"Texarkana, TX-AR",1
71837,45500,"Texarkana, TX-AR",1
71839,45500,"Texarkana, TX-AR",1
71853,45500,"Texarkana, TX-AR",1
71854,45500,"Texarkana, TX-AR",1
71865,45500,"Texarkana, TX-AR",1
71866,45500,"Texarkana, TX-AR",1
71901,26300,"Hot Springs, AR",1
71909,26300,"Hot Springs, AR",1
71913,26300,"Hot Springs, AR",1
71921,11660,"Arkadelphia, AR",0
71923,11660,"Arkadelphia, AR",0
71929,31680,"Malvern, AR",0
71933,26300,"Hot Springs, AR",1
71941,31680,"Malvern, AR",0
71942,31680,"Malvern, AR",0
71949,26300,"Hot Springs, AR",1
71956,26300,"Hot Springs, AR",1
71962,11660,"Arkadelphia, AR",0
71964,26300,"Hot Springs, AR",1
71968,26300,"Hot Springs, AR",1
71998,11660,"Arkadelphia, AR",0
71999,11660,"Arkadelphia, AR",0
72001,30780,"Little Rock-North Little Rock-Conway, AR",1
72002,30780,"Little Rock-North Little Rock-Conway, AR",1
72004,38220,"Pine Bluff, AR",0
72007,30780,"Little Rock-North Little Rock-Conway, AR",1
72010,42620,"Searcy, AR",0
72011,30780,"Little Rock-North Little Rock-Conway, AR",1
72012,42620,"Searcy, AR",0
72015,30780,"Little Rock-North Little Rock-Conway, AR",1
72016,30780,"Little Rock-North Little Rock-Conway, AR",1
72019,30780,"Little Rock-North Little Rock-Conway, AR",1
72022,30780,"Little Rock-North Little Rock-Conway, AR",1
72023,30780,"Little Rock-North Little Rock-Conway, AR",1
72024,30780,"Little Rock-North Little Rock-Conway, AR",1
72025,30780,"Little Rock-North Little Rock-Conway, AR",1
72032,30780,"Little Rock-North Little Rock-Conway, AR",1
72034,30780,"Little Rock-North Little Rock-Conway, AR",1
72035,30780,"Little Rock-North Little Rock-Conway, AR",1
72039,30780,"Little Rock-North Little Rock-Conway, AR",1
72045,42620,"Searcy, AR",0
72046,30780,"Little Rock-North Little Rock-Conway, AR",1
72047,30780,"Little Rock-North Little Rock-Conway, AR",1
72052,42620,"Searcy, AR",0
72053,30780,"Little Rock-North Little Rock-Conway, AR",1
72057,30780,"Little Rock-North Little Rock-Conway, AR",1
72058,30780,"Little Rock-North Little Rock-Conway, AR",1
72060,42620,"Searcy, AR",0
72061,30780,"Little Rock-North Little Rock-Conway, AR",1
72065,30780,"Little Rock-North Little Rock-Conway, AR",1
72068,42620,"Searcy, AR",0
72070,30780,"Little Rock-North Little Rock-Conway, AR",1
72072,30780,"Little Rock-North Little Rock-Conway, AR",1
72076,30780,"Little Rock-North Little Rock-Conway, AR",1
72079,38220,"Pine Bluff, AR",0
72081,42620,"Searcy, AR",0
72082,42620,"Searcy, AR",0
72083,30780,"Little Rock-North Little Rock-Conway, AR",1
72085,42620,"Searcy, AR",0
72086,30780,"Little Rock-North Little Rock-Conway, AR",1
72087,30780,"Little Rock-North Little Rock-Conway, AR",1
72099,30780,"Little Rock-North Little Rock-Conway, AR",1
72102,42620,"Searcy, AR",0
72103,30780,"Little Rock-North Little Rock-Conway, AR",1
72104,31680,"Malvern, AR",0
72106,30780,"Little Rock-North Little Rock-Conway, AR",1
72111,30780,"Little Rock-North Little Rock-Conway, AR",1
72113,30780,"Little Rock-North Little Rock-Conway, AR",1
72114,30780,"Little Rock-North Little Rock-Conway, AR",1
72116,30780,"Little Rock-North Little Rock-Conway, AR",1
72117,30780,"Little Rock-North Little Rock-Conway, AR",1
72118,30780,"Little Rock-North Little Rock-Conway, AR",1
72119,30780,"Little Rock-North Little Rock-Conway, AR",1
72120,30780,"Little Rock-North Little Rock-Conway, AR",1
72121,42620,"Searcy, AR",0
72122,30780,"Little Rock-North Little Rock-Conway, AR",1
72125,30780,"Little Rock-North Little Rock-Conway, AR",1
72126,30780,"Little Rock-North Little Rock-Conway, AR",1
72128,30780,"Little Rock-North Little Rock-Conway, AR",1
72129,30780,"Little Rock-North Little Rock-Conway, AR",1
72132,38220,"Pine Bluff, AR",0
72133,38220,"Pine Bluff, AR",0
72135,30780,"Little Rock-North Little Rock-Conway, AR",1
72136,42620,"Searcy, AR",0
72137,42620,"Searcy, AR",0
72139,42620,"Searcy, AR",0
72142,30780,"Little Rock-North Little Rock-Conway, AR",1
72143,42620,"Searcy, AR",0
72150,30780,"Little Rock-North Little Rock-Conway, AR",1
72152,38220,"Pine Bluff, AR",0
72165,12900,"Batesville, AR",0
72167,30780,"Little Rock-North Little Rock-Conway, AR",1
72168,38220,"Pine Bluff, AR",0
72173,30780,"Little Rock-North Little Rock-Conway, AR",1
72175,38220,"Pine Bluff, AR",0
72176,30780,"Little Rock-North Little Rock-Conway, AR",1
72178,42620,"Searcy, AR",0
72180,30780,"Little Rock-North Little Rock-Conway, AR",1
72181,30780,"Little Rock-North Little Rock-Conway, AR",1
72182,38220,"Pine Bluff, AR",0
72183,30780,"Little Rock-North Little Rock-Conway, AR",1
72199,30780,"Little Rock-North Little Rock-Conway, AR",1
72201,30780,"Little Rock-North Little Rock-Conway, AR",1
72202,30780,"Little Rock-North Little Rock-Conway, AR",1
72204,30780,"Little Rock-North Little Rock-Conway, AR",1
72205,30780,"Little Rock-North Little Rock-Conway, AR",1
72206,30780,"Little Rock-North Little Rock-Conway, AR",1
72207,30780,"Little Rock-North Little Rock-Conway, AR",1
72209,30780,"Little Rock-North Little Rock-Conway, AR",1
72210,30780,"Little Rock-North Little Rock-Conway, AR",1
72211,30780,"Little Rock-North Little Rock-Conway, AR",1
72212,30780,"Little Rock-North Little Rock-Conway, AR",1
72223,30780,"Little Rock-North Little Rock-Conway, AR",1
72227,30780,"Little Rock-North Little Rock-Conway, AR",1
72301,32820,"Memphis, TN-MS-AR",1
72313,14180,"Blytheville, AR",0
72315,14180,"Blytheville, AR",0
72322,22620,"Forrest City, AR",0
72325,32820,"Memphis, TN-MS-AR",1
72326,22620,"Forrest City, AR",0
72327,32820,"Memphis, TN-MS-AR",1
72329,14180,"Blytheville, AR",0
72330,14180,"Blytheville, AR",0
72331,32820,"Memphis, TN-MS-AR",1
72332,32820,"Memphis, TN-MS-AR",1
72335,22620,"Forrest City, AR",0
72338,32820,"Memphis, TN-MS-AR",1
72339,32820,"Memphis, TN-MS-AR",1
72340,22620,"Forrest City, AR",0
72346,22620,"Forrest City, AR",0
72348,32820,"Memphis, TN-MS-AR",1
72350,14180,"Blytheville, AR",0
72351,14180,"Blytheville, AR",0
72354,27860,"Jonesboro, AR",1
72358,14180,"Blytheville, AR",0
72359,22620,"Forrest City, AR",0
72364,32820,"Memphis, TN-MS-AR",1
72365,27860,"Jonesboro, AR",1
72370,14180,"Blytheville, AR",0
72372,22620,"Forrest City, AR",0
72376,32820,"Memphis, TN-MS-AR",1
72377,27860,"Jonesboro, AR",1
72384,32820,"Memphis, TN-MS-AR",1
72386,27860,"Jonesboro, AR",1
72391,14180,"Blytheville, AR",0
72392,22620,"Forrest City, AR",0
72394,22620,"Forrest City, AR",0
72395,14180,"Blytheville, AR",0
72401,27860,"Jonesboro, AR",1
72404,27860,"Jonesboro, AR",1
72405,27860,"Jonesboro, AR",1
72411,27860,"Jonesboro, AR",1
72412,37500,"Paragould, AR",0
72414,27860,"Jonesboro, AR",1
72416,27860,"Jonesboro, AR",1
72417,27860,"Jonesboro, AR",1
72419,27860,"Jonesboro, AR",1
72421,27860,"Jonesboro, AR",1
72425,37500,"Paragould, AR",0
72426,14180,"Blytheville, AR",0
72427,27860,"Jonesboro, AR",1
72428,14180,"Blytheville, AR",0
72429,27860,"Jonesboro, AR",1
72432,27860,"Jonesboro, AR",1
72436,37500,"Paragould, AR",0
72437,27860,"Jonesboro, AR",1
72438,14180,"Blytheville, AR",0
72442,14180,"Blytheville, AR",0
72443,37500,"Paragould, AR",0
72447,27860,"Jonesboro, AR",1
72450,37500,"Paragould, AR",0
72467,27860,"Jonesboro, AR",1
72472,27860,"Jonesboro, AR",1
72479,27860,"Jonesboro, AR",1
72501,12900,"Batesville, AR",0
72519,34260,"Mountain Home, AR",0
72522,12900,"Batesville, AR",0
72524,12900,"Batesville, AR",0
72526,12900,"Batesville, AR",0
72527,12900,"Batesville, AR",0
72534,12900,"Batesville, AR",0
72537,34260,"Mountain Home, AR",0
72544,34260,"Mountain Home, AR",0
72550,12900,"Batesville, AR",0
72553,12900,"Batesville, AR",0
72562,12900,"Batesville, AR",0
72564,12900,"Batesville, AR",0
72568,12900,"Batesville, AR",0
72571,12900,"Batesville, AR",0
72579,12900,"Batesville, AR",0
72601,25460,"Harrison, AR",0
72615,25460,"Harrison, AR",0
72617,34260,"Mountain Home, AR",0
72623,34260,"Mountain Home, AR",0
72624,25460,"Harrison, AR",0
72626,34260,"Mountain Home, AR",0
72628,25460,"Harrison, AR",0
72630,25460,"Harrison, AR",0
72635,34260,"Mountain Home, AR",0
72640,25460,"Harrison, AR",0
72641,25460,"Harrison, AR",0
72642,34260,"Mountain Home, AR",0
72644,25460,"Harrison, AR",0
72648,25460,"Harrison, AR",0
72651,34260,"Mountain Home, AR",0
72653,34260,"Mountain Home, AR",0
72655,25460,"Harrison, AR",0
72658,34260,"Mountain Home, AR",0
72662,25460,"Harrison, AR",0
72666,25460,"Harrison, AR",0
72670,25460,"Harrison, AR",0
72683,25460,"Harrison, AR",0
72685,25460,"Harrison, AR",0
72686,40780,"Russellville, AR",0
72701,22220,"Fayetteville-Springdale-Rogers, AR",1
72703,22220,"Fayetteville-Springdale-Rogers, AR",1
72704,22220,"Fayetteville-Springdale-Rogers, AR",1
72712,22220,"Fayetteville-Springdale-Rogers, AR",1
72713,22220,"Fayetteville-Springdale-Rogers, AR",1
72714,22220,"Fayetteville-Springdale-Rogers, AR",1
72715,22220,"Fayetteville-Springdale-Rogers, AR",1
72717,22220,"Fayetteville-Springdale-Rogers, AR",1
72718,22220,"Fayetteville-Springdale-Rogers, AR",1
72719,22220,"Fayetteville-Springdale-Rogers, AR",1
72721,22220,"Fayetteville-Springdale-Rogers, AR",1
72722,22220,"Fayetteville-Springdale-Rogers, AR",1
72727,22220,"Fayetteville-Springdale-Rogers, AR",1
72729,22220,"Fayetteville-Springdale-Rogers, AR",1
72730,22220,"Fayetteville-Springdale-Rogers, AR",1
72732,22220,"Fayetteville-Springdale-Rogers, AR",1
72734,22220,"Fayetteville-Springdale-Rogers, AR",1
72736,22220,"Fayetteville-Springdale-Rogers, AR",1
72738,22220,"Fayetteville-Springdale-Rogers, AR",1
72739,22220,"Fayetteville-Springdale-Rogers, AR",1
72740,22220,"Fayetteville-Springdale-Rogers, AR",1
72742,22220,"Fayetteville-Springdale-Rogers, AR",1
72744,22220,"Fayetteville-Springdale-Rogers, AR",1
72745,22220,"Fayetteville-Springdale-Rogers, AR",1
72747,22220,"Fayetteville-Springdale-Rogers, AR",1
72749,22220,"Fayetteville-Springdale-Rogers, AR",1
72751,22220,"Fayetteville-Springdale-Rogers, AR",1
72752,22220,"Fayetteville-Springdale-Rogers, AR",1
72753,22220,"Fayetteville-Springdale-Rogers, AR",1
72756,22220,"Fayetteville-Springdale-Rogers, AR",1
72758,22220,"Fayetteville-Springdale-Rogers, AR",1
72760,22220,"Fayetteville-Springdale-Rogers, AR",1
72761,22220,"Fayetteville-Springdale-Rogers, AR",1
72762,22220,"Fayetteville-Springdale-Rogers, AR",1
72764,22220,"Fayetteville-Springdale-Rogers, AR",1
72768,22220,"Fayetteville-Springdale-Rogers, AR",1
72769,22220,"Fayetteville-Springdale-Rogers, AR",1
72773,22220,"Fayetteville-Springdale-Rogers, AR",1
72774,22220,"Fayetteville-Springdale-Rogers, AR",1
72776,22220,"Fayetteville-Springdale-Rogers, AR",1
72801,40780,"Russellville, AR",0
72802,40780,"Russellville, AR",0
72823,40780,"Russellville, AR",0
72824,40780,"Russellville, AR",0
72827,40780,"Russellville, AR",0
72828,40780,"Russellville, AR",0
72829,40780,"Russellville, AR",0
72833,40780,"Russellville, AR",0
72834,40780,"Russellville, AR",0
72837,40780,"Russellville, AR",0
72838,40780,"Russellville, AR",0
72842,40780,"Russellville, AR",0
72843,40780,"Russellville, AR",0
72847,40780,"Russellville, AR",0
72853,40780,"Russellville, AR",0
72856,25460,"Harrison, AR",0
72857,40780,"Russellville, AR",0
72858,40780,"Russellville, AR",0
72860,40780,"Russellville, AR",0
72901,22900,"Fort Smith, AR-OK",1
72903,22900,"Fort Smith, AR-OK",1
72904,22900,"Fort Smith, AR-OK",1
72905,22900,"Fort Smith, AR-OK",1
72908,22900,"Fort Smith, AR-OK",1
72916,22900,"Fort Smith, AR-OK",1
72921,22900,"Fort Smith, AR-OK",1
72923,22900,"Fort Smith, AR-OK",1
72932,22900,"Fort Smith, AR-OK",1
72934,22900,"Fort Smith, AR-OK",1
72935,22900,"Fort Smith, AR-OK",1
72936,22900,"Fort Smith, AR-OK",1
72937,22900,"Fort Smith, AR-OK",1
72938,22900,"Fort Smith, AR-OK",1
72940,22900,"Fort Smith, AR-OK",1
72941,22900,"Fort Smith, AR-OK",1
72944,22900,"Fort Smith, AR-OK",1
72945,22900,"Fort Smith, AR-OK",1
72946,22900,"Fort Smith, AR-OK",1
72948,22900,"Fort Smith, AR-OK",1
72952,22900,"Fort Smith, AR-OK",1
72955,22900,"Fort Smith, AR-OK",1
72956,22900,"Fort Smith, AR-OK",1
72959,22220,"Fayetteville-Springdale-Rogers, AR",1
73002,36420,"Oklahoma City, OK",1
73003,36420,"Oklahoma City, OK",1
73004,36420,"Oklahoma City, OK",1
73007,36420,"Oklahoma City, OK",1
73008,36420,"Oklahoma City, OK",1
73010,36420,"Oklahoma City, OK",1
73011,36420,"Oklahoma City, OK",1
73012,36420,"Oklahoma City, OK",1
73013,36420,"Oklahoma City, OK",1
73014,36420,"Oklahoma City, OK",1
73018,36420,"Oklahoma City, OK",1
73019,36420,"Oklahoma City, OK",1
73020,36420,"Oklahoma City, OK",1
73021,48220,"Weatherford, OK",0
73022,36420,"Oklahoma City, OK",1
73024,48220,"Weatherford, OK",0
73025,36420,"Oklahoma City, OK",1
73026,36420,"Oklahoma City, OK",1
73027,36420,"Oklahoma City, OK",1
73028,36420,"Oklahoma City, OK",1
73031,36420,"Oklahoma City, OK",1
73034,36420,"Oklahoma City, OK",1
73036,36420,"Oklahoma City, OK",1
73044,36420,"Oklahoma City, OK",1
73045,36420,"Oklahoma City, OK",1
73049,36420,"Oklahoma City, OK",1
73050,36420,"Oklahoma City, OK",1
73051,36420,"Oklahoma City, OK",1
73054,36420,"Oklahoma City, OK",1
73055,20340,"Duncan, OK",0
73056,21420,"Enid, OK",1
73058,36420,"Oklahoma City, OK",1
73059,36420,"Oklahoma City, OK",1
73063,36420,"Oklahoma City, OK",1
73064,36420,"Oklahoma City, OK",1
73065,36420,"Oklahoma City, OK",1
73066,36420,"Oklahoma City, OK",1
73067,36420,"Oklahoma City, OK",1
73068,36420,"Oklahoma City, OK",1
73069,36420,"Oklahoma City, OK",1
73070,36420,"Oklahoma City, OK",1
73071,36420,"Oklahoma City, OK",1
73072,36420,"Oklahoma City, OK",1
73078,36420,"Oklahoma City, OK",1
73079,36420,"Oklahoma City, OK",1
73080,36420,"Oklahoma City, OK",1
73082,36420,"Oklahoma City, OK",1
73084,36420,"Oklahoma City, OK",1
73089,36420,"Oklahoma City, OK",1
73090,36420,"Oklahoma City, OK",1
73092,36420,"Oklahoma City, OK",1
73093,36420,"Oklahoma City, OK",1
73095,36420,"Oklahoma City, OK",1
73096,48220,"Weatherford, OK",0
73097,36420,"Oklahoma City, OK",1
73099,36420,"Oklahoma City, OK",1
73102,36420,"Oklahoma City, OK",1
73103,36420,"Oklahoma City, OK",1
73104,36420,"Oklahoma City, OK",1
73105,36420,"Oklahoma City, OK",1
73106,36420,"Oklahoma City, OK",1
73107,36420,"Oklahoma City, OK",1
73108,36420,"Oklahoma City, OK",1
73109,36420,"Oklahoma City, OK",1
73110,36420,"Oklahoma City, OK",1
73111,36420,"Oklahoma City, OK",1
73112,36420,"Oklahoma City, OK",1
73114,36420,"Oklahoma City, OK",1
73115,36420,"Oklahoma City, OK",1
73116,36420,"Oklahoma City, OK",1
73117,36420,"Oklahoma City, OK",1
73118,36420,"Oklahoma City, OK",1
73119,36420,"Oklahoma City, OK",1
73120,36420,"Oklahoma City, OK",1
73121,36420,"Oklahoma City, OK",1
73122,36420,"Oklahoma City, OK",1
73127,36420,"Oklahoma City, OK",1
73128,36420,"Oklahoma City, OK",1
73129,36420,"Oklahoma City, OK",1
73130,36420,"Oklahoma City, OK",1
73131,36420,"Oklahoma City, OK",1
73132,36420,"Oklahoma City, OK",1
73134,36420,"Oklahoma City, OK",1
73135,36420,"Oklahoma City, OK",1
73139,36420,"Oklahoma City, OK",1
73141,36420,"Oklahoma City, OK",1
73142,36420,"Oklahoma City, OK",1
73145,36420,"Oklahoma City, OK",1
73149,36420,"Oklahoma City, OK",1
73150,36420,"Oklahoma City, OK",1
73151,36420,"Oklahoma City, OK",1
73159,36420,"Oklahoma City, OK",1
73160,36420,"Oklahoma City, OK",1
73162,36420,"Oklahoma City, OK",1
73165,36420,"Oklahoma City, OK",1
73169,36420,"Oklahoma City, OK",1
73170,36420,"Oklahoma City, OK",1
73173,36420,"Oklahoma City, OK",1
73179,36420,"Oklahoma City, OK",1
73401,11620,"Ardmore, OK",0
73425,20340,"Duncan, OK",0
73434,20340,"Duncan, OK",0
73435,11620,"Ardmore, OK",0
73436,11620,"Ardmore, OK",0
73437,11620,"Ardmore, OK",0
73438,11620,"Ardmore, OK",0
73442,20340,"Duncan, OK",0
73443,11620,"Ardmore, OK",0
73444,11620,"Ardmore, OK",0
73449,20460,"Durant, OK",0
73458,11620,"Ardmore, OK",0
73463,11620,"Ardmore, OK",0
73481,11620,"Ardmore, OK",0
73487,11620,"Ardmore, OK",0
73488,11620,"Ardmore, OK",0
73491,20340,"Duncan, OK",0
73501,30020,"Lawton, OK",1
73503,30020,"Lawton, OK",1
73505,30020,"Lawton, OK",1
73507,30020,"Lawton, OK",1
73521,11060,"Altus, OK",0
73523,11060,"Altus, OK",0
73526,11060,"Altus, OK",0
73527,30020,"Lawton, OK",1
73528,30020,"Lawton, OK",1
73529,20340,"Duncan, OK",0
73531,30020,"Lawton, OK",1
73532,11060,"Altus, OK",0
73533,20340,"Duncan, OK",0
73537,11060,"Altus, OK",0
73538,30020,"Lawton, OK",1
73539,11060,"Altus, OK",0
73540,30020,"Lawton, OK",1
73541,30020,"Lawton, OK",1
73543,30020,"Lawton, OK",1
73548,30020,"Lawton, OK",1
73549,11060,"Altus, OK",0
73552,30020,"Lawton, OK",1
73556,11060,"Altus, OK",0
73557,30020,"Lawton, OK",1
73560,11060,"Altus, OK",0
73562,30020,"Lawton, OK",1
73567,30020,"Lawton, OK",1
73568,30020,"Lawton, OK",1
73572,30020,"Lawton, OK",1
73601,48220,"Weatherford, OK",0
73620,48220,"Weatherford, OK",0
73622,48220,"Weatherford, OK",0
73624,48220,"Weatherford, OK",0
73625,48220,"Weatherford, OK",0
73626,48220,"Weatherford, OK",0
73627,21120,"Elk City, OK",0
73632,48220,"Weatherford, OK",0
73639,48220,"Weatherford, OK",0
73641,48220,"Weatherford, OK",0
73644,21120,"Elk City, OK",0
73645,21120,"Elk City, OK",0
73647,48220,"Weatherford, OK",0
73661,48220,"Weatherford, OK",0
73662,21120,"Elk City, OK",0
73664,48220,"Weatherford, OK",0
73668,21120,"Elk City, OK",0
73669,48220,"Weatherford, OK",0
73701,21420,"Enid, OK",1
73703,21420,"Enid, OK",1
73705,21420,"Enid, OK",1
73720,21420,"Enid, OK",1
73727,21420,"Enid, OK",1
73730,21420,"Enid, OK",1
73733,21420,"Enid, OK",1
73735,21420,"Enid, OK",1
73736,21420,"Enid, OK",1
73738,21420,"Enid, OK",1
73743,21420,"Enid, OK",1
73753,21420,"Enid, OK",1
73754,21420,"Enid, OK",1
73762,36420,"Oklahoma City, OK",1
73773,21420,"Enid, OK",1
73801,49260,"Woodward, OK",0
73852,49260,"Woodward, OK",0
73853,49260,"Woodward, OK",0
73857,49260,"Woodward, OK",0
73901,25100,"Guymon, OK",0
73939,25100,"Guymon, OK",0
73942,25100,"Guymon, OK",0
73944,25100,"Guymon, OK",0
73945,25100,"Guymon, OK",0
73949,25100,"Guymon, OK",0
73951,25100,"Guymon, OK",0
74001,46140,"Tulsa, OK",1
74002,46140,"Tulsa, OK",1
74003,46140,"Tulsa, OK",1
74006,12780,"Bartlesville, OK",0
74008,46140,"Tulsa, OK",1
74010,46140,"Tulsa, OK",1
74011,46140,"Tulsa, OK",1
74012,46140,"Tulsa, OK",1
74014,46140,"Tulsa, OK",1
74015,46140,"Tulsa, OK",1
74016,46140,"Tulsa, OK",1
74017,46140,"Tulsa, OK",1
74019,46140,"Tulsa, OK",1
74020,46140,"Tulsa, OK",1
74021,46140,"Tulsa, OK",1
74022,12780,"Bartlesville, OK",0
74023,44660,"Stillwater, OK",0
74026,36420,"Oklahoma City, OK",1
74028,46140,"Tulsa, OK",1
74029,12780,"Bartlesville, OK",0
74030,46140,"Tulsa, OK",1
74032,44660,"Stillwater, OK",0
74033,46140,"Tulsa, OK",1
74034,46140,"Tulsa, OK",1
74035,46140,"Tulsa, OK",1
74036,46140,"Tulsa, OK",1
74037,46140,"Tulsa, OK",1
74038,46140,"Tulsa, OK",1
74039,46140,"Tulsa, OK",1
74041,46140,"Tulsa, OK",1
74044,46140,"Tulsa, OK",1
74045,46140,"Tulsa, OK",1
74046,46140,"Tulsa, OK",1
74047,46140,"Tulsa, OK",1
74050,46140,"Tulsa, OK",1
74051,12780,"Bartlesville, OK",0
74052,46140,"Tulsa, OK",1
74053,46140,"Tulsa, OK",1
74054,46140,"Tulsa, OK",1
74055,46140,"Tulsa, OK",1
74056,46140,"Tulsa, OK",1
74058,46140,"Tulsa, OK",1
74059,44660,"Stillwater, OK",0
74060,46140,"Tulsa, OK",1
74061,12780,"Bartlesville, OK",0
74062,44660,"Stillwater, OK",0
74063,46140,"Tulsa, OK",1
74066,46140,"Tulsa, OK",1
74068,46140,"Tulsa, OK",1
74070,46140,"Tulsa, OK",1
74071,46140,"Tulsa, OK",1
74073,46140,"Tulsa, OK",1
74074,44660,"Stillwater, OK",0
74075,44660,"Stillwater, OK",0
74077,44660,"Stillwater, OK",0
74078,44660,"Stillwater, OK",0
74079,36420,"Oklahoma City, OK",1
74080,46140,"Tulsa, OK",1
74081,46140,"Tulsa, OK",1
74082,12780,"Bartlesville, OK",0
74084,46140,"Tulsa, OK",1
74085,44660,"Stillwater, OK",0
74103,46140,"Tulsa, OK",1
74104,46140,"Tulsa, OK",1
74105,46140,"Tulsa, OK",1
74106,46140,"Tulsa, OK",1
74107,46140,"Tulsa, OK",1
74108,46140,"Tulsa, OK",1
74110,46140,"Tulsa, OK",1
74112,46140,"Tulsa, OK",1
74114,46140,"Tulsa, OK",1
74115,46140,"Tulsa, OK",1
74116,46140,"Tulsa, OK",1
74117,46140,"Tulsa, OK",1
74119,46140,"Tulsa, OK",1
74120,46140,"Tulsa, OK",1
74126,46140,"Tulsa, OK",1
74127,46140,"Tulsa, OK",1
74128,46140,"Tulsa, OK",1
74129,46140,"Tulsa, OK",1
74130,46140,"Tulsa, OK",1
74131,46140,"Tulsa, OK",1
74132,46140,"Tulsa, OK",1
74133,46140,"Tulsa, OK",1
74134,46140,"Tulsa, OK",1
74135,46140,"Tulsa, OK",1
74136,46140,"Tulsa, OK",1
74137,46140,"Tulsa, OK",1
74145,46140,"Tulsa, OK",1
74146,46140,"Tulsa, OK",1
74171,46140,"Tulsa, OK",1
74339,33060,"Miami, OK",0
74343,33060,"Miami, OK",0
74354,33060,"Miami, OK",0
74358,33060,"Miami, OK",0
74360,33060,"Miami, OK",0
74363,33060,"Miami, OK",0
74370,33060,"Miami, OK",0
74401,34780,"Muskogee, OK",0
74403,34780,"Muskogee, OK",0
74421,46140,"Tulsa, OK",1
74422,34780,"Muskogee, OK",0
74423,34780,"Muskogee, OK",0
74425,32540,"McAlester, OK",0
74427,45140,"Tahlequah, OK",0
74429,46140,"Tulsa, OK",1
74430,32540,"McAlester, OK",0
74431,46140,"Tulsa, OK",1
74434,34780,"Muskogee, OK",0
74435,22900,"Fort Smith, AR-OK",1
74436,34780,"Muskogee, OK",0
74437,46140,"Tulsa, OK",1
74441,45140,"Tahlequah, OK",0
74442,32540,"McAlester, OK",0
74445,46140,"Tulsa, OK",1
74446,46140,"Tulsa, OK",1
74447,46140,"Tulsa, OK",1
74450,34780,"Muskogee, OK",0
74451,45140,"Tahlequah, OK",0
74452,45140,"Tahlequah, OK",0
74454,46140,"Tulsa, OK",1
74455,34780,"Muskogee, OK",0
74456,46140,"Tulsa, OK",1
74457,45140,"Tahlequah, OK",0
74458,46140,"Tulsa, OK",1
74460,46140,"Tulsa, OK",1
74463,34780,"Muskogee, OK",0
74464,45140,"Tahlequah, OK",0
74467,46140,"Tulsa, OK",1
74468,34780,"Muskogee, OK",0
74469,34780,"Muskogee, OK",0
74470,34780,"Muskogee, OK",0
74471,45140,"Tahlequah, OK",0
74477,46140,"Tulsa, OK",1
74501,32540,"McAlester, OK",0
74522,32540,"McAlester, OK",0
74528,32540,"McAlester, OK",0
74546,32540,"McAlester, OK",0
74547,32540,"McAlester, OK",0
74553,32540,"McAlester, OK",0
74554,32540,"McAlester, OK",0
74560,32540,"McAlester, OK",0
74561,32540,"McAlester, OK",0
74565,32540,"McAlester, OK",0
74601,38620,"Ponca City, OK",0
74604,46140,"Tulsa, OK",1
74631,38620,"Ponca City, OK",0
74632,38620,"Ponca City, OK",0
74633,46140,"Tulsa, OK",1
74637,46140,"Tulsa, OK",1
74640,21420,"Enid, OK",1
74641,38620,"Ponca City, OK",0
74646,38620,"Ponca City, OK",0
74647,38620,"Ponca City, OK",0
74650,46140,"Tulsa, OK",1
74652,46140,"Tulsa, OK",1
74653,38620,"Ponca City, OK",0
74701,20460,"Durant, OK",0
74720,20460,"Durant, OK",0
74721,20460,"Durant, OK",0
74723,20460,"Durant, OK",0
74726,20460,"Durant, OK",0
74729,20460,"Durant, OK",0
74730,20460,"Durant, OK",0
74731,20460,"Durant, OK",0
74733,20460,"Durant, OK",0
74741,20460,"Durant, OK",0
74747,20460,"Durant, OK",0
74753,20460,"Durant, OK",0
74801,43060,"Shawnee, OK",0
74804,43060,"Shawnee, OK",0
74820,10220,"Ada, OK",0
74824,36420,"Oklahoma City, OK",1
74825,10220,"Ada, OK",0
74826,43060,"Shawnee, OK",0
74831,36420,"Oklahoma City, OK",1
74832,36420,"Oklahoma City, OK",1
74834,36420,"Oklahoma City, OK",1
74842,10220,"Ada, OK",0
74843,10220,"Ada, OK",0
74844,10220,"Ada, OK",0
74851,43060,"Shawnee, OK",0
74852,43060,"Shawnee, OK",0
74854,43060,"Shawnee, OK",0
74855,36420,"Oklahoma City, OK",1
74857,36420,"Oklahoma City, OK",1
74864,36420,"Oklahoma City, OK",1
74865,10220,"Ada, OK",0
74866,43060,"Shawnee, OK",0
74869,36420,"Oklahoma City, OK",1
74871,10220,"Ada, OK",0
74873,43060,"Shawnee, OK",0
74875,36420,"Oklahoma City, OK",1
74878,43060,"Shawnee, OK",0
74881,36420,"Oklahoma City, OK",1
74936,22900,"Fort Smith, AR-OK",1
74945,22900,"Fort Smith, AR-OK",1
74946,22900,"Fort Smith, AR-OK",1
74948,22900,"Fort Smith, AR-OK",1
74954,22900,"Fort Smith, AR-OK",1
74955,22900,"Fort Smith, AR-OK",1
74962,22900,"Fort Smith, AR-OK",1
75001,19100,"Dallas-Fort Worth-Arlington, TX",1
75002,19100,"Dallas-Fort Worth-Arlington, TX",1
75006,19100,"Dallas-Fort Worth-Arlington, TX",1
75007,19100,"Dallas-Fort Worth-Arlington, TX",1
75009,19100,"Dallas-Fort Worth-Arlington, TX",1
75010,19100,"Dallas-Fort Worth-Arlington, TX",1
75013,19100,"Dallas-Fort Worth-Arlington, TX",1
75019,19100,"Dallas-Fort Worth-Arlington, TX",1
75020,43300,"Sherman-Denison, TX",1
75021,43300,"Sherman-Denison, TX",1
75022,19100,"Dallas-Fort Worth-Arlington, TX",1
75023,19100,"Dallas-Fort Worth-Arlington, TX",1
75024,19100,"Dallas-Fort Worth-Arlington, TX",1
75025,19100,"Dallas-Fort Worth-Arlington, TX",1
75028,19100,"Dallas-Fort Worth-Arlington, TX",1
75032,19100,"Dallas-Fort Worth-Arlington, TX",1
75033,19100,"Dallas-Fort Worth-Arlington, TX",1
75034,19100,"Dallas-Fort Worth-Arlington, TX",1
75035,19100,"Dallas-Fort Worth-Arlington, TX",1
75036,19100,"Dallas-Fort Worth-Arlington, TX",1
75038,19100,"Dallas-Fort Worth-Arlington, TX",1
75039,19100,"Dallas-Fort Worth-Arlington, TX",1
75040,19100,"Dallas-Fort Worth-Arlington, TX",1
75041,19100,"Dallas-Fort Worth-Arlington, TX",1
75042,19100,"Dallas-Fort Worth-Arlington, TX",1
75043,19100,"Dallas-Fort Worth-Arlington, TX",1
75044,19100,"Dallas-Fort Worth-Arlington, TX",1
75048,19100,"Dallas-Fort Worth-Arlington, TX",1
75050,19100,"Dallas-Fort Worth-Arlington, TX",1
75051,19100,"Dallas-Fort Worth-Arlington, TX",1
75052,19100,"Dallas-Fort Worth-Arlington, TX",1
75054,19100,"Dallas-Fort Worth-Arlington, TX",1
75056,19100,"Dallas-Fort Worth-Arlington, TX",1
75057,19100,"Dallas-Fort Worth-Arlington, TX",1
75058,43300,"Sherman-Denison, TX",1
75060,19100,"Dallas-Fort Worth-Arlington, TX",1
75061,19100,"Dallas-Fort Worth-Arlington, TX",1
75062,19100,"Dallas-Fort Worth-Arlington, TX",1
75063,19100,"Dallas-Fort Worth-Arlington, TX",1
75065,19100,"Dallas-Fort Worth-Arlington, TX",1
75067,19100,"Dallas-Fort Worth-Arlington, TX",1
75068,19100,"Dallas-Fort Worth-Arlington, TX",1
75069,19100,"Dallas-Fort Worth-Arlington, TX",1
75070,19100,"Dallas-Fort Worth-Arlington, TX",1
75071,19100,"Dallas-Fort Worth-Arlington, TX",1
75072,19100,"Dallas-Fort Worth-Arlington, TX",1
75074,19100,"Dallas-Fort Worth-Arlington, TX",1
75075,19100,"Dallas-Fort Worth-Arlington, TX",1
75076,43300,"Sherman-Denison, TX",1
75077,19100,"Dallas-Fort Worth-Arlington, TX",1
75078,19100,"Dallas-Fort Worth-Arlington, TX",1
75080,19100,"Dallas-Fort Worth-Arlington, TX",1
75081,19100,"Dallas-Fort Worth-Arlington, TX",1
75082,19100,"Dallas-Fort Worth-Arlington, TX",1
75087,19100,"Dallas-Fort Worth-Arlington, TX",1
75088,19100,"Dallas-Fort Worth-Arlington, TX",1
75089,19100,"Dallas-Fort Worth-Arlington, TX",1
75090,43300,"Sherman-Denison, TX",1
75092,43300,"Sherman-Denison, TX",1
75093,19100,"Dallas-Fort Worth-Arlington, TX",1
75094,19100,"Dallas-Fort Worth-Arlington, TX",1
75098,19100,"Dallas-Fort Worth-Arlington, TX",1
75101,19100,"Dallas-Fort Worth-Arlington, TX",1
75102,18620,"Corsicana, TX",0
75104,19100,"Dallas-Fort Worth-Arlington, TX",1
75105,18620,"Corsicana, TX",0
75109,18620,"Corsicana, TX",0
75110,18620,"Corsicana, TX",0
75114,19100,"Dallas-Fort Worth-Arlington, TX",1
75115,19100,"Dallas-Fort Worth-Arlington, TX",1
75116,19100,"Dallas-Fort Worth-Arlington, TX",1
75119,19100,"Dallas-Fort Worth-Arlington, TX",1
75124,11980,"Athens, TX",0
75125,19100,"Dallas-Fort Worth-Arlington, TX",1
75126,19100,"Dallas-Fort Worth-Arlington, TX",1
75132,19100,"Dallas-Fort Worth-Arlington, TX",1
75134,19100,"Dallas-Fort Worth-Arlington, TX",1
75135,19100,"Dallas-Fort Worth-Arlington, TX",1
75137,19100,"Dallas-Fort Worth-Arlington, TX",1
75141,19100,"Dallas-Fort Worth-Arlington, TX",1
75142,19100,"Dallas-Fort Worth-Arlington, TX",1
75143,19100,"Dallas-Fort Worth-Arlington, TX",1
75144,18620,"Corsicana, TX",0
75146,19100,"Dallas-Fort Worth-Arlington, TX",1
75148,11980,"Athens, TX",0
75149,19100,"Dallas-Fort Worth-Arlington, TX",1
75150,19100,"Dallas-Fort Worth-Arlington, TX",1
75152,19100,"Dallas-Fort Worth-Arlington, TX",1
75153,18620,"Corsicana, TX",0
75154,19100,"Dallas-Fort Worth-Arlington, TX",1
75155,18620,"Corsicana, TX",0
75156,11980,"Athens, TX",0
75157,19100,"Dallas-Fort Worth-Arlington, TX",1
75158,19100,"Dallas-Fort Worth-Arlington, TX",1
75159,19100,"Dallas-Fort Worth-Arlington, TX",1
75160,19100,"Dallas-Fort Worth-Arlington, TX",1
75161,19100,"Dallas-Fort Worth-Arlington, TX",1
75163,11980,"Athens, TX",0
75164,19100,"Dallas-Fort Worth-Arlington, TX",1
75165,19100,"Dallas-Fort Worth-Arlington, TX",1
75166,19100,"Dallas-Fort Worth-Arlington, TX",1
75167,19100,"Dallas-Fort Worth-Arlington, TX",1
75172,19100,"Dallas-Fort Worth-Arlington, TX",1
75173,19100,"Dallas-Fort Worth-Arlington, TX",1
75180,19100,"Dallas-Fort Worth-Arlington, TX",1
75181,19100,"Dallas-Fort Worth-Arlington, TX",1
75182,19100,"Dallas-Fort Worth-Arlington, TX",1
75189,19100,"Dallas-Fort Worth-Arlington, TX",1
75201,19100,"Dallas-Fort Worth-Arlington, TX",1
75202,19100,"Dallas-Fort Worth-Arlington, TX",1
75203,19100,"Dallas-Fort Worth-Arlington, TX",1
75204,19100,"Dallas-Fort Worth-Arlington, TX",1
75205,19100,"Dallas-Fort Worth-Arlington, TX",1
75206,19100,"Dallas-Fort Worth-Arlington, TX",1
75207,19100,"Dallas-Fort Worth-Arlington, TX",1
75208,19100,"Dallas-Fort Worth-Arlington, TX",1
75209,19100,"Dallas-Fort Worth-Arlington, TX",1
75210,19100,"Dallas-Fort Worth-Arlington, TX",1
75211,19100,"Dallas-Fort Worth-Arlington, TX",1
75212,19100,"Dallas-Fort Worth-Arlington, TX",1
75214,19100,"Dallas-Fort Worth-Arlington, TX",1
75215,19100,"Dallas-Fort Worth-Arlington, TX",1
75216,19100,"Dallas-Fort Worth-Arlington, TX",1
75217,19100,"Dallas-Fort Worth-Arlington, TX",1
75218,19100,"Dallas-Fort Worth-Arlington, TX",1
75219,19100,"Dallas-Fort Worth-Arlington, TX",1
75220,19100,"Dallas-Fort Worth-Arlington, TX",1
75223,19100,"Dallas-Fort Worth-Arlington, TX",1
75224,19100,"Dallas-Fort Worth-Arlington, TX",1
75225,19100,"Dallas-Fort Worth-Arlington, TX",1
75226,19100,"Dallas-Fort Worth-Arlington, TX",1
75227,19100,"Dallas-Fort Worth-Arlington, TX",1
75228,19100,"Dallas-Fort Worth-Arlington, TX",1
75229,19100,"Dallas-Fort Worth-Arlington, TX",1
75230,19100,"Dallas-Fort Worth-Arlington, TX",1
75231,19100,"Dallas-Fort Worth-Arlington, TX",1
75232,19100,"Dallas-Fort Worth-Arlington, TX",1
75233,19100,"Dallas-Fort Worth-Arlington, TX",1
75234,19100,"Dallas-Fort Worth-Arlington, TX",1
75235,19100,"Dallas-Fort Worth-Arlington, TX",1
75236,19100,"Dallas-Fort Worth-Arlington, TX",1
75237,19100,"Dallas-Fort Worth-Arlington, TX",1
75238,19100,"Dallas-Fort Worth-Arlington, TX",1
75240,19100,"Dallas-Fort Worth-Arlington, TX",1
75241,19100,"Dallas-Fort Worth-Arlington, TX",1
75243,19100,"Dallas-Fort Worth-Arlington, TX",1
75244,19100,"Dallas-Fort Worth-Arlington, TX",1
75246,19100,"Dallas-Fort Worth-Arlington, TX",1
75247,19100,"Dallas-Fort Worth-Arlington, TX",1
75248,19100,"Dallas-Fort Worth-Arlington, TX",1
75249,19100,"Dallas-Fort Worth-Arlington, TX",1
75251,19100,"Dallas-Fort Worth-Arlington, TX",1
75252,19100,"Dallas-Fort Worth-Arlington, TX",1
75253,19100,"Dallas-Fort Worth-Arlington, TX",1
75254,19100,"Dallas-Fort Worth-Arlington, TX",1
75261,19100,"Dallas-Fort Worth-Arlington, TX",1
75270,19100,"Dallas-Fort Worth-Arlington, TX",1
75287,19100,"Dallas-Fort Worth-Arlington, TX",1
75390,19100,"Dallas-Fort Worth-Arlington, TX",1
75401,19100,"Dallas-Fort Worth-Arlington, TX",1
75402,19100,"Dallas-Fort Worth-Arlington, TX",1
75407,19100,"Dallas-Fort Worth-Arlington, TX",1
75409,19100,"Dallas-Fort Worth-Arlington, TX",1
75411,37580,"Paris, TX",0
75412,37580,"Paris, TX",0
75413,14300,"Bonham, TX",0
75414,43300,"Sherman-Denison, TX",1
75416,37580,"Paris, TX",0
75417,37580,"Paris, TX",0
75418,14300,"Bonham, TX",0
75420,44860,"Sulphur Springs, TX",0
75421,37580,"Paris, TX",0
75422,19100,"Dallas-Fort Worth-Arlington, TX",1
75423,19100,"Dallas-Fort Worth-Arlington, TX",1
75424,19100,"Dallas-Fort Worth-Arlington, TX",1
75426,37580,"Paris, TX",0
75428,19100,"Dallas-Fort Worth-Arlington, TX",1
75429,19100,"Dallas-Fort Worth-Arlington, TX",1
75431,44860,"Sulphur Springs, TX",0
75433,44860,"Sulphur Springs, TX",0
75434,37580,"Paris, TX",0
75435,37580,"Paris, TX",0
75436,37580,"Paris, TX",0
75437,44860,"Sulphur Springs, TX",0
75438,14300,"Bonham, TX",0
75439,14300,"Bonham, TX",0
75442,19100,"Dallas-Fort Worth-Arlington, TX",1
75446,14300,"Bonham, TX",0
75447,14300,"Bonham, TX",0
75449,14300,"Bonham, TX",0
75451,34420,"Mount Pleasant, TX",0
75452,14300,"Bonham, TX",0
75453,19100,"Dallas-Fort Worth-Arlington, TX",1
75454,19100,"Dallas-Fort Worth-Arlington, TX",1
75455,34420,"Mount Pleasant, TX",0
75459,43300,"Sherman-Denison, TX",1
75460,37580,"Paris, TX",0
75462,37580,"Paris, TX",0
75468,37580,"Paris, TX",0
75470,37580,"Paris, TX",0
75471,44860,"Sulphur Springs, TX",0
75473,37580,"Paris, TX",0
75474,19100,"Dallas-Fort Worth-Arlington, TX",1
75475,14300,"Bonham, TX",0
75476,14300,"Bonham, TX",0
75477,37580,"Paris, TX",0
75478,44860,"Sulphur Springs, TX",0
75479,14300,"Bonham, TX",0
75481,44860,"Sulphur Springs, TX",0
75482,44860,"Sulphur Springs, TX",0
75486,37580,"Paris, TX",0
75488,14300,"Bonham, TX",0
75489,43300,"Sherman-Denison, TX",1
75490,14300,"Bonham, TX",0
75491,43300,"Sherman-Denison, TX",1
75492,14300,"Bonham, TX",0
75493,34420,"Mount Pleasant, TX",0
75495,43300,"Sherman-Denison, TX",1
75496,19100,"Dallas-Fort Worth-Arlington, TX",1
75501,45500,"Texarkana, TX-AR",1
75503,45500,"Texarkana, TX-AR",1
75550,37580,"Paris, TX",0
75554,37580,"Paris, TX",0
75558,34420,"Mount Pleasant, TX",0
75559,45500,"Texarkana, TX-AR",1
75561,45500,"Texarkana, TX-AR",1
75567,45500,"Texarkana, TX-AR",1
75569,45500,"Texarkana, TX-AR",1
75570,45500,"Texarkana, TX-AR",1
75571,34420,"Mount Pleasant, TX",0
75573,45500,"Texarkana, TX-AR",1
75574,45500,"Texarkana, TX-AR",1
75601,30980,"Longview, TX",1
75602,30980,"Longview, TX",1
75603,30980,"Longview, TX",1
75604,30980,"Longview, TX",1
75605,30980,"Longview, TX",1
75638,34420,"Mount Pleasant, TX",0
75640,30980,"Longview, TX",1
75641,30980,"Longview, TX",1
75644,30980,"Longview, TX",1
75645,30980,"Longview, TX",1
75647,30980,"Longview, TX",1
75650,30980,"Longview, TX",1
75651,30980,"Longview, TX",1
75652,30980,"Longview, TX",1
75654,30980,"Longview, TX",1
75658,30980,"Longview, TX",1
75659,30980,"Longview, TX",1
75661,30980,"Longview, TX",1
75662,30980,"Longview, TX",1
75667,30980,"Longview, TX",1
75668,34420,"Mount Pleasant, TX",0
75670,30980,"Longview, TX",1
75671,30980,"Longview, TX",1
75672,30980,"Longview, TX",1
75680,30980,"Longview, TX",1
75681,30980,"Longview, TX",1
75682,30980,"Longview, TX",1
75683,30980,"Longview, TX",1
75684,30980,"Longview, TX",1
75686,34420,"Mount Pleasant, TX",0
75687,30980,"Longview, TX",1
75689,30980,"Longview, TX",1
75691,30980,"Longview, TX",1
75692,30980,"Longview, TX",1
75693,30980,"Longview, TX",1
75694,30980,"Longview, TX",1
75701,46340,"Tyler, TX",1
75702,46340,"Tyler, TX",1
75703,46340,"Tyler, TX",1
75704,46340,"Tyler, TX",1
75705,46340,"Tyler, TX",1
75706,46340,"Tyler, TX",1
75707,46340,"Tyler, TX",1
75708,46340,"Tyler, TX",1
75709,46340,"Tyler, TX",1
75711,46340,"Tyler, TX",1
75750,46340,"Tyler, TX",1
75751,11980,"Athens, TX",0
75752,11980,"Athens, TX",0
75755,30980,"Longview, TX",1
75756,11980,"Athens, TX",0
75757,27380,"Jacksonville, TX",0
75758,11980,"Athens, TX",0
75759,27380,"Jacksonville, TX",0
75760,34860,"Nacogdoches, TX",0
75762,46340,"Tyler, TX",1
75763,37300,"Palestine, TX",0
75764,27380,"Jacksonville, TX",0
75766,27380,"Jacksonville, TX",0
75770,11980,"Athens, TX",0
75771,46340,"Tyler, TX",1
75778,11980,"Athens, TX",0
75779,37300,"Palestine, TX",0
75780,27380,"Jacksonville, TX",0
75782,11980,"Athens, TX",0
75784,30980,"Longview, TX",1
75785,27380,"Jacksonville, TX",0
75788,34860,"Nacogdoches, TX",0
75789,27380,"Jacksonville, TX",0
75791,46340,"Tyler, TX",1
75792,46340,"Tyler, TX",1
75801,37300,"Palestine, TX",0
75803,37300,"Palestine, TX",0
75839,37300,"Palestine, TX",0
75853,37300,"Palestine, TX",0
75861,37300,"Palestine, TX",0
75884,37300,"Palestine, TX",0
75886,37300,"Palestine, TX",0
75901,31260,"Lufkin, TX",0
75903,31260,"Lufkin, TX",0
75904,31260,"Lufkin, TX",0
75925,27380,"Jacksonville, TX",0
75937,34860,"Nacogdoches, TX",0
75941,31260,"Lufkin, TX",0
75943,34860,"Nacogdoches, TX",0
75944,34860,"Nacogdoches, TX",0
75946,34860,"Nacogdoches, TX",0
75949,31260,"Lufkin, TX",0
75961,34860,"Nacogdoches, TX",0
75962,34860,"Nacogdoches, TX",0
75964,34860,"Nacogdoches, TX",0
75965,34860,"Nacogdoches, TX",0
75969,31260,"Lufkin, TX",0
75976,27380,"Jacksonville, TX",0
75980,31260,"Lufkin, TX",0
76001,19100,"Dallas-Fort Worth-Arlington, TX",1
76002,19100,"Dallas-Fort Worth-Arlington, TX",1
76005,19100,"Dallas-Fort Worth-Arlington, TX",1
76006,19100,"Dallas-Fort Worth-Arlington, TX",1
76008,19100,"Dallas-Fort Worth-Arlington, TX",1
76009,19100,"Dallas-Fort Worth-Arlington, TX",1
76010,19100,"Dallas-Fort Worth-Arlington, TX",1
76011,19100,"Dallas-Fort Worth-Arlington, TX",1
76012,19100,"Dallas-Fort Worth-Arlington, TX",1
76013,19100,"Dallas-Fort Worth-Arlington, TX",1
76014,19100,"Dallas-Fort Worth-Arlington, TX",1
76015,19100,"Dallas-Fort Worth-Arlington, TX",1
76016,19100,"Dallas-Fort Worth-Arlington, TX",1
76017,19100,"Dallas-Fort Worth-Arlington, TX",1
76018,19100,"Dallas-Fort Worth-Arlington, TX",1
76020,19100,"Dallas-Fort Worth-Arlington, TX",1
76021,19100,"Dallas-Fort Worth-Arlington, TX",1
76022,19100,"Dallas-Fort Worth-Arlington, TX",1
76023,19100,"Dallas-Fort Worth-Arlington, TX",1
76028,19100,"Dallas-Fort Worth-Arlington, TX",1
76031,19100,"Dallas-Fort Worth-Arlington, TX",1
76033,19100,"Dallas-Fort Worth-Arlington, TX",1
76034,19100,"Dallas-Fort Worth-Arlington, TX",1
76035,19100,"Dallas-Fort Worth-Arlington, TX",1
76036,19100,"Dallas-Fort Worth-Arlington, TX",1
76039,19100,"Dallas-Fort Worth-Arlington, TX",1
76040,19100,"Dallas-Fort Worth-Arlington, TX",1
76041,19100,"Dallas-Fort Worth-Arlington, TX",1
76044,19100,"Dallas-Fort Worth-Arlington, TX",1
76048,24180,"Granbury, TX",0
76049,24180,"Granbury, TX",0
76050,19100,"Dallas-Fort Worth-Arlington, TX",1
76051,19100,"Dallas-Fort Worth-Arlington, TX",1
76052,19100,"Dallas-Fort Worth-Arlington, TX",1
76053,19100,"Dallas-Fort Worth-Arlington, TX",1
76054,19100,"Dallas-Fort Worth-Arlington, TX",1
76058,19100,"Dallas-Fort Worth-Arlington, TX",1
76059,19100,"Dallas-Fort Worth-Arlington, TX",1
76060,19100,"Dallas-Fort Worth-Arlington, TX",1
76061,19100,"Dallas-Fort Worth-Arlington, TX",1
76063,19100,"Dallas-Fort Worth-Arlington, TX",1
76064,19100,"Dallas-Fort Worth-Arlington, TX",1
76065,19100,"Dallas-Fort Worth-Arlington, TX",1
76066,19100,"Dallas-Fort Worth-Arlington, TX",1
76067,33420,"Mineral Wells, TX",0
76071,19100,"Dallas-Fort Worth-Arlington, TX",1
76073,19100,"Dallas-Fort Worth-Arlington, TX",1
76078,19100,"Dallas-Fort Worth-Arlington, TX",1
76082,19100,"Dallas-Fort Worth-Arlington, TX",1
76084,19100,"Dallas-Fort Worth-Arlington, TX",1
76085,19100,"Dallas-Fort Worth-Arlington, TX",1
76086,19100,"Dallas-Fort Worth-Arlington, TX",1
76087,19100,"Dallas-Fort Worth-Arlington, TX",1
76088,19100,"Dallas-Fort Worth-Arlington, TX",1
76092,19100,"Dallas-Fort Worth-Arlington, TX",1
76093,19100,"Dallas-Fort Worth-Arlington, TX",1
76102,19100,"Dallas-Fort Worth-Arlington, TX",1
76103,19100,"Dallas-Fort Worth-Arlington, TX",1
76104,19100,"Dallas-Fort Worth-Arlington, TX",1
76105,19100,"Dallas-Fort Worth-Arlington, TX",1
76106,19100,"Dallas-Fort Worth-Arlington, TX",1
76107,19100,"Dallas-Fort Worth-Arlington, TX",1
76108,19100,"Dallas-Fort Worth-Arlington, TX",1
76109,19100,"Dallas-Fort Worth-Arlington, TX",1
76110,19100,"Dallas-Fort Worth-Arlington, TX",1
76111,19100,"Dallas-Fort Worth-Arlington, TX",1
76112,19100,"Dallas-Fort Worth-Arlington, TX",1
76114,19100,"Dallas-Fort Worth-Arlington, TX",1
76115,19100,"Dallas-Fort Worth-Arlington, TX",1
76116,19100,"Dallas-Fort Worth-Arlington, TX",1
76117,19100,"Dallas-Fort Worth-Arlington, TX",1
76118,19100,"Dallas-Fort Worth-Arlington, TX",1
76119,19100,"Dallas-Fort Worth-Arlington, TX",1
76120,19100,"Dallas-Fort Worth-Arlington, TX",1
76123,19100,"Dallas-Fort Worth-Arlington, TX",1
76126,19100,"Dallas-Fort Worth-Arlington, TX",1
76127,19100,"Dallas-Fort Worth-Arlington, TX",1
76129,19100,"Dallas-Fort Worth-Arlington, TX",1
76131,19100,"Dallas-Fort Worth-Arlington, TX",1
76132,19100,"Dallas-Fort Worth-Arlington, TX",1
76133,19100,"Dallas-Fort Worth-Arlington, TX",1
76134,19100,"Dallas-Fort Worth-Arlington, TX",1
76135,19100,"Dallas-Fort Worth-Arlington, TX",1
76137,19100,"Dallas-Fort Worth-Arlington, TX",1
76140,19100,"Dallas-Fort Worth-Arlington, TX",1
76148,19100,"Dallas-Fort Worth-Arlington, TX",1
76155,19100,"Dallas-Fort Worth-Arlington, TX",1
76164,19100,"Dallas-Fort Worth-Arlington, TX",1
76177,19100,"Dallas-Fort Worth-Arlington, TX",1
76179,19100,"Dallas-Fort Worth-Arlington, TX",1
76180,19100,"Dallas-Fort Worth-Arlington, TX",1
76182,19100,"Dallas-Fort Worth-Arlington, TX",1
76201,19100,"Dallas-Fort Worth-Arlington, TX",1
76203,19100,"Dallas-Fort Worth-Arlington, TX",1
76205,19100,"Dallas-Fort Worth-Arlington, TX",1
76207,19100,"Dallas-Fort Worth-Arlington, TX",1
76208,19100,"Dallas-Fort Worth-Arlington, TX",1
76209,19100,"Dallas-Fort Worth-Arlington, TX",1
76210,19100,"Dallas-Fort Worth-Arlington, TX",1
76225,19100,"Dallas-Fort Worth-Arlington, TX",1
76226,19100,"Dallas-Fort Worth-Arlington, TX",1
76227,19100,"Dallas-Fort Worth-Arlington, TX",1
76228,48660,"Wichita Falls, TX",1
76233,43300,"Sherman-Denison, TX",1
76234,19100,"Dallas-Fort Worth-Arlington, TX",1
76238,23620,"Gainesville, TX",0
76240,23620,"Gainesville, TX",0
76241,23620,"Gainesville, TX",0
76244,19100,"Dallas-Fort Worth-Arlington, TX",1
76245,43300,"Sherman-Denison, TX",1
76247,19100,"Dallas-Fort Worth-Arlington, TX",1
76248,19100,"Dallas-Fort Worth-Arlington, TX",1
76249,19100,"Dallas-Fort Worth-Arlington, TX",1
76250,23620,"Gainesville, TX",0
76252,23620,"Gainesville, TX",0
76253,23620,"Gainesville, TX",0
76258,19100,"Dallas-Fort Worth-Arlington, TX",1
76259,19100,"Dallas-Fort Worth-Arlington, TX",1
76262,19100,"Dallas-Fort Worth-Arlington, TX",1
76263,23620,"Gainesville, TX",0
76264,43300,"Sherman-Denison, TX",1
76266,19100,"Dallas-Fort Worth-Arlington, TX",1
76267,19100,"Dallas-Fort Worth-Arlington, TX",1
76268,43300,"Sherman-Denison, TX",1
76271,43300,"Sherman-Denison, TX",1
76272,23620,"Gainesville, TX",0
76273,43300,"Sherman-Denison, TX",1
76301,48660,"Wichita Falls, TX",1
76302,48660,"Wichita Falls, TX",1
76305,48660,"Wichita Falls, TX",1
76306,48660,"Wichita Falls, TX",1
76308,48660,"Wichita Falls, TX",1
76309,48660,"Wichita Falls, TX",1
76310,48660,"Wichita Falls, TX",1
76311,48660,"Wichita Falls, TX",1
76351,48660,"Wichita Falls, TX",1
76354,48660,"Wichita Falls, TX",1
76357,48660,"Wichita Falls, TX",1
76360,48660,"Wichita Falls, TX",1
76364,46900,"Vernon, TX",0
76365,48660,"Wichita Falls, TX",1
76366,48660,"Wichita Falls, TX",1
76367,48660,"Wichita Falls, TX",1
76370,48660,"Wichita Falls, TX",1
76373,46900,"Vernon, TX",0
76377,48660,"Wichita Falls, TX",1
76379,48660,"Wichita Falls, TX",1
76384,46900,"Vernon, TX",0
76389,48660,"Wichita Falls, TX",1
76401,44500,"Stephenville, TX",0
76402,44500,"Stephenville, TX",0
76426,19100,"Dallas-Fort Worth-Arlington, TX",1
76431,19100,"Dallas-Fort Worth-Arlington, TX",1
76432,15220,"Brownwood, TX",0
76433,44500,"Stephenville, TX",0
76439,19100,"Dallas-Fort Worth-Arlington, TX",1
76443,10180,"Abilene, TX",1
76446,44500,"Stephenville, TX",0
76449,33420,"Mineral Wells, TX",0
76453,33420,"Mineral Wells, TX",0
76462,24180,"Granbury, TX",0
76463,44500,"Stephenville, TX",0
76469,10180,"Abilene, TX",1
76472,33420,"Mineral Wells, TX",0
76475,33420,"Mineral Wells, TX",0
76476,24180,"Granbury, TX",0
76484,33420,"Mineral Wells, TX",0
76487,19100,"Dallas-Fort Worth-Arlington, TX",1
76490,19100,"Dallas-Fort Worth-Arlington, TX",1
76501,28660,"Killeen-Temple, TX",1
76502,28660,"Killeen-Temple, TX",1
76504,28660,"Killeen-Temple, TX",1
76511,28660,"Killeen-Temple, TX",1
76513,28660,"Killeen-Temple, TX",1
76522,28660,"Killeen-Temple, TX",1
76524,47380,"Waco, TX",1
76527,12420,"Austin-Round Rock-San Marcos, TX",1
76528,28660,"Killeen-Temple, TX",1
76530,12420,"Austin-Round Rock-San Marcos, TX",1
76534,28660,"Killeen-Temple, TX",1
76537,12420,"Austin-Round Rock-San Marcos, TX",1
76539,28660,"Killeen-Temple, TX",1
76541,28660,"Killeen-Temple, TX",1
76542,28660,"Killeen-Temple, TX",1
76543,28660,"Killeen-Temple, TX",1
76544,28660,"Killeen-Temple, TX",1
76548,28660,"Killeen-Temple, TX",1
76549,28660,"Killeen-Temple, TX",1
76550,28660,"Killeen-Temple, TX",1
76554,28660,"Killeen-Temple, TX",1
76557,28660,"Killeen-Temple, TX",1
76559,28660,"Killeen-Temple, TX",1
76561,28660,"Killeen-Temple, TX",1
76566,28660,"Killeen-Temple, TX",1
76569,28660,"Killeen-Temple, TX",1
76570,47380,"Waco, TX",1
76571,28660,"Killeen-Temple, TX",1
76573,12420,"Austin-Round Rock-San Marcos, TX",1
76574,12420,"Austin-Round Rock-San Marcos, TX",1
76578,12420,"Austin-Round Rock-San Marcos, TX",1
76579,28660,"Killeen-Temple, TX",1
76596,28660,"Killeen-Temple, TX",1
76597,28660,"Killeen-Temple, TX",1
76598,28660,"Killeen-Temple, TX",1
76599,28660,"Killeen-Temple, TX",1
76623,19100,"Dallas-Fort Worth-Arlington, TX",1
76624,47380,"Waco, TX",1
76626,18620,"Corsicana, TX",0
76629,17780,"College Station-Bryan, TX",1
76630,47380,"Waco, TX",1
76632,47380,"Waco, TX",1
76633,47380,"Waco, TX",1
76634,47380,"Waco, TX",1
76637,47380,"Waco, TX",1
76638,47380,"Waco, TX",1
76639,18620,"Corsicana, TX",0
76640,47380,"Waco, TX",1
76641,18620,"Corsicana, TX",0
76643,47380,"Waco, TX",1
76649,47380,"Waco, TX",1
76651,19100,"Dallas-Fort Worth-Arlington, TX",1
76652,47380,"Waco, TX",1
76654,47380,"Waco, TX",1
76655,47380,"Waco, TX",1
76656,47380,"Waco, TX",1
76657,47380,"Waco, TX",1
76661,47380,"Waco, TX",1
76665,47380,"Waco, TX",1
76670,19100,"Dallas-Fort Worth-Arlington, TX",1
76671,47380,"Waco, TX",1
76679,18620,"Corsicana, TX",0
76680,47380,"Waco, TX",1
76681,18620,"Corsicana, TX",0
76682,47380,"Waco, TX",1
76685,47380,"Waco, TX",1
76689,47380,"Waco, TX",1
76690,47380,"Waco, TX",1
76691,47380,"Waco, TX",1
76701,47380,"Waco, TX",1
76704,47380,"Waco, TX",1
76705,47380,"Waco, TX",1
76706,47380,"Waco, TX",1
76707,47380,"Waco, TX",1
76708,47380,"Waco, TX",1
76710,47380,"Waco, TX",1
76711,47380,"Waco, TX",1
76712,47380,"Waco, TX",1
76798,47380,"Waco, TX",1
76801,15220,"Brownwood, TX",0
76802,15220,"Brownwood, TX",0
76823,15220,"Brownwood, TX",0
76827,15220,"Brownwood, TX",0
76853,28660,"Killeen-Temple, TX",1
76857,15220,"Brownwood, TX",0
76861,41660,"San Angelo, TX",1
76890,15220,"Brownwood, TX",0
76901,41660,"San Angelo, TX",1
76902,41660,"San Angelo, TX",1
76903,41660,"San Angelo, TX",1
76904,41660,"San Angelo, TX",1
76905,41660,"San Angelo, TX",1
76908,41660,"San Angelo, TX",1
76909,41660,"San Angelo, TX",1
76930,41660,"San Angelo, TX",1
76934,41660,"San Angelo, TX",1
76937,41660,"San Angelo, TX",1
76939,41660,"San Angelo, TX",1
76940,41660,"San Angelo, TX",1
76941,41660,"San Angelo, TX",1
76955,41660,"San Angelo, TX",1
76957,41660,"San Angelo, TX",1
76958,41660,"San Angelo, TX",1
77002,26420,"Houston-Pasadena-The Woodlands, TX",1
77003,26420,"Houston-Pasadena-The Woodlands, TX",1
77004,26420,"Houston-Pasadena-The Woodlands, TX",1
77005,26420,"Houston-Pasadena-The Woodlands, TX",1
77006,26420,"Houston-Pasadena-The Woodlands, TX",1
77007,26420,"Houston-Pasadena-The Woodlands, TX",1
77008,26420,"Houston-Pasadena-The Woodlands, TX",1
77009,26420,"Houston-Pasadena-The Woodlands, TX",1
77010,26420,"Houston-Pasadena-The Woodlands, TX",1
77011,26420,"Houston-Pasadena-The Woodlands, TX",1
77012,26420,"Houston-Pasadena-The Woodlands, TX",1
77013,26420,"Houston-Pasadena-The Woodlands, TX",1
77014,26420,"Houston-Pasadena-The Woodlands, TX",1
77015,26420,"Houston-Pasadena-The Woodlands, TX",1
77016,26420,"Houston-Pasadena-The Woodlands, TX",1
77017,26420,"Houston-Pasadena-The Woodlands, TX",1
77018,26420,"Houston-Pasadena-The Woodlands, TX",1
77019,26420,"Houston-Pasadena-The Woodlands, TX",1
77020,26420,"Houston-Pasadena-The Woodlands, TX",1
77021,26420,"Houston-Pasadena-The Woodlands, TX",1
77022,26420,"Houston-Pasadena-The Woodlands, TX",1
77023,26420,"Houston-Pasadena-The Woodlands, TX",1
77024,26420,"Houston-Pasadena-The Woodlands, TX",1
77025,26420,"Houston-Pasadena-The Woodlands, TX",1
77026,26420,"Houston-Pasadena-The Woodlands, TX",1
77027,26420,"Houston-Pasadena-The Woodlands, TX",1
77028,26420,"Houston-Pasadena-The Woodlands, TX",1
77029,26420,"Houston-Pasadena-The Woodlands, TX",1
77030,26420,"Houston-Pasadena-The Woodlands, TX",1
77031,26420,"Houston-Pasadena-The Woodlands, TX",1
77032,26420,"Houston-Pasadena-The Woodlands, TX",1
77033,26420,"Houston-Pasadena-The Woodlands, TX",1
77034,26420,"Houston-Pasadena-The Woodlands, TX",1
77035,26420,"Houston-Pasadena-The Woodlands, TX",1
77036,26420,"Houston-Pasadena-The Woodlands, TX",1
77037,26420,"Houston-Pasadena-The Woodlands, TX",1
77038,26420,"Houston-Pasadena-The Woodlands, TX",1
77039,26420,"Houston-Pasadena-The Woodlands, TX",1
77040,26420,"Houston-Pasadena-The Woodlands, TX",1
77041,26420,"Houston-Pasadena-The Woodlands, TX",1
77042,26420,"Houston-Pasadena-The Woodlands, TX",1
77043,26420,"Houston-Pasadena-The Woodlands, TX",1
77044,26420,"Houston-Pasadena-The Woodlands, TX",1
77045,26420,"Houston-Pasadena-The Woodlands, TX",1
77046,26420,"Houston-Pasadena-The Woodlands, TX",1
77047,26420,"Houston-Pasadena-The Woodlands, TX",1
77048,26420,"Houston-Pasadena-The Woodlands, TX",1
77049,26420,"Houston-Pasadena-The Woodlands, TX",1
77050,26420,"Houston-Pasadena-The Woodlands, TX",1
77051,26420,"Houston-Pasadena-The Woodlands, TX",1
77053,26420,"Houston-Pasadena-The Woodlands, TX",1
77054,26420,"Houston-Pasadena-The Woodlands, TX",1
77055,26420,"Houston-Pasadena-The Woodlands, TX",1
77056,26420,"Houston-Pasadena-The Woodlands, TX",1
77057,26420,"Houston-Pasadena-The Woodlands, TX",1
77058,26420,"Houston-Pasadena-The Woodlands, TX",1
77059,26420,"Houston-Pasadena-The Woodlands, TX",1
77060,26420,"Houston-Pasadena-The Woodlands, TX",1
77061,26420,"Houston-Pasadena-The Woodlands, TX",1
77062,26420,"Houston-Pasadena-The Woodlands, TX",1
77063,26420,"Houston-Pasadena-The Woodlands, TX",1
77064,26420,"Houston-Pasadena-The Woodlands, TX",1
77065,26420,"Houston-Pasadena-The Woodlands, TX",1
77066,26420,"Houston-Pasadena-The Woodlands, TX",1
77067,26420,"Houston-Pasadena-The Woodlands, TX",1
77068,26420,"Houston-Pasadena-The Woodlands, TX",1
77069,26420,"Houston-Pasadena-The Woodlands, TX",1
77070,26420,"Houston-Pasadena-The Woodlands, TX",1
77071,26420,"Houston-Pasadena-The Woodlands, TX",1
77072,26420,"Houston-Pasadena-The Woodlands, TX",1
77073,26420,"Houston-Pasadena-The Woodlands, TX",1
77074,26420,"Houston-Pasadena-The Woodlands, TX",1
77075,26420,"Houston-Pasadena-The Woodlands, TX",1
77076,26420,"Houston-Pasadena-The Woodlands, TX",1
77077,26420,"Houston-Pasadena-The Woodlands, TX",1
77078,26420,"Houston-Pasadena-The Woodlands, TX",1
77079,26420,"Houston-Pasadena-The Woodlands, TX",1
77080,26420,"Houston-Pasadena-The Woodlands, TX",1
77081,26420,"Houston-Pasadena-The Woodlands, TX",1
77082,26420,"Houston-Pasadena-The Woodlands, TX",1
77083,26420,"Houston-Pasadena-The Woodlands, TX",1
77084,26420,"Houston-Pasadena-The Woodlands, TX",1
77085,26420,"Houston-Pasadena-The Woodlands, TX",1
77086,26420,"Houston-Pasadena-The Woodlands, TX",1
77087,26420,"Houston-Pasadena-The Woodlands, TX",1
77088,26420,"Houston-Pasadena-The Woodlands, TX",1
77089,26420,"Houston-Pasadena-The Woodlands, TX",1
77090,26420,"Houston-Pasadena-The Woodlands, TX",1
77091,26420,"Houston-Pasadena-The Woodlands, TX",1
77092,26420,"Houston-Pasadena-The Woodlands, TX",1
77093,26420,"Houston-Pasadena-The Woodlands, TX",1
77094,26420,"Houston-Pasadena-The Woodlands, TX",1
77095,26420,"Houston-Pasadena-The Woodlands, TX",1
77096,26420,"Houston-Pasadena-The Woodlands, TX",1
77098,26420,"Houston-Pasadena-The Woodlands, TX",1
77099,26420,"Houston-Pasadena-The Woodlands, TX",1
77204,26420,"Houston-Pasadena-The Woodlands, TX",1
77301,26420,"Houston-Pasadena-The Woodlands, TX",1
77302,26420,"Houston-Pasadena-The Woodlands, TX",1
77303,26420,"Houston-Pasadena-The Woodlands, TX",1
77304,26420,"Houston-Pasadena-The Woodlands, TX",1
77306,26420,"Houston-Pasadena-The Woodlands, TX",1
77316,26420,"Houston-Pasadena-The Woodlands, TX",1
77318,26420,"Houston-Pasadena-The Woodlands, TX",1
77320,26660,"Huntsville, TX",0
77327,26420,"Houston-Pasadena-The Woodlands, TX",1
77328,26420,"Houston-Pasadena-The Woodlands, TX",1
77331,26420,"Houston-Pasadena-The Woodlands, TX",1
77334,26660,"Huntsville, TX",0
77336,26420,"Houston-Pasadena-The Woodlands, TX",1
77338,26420,"Houston-Pasadena-The Woodlands, TX",1
77339,26420,"Houston-Pasadena-The Woodlands, TX",1
77340,26660,"Huntsville, TX",0
77341,26660,"Huntsville, TX",0
77342,26660,"Huntsville, TX",0
77345,26420,"Houston-Pasadena-The Woodlands, TX",1
77346,26420,"Houston-Pasadena-The Woodlands, TX",1
77354,26420,"Houston-Pasadena-The Woodlands, TX",1
77355,26420,"Houston-Pasadena-The Woodlands, TX",1
77356,26420,"Houston-Pasadena-The Woodlands, TX",1
77357,26420,"Houston-Pasadena-The Woodlands, TX",1
77358,26660,"Huntsville, TX",0
77359,26420,"Houston-Pasadena-The Woodlands, TX",1
77362,26420,"Houston-Pasadena-The Woodlands, TX",1
77364,26420,"Houston-Pasadena-The Woodlands, TX",1
77365,26420,"Houston-Pasadena-The Woodlands, TX",1
77367,26660,"Huntsville, TX",0
77368,26420,"Houston-Pasadena-The Woodlands, TX",1
77369,26420,"Houston-Pasadena-The Woodlands, TX",1
77371,26420,"Houston-Pasadena-The Woodlands, TX",1
77372,26420,"Houston-Pasadena-The Woodlands, TX",1
77373,26420,"Houston-Pasadena-The Woodlands, TX",1
77374,13140,"Beaumont-Port Arthur, TX",1
77375,26420,"Houston-Pasadena-The Woodlands, TX",1
77376,13140,"Beaumont-Port Arthur, TX",1
77377,26420,"Houston-Pasadena-The Woodlands, TX",1
77378,26420,"Houston-Pasadena-The Woodlands, TX",1
77379,26420,"Houston-Pasadena-The Woodlands, TX",1
77380,26420,"Houston-Pasadena-The Woodlands, TX",1
77381,26420,"Houston-Pasadena-The Woodlands, TX",1
77382,26420,"Houston-Pasadena-The Woodlands, TX",1
77384,26420,"Houston-Pasadena-The Woodlands, TX",1
77385,26420,"Houston-Pasadena-The Woodlands, TX",1
77386,26420,"Houston-Pasadena-The Woodlands, TX",1
77388,26420,"Houston-Pasadena-The Woodlands, TX",1
77389,26420,"Houston-Pasadena-The Woodlands, TX",1
77396,26420,"Houston-Pasadena-The Woodlands, TX",1
77401,26420,"Houston-Pasadena-The Woodlands, TX",1
77406,26420,"Houston-Pasadena-The Woodlands, TX",1
77407,26420,"Houston-Pasadena-The Woodlands, TX",1
77414,13060,"Bay City, TX",0
77415,13060,"Bay City, TX",0
77417,26420,"Houston-Pasadena-The Woodlands, TX",1
77418,26420,"Houston-Pasadena-The Woodlands, TX",1
77419,13060,"Bay City, TX",0
77420,20900,"El Campo, TX",0
77422,26420,"Houston-Pasadena-The Woodlands, TX",1
77423,26420,"Houston-Pasadena-The Woodlands, TX",1
77426,14780,"Brenham, TX",0
77428,13060,"Bay City, TX",0
77429,26420,"Houston-Pasadena-The Woodlands, TX",1
77430,26420,"Houston-Pasadena-The Woodlands, TX",1
77431,26420,"Houston-Pasadena-The Woodlands, TX",1
77432,20900,"El Campo, TX",0
77433,26420,"Houston-Pasadena-The Woodlands, TX",1
77435,20900,"El Campo, TX",0
77436,20900,"El Campo, TX",0
77437,20900,"El Campo, TX",0
77440,13060,"Bay City, TX",0
77441,26420,"Houston-Pasadena-The Woodlands, TX",1
77443,20900,"El Campo, TX",0
77444,26420,"Houston-Pasadena-The Woodlands, TX",1
77445,26420,"Houston-Pasadena-The Woodlands, TX",1
77446,26420,"Houston-Pasadena-The Woodlands, TX",1
77447,26420,"Houston-Pasadena-The Woodlands, TX",1
77448,20900,"El Campo, TX",0
77449,26420,"Houston-Pasadena-The Woodlands, TX",1
77450,26420,"Houston-Pasadena-The Woodlands, TX",1
77451,26420,"Houston-Pasadena-The Woodlands, TX",1
77453,20900,"El Campo, TX",0
77454,20900,"El Campo, TX",0
77455,20900,"El Campo, TX",0
77456,13060,"Bay City, TX",0
77457,13060,"Bay City, TX",0
77458,13060,"Bay City, TX",0
77459,26420,"Houston-Pasadena-The Woodlands, TX",1
77461,26420,"Houston-Pasadena-The Woodlands, TX",1
77464,26420,"Houston-Pasadena-The Woodlands, TX",1
77465,13060,"Bay City, TX",0
77466,26420,"Houston-Pasadena-The Woodlands, TX",1
77467,20900,"El Campo, TX",0
77468,13060,"Bay City, TX",0
77469,26420,"Houston-Pasadena-The Woodlands, TX",1
77471,26420,"Houston-Pasadena-The Woodlands, TX",1
77473,26420,"Houston-Pasadena-The Woodlands, TX",1
77474,26420,"Houston-Pasadena-The Woodlands, TX",1
77476,26420,"Houston-Pasadena-The Woodlands, TX",1
77477,26420,"Houston-Pasadena-The Woodlands, TX",1
77478,26420,"Houston-Pasadena-The Woodlands, TX",1
77479,26420,"Houston-Pasadena-The Woodlands, TX",1
77480,26420,"Houston-Pasadena-The Woodlands, TX",1
77481,26420,"Houston-Pasadena-The Woodlands, TX",1
77482,13060,"Bay City, TX",0
77483,13060,"Bay City, TX",0
77484,26420,"Houston-Pasadena-The Woodlands, TX",1
77485,26420,"Houston-Pasadena-The Woodlands, TX",1
77486,26420,"Houston-Pasadena-The Woodlands, TX",1
77488,20900,"El Campo, TX",0
77489,26420,"Houston-Pasadena-The Woodlands, TX",1
77493,26420,"Houston-Pasadena-The Woodlands, TX",1
77494,26420,"Houston-Pasadena-The Woodlands, TX",1
77498,26420,"Houston-Pasadena-The Woodlands, TX",1
77502,26420,"Houston-Pasadena-The Woodlands, TX",1
77503,26420,"Houston-Pasadena-The Woodlands, TX",1
77504,26420,"Houston-Pasadena-The Woodlands, TX",1
77505,26420,"Houston-Pasadena-The Woodlands, TX",1
77506,26420,"Houston-Pasadena-The Woodlands, TX",1
77507,26420,"Houston-Pasadena-The Woodlands, TX",1
77510,26420,"Houston-Pasadena-The Woodlands, TX",1
77511,26420,"Houston-Pasadena-The Woodlands, TX",1
77514,26420,"Houston-Pasadena-The Woodlands, TX",1
77515,26420,"Houston-Pasadena-The Woodlands, TX",1
77517,26420,"Houston-Pasadena-The Woodlands, TX",1
77518,26420,"Houston-Pasadena-The Woodlands, TX",1
77519,13140,"Beaumont-Port Arthur, TX",1
77520,26420,"Houston-Pasadena-The Woodlands, TX",1
77521,26420,"Houston-Pasadena-The Woodlands, TX",1
77523,26420,"Houston-Pasadena-The Woodlands, TX",1
77530,26420,"Houston-Pasadena-The Woodlands, TX",1
77531,26420,"Houston-Pasadena-The Woodlands, TX",1
77532,26420,"Houston-Pasadena-The Woodlands, TX",1
77533,26420,"Houston-Pasadena-The Woodlands, TX",1
77534,26420,"Houston-Pasadena-The Woodlands, TX",1
77535,26420,"Houston-Pasadena-The Woodlands, TX",1
77536,26420,"Houston-Pasadena-The Woodlands, TX",1
77538,26420,"Houston-Pasadena-The Woodlands, TX",1
77539,26420,"Houston-Pasadena-The Woodlands, TX",1
77541,26420,"Houston-Pasadena-The Woodlands, TX",1
77545,26420,"Houston-Pasadena-The Woodlands, TX",1
77546,26420,"Houston-Pasadena-The Woodlands, TX",1
77547,26420,"Houston-Pasadena-The Woodlands, TX",1
77550,26420,"Houston-Pasadena-The Woodlands, TX",1
77551,26420,"Houston-Pasadena-The Woodlands, TX",1
77554,26420,"Houston-Pasadena-The Woodlands, TX",1
77555,26420,"Houston-Pasadena-The Woodlands, TX",1
77560,26420,"Houston-Pasadena-The Woodlands, TX",1
77561,26420,"Houston-Pasadena-The Woodlands, TX",1
77562,26420,"Houston-Pasadena-The Woodlands, TX",1
77563,26420,"Houston-Pasadena-The Woodlands, TX",1
77564,26420,"Houston-Pasadena-The Woodlands, TX",1
77565,26420,"Houston-Pasadena-The Woodlands, TX",1
77566,26420,"Houston-Pasadena-The Woodlands, TX",1
77568,26420,"Houston-Pasadena-The Woodlands, TX",1
77571,26420,"Houston-Pasadena-The Woodlands, TX",1
77573,26420,"Houston-Pasadena-The Woodlands, TX",1
77575,26420,"Houston-Pasadena-The Woodlands, TX",1
77577,26420,"Houston-Pasadena-The Woodlands, TX",1
77578,26420,"Houston-Pasadena-The Woodlands, TX",1
77580,26420,"Houston-Pasadena-The Woodlands, TX",1
77581,26420,"Houston-Pasadena-The Woodlands, TX",1
77582,26420,"Houston-Pasadena-The Woodlands, TX",1
77583,26420,"Houston-Pasadena-The Woodlands, TX",1
77584,26420,"Houston-Pasadena-The Woodlands, TX",1
77585,13140,"Beaumont-Port Arthur, TX",1
77586,26420,"Houston-Pasadena-The Woodlands, TX",1
77587,26420,"Houston-Pasadena-The Woodlands, TX",1
77590,26420,"Houston-Pasadena-The Woodlands, TX",1
77591,26420,"Houston-Pasadena-The Woodlands, TX",1
77597,26420,"Houston-Pasadena-The Woodlands, TX",1
77598,26420,"Houston-Pasadena-The Woodlands, TX",1
77611,13140,"Beaumont-Port Arthur, TX",1
77613,13140,"Beaumont-Port Arthur, TX",1
77617,26420,"Houston-Pasadena-The Woodlands, TX",1
77619,13140,"Beaumont-Port Arthur, TX",1
77622,13140,"Beaumont-Port Arthur, TX",1
77623,26420,"Houston-Pasadena-The Woodlands, TX",1
77625,13140,"Beaumont-Port Arthur, TX",1
77627,13140,"Beaumont-Port Arthur, TX",1
77629,13140,"Beaumont-Port Arthur, TX",1
77630,13140,"Beaumont-Port Arthur, TX",1
77632,13140,"Beaumont-Port Arthur, TX",1
77640,13140,"Beaumont-Port Arthur, TX",1
77642,13140,"Beaumont-Port Arthur, TX",1
77650,26420,"Houston-Pasadena-The Woodlands, TX",1
77651,13140,"Beaumont-Port Arthur, TX",1
77655,13140,"Beaumont-Port Arthur, TX",1
77656,13140,"Beaumont-Port Arthur, TX",1
77657,13140,"Beaumont-Port Arthur, TX",1
77659,13140,"Beaumont-Port Arthur, TX",1
77661,26420,"Houston-Pasadena-The Woodlands, TX",1
77662,13140,"Beaumont-Port Arthur, TX",1
77663,13140,"Beaumont-Port Arthur, TX",1
77665,26420,"Houston-Pasadena-The Woodlands, TX",1
77701,13140,"Beaumont-Port Arthur, TX",1
77702,13140,"Beaumont-Port Arthur, TX",1
77703,13140,"Beaumont-Port Arthur, TX",1
77705,13140,"Beaumont-Port Arthur, TX",1
77706,13140,"Beaumont-Port Arthur, TX",1
77707,13140,"Beaumont-Port Arthur, TX",1
77708,13140,"Beaumont-Port Arthur, TX",1
77713,13140,"Beaumont-Port Arthur, TX",1
77801,17780,"College Station-Bryan, TX",1
77802,17780,"College Station-Bryan, TX",1
77803,17780,"College Station-Bryan, TX",1
77807,17780,"College Station-Bryan, TX",1
77808,17780,"College Station-Bryan, TX",1
77833,14780,"Brenham, TX",0
77835,14780,"Brenham, TX",0
77836,17780,"College Station-Bryan, TX",1
77837,17780,"College Station-Bryan, TX",1
77840,17780,"College Station-Bryan, TX",1
77843,17780,"College Station-Bryan, TX",1
77845,17780,"College Station-Bryan, TX",1
77852,17780,"College Station-Bryan, TX",1
77856,17780,"College Station-Bryan, TX",1
77859,17780,"College Station-Bryan, TX",1
77863,17780,"College Station-Bryan, TX",1
77866,17780,"College Station-Bryan, TX",1
77867,17780,"College Station-Bryan, TX",1
77873,26420,"Houston-Pasadena-The Woodlands, TX",1
77878,17780,"College Station-Bryan, TX",1
77879,17780,"College Station-Bryan, TX",1
77880,14780,"Brenham, TX",0
77882,17780,"College Station-Bryan, TX",1
77901,47020,"Victoria, TX",1
77904,47020,"Victoria, TX",1
77905,47020,"Victoria, TX",1
77950,18580,"Corpus Christi, TX",1
77951,47020,"Victoria, TX",1
77960,47020,"Victoria, TX",1
77963,47020,"Victoria, TX",1
77968,47020,"Victoria, TX",1
77973,47020,"Victoria, TX",1
77976,47020,"Victoria, TX",1
77977,47020,"Victoria, TX",1
77978,38920,"Port Lavaca, TX",0
77979,38920,"Port Lavaca, TX",0
77982,38920,"Port Lavaca, TX",0
77983,38920,"Port Lavaca, TX",0
77988,47020,"Victoria, TX",1
77993,47020,"Victoria, TX",1
78002,41700,"San Antonio-New Braunfels, TX",1
78003,41700,"San Antonio-New Braunfels, TX",1
78004,41700,"San Antonio-New Braunfels, TX",1
78006,41700,"San Antonio-New Braunfels, TX",1
78008,41700,"San Antonio-New Braunfels, TX",1
78009,41700,"San Antonio-New Braunfels, TX",1
78010,28500,"Kerrville, TX",0
78011,41700,"San Antonio-New Braunfels, TX",1
78012,41700,"San Antonio-New Braunfels, TX",1
78013,41700,"San Antonio-New Braunfels, TX",1
78015,41700,"San Antonio-New Braunfels, TX",1
78016,41700,"San Antonio-New Braunfels, TX",1
78019,29700,"Laredo, TX",1
78023,41700,"San Antonio-New Braunfels, TX",1
78024,28500,"Kerrville, TX",0
78025,28500,"Kerrville, TX",0
78026,41700,"San Antonio-New Braunfels, TX",1
78027,41700,"San Antonio-New Braunfels, TX",1
78028,28500,"Kerrville, TX",0
78029,28500,"Kerrville, TX",0
78039,41700,"San Antonio-New Braunfels, TX",1
78040,29700,"Laredo, TX",1
78041,29700,"Laredo, TX",1
78043,29700,"Laredo, TX",1
78044,29700,"Laredo, TX",1
78045,29700,"Laredo, TX",1
78046,29700,"Laredo, TX",1
78050,41700,"San Antonio-New Braunfels, TX",1
78052,41700,"San Antonio-New Braunfels, TX",1
78055,41700,"San Antonio-New Braunfels, TX",1
78056,41700,"San Antonio-New Braunfels, TX",1
78058,28500,"Kerrville, TX",0
78059,41700,"San Antonio-New Braunfels, TX",1
78062,41700,"San Antonio-New Braunfels, TX",1
78063,41700,"San Antonio-New Braunfels, TX",1
78064,41700,"San Antonio-New Braunfels, TX",1
78065,41700,"San Antonio-New Braunfels, TX",1
78066,41700,"San Antonio-New Braunfels, TX",1
78067,49820,"Zapata, TX",0
78069,41700,"San Antonio-New Braunfels, TX",1
78070,41700,"San Antonio-New Braunfels, TX",1
78073,41700,"San Antonio-New Braunfels, TX",1
78074,41700,"San Antonio-New Braunfels, TX",1
78076,49820,"Zapata, TX",0
78101,41700,"San Antonio-New Braunfels, TX",1
78102,13300,"Beeville, TX",0
78104,13300,"Beeville, TX",0
78107,47020,"Victoria, TX",1
78108,41700,"San Antonio-New Braunfels, TX",1
78109,41700,"San Antonio-New Braunfels, TX",1
78112,41700,"San Antonio-New Braunfels, TX",1
78113,41700,"San Antonio-New Braunfels, TX",1
78114,41700,"San Antonio-New Braunfels, TX",1
78121,41700,"San Antonio-New Braunfels, TX",1
78123,41700,"San Antonio-New Braunfels, TX",1
78124,41700,"San Antonio-New Braunfels, TX",1
78125,13300,"Beeville, TX",0
78130,41700,"San Antonio-New Braunfels, TX",1
78132,41700,"San Antonio-New Braunfels, TX",1
78133,41700,"San Antonio-New Braunfels, TX",1
78142,13300,"Beeville, TX",0
78143,41700,"San Antonio-New Braunfels, TX",1
78145,13300,"Beeville, TX",0
78146,13300,"Beeville, TX",0
78147,41700,"San Antonio-New Braunfels, TX",1
78148,41700,"San Antonio-New Braunfels, TX",1
78150,41700,"San Antonio-New Braunfels, TX",1
78152,41700,"San Antonio-New Braunfels, TX",1
78154,41700,"San Antonio-New Braunfels, TX",1
78155,41700,"San Antonio-New Braunfels, TX",1
78160,41700,"San Antonio-New Braunfels, TX",1
78161,41700,"San Antonio-New Braunfels, TX",1
78162,13300,"Beeville, TX",0
78163,41700,"San Antonio-New Braunfels, TX",1
78201,41700,"San Antonio-New Braunfels, TX",1
78202,41700,"San Antonio-New Braunfels, TX",1
78203,41700,"San Antonio-New Braunfels, TX",1
78204,41700,"San Antonio-New Braunfels, TX",1
78205,41700,"San Antonio-New Braunfels, TX",1
78207,41700,"San Antonio-New Braunfels, TX",1
78208,41700,"San Antonio-New Braunfels, TX",1
78209,41700,"San Antonio-New Braunfels, TX",1
78210,41700,"San Antonio-New Braunfels, TX",1
78211,41700,"San Antonio-New Braunfels, TX",1
78212,41700,"San Antonio-New Braunfels, TX",1
78213,41700,"San Antonio-New Braunfels, TX",1
78214,41700,"San Antonio-New Braunfels, TX",1
78215,41700,"San Antonio-New Braunfels, TX",1
78216,41700,"San Antonio-New Braunfels, TX",1
78217,41700,"San Antonio-New Braunfels, TX",1
78218,41700,"San Antonio-New Braunfels, TX",1
78219,41700,"San Antonio-New Braunfels, TX",1
78220,41700,"San Antonio-New Braunfels, TX",1
78221,41700,"San Antonio-New Braunfels, TX",1
78222,41700,"San Antonio-New Braunfels, TX",1
78223,41700,"San Antonio-New Braunfels, TX",1
78224,41700,"San Antonio-New Braunfels, TX",1
78225,41700,"San Antonio-New Braunfels, TX",1
78226,41700,"San Antonio-New Braunfels, TX",1
78227,41700,"San Antonio-New Braunfels, TX",1
78228,41700,"San Antonio-New Braunfels, TX",1
78229,41700,"San Antonio-New Braunfels, TX",1
78230,41700,"San Antonio-New Braunfels, TX",1
78231,41700,"San Antonio-New Braunfels, TX",1
78232,41700,"San Antonio-New Braunfels, TX",1
78233,41700,"San Antonio-New Braunfels, TX",1
78234,41700,"San Antonio-New Braunfels, TX",1
78235,41700,"San Antonio-New Braunfels, TX",1
78236,41700,"San Antonio-New Braunfels, TX",1
78237,41700,"San Antonio-New Braunfels, TX",1
78238,41700,"San Antonio-New Braunfels, TX",1
78239,41700,"San Antonio-New Braunfels, TX",1
78240,41700,"San Antonio-New Braunfels, TX",1
78242,41700,"San Antonio-New Braunfels, TX",1
78243,41700,"San Antonio-New Braunfels, TX",1
78244,41700,"San Antonio-New Braunfels, TX",1
78245,41700,"San Antonio-New Braunfels, TX",1
78247,41700,"San Antonio-New Braunfels, TX",1
78248,41700,"San Antonio-New Braunfels, TX",1
78249,41700,"San Antonio-New Braunfels, TX",1
78250,41700,"San Antonio-New Braunfels, TX",1
78251,41700,"San Antonio-New Braunfels, TX",1
78252,41700,"San Antonio-New Braunfels, TX",1
78253,41700,"San Antonio-New Braunfels, TX",1
78254,41700,"San Antonio-New Braunfels, TX",1
78255,41700,"San Antonio-New Braunfels, TX",1
78256,41700,"San Antonio-New Braunfels, TX",1
78257,41700,"San Antonio-New Braunfels, TX",1
78258,41700,"San Antonio-New Braunfels, TX",1
78259,41700,"San Antonio-New Braunfels, TX",1
78260,41700,"San Antonio-New Braunfels, TX",1
78261,41700,"San Antonio-New Braunfels, TX",1
78263,41700,"San Antonio-New Braunfels, TX",1
78264,41700,"San Antonio-New Braunfels, TX",1
78266,41700,"San Antonio-New Braunfels, TX",1
78330,18580,"Corpus Christi, TX",1
78332,10860,"Alice, TX",0
78336,18580,"Corpus Christi, TX",1
78339,18580,"Corpus Christi, TX",1
78342,10860,"Alice, TX",0
78343,18580,"Corpus Christi, TX",1
78344,29700,"Laredo, TX",1
78347,18580,"Corpus Christi, TX",1
78351,18580,"Corpus Christi, TX",1
78352,18580,"Corpus Christi, TX",1
78353,10860,"Alice, TX",0
78355,10860,"Alice, TX",0
78358,18580,"Corpus Christi, TX",1
78359,18580,"Corpus Christi, TX",1
78362,18580,"Corpus Christi, TX",1
78363,28780,"Kingsville, TX",0
78368,18580,"Corpus Christi, TX",1
78369,29700,"Laredo, TX",1
78370,18580,"Corpus Christi, TX",1
78371,29700,"Laredo, TX",1
78372,10860,"Alice, TX",0
78373,18580,"Corpus Christi, TX",1
78374,18580,"Corpus Christi, TX",1
78375,10860,"Alice, TX",0
78379,28780,"Kingsville, TX",0
78380,18580,"Corpus Christi, TX",1
78382,18580,"Corpus Christi, TX",1
78387,18580,"Corpus Christi, TX",1
78389,13300,"Beeville, TX",0
78390,18580,"Corpus Christi, TX",1
78391,13300,"Beeville, TX",0
78401,18580,"Corpus Christi, TX",1
78402,18580,"Corpus Christi, TX",1
78404,18580,"Corpus Christi, TX",1
78405,18580,"Corpus Christi, TX",1
78406,18580,"Corpus Christi, TX",1
78407,18580,"Corpus Christi, TX",1
78408,18580,"Corpus Christi, TX",1
78409,18580,"Corpus Christi, TX",1
78410,18580,"Corpus Christi, TX",1
78411,18580,"Corpus Christi, TX",1
78412,18580,"Corpus Christi, TX",1
78413,18580,"Corpus Christi, TX",1
78414,18580,"Corpus Christi, TX",1
78415,18580,"Corpus Christi, TX",1
78416,18580,"Corpus Christi, TX",1
78417,18580,"Corpus Christi, TX",1
78418,28780,"Kingsville, TX",0
78419,18580,"Corpus Christi, TX",1
78501,32580,"McAllen-Edinburg-Mission, TX",1
78503,32580,"McAllen-Edinburg-Mission, TX",1
78504,32580,"McAllen-Edinburg-Mission, TX",1
78516,32580,"McAllen-Edinburg-Mission, TX",1
78520,15180,"Brownsville-Harlingen, TX",1
78521,15180,"Brownsville-Harlingen, TX",1
78526,15180,"Brownsville-Harlingen, TX",1
78535,15180,"Brownsville-Harlingen, TX",1
78536,40100,"Rio Grande City-Roma, TX",0
78537,32580,"McAllen-Edinburg-Mission, TX",1
78538,32580,"McAllen-Edinburg-Mission, TX",1
78539,32580,"McAllen-Edinburg-Mission, TX",1
78540,32580,"McAllen-Edinburg-Mission, TX",1
78541,32580,"McAllen-Edinburg-Mission, TX",1
78542,32580,"McAllen-Edinburg-Mission, TX",1
78543,32580,"McAllen-Edinburg-Mission, TX",1
78545,40100,"Rio Grande City-Roma, TX",0
78547,40100,"Rio Grande City-Roma, TX",0
78548,40100,"Rio Grande City-Roma, TX",0
78549,32580,"McAllen-Edinburg-Mission, TX",1
78550,15180,"Brownsville-Harlingen, TX",1
78552,15180,"Brownsville-Harlingen, TX",1
78557,32580,"McAllen-Edinburg-Mission, TX",1
78558,32580,"McAllen-Edinburg-Mission, TX",1
78559,15180,"Brownsville-Harlingen, TX",1
78560,32580,"McAllen-Edinburg-Mission, TX",1
78561,39700,"Raymondville, TX",0
78562,32580,"McAllen-Edinburg-Mission, TX",1
78563,32580,"McAllen-Edinburg-Mission, TX",1
78564,49820,"Zapata, TX",0
78565,32580,"McAllen-Edinburg-Mission, TX",1
78566,15180,"Brownsville-Harlingen, TX",1
78567,15180,"Brownsville-Harlingen, TX",1
78569,39700,"Raymondville, TX",0
78570,32580,"McAllen-Edinburg-Mission, TX",1
78572,32580,"McAllen-Edinburg-Mission, TX",1
78573,32580,"McAllen-Edinburg-Mission, TX",1
78574,32580,"McAllen-Edinburg-Mission, TX",1
78575,15180,"Brownsville-Harlingen, TX",1
78576,32580,"McAllen-Edinburg-Mission, TX",1
78577,32580,"McAllen-Edinburg-Mission, TX",1
78578,15180,"Brownsville-Harlingen, TX",1
78579,32580,"McAllen-Edinburg-Mission, TX",1
78580,39700,"Raymondville, TX",0
78582,40100,"Rio Grande City-Roma, TX",0
78583,15180,"Brownsville-Harlingen, TX",1
78584,40100,"Rio Grande City-Roma, TX",0
78585,40100,"Rio Grande City-Roma, TX",0
78586,15180,"Brownsville-Harlingen, TX",1
78588,40100,"Rio Grande City-Roma, TX",0
78589,32580,"McAllen-Edinburg-Mission, TX",1
78590,39700,"Raymondville, TX",0
78591,40100,"Rio Grande City-Roma, TX",0
78592,15180,"Brownsville-Harlingen, TX",1
78593,15180,"Brownsville-Harlingen, TX",1
78594,39700,"Raymondville, TX",0
78595,32580,"McAllen-Edinburg-Mission, TX",1
78596,32580,"McAllen-Edinburg-Mission, TX",1
78597,15180,"Brownsville-Harlingen, TX",1
78598,39700,"Raymondville, TX",0
78599,32580,"McAllen-Edinburg-Mission, TX",1
78602,12420,"Austin-Round Rock-San Marcos, TX",1
78610,12420,"Austin-Round Rock-San Marcos, TX",1
78612,12420,"Austin-Round Rock-San Marcos, TX",1
78613,12420,"Austin-Round Rock-San Marcos, TX",1
78615,12420,"Austin-Round Rock-San Marcos, TX",1
78616,12420,"Austin-Round Rock-San Marcos, TX",1
78617,12420,"Austin-Round Rock-San Marcos, TX",1
78618,23240,"Fredericksburg, TX",0
78619,12420,"Austin-Round Rock-San Marcos, TX",1
78620,12420,"Austin-Round Rock-San Marcos, TX",1
78621,12420,"Austin-Round Rock-San Marcos, TX",1
78622,12420,"Austin-Round Rock-San Marcos, TX",1
78623,41700,"San Antonio-New Braunfels, TX",1
78624,23240,"Fredericksburg, TX",0
78626,12420,"Austin-Round Rock-San Marcos, TX",1
78628,12420,"Austin-Round Rock-San Marcos, TX",1
78633,12420,"Austin-Round Rock-San Marcos, TX",1
78634,12420,"Austin-Round Rock-San Marcos, TX",1
78638,41700,"San Antonio-New Braunfels, TX",1
78640,12420,"Austin-Round Rock-San Marcos, TX",1
78641,12420,"Austin-Round Rock-San Marcos, TX",1
78642,12420,"Austin-Round Rock-San Marcos, TX",1
78644,12420,"Austin-Round Rock-San Marcos, TX",1
78645,12420,"Austin-Round Rock-San Marcos, TX",1
78648,12420,"Austin-Round Rock-San Marcos, TX",1
78650,12420,"Austin-Round Rock-San Marcos, TX",1
78652,12420,"Austin-Round Rock-San Marcos, TX",1
78653,12420,"Austin-Round Rock-San Marcos, TX",1
78655,12420,"Austin-Round Rock-San Marcos, TX",1
78656,12420,"Austin-Round Rock-San Marcos, TX",1
78659,12420,"Austin-Round Rock-San Marcos, TX",1
78660,12420,"Austin-Round Rock-San Marcos, TX",1
78661,12420,"Austin-Round Rock-San Marcos, TX",1
78662,12420,"Austin-Round Rock-San Marcos, TX",1
78664,12420,"Austin-Round Rock-San Marcos, TX",1
78665,12420,"Austin-Round Rock-San Marcos, TX",1
78666,12420,"Austin-Round Rock-San Marcos, TX",1
78669,12420,"Austin-Round Rock-San Marcos, TX",1
78670,41700,"San Antonio-New Braunfels, TX",1
78671,23240,"Fredericksburg, TX",0
78674,12420,"Austin-Round Rock-San Marcos, TX",1
78675,23240,"Fredericksburg, TX",0
78676,12420,"Austin-Round Rock-San Marcos, TX",1
78681,12420,"Austin-Round Rock-San Marcos, TX",1
78701,12420,"Austin-Round Rock-San Marcos, TX",1
78702,12420,"Austin-Round Rock-San Marcos, TX",1
78703,12420,"Austin-Round Rock-San Marcos, TX",1
78704,12420,"Austin-Round Rock-San Marcos, TX",1
78705,12420,"Austin-Round Rock-San Marcos, TX",1
78712,12420,"Austin-Round Rock-San Marcos, TX",1
78717,12420,"Austin-Round Rock-San Marcos, TX",1
78719,12420,"Austin-Round Rock-San Marcos, TX",1
78721,12420,"Austin-Round Rock-San Marcos, TX",1
78722,12420,"Austin-Round Rock-San Marcos, TX",1
78723,12420,"Austin-Round Rock-San Marcos, TX",1
78724,12420,"Austin-Round Rock-San Marcos, TX",1
78725,12420,"Austin-Round Rock-San Marcos, TX",1
78726,12420,"Austin-Round Rock-San Marcos, TX",1
78727,12420,"Austin-Round Rock-San Marcos, TX",1
78728,12420,"Austin-Round Rock-San Marcos, TX",1
78729,12420,"Austin-Round Rock-San Marcos, TX",1
78730,12420,"Austin-Round Rock-San Marcos, TX",1
78731,12420,"Austin-Round Rock-San Marcos, TX",1
78732,12420,"Austin-Round Rock-San Marcos, TX",1
78733,12420,"Austin-Round Rock-San Marcos, TX",1
78734,12420,"Austin-Round Rock-San Marcos, TX",1
78735,12420,"Austin-Round Rock-San Marcos, TX",1
78736,12420,"Austin-Round Rock-San Marcos, TX",1
78737,12420,"Austin-Round Rock-San Marcos, TX",1
78738,12420,"Austin-Round Rock-San Marcos, TX",1
78739,12420,"Austin-Round Rock-San Marcos, TX",1
78741,12420,"Austin-Round Rock-San Marcos, TX",1
78742,12420,"Austin-Round Rock-San Marcos, TX",1
78744,12420,"Austin-Round Rock-San Marcos, TX",1
78745,12420,"Austin-Round Rock-San Marcos, TX",1
78746,12420,"Austin-Round Rock-San Marcos, TX",1
78747,12420,"Austin-Round Rock-San Marcos, TX",1
78748,12420,"Austin-Round Rock-San Marcos, TX",1
78749,12420,"Austin-Round Rock-San Marcos, TX",1
78750,12420,"Austin-Round Rock-San Marcos, TX",1
78751,12420,"Austin-Round Rock-San Marcos, TX",1
78752,12420,"Austin-Round Rock-San Marcos, TX",1
78753,12420,"Austin-Round Rock-San Marcos, TX",1
78754,12420,"Austin-Round Rock-San Marcos, TX",1
78756,12420,"Austin-Round Rock-San Marcos, TX",1
78757,12420,"Austin-Round Rock-San Marcos, TX",1
78758,12420,"Austin-Round Rock-San Marcos, TX",1
78759,12420,"Austin-Round Rock-San Marcos, TX",1
78801,46620,"Uvalde, TX",0
78802,46620,"Uvalde, TX",0
78837,19620,"Del Rio, TX",0
78838,46620,"Uvalde, TX",0
78840,19620,"Del Rio, TX",0
78841,19620,"Del Rio, TX",0
78842,19620,"Del Rio, TX",0
78843,19620,"Del Rio, TX",0
78850,41700,"San Antonio-New Braunfels, TX",1
78852,20580,"Eagle Pass, TX",1
78860,20580,"Eagle Pass, TX",1
78861,41700,"San Antonio-New Braunfels, TX",1
78870,46620,"Uvalde, TX",0
78871,19620,"Del Rio, TX",0
78877,20580,"Eagle Pass, TX",1
78881,46620,"Uvalde, TX",0
78883,41700,"San Antonio-New Braunfels, TX",1
78884,41700,"San Antonio-New Braunfels, TX",1
78885,41700,"San Antonio-New Braunfels, TX",1
78886,41700,"San Antonio-New Braunfels, TX",1
78931,26420,"Houston-Pasadena-The Woodlands, TX",1
78932,14780,"Brenham, TX",0
78944,26420,"Houston-Pasadena-The Woodlands, TX",1
78950,26420,"Houston-Pasadena-The Woodlands, TX",1
78953,12420,"Austin-Round Rock-San Marcos, TX",1
78957,12420,"Austin-Round Rock-San Marcos, TX",1
79001,11100,"Amarillo, TX",1
79002,37420,"Pampa, TX",0
79007,14420,"Borger, TX",0
79008,14420,"Borger, TX",0
79010,11100,"Amarillo, TX",1
79012,11100,"Amarillo, TX",1
79013,20300,"Dumas, TX",0
79015,11100,"Amarillo, TX",1
79016,11100,"Amarillo, TX",1
79019,11100,"Amarillo, TX",1
79021,38380,"Plainview, TX",0
79025,25820,"Hereford, TX",0
79029,20300,"Dumas, TX",0
79032,38380,"Plainview, TX",0
79036,11100,"Amarillo, TX",1
79039,11100,"Amarillo, TX",1
79041,38380,"Plainview, TX",0
79042,11100,"Amarillo, TX",1
79045,25820,"Hereford, TX",0
79054,37420,"Pampa, TX",0
79057,37420,"Pampa, TX",0
79058,11100,"Amarillo, TX",1
79059,37420,"Pampa, TX",0
79062,14420,"Borger, TX",0
79065,37420,"Pampa, TX",0
79066,37420,"Pampa, TX",0
79068,11100,"Amarillo, TX",1
79072,38380,"Plainview, TX",0
79073,38380,"Plainview, TX",0
79078,14420,"Borger, TX",0
79080,14420,"Borger, TX",0
79083,14420,"Borger, TX",0
79091,11100,"Amarillo, TX",1
79092,11100,"Amarillo, TX",1
79094,11100,"Amarillo, TX",1
79097,11100,"Amarillo, TX",1
79098,25820,"Hereford, TX",0
79101,11100,"Amarillo, TX",1
79102,11100,"Amarillo, TX",1
79103,11100,"Amarillo, TX",1
79104,11100,"Amarillo, TX",1
79106,11100,"Amarillo, TX",1
79107,11100,"Amarillo, TX",1
79108,11100,"Amarillo, TX",1
79109,11100,"Amarillo, TX",1
79110,11100,"Amarillo, TX",1
79111,11100,"Amarillo, TX",1
79118,11100,"Amarillo, TX",1
79119,11100,"Amarillo, TX",1
79121,11100,"Amarillo, TX",1
79124,11100,"Amarillo, TX",1
79231,38380,"Plainview, TX",0
79235,38380,"Plainview, TX",0
79241,38380,"Plainview, TX",0
79247,46900,"Vernon, TX",0
79250,38380,"Plainview, TX",0
79258,38380,"Plainview, TX",0
79311,38380,"Plainview, TX",0
79313,31180,"Lubbock, TX",1
79314,31180,"Lubbock, TX",1
79322,31180,"Lubbock, TX",1
79329,31180,"Lubbock, TX",1
79330,31180,"Lubbock, TX",1
79336,31180,"Lubbock, TX",1
79343,31180,"Lubbock, TX",1
79346,31180,"Lubbock, TX",1
79350,31180,"Lubbock, TX",1
79353,31180,"Lubbock, TX",1
79356,31180,"Lubbock, TX",1
79357,31180,"Lubbock, TX",1
79358,31180,"Lubbock, TX",1
79363,31180,"Lubbock, TX",1
79364,31180,"Lubbock, TX",1
79366,31180,"Lubbock, TX",1
79367,31180,"Lubbock, TX",1
79372,31180,"Lubbock, TX",1
79373,31180,"Lubbock, TX",1
79379,31180,"Lubbock, TX",1
79380,31180,"Lubbock, TX",1
79381,31180,"Lubbock, TX",1
79382,31180,"Lubbock, TX",1
79383,31180,"Lubbock, TX",1
79401,31180,"Lubbock, TX",1
79402,31180,"Lubbock, TX",1
79403,31180,"Lubbock, TX",1
79404,31180,"Lubbock, TX",1
79406,31180,"Lubbock, TX",1
79407,31180,"Lubbock, TX",1
79410,31180,"Lubbock, TX",1
79411,31180,"Lubbock, TX",1
79412,31180,"Lubbock, TX",1
79413,31180,"Lubbock, TX",1
79414,31180,"Lubbock, TX",1
79415,31180,"Lubbock, TX",1
79416,31180,"Lubbock, TX",1
79423,31180,"Lubbock, TX",1
79424,31180,"Lubbock, TX",1
79501,10180,"Abilene, TX",1
79503,10180,"Abilene, TX",1
79504,10180,"Abilene, TX",1
79506,45020,"Sweetwater, TX",0
79508,10180,"Abilene, TX",1
79510,10180,"Abilene, TX",1
79511,13700,"Big Spring, TX",0
79520,10180,"Abilene, TX",1
79525,10180,"Abilene, TX",1
79526,43660,"Snyder, TX",0
79527,43660,"Snyder, TX",0
79530,10180,"Abilene, TX",1
79535,45020,"Sweetwater, TX",0
79536,10180,"Abilene, TX",1
79537,45020,"Sweetwater, TX",0
79541,10180,"Abilene, TX",1
79545,45020,"Sweetwater, TX",0
79549,43660,"Snyder, TX",0
79553,10180,"Abilene, TX",1
79556,45020,"Sweetwater, TX",0
79561,45020,"Sweetwater, TX",0
79562,10180,"Abilene, TX",1
79563,10180,"Abilene, TX",1
79566,10180,"Abilene, TX",1
79601,10180,"Abilene, TX",1
79602,10180,"Abilene, TX",1
79603,10180,"Abilene, TX",1
79605,10180,"Abilene, TX",1
79606,10180,"Abilene, TX",1
79607,10180,"Abilene, TX",1
79699,10180,"Abilene, TX",1
79701,33260,"Midland, TX",1
79703,33260,"Midland, TX",1
79705,33260,"Midland, TX",1
79706,33260,"Midland, TX",1
79707,33260,"Midland, TX",1
79713,33260,"Midland, TX",1
79714,11380,"Andrews, TX",0
79718,45880,"Town of Pecos, TX",0
79720,13700,"Big Spring, TX",0
79721,13700,"Big Spring, TX",0
79733,13700,"Big Spring, TX",0
79741,36220,"Odessa, TX",1
79748,13700,"Big Spring, TX",0
79749,33260,"Midland, TX",1
79758,36220,"Odessa, TX",1
79759,36220,"Odessa, TX",1
79761,36220,"Odessa, TX",1
79762,36220,"Odessa, TX",1
79763,36220,"Odessa, TX",1
79764,36220,"Odessa, TX",1
79765,33260,"Midland, TX",1
79766,36220,"Odessa, TX",1
79769,36220,"Odessa, TX",1
79770,45880,"Town of Pecos, TX",0
79772,45880,"Town of Pecos, TX",0
79776,36220,"Odessa, TX",1
79780,45880,"Town of Pecos, TX",0
79782,33260,"Midland, TX",1
79783,33260,"Midland, TX",1
79785,45880,"Town of Pecos, TX",0
79821,21340,"El Paso, TX",1
79835,21340,"El Paso, TX",1
79836,21340,"El Paso, TX",1
79837,10460,"Alamogordo, NM",0
79838,21340,"El Paso, TX",1
79839,21340,"El Paso, TX",1
79849,21340,"El Paso, TX",1
79851,21340,"El Paso, TX",1
79853,21340,"El Paso, TX",1
79901,21340,"El Paso, TX",1
79902,21340,"El Paso, TX",1
79903,21340,"El Paso, TX",1
79904,21340,"El Paso, TX",1
79905,21340,"El Paso, TX",1
79906,21340,"El Paso, TX",1
79907,21340,"El Paso, TX",1
79908,21340,"El Paso, TX",1
79911,21340,"El Paso, TX",1
79912,21340,"El Paso, TX",1
79915,21340,"El Paso, TX",1
79916,21340,"El Paso, TX",1
79918,21340,"El Paso, TX",1
79920,21340,"El Paso, TX",1
79922,21340,"El Paso, TX",1
79924,21340,"El Paso, TX",1
79925,21340,"El Paso, TX",1
79927,21340,"El Paso, TX",1
79928,21340,"El Paso, TX",1
79930,21340,"El Paso, TX",1
79932,21340,"El Paso, TX",1
79934,21340,"El Paso, TX",1
79935,21340,"El Paso, TX",1
79936,21340,"El Paso, TX",1
79938,21340,"El Paso, TX",1
80002,19740,"Denver-Aurora-Centennial, CO",1
80003,19740,"Denver-Aurora-Centennial, CO",1
80004,19740,"Denver-Aurora-Centennial, CO",1
80005,19740,"Denver-Aurora-Centennial, CO",1
80007,19740,"Denver-Aurora-Centennial, CO",1
80010,19740,"Denver-Aurora-Centennial, CO",1
80011,19740,"Denver-Aurora-Centennial, CO",1
80012,19740,"Denver-Aurora-Centennial, CO",1
80013,19740,"Denver-Aurora-Centennial, CO",1
80014,19740,"Denver-Aurora-Centennial, CO",1
80015,19740,"Denver-Aurora-Centennial, CO",1
80016,19740,"Denver-Aurora-Centennial, CO",1
80017,19740,"Denver-Aurora-Centennial, CO",1
80018,19740,"Denver-Aurora-Centennial, CO",1
80019,19740,"Denver-Aurora-Centennial, CO",1
80020,19740,"Denver-Aurora-Centennial, CO",1
80021,19740,"Denver-Aurora-Centennial, CO",1
80022,19740,"Denver-Aurora-Centennial, CO",1
80023,19740,"Denver-Aurora-Centennial, CO",1
80024,19740,"Denver-Aurora-Centennial, CO",1
80025,14500,"Boulder, CO",1
80026,14500,"Boulder, CO",1
80027,14500,"Boulder, CO",1
80030,19740,"Denver-Aurora-Centennial, CO",1
80031,19740,"Denver-Aurora-Centennial, CO",1
80033,19740,"Denver-Aurora-Centennial, CO",1
80045,19740,"Denver-Aurora-Centennial, CO",1
80101,19740,"Denver-Aurora-Centennial, CO",1
80102,19740,"Denver-Aurora-Centennial, CO",1
80103,19740,"Denver-Aurora-Centennial, CO",1
80104,19740,"Denver-Aurora-Centennial, CO",1
80105,19740,"Denver-Aurora-Centennial, CO",1
80106,19740,"Denver-Aurora-Centennial, CO",1
80107,19740,"Denver-Aurora-Centennial, CO",1
80108,19740,"Denver-Aurora-Centennial, CO",1
80109,19740,"Denver-Aurora-Centennial, CO",1
80110,19740,"Denver-Aurora-Centennial, CO",1
80111,19740,"Denver-Aurora-Centennial, CO",1
80112,19740,"Denver-Aurora-Centennial, CO",1
80113,19740,"Denver-Aurora-Centennial, CO",1
80116,19740,"Denver-Aurora-Centennial, CO",1
80117,19740,"Denver-Aurora-Centennial, CO",1
80118,19740,"Denver-Aurora-Centennial, CO",1
80120,19740,"Denver-Aurora-Centennial, CO",1
80121,19740,"Denver-Aurora-Centennial, CO",1
80122,19740,"Denver-Aurora-Centennial, CO",1
80123,19740,"Denver-Aurora-Centennial, CO",1
80124,19740,"Denver-Aurora-Centennial, CO",1
80125,19740,"Denver-Aurora-Centennial, CO",1
80126,19740,"Denver-Aurora-Centennial, CO",1
80127,19740,"Denver-Aurora-Centennial, CO",1
80128,19740,"Denver-Aurora-Centennial, CO",1
80129,19740,"Denver-Aurora-Centennial, CO",1
80130,19740,"Denver-Aurora-Centennial, CO",1
80131,19740,"Denver-Aurora-Centennial, CO",1
80132,17820,"Colorado Springs, CO",1
80133,17820,"Colorado Springs, CO",1
80134,19740,"Denver-Aurora-Centennial, CO",1
80135,19740,"Denver-Aurora-Centennial, CO",1
80136,19740,"Denver-Aurora-Centennial, CO",1
80137,19740,"Denver-Aurora-Centennial, CO",1
80138,19740,"Denver-Aurora-Centennial, CO",1
80202,19740,"Denver-Aurora-Centennial, CO",1
80203,19740,"Denver-Aurora-Centennial, CO",1
80204,19740,"Denver-Aurora-Centennial, CO",1
80205,19740,"Denver-Aurora-Centennial, CO",1
80206,19740,"Denver-Aurora-Centennial, CO",1
80207,19740,"Denver-Aurora-Centennial, CO",1
80209,19740,"Denver-Aurora-Centennial, CO",1
80210,19740,"Denver-Aurora-Centennial, CO",1
80211,19740,"Denver-Aurora-Centennial, CO",1
80212,19740,"Denver-Aurora-Centennial, CO",1
80214,19740,"Denver-Aurora-Centennial, CO",1
80215,19740,"Denver-Aurora-Centennial, CO",1
80216,19740,"Denver-Aurora-Centennial, CO",1
80218,19740,"Denver-Aurora-Centennial, CO",1
80219,19740,"Denver-Aurora-Centennial, CO",1
80220,19740,"Denver-Aurora-Centennial, CO",1
80221,19740,"Denver-Aurora-Centennial, CO",1
80222,19740,"Denver-Aurora-Centennial, CO",1
80223,19740,"Denver-Aurora-Centennial, CO",1
80224,19740,"Denver-Aurora-Centennial, CO",1
80226,19740,"Denver-Aurora-Centennial, CO",1
80227,19740,"Denver-Aurora-Centennial, CO",1
80228,19740,"Denver-Aurora-Centennial, CO",1
80229,19740,"Denver-Aurora-Centennial, CO",1
80230,19740,"Denver-Aurora-Centennial, CO",1
80231,19740,"Denver-Aurora-Centennial, CO",1
80232,19740,"Denver-Aurora-Centennial, CO",1
80233,19740,"Denver-Aurora-Centennial, CO",1
80234,19740,"Denver-Aurora-Centennial, CO",1
80235,19740,"Denver-Aurora-Centennial, CO",1
80236,19740,"Denver-Aurora-Centennial, CO",1
80237,19740,"Denver-Aurora-Centennial, CO",1
80238,19740,"Denver-Aurora-Centennial, CO",1
80239,19740,"Denver-Aurora-Centennial, CO",1
80241,19740,"Denver-Aurora-Centennial, CO",1
80246,19740,"Denver-Aurora-Centennial, CO",1
80247,19740,"Denver-Aurora-Centennial, CO",1
80249,19740,"Denver-Aurora-Centennial, CO",1
80260,19740,"Denver-Aurora-Centennial, CO",1
80264,19740,"Denver-Aurora-Centennial, CO",1
80266,19740,"Denver-Aurora-Centennial, CO",1
80290,19740,"Denver-Aurora-Centennial, CO",1
80293,19740,"Denver-Aurora-Centennial, CO",1
80294,19740,"Denver-Aurora-Centennial, CO",1
80301,14500,"Boulder, CO",1
80302,14500,"Boulder, CO",1
80303,14500,"Boulder, CO",1
80304,14500,"Boulder, CO",1
80305,14500,"Boulder, CO",1
80310,14500,"Boulder, CO",1
80401,19740,"Denver-Aurora-Centennial, CO",1
80403,19740,"Denver-Aurora-Centennial, CO",1
80419,19740,"Denver-Aurora-Centennial, CO",1
80420,19740,"Denver-Aurora-Centennial, CO",1
80421,19740,"Denver-Aurora-Centennial, CO",1
80422,19740,"Denver-Aurora-Centennial, CO",1
80423,20780,"Edwards, CO",0
80424,14720,"Breckenridge, CO",0
80425,19740,"Denver-Aurora-Centennial, CO",1
80426,20780,"Edwards, CO",0
80427,19740,"Denver-Aurora-Centennial, CO",1
80428,44460,"Steamboat Springs, CO",0
80432,19740,"Denver-Aurora-Centennial, CO",1
80433,19740,"Denver-Aurora-Centennial, CO",1
80435,14720,"Breckenridge, CO",0
80436,19740,"Denver-Aurora-Centennial, CO",1
80438,19740,"Denver-Aurora-Centennial, CO",1
80439,19740,"Denver-Aurora-Centennial, CO",1
80440,19740,"Denver-Aurora-Centennial, CO",1
80443,14720,"Breckenridge, CO",0
80444,19740,"Denver-Aurora-Centennial, CO",1
80448,19740,"Denver-Aurora-Centennial, CO",1
80449,19740,"Denver-Aurora-Centennial, CO",1
80452,19740,"Denver-Aurora-Centennial, CO",1
80453,19740,"Denver-Aurora-Centennial, CO",1
80454,19740,"Denver-Aurora-Centennial, CO",1
80455,14500,"Boulder, CO",1
80456,19740,"Denver-Aurora-Centennial, CO",1
80457,19740,"Denver-Aurora-Centennial, CO",1
80461,14720,"Breckenridge, CO",0
80463,44460,"Steamboat Springs, CO",0
80465,19740,"Denver-Aurora-Centennial, CO",1
80466,14500,"Boulder, CO",1
80467,44460,"Steamboat Springs, CO",0
80469,44460,"Steamboat Springs, CO",0
80470,19740,"Denver-Aurora-Centennial, CO",1
80471,14500,"Boulder, CO",1
80474,19740,"Denver-Aurora-Centennial, CO",1
80475,19740,"Denver-Aurora-Centennial, CO",1
80476,19740,"Denver-Aurora-Centennial, CO",1
80479,44460,"Steamboat Springs, CO",0
80481,14500,"Boulder, CO",1
80483,44460,"Steamboat Springs, CO",0
80487,44460,"Steamboat Springs, CO",0
80498,14720,"Breckenridge, CO",0
80501,14500,"Boulder, CO",1
80503,14500,"Boulder, CO",1
80504,24540,"Greeley, CO",1
80510,14500,"Boulder, CO",1
80512,22660,"Fort Collins-Loveland, CO",1
80513,22660,"Fort Collins-Loveland, CO",1
80514,24540,"Greeley, CO",1
80515,22660,"Fort Collins-Loveland, CO",1
80516,24540,"Greeley, CO",1
80517,22660,"Fort Collins-Loveland, CO",1
80520,24540,"Greeley, CO",1
80521,22660,"Fort Collins-Loveland, CO",1
80524,22660,"Fort Collins-Loveland, CO",1
80525,22660,"Fort Collins-Loveland, CO",1
80526,22660,"Fort Collins-Loveland, CO",1
80528,22660,"Fort Collins-Loveland, CO",1
80530,24540,"Greeley, CO",1
80532,22660,"Fort Collins-Loveland, CO",1
80534,24540,"Greeley, CO",1
80535,22660,"Fort Collins-Loveland, CO",1
80536,22660,"Fort Collins-Loveland, CO",1
80537,22660,"Fort Collins-Loveland, CO",1
80538,22660,"Fort Collins-Loveland, CO",1
80540,14500,"Boulder, CO",1
80542,24540,"Greeley, CO",1
80543,24540,"Greeley, CO",1
80544,14500,"Boulder, CO",1
80545,22660,"Fort Collins-Loveland, CO",1
80546,24540,"Greeley, CO",1
80547,22660,"Fort Collins-Loveland, CO",1
80549,22660,"Fort Collins-Loveland, CO",1
80550,24540,"Greeley, CO",1
80601,19740,"Denver-Aurora-Centennial, CO",1
80602,19740,"Denver-Aurora-Centennial, CO",1
80603,19740,"Denver-Aurora-Centennial, CO",1
80610,24540,"Greeley, CO",1
80611,24540,"Greeley, CO",1
80612,24540,"Greeley, CO",1
80615,24540,"Greeley, CO",1
80620,24540,"Greeley, CO",1
80621,24540,"Greeley, CO",1
80622,24540,"Greeley, CO",1
80623,24540,"Greeley, CO",1
80624,24540,"Greeley, CO",1
80631,24540,"Greeley, CO",1
80634,24540,"Greeley, CO",1
80640,19740,"Denver-Aurora-Centennial, CO",1
80642,24540,"Greeley, CO",1
80643,24540,"Greeley, CO",1
80644,24540,"Greeley, CO",1
80645,24540,"Greeley, CO",1
80646,24540,"Greeley, CO",1
80648,24540,"Greeley, CO",1
80649,24540,"Greeley, CO",1
80650,24540,"Greeley, CO",1
80651,24540,"Greeley, CO",1
80652,24540,"Greeley, CO",1
80653,22820,"Fort Morgan, CO",0
80654,22820,"Fort Morgan, CO",0
80701,22820,"Fort Morgan, CO",0
80705,22820,"Fort Morgan, CO",0
80722,44540,"Sterling, CO",0
80723,22820,"Fort Morgan, CO",0
80726,44540,"Sterling, CO",0
80728,44540,"Sterling, CO",0
80729,24540,"Greeley, CO",1
80732,24540,"Greeley, CO",1
80733,22820,"Fort Morgan, CO",0
80736,44540,"Sterling, CO",0
80741,44540,"Sterling, CO",0
80742,24540,"Greeley, CO",1
80745,44540,"Sterling, CO",0
80747,44540,"Sterling, CO",0
80750,22820,"Fort Morgan, CO",0
80751,44540,"Sterling, CO",0
80754,24540,"Greeley, CO",1
80808,17820,"Colorado Springs, CO",1
80809,17820,"Colorado Springs, CO",1
80813,17820,"Colorado Springs, CO",1
80814,17820,"Colorado Springs, CO",1
80816,17820,"Colorado Springs, CO",1
80817,17820,"Colorado Springs, CO",1
80819,17820,"Colorado Springs, CO",1
80820,19740,"Denver-Aurora-Centennial, CO",1
80827,19740,"Denver-Aurora-Centennial, CO",1
80829,17820,"Colorado Springs, CO",1
80830,19740,"Denver-Aurora-Centennial, CO",1
80831,17820,"Colorado Springs, CO",1
80832,19740,"Denver-Aurora-Centennial, CO",1
80835,19740,"Denver-Aurora-Centennial, CO",1
80840,17820,"Colorado Springs, CO",1
80860,17820,"Colorado Springs, CO",1
80863,17820,"Colorado Springs, CO",1
80864,17820,"Colorado Springs, CO",1
80902,17820,"Colorado Springs, CO",1
80903,17820,"Colorado Springs, CO",1
80904,17820,"Colorado Springs, CO",1
80905,17820,"Colorado Springs, CO",1
80906,17820,"Colorado Springs, CO",1
80907,17820,"Colorado Springs, CO",1
80908,17820,"Colorado Springs, CO",1
80909,17820,"Colorado Springs, CO",1
80910,17820,"Colorado Springs, CO",1
80911,17820,"Colorado Springs, CO",1
80913,17820,"Colorado Springs, CO",1
80914,17820,"Colorado Springs, CO",1
80915,17820,"Colorado Springs, CO",1
80916,17820,"Colorado Springs, CO",1
80917,17820,"Colorado Springs, CO",1
80918,17820,"Colorado Springs, CO",1
80919,17820,"Colorado Springs, CO",1
80920,17820,"Colorado Springs, CO",1
80921,17820,"Colorado Springs, CO",1
80922,17820,"Colorado Springs, CO",1
80923,17820,"Colorado Springs, CO",1
80924,17820,"Colorado Springs, CO",1
80925,17820,"Colorado Springs, CO",1
80926,17820,"Colorado Springs, CO",1
80927,17820,"Colorado Springs, CO",1
80928,17820,"Colorado Springs, CO",1
80929,17820,"Colorado Springs, CO",1
80930,17820,"Colorado Springs, CO",1
80938,17820,"Colorado Springs, CO",1
80939,17820,"Colorado Springs, CO",1
80951,17820,"Colorado Springs, CO",1
81001,39380,"Pueblo, CO",1
81003,39380,"Pueblo, CO",1
81004,39380,"Pueblo, CO",1
81005,39380,"Pueblo, CO",1
81006,39380,"Pueblo, CO",1
81007,39380,"Pueblo, CO",1
81008,39380,"Pueblo, CO",1
81019,39380,"Pueblo, CO",1
81022,39380,"Pueblo, CO",1
81023,39380,"Pueblo, CO",1
81025,39380,"Pueblo, CO",1
81039,39380,"Pueblo, CO",1
81101,10480,"Alamosa, CO",0
81120,10480,"Alamosa, CO",0
81122,20420,"Durango, CO",0
81123,10480,"Alamosa, CO",0
81124,10480,"Alamosa, CO",0
81126,10480,"Alamosa, CO",0
81129,10480,"Alamosa, CO",0
81133,10480,"Alamosa, CO",0
81136,10480,"Alamosa, CO",0
81137,20420,"Durango, CO",0
81138,10480,"Alamosa, CO",0
81140,10480,"Alamosa, CO",0
81141,10480,"Alamosa, CO",0
81146,10480,"Alamosa, CO",0
81148,10480,"Alamosa, CO",0
81151,10480,"Alamosa, CO",0
81152,10480,"Alamosa, CO",0
81212,15860,"Cañon City, CO",0
81221,15860,"Cañon City, CO",0
81222,15860,"Cañon City, CO",0
81223,15860,"Cañon City, CO",0
81226,15860,"Cañon City, CO",0
81232,15860,"Cañon City, CO",0
81233,15860,"Cañon City, CO",0
81240,15860,"Cañon City, CO",0
81244,15860,"Cañon City, CO",0
81251,14720,"Breckenridge, CO",0
81301,20420,"Durango, CO",0
81303,20420,"Durango, CO",0
81326,20420,"Durango, CO",0
81401,33940,"Montrose, CO",0
81403,33940,"Montrose, CO",0
81411,33940,"Montrose, CO",0
81415,33940,"Montrose, CO",0
81422,33940,"Montrose, CO",0
81424,33940,"Montrose, CO",0
81425,33940,"Montrose, CO",0
81429,33940,"Montrose, CO",0
81501,24300,"Grand Junction, CO",1
81503,24300,"Grand Junction, CO",1
81504,24300,"Grand Junction, CO",1
81505,24300,"Grand Junction, CO",1
81506,24300,"Grand Junction, CO",1
81507,24300,"Grand Junction, CO",1
81520,24300,"Grand Junction, CO",1
81521,24300,"Grand Junction, CO",1
81522,24300,"Grand Junction, CO",1
81523,24300,"Grand Junction, CO",1
81524,24300,"Grand Junction, CO",1
81525,24300,"Grand Junction, CO",1
81526,24300,"Grand Junction, CO",1
81527,24300,"Grand Junction, CO",1
81601,40090,"Rifle, CO",0
81610,44460,"Steamboat Springs, CO",0
81611,40090,"Rifle, CO",0
81612,40090,"Rifle, CO",0
81615,40090,"Rifle, CO",0
81620,20780,"Edwards, CO",0
81621,20780,"Edwards, CO",0
81623,40090,"Rifle, CO",0
81624,24300,"Grand Junction, CO",1
81625,44460,"Steamboat Springs, CO",0
81630,40090,"Rifle, CO",0
81631,20780,"Edwards, CO",0
81632,20780,"Edwards, CO",0
81633,44460,"Steamboat Springs, CO",0
81635,40090,"Rifle, CO",0
81637,40090,"Rifle, CO",0
81638,44460,"Steamboat Springs, CO",0
81639,44460,"Steamboat Springs, CO",0
81640,44460,"Steamboat Springs, CO",0
81642,40090,"Rifle, CO",0
81643,24300,"Grand Junction, CO",1
81645,20780,"Edwards, CO",0
81646,24300,"Grand Junction, CO",1
81647,40090,"Rifle, CO",0
81649,20780,"Edwards, CO",0
81652,40090,"Rifle, CO",0
81653,44460,"Steamboat Springs, CO",0
81654,40090,"Rifle, CO",0
81655,20780,"Edwards, CO",0
81656,40090,"Rifle, CO",0
81657,20780,"Edwards, CO",0
82001,16940,"Cheyenne, WY",1
82005,16940,"Cheyenne, WY",1
82007,16940,"Cheyenne, WY",1
82009,16940,"Cheyenne, WY",1
82050,16940,"Cheyenne, WY",1
82051,29660,"Laramie, WY",0
82052,29660,"Laramie, WY",0
82053,16940,"Cheyenne, WY",1
82054,16940,"Cheyenne, WY",1
82055,29660,"Laramie, WY",0
82058,29660,"Laramie, WY",0
82059,16940,"Cheyenne, WY",1
82060,16940,"Cheyenne, WY",1
82061,16940,"Cheyenne, WY",1
82063,22660,"Fort Collins-Loveland, CO",1
82070,29660,"Laramie, WY",0
82072,29660,"Laramie, WY",0
82073,29660,"Laramie, WY",0
82081,16940,"Cheyenne, WY",1
82082,16940,"Cheyenne, WY",1
82083,29660,"Laramie, WY",0
82084,29660,"Laramie, WY",0
82190,17650,"Cody, WY",0
82310,40180,"Riverton, WY",0
82322,40540,"Rock Springs, WY",0
82336,40540,"Rock Springs, WY",0
82414,17650,"Cody, WY",0
82433,17650,"Cody, WY",0
82435,17650,"Cody, WY",0
82440,17650,"Cody, WY",0
82450,17650,"Cody, WY",0
82501,40180,"Riverton, WY",0
82510,40180,"Riverton, WY",0
82512,40180,"Riverton, WY",0
82513,40180,"Riverton, WY",0
82514,40180,"Riverton, WY",0
82515,40180,"Riverton, WY",0
82516,40180,"Riverton, WY",0
82520,40180,"Riverton, WY",0
82523,40180,"Riverton, WY",0
82601,16220,"Casper, WY",1
82604,16220,"Casper, WY",1
82609,16220,"Casper, WY",1
82620,16220,"Casper, WY",1
82630,16220,"Casper, WY",1
82635,16220,"Casper, WY",1
82636,16220,"Casper, WY",1
82638,16220,"Casper, WY",1
82642,40180,"Riverton, WY",0
82643,16220,"Casper, WY",1
82644,16220,"Casper, WY",1
82646,16220,"Casper, WY",1
82648,16220,"Casper, WY",1
82649,40180,"Riverton, WY",0
82716,23940,"Gillette, WY",0
82718,23940,"Gillette, WY",0
82725,23940,"Gillette, WY",0
82727,23940,"Gillette, WY",0
82731,23940,"Gillette, WY",0
82732,23940,"Gillette, WY",0
82801,43260,"Sheridan, WY",0
82831,23940,"Gillette, WY",0
82832,43260,"Sheridan, WY",0
82833,43260,"Sheridan, WY",0
82835,43260,"Sheridan, WY",0
82836,43260,"Sheridan, WY",0
82837,43260,"Sheridan, WY",0
82838,43260,"Sheridan, WY",0
82839,43260,"Sheridan, WY",0
82842,43260,"Sheridan, WY",0
82844,43260,"Sheridan, WY",0
82845,43260,"Sheridan, WY",0
82901,40540,"Rock Springs, WY",0
82929,40540,"Rock Springs, WY",0
82930,25720,"Heber, UT",0
82932,40540,"Rock Springs, WY",0
82933,21740,"Evanston, WY-UT",0
82934,40540,"Rock Springs, WY",0
82935,40540,"Rock Springs, WY",0
82936,21740,"Evanston, WY-UT",0
82937,21740,"Evanston, WY-UT",0
82938,40540,"Rock Springs, WY",0
82939,21740,"Evanston, WY-UT",0
82942,40540,"Rock Springs, WY",0
82943,40540,"Rock Springs, WY",0
82944,21740,"Evanston, WY-UT",0
82945,40540,"Rock Springs, WY",0
83001,27220,"Jackson, WY-ID",0
83011,27220,"Jackson, WY-ID",0
83012,27220,"Jackson, WY-ID",0
83013,27220,"Jackson, WY-ID",0
83014,27220,"Jackson, WY-ID",0
83025,27220,"Jackson, WY-ID",0
83120,26820,"Idaho Falls, ID",1
83201,38540,"Pocatello, ID",1
83202,38540,"Pocatello, ID",1
83203,13940,"Blackfoot, ID",0
83209,38540,"Pocatello, ID",1
83210,13940,"Blackfoot, ID",0
83213,26820,"Idaho Falls, ID",1
83214,38540,"Pocatello, ID",1
83215,13940,"Blackfoot, ID",0
83218,13940,"Blackfoot, ID",0
83221,13940,"Blackfoot, ID",0
83228,30860,"Logan, UT-ID",1
83232,30860,"Logan, UT-ID",1
83234,38540,"Pocatello, ID",1
83236,13940,"Blackfoot, ID",0
83237,30860,"Logan, UT-ID",1
83243,14940,"Brigham City, UT-ID",0
83244,26820,"Idaho Falls, ID",1
83245,38540,"Pocatello, ID",1
83246,38540,"Pocatello, ID",1
83250,38540,"Pocatello, ID",1
83252,14940,"Brigham City, UT-ID",0
83255,26820,"Idaho Falls, ID",1
83262,13940,"Blackfoot, ID",0
83263,30860,"Logan, UT-ID",1
83274,13940,"Blackfoot, ID",0
83277,13940,"Blackfoot, ID",0
83281,38540,"Pocatello, ID",1
83283,30860,"Logan, UT-ID",1
83285,26820,"Idaho Falls, ID",1
83286,30860,"Logan, UT-ID",1
83301,46300,"Twin Falls, ID",1
83302,46300,"Twin Falls, ID",1
83311,15420,"Burley, ID",0
83312,15420,"Burley, ID",0
83313,25200,"Hailey, ID",0
83316,46300,"Twin Falls, ID",1
83318,15420,"Burley, ID",0
83320,25200,"Hailey, ID",0
83321,46300,"Twin Falls, ID",1
83322,25200,"Hailey, ID",0
83323,15420,"Burley, ID",0
83324,25200,"Hailey, ID",0
83325,46300,"Twin Falls, ID",1
83327,25200,"Hailey, ID",0
83328,46300,"Twin Falls, ID",1
83332,46300,"Twin Falls, ID",1
83333,25200,"Hailey, ID",0
83334,46300,"Twin Falls, ID",1
83335,46300,"Twin Falls, ID",1
83336,15420,"Burley, ID",0
83337,34300,"Mountain Home, ID",0
83338,46300,"Twin Falls, ID",1
83340,25200,"Hailey, ID",0
83341,46300,"Twin Falls, ID",1
83342,15420,"Burley, ID",0
83344,15420,"Burley, ID",0
83346,15420,"Burley, ID",0
83347,15420,"Burley, ID",0
83348,25200,"Hailey, ID",0
83349,25200,"Hailey, ID",0
83350,15420,"Burley, ID",0
83352,25200,"Hailey, ID",0
83353,25200,"Hailey, ID",0
83354,25200,"Hailey, ID",0
83401,26820,"Idaho Falls, ID",1
83402,26820,"Idaho Falls, ID",1
83404,26820,"Idaho Falls, ID",1
83406,26820,"Idaho Falls, ID",1
83414,27220,"Jackson, WY-ID",0
83420,39940,"Rexburg, ID",0
83421,39940,"Rexburg, ID",0
83422,27220,"Jackson, WY-ID",0
83424,27220,"Jackson, WY-ID",0
83425,26820,"Idaho Falls, ID",1
83427,26820,"Idaho Falls, ID",1
83428,26820,"Idaho Falls, ID",1
83429,39940,"Rexburg, ID",0
83431,26820,"Idaho Falls, ID",1
83433,39940,"Rexburg, ID",0
83434,26820,"Idaho Falls, ID",1
83435,26820,"Idaho Falls, ID",1
83436,39940,"Rexburg, ID",0
83438,39940,"Rexburg, ID",0
83440,39940,"Rexburg, ID",0
83442,26820,"Idaho Falls, ID",1
83443,26820,"Idaho Falls, ID",1
83444,26820,"Idaho Falls, ID",1
83445,39940,"Rexburg, ID",0
83448,39940,"Rexburg, ID",0
83449,26820,"Idaho Falls, ID",1
83450,26820,"Idaho Falls, ID",1
83451,39940,"Rexburg, ID",0
83452,27220,"Jackson, WY-ID",0
83454,26820,"Idaho Falls, ID",1
83455,27220,"Jackson, WY-ID",0
83460,39940,"Rexburg, ID",0
83501,30300,"Lewiston, ID-WA",1
83524,30300,"Lewiston, ID-WA",1
83535,30300,"Lewiston, ID-WA",1
83537,34140,"Moscow, ID",0
83540,30300,"Lewiston, ID-WA",1
83541,30300,"Lewiston, ID-WA",1
83545,30300,"Lewiston, ID-WA",1
83548,30300,"Lewiston, ID-WA",1
83555,30300,"Lewiston, ID-WA",1
83602,14260,"Boise City, ID",1
83604,14260,"Boise City, ID",1
83605,14260,"Boise City, ID",1
83607,14260,"Boise City, ID",1
83616,14260,"Boise City, ID",1
83617,14260,"Boise City, ID",1
83619,36620,"Ontario, OR-ID",0
83622,14260,"Boise City, ID",1
83623,34300,"Mountain Home, ID",0
83624,14260,"Boise City, ID",1
83626,14260,"Boise City, ID",1
83627,14260,"Boise City, ID",1
83628,14260,"Boise City, ID",1
83629,14260,"Boise City, ID",1
83631,14260,"Boise City, ID",1
83633,34300,"Mountain Home, ID",0
83634,14260,"Boise City, ID",1
83636,14260,"Boise City, ID",1
83637,14260,"Boise City, ID",1
83639,14260,"Boise City, ID",1
83641,14260,"Boise City, ID",1
83642,14260,"Boise City, ID",1
83644,14260,"Boise City, ID",1
83646,14260,"Boise City, ID",1
83647,34300,"Mountain Home, ID",0
83648,34300,"Mountain Home, ID",0
83650,14260,"Boise City, ID",1
83651,14260,"Boise City, ID",1
83655,36620,"Ontario, OR-ID",0
83656,14260,"Boise City, ID",1
83657,14260,"Boise City, ID",1
83660,14260,"Boise City, ID",1
83661,36620,"Ontario, OR-ID",0
83666,14260,"Boise City, ID",1
83669,14260,"Boise City, ID",1
83670,14260,"Boise City, ID",1
83676,14260,"Boise City, ID",1
83686,14260,"Boise City, ID",1
83687,14260,"Boise City, ID",1
83702,14260,"Boise City, ID",1
83703,14260,"Boise City, ID",1
83704,14260,"Boise City, ID",1
83705,14260,"Boise City, ID",1
83706,14260,"Boise City, ID",1
83709,14260,"Boise City, ID",1
83712,14260,"Boise City, ID",1
83713,14260,"Boise City, ID",1
83714,14260,"Boise City, ID",1
83716,34300,"Mountain Home, ID",0
83720,14260,"Boise City, ID",1
83725,14260,"Boise City, ID",1
83801,17660,"Coeur d'Alene, ID",1
83803,41760,"Sandpoint, ID",0
83804,41760,"Sandpoint, ID",0
83806,34140,"Moscow, ID",0
83809,41760,"Sandpoint, ID",0
83810,17660,"Coeur d'Alene, ID",1
83811,41760,"Sandpoint, ID",0
83813,41760,"Sandpoint, ID",0
83814,17660,"Coeur d'Alene, ID",1
83815,17660,"Coeur d'Alene, ID",1
83821,41760,"Sandpoint, ID",0
83822,41760,"Sandpoint, ID",0
83823,34140,"Moscow, ID",0
83825,41760,"Sandpoint, ID",0
83832,34140,"Moscow, ID",0
83833,17660,"Coeur d'Alene, ID",1
83834,34140,"Moscow, ID",0
83835,17660,"Coeur d'Alene, ID",1
83836,41760,"Sandpoint, ID",0
83840,41760,"Sandpoint, ID",0
83841,41760,"Sandpoint, ID",0
83842,17660,"Coeur d'Alene, ID",1
83843,34140,"Moscow, ID",0
83844,34140,"Moscow, ID",0
83848,41760,"Sandpoint, ID",0
83852,41760,"Sandpoint, ID",0
83854,17660,"Coeur d'Alene, ID",1
83855,34140,"Moscow, ID",0
83856,41760,"Sandpoint, ID",0
83857,34140,"Moscow, ID",0
83858,17660,"Coeur d'Alene, ID",1
83860,41760,"Sandpoint, ID",0
83864,41760,"Sandpoint, ID",0
83869,17660,"Coeur d'Alene, ID",1
83871,34140,"Moscow, ID",0
83872,34140,"Moscow, ID",0
83876,17660,"Coeur d'Alene, ID",1
84003,39340,"Provo-Orem-Lehi, UT",1
84004,39340,"Provo-Orem-Lehi, UT",1
84005,39340,"Provo-Orem-Lehi, UT",1
84006,41620,"Salt Lake City-Murray, UT",1
84008,46860,"Vernal, UT",0
84009,41620,"Salt Lake City-Murray, UT",1
84010,36260,"Ogden, UT",1
84013,39340,"Provo-Orem-Lehi, UT",1
84014,36260,"Ogden, UT",1
84015,36260,"Ogden, UT",1
84017,25720,"Heber, UT",0
84018,36260,"Ogden, UT",1
84020,41620,"Salt Lake City-Murray, UT",1
84022,41620,"Salt Lake City-Murray, UT",1
84024,25720,"Heber, UT",0
84025,36260,"Ogden, UT",1
84026,46860,"Vernal, UT",0
84028,21740,"Evanston, WY-UT",0
84029,41620,"Salt Lake City-Murray, UT",1
84032,25720,"Heber, UT",0
84033,25720,"Heber, UT",0
84034,41620,"Salt Lake City-Murray, UT",1
84035,46860,"Vernal, UT",0
84036,25720,"Heber, UT",0
84037,36260,"Ogden, UT",1
84038,21740,"Evanston, WY-UT",0
84039,46860,"Vernal, UT",0
84040,36260,"Ogden, UT",1
84041,36260,"Ogden, UT",1
84042,39340,"Provo-Orem-Lehi, UT",1
84043,39340,"Provo-Orem-Lehi, UT",1
84044,41620,"Salt Lake City-Murray, UT",1
84045,39340,"Provo-Orem-Lehi, UT",1
84047,41620,"Salt Lake City-Murray, UT",1
84049,25720,"Heber, UT",0
84050,36260,"Ogden, UT",1
84054,36260,"Ogden, UT",1
84055,25720,"Heber, UT",0
84056,36260,"Ogden, UT",1
84057,39340,"Provo-Orem-Lehi, UT",1
84058,39340,"Provo-Orem-Lehi, UT",1
84059,39340,"Provo-Orem-Lehi, UT",1
84060,25720,"Heber, UT",0
84061,25720,"Heber, UT",0
84062,39340,"Provo-Orem-Lehi, UT",1
84063,46860,"Vernal, UT",0
84064,21740,"Evanston, WY-UT",0
84065,41620,"Salt Lake City-Murray, UT",1
84067,36260,"Ogden, UT",1
84069,41620,"Salt Lake City-Murray, UT",1
84070,41620,"Salt Lake City-Murray, UT",1
84071,41620,"Salt Lake City-Murray, UT",1
84074,41620,"Salt Lake City-Murray, UT",1
84075,36260,"Ogden, UT",1
84076,46860,"Vernal, UT",0
84078,46860,"Vernal, UT",0
84080,41620,"Salt Lake City-Murray, UT",1
84081,41620,"Salt Lake City-Murray, UT",1
84082,25720,"Heber, UT",0
84083,41620,"Salt Lake City-Murray, UT",1
84084,41620,"Salt Lake City-Murray, UT",1
84085,46860,"Vernal, UT",0
84086,21740,"Evanston, WY-UT",0
84087,36260,"Ogden, UT",1
84088,41620,"Salt Lake City-Murray, UT",1
84092,41620,"Salt Lake City-Murray, UT",1
84093,41620,"Salt Lake City-Murray, UT",1
84094,41620,"Salt Lake City-Murray, UT",1
84095,41620,"Salt Lake City-Murray, UT",1
84096,41620,"Salt Lake City-Murray, UT",1
84097,39340,"Provo-Orem-Lehi, UT",1
84098,25720,"Heber, UT",0
84101,41620,"Salt Lake City-Murray, UT",1
84102,41620,"Salt Lake City-Murray, UT",1
84103,41620,"Salt Lake City-Murray, UT",1
84104,41620,"Salt Lake City-Murray, UT",1
84105,41620,"Salt Lake City-Murray, UT",1
84106,41620,"Salt Lake City-Murray, UT",1
84107,41620,"Salt Lake City-Murray, UT",1
84108,41620,"Salt Lake City-Murray, UT",1
84109,41620,"Salt Lake City-Murray, UT",1
84111,41620,"Salt Lake City-Murray, UT",1
84112,41620,"Salt Lake City-Murray, UT",1
84113,41620,"Salt Lake City-Murray, UT",1
84114,41620,"Salt Lake City-Murray, UT",1
84115,41620,"Salt Lake City-Murray, UT",1
84116,41620,"Salt Lake City-Murray, UT",1
84117,41620,"Salt Lake City-Murray, UT",1
84118,41620,"Salt Lake City-Murray, UT",1
84119,41620,"Salt Lake City-Murray, UT",1
84120,41620,"Salt Lake City-Murray, UT",1
84121,41620,"Salt Lake City-Murray, UT",1
84123,41620,"Salt Lake City-Murray, UT",1
84124,41620,"Salt Lake City-Murray, UT",1
84128,41620,"Salt Lake City-Murray, UT",1
84129,41620,"Salt Lake City-Murray, UT",1
84138,41620,"Salt Lake City-Murray, UT",1
84150,41620,"Salt Lake City-Murray, UT",1
84180,41620,"Salt Lake City-Murray, UT",1
84301,14940,"Brigham City, UT-ID",0
84302,14940,"Brigham City, UT-ID",0
84304,30860,"Logan, UT-ID",1
84305,30860,"Logan, UT-ID",1
84306,14940,"Brigham City, UT-ID",0
84307,14940,"Brigham City, UT-ID",0
84308,30860,"Logan, UT-ID",1
84309,14940,"Brigham City, UT-ID",0
84310,36260,"Ogden, UT",1
84311,14940,"Brigham City, UT-ID",0
84312,14940,"Brigham City, UT-ID",0
84313,14940,"Brigham City, UT-ID",0
84314,14940,"Brigham City, UT-ID",0
84315,36260,"Ogden, UT",1
84316,14940,"Brigham City, UT-ID",0
84317,36260,"Ogden, UT",1
84318,30860,"Logan, UT-ID",1
84319,30860,"Logan, UT-ID",1
84320,30860,"Logan, UT-ID",1
84321,30860,"Logan, UT-ID",1
84322,30860,"Logan, UT-ID",1
84324,14940,"Brigham City, UT-ID",0
84325,30860,"Logan, UT-ID",1
84326,30860,"Logan, UT-ID",1
84327,30860,"Logan, UT-ID",1
84328,30860,"Logan, UT-ID",1
84329,14940,"Brigham City, UT-ID",0
84330,14940,"Brigham City, UT-ID",0
84331,14940,"Brigham City, UT-ID",0
84332,30860,"Logan, UT-ID",1
84333,30860,"Logan, UT-ID",1
84334,14940,"Brigham City, UT-ID",0
84335,30860,"Logan, UT-ID",1
84336,14940,"Brigham City, UT-ID",0
84337,14940,"Brigham City, UT-ID",0
84338,30860,"Logan, UT-ID",1
84339,30860,"Logan, UT-ID",1
84340,14940,"Brigham City, UT-ID",0
84341,30860,"Logan, UT-ID",1
84401,36260,"Ogden, UT",1
84403,36260,"Ogden, UT",1
84404,36260,"Ogden, UT",1
84405,36260,"Ogden, UT",1
84408,36260,"Ogden, UT",1
84414,36260,"Ogden, UT",1
84501,39220,"Price, UT",0
84520,39220,"Price, UT",0
84526,39220,"Price, UT",0
84529,39220,"Price, UT",0
84539,39220,"Price, UT",0
84542,39220,"Price, UT",0
84601,39340,"Provo-Orem-Lehi, UT",1
84602,39340,"Provo-Orem-Lehi, UT",1
84604,39340,"Provo-Orem-Lehi, UT",1
84606,39340,"Provo-Orem-Lehi, UT",1
84626,39340,"Provo-Orem-Lehi, UT",1
84628,39340,"Provo-Orem-Lehi, UT",1
84633,39340,"Provo-Orem-Lehi, UT",1
84639,39340,"Provo-Orem-Lehi, UT",1
84645,39340,"Provo-Orem-Lehi, UT",1
84648,39340,"Provo-Orem-Lehi, UT",1
84651,39340,"Provo-Orem-Lehi, UT",1
84653,39340,"Provo-Orem-Lehi, UT",1
84655,39340,"Provo-Orem-Lehi, UT",1
84660,39340,"Provo-Orem-Lehi, UT",1
84663,39340,"Provo-Orem-Lehi, UT",1
84664,39340,"Provo-Orem-Lehi, UT",1
84714,16260,"Cedar City, UT",0
84719,16260,"Cedar City, UT",0
84720,16260,"Cedar City, UT",0
84721,16260,"Cedar City, UT",0
84722,41100,"St. George, UT",1
84725,41100,"St. George, UT",1
84733,41100,"St. George, UT",1
84737,41100,"St. George, UT",1
84738,41100,"St. George, UT",1
84742,16260,"Cedar City, UT",0
84745,41100,"St. George, UT",1
84746,41100,"St. George, UT",1
84753,16260,"Cedar City, UT",0
84756,16260,"Cedar City, UT",0
84757,41100,"St. George, UT",1
84760,16260,"Cedar City, UT",0
84761,16260,"Cedar City, UT",0
84763,41100,"St. George, UT",1
84765,41100,"St. George, UT",1
84767,41100,"St. George, UT",1
84770,41100,"St. George, UT",1
84772,16260,"Cedar City, UT",0
84774,41100,"St. George, UT",1
84779,41100,"St. George, UT",1
84780,41100,"St. George, UT",1
84781,41100,"St. George, UT",1
84782,41100,"St. George, UT",1
84783,41100,"St. George, UT",1
84784,41100,"St. George, UT",1
84790,41100,"St. George, UT",1
85003,38060,"Phoenix-Mesa-Chandler, AZ",1
85004,38060,"Phoenix-Mesa-Chandler, AZ",1
85006,38060,"Phoenix-Mesa-Chandler, AZ",1
85007,38060,"Phoenix-Mesa-Chandler, AZ",1
85008,38060,"Phoenix-Mesa-Chandler, AZ",1
85009,38060,"Phoenix-Mesa-Chandler, AZ",1
85012,38060,"Phoenix-Mesa-Chandler, AZ",1
85013,38060,"Phoenix-Mesa-Chandler, AZ",1
85014,38060,"Phoenix-Mesa-Chandler, AZ",1
85015,38060,"Phoenix-Mesa-Chandler, AZ",1
85016,38060,"Phoenix-Mesa-Chandler, AZ",1
85017,38060,"Phoenix-Mesa-Chandler, AZ",1
85018,38060,"Phoenix-Mesa-Chandler, AZ",1
85019,38060,"Phoenix-Mesa-Chandler, AZ",1
85020,38060,"Phoenix-Mesa-Chandler, AZ",1
85021,38060,"Phoenix-Mesa-Chandler, AZ",1
85022,38060,"Phoenix-Mesa-Chandler, AZ",1
85023,38060,"Phoenix-Mesa-Chandler, AZ",1
85024,38060,"Phoenix-Mesa-Chandler, AZ",1
85026,38060,"Phoenix-Mesa-Chandler, AZ",1
85027,38060,"Phoenix-Mesa-Chandler, AZ",1
85028,38060,"Phoenix-Mesa-Chandler, AZ",1
85029,38060,"Phoenix-Mesa-Chandler, AZ",1
85031,38060,"Phoenix-Mesa-Chandler, AZ",1
85032,38060,"Phoenix-Mesa-Chandler, AZ",1
85033,38060,"Phoenix-Mesa-Chandler, AZ",1
85034,38060,"Phoenix-Mesa-Chandler, AZ",1
85035,38060,"Phoenix-Mesa-Chandler, AZ",1
85037,38060,"Phoenix-Mesa-Chandler, AZ",1
85040,38060,"Phoenix-Mesa-Chandler, AZ",1
85041,38060,"Phoenix-Mesa-Chandler, AZ",1
85042,38060,"Phoenix-Mesa-Chandler, AZ",1
85043,38060,"Phoenix-Mesa-Chandler, AZ",1
85044,38060,"Phoenix-Mesa-Chandler, AZ",1
85045,38060,"Phoenix-Mesa-Chandler, AZ",1
85048,38060,"Phoenix-Mesa-Chandler, AZ",1
85050,38060,"Phoenix-Mesa-Chandler, AZ",1
85051,38060,"Phoenix-Mesa-Chandler, AZ",1
85053,38060,"Phoenix-Mesa-Chandler, AZ",1
85054,38060,"Phoenix-Mesa-Chandler, AZ",1
85083,38060,"Phoenix-Mesa-Chandler, AZ",1
85085,38060,"Phoenix-Mesa-Chandler, AZ",1
85086,38060,"Phoenix-Mesa-Chandler, AZ",1
85087,38060,"Phoenix-Mesa-Chandler, AZ",1
85118,38060,"Phoenix-Mesa-Chandler, AZ",1
85119,38060,"Phoenix-Mesa-Chandler, AZ",1
85120,38060,"Phoenix-Mesa-Chandler, AZ",1
85121,38060,"Phoenix-Mesa-Chandler, AZ",1
85122,38060,"Phoenix-Mesa-Chandler, AZ",1
85123,38060,"Phoenix-Mesa-Chandler, AZ",1
85128,38060,"Phoenix-Mesa-Chandler, AZ",1
85131,38060,"Phoenix-Mesa-Chandler, AZ",1
85132,38060,"Phoenix-Mesa-Chandler, AZ",1
85135,37740,"Payson, AZ",0
85137,38060,"Phoenix-Mesa-Chandler, AZ",1
85138,38060,"Phoenix-Mesa-Chandler, AZ",1
85139,38060,"Phoenix-Mesa-Chandler, AZ",1
85140,38060,"Phoenix-Mesa-Chandler, AZ",1
85141,38060,"Phoenix-Mesa-Chandler, AZ",1
85142,38060,"Phoenix-Mesa-Chandler, AZ",1
85143,38060,"Phoenix-Mesa-Chandler, AZ",1
85145,38060,"Phoenix-Mesa-Chandler, AZ",1
85147,38060,"Phoenix-Mesa-Chandler, AZ",1
85172,38060,"Phoenix-Mesa-Chandler, AZ",1
85173,38060,"Phoenix-Mesa-Chandler, AZ",1
85191,38060,"Phoenix-Mesa-Chandler, AZ",1
85192,38060,"Phoenix-Mesa-Chandler, AZ",1
85193,38060,"Phoenix-Mesa-Chandler, AZ",1
85194,38060,"Phoenix-Mesa-Chandler, AZ",1
85201,38060,"Phoenix-Mesa-Chandler, AZ",1
85202,38060,"Phoenix-Mesa-Chandler, AZ",1
85203,38060,"Phoenix-Mesa-Chandler, AZ",1
85204,38060,"Phoenix-Mesa-Chandler, AZ",1
85205,38060,"Phoenix-Mesa-Chandler, AZ",1
85206,38060,"Phoenix-Mesa-Chandler, AZ",1
85207,38060,"Phoenix-Mesa-Chandler, AZ",1
85208,38060,"Phoenix-Mesa-Chandler, AZ",1
85209,38060,"Phoenix-Mesa-Chandler, AZ",1
85210,38060,"Phoenix-Mesa-Chandler, AZ",1
85212,38060,"Phoenix-Mesa-Chandler, AZ",1
85213,38060,"Phoenix-Mesa-Chandler, AZ",1
85215,38060,"Phoenix-Mesa-Chandler, AZ",1
85224,38060,"Phoenix-Mesa-Chandler, AZ",1
85225,38060,"Phoenix-Mesa-Chandler, AZ",1
85226,38060,"Phoenix-Mesa-Chandler, AZ",1
85233,38060,"Phoenix-Mesa-Chandler, AZ",1
85234,38060,"Phoenix-Mesa-Chandler, AZ",1
85236,38060,"Phoenix-Mesa-Chandler, AZ",1
85248,38060,"Phoenix-Mesa-Chandler, AZ",1
85249,38060,"Phoenix-Mesa-Chandler, AZ",1
85250,38060,"Phoenix-Mesa-Chandler, AZ",1
85251,38060,"Phoenix-Mesa-Chandler, AZ",1
85253,38060,"Phoenix-Mesa-Chandler, AZ",1
85254,38060,"Phoenix-Mesa-Chandler, AZ",1
85255,38060,"Phoenix-Mesa-Chandler, AZ",1
85256,38060,"Phoenix-Mesa-Chandler, AZ",1
85257,38060,"Phoenix-Mesa-Chandler, AZ",1
85258,38060,"Phoenix-Mesa-Chandler, AZ",1
85259,38060,"Phoenix-Mesa-Chandler, AZ",1
85260,38060,"Phoenix-Mesa-Chandler, AZ",1
85262,38060,"Phoenix-Mesa-Chandler, AZ",1
85263,38060,"Phoenix-Mesa-Chandler, AZ",1
85264,38060,"Phoenix-Mesa-Chandler, AZ",1
85266,38060,"Phoenix-Mesa-Chandler, AZ",1
85268,38060,"Phoenix-Mesa-Chandler, AZ",1
85281,38060,"Phoenix-Mesa-Chandler, AZ",1
85282,38060,"Phoenix-Mesa-Chandler, AZ",1
85283,38060,"Phoenix-Mesa-Chandler, AZ",1
85284,38060,"Phoenix-Mesa-Chandler, AZ",1
85286,38060,"Phoenix-Mesa-Chandler, AZ",1
85295,38060,"Phoenix-Mesa-Chandler, AZ",1
85296,38060,"Phoenix-Mesa-Chandler, AZ",1
85297,38060,"Phoenix-Mesa-Chandler, AZ",1
85298,38060,"Phoenix-Mesa-Chandler, AZ",1
85301,38060,"Phoenix-Mesa-Chandler, AZ",1
85302,38060,"Phoenix-Mesa-Chandler, AZ",1
85303,38060,"Phoenix-Mesa-Chandler, AZ",1
85304,38060,"Phoenix-Mesa-Chandler, AZ",1
85305,38060,"Phoenix-Mesa-Chandler, AZ",1
85306,38060,"Phoenix-Mesa-Chandler, AZ",1
85307,38060,"Phoenix-Mesa-Chandler, AZ",1
85308,38060,"Phoenix-Mesa-Chandler, AZ",1
85309,38060,"Phoenix-Mesa-Chandler, AZ",1
85310,38060,"Phoenix-Mesa-Chandler, AZ",1
85320,38060,"Phoenix-Mesa-Chandler, AZ",1
85321,46060,"Tucson, AZ",1
85322,38060,"Phoenix-Mesa-Chandler, AZ",1
85323,38060,"Phoenix-Mesa-Chandler, AZ",1
85324,39150,"Prescott Valley-Prescott, AZ",1
85326,38060,"Phoenix-Mesa-Chandler, AZ",1
85329,38060,"Phoenix-Mesa-Chandler, AZ",1
85331,38060,"Phoenix-Mesa-Chandler, AZ",1
85332,39150,"Prescott Valley-Prescott, AZ",1
85333,38060,"Phoenix-Mesa-Chandler, AZ",1
85335,38060,"Phoenix-Mesa-Chandler, AZ",1
85336,49740,"Yuma, AZ",1
85337,38060,"Phoenix-Mesa-Chandler, AZ",1
85338,38060,"Phoenix-Mesa-Chandler, AZ",1
85339,38060,"Phoenix-Mesa-Chandler, AZ",1
85340,38060,"Phoenix-Mesa-Chandler, AZ",1
85341,46060,"Tucson, AZ",1
85342,39150,"Prescott Valley-Prescott, AZ",1
85343,38060,"Phoenix-Mesa-Chandler, AZ",1
85345,38060,"Phoenix-Mesa-Chandler, AZ",1
85347,49740,"Yuma, AZ",1
85349,49740,"Yuma, AZ",1
85350,49740,"Yuma, AZ",1
85351,38060,"Phoenix-Mesa-Chandler, AZ",1
85352,49740,"Yuma, AZ",1
85353,38060,"Phoenix-Mesa-Chandler, AZ",1
85354,38060,"Phoenix-Mesa-Chandler, AZ",1
85355,38060,"Phoenix-Mesa-Chandler, AZ",1
85356,49740,"Yuma, AZ",1
85360,29420,"Lake Havasu City-Kingman, AZ",1
85361,38060,"Phoenix-Mesa-Chandler, AZ",1
85362,39150,"Prescott Valley-Prescott, AZ",1
85363,38060,"Phoenix-Mesa-Chandler, AZ",1
85364,49740,"Yuma, AZ",1
85365,49740,"Yuma, AZ",1
85367,49740,"Yuma, AZ",1
85373,38060,"Phoenix-Mesa-Chandler, AZ",1
85374,38060,"Phoenix-Mesa-Chandler, AZ",1
85375,38060,"Phoenix-Mesa-Chandler, AZ",1
85377,38060,"Phoenix-Mesa-Chandler, AZ",1
85378,38060,"Phoenix-Mesa-Chandler, AZ",1
85379,38060,"Phoenix-Mesa-Chandler, AZ",1
85381,38060,"Phoenix-Mesa-Chandler, AZ",1
85382,38060,"Phoenix-Mesa-Chandler, AZ",1
85383,38060,"Phoenix-Mesa-Chandler, AZ",1
85387,38060,"Phoenix-Mesa-Chandler, AZ",1
85388,38060,"Phoenix-Mesa-Chandler, AZ",1
85390,38060,"Phoenix-Mesa-Chandler, AZ",1
85392,38060,"Phoenix-Mesa-Chandler, AZ",1
85395,38060,"Phoenix-Mesa-Chandler, AZ",1
85396,38060,"Phoenix-Mesa-Chandler, AZ",1
85501,37740,"Payson, AZ",0
85530,40940,"Safford, AZ",0
85531,40940,"Safford, AZ",0
85532,37740,"Payson, AZ",0
85535,40940,"Safford, AZ",0
85536,40940,"Safford, AZ",0
85539,37740,"Payson, AZ",0
85541,37740,"Payson, AZ",0
85542,40940,"Safford, AZ",0
85543,40940,"Safford, AZ",0
85544,37740,"Payson, AZ",0
85545,38060,"Phoenix-Mesa-Chandler, AZ",1
85546,40940,"Safford, AZ",0
85550,37740,"Payson, AZ",0
85551,40940,"Safford, AZ",0
85552,40940,"Safford, AZ",0
85553,37740,"Payson, AZ",0
85554,37740,"Payson, AZ",0
85601,46060,"Tucson, AZ",1
85602,43420,"Sierra Vista-Douglas, AZ",1
85603,43420,"Sierra Vista-Douglas, AZ",1
85605,43420,"Sierra Vista-Douglas, AZ",1
85606,43420,"Sierra Vista-Douglas, AZ",1
85607,43420,"Sierra Vista-Douglas, AZ",1
85608,43420,"Sierra Vista-Douglas, AZ",1
85609,43420,"Sierra Vista-Douglas, AZ",1
85610,43420,"Sierra Vista-Douglas, AZ",1
85611,35700,"Nogales, AZ",0
85613,43420,"Sierra Vista-Douglas, AZ",1
85614,46060,"Tucson, AZ",1
85615,43420,"Sierra Vista-Douglas, AZ",1
85616,43420,"Sierra Vista-Douglas, AZ",1
85617,43420,"Sierra Vista-Douglas, AZ",1
85618,38060,"Phoenix-Mesa-Chandler, AZ",1
85619,46060,"Tucson, AZ",1
85620,43420,"Sierra Vista-Douglas, AZ",1
85621,35700,"Nogales, AZ",0
85622,46060,"Tucson, AZ",1
85623,38060,"Phoenix-Mesa-Chandler, AZ",1
85624,35700,"Nogales, AZ",0
85625,43420,"Sierra Vista-Douglas, AZ",1
85626,43420,"Sierra Vista-Douglas, AZ",1
85627,43420,"Sierra Vista-Douglas, AZ",1
85629,46060,"Tucson, AZ",1
85630,43420,"Sierra Vista-Douglas, AZ",1
85631,38060,"Phoenix-Mesa-Chandler, AZ",1
85632,43420,"Sierra Vista-Douglas, AZ",1
85633,46060,"Tucson, AZ",1
85634,46060,"Tucson, AZ",1
85635,43420,"Sierra Vista-Douglas, AZ",1
85637,35700,"Nogales, AZ",0
85638,43420,"Sierra Vista-Douglas, AZ",1
85639,46060,"Tucson, AZ",1
85640,35700,"Nogales, AZ",0
85641,46060,"Tucson, AZ",1
85643,40940,"Safford, AZ",0
85645,46060,"Tucson, AZ",1
85646,35700,"Nogales, AZ",0
85648,35700,"Nogales, AZ",0
85650,43420,"Sierra Vista-Douglas, AZ",1
85653,46060,"Tucson, AZ",1
85654,46060,"Tucson, AZ",1
85658,38060,"Phoenix-Mesa-Chandler, AZ",1
85701,46060,"Tucson, AZ",1
85704,46060,"Tucson, AZ",1
85705,46060,"Tucson, AZ",1
85706,46060,"Tucson, AZ",1
85707,46060,"Tucson, AZ",1
85708,46060,"Tucson, AZ",1
85709,46060,"Tucson, AZ",1
85710,46060,"Tucson, AZ",1
85711,46060,"Tucson, AZ",1
85712,46060,"Tucson, AZ",1
85713,46060,"Tucson, AZ",1
85714,46060,"Tucson, AZ",1
85715,46060,"Tucson, AZ",1
85716,46060,"Tucson, AZ",1
85718,46060,"Tucson, AZ",1
85719,46060,"Tucson, AZ",1
85721,46060,"Tucson, AZ",1
85723,46060,"Tucson, AZ",1
85724,46060,"Tucson, AZ",1
85726,46060,"Tucson, AZ",1
85730,46060,"Tucson, AZ",1
85734,46060,"Tucson, AZ",1
85735,46060,"Tucson, AZ",1
85736,46060,"Tucson, AZ",1
85737,46060,"Tucson, AZ",1
85739,38060,"Phoenix-Mesa-Chandler, AZ",1
85741,46060,"Tucson, AZ",1
85742,46060,"Tucson, AZ",1
85743,46060,"Tucson, AZ",1
85745,46060,"Tucson, AZ",1
85746,46060,"Tucson, AZ",1
85747,46060,"Tucson, AZ",1
85748,46060,"Tucson, AZ",1
85749,46060,"Tucson, AZ",1
85750,46060,"Tucson, AZ",1
85755,46060,"Tucson, AZ",1
85756,46060,"Tucson, AZ",1
85757,46060,"Tucson, AZ",1
85901,43320,"Show Low, AZ",0
85902,43320,"Show Low, AZ",0
85911,43320,"Show Low, AZ",0
85912,43320,"Show Low, AZ",0
85923,43320,"Show Low, AZ",0
85926,43320,"Show Low, AZ",0
85928,43320,"Show Low, AZ",0
85929,43320,"Show Low, AZ",0
85931,22380,"Flagstaff, AZ",1
85933,43320,"Show Low, AZ",0
85934,43320,"Show Low, AZ",0
85935,43320,"Show Low, AZ",0
85937,43320,"Show Low, AZ",0
85939,43320,"Show Low, AZ",0
85941,37740,"Payson, AZ",0
85942,43320,"Show Low, AZ",0
86001,22380,"Flagstaff, AZ",1
86003,22380,"Flagstaff, AZ",1
86004,22380,"Flagstaff, AZ",1
86005,22380,"Flagstaff, AZ",1
86011,22380,"Flagstaff, AZ",1
86015,22380,"Flagstaff, AZ",1
86016,22380,"Flagstaff, AZ",1
86017,22380,"Flagstaff, AZ",1
86018,22380,"Flagstaff, AZ",1
86020,22380,"Flagstaff, AZ",1
86021,29420,"Lake Havasu City-Kingman, AZ",1
86022,22380,"Flagstaff, AZ",1
86023,22380,"Flagstaff, AZ",1
86024,22380,"Flagstaff, AZ",1
86025,43320,"Show Low, AZ",0
86029,43320,"Show Low, AZ",0
86030,22380,"Flagstaff, AZ",1
86031,43320,"Show Low, AZ",0
86032,43320,"Show Low, AZ",0
86033,43320,"Show Low, AZ",0
86034,43320,"Show Low, AZ",0
86035,22380,"Flagstaff, AZ",1
86036,22380,"Flagstaff, AZ",1
86038,22380,"Flagstaff, AZ",1
86039,43320,"Show Low, AZ",0
86040,22380,"Flagstaff, AZ",1
86042,43320,"Show Low, AZ",0
86043,43320,"Show Low, AZ",0
86044,22380,"Flagstaff, AZ",1
86045,22380,"Flagstaff, AZ",1
86046,22380,"Flagstaff, AZ",1
86047,43320,"Show Low, AZ",0
86052,22380,"Flagstaff, AZ",1
86053,22380,"Flagstaff, AZ",1
86054,43320,"Show Low, AZ",0
86301,39150,"Prescott Valley-Prescott, AZ",1
86303,39150,"Prescott Valley-Prescott, AZ",1
86305,39150,"Prescott Valley-Prescott, AZ",1
86313,39150,"Prescott Valley-Prescott, AZ",1
86314,39150,"Prescott Valley-Prescott, AZ",1
86315,39150,"Prescott Valley-Prescott, AZ",1
86320,22380,"Flagstaff, AZ",1
86321,39150,"Prescott Valley-Prescott, AZ",1
86322,39150,"Prescott Valley-Prescott, AZ",1
86323,39150,"Prescott Valley-Prescott, AZ",1
86324,39150,"Prescott Valley-Prescott, AZ",1
86325,39150,"Prescott Valley-Prescott, AZ",1
86326,39150,"Prescott Valley-Prescott, AZ",1
86327,39150,"Prescott Valley-Prescott, AZ",1
86329,39150,"Prescott Valley-Prescott, AZ",1
86331,39150,"Prescott Valley-Prescott, AZ",1
86332,39150,"Prescott Valley-Prescott, AZ",1
86333,39150,"Prescott Valley-Prescott, AZ",1
86334,39150,"Prescott Valley-Prescott, AZ",1
86335,39150,"Prescott Valley-Prescott, AZ",1
86336,39150,"Prescott Valley-Prescott, AZ",1
86337,39150,"Prescott Valley-Prescott, AZ",1
86338,39150,"Prescott Valley-Prescott, AZ",1
86343,39150,"Prescott Valley-Prescott, AZ",1
86351,39150,"Prescott Valley-Prescott, AZ",1
86401,29420,"Lake Havasu City-Kingman, AZ",1
86403,29420,"Lake Havasu City-Kingman, AZ",1
86404,29420,"Lake Havasu City-Kingman, AZ",1
86406,29420,"Lake Havasu City-Kingman, AZ",1
86409,29420,"Lake Havasu City-Kingman, AZ",1
86411,29420,"Lake Havasu City-Kingman, AZ",1
86413,29420,"Lake Havasu City-Kingman, AZ",1
86426,29420,"Lake Havasu City-Kingman, AZ",1
86429,29420,"Lake Havasu City-Kingman, AZ",1
86431,29420,"Lake Havasu City-Kingman, AZ",1
86432,29420,"Lake Havasu City-Kingman, AZ",1
86433,29420,"Lake Havasu City-Kingman, AZ",1
86434,29420,"Lake Havasu City-Kingman, AZ",1
86435,22380,"Flagstaff, AZ",1
86436,29420,"Lake Havasu City-Kingman, AZ",1
86437,29420,"Lake Havasu City-Kingman, AZ",1
86438,29420,"Lake Havasu City-Kingman, AZ",1
86440,29420,"Lake Havasu City-Kingman, AZ",1
86441,29420,"Lake Havasu City-Kingman, AZ",1
86442,29420,"Lake Havasu City-Kingman, AZ",1
86443,29420,"Lake Havasu City-Kingman, AZ",1
86444,29420,"Lake Havasu City-Kingman, AZ",1
86445,29420,"Lake Havasu City-Kingman, AZ",1
86510,43320,"Show Low, AZ",0
86515,23700,"Gallup, NM",0
87001,10740,"Albuquerque, NM",1
87002,10740,"Albuquerque, NM",1
87004,10740,"Albuquerque, NM",1
87008,10740,"Albuquerque, NM",1
87010,42140,"Santa Fe, NM",1
87012,21580,"Española, NM",0
87013,10740,"Albuquerque, NM",1
87015,42140,"Santa Fe, NM",1
87016,10740,"Albuquerque, NM",1
87017,21580,"Española, NM",0
87018,10740,"Albuquerque, NM",1
87022,10740,"Albuquerque, NM",1
87023,10740,"Albuquerque, NM",1
87024,10740,"Albuquerque, NM",1
87025,10740,"Albuquerque, NM",1
87027,10740,"Albuquerque, NM",1
87029,21580,"Española, NM",0
87031,10740,"Albuquerque, NM",1
87032,10740,"Albuquerque, NM",1
87035,10740,"Albuquerque, NM",1
87036,10740,"Albuquerque, NM",1
87037,22140,"Farmington, NM",1
87041,10740,"Albuquerque, NM",1
87042,10740,"Albuquerque, NM",1
87043,10740,"Albuquerque, NM",1
87044,10740,"Albuquerque, NM",1
87045,23700,"Gallup, NM",0
87046,21580,"Española, NM",0
87047,10740,"Albuquerque, NM",1
87048,10740,"Albuquerque, NM",1
87052,10740,"Albuquerque, NM",1
87053,10740,"Albuquerque, NM",1
87056,42140,"Santa Fe, NM",1
87059,10740,"Albuquerque, NM",1
87060,10740,"Albuquerque, NM",1
87061,10740,"Albuquerque, NM",1
87063,10740,"Albuquerque, NM",1
87064,21580,"Española, NM",0
87068,10740,"Albuquerque, NM",1
87070,10740,"Albuquerque, NM",1
87072,10740,"Albuquerque, NM",1
87083,10740,"Albuquerque, NM",1
87101,10740,"Albuquerque, NM",1
87102,10740,"Albuquerque, NM",1
87104,10740,"Albuquerque, NM",1
87105,10740,"Albuquerque, NM",1
87106,10740,"Albuquerque, NM",1
87107,10740,"Albuquerque, NM",1
87108,10740,"Albuquerque, NM",1
87109,10740,"Albuquerque, NM",1
87110,10740,"Albuquerque, NM",1
87111,10740,"Albuquerque, NM",1
87112,10740,"Albuquerque, NM",1
87113,10740,"Albuquerque, NM",1
87114,10740,"Albuquerque, NM",1
87116,10740,"Albuquerque, NM",1
87117,10740,"Albuquerque, NM",1
87120,10740,"Albuquerque, NM",1
87121,10740,"Albuquerque, NM",1
87122,10740,"Albuquerque, NM",1
87123,10740,"Albuquerque, NM",1
87124,10740,"Albuquerque, NM",1
87144,10740,"Albuquerque, NM",1
87151,10740,"Albuquerque, NM",1
87301,23700,"Gallup, NM",0
87305,23700,"Gallup, NM",0
87310,23700,"Gallup, NM",0
87311,23700,"Gallup, NM",0
87312,23700,"Gallup, NM",0
87313,23700,"Gallup, NM",0
87316,23700,"Gallup, NM",0
87317,23700,"Gallup, NM",0
87319,23700,"Gallup, NM",0
87320,23700,"Gallup, NM",0
87322,23700,"Gallup, NM",0
87323,23700,"Gallup, NM",0
87325,23700,"Gallup, NM",0
87326,23700,"Gallup, NM",0
87327,23700,"Gallup, NM",0
87347,23700,"Gallup, NM",0
87364,22140,"Farmington, NM",1
87365,23700,"Gallup, NM",0
87375,23700,"Gallup, NM",0
87401,22140,"Farmington, NM",1
87402,22140,"Farmington, NM",1
87410,22140,"Farmington, NM",1
87412,21580,"Española, NM",0
87413,22140,"Farmington, NM",1
87415,22140,"Farmington, NM",1
87416,22140,"Farmington, NM",1
87417,22140,"Farmington, NM",1
87418,22140,"Farmington, NM",1
87419,22140,"Farmington, NM",1
87420,22140,"Farmington, NM",1
87421,22140,"Farmington, NM",1
87455,22140,"Farmington, NM",1
87461,22140,"Farmington, NM",1
87499,22140,"Farmington, NM",1
87501,42140,"Santa Fe, NM",1
87505,42140,"Santa Fe, NM",1
87506,42140,"Santa Fe, NM",1
87507,42140,"Santa Fe, NM",1
87508,42140,"Santa Fe, NM",1
87510,21580,"Española, NM",0
87511,21580,"Española, NM",0
87512,45340,"Taos, NM",0
87513,45340,"Taos, NM",0
87514,45340,"Taos, NM",0
87515,21580,"Española, NM",0
87516,21580,"Española, NM",0
87517,45340,"Taos, NM",0
87518,21580,"Española, NM",0
87519,45340,"Taos, NM",0
87520,21580,"Española, NM",0
87521,21580,"Española, NM",0
87522,42140,"Santa Fe, NM",1
87523,21580,"Española, NM",0
87524,45340,"Taos, NM",0
87525,45340,"Taos, NM",0
87527,21580,"Española, NM",0
87528,21580,"Española, NM",0
87529,45340,"Taos, NM",0
87530,21580,"Española, NM",0
87531,45340,"Taos, NM",0
87532,21580,"Española, NM",0
87535,42140,"Santa Fe, NM",1
87537,21580,"Española, NM",0
87538,29780,"Las Vegas, NM",0
87539,21580,"Española, NM",0
87540,42140,"Santa Fe, NM",1
87543,45340,"Taos, NM",0
87544,10740,"Albuquerque, NM",1
87547,31060,"Los Alamos, NM",0
87548,21580,"Española, NM",0
87549,21580,"Española, NM",0
87551,21580,"Española, NM",0
87552,29780,"Las Vegas, NM",0
87553,45340,"Taos, NM",0
87554,21580,"Española, NM",0
87556,45340,"Taos, NM",0
87557,45340,"Taos, NM",0
87558,45340,"Taos, NM",0
87560,29780,"Las Vegas, NM",0
87562,29780,"Las Vegas, NM",0
87564,45340,"Taos, NM",0
87565,29780,"Las Vegas, NM",0
87566,21580,"Española, NM",0
87567,42140,"Santa Fe, NM",1
87569,29780,"Las Vegas, NM",0
87571,45340,"Taos, NM",0
87573,29780,"Las Vegas, NM",0
87575,21580,"Española, NM",0
87577,21580,"Española, NM",0
87578,21580,"Española, NM",0
87579,45340,"Taos, NM",0
87580,45340,"Taos, NM",0
87581,21580,"Española, NM",0
87582,21580,"Española, NM",0
87583,29780,"Las Vegas, NM",0
87701,29780,"Las Vegas, NM",0
87711,29780,"Las Vegas, NM",0
87712,29780,"Las Vegas, NM",0
87713,29780,"Las Vegas, NM",0
87715,29780,"Las Vegas, NM",0
87722,29780,"Las Vegas, NM",0
87723,29780,"Las Vegas, NM",0
87731,29780,"Las Vegas, NM",0
87732,29780,"Las Vegas, NM",0
87734,29780,"Las Vegas, NM",0
87735,29780,"Las Vegas, NM",0
87736,29780,"Las Vegas, NM",0
87742,29780,"Las Vegas, NM",0
87745,29780,"Las Vegas, NM",0
87746,29780,"Las Vegas, NM",0
87750,29780,"Las Vegas, NM",0
87752,29780,"Las Vegas, NM",0
87753,29780,"Las Vegas, NM",0
87936,29740,"Las Cruces, NM",1
87937,29740,"Las Cruces, NM",1
87940,29740,"Las Cruces, NM",1
87941,29740,"Las Cruces, NM",1
88001,29740,"Las Cruces, NM",1
88002,29740,"Las Cruces, NM",1
88003,29740,"Las Cruces, NM",1
88004,29740,"Las Cruces, NM",1
88005,29740,"Las Cruces, NM",1
88007,29740,"Las Cruces, NM",1
88008,29740,"Las Cruces, NM",1
88011,29740,"Las Cruces, NM",1
88012,29740,"Las Cruces, NM",1
88021,29740,"Las Cruces, NM",1
88022,43500,"Silver City, NM",0
88023,43500,"Silver City, NM",0
88024,29740,"Las Cruces, NM",1
88025,43500,"Silver City, NM",0
88026,43500,"Silver City, NM",0
88027,29740,"Las Cruces, NM",1
88028,43500,"Silver City, NM",0
88029,19700,"Deming, NM",0
88030,19700,"Deming, NM",0
88034,43500,"Silver City, NM",0
88038,43500,"Silver City, NM",0
88041,43500,"Silver City, NM",0
88043,43500,"Silver City, NM",0
88044,29740,"Las Cruces, NM",1
88046,29740,"Las Cruces, NM",1
88047,29740,"Las Cruces, NM",1
88048,29740,"Las Cruces, NM",1
88049,43500,"Silver City, NM",0
88051,43500,"Silver City, NM",0
88052,29740,"Las Cruces, NM",1
88053,43500,"Silver City, NM",0
88055,43500,"Silver City, NM",0
88061,43500,"Silver City, NM",0
88063,29740,"Las Cruces, NM",1
88065,43500,"Silver City, NM",0
88072,29740,"Las Cruces, NM",1
88081,10460,"Alamogordo, NM",0
88101,17580,"Clovis, NM",0
88103,17580,"Clovis, NM",0
88112,17580,"Clovis, NM",0
88113,17580,"Clovis, NM",0
88114,26020,"Hobbs, NM",0
88115,17580,"Clovis, NM",0
88116,17580,"Clovis, NM",0
88118,17580,"Clovis, NM",0
88124,17580,"Clovis, NM",0
88125,17580,"Clovis, NM",0
88126,17580,"Clovis, NM",0
88130,17580,"Clovis, NM",0
88132,17580,"Clovis, NM",0
88135,17580,"Clovis, NM",0
88201,40740,"Roswell, NM",0
88203,40740,"Roswell, NM",0
88210,16100,"Carlsbad-Artesia, NM",0
88220,16100,"Carlsbad-Artesia, NM",0
88230,40740,"Roswell, NM",0
88231,26020,"Hobbs, NM",0
88232,40740,"Roswell, NM",0
88240,26020,"Hobbs, NM",0
88242,26020,"Hobbs, NM",0
88244,26020,"Hobbs, NM",0
88250,40740,"Roswell, NM",0
88252,26020,"Hobbs, NM",0
88253,40740,"Roswell, NM",0
88254,16100,"Carlsbad-Artesia, NM",0
88255,16100,"Carlsbad-Artesia, NM",0
88256,16100,"Carlsbad-Artesia, NM",0
88260,26020,"Hobbs, NM",0
88262,26020,"Hobbs, NM",0
88263,16100,"Carlsbad-Artesia, NM",0
88264,26020,"Hobbs, NM",0
88265,26020,"Hobbs, NM",0
88267,26020,"Hobbs, NM",0
88268,16100,"Carlsbad-Artesia, NM",0
88301,40760,"Ruidoso, NM",0
88310,10460,"Alamogordo, NM",0
88311,10460,"Alamogordo, NM",0
88312,40760,"Ruidoso, NM",0
88314,10460,"Alamogordo, NM",0
88316,40760,"Ruidoso, NM",0
88317,10460,"Alamogordo, NM",0
88318,40760,"Ruidoso, NM",0
88321,10740,"Albuquerque, NM",1
88323,40760,"Ruidoso, NM",0
88324,40760,"Ruidoso, NM",0
88325,10460,"Alamogordo, NM",0
88330,10460,"Alamogordo, NM",0
88336,40760,"Ruidoso, NM",0
88337,10460,"Alamogordo, NM",0
88338,40760,"Ruidoso, NM",0
88339,40740,"Roswell, NM",0
88340,10460,"Alamogordo, NM",0
88341,40760,"Ruidoso, NM",0
88342,10460,"Alamogordo, NM",0
88343,40760,"Ruidoso, NM",0
88344,10460,"Alamogordo, NM",0
88345,40760,"Ruidoso, NM",0
88346,40760,"Ruidoso, NM",0
88347,10460,"Alamogordo, NM",0
88348,40760,"Ruidoso, NM",0
88349,10460,"Alamogordo, NM",0
88350,10460,"Alamogordo, NM",0
88351,40760,"Ruidoso, NM",0
88352,10460,"Alamogordo, NM",0
88354,10460,"Alamogordo, NM",0
88355,40760,"Ruidoso, NM",0
88416,29780,"Las Vegas, NM",0
88421,29780,"Las Vegas, NM",0
88439,29780,"Las Vegas, NM",0
89002,29820,"Las Vegas-Henderson-North Las Vegas, NV",1
89003,37220,"Pahrump, NV",0
89004,29820,"Las Vegas-Henderson-North Las Vegas, NV",1
89005,29820,"Las Vegas-Henderson-North Las Vegas, NV",1
89007,29820,"Las Vegas-Henderson-North Las Vegas, NV",1
89011,29820,"Las Vegas-Henderson-North Las Vegas, NV",1
89012,29820,"Las Vegas-Henderson-North Las Vegas, NV",1
89014,29820,"Las Vegas-Henderson-North Las Vegas, NV",1
89015,29820,"Las Vegas-Henderson-North Las Vegas, NV",1
89018,29820,"Las Vegas-Henderson-North Las Vegas, NV",1
89019,29820,"Las Vegas-Henderson-North Las Vegas, NV",1
89020,37220,"Pahrump, NV",0
89021,29820,"Las Vegas-Henderson-North Las Vegas, NV",1
89022,37220,"Pahrump, NV",0
89025,29820,"Las Vegas-Henderson-North Las Vegas, NV",1
89026,29820,"Las Vegas-Henderson-North Las Vegas, NV",1
89027,29820,"Las Vegas-Henderson-North Las Vegas, NV",1
89029,29820,"Las Vegas-Henderson-North Las Vegas, NV",1
89030,29820,"Las Vegas-Henderson-North Las Vegas, NV",1
89031,29820,"Las Vegas-Henderson-North Las Vegas, NV",1
89032,29820,"Las Vegas-Henderson-North Las Vegas, NV",1
89034,29820,"Las Vegas-Henderson-North Las Vegas, NV",1
89039,29820,"Las Vegas-Henderson-North Las Vegas, NV",1
89040,29820,"Las Vegas-Henderson-North Las Vegas, NV",1
89044,29820,"Las Vegas-Henderson-North Las Vegas, NV",1
89045,37220,"Pahrump, NV",0
89046,29820,"Las Vegas-Henderson-North Las Vegas, NV",1
89048,37220,"Pahrump, NV",0
89049,37220,"Pahrump, NV",0
89052,29820,"Las Vegas-Henderson-North Las Vegas, NV",1
89054,29820,"Las Vegas-Henderson-North Las Vegas, NV",1
89060,37220,"Pahrump, NV",0
89061,37220,"Pahrump, NV",0
89070,29820,"Las Vegas-Henderson-North Las Vegas, NV",1
89074,29820,"Las Vegas-Henderson-North Las Vegas, NV",1
89081,29820,"Las Vegas-Henderson-North Las Vegas, NV",1
89084,29820,"Las Vegas-Henderson-North Las Vegas, NV",1
89085,29820,"Las Vegas-Henderson-North Las Vegas, NV",1
89086,29820,"Las Vegas-Henderson-North Las Vegas, NV",1
89101,29820,"Las Vegas-Henderson-North Las Vegas, NV",1
89102,29820,"Las Vegas-Henderson-North Las Vegas, NV",1
89103,29820,"Las Vegas-Henderson-North Las Vegas, NV",1
89104,29820,"Las Vegas-Henderson-North Las Vegas, NV",1
89106,29820,"Las Vegas-Henderson-North Las Vegas, NV",1
89107,29820,"Las Vegas-Henderson-North Las Vegas, NV",1
89108,29820,"Las Vegas-Henderson-North Las Vegas, NV",1
89109,29820,"Las Vegas-Henderson-North Las Vegas, NV",1
89110,29820,"Las Vegas-Henderson-North Las Vegas, NV",1
89113,29820,"Las Vegas-Henderson-North Las Vegas, NV",1
89115,29820,"Las Vegas-Henderson-North Las Vegas, NV",1
89117,29820,"Las Vegas-Henderson-North Las Vegas, NV",1
89118,29820,"Las Vegas-Henderson-North Las Vegas, NV",1
89119,29820,"Las Vegas-Henderson-North Las Vegas, NV",1
89120,29820,"Las Vegas-Henderson-North Las Vegas, NV",1
89121,29820,"Las Vegas-Henderson-North Las Vegas, NV",1
89122,29820,"Las Vegas-Henderson-North Las Vegas, NV",1
89123,29820,"Las Vegas-Henderson-North Las Vegas, NV",1
89124,29820,"Las Vegas-Henderson-North Las Vegas, NV",1
89128,29820,"Las Vegas-Henderson-North Las Vegas, NV",1
89129,29820,"Las Vegas-Henderson-North Las Vegas, NV",1
89130,29820,"Las Vegas-Henderson-North Las Vegas, NV",1
89131,29820,"Las Vegas-Henderson-North Las Vegas, NV",1
89134,29820,"Las Vegas-Henderson-North Las Vegas, NV",1
89135,29820,"Las Vegas-Henderson-North Las Vegas, NV",1
89138,29820,"Las Vegas-Henderson-North Las Vegas, NV",1
89139,29820,"Las Vegas-Henderson-North Las Vegas, NV",1
89141,29820,"Las Vegas-Henderson-North Las Vegas, NV",1
89142,29820,"Las Vegas-Henderson-North Las Vegas, NV",1
89143,29820,"Las Vegas-Henderson-North Las Vegas, NV",1
89144,29820,"Las Vegas-Henderson-North Las Vegas, NV",1
89145,29820,"Las Vegas-Henderson-North Las Vegas, NV",1
89146,29820,"Las Vegas-Henderson-North Las Vegas, NV",1
89147,29820,"Las Vegas-Henderson-North Las Vegas, NV",1
89148,29820,"Las Vegas-Henderson-North Las Vegas, NV",1
89149,29820,"Las Vegas-Henderson-North Las Vegas, NV",1
89156,29820,"Las Vegas-Henderson-North Las Vegas, NV",1
89158,29820,"Las Vegas-Henderson-North Las Vegas, NV",1
89161,29820,"Las Vegas-Henderson-North Las Vegas, NV",1
89166,29820,"Las Vegas-Henderson-North Las Vegas, NV",1
89169,29820,"Las Vegas-Henderson-North Las Vegas, NV",1
89178,29820,"Las Vegas-Henderson-North Las Vegas, NV",1
89179,29820,"Las Vegas-Henderson-North Las Vegas, NV",1
89183,29820,"Las Vegas-Henderson-North Las Vegas, NV",1
89191,29820,"Las Vegas-Henderson-North Las Vegas, NV",1
89314,37220,"Pahrump, NV",0
89316,21220,"Elko, NV",0
89402,39900,"Reno, NV",1
89403,39900,"Reno, NV",1
89404,49080,"Winnemucca, NV",0
89405,39900,"Reno, NV",1
89406,21980,"Fallon, NV",0
89408,21980,"Fallon, NV",0
89409,37220,"Pahrump, NV",0
89410,23820,"Gardnerville Ranchos, NV-CA",0
89411,23820,"Gardnerville Ranchos, NV-CA",0
89412,39900,"Reno, NV",1
89413,23820,"Gardnerville Ranchos, NV-CA",0
89414,49080,"Winnemucca, NV",0
89421,36620,"Ontario, OR-ID",0
89423,23820,"Gardnerville Ranchos, NV-CA",0
89424,39900,"Reno, NV",1
89425,49080,"Winnemucca, NV",0
89426,49080,"Winnemucca, NV",0
89428,39900,"Reno, NV",1
89429,39900,"Reno, NV",1
89430,39900,"Reno, NV",1
89431,39900,"Reno, NV",1
89433,39900,"Reno, NV",1
89434,39900,"Reno, NV",1
89436,39900,"Reno, NV",1
89437,39900,"Reno, NV",1
89438,49080,"Winnemucca, NV",0
89439,39900,"Reno, NV",1
89440,39900,"Reno, NV",1
89441,39900,"Reno, NV",1
89442,39900,"Reno, NV",1
89444,39900,"Reno, NV",1
89445,49080,"Winnemucca, NV",0
89446,49080,"Winnemucca, NV",0
89447,39900,"Reno, NV",1
89448,23820,"Gardnerville Ranchos, NV-CA",0
89449,23820,"Gardnerville Ranchos, NV-CA",0
89450,39900,"Reno, NV",1
89451,39900,"Reno, NV",1
89460,23820,"Gardnerville Ranchos, NV-CA",0
89496,21980,"Fallon, NV",0
89501,39900,"Reno, NV",1
89502,39900,"Reno, NV",1
89503,39900,"Reno, NV",1
89506,39900,"Reno, NV",1
89508,39900,"Reno, NV",1
89509,39900,"Reno, NV",1
89510,39900,"Reno, NV",1
89511,39900,"Reno, NV",1
89512,39900,"Reno, NV",1
89519,39900,"Reno, NV",1
89521,39900,"Reno, NV",1
89523,39900,"Reno, NV",1
89557,39900,"Reno, NV",1
89701,16180,"Carson City, NV",1
89703,16180,"Carson City, NV",1
89704,39900,"Reno, NV",1
89705,23820,"Gardnerville Ranchos, NV-CA",0
89706,16180,"Carson City, NV",1
89801,21220,"Elko, NV",0
89815,21220,"Elko, NV",0
89821,21220,"Elko, NV",0
89822,21220,"Elko, NV",0
89823,21220,"Elko, NV",0
89825,21220,"Elko, NV",0
89826,21220,"Elko, NV",0
89828,21220,"Elko, NV",0
89830,21220,"Elko, NV",0
89831,21220,"Elko, NV",0
89832,21220,"Elko, NV",0
89833,21220,"Elko, NV",0
89834,21220,"Elko, NV",0
89835,21220,"Elko, NV",0
89883,21220,"Elko, NV",0
90001,31080,"Los Angeles-Long Beach-Anaheim, CA",1
90002,31080,"Los Angeles-Long Beach-Anaheim, CA",1
90003,31080,"Los Angeles-Long Beach-Anaheim, CA",1
90004,31080,"Los Angeles-Long Beach-Anaheim, CA",1
90005,31080,"Los Angeles-Long Beach-Anaheim, CA",1
90006,31080,"Los Angeles-Long Beach-Anaheim, CA",1
90007,31080,"Los Angeles-Long Beach-Anaheim, CA",1
90008,31080,"Los Angeles-Long Beach-Anaheim, CA",1
90010,31080,"Los Angeles-Long Beach-Anaheim, CA",1
90011,31080,"Los Angeles-Long Beach-Anaheim, CA",1
90012,31080,"Los Angeles-Long Beach-Anaheim, CA",1
90013,31080,"Los Angeles-Long Beach-Anaheim, CA",1
90014,31080,"Los Angeles-Long Beach-Anaheim, CA",1
90015,31080,"Los Angeles-Long Beach-Anaheim, CA",1
90016,31080,"Los Angeles-Long Beach-Anaheim, CA",1
90017,31080,"Los Angeles-Long Beach-Anaheim, CA",1
90018,31080,"Los Angeles-Long Beach-Anaheim, CA",1
90019,31080,"Los Angeles-Long Beach-Anaheim, CA",1
90020,31080,"Los Angeles-Long Beach-Anaheim, CA",1
90021,31080,"Los Angeles-Long Beach-Anaheim, CA",1
90022,31080,"Los Angeles-Long Beach-Anaheim, CA",1
90023,31080,"Los Angeles-Long Beach-Anaheim, CA",1
90024,31080,"Los Angeles-Long Beach-Anaheim, CA",1
90025,31080,"Los Angeles-Long Beach-Anaheim, CA",1
90026,31080,"Los Angeles-Long Beach-Anaheim, CA",1
90027,31080,"Los Angeles-Long Beach-Anaheim, CA",1
90028,31080,"Los Angeles-Long Beach-Anaheim, CA",1
90029,31080,"Los Angeles-Long Beach-Anaheim, CA",1
90031,31080,"Los Angeles-Long Beach-Anaheim, CA",1
90032,31080,"Los Angeles-Long Beach-Anaheim, CA",1
90033,31080,"Los Angeles-Long Beach-Anaheim, CA",1
90034,31080,"Los Angeles-Long Beach-Anaheim, CA",1
90035,31080,"Los Angeles-Long Beach-Anaheim, CA",1
90036,31080,"Los Angeles-Long Beach-Anaheim, CA",1
90037,31080,"Los Angeles-Long Beach-Anaheim, CA",1
90038,31080,"Los Angeles-Long Beach-Anaheim, CA",1
90039,31080,"Los Angeles-Long Beach-Anaheim, CA",1
90040,31080,"Los Angeles-Long Beach-Anaheim, CA",1
90041,31080,"Los Angeles-Long Beach-Anaheim, CA",1
90042,31080,"Los Angeles-Long Beach-Anaheim, CA",1
90043,31080,"Los Angeles-Long Beach-Anaheim, CA",1
90044,31080,"Los Angeles-Long Beach-Anaheim, CA",1
90045,31080,"Los Angeles-Long Beach-Anaheim, CA",1
90046,31080,"Los Angeles-Long Beach-Anaheim, CA",1
90047,31080,"Los Angeles-Long Beach-Anaheim, CA",1
90048,31080,"Los Angeles-Long Beach-Anaheim, CA",1
90049,31080,"Los Angeles-Long Beach-Anaheim, CA",1
90052,31080,"Los Angeles-Long Beach-Anaheim, CA",1
90056,31080,"Los Angeles-Long Beach-Anaheim, CA",1
90057,31080,"Los Angeles-Long Beach-Anaheim, CA",1
90058,31080,"Los Angeles-Long Beach-Anaheim, CA",1
90059,31080,"Los Angeles-Long Beach-Anaheim, CA",1
90061,31080,"Los Angeles-Long Beach-Anaheim, CA",1
90062,31080,"Los Angeles-Long Beach-Anaheim, CA",1
90063,31080,"Los Angeles-Long Beach-Anaheim, CA",1
90064,31080,"Los Angeles-Long Beach-Anaheim, CA",1
90065,31080,"Los Angeles-Long Beach-Anaheim, CA",1
90066,31080,"Los Angeles-Long Beach-Anaheim, CA",1
90067,31080,"Los Angeles-Long Beach-Anaheim, CA",1
90068,31080,"Los Angeles-Long Beach-Anaheim, CA",1
90069,31080,"Los Angeles-Long Beach-Anaheim, CA",1
90071,31080,"Los Angeles-Long Beach-Anaheim, CA",1
90073,31080,"Los Angeles-Long Beach-Anaheim, CA",1
90077,31080,"Los Angeles-Long Beach-Anaheim, CA",1
90079,31080,"Los Angeles-Long Beach-Anaheim, CA",1
90089,31080,"Los Angeles-Long Beach-Anaheim, CA",1
90094,31080,"Los Angeles-Long Beach-Anaheim, CA",1
90095,31080,"Los Angeles-Long Beach-Anaheim, CA",1
90201,31080,"Los Angeles-Long Beach-Anaheim, CA",1
90210,31080,"Los Angeles-Long Beach-Anaheim, CA",1
90211,31080,"Los Angeles-Long Beach-Anaheim, CA",1
90212,31080,"Los Angeles-Long Beach-Anaheim, CA",1
90220,31080,"Los Angeles-Long Beach-Anaheim, CA",1
90221,31080,"Los Angeles-Long Beach-Anaheim, CA",1
90222,31080,"Los Angeles-Long Beach-Anaheim, CA",1
90230,31080,"Los Angeles-Long Beach-Anaheim, CA",1
90232,31080,"Los Angeles-Long Beach-Anaheim, CA",1
90240,31080,"Los Angeles-Long Beach-Anaheim, CA",1
90241,31080,"Los Angeles-Long Beach-Anaheim, CA",1
90242,31080,"Los Angeles-Long Beach-Anaheim, CA",1
90245,31080,"Los Angeles-Long Beach-Anaheim, CA",1
90247,31080,"Los Angeles-Long Beach-Anaheim, CA",1
90248,31080,"Los Angeles-Long Beach-Anaheim, CA",1
90249,31080,"Los Angeles-Long Beach-Anaheim, CA",1
90250,31080,"Los Angeles-Long Beach-Anaheim, CA",1
90254,31080,"Los Angeles-Long Beach-Anaheim, CA",1
90255,31080,"Los Angeles-Long Beach-Anaheim, CA",1
90260,31080,"Los Angeles-Long Beach-Anaheim, CA",1
90262,31080,"Los Angeles-Long Beach-Anaheim, CA",1
90263,31080,"Los Angeles-Long Beach-Anaheim, CA",1
90265,31080,"Los Angeles-Long Beach-Anaheim, CA",1
90266,31080,"Los Angeles-Long Beach-Anaheim, CA",1
90270,31080,"Los Angeles-Long Beach-Anaheim, CA",1
90272,31080,"Los Angeles-Long Beach-Anaheim, CA",1
90274,31080,"Los Angeles-Long Beach-Anaheim, CA",1
90275,31080,"Los Angeles-Long Beach-Anaheim, CA",1
90277,31080,"Los Angeles-Long Beach-Anaheim, CA",1
90278,31080,"Los Angeles-Long Beach-Anaheim, CA",1
90280,31080,"Los Angeles-Long Beach-Anaheim, CA",1
90290,31080,"Los Angeles-Long Beach-Anaheim, CA",1
90291,31080,"Los Angeles-Long Beach-Anaheim, CA",1
90292,31080,"Los Angeles-Long Beach-Anaheim, CA",1
90293,31080,"Los Angeles-Long Beach-Anaheim, CA",1
90301,31080,"Los Angeles-Long Beach-Anaheim, CA",1
90302,31080,"Los Angeles-Long Beach-Anaheim, CA",1
90303,31080,"Los Angeles-Long Beach-Anaheim, CA",1
90304,31080,"Los Angeles-Long Beach-Anaheim, CA",1
90305,31080,"Los Angeles-Long Beach-Anaheim, CA",1
90401,31080,"Los Angeles-Long Beach-Anaheim, CA",1
90402,31080,"Los Angeles-Long Beach-Anaheim, CA",1
90403,31080,"Los Angeles-Long Beach-Anaheim, CA",1
90404,31080,"Los Angeles-Long Beach-Anaheim, CA",1
90405,31080,"Los Angeles-Long Beach-Anaheim, CA",1
90501,31080,"Los Angeles-Long Beach-Anaheim, CA",1
90502,31080,"Los Angeles-Long Beach-Anaheim, CA",1
90503,31080,"Los Angeles-Long Beach-Anaheim, CA",1
90504,31080,"Los Angeles-Long Beach-Anaheim, CA",1
90505,31080,"Los Angeles-Long Beach-Anaheim, CA",1
90506,31080,"Los Angeles-Long Beach-Anaheim, CA",1
90601,31080,"Los Angeles-Long Beach-Anaheim, CA",1
90602,31080,"Los Angeles-Long Beach-Anaheim, CA",1
90603,31080,"Los Angeles-Long Beach-Anaheim, CA",1
90604,31080,"Los Angeles-Long Beach-Anaheim, CA",1
90605,31080,"Los Angeles-Long Beach-Anaheim, CA",1
90606,31080,"Los Angeles-Long Beach-Anaheim, CA",1
90620,31080,"Los Angeles-Long Beach-Anaheim, CA",1
90621,31080,"Los Angeles-Long Beach-Anaheim, CA",1
90623,31080,"Los Angeles-Long Beach-Anaheim, CA",1
90630,31080,"Los Angeles-Long Beach-Anaheim, CA",1
90631,31080,"Los Angeles-Long Beach-Anaheim, CA",1
90638,31080,"Los Angeles-Long Beach-Anaheim, CA",1
90639,31080,"Los Angeles-Long Beach-Anaheim, CA",1
90640,31080,"Los Angeles-Long Beach-Anaheim, CA",1
90650,31080,"Los Angeles-Long Beach-Anaheim, CA",1
90660,31080,"Los Angeles-Long Beach-Anaheim, CA",1
90670,31080,"Los Angeles-Long Beach-Anaheim, CA",1
90680,31080,"Los Angeles-Long Beach-Anaheim, CA",1
90701,31080,"Los Angeles-Long Beach-Anaheim, CA",1
90703,31080,"Los Angeles-Long Beach-Anaheim, CA",1
90704,31080,"Los Angeles-Long Beach-Anaheim, CA",1
90706,31080,"Los Angeles-Long Beach-Anaheim, CA",1
90710,31080,"Los Angeles-Long Beach-Anaheim, CA",1
90712,31080,"Los Angeles-Long Beach-Anaheim, CA",1
90713,31080,"Los Angeles-Long Beach-Anaheim, CA",1
90715,31080,"Los Angeles-Long Beach-Anaheim, CA",1
90716,31080,"Los Angeles-Long Beach-Anaheim, CA",1
90717,31080,"Los Angeles-Long Beach-Anaheim, CA",1
90720,31080,"Los Angeles-Long Beach-Anaheim, CA",1
90723,31080,"Los Angeles-Long Beach-Anaheim, CA",1
90731,31080,"Los Angeles-Long Beach-Anaheim, CA",1
90732,31080,"Los Angeles-Long Beach-Anaheim, CA",1
90740,31080,"Los Angeles-Long Beach-Anaheim, CA",1
90742,31080,"Los Angeles-Long Beach-Anaheim, CA",1
90743,31080,"Los Angeles-Long Beach-Anaheim, CA",1
90744,31080,"Los Angeles-Long Beach-Anaheim, CA",1
90745,31080,"Los Angeles-Long Beach-Anaheim, CA",1
90746,31080,"Los Angeles-Long Beach-Anaheim, CA",1
90747,31080,"Los Angeles-Long Beach-Anaheim, CA",1
90755,31080,"Los Angeles-Long Beach-Anaheim, CA",1
90802,31080,"Los Angeles-Long Beach-Anaheim, CA",1
90803,31080,"Los Angeles-Long Beach-Anaheim, CA",1
90804,31080,"Los Angeles-Long Beach-Anaheim, CA",1
90805,31080,"Los Angeles-Long Beach-Anaheim, CA",1
90806,31080,"Los Angeles-Long Beach-Anaheim, CA",1
90807,31080,"Los Angeles-Long Beach-Anaheim, CA",1
90808,31080,"Los Angeles-Long Beach-Anaheim, CA",1
90810,31080,"Los Angeles-Long Beach-Anaheim, CA",1
90813,31080,"Los Angeles-Long Beach-Anaheim, CA",1
90814,31080,"Los Angeles-Long Beach-Anaheim, CA",1
90815,31080,"Los Angeles-Long Beach-Anaheim, CA",1
90822,31080,"Los Angeles-Long Beach-Anaheim, CA",1
90831,31080,"Los Angeles-Long Beach-Anaheim, CA",1
90840,31080,"Los Angeles-Long Beach-Anaheim, CA",1
91001,31080,"Los Angeles-Long Beach-Anaheim, CA",1
91006,31080,"Los Angeles-Long Beach-Anaheim, CA",1
91007,31080,"Los Angeles-Long Beach-Anaheim, CA",1
91008,31080,"Los Angeles-Long Beach-Anaheim, CA",1
91010,31080,"Los Angeles-Long Beach-Anaheim, CA",1
91011,31080,"Los Angeles-Long Beach-Anaheim, CA",1
91016,31080,"Los Angeles-Long Beach-Anaheim, CA",1
91020,31080,"Los Angeles-Long Beach-Anaheim, CA",1
91024,31080,"Los Angeles-Long Beach-Anaheim, CA",1
91030,31080,"Los Angeles-Long Beach-Anaheim, CA",1
91040,31080,"Los Angeles-Long Beach-Anaheim, CA",1
91042,31080,"Los Angeles-Long Beach-Anaheim, CA",1
91046,31080,"Los Angeles-Long Beach-Anaheim, CA",1
91101,31080,"Los Angeles-Long Beach-Anaheim, CA",1
91103,31080,"Los Angeles-Long Beach-Anaheim, CA",1
91104,31080,"Los Angeles-Long Beach-Anaheim, CA",1
91105,31080,"Los Angeles-Long Beach-Anaheim, CA",1
91106,31080,"Los Angeles-Long Beach-Anaheim, CA",1
91107,31080,"Los Angeles-Long Beach-Anaheim, CA",1
91108,31080,"Los Angeles-Long Beach-Anaheim, CA",1
91125,31080,"Los Angeles-Long Beach-Anaheim, CA",1
91201,31080,"Los Angeles-Long Beach-Anaheim, CA",1
91202,31080,"Los Angeles-Long Beach-Anaheim, CA",1
91203,31080,"Los Angeles-Long Beach-Anaheim, CA",1
91204,31080,"Los Angeles-Long Beach-Anaheim, CA",1
91205,31080,"Los Angeles-Long Beach-Anaheim, CA",1
91206,31080,"Los Angeles-Long Beach-Anaheim, CA",1
91207,31080,"Los Angeles-Long Beach-Anaheim, CA",1
91208,31080,"Los Angeles-Long Beach-Anaheim, CA",1
91210,31080,"Los Angeles-Long Beach-Anaheim, CA",1
91214,31080,"Los Angeles-Long Beach-Anaheim, CA",1
91301,31080,"Los Angeles-Long Beach-Anaheim, CA",1
91302,31080,"Los Angeles-Long Beach-Anaheim, CA",1
91303,31080,"Los Angeles-Long Beach-Anaheim, CA",1
91304,31080,"Los Angeles-Long Beach-Anaheim, CA",1
91306,31080,"Los Angeles-Long Beach-Anaheim, CA",1
91307,31080,"Los Angeles-Long Beach-Anaheim, CA",1
91311,31080,"Los Angeles-Long Beach-Anaheim, CA",1
91316,31080,"Los Angeles-Long Beach-Anaheim, CA",1
91320,37100,"Oxnard-Thousand Oaks-Ventura, CA",1
91321,31080,"Los Angeles-Long Beach-Anaheim, CA",1
91324,31080,"Los Angeles-Long Beach-Anaheim, CA",1
91325,31080,"Los Angeles-Long Beach-Anaheim, CA",1
91326,31080,"Los Angeles-Long Beach-Anaheim, CA",1
91330,31080,"Los Angeles-Long Beach-Anaheim, CA",1
91331,31080,"Los Angeles-Long Beach-Anaheim, CA",1
91335,31080,"Los Angeles-Long Beach-Anaheim, CA",1
91340,31080,"Los Angeles-Long Beach-Anaheim, CA",1
91342,31080,"Los Angeles-Long Beach-Anaheim, CA",1
91343,31080,"Los Angeles-Long Beach-Anaheim, CA",1
91344,31080,"Los Angeles-Long Beach-Anaheim, CA",1
91345,31080,"Los Angeles-Long Beach-Anaheim, CA",1
91350,31080,"Los Angeles-Long Beach-Anaheim, CA",1
91351,31080,"Los Angeles-Long Beach-Anaheim, CA",1
91352,31080,"Los Angeles-Long Beach-Anaheim, CA",1
91354,31080,"Los Angeles-Long Beach-Anaheim, CA",1
91355,31080,"Los Angeles-Long Beach-Anaheim, CA",1
91356,31080,"Los Angeles-Long Beach-Anaheim, CA",1
91360,37100,"Oxnard-Thousand Oaks-Ventura, CA",1
91361,37100,"Oxnard-Thousand Oaks-Ventura, CA",1
91362,37100,"Oxnard-Thousand Oaks-Ventura, CA",1
91364,31080,"Los Angeles-Long Beach-Anaheim, CA",1
91367,31080,"Los Angeles-Long Beach-Anaheim, CA",1
91371,31080,"Los Angeles-Long Beach-Anaheim, CA",1
91377,37100,"Oxnard-Thousand Oaks-Ventura, CA",1
91381,31080,"Los Angeles-Long Beach-Anaheim, CA",1
91384,31080,"Los Angeles-Long Beach-Anaheim, CA",1
91387,31080,"Los Angeles-Long Beach-Anaheim, CA",1
91390,31080,"Los Angeles-Long Beach-Anaheim, CA",1
91401,31080,"Los Angeles-Long Beach-Anaheim, CA",1
91402,31080,"Los Angeles-Long Beach-Anaheim, CA",1
91403,31080,"Los Angeles-Long Beach-Anaheim, CA",1
91405,31080,"Los Angeles-Long Beach-Anaheim, CA",1
91406,31080,"Los Angeles-Long Beach-Anaheim, CA",1
91411,31080,"Los Angeles-Long Beach-Anaheim, CA",1
91423,31080,"Los Angeles-Long Beach-Anaheim, CA",1
91436,31080,"Los Angeles-Long Beach-Anaheim, CA",1
91501,31080,"Los Angeles-Long Beach-Anaheim, CA",1
91502,31080,"Los Angeles-Long Beach-Anaheim, CA",1
91504,31080,"Los Angeles-Long Beach-Anaheim, CA",1
91505,31080,"Los Angeles-Long Beach-Anaheim, CA",1
91506,31080,"Los Angeles-Long Beach-Anaheim, CA",1
91601,31080,"Los Angeles-Long Beach-Anaheim, CA",1
91602,31080,"Los Angeles-Long Beach-Anaheim, CA",1
91604,31080,"Los Angeles-Long Beach-Anaheim, CA",1
91605,31080,"Los Angeles-Long Beach-Anaheim, CA",1
91606,31080,"Los Angeles-Long Beach-Anaheim, CA",1
91607,31080,"Los Angeles-Long Beach-Anaheim, CA",1
91608,31080,"Los Angeles-Long Beach-Anaheim, CA",1
91701,40140,"Riverside-San Bernardino-Ontario, CA",1
91702,31080,"Los Angeles-Long Beach-Anaheim, CA",1
91706,31080,"Los Angeles-Long Beach-Anaheim, CA",1
91708,40140,"Riverside-San Bernardino-Ontario, CA",1
91709,40140,"Riverside-San Bernardino-Ontario, CA",1
91710,40140,"Riverside-San Bernardino-Ontario, CA",1
91711,31080,"Los Angeles-Long Beach-Anaheim, CA",1
91722,31080,"Los Angeles-Long Beach-Anaheim, CA",1
91723,31080,"Los Angeles-Long Beach-Anaheim, CA",1
91724,31080,"Los Angeles-Long Beach-Anaheim, CA",1
91730,40140,"Riverside-San Bernardino-Ontario, CA",1
91731,31080,"Los Angeles-Long Beach-Anaheim, CA",1
91732,31080,"Los Angeles-Long Beach-Anaheim, CA",1
91733,31080,"Los Angeles-Long Beach-Anaheim, CA",1
91737,40140,"Riverside-San Bernardino-Ontario, CA",1
91739,40140,"Riverside-San Bernardino-Ontario, CA",1
91740,31080,"Los Angeles-Long Beach-Anaheim, CA",1
91741,31080,"Los Angeles-Long Beach-Anaheim, CA",1
91744,31080,"Los Angeles-Long Beach-Anaheim, CA",1
91745,31080,"Los Angeles-Long Beach-Anaheim, CA",1
91746,31080,"Los Angeles-Long Beach-Anaheim, CA",1
91748,31080,"Los Angeles-Long Beach-Anaheim, CA",1
91750,31080,"Los Angeles-Long Beach-Anaheim, CA",1
91752,40140,"Riverside-San Bernardino-Ontario, CA",1
91754,31080,"Los Angeles-Long Beach-Anaheim, CA",1
91755,31080,"Los Angeles-Long Beach-Anaheim, CA",1
91759,31080,"Los Angeles-Long Beach-Anaheim, CA",1
91761,40140,"Riverside-San Bernardino-Ontario, CA",1
91762,40140,"Riverside-San Bernardino-Ontario, CA",1
91763,40140,"Riverside-San Bernardino-Ontario, CA",1
91764,40140,"Riverside-San Bernardino-Ontario, CA",1
91765,31080,"Los Angeles-Long Beach-Anaheim, CA",1
91766,31080,"Los Angeles-Long Beach-Anaheim, CA",1
91767,31080,"Los Angeles-Long Beach-Anaheim, CA",1
91768,31080,"Los Angeles-Long Beach-Anaheim, CA",1
91770,31080,"Los Angeles-Long Beach-Anaheim, CA",1
91773,31080,"Los Angeles-Long Beach-Anaheim, CA",1
91775,31080,"Los Angeles-Long Beach-Anaheim, CA",1
91776,31080,"Los Angeles-Long Beach-Anaheim, CA",1
91780,31080,"Los Angeles-Long Beach-Anaheim, CA",1
91784,40140,"Riverside-San Bernardino-Ontario, CA",1
91786,40140,"Riverside-San Bernardino-Ontario, CA",1
91789,31080,"Los Angeles-Long Beach-Anaheim, CA",1
91790,31080,"Los Angeles-Long Beach-Anaheim, CA",1
91791,31080,"Los Angeles-Long Beach-Anaheim, CA",1
91792,31080,"Los Angeles-Long Beach-Anaheim, CA",1
91801,31080,"Los Angeles-Long Beach-Anaheim, CA",1
91803,31080,"Los Angeles-Long Beach-Anaheim, CA",1
91901,41740,"San Diego-Chula Vista-Carlsbad, CA",1
91902,41740,"San Diego-Chula Vista-Carlsbad, CA",1
91905,41740,"San Diego-Chula Vista-Carlsbad, CA",1
91906,41740,"San Diego-Chula Vista-Carlsbad, CA",1
91910,41740,"San Diego-Chula Vista-Carlsbad, CA",1
91911,41740,"San Diego-Chula Vista-Carlsbad, CA",1
91913,41740,"San Diego-Chula Vista-Carlsbad, CA",1
91914,41740,"San Diego-Chula Vista-Carlsbad, CA",1
91915,41740,"San Diego-Chula Vista-Carlsbad, CA",1
91916,41740,"San Diego-Chula Vista-Carlsbad, CA",1
91917,41740,"San Diego-Chula Vista-Carlsbad, CA",1
91931,41740,"San Diego-Chula Vista-Carlsbad, CA",1
91932,41740,"San Diego-Chula Vista-Carlsbad, CA",1
91934,41740,"San Diego-Chula Vista-Carlsbad, CA",1
91935,41740,"San Diego-Chula Vista-Carlsbad, CA",1
91941,41740,"San Diego-Chula Vista-Carlsbad, CA",1
91942,41740,"San Diego-Chula Vista-Carlsbad, CA",1
91945,41740,"San Diego-Chula Vista-Carlsbad, CA",1
91948,41740,"San Diego-Chula Vista-Carlsbad, CA",1
91950,41740,"San Diego-Chula Vista-Carlsbad, CA",1
91962,41740,"San Diego-Chula Vista-Carlsbad, CA",1
91963,41740,"San Diego-Chula Vista-Carlsbad, CA",1
91977,41740,"San Diego-Chula Vista-Carlsbad, CA",1
91978,41740,"San Diego-Chula Vista-Carlsbad, CA",1
91980,41740,"San Diego-Chula Vista-Carlsbad, CA",1
92003,41740,"San Diego-Chula Vista-Carlsbad, CA",1
92004,41740,"San Diego-Chula Vista-Carlsbad, CA",1
92007,41740,"San Diego-Chula Vista-Carlsbad, CA",1
92008,41740,"San Diego-Chula Vista-Carlsbad, CA",1
92009,41740,"San Diego-Chula Vista-Carlsbad, CA",1
92010,41740,"San Diego-Chula Vista-Carlsbad, CA",1
92011,41740,"San Diego-Chula Vista-Carlsbad, CA",1
92014,41740,"San Diego-Chula Vista-Carlsbad, CA",1
92019,41740,"San Diego-Chula Vista-Carlsbad, CA",1
92020,41740,"San Diego-Chula Vista-Carlsbad, CA",1
92021,41740,"San Diego-Chula Vista-Carlsbad, CA",1
92024,41740,"San Diego-Chula Vista-Carlsbad, CA",1
92025,41740,"San Diego-Chula Vista-Carlsbad, CA",1
92026,41740,"San Diego-Chula Vista-Carlsbad, CA",1
92027,41740,"San Diego-Chula Vista-Carlsbad, CA",1
92028,41740,"San Diego-Chula Vista-Carlsbad, CA",1
92029,41740,"San Diego-Chula Vista-Carlsbad, CA",1
92036,41740,"San Diego-Chula Vista-Carlsbad, CA",1
92037,41740,"San Diego-Chula Vista-Carlsbad, CA",1
92040,41740,"San Diego-Chula Vista-Carlsbad, CA",1
92054,41740,"San Diego-Chula Vista-Carlsbad, CA",1
92055,41740,"San Diego-Chula Vista-Carlsbad, CA",1
92056,41740,"San Diego-Chula Vista-Carlsbad, CA",1
92057,41740,"San Diego-Chula Vista-Carlsbad, CA",1
92058,41740,"San Diego-Chula Vista-Carlsbad, CA",1
92059,41740,"San Diego-Chula Vista-Carlsbad, CA",1
92060,41740,"San Diego-Chula Vista-Carlsbad, CA",1
92061,41740,"San Diego-Chula Vista-Carlsbad, CA",1
92064,41740,"San Diego-Chula Vista-Carlsbad, CA",1
92065,41740,"San Diego-Chula Vista-Carlsbad, CA",1
92066,41740,"San Diego-Chula Vista-Carlsbad, CA",1
92067,41740,"San Diego-Chula Vista-Carlsbad, CA",1
92069,41740,"San Diego-Chula Vista-Carlsbad, CA",1
92070,41740,"San Diego-Chula Vista-Carlsbad, CA",1
92071,41740,"San Diego-Chula Vista-Carlsbad, CA",1
92075,41740,"San Diego-Chula Vista-Carlsbad, CA",1
92078,41740,"San Diego-Chula Vista-Carlsbad, CA",1
92081,41740,"San Diego-Chula Vista-Carlsbad, CA",1
92082,41740,"San Diego-Chula Vista-Carlsbad, CA",1
92083,41740,"San Diego-Chula Vista-Carlsbad, CA",1
92084,41740,"San Diego-Chula Vista-Carlsbad, CA",1
92086,41740,"San Diego-Chula Vista-Carlsbad, CA",1
92091,41740,"San Diego-Chula Vista-Carlsbad, CA",1
92092,41740,"San Diego-Chula Vista-Carlsbad, CA",1
92093,41740,"San Diego-Chula Vista-Carlsbad, CA",1
92096,41740,"San Diego-Chula Vista-Carlsbad, CA",1
92101,41740,"San Diego-Chula Vista-Carlsbad, CA",1
92102,41740,"San Diego-Chula Vista-Carlsbad, CA",1
92103,41740,"San Diego-Chula Vista-Carlsbad, CA",1
92104,41740,"San Diego-Chula Vista-Carlsbad, CA",1
92105,41740,"San Diego-Chula Vista-Carlsbad, CA",1
92106,41740,"San Diego-Chula Vista-Carlsbad, CA",1
92107,41740,"San Diego-Chula Vista-Carlsbad, CA",1
92108,41740,"San Diego-Chula Vista-Carlsbad, CA",1
92109,41740,"San Diego-Chula Vista-Carlsbad, CA",1
92110,41740,"San Diego-Chula Vista-Carlsbad, CA",1
92111,41740,"San Diego-Chula Vista-Carlsbad, CA",1
92113,41740,"San Diego-Chula Vista-Carlsbad, CA",1
92114,41740,"San Diego-Chula Vista-Carlsbad, CA",1
92115,41740,"San Diego-Chula Vista-Carlsbad, CA",1
92116,41740,"San Diego-Chula Vista-Carlsbad, CA",1
92117,41740,"San Diego-Chula Vista-Carlsbad, CA",1
92118,41740,"San Diego-Chula Vista-Carlsbad, CA",1
92119,41740,"San Diego-Chula Vista-Carlsbad, CA",1
92120,41740,"San Diego-Chula Vista-Carlsbad, CA",1
92121,41740,"San Diego-Chula Vista-Carlsbad, CA",1
92122,41740,"San Diego-Chula Vista-Carlsbad, CA",1
92123,41740,"San Diego-Chula Vista-Carlsbad, CA",1
92124,41740,"San Diego-Chula Vista-Carlsbad, CA",1
92126,41740,"San Diego-Chula Vista-Carlsbad, CA",1
92127,41740,"San Diego-Chula Vista-Carlsbad, CA",1
92128,41740,"San Diego-Chula Vista-Carlsbad, CA",1
92129,41740,"San Diego-Chula Vista-Carlsbad, CA",1
92130,41740,"San Diego-Chula Vista-Carlsbad, CA",1
92131,41740,"San Diego-Chula Vista-Carlsbad, CA",1
92132,41740,"San Diego-Chula Vista-Carlsbad, CA",1
92134,41740,"San Diego-Chula Vista-Carlsbad, CA",1
92135,41740,"San Diego-Chula Vista-Carlsbad, CA",1
92136,41740,"San Diego-Chula Vista-Carlsbad, CA",1
92139,41740,"San Diego-Chula Vista-Carlsbad, CA",1
92140,41740,"San Diego-Chula Vista-Carlsbad, CA",1
92145,41740,"San Diego-Chula Vista-Carlsbad, CA",1
92147,41740,"San Diego-Chula Vista-Carlsbad, CA",1
92154,41740,"San Diego-Chula Vista-Carlsbad, CA",1
92155,41740,"San Diego-Chula Vista-Carlsbad, CA",1
92161,41740,"San Diego-Chula Vista-Carlsbad, CA",1
92173,41740,"San Diego-Chula Vista-Carlsbad, CA",1
92179,41740,"San Diego-Chula Vista-Carlsbad, CA",1
92182,41740,"San Diego-Chula Vista-Carlsbad, CA",1
92201,40140,"Riverside-San Bernardino-Ontario, CA",1
92203,40140,"Riverside-San Bernardino-Ontario, CA",1
92210,40140,"Riverside-San Bernardino-Ontario, CA",1
92211,40140,"Riverside-San Bernardino-Ontario, CA",1
92220,40140,"Riverside-San Bernardino-Ontario, CA",1
92222,20940,"El Centro, CA",1
92223,40140,"Riverside-San Bernardino-Ontario, CA",1
92225,40140,"Riverside-San Bernardino-Ontario, CA",1
92227,20940,"El Centro, CA",1
92230,40140,"Riverside-San Bernardino-Ontario, CA",1
92231,20940,"El Centro, CA",1
92233,20940,"El Centro, CA",1
92234,40140,"Riverside-San Bernardino-Ontario, CA",1
92236,40140,"Riverside-San Bernardino-Ontario, CA",1
92239,40140,"Riverside-San Bernardino-Ontario, CA",1
92240,40140,"Riverside-San Bernardino-Ontario, CA",1
92241,40140,"Riverside-San Bernardino-Ontario, CA",1
92242,40140,"Riverside-San Bernardino-Ontario, CA",1
92243,20940,"El Centro, CA",1
92249,20940,"El Centro, CA",1
92250,20940,"El Centro, CA",1
92251,20940,"El Centro, CA",1
92252,40140,"Riverside-San Bernardino-Ontario, CA",1
92253,40140,"Riverside-San Bernardino-Ontario, CA",1
92254,40140,"Riverside-San Bernardino-Ontario, CA",1
92256,40140,"Riverside-San Bernardino-Ontario, CA",1
92257,20940,"El Centro, CA",1
92258,40140,"Riverside-San Bernardino-Ontario, CA",1
92259,20940,"El Centro, CA",1
92260,40140,"Riverside-San Bernardino-Ontario, CA",1
92262,40140,"Riverside-San Bernardino-Ontario, CA",1
92264,40140,"Riverside-San Bernardino-Ontario, CA",1
92266,20940,"El Centro, CA",1
92267,40140,"Riverside-San Bernardino-Ontario, CA",1
92268,40140,"Riverside-San Bernardino-Ontario, CA",1
92270,40140,"Riverside-San Bernardino-Ontario, CA",1
92273,20940,"El Centro, CA",1
92274,40140,"Riverside-San Bernardino-Ontario, CA",1
92275,20940,"El Centro, CA",1
92276,40140,"Riverside-San Bernardino-Ontario, CA",1
92277,40140,"Riverside-San Bernardino-Ontario, CA",1
92278,40140,"Riverside-San Bernardino-Ontario, CA",1
92280,40140,"Riverside-San Bernardino-Ontario, CA",1
92281,20940,"El Centro, CA",1
92282,40140,"Riverside-San Bernardino-Ontario, CA",1
92283,20940,"El Centro, CA",1
92284,40140,"Riverside-San Bernardino-Ontario, CA",1
92285,40140,"Riverside-San Bernardino-Ontario, CA",1
92301,40140,"Riverside-San Bernardino-Ontario, CA",1
92304,40140,"Riverside-San Bernardino-Ontario, CA",1
92305,40140,"Riverside-San Bernardino-Ontario, CA",1
92307,40140,"Riverside-San Bernardino-Ontario, CA",1
92308,40140,"Riverside-San Bernardino-Ontario, CA",1
92309,40140,"Riverside-San Bernardino-Ontario, CA",1
92310,40140,"Riverside-San Bernardino-Ontario, CA",1
92311,40140,"Riverside-San Bernardino-Ontario, CA",1
92313,40140,"Riverside-San Bernardino-Ontario, CA",1
92314,40140,"Riverside-San Bernardino-Ontario, CA",1
92315,40140,"Riverside-San Bernardino-Ontario, CA",1
92316,40140,"Riverside-San Bernardino-Ontario, CA",1
92317,40140,"Riverside-San Bernardino-Ontario, CA",1
92320,40140,"Riverside-San Bernardino-Ontario, CA",1
92321,40140,"Riverside-San Bernardino-Ontario, CA",1
92322,40140,"Riverside-San Bernardino-Ontario, CA",1
92324,40140,"Riverside-San Bernardino-Ontario, CA",1
92325,40140,"Riverside-San Bernardino-Ontario, CA",1
92327,40140,"Riverside-San Bernardino-Ontario, CA",1
92328,13860,"Bishop, CA",0
92332,40140,"Riverside-San Bernardino-Ontario, CA",1
92333,40140,"Riverside-San Bernardino-Ontario, CA",1
92335,40140,"Riverside-San Bernardino-Ontario, CA",1
92336,40140,"Riverside-San Bernardino-Ontario, CA",1
92337,40140,"Riverside-San Bernardino-Ontario, CA",1
92338,40140,"Riverside-San Bernardino-Ontario, CA",1
92339,40140,"Riverside-San Bernardino-Ontario, CA",1
92341,40140,"Riverside-San Bernardino-Ontario, CA",1
92342,40140,"Riverside-San Bernardino-Ontario, CA",1
92344,40140,"Riverside-San Bernardino-Ontario, CA",1
92345,40140,"Riverside-San Bernardino-Ontario, CA",1
92346,40140,"Riverside-San Bernardino-Ontario, CA",1
92347,40140,"Riverside-San Bernardino-Ontario, CA",1
92350,40140,"Riverside-San Bernardino-Ontario, CA",1
92352,40140,"Riverside-San Bernardino-Ontario, CA",1
92354,40140,"Riverside-San Bernardino-Ontario, CA",1
92356,40140,"Riverside-San Bernardino-Ontario, CA",1
92358,40140,"Riverside-San Bernardino-Ontario, CA",1
92359,40140,"Riverside-San Bernardino-Ontario, CA",1
92363,40140,"Riverside-San Bernardino-Ontario, CA",1
92364,40140,"Riverside-San Bernardino-Ontario, CA",1
92365,40140,"Riverside-San Bernardino-Ontario, CA",1
92368,40140,"Riverside-San Bernardino-Ontario, CA",1
92369,40140,"Riverside-San Bernardino-Ontario, CA",1
92371,40140,"Riverside-San Bernardino-Ontario, CA",1
92372,40140,"Riverside-San Bernardino-Ontario, CA",1
92373,40140,"Riverside-San Bernardino-Ontario, CA",1
92374,40140,"Riverside-San Bernardino-Ontario, CA",1
92376,40140,"Riverside-San Bernardino-Ontario, CA",1
92377,40140,"Riverside-San Bernardino-Ontario, CA",1
92378,40140,"Riverside-San Bernardino-Ontario, CA",1
92382,40140,"Riverside-San Bernardino-Ontario, CA",1
92384,13860,"Bishop, CA",0
92385,40140,"Riverside-San Bernardino-Ontario, CA",1
92386,40140,"Riverside-San Bernardino-Ontario, CA",1
92389,13860,"Bishop, CA",0
92391,40140,"Riverside-San Bernardino-Ontario, CA",1
92392,40140,"Riverside-San Bernardino-Ontario, CA",1
92394,40140,"Riverside-San Bernardino-Ontario, CA",1
92395,40140,"Riverside-San Bernardino-Ontario, CA",1
92397,31080,"Los Angeles-Long Beach-Anaheim, CA",1
92398,40140,"Riverside-San Bernardino-Ontario, CA",1
92399,40140,"Riverside-San Bernardino-Ontario, CA",1
92401,40140,"Riverside-San Bernardino-Ontario, CA",1
92404,40140,"Riverside-San Bernardino-Ontario, CA",1
92405,40140,"Riverside-San Bernardino-Ontario, CA",1
92407,40140,"Riverside-San Bernardino-Ontario, CA",1
92408,40140,"Riverside-San Bernardino-Ontario, CA",1
92410,40140,"Riverside-San Bernardino-Ontario, CA",1
92411,40140,"Riverside-San Bernardino-Ontario, CA",1
92415,40140,"Riverside-San Bernardino-Ontario, CA",1
92501,40140,"Riverside-San Bernardino-Ontario, CA",1
92503,40140,"Riverside-San Bernardino-Ontario, CA",1
92504,40140,"Riverside-San Bernardino-Ontario, CA",1
92505,40140,"Riverside-San Bernardino-Ontario, CA",1
92506,40140,"Riverside-San Bernardino-Ontario, CA",1
92507,40140,"Riverside-San Bernardino-Ontario, CA",1
92508,40140,"Riverside-San Bernardino-Ontario, CA",1
92509,40140,"Riverside-San Bernardino-Ontario, CA",1
92518,40140,"Riverside-San Bernardino-Ontario, CA",1
92521,40140,"Riverside-San Bernardino-Ontario, CA",1
92530,40140,"Riverside-San Bernardino-Ontario, CA",1
92532,40140,"Riverside-San Bernardino-Ontario, CA",1
92536,40140,"Riverside-San Bernardino-Ontario, CA",1
92539,40140,"Riverside-San Bernardino-Ontario, CA",1
92543,40140,"Riverside-San Bernardino-Ontario, CA",1
92544,40140,"Riverside-San Bernardino-Ontario, CA",1
92545,40140,"Riverside-San Bernardino-Ontario, CA",1
92548,40140,"Riverside-San Bernardino-Ontario, CA",1
92549,40140,"Riverside-San Bernardino-Ontario, CA",1
92551,40140,"Riverside-San Bernardino-Ontario, CA",1
92553,40140,"Riverside-San Bernardino-Ontario, CA",1
92555,40140,"Riverside-San Bernardino-Ontario, CA",1
92557,40140,"Riverside-San Bernardino-Ontario, CA",1
92561,40140,"Riverside-San Bernardino-Ontario, CA",1
92562,40140,"Riverside-San Bernardino-Ontario, CA",1
92563,40140,"Riverside-San Bernardino-Ontario, CA",1
92567,40140,"Riverside-San Bernardino-Ontario, CA",1
92570,40140,"Riverside-San Bernardino-Ontario, CA",1
92571,40140,"Riverside-San Bernardino-Ontario, CA",1
92582,40140,"Riverside-San Bernardino-Ontario, CA",1
92583,40140,"Riverside-San Bernardino-Ontario, CA",1
92584,40140,"Riverside-San Bernardino-Ontario, CA",1
92585,40140,"Riverside-San Bernardino-Ontario, CA",1
92586,40140,"Riverside-San Bernardino-Ontario, CA",1
92587,40140,"Riverside-San Bernardino-Ontario, CA",1
92590,40140,"Riverside-San Bernardino-Ontario, CA",1
92591,40140,"Riverside-San Bernardino-Ontario, CA",1
92592,40140,"Riverside-San Bernardino-Ontario, CA",1
92595,40140,"Riverside-San Bernardino-Ontario, CA",1
92596,40140,"Riverside-San Bernardino-Ontario, CA",1
92602,31080,"Los Angeles-Long Beach-Anaheim, CA",1
92603,31080,"Los Angeles-Long Beach-Anaheim, CA",1
92604,31080,"Los Angeles-Long Beach-Anaheim, CA",1
92606,31080,"Los Angeles-Long Beach-Anaheim, CA",1
92610,31080,"Los Angeles-Long Beach-Anaheim, CA",1
92612,31080,"Los Angeles-Long Beach-Anaheim, CA",1
92614,31080,"Los Angeles-Long Beach-Anaheim, CA",1
92617,31080,"Los Angeles-Long Beach-Anaheim, CA",1
92618,31080,"Los Angeles-Long Beach-Anaheim, CA",1
92620,31080,"Los Angeles-Long Beach-Anaheim, CA",1
92624,31080,"Los Angeles-Long Beach-Anaheim, CA",1
92625,31080,"Los Angeles-Long Beach-Anaheim, CA",1
92626,31080,"Los Angeles-Long Beach-Anaheim, CA",1
92627,31080,"Los Angeles-Long Beach-Anaheim, CA",1
92629,31080,"Los Angeles-Long Beach-Anaheim, CA",1
92630,31080,"Los Angeles-Long Beach-Anaheim, CA",1
92637,31080,"Los Angeles-Long Beach-Anaheim, CA",1
92646,31080,"Los Angeles-Long Beach-Anaheim, CA",1
92647,31080,"Los Angeles-Long Beach-Anaheim, CA",1
92648,31080,"Los Angeles-Long Beach-Anaheim, CA",1
92649,31080,"Los Angeles-Long Beach-Anaheim, CA",1
92651,31080,"Los Angeles-Long Beach-Anaheim, CA",1
92653,31080,"Los Angeles-Long Beach-Anaheim, CA",1
92655,31080,"Los Angeles-Long Beach-Anaheim, CA",1
92656,31080,"Los Angeles-Long Beach-Anaheim, CA",1
92657,31080,"Los Angeles-Long Beach-Anaheim, CA",1
92660,31080,"Los Angeles-Long Beach-Anaheim, CA",1
92661,31080,"Los Angeles-Long Beach-Anaheim, CA",1
92662,31080,"Los Angeles-Long Beach-Anaheim, CA",1
92663,31080,"Los Angeles-Long Beach-Anaheim, CA",1
92672,41740,"San Diego-Chula Vista-Carlsbad, CA",1
92673,31080,"Los Angeles-Long Beach-Anaheim, CA",1
92675,31080,"Los Angeles-Long Beach-Anaheim, CA",1
92676,31080,"Los Angeles-Long Beach-Anaheim, CA",1
92677,31080,"Los Angeles-Long Beach-Anaheim, CA",1
92678,31080,"Los Angeles-Long Beach-Anaheim, CA",1
92679,31080,"Los Angeles-Long Beach-Anaheim, CA",1
92683,31080,"Los Angeles-Long Beach-Anaheim, CA",1
92688,31080,"Los Angeles-Long Beach-Anaheim, CA",1
92691,31080,"Los Angeles-Long Beach-Anaheim, CA",1
92692,31080,"Los Angeles-Long Beach-Anaheim, CA",1
92694,31080,"Los Angeles-Long Beach-Anaheim, CA",1
92697,31080,"Los Angeles-Long Beach-Anaheim, CA",1
92701,31080,"Los Angeles-Long Beach-Anaheim, CA",1
92703,31080,"Los Angeles-Long Beach-Anaheim, CA",1
92704,31080,"Los Angeles-Long Beach-Anaheim, CA",1
92705,31080,"Los Angeles-Long Beach-Anaheim, CA",1
92706,31080,"Los Angeles-Long Beach-Anaheim, CA",1
92707,31080,"Los Angeles-Long Beach-Anaheim, CA",1
92708,31080,"Los Angeles-Long Beach-Anaheim, CA",1
92780,31080,"Los Angeles-Long Beach-Anaheim, CA",1
92782,31080,"Los Angeles-Long Beach-Anaheim, CA",1
92801,31080,"Los Angeles-Long Beach-Anaheim, CA",1
92802,31080,"Los Angeles-Long Beach-Anaheim, CA",1
92804,31080,"Los Angeles-Long Beach-Anaheim, CA",1
92805,31080,"Los Angeles-Long Beach-Anaheim, CA",1
92806,31080,"Los Angeles-Long Beach-Anaheim, CA",1
92807,31080,"Los Angeles-Long Beach-Anaheim, CA",1
92808,31080,"Los Angeles-Long Beach-Anaheim, CA",1
92821,31080,"Los Angeles-Long Beach-Anaheim, CA",1
92823,31080,"Los Angeles-Long Beach-Anaheim, CA",1
92831,31080,"Los Angeles-Long Beach-Anaheim, CA",1
92832,31080,"Los Angeles-Long Beach-Anaheim, CA",1
92833,31080,"Los Angeles-Long Beach-Anaheim, CA",1
92835,31080,"Los Angeles-Long Beach-Anaheim, CA",1
92840,31080,"Los Angeles-Long Beach-Anaheim, CA",1
92841,31080,"Los Angeles-Long Beach-Anaheim, CA",1
92843,31080,"Los Angeles-Long Beach-Anaheim, CA",1
92844,31080,"Los Angeles-Long Beach-Anaheim, CA",1
92845,31080,"Los Angeles-Long Beach-Anaheim, CA",1
92860,40140,"Riverside-San Bernardino-Ontario, CA",1
92861,31080,"Los Angeles-Long Beach-Anaheim, CA",1
92865,31080,"Los Angeles-Long Beach-Anaheim, CA",1
92866,31080,"Los Angeles-Long Beach-Anaheim, CA",1
92867,31080,"Los Angeles-Long Beach-Anaheim, CA",1
92868,31080,"Los Angeles-Long Beach-Anaheim, CA",1
92869,31080,"Los Angeles-Long Beach-Anaheim, CA",1
92870,31080,"Los Angeles-Long Beach-Anaheim, CA",1
92879,40140,"Riverside-San Bernardino-Ontario, CA",1
92880,40140,"Riverside-San Bernardino-Ontario, CA",1
92881,40140,"Riverside-San Bernardino-Ontario, CA",1
92882,40140,"Riverside-San Bernardino-Ontario, CA",1
92883,40140,"Riverside-San Bernardino-Ontario, CA",1
92886,31080,"Los Angeles-Long Beach-Anaheim, CA",1
92887,31080,"Los Angeles-Long Beach-Anaheim, CA",1
93001,37100,"Oxnard-Thousand Oaks-Ventura, CA",1
93003,37100,"Oxnard-Thousand Oaks-Ventura, CA",1
93004,37100,"Oxnard-Thousand Oaks-Ventura, CA",1
93010,37100,"Oxnard-Thousand Oaks-Ventura, CA",1
93012,37100,"Oxnard-Thousand Oaks-Ventura, CA",1
93013,42200,"Santa Maria-Santa Barbara, CA",1
93015,37100,"Oxnard-Thousand Oaks-Ventura, CA",1
93021,37100,"Oxnard-Thousand Oaks-Ventura, CA",1
93022,37100,"Oxnard-Thousand Oaks-Ventura, CA",1
93023,37100,"Oxnard-Thousand Oaks-Ventura, CA",1
93030,37100,"Oxnard-Thousand Oaks-Ventura, CA",1
93033,37100,"Oxnard-Thousand Oaks-Ventura, CA",1
93035,37100,"Oxnard-Thousand Oaks-Ventura, CA",1
93036,37100,"Oxnard-Thousand Oaks-Ventura, CA",1
93040,37100,"Oxnard-Thousand Oaks-Ventura, CA",1
93041,37100,"Oxnard-Thousand Oaks-Ventura, CA",1
93042,37100,"Oxnard-Thousand Oaks-Ventura, CA",1
93043,37100,"Oxnard-Thousand Oaks-Ventura, CA",1
93060,37100,"Oxnard-Thousand Oaks-Ventura, CA",1
93063,37100,"Oxnard-Thousand Oaks-Ventura, CA",1
93064,37100,"Oxnard-Thousand Oaks-Ventura, CA",1
93065,37100,"Oxnard-Thousand Oaks-Ventura, CA",1
93066,37100,"Oxnard-Thousand Oaks-Ventura, CA",1
93067,42200,"Santa Maria-Santa Barbara, CA",1
93101,42200,"Santa Maria-Santa Barbara, CA",1
93103,42200,"Santa Maria-Santa Barbara, CA",1
93105,42200,"Santa Maria-Santa Barbara, CA",1
93106,42200,"Santa Maria-Santa Barbara, CA",1
93108,42200,"Santa Maria-Santa Barbara, CA",1
93109,42200,"Santa Maria-Santa Barbara, CA",1
93110,42200,"Santa Maria-Santa Barbara, CA",1
93111,42200,"Santa Maria-Santa Barbara, CA",1
93117,42200,"Santa Maria-Santa Barbara, CA",1
93201,47300,"Visalia, CA",1
93202,25260,"Hanford-Corcoran, CA",1
93203,12540,"Bakersfield-Delano, CA",1
93204,25260,"Hanford-Corcoran, CA",1
93205,12540,"Bakersfield-Delano, CA",1
93206,12540,"Bakersfield-Delano, CA",1
93207,47300,"Visalia, CA",1
93208,47300,"Visalia, CA",1
93210,23420,"Fresno, CA",1
93212,25260,"Hanford-Corcoran, CA",1
93215,12540,"Bakersfield-Delano, CA",1
93218,47300,"Visalia, CA",1
93219,47300,"Visalia, CA",1
93220,12540,"Bakersfield-Delano, CA",1
93221,47300,"Visalia, CA",1
93222,12540,"Bakersfield-Delano, CA",1
93223,47300,"Visalia, CA",1
93224,12540,"Bakersfield-Delano, CA",1
93225,37100,"Oxnard-Thousand Oaks-Ventura, CA",1
93226,12540,"Bakersfield-Delano, CA",1
93227,47300,"Visalia, CA",1
93230,25260,"Hanford-Corcoran, CA",1
93234,23420,"Fresno, CA",1
93235,47300,"Visalia, CA",1
93237,47300,"Visalia, CA",1
93238,47300,"Visalia, CA",1
93239,25260,"Hanford-Corcoran, CA",1
93240,12540,"Bakersfield-Delano, CA",1
93241,12540,"Bakersfield-Delano, CA",1
93242,23420,"Fresno, CA",1
93243,12540,"Bakersfield-Delano, CA",1
93244,47300,"Visalia, CA",1
93245,25260,"Hanford-Corcoran, CA",1
93246,25260,"Hanford-Corcoran, CA",1
93247,47300,"Visalia, CA",1
93249,12540,"Bakersfield-Delano, CA",1
93250,12540,"Bakersfield-Delano, CA",1
93251,12540,"Bakersfield-Delano, CA",1
93252,37100,"Oxnard-Thousand Oaks-Ventura, CA",1
93254,42200,"Santa Maria-Santa Barbara, CA",1
93255,12540,"Bakersfield-Delano, CA",1
93256,47300,"Visalia, CA",1
93257,47300,"Visalia, CA",1
93258,47300,"Visalia, CA",1
93260,47300,"Visalia, CA",1
93261,47300,"Visalia, CA",1
93262,47300,"Visalia, CA",1
93263,12540,"Bakersfield-Delano, CA",1
93265,47300,"Visalia, CA",1
93266,25260,"Hanford-Corcoran, CA",1
93267,47300,"Visalia, CA",1
93268,12540,"Bakersfield-Delano, CA",1
93270,47300,"Visalia, CA",1
93271,47300,"Visalia, CA",1
93272,47300,"Visalia, CA",1
93274,47300,"Visalia, CA",1
93276,12540,"Bakersfield-Delano, CA",1
93277,47300,"Visalia, CA",1
93280,12540,"Bakersfield-Delano, CA",1
93283,12540,"Bakersfield-Delano, CA",1
93285,12540,"Bakersfield-Delano, CA",1
93286,47300,"Visalia, CA",1
93287,12540,"Bakersfield-Delano, CA",1
93291,47300,"Visalia, CA",1
93292,47300,"Visalia, CA",1
93301,12540,"Bakersfield-Delano, CA",1
93304,12540,"Bakersfield-Delano, CA",1
93305,12540,"Bakersfield-Delano, CA",1
93306,12540,"Bakersfield-Delano, CA",1
93307,12540,"Bakersfield-Delano, CA",1
93308,12540,"Bakersfield-Delano, CA",1
93309,12540,"Bakersfield-Delano, CA",1
93311,12540,"Bakersfield-Delano, CA",1
93312,12540,"Bakersfield-Delano, CA",1
93313,12540,"Bakersfield-Delano, CA",1
93314,12540,"Bakersfield-Delano, CA",1
93401,42020,"San Luis Obispo-Paso Robles, CA",1
93402,42020,"San Luis Obispo-Paso Robles, CA",1
93405,42020,"San Luis Obispo-Paso Robles, CA",1
93407,42020,"San Luis Obispo-Paso Robles, CA",1
93408,42020,"San Luis Obispo-Paso Robles, CA",1
93409,42020,"San Luis Obispo-Paso Robles, CA",1
93410,42020,"San Luis Obispo-Paso Robles, CA",1
93420,42020,"San Luis Obispo-Paso Robles, CA",1
93422,42020,"San Luis Obispo-Paso Robles, CA",1
93424,42020,"San Luis Obispo-Paso Robles, CA",1
93426,41500,"Salinas, CA",1
93427,42200,"Santa Maria-Santa Barbara, CA",1
93428,42020,"San Luis Obispo-Paso Robles, CA",1
93429,42200,"Santa Maria-Santa Barbara, CA",1
93430,42020,"San Luis Obispo-Paso Robles, CA",1
93432,42020,"San Luis Obispo-Paso Robles, CA",1
93433,42020,"San Luis Obispo-Paso Robles, CA",1
93434,42200,"Santa Maria-Santa Barbara, CA",1
93436,42200,"Santa Maria-Santa Barbara, CA",1
93437,42200,"Santa Maria-Santa Barbara, CA",1
93440,42200,"Santa Maria-Santa Barbara, CA",1
93441,42200,"Santa Maria-Santa Barbara, CA",1
93442,42020,"San Luis Obispo-Paso Robles, CA",1
93444,42020,"San Luis Obispo-Paso Robles, CA",1
93445,42020,"San Luis Obispo-Paso Robles, CA",1
93446,42020,"San Luis Obispo-Paso Robles, CA",1
93449,42020,"San Luis Obispo-Paso Robles, CA",1
93450,41500,"Salinas, CA",1
93451,41500,"Salinas, CA",1
93452,42020,"San Luis Obispo-Paso Robles, CA",1
93453,42020,"San Luis Obispo-Paso Robles, CA",1
93454,42200,"Santa Maria-Santa Barbara, CA",1
93455,42200,"Santa Maria-Santa Barbara, CA",1
93458,42200,"Santa Maria-Santa Barbara, CA",1
93460,42200,"Santa Maria-Santa Barbara, CA",1
93461,42020,"San Luis Obispo-Paso Robles, CA",1
93463,42200,"Santa Maria-Santa Barbara, CA",1
93465,42020,"San Luis Obispo-Paso Robles, CA",1
93501,12540,"Bakersfield-Delano, CA",1
93505,12540,"Bakersfield-Delano, CA",1
93510,31080,"Los Angeles-Long Beach-Anaheim, CA",1
93513,13860,"Bishop, CA",0
93516,12540,"Bakersfield-Delano, CA",1
93518,12540,"Bakersfield-Delano, CA",1
93519,12540,"Bakersfield-Delano, CA",1
93522,13860,"Bishop, CA",0
93523,12540,"Bakersfield-Delano, CA",1
93524,12540,"Bakersfield-Delano, CA",1
93526,13860,"Bishop, CA",0
93527,47300,"Visalia, CA",1
93528,12540,"Bakersfield-Delano, CA",1
93530,13860,"Bishop, CA",0
93531,12540,"Bakersfield-Delano, CA",1
93532,31080,"Los Angeles-Long Beach-Anaheim, CA",1
93534,31080,"Los Angeles-Long Beach-Anaheim, CA",1
93535,31080,"Los Angeles-Long Beach-Anaheim, CA",1
93536,31080,"Los Angeles-Long Beach-Anaheim, CA",1
93543,31080,"Los Angeles-Long Beach-Anaheim, CA",1
93544,31080,"Los Angeles-Long Beach-Anaheim, CA",1
93545,13860,"Bishop, CA",0
93549,13860,"Bishop, CA",0
93550,31080,"Los Angeles-Long Beach-Anaheim, CA",1
93551,31080,"Los Angeles-Long Beach-Anaheim, CA",1
93552,31080,"Los Angeles-Long Beach-Anaheim, CA",1
93553,31080,"Los Angeles-Long Beach-Anaheim, CA",1
93554,12540,"Bakersfield-Delano, CA",1
93555,12540,"Bakersfield-Delano, CA",1
93558,40140,"Riverside-San Bernardino-Ontario, CA",1
93560,12540,"Bakersfield-Delano, CA",1
93561,12540,"Bakersfield-Delano, CA",1
93562,40140,"Riverside-San Bernardino-Ontario, CA",1
93563,31080,"Los Angeles-Long Beach-Anaheim, CA",1
93581,12540,"Bakersfield-Delano, CA",1
93591,31080,"Los Angeles-Long Beach-Anaheim, CA",1
93601,23420,"Fresno, CA",1
93602,23420,"Fresno, CA",1
93603,47300,"Visalia, CA",1
93604,23420,"Fresno, CA",1
93605,23420,"Fresno, CA",1
93606,23420,"Fresno, CA",1
93608,23420,"Fresno, CA",1
93609,23420,"Fresno, CA",1
93610,23420,"Fresno, CA",1
93611,23420,"Fresno, CA",1
93612,23420,"Fresno, CA",1
93614,23420,"Fresno, CA",1
93615,47300,"Visalia, CA",1
93616,23420,"Fresno, CA",1
93618,47300,"Visalia, CA",1
93619,23420,"Fresno, CA",1
93620,32900,"Merced, CA",1
93621,23420,"Fresno, CA",1
93622,23420,"Fresno, CA",1
93624,23420,"Fresno, CA",1
93625,23420,"Fresno, CA",1
93626,23420,"Fresno, CA",1
93627,23420,"Fresno, CA",1
93628,23420,"Fresno, CA",1
93630,23420,"Fresno, CA",1
93631,47300,"Visalia, CA",1
93633,47300,"Visalia, CA",1
93634,23420,"Fresno, CA",1
93635,32900,"Merced, CA",1
93636,23420,"Fresno, CA",1
93637,23420,"Fresno, CA",1
93638,23420,"Fresno, CA",1
93640,23420,"Fresno, CA",1
93641,23420,"Fresno, CA",1
93643,23420,"Fresno, CA",1
93644,23420,"Fresno, CA",1
93645,23420,"Fresno, CA",1
93646,47300,"Visalia, CA",1
93647,47300,"Visalia, CA",1
93648,23420,"Fresno, CA",1
93650,23420,"Fresno, CA",1
93651,23420,"Fresno, CA",1
93652,23420,"Fresno, CA",1
93653,23420,"Fresno, CA",1
93654,23420,"Fresno, CA",1
93656,23420,"Fresno, CA",1
93657,23420,"Fresno, CA",1
93660,23420,"Fresno, CA",1
93662,23420,"Fresno, CA",1
93664,23420,"Fresno, CA",1
93665,32900,"Merced, CA",1
93666,47300,"Visalia, CA",1
93667,23420,"Fresno, CA",1
93668,23420,"Fresno, CA",1
93669,23420,"Fresno, CA",1
93670,47300,"Visalia, CA",1
93673,47300,"Visalia, CA",1
93675,23420,"Fresno, CA",1
93701,23420,"Fresno, CA",1
93702,23420,"Fresno, CA",1
93703,23420,"Fresno, CA",1
93704,23420,"Fresno, CA",1
93705,23420,"Fresno, CA",1
93706,23420,"Fresno, CA",1
93710,23420,"Fresno, CA",1
93711,23420,"Fresno, CA",1
93720,23420,"Fresno, CA",1
93721,23420,"Fresno, CA",1
93722,23420,"Fresno, CA",1
93723,23420,"Fresno, CA",1
93725,23420,"Fresno, CA",1
93726,23420,"Fresno, CA",1
93727,23420,"Fresno, CA",1
93728,23420,"Fresno, CA",1
93730,23420,"Fresno, CA",1
93737,23420,"Fresno, CA",1
93740,23420,"Fresno, CA",1
93741,23420,"Fresno, CA",1
93901,41500,"Salinas, CA",1
93905,41500,"Salinas, CA",1
93906,41500,"Salinas, CA",1
93907,41500,"Salinas, CA",1
93908,41500,"Salinas, CA",1
93920,41500,"Salinas, CA",1
93921,41500,"Salinas, CA",1
93923,41500,"Salinas, CA",1
93924,41500,"Salinas, CA",1
93925,41500,"Salinas, CA",1
93926,41500,"Salinas, CA",1
93927,41500,"Salinas, CA",1
93928,41500,"Salinas, CA",1
93930,41500,"Salinas, CA",1
93932,41500,"Salinas, CA",1
93933,41500,"Salinas, CA",1
93940,41500,"Salinas, CA",1
93943,41500,"Salinas, CA",1
93944,41500,"Salinas, CA",1
93950,41500,"Salinas, CA",1
93953,41500,"Salinas, CA",1
93954,41500,"Salinas, CA",1
93955,41500,"Salinas, CA",1
93960,41500,"Salinas, CA",1
93962,41500,"Salinas, CA",1
94002,41860,"San Francisco-Oakland-Fremont, CA",1
94005,41860,"San Francisco-Oakland-Fremont, CA",1
94010,41860,"San Francisco-Oakland-Fremont, CA",1
94014,41860,"San Francisco-Oakland-Fremont, CA",1
94015,41860,"San Francisco-Oakland-Fremont, CA",1
94018,41860,"San Francisco-Oakland-Fremont, CA",1
94019,41860,"San Francisco-Oakland-Fremont, CA",1
94020,41860,"San Francisco-Oakland-Fremont, CA",1
94021,41860,"San Francisco-Oakland-Fremont, CA",1
94022,41940,"San Jose-Sunnyvale-Santa Clara, CA",1
94024,41940,"San Jose-Sunnyvale-Santa Clara, CA",1
94025,41860,"San Francisco-Oakland-Fremont, CA",1
94027,41860,"San Francisco-Oakland-Fremont, CA",1
94028,41860,"San Francisco-Oakland-Fremont, CA",1
94030,41860,"San Francisco-Oakland-Fremont, CA",1
94037,41860,"San Francisco-Oakland-Fremont, CA",1
94038,41860,"San Francisco-Oakland-Fremont, CA",1
94040,41940,"San Jose-Sunnyvale-Santa Clara, CA",1
94041,41940,"San Jose-Sunnyvale-Santa Clara, CA",1
94043,41940,"San Jose-Sunnyvale-Santa Clara, CA",1
94044,41860,"San Francisco-Oakland-Fremont, CA",1
94060,41860,"San Francisco-Oakland-Fremont, CA",1
94061,41860,"San Francisco-Oakland-Fremont, CA",1
94062,41860,"San Francisco-Oakland-Fremont, CA",1
94063,41860,"San Francisco-Oakland-Fremont, CA",1
94065,41860,"San Francisco-Oakland-Fremont, CA",1
94066,41860,"San Francisco-Oakland-Fremont, CA",1
94070,41860,"San Francisco-Oakland-Fremont, CA",1
94074,41860,"San Francisco-Oakland-Fremont, CA",1
94080,41860,"San Francisco-Oakland-Fremont, CA",1
94085,41940,"San Jose-Sunnyvale-Santa Clara, CA",1
94086,41940,"San Jose-Sunnyvale-Santa Clara, CA",1
94087,41940,"San Jose-Sunnyvale-Santa Clara, CA",1
94089,41940,"San Jose-Sunnyvale-Santa Clara, CA",1
94102,41860,"San Francisco-Oakland-Fremont, CA",1
94103,41860,"San Francisco-Oakland-Fremont, CA",1
94104,41860,"San Francisco-Oakland-Fremont, CA",1
94105,41860,"San Francisco-Oakland-Fremont, CA",1
94107,41860,"San Francisco-Oakland-Fremont, CA",1
94108,41860,"San Francisco-Oakland-Fremont, CA",1
94109,41860,"San Francisco-Oakland-Fremont, CA",1
94110,41860,"San Francisco-Oakland-Fremont, CA",1
94111,41860,"San Francisco-Oakland-Fremont, CA",1
94112,41860,"San Francisco-Oakland-Fremont, CA",1
94114,41860,"San Francisco-Oakland-Fremont, CA",1
94115,41860,"San Francisco-Oakland-Fremont, CA",1
94116,41860,"San Francisco-Oakland-Fremont, CA",1
94117,41860,"San Francisco-Oakland-Fremont, CA",1
94118,41860,"San Francisco-Oakland-Fremont, CA",1
94121,41860,"San Francisco-Oakland-Fremont, CA",1
94122,41860,"San Francisco-Oakland-Fremont, CA",1
94123,41860,"San Francisco-Oakland-Fremont, CA",1
94124,41860,"San Francisco-Oakland-Fremont, CA",1
94127,41860,"San Francisco-Oakland-Fremont, CA",1
94128,41860,"San Francisco-Oakland-Fremont, CA",1
94129,41860,"San Francisco-Oakland-Fremont, CA",1
94130,41860,"San Francisco-Oakland-Fremont, CA",1
94131,41860,"San Francisco-Oakland-Fremont, CA",1
94132,41860,"San Francisco-Oakland-Fremont, CA",1
94133,41860,"San Francisco-Oakland-Fremont, CA",1
94134,41860,"San Francisco-Oakland-Fremont, CA",1
94158,41860,"San Francisco-Oakland-Fremont, CA",1
94188,41860,"San Francisco-Oakland-Fremont, CA",1
94301,41940,"San Jose-Sunnyvale-Santa Clara, CA",1
94303,41940,"San Jose-Sunnyvale-Santa Clara, CA",1
94304,41940,"San Jose-Sunnyvale-Santa Clara, CA",1
94305,41940,"San Jose-Sunnyvale-Santa Clara, CA",1
94306,41940,"San Jose-Sunnyvale-Santa Clara, CA",1
94401,41860,"San Francisco-Oakland-Fremont, CA",1
94402,41860,"San Francisco-Oakland-Fremont, CA",1
94403,41860,"San Francisco-Oakland-Fremont, CA",1
94404,41860,"San Francisco-Oakland-Fremont, CA",1
94501,41860,"San Francisco-Oakland-Fremont, CA",1
94502,41860,"San Francisco-Oakland-Fremont, CA",1
94503,34900,"Napa, CA",1
94505,41860,"San Francisco-Oakland-Fremont, CA",1
94506,41860,"San Francisco-Oakland-Fremont, CA",1
94507,41860,"San Francisco-Oakland-Fremont, CA",1
94508,34900,"Napa, CA",1
94509,41860,"San Francisco-Oakland-Fremont, CA",1
94510,46700,"Vallejo, CA",1
94511,41860,"San Francisco-Oakland-Fremont, CA",1
94512,46700,"Vallejo, CA",1
94513,41860,"San Francisco-Oakland-Fremont, CA",1
94514,41860,"San Francisco-Oakland-Fremont, CA",1
94515,42220,"Santa Rosa-Petaluma, CA",1
94516,41860,"San Francisco-Oakland-Fremont, CA",1
94517,41860,"San Francisco-Oakland-Fremont, CA",1
94518,41860,"San Francisco-Oakland-Fremont, CA",1
94519,41860,"San Francisco-Oakland-Fremont, CA",1
94520,41860,"San Francisco-Oakland-Fremont, CA",1
94521,41860,"San Francisco-Oakland-Fremont, CA",1
94523,41860,"San Francisco-Oakland-Fremont, CA",1
94525,41860,"San Francisco-Oakland-Fremont, CA",1
94526,41860,"San Francisco-Oakland-Fremont, CA",1
94528,41860,"San Francisco-Oakland-Fremont, CA",1
94530,41860,"San Francisco-Oakland-Fremont, CA",1
94531,41860,"San Francisco-Oakland-Fremont, CA",1
94533,46700,"Vallejo, CA",1
94534,46700,"Vallejo, CA",1
94535,46700,"Vallejo, CA",1
94536,41860,"San Francisco-Oakland-Fremont, CA",1
94538,41860,"San Francisco-Oakland-Fremont, CA",1
94539,41860,"San Francisco-Oakland-Fremont, CA",1
94541,41860,"San Francisco-Oakland-Fremont, CA",1
94542,41860,"San Francisco-Oakland-Fremont, CA",1
94544,41860,"San Francisco-Oakland-Fremont, CA",1
94545,41860,"San Francisco-Oakland-Fremont, CA",1
94546,41860,"San Francisco-Oakland-Fremont, CA",1
94547,41860,"San Francisco-Oakland-Fremont, CA",1
94548,41860,"San Francisco-Oakland-Fremont, CA",1
94549,41860,"San Francisco-Oakland-Fremont, CA",1
94550,41860,"San Francisco-Oakland-Fremont, CA",1
94551,41860,"San Francisco-Oakland-Fremont, CA",1
94552,41860,"San Francisco-Oakland-Fremont, CA",1
94553,41860,"San Francisco-Oakland-Fremont, CA",1
94555,41860,"San Francisco-Oakland-Fremont, CA",1
94556,41860,"San Francisco-Oakland-Fremont, CA",1
94558,34900,"Napa, CA",1
94559,34900,"Napa, CA",1
94560,41860,"San Francisco-Oakland-Fremont, CA",1
94561,41860,"San Francisco-Oakland-Fremont, CA",1
94562,34900,"Napa, CA",1
94563,41860,"San Francisco-Oakland-Fremont, CA",1
94564,41860,"San Francisco-Oakland-Fremont, CA",1
94565,41860,"San Francisco-Oakland-Fremont, CA",1
94566,41860,"San Francisco-Oakland-Fremont, CA",1
94567,34900,"Napa, CA",1
94568,41860,"San Francisco-Oakland-Fremont, CA",1
94569,41860,"San Francisco-Oakland-Fremont, CA",1
94571,46700,"Vallejo, CA",1
94572,41860,"San Francisco-Oakland-Fremont, CA",1
94573,34900,"Napa, CA",1
94574,34900,"Napa, CA",1
94575,41860,"San Francisco-Oakland-Fremont, CA",1
94576,34900,"Napa, CA",1
94577,41860,"San Francisco-Oakland-Fremont, CA",1
94578,41860,"San Francisco-Oakland-Fremont, CA",1
94579,41860,"San Francisco-Oakland-Fremont, CA",1
94580,41860,"San Francisco-Oakland-Fremont, CA",1
94582,41860,"San Francisco-Oakland-Fremont, CA",1
94583,41860,"San Francisco-Oakland-Fremont, CA",1
94585,46700,"Vallejo, CA",1
94586,41860,"San Francisco-Oakland-Fremont, CA",1
94587,41860,"San Francisco-Oakland-Fremont, CA",1
94588,41860,"San Francisco-Oakland-Fremont, CA",1
94589,46700,"Vallejo, CA",1
94590,46700,"Vallejo, CA",1
94591,46700,"Vallejo, CA",1
94592,46700,"Vallejo, CA",1
94595,41860,"San Francisco-Oakland-Fremont, CA",1
94596,41860,"San Francisco-Oakland-Fremont, CA",1
94597,41860,"San Francisco-Oakland-Fremont, CA",1
94598,41860,"San Francisco-Oakland-Fremont, CA",1
94599,34900,"Napa, CA",1
94601,41860,"San Francisco-Oakland-Fremont, CA",1
94602,41860,"San Francisco-Oakland-Fremont, CA",1
94603,41860,"San Francisco-Oakland-Fremont, CA",1
94605,41860,"San Francisco-Oakland-Fremont, CA",1
94606,41860,"San Francisco-Oakland-Fremont, CA",1
94607,41860,"San Francisco-Oakland-Fremont, CA",1
94608,41860,"San Francisco-Oakland-Fremont, CA",1
94609,41860,"San Francisco-Oakland-Fremont, CA",1
94610,41860,"San Francisco-Oakland-Fremont, CA",1
94611,41860,"San Francisco-Oakland-Fremont, CA",1
94612,41860,"San Francisco-Oakland-Fremont, CA",1
94613,41860,"San Francisco-Oakland-Fremont, CA",1
94618,41860,"San Francisco-Oakland-Fremont, CA",1
94619,41860,"San Francisco-Oakland-Fremont, CA",1
94621,41860,"San Francisco-Oakland-Fremont, CA",1
94702,41860,"San Francisco-Oakland-Fremont, CA",1
94703,41860,"San Francisco-Oakland-Fremont, CA",1
94704,41860,"San Francisco-Oakland-Fremont, CA",1
94705,41860,"San Francisco-Oakland-Fremont, CA",1
94706,41860,"San Francisco-Oakland-Fremont, CA",1
94707,41860,"San Francisco-Oakland-Fremont, CA",1
94708,41860,"San Francisco-Oakland-Fremont, CA",1
94709,41860,"San Francisco-Oakland-Fremont, CA",1
94710,41860,"San Francisco-Oakland-Fremont, CA",1
94720,41860,"San Francisco-Oakland-Fremont, CA",1
94801,41860,"San Francisco-Oakland-Fremont, CA",1
94803,41860,"San Francisco-Oakland-Fremont, CA",1
94804,41860,"San Francisco-Oakland-Fremont, CA",1
94805,41860,"San Francisco-Oakland-Fremont, CA",1
94806,41860,"San Francisco-Oakland-Fremont, CA",1
94901,41860,"San Francisco-Oakland-Fremont, CA",1
94903,41860,"San Francisco-Oakland-Fremont, CA",1
94904,41860,"San Francisco-Oakland-Fremont, CA",1
94920,41860,"San Francisco-Oakland-Fremont, CA",1
94922,42220,"Santa Rosa-Petaluma, CA",1
94923,42220,"Santa Rosa-Petaluma, CA",1
94924,41860,"San Francisco-Oakland-Fremont, CA",1
94925,41860,"San Francisco-Oakland-Fremont, CA",1
94928,42220,"Santa Rosa-Petaluma, CA",1
94929,41860,"San Francisco-Oakland-Fremont, CA",1
94930,41860,"San Francisco-Oakland-Fremont, CA",1
94931,42220,"Santa Rosa-Petaluma, CA",1
94933,41860,"San Francisco-Oakland-Fremont, CA",1
94937,41860,"San Francisco-Oakland-Fremont, CA",1
94938,41860,"San Francisco-Oakland-Fremont, CA",1
94939,41860,"San Francisco-Oakland-Fremont, CA",1
94940,41860,"San Francisco-Oakland-Fremont, CA",1
94941,41860,"San Francisco-Oakland-Fremont, CA",1
94945,41860,"San Francisco-Oakland-Fremont, CA",1
94946,41860,"San Francisco-Oakland-Fremont, CA",1
94947,41860,"San Francisco-Oakland-Fremont, CA",1
94949,41860,"San Francisco-Oakland-Fremont, CA",1
94950,41860,"San Francisco-Oakland-Fremont, CA",1
94951,42220,"Santa Rosa-Petaluma, CA",1
94952,41860,"San Francisco-Oakland-Fremont, CA",1
94954,42220,"Santa Rosa-Petaluma, CA",1
94956,41860,"San Francisco-Oakland-Fremont, CA",1
94957,41860,"San Francisco-Oakland-Fremont, CA",1
94960,41860,"San Francisco-Oakland-Fremont, CA",1
94963,41860,"San Francisco-Oakland-Fremont, CA",1
94964,41860,"San Francisco-Oakland-Fremont, CA",1
94965,41860,"San Francisco-Oakland-Fremont, CA",1
94970,41860,"San Francisco-Oakland-Fremont, CA",1
94971,41860,"San Francisco-Oakland-Fremont, CA",1
94972,42220,"Santa Rosa-Petaluma, CA",1
94973,41860,"San Francisco-Oakland-Fremont, CA",1
95002,41940,"San Jose-Sunnyvale-Santa Clara, CA",1
95003,42100,"Santa Cruz-Watsonville, CA",1
95004,41500,"Salinas, CA",1
95005,42100,"Santa Cruz-Watsonville, CA",1
95006,42100,"Santa Cruz-Watsonville, CA",1
95007,42100,"Santa Cruz-Watsonville, CA",1
95008,41940,"San Jose-Sunnyvale-Santa Clara, CA",1
95010,42100,"Santa Cruz-Watsonville, CA",1
95012,41500,"Salinas, CA",1
95013,41940,"San Jose-Sunnyvale-Santa Clara, CA",1
95014,41940,"San Jose-Sunnyvale-Santa Clara, CA",1
95017,42100,"Santa Cruz-Watsonville, CA",1
95018,42100,"Santa Cruz-Watsonville, CA",1
95019,42100,"Santa Cruz-Watsonville, CA",1
95020,41940,"San Jose-Sunnyvale-Santa Clara, CA",1
95023,41940,"San Jose-Sunnyvale-Santa Clara, CA",1
95030,41940,"San Jose-Sunnyvale-Santa Clara, CA",1
95032,41940,"San Jose-Sunnyvale-Santa Clara, CA",1
95033,42100,"Santa Cruz-Watsonville, CA",1
95035,41940,"San Jose-Sunnyvale-Santa Clara, CA",1
95037,41940,"San Jose-Sunnyvale-Santa Clara, CA",1
95039,41500,"Salinas, CA",1
95041,42100,"Santa Cruz-Watsonville, CA",1
95043,41940,"San Jose-Sunnyvale-Santa Clara, CA",1
95045,41940,"San Jose-Sunnyvale-Santa Clara, CA",1
95046,41940,"San Jose-Sunnyvale-Santa Clara, CA",1
95050,41940,"San Jose-Sunnyvale-Santa Clara, CA",1
95051,41940,"San Jose-Sunnyvale-Santa Clara, CA",1
95053,41940,"San Jose-Sunnyvale-Santa Clara, CA",1
95054,41940,"San Jose-Sunnyvale-Santa Clara, CA",1
95060,42100,"Santa Cruz-Watsonville, CA",1
95062,42100,"Santa Cruz-Watsonville, CA",1
95064,42100,"Santa Cruz-Watsonville, CA",1
95065,42100,"Santa Cruz-Watsonville, CA",1
95066,42100,"Santa Cruz-Watsonville, CA",1
95070,41940,"San Jose-Sunnyvale-Santa Clara, CA",1
95073,42100,"Santa Cruz-Watsonville, CA",1
95075,41940,"San Jose-Sunnyvale-Santa Clara, CA",1
95076,42100,"Santa Cruz-Watsonville, CA",1
95110,41940,"San Jose-Sunnyvale-Santa Clara, CA",1
95111,41940,"San Jose-Sunnyvale-Santa Clara, CA",1
95112,41940,"San Jose-Sunnyvale-Santa Clara, CA",1
95113,41940,"San Jose-Sunnyvale-Santa Clara, CA",1
95116,41940,"San Jose-Sunnyvale-Santa Clara, CA",1
95117,41940,"San Jose-Sunnyvale-Santa Clara, CA",1
95118,41940,"San Jose-Sunnyvale-Santa Clara, CA",1
95119,41940,"San Jose-Sunnyvale-Santa Clara, CA",1
95120,41940,"San Jose-Sunnyvale-Santa Clara, CA",1
95121,41940,"San Jose-Sunnyvale-Santa Clara, CA",1
95122,41940,"San Jose-Sunnyvale-Santa Clara, CA",1
95123,41940,"San Jose-Sunnyvale-Santa Clara, CA",1
95124,41940,"San Jose-Sunnyvale-Santa Clara, CA",1
95125,41940,"San Jose-Sunnyvale-Santa Clara, CA",1
95126,41940,"San Jose-Sunnyvale-Santa Clara, CA",1
95127,41940,"San Jose-Sunnyvale-Santa Clara, CA",1
95128,41940,"San Jose-Sunnyvale-Santa Clara, CA",1
95129,41940,"San Jose-Sunnyvale-Santa Clara, CA",1
95130,41940,"San Jose-Sunnyvale-Santa Clara, CA",1
95131,41940,"San Jose-Sunnyvale-Santa Clara, CA",1
95132,41940,"San Jose-Sunnyvale-Santa Clara, CA",1
95133,41940,"San Jose-Sunnyvale-Santa Clara, CA",1
95134,41940,"San Jose-Sunnyvale-Santa Clara, CA",1
95135,41940,"San Jose-Sunnyvale-Santa Clara, CA",1
95136,41940,"San Jose-Sunnyvale-Santa Clara, CA",1
95138,41940,"San Jose-Sunnyvale-Santa Clara, CA",1
95139,41940,"San Jose-Sunnyvale-Santa Clara, CA",1
95140,41940,"San Jose-Sunnyvale-Santa Clara, CA",1
95148,41940,"San Jose-Sunnyvale-Santa Clara, CA",1
95202,44700,"Stockton-Lodi, CA",1
95203,44700,"Stockton-Lodi, CA",1
95204,44700,"Stockton-Lodi, CA",1
95205,44700,"Stockton-Lodi, CA",1
95206,44700,"Stockton-Lodi, CA",1
95207,44700,"Stockton-Lodi, CA",1
95209,44700,"Stockton-Lodi, CA",1
95210,44700,"Stockton-Lodi, CA",1
95211,44700,"Stockton-Lodi, CA",1
95212,44700,"Stockton-Lodi, CA",1
95215,44700,"Stockton-Lodi, CA",1
95219,44700,"Stockton-Lodi, CA",1
95220,44700,"Stockton-Lodi, CA",1
95223,23820,"Gardnerville Ranchos, NV-CA",0
95227,44700,"Stockton-Lodi, CA",1
95230,33700,"Modesto, CA",1
95231,44700,"Stockton-Lodi, CA",1
95236,44700,"Stockton-Lodi, CA",1
95237,44700,"Stockton-Lodi, CA",1
95240,44700,"Stockton-Lodi, CA",1
95242,44700,"Stockton-Lodi, CA",1
95253,44700,"Stockton-Lodi, CA",1
95258,44700,"Stockton-Lodi, CA",1
95301,32900,"Merced, CA",1
95303,32900,"Merced, CA",1
95304,44700,"Stockton-Lodi, CA",1
95305,43760,"Sonora, CA",0
95307,33700,"Modesto, CA",1
95309,43760,"Sonora, CA",0
95310,43760,"Sonora, CA",0
95312,32900,"Merced, CA",1
95313,33700,"Modesto, CA",1
95315,32900,"Merced, CA",1
95316,33700,"Modesto, CA",1
95317,32900,"Merced, CA",1
95319,33700,"Modesto, CA",1
95320,44700,"Stockton-Lodi, CA",1
95321,43760,"Sonora, CA",0
95322,32900,"Merced, CA",1
95323,33700,"Modesto, CA",1
95324,32900,"Merced, CA",1
95326,33700,"Modesto, CA",1
95327,43760,"Sonora, CA",0
95328,33700,"Modesto, CA",1
95329,43760,"Sonora, CA",0
95330,44700,"Stockton-Lodi, CA",1
95333,32900,"Merced, CA",1
95334,32900,"Merced, CA",1
95335,43760,"Sonora, CA",0
95336,44700,"Stockton-Lodi, CA",1
95337,44700,"Stockton-Lodi, CA",1
95340,32900,"Merced, CA",1
95341,32900,"Merced, CA",1
95346,43760,"Sonora, CA",0
95348,32900,"Merced, CA",1
95350,33700,"Modesto, CA",1
95351,33700,"Modesto, CA",1
95354,33700,"Modesto, CA",1
95355,33700,"Modesto, CA",1
95356,33700,"Modesto, CA",1
95357,33700,"Modesto, CA",1
95358,33700,"Modesto, CA",1
95360,33700,"Modesto, CA",1
95361,33700,"Modesto, CA",1
95363,33700,"Modesto, CA",1
95364,43760,"Sonora, CA",0
95365,32900,"Merced, CA",1
95366,44700,"Stockton-Lodi, CA",1
95367,33700,"Modesto, CA",1
95368,33700,"Modesto, CA",1
95369,32900,"Merced, CA",1
95370,43760,"Sonora, CA",0
95372,43760,"Sonora, CA",0
95374,32900,"Merced, CA",1
95375,43760,"Sonora, CA",0
95376,44700,"Stockton-Lodi, CA",1
95377,44700,"Stockton-Lodi, CA",1
95379,43760,"Sonora, CA",0
95380,33700,"Modesto, CA",1
95382,33700,"Modesto, CA",1
95383,43760,"Sonora, CA",0
95385,33700,"Modesto, CA",1
95386,33700,"Modesto, CA",1
95387,33700,"Modesto, CA",1
95388,32900,"Merced, CA",1
95391,41860,"San Francisco-Oakland-Fremont, CA",1
95401,42220,"Santa Rosa-Petaluma, CA",1
95403,42220,"Santa Rosa-Petaluma, CA",1
95404,42220,"Santa Rosa-Petaluma, CA",1
95405,42220,"Santa Rosa-Petaluma, CA",1
95407,42220,"Santa Rosa-Petaluma, CA",1
95409,42220,"Santa Rosa-Petaluma, CA",1
95410,46380,"Ukiah, CA",0
95412,42220,"Santa Rosa-Petaluma, CA",1
95415,46380,"Ukiah, CA",0
95417,46380,"Ukiah, CA",0
95419,42220,"Santa Rosa-Petaluma, CA",1
95420,46380,"Ukiah, CA",0
95421,42220,"Santa Rosa-Petaluma, CA",1
95422,17340,"Clearlake, CA",0
95423,17340,"Clearlake, CA",0
95425,42220,"Santa Rosa-Petaluma, CA",1
95426,17340,"Clearlake, CA",0
95427,46380,"Ukiah, CA",0
95428,46380,"Ukiah, CA",0
95429,46380,"Ukiah, CA",0
95430,42220,"Santa Rosa-Petaluma, CA",1
95431,42220,"Santa Rosa-Petaluma, CA",1
95432,46380,"Ukiah, CA",0
95435,17340,"Clearlake, CA",0
95436,42220,"Santa Rosa-Petaluma, CA",1
95437,46380,"Ukiah, CA",0
95439,42220,"Santa Rosa-Petaluma, CA",1
95441,42220,"Santa Rosa-Petaluma, CA",1
95442,42220,"Santa Rosa-Petaluma, CA",1
95443,17340,"Clearlake, CA",0
95444,42220,"Santa Rosa-Petaluma, CA",1
95445,46380,"Ukiah, CA",0
95446,42220,"Santa Rosa-Petaluma, CA",1
95448,42220,"Santa Rosa-Petaluma, CA",1
95449,46380,"Ukiah, CA",0
95450,42220,"Santa Rosa-Petaluma, CA",1
95451,17340,"Clearlake, CA",0
95452,42220,"Santa Rosa-Petaluma, CA",1
95453,17340,"Clearlake, CA",0
95454,46380,"Ukiah, CA",0
95456,46380,"Ukiah, CA",0
95457,17340,"Clearlake, CA",0
95458,17340,"Clearlake, CA",0
95459,46380,"Ukiah, CA",0
95460,46380,"Ukiah, CA",0
95461,17340,"Clearlake, CA",0
95462,42220,"Santa Rosa-Petaluma, CA",1
95463,46380,"Ukiah, CA",0
95464,17340,"Clearlake, CA",0
95465,42220,"Santa Rosa-Petaluma, CA",1
95466,46380,"Ukiah, CA",0
95467,17340,"Clearlake, CA",0
95468,46380,"Ukiah, CA",0
95469,46380,"Ukiah, CA",0
95470,46380,"Ukiah, CA",0
95471,42220,"Santa Rosa-Petaluma, CA",1
95472,42220,"Santa Rosa-Petaluma, CA",1
95476,42220,"Santa Rosa-Petaluma, CA",1
95480,42220,"Santa Rosa-Petaluma, CA",1
95482,46380,"Ukiah, CA",0
95485,17340,"Clearlake, CA",0
95486,42220,"Santa Rosa-Petaluma, CA",1
95488,46380,"Ukiah, CA",0
95490,46380,"Ukiah, CA",0
95492,42220,"Santa Rosa-Petaluma, CA",1
95493,17340,"Clearlake, CA",0
95494,46380,"Ukiah, CA",0
95497,42220,"Santa Rosa-Petaluma, CA",1
95501,21700,"Eureka-Arcata, CA",0
95503,21700,"Eureka-Arcata, CA",0
95511,21700,"Eureka-Arcata, CA",0
95514,21700,"Eureka-Arcata, CA",0
95519,21700,"Eureka-Arcata, CA",0
95521,21700,"Eureka-Arcata, CA",0
95524,21700,"Eureka-Arcata, CA",0
95525,21700,"Eureka-Arcata, CA",0
95526,21700,"Eureka-Arcata, CA",0
95528,21700,"Eureka-Arcata, CA",0
95531,18860,"Crescent City, CA",0
95536,21700,"Eureka-Arcata, CA",0
95537,21700,"Eureka-Arcata, CA",0
95538,18860,"Crescent City, CA",0
95540,21700,"Eureka-Arcata, CA",0
95542,21700,"Eureka-Arcata, CA",0
95543,18860,"Crescent City, CA",0
95545,21700,"Eureka-Arcata, CA",0
95546,21700,"Eureka-Arcata, CA",0
95547,21700,"Eureka-Arcata, CA",0
95548,18860,"Crescent City, CA",0
95549,21700,"Eureka-Arcata, CA",0
95550,21700,"Eureka-Arcata, CA",0
95551,21700,"Eureka-Arcata, CA",0
95553,21700,"Eureka-Arcata, CA",0
95554,21700,"Eureka-Arcata, CA",0
95555,21700,"Eureka-Arcata, CA",0
95556,21700,"Eureka-Arcata, CA",0
95558,21700,"Eureka-Arcata, CA",0
95559,21700,"Eureka-Arcata, CA",0
95560,21700,"Eureka-Arcata, CA",0
95562,21700,"Eureka-Arcata, CA",0
95564,21700,"Eureka-Arcata, CA",0
95565,21700,"Eureka-Arcata, CA",0
95567,18860,"Crescent City, CA",0
95569,21700,"Eureka-Arcata, CA",0
95570,21700,"Eureka-Arcata, CA",0
95571,21700,"Eureka-Arcata, CA",0
95573,21700,"Eureka-Arcata, CA",0
95585,46380,"Ukiah, CA",0
95587,46380,"Ukiah, CA",0
95589,21700,"Eureka-Arcata, CA",0
95602,40900,"Sacramento-Roseville-Folsom, CA",1
95603,40900,"Sacramento-Roseville-Folsom, CA",1
95604,40900,"Sacramento-Roseville-Folsom, CA",1
95605,40900,"Sacramento-Roseville-Folsom, CA",1
95606,40900,"Sacramento-Roseville-Folsom, CA",1
95607,40900,"Sacramento-Roseville-Folsom, CA",1
95608,40900,"Sacramento-Roseville-Folsom, CA",1
95610,40900,"Sacramento-Roseville-Folsom, CA",1
95612,40900,"Sacramento-Roseville-Folsom, CA",1
95613,40900,"Sacramento-Roseville-Folsom, CA",1
95614,40900,"Sacramento-Roseville-Folsom, CA",1
95615,40900,"Sacramento-Roseville-Folsom, CA",1
95616,40900,"Sacramento-Roseville-Folsom, CA",1
95618,40900,"Sacramento-Roseville-Folsom, CA",1
95619,40900,"Sacramento-Roseville-Folsom, CA",1
95620,46700,"Vallejo, CA",1
95621,40900,"Sacramento-Roseville-Folsom, CA",1
95623,40900,"Sacramento-Roseville-Folsom, CA",1
95624,40900,"Sacramento-Roseville-Folsom, CA",1
95625,46700,"Vallejo, CA",1
95626,40900,"Sacramento-Roseville-Folsom, CA",1
95627,40900,"Sacramento-Roseville-Folsom, CA",1
95628,40900,"Sacramento-Roseville-Folsom, CA",1
95630,40900,"Sacramento-Roseville-Folsom, CA",1
95631,40900,"Sacramento-Roseville-Folsom, CA",1
95632,40900,"Sacramento-Roseville-Folsom, CA",1
95633,40900,"Sacramento-Roseville-Folsom, CA",1
95634,40900,"Sacramento-Roseville-Folsom, CA",1
95635,40900,"Sacramento-Roseville-Folsom, CA",1
95636,40900,"Sacramento-Roseville-Folsom, CA",1
95637,40900,"Sacramento-Roseville-Folsom, CA",1
95638,40900,"Sacramento-Roseville-Folsom, CA",1
95639,40900,"Sacramento-Roseville-Folsom, CA",1
95641,40900,"Sacramento-Roseville-Folsom, CA",1
95645,40900,"Sacramento-Roseville-Folsom, CA",1
95646,23820,"Gardnerville Ranchos, NV-CA",0
95648,40900,"Sacramento-Roseville-Folsom, CA",1
95650,40900,"Sacramento-Roseville-Folsom, CA",1
95651,40900,"Sacramento-Roseville-Folsom, CA",1
95652,40900,"Sacramento-Roseville-Folsom, CA",1
95653,40900,"Sacramento-Roseville-Folsom, CA",1
95655,40900,"Sacramento-Roseville-Folsom, CA",1
95658,40900,"Sacramento-Roseville-Folsom, CA",1
95659,49700,"Yuba City, CA",1
95660,40900,"Sacramento-Roseville-Folsom, CA",1
95661,40900,"Sacramento-Roseville-Folsom, CA",1
95662,40900,"Sacramento-Roseville-Folsom, CA",1
95663,40900,"Sacramento-Roseville-Folsom, CA",1
95664,40900,"Sacramento-Roseville-Folsom, CA",1
95667,40900,"Sacramento-Roseville-Folsom, CA",1
95668,49700,"Yuba City, CA",1
95670,40900,"Sacramento-Roseville-Folsom, CA",1
95671,40900,"Sacramento-Roseville-Folsom, CA",1
95672,40900,"Sacramento-Roseville-Folsom, CA",1
95673,40900,"Sacramento-Roseville-Folsom, CA",1
95674,49700,"Yuba City, CA",1
95676,49700,"Yuba City, CA",1
95677,40900,"Sacramento-Roseville-Folsom, CA",1
95678,40900,"Sacramento-Roseville-Folsom, CA",1
95679,40900,"Sacramento-Roseville-Folsom, CA",1
95680,40900,"Sacramento-Roseville-Folsom, CA",1
95681,40900,"Sacramento-Roseville-Folsom, CA",1
95682,40900,"Sacramento-Roseville-Folsom, CA",1
95683,40900,"Sacramento-Roseville-Folsom, CA",1
95684,40900,"Sacramento-Roseville-Folsom, CA",1
95686,44700,"Stockton-Lodi, CA",1
95687,46700,"Vallejo, CA",1
95688,46700,"Vallejo, CA",1
95690,40900,"Sacramento-Roseville-Folsom, CA",1
95691,40900,"Sacramento-Roseville-Folsom, CA",1
95692,49700,"Yuba City, CA",1
95693,40900,"Sacramento-Roseville-Folsom, CA",1
95694,40900,"Sacramento-Roseville-Folsom, CA",1
95695,40900,"Sacramento-Roseville-Folsom, CA",1
95697,40900,"Sacramento-Roseville-Folsom, CA",1
95698,40900,"Sacramento-Roseville-Folsom, CA",1
95701,40900,"Sacramento-Roseville-Folsom, CA",1
95703,40900,"Sacramento-Roseville-Folsom, CA",1
95709,40900,"Sacramento-Roseville-Folsom, CA",1
95713,40900,"Sacramento-Roseville-Folsom, CA",1
95714,40900,"Sacramento-Roseville-Folsom, CA",1
95715,40900,"Sacramento-Roseville-Folsom, CA",1
95717,40900,"Sacramento-Roseville-Folsom, CA",1
95720,40900,"Sacramento-Roseville-Folsom, CA",1
95721,40900,"Sacramento-Roseville-Folsom, CA",1
95722,40900,"Sacramento-Roseville-Folsom, CA",1
95726,40900,"Sacramento-Roseville-Folsom, CA",1
95728,40900,"Sacramento-Roseville-Folsom, CA",1
95735,40900,"Sacramento-Roseville-Folsom, CA",1
95736,40900,"Sacramento-Roseville-Folsom, CA",1
95742,40900,"Sacramento-Roseville-Folsom, CA",1
95746,40900,"Sacramento-Roseville-Folsom, CA",1
95747,40900,"Sacramento-Roseville-Folsom, CA",1
95757,40900,"Sacramento-Roseville-Folsom, CA",1
95758,40900,"Sacramento-Roseville-Folsom, CA",1
95762,40900,"Sacramento-Roseville-Folsom, CA",1
95765,40900,"Sacramento-Roseville-Folsom, CA",1
95776,40900,"Sacramento-Roseville-Folsom, CA",1
95811,40900,"Sacramento-Roseville-Folsom, CA",1
95814,40900,"Sacramento-Roseville-Folsom, CA",1
95815,40900,"Sacramento-Roseville-Folsom, CA",1
95816,40900,"Sacramento-Roseville-Folsom, CA",1
95817,40900,"Sacramento-Roseville-Folsom, CA",1
95818,40900,"Sacramento-Roseville-Folsom, CA",1
95819,40900,"Sacramento-Roseville-Folsom, CA",1
95820,40900,"Sacramento-Roseville-Folsom, CA",1
95821,40900,"Sacramento-Roseville-Folsom, CA",1
95822,40900,"Sacramento-Roseville-Folsom, CA",1
95823,40900,"Sacramento-Roseville-Folsom, CA",1
95824,40900,"Sacramento-Roseville-Folsom, CA",1
95825,40900,"Sacramento-Roseville-Folsom, CA",1
95826,40900,"Sacramento-Roseville-Folsom, CA",1
95827,40900,"Sacramento-Roseville-Folsom, CA",1
95828,40900,"Sacramento-Roseville-Folsom, CA",1
95829,40900,"Sacramento-Roseville-Folsom, CA",1
95830,40900,"Sacramento-Roseville-Folsom, CA",1
95831,40900,"Sacramento-Roseville-Folsom, CA",1
95832,40900,"Sacramento-Roseville-Folsom, CA",1
95833,40900,"Sacramento-Roseville-Folsom, CA",1
95834,40900,"Sacramento-Roseville-Folsom, CA",1
95835,40900,"Sacramento-Roseville-Folsom, CA",1
95837,40900,"Sacramento-Roseville-Folsom, CA",1
95838,40900,"Sacramento-Roseville-Folsom, CA",1
95841,40900,"Sacramento-Roseville-Folsom, CA",1
95842,40900,"Sacramento-Roseville-Folsom, CA",1
95843,40900,"Sacramento-Roseville-Folsom, CA",1
95864,40900,"Sacramento-Roseville-Folsom, CA",1
95901,49700,"Yuba City, CA",1
95903,49700,"Yuba City, CA",1
95914,17020,"Chico, CA",1
95916,17020,"Chico, CA",1
95917,17020,"Chico, CA",1
95918,49700,"Yuba City, CA",1
95919,49700,"Yuba City, CA",1
95922,49700,"Yuba City, CA",1
95925,49700,"Yuba City, CA",1
95926,17020,"Chico, CA",1
95928,17020,"Chico, CA",1
95929,17020,"Chico, CA",1
95930,17020,"Chico, CA",1
95935,49700,"Yuba City, CA",1
95937,40900,"Sacramento-Roseville-Folsom, CA",1
95938,17020,"Chico, CA",1
95941,17020,"Chico, CA",1
95942,17020,"Chico, CA",1
95945,46020,"Truckee-Grass Valley, CA",0
95946,46020,"Truckee-Grass Valley, CA",0
95948,17020,"Chico, CA",1
95949,46020,"Truckee-Grass Valley, CA",0
95953,49700,"Yuba City, CA",1
95954,17020,"Chico, CA",1
95957,49700,"Yuba City, CA",1
95958,17020,"Chico, CA",1
95959,46020,"Truckee-Grass Valley, CA",0
95961,49700,"Yuba City, CA",1
95962,49700,"Yuba City, CA",1
95965,17020,"Chico, CA",1
95966,17020,"Chico, CA",1
95968,17020,"Chico, CA",1
95969,17020,"Chico, CA",1
95972,49700,"Yuba City, CA",1
95973,17020,"Chico, CA",1
95974,17020,"Chico, CA",1
95975,46020,"Truckee-Grass Valley, CA",0
95977,49700,"Yuba City, CA",1
95978,17020,"Chico, CA",1
95982,49700,"Yuba City, CA",1
95986,46020,"Truckee-Grass Valley, CA",0
95991,49700,"Yuba City, CA",1
95993,49700,"Yuba City, CA",1
96001,39820,"Redding, CA",1
96002,39820,"Redding, CA",1
96003,39820,"Redding, CA",1
96006,45000,"Susanville, CA",0
96007,39820,"Redding, CA",1
96008,39820,"Redding, CA",1
96009,45000,"Susanville, CA",0
96011,39820,"Redding, CA",1
96013,39820,"Redding, CA",1
96016,39820,"Redding, CA",1
96017,39820,"Redding, CA",1
96019,39820,"Redding, CA",1
96021,39780,"Red Bluff, CA",0
96022,39780,"Red Bluff, CA",0
96028,39820,"Redding, CA",1
96029,39780,"Red Bluff, CA",0
96033,39820,"Redding, CA",1
96035,39780,"Red Bluff, CA",0
96040,39820,"Redding, CA",1
96047,39820,"Redding, CA",1
96051,39820,"Redding, CA",1
96055,39780,"Red Bluff, CA",0
96056,45000,"Susanville, CA",0
96059,39780,"Red Bluff, CA",0
96061,39780,"Red Bluff, CA",0
96062,39820,"Redding, CA",1
96063,39780,"Red Bluff, CA",0
96065,39820,"Redding, CA",1
96068,45000,"Susanville, CA",0
96069,39820,"Redding, CA",1
96071,39820,"Redding, CA",1
96073,39820,"Redding, CA",1
96074,39780,"Red Bluff, CA",0
96075,39780,"Red Bluff, CA",0
96078,39780,"Red Bluff, CA",0
96080,39780,"Red Bluff, CA",0
96084,39820,"Redding, CA",1
96087,39820,"Redding, CA",1
96088,39820,"Redding, CA",1
96090,39780,"Red Bluff, CA",0
96092,39780,"Red Bluff, CA",0
96096,39820,"Redding, CA",1
96109,45000,"Susanville, CA",0
96111,46020,"Truckee-Grass Valley, CA",0
96113,45000,"Susanville, CA",0
96114,45000,"Susanville, CA",0
96117,45000,"Susanville, CA",0
96119,45000,"Susanville, CA",0
96120,23820,"Gardnerville Ranchos, NV-CA",0
96121,45000,"Susanville, CA",0
96123,45000,"Susanville, CA",0
96128,45000,"Susanville, CA",0
96130,45000,"Susanville, CA",0
96132,45000,"Susanville, CA",0
96136,45000,"Susanville, CA",0
96137,45000,"Susanville, CA",0
96140,40900,"Sacramento-Roseville-Folsom, CA",1
96141,40900,"Sacramento-Roseville-Folsom, CA",1
96142,40900,"Sacramento-Roseville-Folsom, CA",1
96143,40900,"Sacramento-Roseville-Folsom, CA",1
96145,40900,"Sacramento-Roseville-Folsom, CA",1
96146,40900,"Sacramento-Roseville-Folsom, CA",1
96148,40900,"Sacramento-Roseville-Folsom, CA",1
96150,40900,"Sacramento-Roseville-Folsom, CA",1
96155,40900,"Sacramento-Roseville-Folsom, CA",1
96161,46020,"Truckee-Grass Valley, CA",0
96701,46520,"Urban Honolulu, HI",1
96703,28180,"Kapaa, HI",0
96704,25900,"Hilo-Kailua, HI",0
96705,28180,"Kapaa, HI",0
96706,46520,"Urban Honolulu, HI",1
96707,46520,"Urban Honolulu, HI",1
96708,27980,"Kahului-Wailuku, HI",1
96710,25900,"Hilo-Kailua, HI",0
96712,46520,"Urban Honolulu, HI",1
96713,27980,"Kahului-Wailuku, HI",1
96714,28180,"Kapaa, HI",0
96716,28180,"Kapaa, HI",0
96717,46520,"Urban Honolulu, HI",1
96719,25900,"Hilo-Kailua, HI",0
96720,25900,"Hilo-Kailua, HI",0
96722,28180,"Kapaa, HI",0
96725,25900,"Hilo-Kailua, HI",0
96726,25900,"Hilo-Kailua, HI",0
96727,25900,"Hilo-Kailua, HI",0
96728,25900,"Hilo-Kailua, HI",0
96729,27980,"Kahului-Wailuku, HI",1
96730,46520,"Urban Honolulu, HI",1
96731,46520,"Urban Honolulu, HI",1
96732,27980,"Kahului-Wailuku, HI",1
96734,46520,"Urban Honolulu, HI",1
96737,25900,"Hilo-Kailua, HI",0
96738,25900,"Hilo-Kailua, HI",0
96740,25900,"Hilo-Kailua, HI",0
96741,28180,"Kapaa, HI",0
96742,27980,"Kahului-Wailuku, HI",1
96743,25900,"Hilo-Kailua, HI",0
96744,46520,"Urban Honolulu, HI",1
96746,28180,"Kapaa, HI",0
96747,28180,"Kapaa, HI",0
96748,27980,"Kahului-Wailuku, HI",1
96749,25900,"Hilo-Kailua, HI",0
96750,25900,"Hilo-Kailua, HI",0
96751,28180,"Kapaa, HI",0
96752,28180,"Kapaa, HI",0
96753,27980,"Kahului-Wailuku, HI",1
96754,28180,"Kapaa, HI",0
96755,25900,"Hilo-Kailua, HI",0
96756,28180,"Kapaa, HI",0
96757,27980,"Kahului-Wailuku, HI",1
96759,46520,"Urban Honolulu, HI",1
96760,25900,"Hilo-Kailua, HI",0
96761,27980,"Kahului-Wailuku, HI",1
96762,46520,"Urban Honolulu, HI",1
96763,27980,"Kahului-Wailuku, HI",1
96764,25900,"Hilo-Kailua, HI",0
96765,28180,"Kapaa, HI",0
96766,28180,"Kapaa, HI",0
96768,27980,"Kahului-Wailuku, HI",1
96769,28180,"Kapaa, HI",0
96770,27980,"Kahului-Wailuku, HI",1
96771,25900,"Hilo-Kailua, HI",0
96772,25900,"Hilo-Kailua, HI",0
96773,25900,"Hilo-Kailua, HI",0
96774,25900,"Hilo-Kailua, HI",0
96776,25900,"Hilo-Kailua, HI",0
96777,25900,"Hilo-Kailua, HI",0
96778,25900,"Hilo-Kailua, HI",0
96779,27980,"Kahului-Wailuku, HI",1
96780,25900,"Hilo-Kailua, HI",0
96781,25900,"Hilo-Kailua, HI",0
96782,46520,"Urban Honolulu, HI",1
96783,25900,"Hilo-Kailua, HI",0
96785,25900,"Hilo-Kailua, HI",0
96786,46520,"Urban Honolulu, HI",1
96789,46520,"Urban Honolulu, HI",1
96790,27980,"Kahului-Wailuku, HI",1
96791,46520,"Urban Honolulu, HI",1
96792,46520,"Urban Honolulu, HI",1
96793,27980,"Kahului-Wailuku, HI",1
96795,46520,"Urban Honolulu, HI",1
96796,28180,"Kapaa, HI",0
96797,46520,"Urban Honolulu, HI",1
96813,46520,"Urban Honolulu, HI",1
96814,46520,"Urban Honolulu, HI",1
96815,46520,"Urban Honolulu, HI",1
96816,46520,"Urban Honolulu, HI",1
96817,46520,"Urban Honolulu, HI",1
96818,46520,"Urban Honolulu, HI",1
96819,46520,"Urban Honolulu, HI",1
96820,46520,"Urban Honolulu, HI",1
96821,46520,"Urban Honolulu, HI",1
96822,46520,"Urban Honolulu, HI",1
96825,46520,"Urban Honolulu, HI",1
96826,46520,"Urban Honolulu, HI",1
96848,46520,"Urban Honolulu, HI",1
96850,46520,"Urban Honolulu, HI",1
96853,46520,"Urban Honolulu, HI",1
96857,46520,"Urban Honolulu, HI",1
96858,46520,"Urban Honolulu, HI",1
96859,46520,"Urban Honolulu, HI",1
96860,46520,"Urban Honolulu, HI",1
96863,46520,"Urban Honolulu, HI",1
97001,45520,"The Dalles, OR",0
97002,41420,"Salem, OR",1
97003,38900,"Portland-Vancouver-Hillsboro, OR-WA",1
97004,38900,"Portland-Vancouver-Hillsboro, OR-WA",1
97005,38900,"Portland-Vancouver-Hillsboro, OR-WA",1
97006,38900,"Portland-Vancouver-Hillsboro, OR-WA",1
97007,38900,"Portland-Vancouver-Hillsboro, OR-WA",1
97008,38900,"Portland-Vancouver-Hillsboro, OR-WA",1
97009,38900,"Portland-Vancouver-Hillsboro, OR-WA",1
97011,38900,"Portland-Vancouver-Hillsboro, OR-WA",1
97013,38900,"Portland-Vancouver-Hillsboro, OR-WA",1
97014,26220,"Hood River, OR",0
97015,38900,"Portland-Vancouver-Hillsboro, OR-WA",1
97016,38900,"Portland-Vancouver-Hillsboro, OR-WA",1
97017,38900,"Portland-Vancouver-Hillsboro, OR-WA",1
97018,38900,"Portland-Vancouver-Hillsboro, OR-WA",1
97019,38900,"Portland-Vancouver-Hillsboro, OR-WA",1
97020,41420,"Salem, OR",1
97021,45520,"The Dalles, OR",0
97022,38900,"Portland-Vancouver-Hillsboro, OR-WA",1
97023,38900,"Portland-Vancouver-Hillsboro, OR-WA",1
97024,38900,"Portland-Vancouver-Hillsboro, OR-WA",1
97026,41420,"Salem, OR",1
97027,38900,"Portland-Vancouver-Hillsboro, OR-WA",1
97028,38900,"Portland-Vancouver-Hillsboro, OR-WA",1
97030,38900,"Portland-Vancouver-Hillsboro, OR-WA",1
97031,26220,"Hood River, OR",0
97032,41420,"Salem, OR",1
97034,38900,"Portland-Vancouver-Hillsboro, OR-WA",1
97035,38900,"Portland-Vancouver-Hillsboro, OR-WA",1
97037,45520,"The Dalles, OR",0
97038,38900,"Portland-Vancouver-Hillsboro, OR-WA",1
97040,45520,"The Dalles, OR",0
97041,26220,"Hood River, OR",0
97042,38900,"Portland-Vancouver-Hillsboro, OR-WA",1
97045,38900,"Portland-Vancouver-Hillsboro, OR-WA",1
97048,38900,"Portland-Vancouver-Hillsboro, OR-WA",1
97049,38900,"Portland-Vancouver-Hillsboro, OR-WA",1
97051,38900,"Portland-Vancouver-Hillsboro, OR-WA",1
97053,38900,"Portland-Vancouver-Hillsboro, OR-WA",1
97054,38900,"Portland-Vancouver-Hillsboro, OR-WA",1
97055,38900,"Portland-Vancouver-Hillsboro, OR-WA",1
97056,38900,"Portland-Vancouver-Hillsboro, OR-WA",1
97057,45520,"The Dalles, OR",0
97058,45520,"The Dalles, OR",0
97060,38900,"Portland-Vancouver-Hillsboro, OR-WA",1
97062,38900,"Portland-Vancouver-Hillsboro, OR-WA",1
97063,45520,"The Dalles, OR",0
97064,38900,"Portland-Vancouver-Hillsboro, OR-WA",1
97067,38900,"Portland-Vancouver-Hillsboro, OR-WA",1
97068,38900,"Portland-Vancouver-Hillsboro, OR-WA",1
97070,38900,"Portland-Vancouver-Hillsboro, OR-WA",1
97071,41420,"Salem, OR",1
97078,38900,"Portland-Vancouver-Hillsboro, OR-WA",1
97080,38900,"Portland-Vancouver-Hillsboro, OR-WA",1
97086,38900,"Portland-Vancouver-Hillsboro, OR-WA",1
97089,38900,"Portland-Vancouver-Hillsboro, OR-WA",1
97101,38900,"Portland-Vancouver-Hillsboro, OR-WA",1
97102,11820,"Astoria, OR",0
97103,11820,"Astoria, OR",0
97106,38900,"Portland-Vancouver-Hillsboro, OR-WA",1
97109,38900,"Portland-Vancouver-Hillsboro, OR-WA",1
97110,11820,"Astoria, OR",0
97111,38900,"Portland-Vancouver-Hillsboro, OR-WA",1
97113,38900,"Portland-Vancouver-Hillsboro, OR-WA",1
97114,38900,"Portland-Vancouver-Hillsboro, OR-WA",1
97115,38900,"Portland-Vancouver-Hillsboro, OR-WA",1
97116,38900,"Portland-Vancouver-Hillsboro, OR-WA",1
97117,38900,"Portland-Vancouver-Hillsboro, OR-WA",1
97119,38900,"Portland-Vancouver-Hillsboro, OR-WA",1
97121,11820,"Astoria, OR",0
97123,38900,"Portland-Vancouver-Hillsboro, OR-WA",1
97124,38900,"Portland-Vancouver-Hillsboro, OR-WA",1
97125,38900,"Portland-Vancouver-Hillsboro, OR-WA",1
97127,38900,"Portland-Vancouver-Hillsboro, OR-WA",1
97128,38900,"Portland-Vancouver-Hillsboro, OR-WA",1
97132,38900,"Portland-Vancouver-Hillsboro, OR-WA",1
97133,38900,"Portland-Vancouver-Hillsboro, OR-WA",1
97137,41420,"Salem, OR",1
97138,11820,"Astoria, OR",0
97140,38900,"Portland-Vancouver-Hillsboro, OR-WA",1
97144,38900,"Portland-Vancouver-Hillsboro, OR-WA",1
97145,11820,"Astoria, OR",0
97146,11820,"Astoria, OR",0
97148,38900,"Portland-Vancouver-Hillsboro, OR-WA",1
97201,38900,"Portland-Vancouver-Hillsboro, OR-WA",1
97202,38900,"Portland-Vancouver-Hillsboro, OR-WA",1
97203,38900,"Portland-Vancouver-Hillsboro, OR-WA",1
97204,38900,"Portland-Vancouver-Hillsboro, OR-WA",1
97205,38900,"Portland-Vancouver-Hillsboro, OR-WA",1
97206,38900,"Portland-Vancouver-Hillsboro, OR-WA",1
97208,38900,"Portland-Vancouver-Hillsboro, OR-WA",1
97209,38900,"Portland-Vancouver-Hillsboro, OR-WA",1
97210,38900,"Portland-Vancouver-Hillsboro, OR-WA",1
97211,38900,"Portland-Vancouver-Hillsboro, OR-WA",1
97212,38900,"Portland-Vancouver-Hillsboro, OR-WA",1
97213,38900,"Portland-Vancouver-Hillsboro, OR-WA",1
97214,38900,"Portland-Vancouver-Hillsboro, OR-WA",1
97215,38900,"Portland-Vancouver-Hillsboro, OR-WA",1
97216,38900,"Portland-Vancouver-Hillsboro, OR-WA",1
97217,38900,"Portland-Vancouver-Hillsboro, OR-WA",1
97218,38900,"Portland-Vancouver-Hillsboro, OR-WA",1
97219,38900,"Portland-Vancouver-Hillsboro, OR-WA",1
97220,38900,"Portland-Vancouver-Hillsboro, OR-WA",1
97221,38900,"Portland-Vancouver-Hillsboro, OR-WA",1
97222,38900,"Portland-Vancouver-Hillsboro, OR-WA",1
97223,38900,"Portland-Vancouver-Hillsboro, OR-WA",1
97224,38900,"Portland-Vancouver-Hillsboro, OR-WA",1
97225,38900,"Portland-Vancouver-Hillsboro, OR-WA",1
97227,38900,"Portland-Vancouver-Hillsboro, OR-WA",1
97229,38900,"Portland-Vancouver-Hillsboro, OR-WA",1
97230,38900,"Portland-Vancouver-Hillsboro, OR-WA",1
97231,38900,"Portland-Vancouver-Hillsboro, OR-WA",1
97232,38900,"Portland-Vancouver-Hillsboro, OR-WA",1
97233,38900,"Portland-Vancouver-Hillsboro, OR-WA",1
97236,38900,"Portland-Vancouver-Hillsboro, OR-WA",1
97239,38900,"Portland-Vancouver-Hillsboro, OR-WA",1
97258,38900,"Portland-Vancouver-Hillsboro, OR-WA",1
97266,38900,"Portland-Vancouver-Hillsboro, OR-WA",1
97267,38900,"Portland-Vancouver-Hillsboro, OR-WA",1
97301,41420,"Salem, OR",1
97302,41420,"Salem, OR",1
97303,41420,"Salem, OR",1
97304,41420,"Salem, OR",1
97305,41420,"Salem, OR",1
97306,41420,"Salem, OR",1
97310,41420,"Salem, OR",1
97317,41420,"Salem, OR",1
97321,10540,"Albany, OR",1
97322,10540,"Albany, OR",1
97324,18700,"Corvallis, OR",1
97325,41420,"Salem, OR",1
97326,35440,"Newport, OR",0
97327,10540,"Albany, OR",1
97329,10540,"Albany, OR",1
97330,18700,"Corvallis, OR",1
97331,18700,"Corvallis, OR",1
97333,18700,"Corvallis, OR",1
97335,10540,"Albany, OR",1
97336,10540,"Albany, OR",1
97338,41420,"Salem, OR",1
97341,35440,"Newport, OR",0
97342,41420,"Salem, OR",1
97343,35440,"Newport, OR",0
97344,41420,"Salem, OR",1
97345,10540,"Albany, OR",1
97346,41420,"Salem, OR",1
97347,38900,"Portland-Vancouver-Hillsboro, OR-WA",1
97348,10540,"Albany, OR",1
97350,10540,"Albany, OR",1
97351,41420,"Salem, OR",1
97352,41420,"Salem, OR",1
97355,10540,"Albany, OR",1
97357,35440,"Newport, OR",0
97358,41420,"Salem, OR",1
97360,10540,"Albany, OR",1
97361,41420,"Salem, OR",1
97362,41420,"Salem, OR",1
97364,35440,"Newport, OR",0
97365,35440,"Newport, OR",0
97366,35440,"Newport, OR",0
97367,35440,"Newport, OR",0
97368,35440,"Newport, OR",0
97369,35440,"Newport, OR",0
97370,18700,"Corvallis, OR",1
97371,41420,"Salem, OR",1
97373,41420,"Salem, OR",1
97374,10540,"Albany, OR",1
97375,41420,"Salem, OR",1
97376,35440,"Newport, OR",0
97377,10540,"Albany, OR",1
97378,38900,"Portland-Vancouver-Hillsboro, OR-WA",1
97380,35440,"Newport, OR",0
97381,41420,"Salem, OR",1
97383,41420,"Salem, OR",1
97384,41420,"Salem, OR",1
97385,41420,"Salem, OR",1
97386,10540,"Albany, OR",1
97388,35440,"Newport, OR",0
97389,10540,"Albany, OR",1
97390,35440,"Newport, OR",0
97391,35440,"Newport, OR",0
97392,41420,"Salem, OR",1
97394,35440,"Newport, OR",0
97396,38900,"Portland-Vancouver-Hillsboro, OR-WA",1
97401,21660,"Eugene-Springfield, OR",1
97402,21660,"Eugene-Springfield, OR",1
97403,21660,"Eugene-Springfield, OR",1
97404,21660,"Eugene-Springfield, OR",1
97405,21660,"Eugene-Springfield, OR",1
97406,15060,"Brookings, OR",0
97408,21660,"Eugene-Springfield, OR",1
97410,40700,"Roseburg, OR",0
97411,18300,"Coos Bay-North Bend, OR",0
97412,21660,"Eugene-Springfield, OR",1
97413,21660,"Eugene-Springfield, OR",1
97414,18300,"Coos Bay-North Bend, OR",0
97415,15060,"Brookings, OR",0
97416,40700,"Roseburg, OR",0
97417,40700,"Roseburg, OR",0
97419,21660,"Eugene-Springfield, OR",1
97420,18300,"Coos Bay-North Bend, OR",0
97423,18300,"Coos Bay-North Bend, OR",0
97424,21660,"Eugene-Springfield, OR",1
97426,21660,"Eugene-Springfield, OR",1
97429,40700,"Roseburg, OR",0
97430,21660,"Eugene-Springfield, OR",1
97431,21660,"Eugene-Springfield, OR",1
97432,40700,"Roseburg, OR",0
97434,21660,"Eugene-Springfield, OR",1
97435,40700,"Roseburg, OR",0
97436,40700,"Roseburg, OR",0
97437,21660,"Eugene-Springfield, OR",1
97438,21660,"Eugene-Springfield, OR",1
97439,21660,"Eugene-Springfield, OR",1
97441,40700,"Roseburg, OR",0
97442,40700,"Roseburg, OR",0
97443,40700,"Roseburg, OR",0
97444,15060,"Brookings, OR",0
97446,10540,"Albany, OR",1
97447,40700,"Roseburg, OR",0
97448,21660,"Eugene-Springfield, OR",1
97449,18300,"Coos Bay-North Bend, OR",0
97450,15060,"Brookings, OR",0
97451,21660,"Eugene-Springfield, OR",1
97452,21660,"Eugene-Springfield, OR",1
97453,21660,"Eugene-Springfield, OR",1
97454,21660,"Eugene-Springfield, OR",1
97455,21660,"Eugene-Springfield, OR",1
97456,18700,"Corvallis, OR",1
97457,40700,"Roseburg, OR",0
97458,18300,"Coos Bay-North Bend, OR",0
97459,18300,"Coos Bay-North Bend, OR",0
97461,21660,"Eugene-Springfield, OR",1
97462,40700,"Roseburg, OR",0
97463,21660,"Eugene-Springfield, OR",1
97465,15060,"Brookings, OR",0
97466,18300,"Coos Bay-North Bend, OR",0
97467,40700,"Roseburg, OR",0
97469,40700,"Roseburg, OR",0
97470,40700,"Roseburg, OR",0
97471,40700,"Roseburg, OR",0
97473,40700,"Roseburg, OR",0
97476,15060,"Brookings, OR",0
97477,21660,"Eugene-Springfield, OR",1
97478,21660,"Eugene-Springfield, OR",1
97479,40700,"Roseburg, OR",0
97480,21660,"Eugene-Springfield, OR",1
97481,40700,"Roseburg, OR",0
97484,40700,"Roseburg, OR",0
97486,40700,"Roseburg, OR",0
97487,21660,"Eugene-Springfield, OR",1
97488,21660,"Eugene-Springfield, OR",1
97489,21660,"Eugene-Springfield, OR",1
97490,21660,"Eugene-Springfield, OR",1
97492,21660,"Eugene-Springfield, OR",1
97493,21660,"Eugene-Springfield, OR",1
97494,40700,"Roseburg, OR",0
97495,40700,"Roseburg, OR",0
97496,40700,"Roseburg, OR",0
97497,24420,"Grants Pass, OR",1
97498,21660,"Eugene-Springfield, OR",1
97499,40700,"Roseburg, OR",0
97501,32780,"Medford, OR",1
97502,32780,"Medford, OR",1
97503,32780,"Medford, OR",1
97504,32780,"Medford, OR",1
97520,32780,"Medford, OR",1
97522,32780,"Medford, OR",1
97523,24420,"Grants Pass, OR",1
97524,32780,"Medford, OR",1
97525,32780,"Medford, OR",1
97526,24420,"Grants Pass, OR",1
97527,24420,"Grants Pass, OR",1
97530,32780,"Medford, OR",1
97531,24420,"Grants Pass, OR",1
97532,24420,"Grants Pass, OR",1
97534,24420,"Grants Pass, OR",1
97535,32780,"Medford, OR",1
97536,32780,"Medford, OR",1
97537,32780,"Medford, OR",1
97538,24420,"Grants Pass, OR",1
97539,32780,"Medford, OR",1
97540,32780,"Medford, OR",1
97541,32780,"Medford, OR",1
97543,24420,"Grants Pass, OR",1
97544,24420,"Grants Pass, OR",1
97601,28900,"Klamath Falls, OR",0
97603,28900,"Klamath Falls, OR",0
97604,28900,"Klamath Falls, OR",0
97621,28900,"Klamath Falls, OR",0
97622,28900,"Klamath Falls, OR",0
97623,28900,"Klamath Falls, OR",0
97624,28900,"Klamath Falls, OR",0
97625,28900,"Klamath Falls, OR",0
97626,28900,"Klamath Falls, OR",0
97627,28900,"Klamath Falls, OR",0
97632,28900,"Klamath Falls, OR",0
97633,28900,"Klamath Falls, OR",0
97634,28900,"Klamath Falls, OR",0
97639,28900,"Klamath Falls, OR",0
97701,13460,"Bend, OR",1
97702,13460,"Bend, OR",1
97703,13460,"Bend, OR",1
97707,13460,"Bend, OR",1
97709,13460,"Bend, OR",1
97711,13460,"Bend, OR",1
97712,13460,"Bend, OR",1
97730,13460,"Bend, OR",1
97731,28900,"Klamath Falls, OR",0
97733,28900,"Klamath Falls, OR",0
97734,13460,"Bend, OR",1
97737,28900,"Klamath Falls, OR",0
97739,13460,"Bend, OR",1
97741,13460,"Bend, OR",1
97751,13460,"Bend, OR",1
97752,13460,"Bend, OR",1
97753,13460,"Bend, OR",1
97754,13460,"Bend, OR",1
97756,13460,"Bend, OR",1
97759,10540,"Albany, OR",1
97760,13460,"Bend, OR",1
97761,45520,"The Dalles, OR",0
97801,25840,"Hermiston-Pendleton, OR",0
97810,25840,"Hermiston-Pendleton, OR",0
97813,25840,"Hermiston-Pendleton, OR",0
97814,12520,"Baker City, OR",0
97818,25840,"Hermiston-Pendleton, OR",0
97819,12520,"Baker City, OR",0
97824,29260,"La Grande, OR",0
97826,25840,"Hermiston-Pendleton, OR",0
97827,29260,"La Grande, OR",0
97833,12520,"Baker City, OR",0
97834,12520,"Baker City, OR",0
97835,25840,"Hermiston-Pendleton, OR",0
97836,25840,"Hermiston-Pendleton, OR",0
97837,12520,"Baker City, OR",0
97838,25840,"Hermiston-Pendleton, OR",0
97839,25840,"Hermiston-Pendleton, OR",0
97840,12520,"Baker City, OR",0
97841,29260,"La Grande, OR",0
97843,25840,"Hermiston-Pendleton, OR",0
97844,25840,"Hermiston-Pendleton, OR",0
97850,29260,"La Grande, OR",0
97859,25840,"Hermiston-Pendleton, OR",0
97862,25840,"Hermiston-Pendleton, OR",0
97867,29260,"La Grande, OR",0
97868,25840,"Hermiston-Pendleton, OR",0
97870,12520,"Baker City, OR",0
97875,25840,"Hermiston-Pendleton, OR",0
97876,29260,"La Grande, OR",0
97880,25840,"Hermiston-Pendleton, OR",0
97882,25840,"Hermiston-Pendleton, OR",0
97883,29260,"La Grande, OR",0
97884,12520,"Baker City, OR",0
97886,25840,"Hermiston-Pendleton, OR",0
97901,36620,"Ontario, OR-ID",0
97902,36620,"Ontario, OR-ID",0
97903,36620,"Ontario, OR-ID",0
97905,12520,"Baker City, OR",0
97906,36620,"Ontario, OR-ID",0
97907,12520,"Baker City, OR",0
97908,36620,"Ontario, OR-ID",0
97909,36620,"Ontario, OR-ID",0
97910,36620,"Ontario, OR-ID",0
97911,36620,"Ontario, OR-ID",0
97913,36620,"Ontario, OR-ID",0
97914,36620,"Ontario, OR-ID",0
97917,36620,"Ontario, OR-ID",0
97918,36620,"Ontario, OR-ID",0
97920,36620,"Ontario, OR-ID",0
98001,42660,"Seattle-Tacoma-Bellevue, WA",1
98002,42660,"Seattle-Tacoma-Bellevue, WA",1
98003,42660,"Seattle-Tacoma-Bellevue, WA",1
98004,42660,"Seattle-Tacoma-Bellevue, WA",1
98005,42660,"Seattle-Tacoma-Bellevue, WA",1
98006,42660,"Seattle-Tacoma-Bellevue, WA",1
98007,42660,"Seattle-Tacoma-Bellevue, WA",1
98008,42660,"Seattle-Tacoma-Bellevue, WA",1
98010,42660,"Seattle-Tacoma-Bellevue, WA",1
98011,42660,"Seattle-Tacoma-Bellevue, WA",1
98012,42660,"Seattle-Tacoma-Bellevue, WA",1
98014,42660,"Seattle-Tacoma-Bellevue, WA",1
98019,42660,"Seattle-Tacoma-Bellevue, WA",1
98020,42660,"Seattle-Tacoma-Bellevue, WA",1
98021,42660,"Seattle-Tacoma-Bellevue, WA",1
98022,42660,"Seattle-Tacoma-Bellevue, WA",1
98023,42660,"Seattle-Tacoma-Bellevue, WA",1
98024,42660,"Seattle-Tacoma-Bellevue, WA",1
98025,42660,"Seattle-Tacoma-Bellevue, WA",1
98026,42660,"Seattle-Tacoma-Bellevue, WA",1
98027,42660,"Seattle-Tacoma-Bellevue, WA",1
98028,42660,"Seattle-Tacoma-Bellevue, WA",1
98029,42660,"Seattle-Tacoma-Bellevue, WA",1
98030,42660,"Seattle-Tacoma-Bellevue, WA",1
98031,42660,"Seattle-Tacoma-Bellevue, WA",1
98032,42660,"Seattle-Tacoma-Bellevue, WA",1
98033,42660,"Seattle-Tacoma-Bellevue, WA",1
98034,42660,"Seattle-Tacoma-Bellevue, WA",1
98036,42660,"Seattle-Tacoma-Bellevue, WA",1
98037,42660,"Seattle-Tacoma-Bellevue, WA",1
98038,42660,"Seattle-Tacoma-Bellevue, WA",1
98039,42660,"Seattle-Tacoma-Bellevue, WA",1
98040,42660,"Seattle-Tacoma-Bellevue, WA",1
98042,42660,"Seattle-Tacoma-Bellevue, WA",1
98043,42660,"Seattle-Tacoma-Bellevue, WA",1
98045,42660,"Seattle-Tacoma-Bellevue, WA",1
98047,42660,"Seattle-Tacoma-Bellevue, WA",1
98050,42660,"Seattle-Tacoma-Bellevue, WA",1
98051,42660,"Seattle-Tacoma-Bellevue, WA",1
98052,42660,"Seattle-Tacoma-Bellevue, WA",1
98053,42660,"Seattle-Tacoma-Bellevue, WA",1
98055,42660,"Seattle-Tacoma-Bellevue, WA",1
98056,42660,"Seattle-Tacoma-Bellevue, WA",1
98057,42660,"Seattle-Tacoma-Bellevue, WA",1
98058,42660,"Seattle-Tacoma-Bellevue, WA",1
98059,42660,"Seattle-Tacoma-Bellevue, WA",1
98065,42660,"Seattle-Tacoma-Bellevue, WA",1
98068,21260,"Ellensburg, WA",0
98070,42660,"Seattle-Tacoma-Bellevue, WA",1
98072,42660,"Seattle-Tacoma-Bellevue, WA",1
98074,42660,"Seattle-Tacoma-Bellevue, WA",1
98075,42660,"Seattle-Tacoma-Bellevue, WA",1
98077,42660,"Seattle-Tacoma-Bellevue, WA",1
98087,42660,"Seattle-Tacoma-Bellevue, WA",1
98092,42660,"Seattle-Tacoma-Bellevue, WA",1
98101,42660,"Seattle-Tacoma-Bellevue, WA",1
98102,42660,"Seattle-Tacoma-Bellevue, WA",1
98103,42660,"Seattle-Tacoma-Bellevue, WA",1
98104,42660,"Seattle-Tacoma-Bellevue, WA",1
98105,42660,"Seattle-Tacoma-Bellevue, WA",1
98106,42660,"Seattle-Tacoma-Bellevue, WA",1
98107,42660,"Seattle-Tacoma-Bellevue, WA",1
98108,42660,"Seattle-Tacoma-Bellevue, WA",1
98109,42660,"Seattle-Tacoma-Bellevue, WA",1
98110,14740,"Bremerton-Silverdale-Port Orchard, WA",1
98112,42660,"Seattle-Tacoma-Bellevue, WA",1
98115,42660,"Seattle-Tacoma-Bellevue, WA",1
98116,42660,"Seattle-Tacoma-Bellevue, WA",1
98117,42660,"Seattle-Tacoma-Bellevue, WA",1
98118,42660,"Seattle-Tacoma-Bellevue, WA",1
98119,42660,"Seattle-Tacoma-Bellevue, WA",1
98121,42660,"Seattle-Tacoma-Bellevue, WA",1
98122,42660,"Seattle-Tacoma-Bellevue, WA",1
98125,42660,"Seattle-Tacoma-Bellevue, WA",1
98126,42660,"Seattle-Tacoma-Bellevue, WA",1
98133,42660,"Seattle-Tacoma-Bellevue, WA",1
98134,42660,"Seattle-Tacoma-Bellevue, WA",1
98136,42660,"Seattle-Tacoma-Bellevue, WA",1
98144,42660,"Seattle-Tacoma-Bellevue, WA",1
98146,42660,"Seattle-Tacoma-Bellevue, WA",1
98148,42660,"Seattle-Tacoma-Bellevue, WA",1
98154,42660,"Seattle-Tacoma-Bellevue, WA",1
98155,42660,"Seattle-Tacoma-Bellevue, WA",1
98158,42660,"Seattle-Tacoma-Bellevue, WA",1
98164,42660,"Seattle-Tacoma-Bellevue, WA",1
98166,42660,"Seattle-Tacoma-Bellevue, WA",1
98168,42660,"Seattle-Tacoma-Bellevue, WA",1
98174,42660,"Seattle-Tacoma-Bellevue, WA",1
98177,42660,"Seattle-Tacoma-Bellevue, WA",1
98178,42660,"Seattle-Tacoma-Bellevue, WA",1
98188,42660,"Seattle-Tacoma-Bellevue, WA",1
98195,42660,"Seattle-Tacoma-Bellevue, WA",1
98198,42660,"Seattle-Tacoma-Bellevue, WA",1
98199,42660,"Seattle-Tacoma-Bellevue, WA",1
98201,42660,"Seattle-Tacoma-Bellevue, WA",1
98203,42660,"Seattle-Tacoma-Bellevue, WA",1
98204,42660,"Seattle-Tacoma-Bellevue, WA",1
98207,42660,"Seattle-Tacoma-Bellevue, WA",1
98208,42660,"Seattle-Tacoma-Bellevue, WA",1
98220,13380,"Bellingham, WA",1
98221,34580,"Mount Vernon-Anacortes, WA",1
98223,42660,"Seattle-Tacoma-Bellevue, WA",1
98224,42660,"Seattle-Tacoma-Bellevue, WA",1
98225,13380,"Bellingham, WA",1
98226,13380,"Bellingham, WA",1
98229,13380,"Bellingham, WA",1
98230,13380,"Bellingham, WA",1
98232,34580,"Mount Vernon-Anacortes, WA",1
98233,34580,"Mount Vernon-Anacortes, WA",1
98235,34580,"Mount Vernon-Anacortes, WA",1
98236,36020,"Oak Harbor, WA",0
98237,34580,"Mount Vernon-Anacortes, WA",1
98238,34580,"Mount Vernon-Anacortes, WA",1
98239,36020,"Oak Harbor, WA",0
98240,13380,"Bellingham, WA",1
98241,42660,"Seattle-Tacoma-Bellevue, WA",1
98244,13380,"Bellingham, WA",1
98247,13380,"Bellingham, WA",1
98248,13380,"Bellingham, WA",1
98249,36020,"Oak Harbor, WA",0
98251,42660,"Seattle-Tacoma-Bellevue, WA",1
98252,42660,"Seattle-Tacoma-Bellevue, WA",1
98253,36020,"Oak Harbor, WA",0
98255,34580,"Mount Vernon-Anacortes, WA",1
98256,42660,"Seattle-Tacoma-Bellevue, WA",1
98257,34580,"Mount Vernon-Anacortes, WA",1
98258,42660,"Seattle-Tacoma-Bellevue, WA",1
98260,36020,"Oak Harbor, WA",0
98262,13380,"Bellingham, WA",1
98263,34580,"Mount Vernon-Anacortes, WA",1
98264,13380,"Bellingham, WA",1
98266,13380,"Bellingham, WA",1
98267,34580,"Mount Vernon-Anacortes, WA",1
98270,42660,"Seattle-Tacoma-Bellevue, WA",1
98271,42660,"Seattle-Tacoma-Bellevue, WA",1
98272,42660,"Seattle-Tacoma-Bellevue, WA",1
98273,34580,"Mount Vernon-Anacortes, WA",1
98274,34580,"Mount Vernon-Anacortes, WA",1
98275,42660,"Seattle-Tacoma-Bellevue, WA",1
98276,13380,"Bellingham, WA",1
98277,36020,"Oak Harbor, WA",0
98278,36020,"Oak Harbor, WA",0
98281,13380,"Bellingham, WA",1
98282,36020,"Oak Harbor, WA",0
98283,13380,"Bellingham, WA",1
98284,34580,"Mount Vernon-Anacortes, WA",1
98288,42660,"Seattle-Tacoma-Bellevue, WA",1
98290,42660,"Seattle-Tacoma-Bellevue, WA",1
98292,42660,"Seattle-Tacoma-Bellevue, WA",1
98294,42660,"Seattle-Tacoma-Bellevue, WA",1
98295,13380,"Bellingham, WA",1
98296,42660,"Seattle-Tacoma-Bellevue, WA",1
98303,42660,"Seattle-Tacoma-Bellevue, WA",1
98304,42660,"Seattle-Tacoma-Bellevue, WA",1
98305,38820,"Port Angeles, WA",0
98310,14740,"Bremerton-Silverdale-Port Orchard, WA",1
98311,14740,"Bremerton-Silverdale-Port Orchard, WA",1
98312,14740,"Bremerton-Silverdale-Port Orchard, WA",1
98314,14740,"Bremerton-Silverdale-Port Orchard, WA",1
98315,14740,"Bremerton-Silverdale-Port Orchard, WA",1
98320,39040,"Port Townsend, WA",0
98321,42660,"Seattle-Tacoma-Bellevue, WA",1
98323,42660,"Seattle-Tacoma-Bellevue, WA",1
98325,39040,"Port Townsend, WA",0
98326,38820,"Port Angeles, WA",0
98327,42660,"Seattle-Tacoma-Bellevue, WA",1
98328,42660,"Seattle-Tacoma-Bellevue, WA",1
98329,42660,"Seattle-Tacoma-Bellevue, WA",1
98330,42660,"Seattle-Tacoma-Bellevue, WA",1
98331,39040,"Port Townsend, WA",0
98332,42660,"Seattle-Tacoma-Bellevue, WA",1
98333,42660,"Seattle-Tacoma-Bellevue, WA",1
98335,42660,"Seattle-Tacoma-Bellevue, WA",1
98336,16500,"Centralia, WA",0
98337,14740,"Bremerton-Silverdale-Port Orchard, WA",1
98338,42660,"Seattle-Tacoma-Bellevue, WA",1
98339,39040,"Port Townsend, WA",0
98340,14740,"Bremerton-Silverdale-Port Orchard, WA",1
98342,14740,"Bremerton-Silverdale-Port Orchard, WA",1
98345,14740,"Bremerton-Silverdale-Port Orchard, WA",1
98346,14740,"Bremerton-Silverdale-Port Orchard, WA",1
98349,42660,"Seattle-Tacoma-Bellevue, WA",1
98350,38820,"Port Angeles, WA",0
98351,42660,"Seattle-Tacoma-Bellevue, WA",1
98353,14740,"Bremerton-Silverdale-Port Orchard, WA",1
98354,42660,"Seattle-Tacoma-Bellevue, WA",1
98355,16500,"Centralia, WA",0
98356,16500,"Centralia, WA",0
98357,38820,"Port Angeles, WA",0
98358,39040,"Port Townsend, WA",0
98359,14740,"Bremerton-Silverdale-Port Orchard, WA",1
98360,42660,"Seattle-Tacoma-Bellevue, WA",1
98361,16500,"Centralia, WA",0
98362,38820,"Port Angeles, WA",0
98363,38820,"Port Angeles, WA",0
98364,14740,"Bremerton-Silverdale-Port Orchard, WA",1
98365,39040,"Port Townsend, WA",0
98366,14740,"Bremerton-Silverdale-Port Orchard, WA",1
98367,14740,"Bremerton-Silverdale-Port Orchard, WA",1
98368,39040,"Port Townsend, WA",0
98370,14740,"Bremerton-Silverdale-Port Orchard, WA",1
98371,42660,"Seattle-Tacoma-Bellevue, WA",1
98372,42660,"Seattle-Tacoma-Bellevue, WA",1
98373,42660,"Seattle-Tacoma-Bellevue, WA",1
98374,42660,"Seattle-Tacoma-Bellevue, WA",1
98375,42660,"Seattle-Tacoma-Bellevue, WA",1
98376,39040,"Port Townsend, WA",0
98377,16500,"Centralia, WA",0
98380,14740,"Bremerton-Silverdale-Port Orchard, WA",1
98381,38820,"Port Angeles, WA",0
98382,38820,"Port Angeles, WA",0
98383,14740,"Bremerton-Silverdale-Port Orchard, WA",1
98385,42660,"Seattle-Tacoma-Bellevue, WA",1
98387,42660,"Seattle-Tacoma-Bellevue, WA",1
98388,42660,"Seattle-Tacoma-Bellevue, WA",1
98390,42660,"Seattle-Tacoma-Bellevue, WA",1
98391,42660,"Seattle-Tacoma-Bellevue, WA",1
98392,14740,"Bremerton-Silverdale-Port Orchard, WA",1
98394,42660,"Seattle-Tacoma-Bellevue, WA",1
98396,42660,"Seattle-Tacoma-Bellevue, WA",1
98402,42660,"Seattle-Tacoma-Bellevue, WA",1
98403,42660,"Seattle-Tacoma-Bellevue, WA",1
98404,42660,"Seattle-Tacoma-Bellevue, WA",1
98405,42660,"Seattle-Tacoma-Bellevue, WA",1
98406,42660,"Seattle-Tacoma-Bellevue, WA",1
98407,42660,"Seattle-Tacoma-Bellevue, WA",1
98408,42660,"Seattle-Tacoma-Bellevue, WA",1
98409,42660,"Seattle-Tacoma-Bellevue, WA",1
98416,42660,"Seattle-Tacoma-Bellevue, WA",1
98418,42660,"Seattle-Tacoma-Bellevue, WA",1
98421,42660,"Seattle-Tacoma-Bellevue, WA",1
98422,42660,"Seattle-Tacoma-Bellevue, WA",1
98424,42660,"Seattle-Tacoma-Bellevue, WA",1
98430,42660,"Seattle-Tacoma-Bellevue, WA",1
98433,42660,"Seattle-Tacoma-Bellevue, WA",1
98438,42660,"Seattle-Tacoma-Bellevue, WA",1
98439,42660,"Seattle-Tacoma-Bellevue, WA",1
98443,42660,"Seattle-Tacoma-Bellevue, WA",1
98444,42660,"Seattle-Tacoma-Bellevue, WA",1
98445,42660,"Seattle-Tacoma-Bellevue, WA",1
98446,42660,"Seattle-Tacoma-Bellevue, WA",1
98447,42660,"Seattle-Tacoma-Bellevue, WA",1
98465,42660,"Seattle-Tacoma-Bellevue, WA",1
98466,42660,"Seattle-Tacoma-Bellevue, WA",1
98467,42660,"Seattle-Tacoma-Bellevue, WA",1
98498,42660,"Seattle-Tacoma-Bellevue, WA",1
98499,42660,"Seattle-Tacoma-Bellevue, WA",1
98501,36500,"Olympia-Lacey-Tumwater, WA",1
98502,36500,"Olympia-Lacey-Tumwater, WA",1
98503,36500,"Olympia-Lacey-Tumwater, WA",1
98505,36500,"Olympia-Lacey-Tumwater, WA",1
98506,36500,"Olympia-Lacey-Tumwater, WA",1
98512,36500,"Olympia-Lacey-Tumwater, WA",1
98513,36500,"Olympia-Lacey-Tumwater, WA",1
98516,36500,"Olympia-Lacey-Tumwater, WA",1
98520,10140,"Aberdeen, WA",0
98524,43220,"Shelton, WA",0
98526,10140,"Aberdeen, WA",0
98528,43220,"Shelton, WA",0
98530,36500,"Olympia-Lacey-Tumwater, WA",1
98531,16500,"Centralia, WA",0
98532,16500,"Centralia, WA",0
98533,16500,"Centralia, WA",0
98535,10140,"Aberdeen, WA",0
98536,10140,"Aberdeen, WA",0
98537,10140,"Aberdeen, WA",0
98538,16500,"Centralia, WA",0
98539,16500,"Centralia, WA",0
98541,10140,"Aberdeen, WA",0
98542,16500,"Centralia, WA",0
98544,16500,"Centralia, WA",0
98546,43220,"Shelton, WA",0
98548,43220,"Shelton, WA",0
98550,10140,"Aberdeen, WA",0
98552,10140,"Aberdeen, WA",0
98555,43220,"Shelton, WA",0
98556,36500,"Olympia-Lacey-Tumwater, WA",1
98557,10140,"Aberdeen, WA",0
98558,42660,"Seattle-Tacoma-Bellevue, WA",1
98559,10140,"Aberdeen, WA",0
98560,43220,"Shelton, WA",0
98562,10140,"Aberdeen, WA",0
98563,10140,"Aberdeen, WA",0
98564,16500,"Centralia, WA",0
98565,16500,"Centralia, WA",0
98566,10140,"Aberdeen, WA",0
98568,10140,"Aberdeen, WA",0
98569,10140,"Aberdeen, WA",0
98570,16500,"Centralia, WA",0
98571,10140,"Aberdeen, WA",0
98572,16500,"Centralia, WA",0
98575,10140,"Aberdeen, WA",0
98576,36500,"Olympia-Lacey-Tumwater, WA",1
98579,36500,"Olympia-Lacey-Tumwater, WA",1
98580,42660,"Seattle-Tacoma-Bellevue, WA",1
98581,31020,"Longview-Kelso, WA",1
98582,16500,"Centralia, WA",0
98583,10140,"Aberdeen, WA",0
98584,43220,"Shelton, WA",0
98585,16500,"Centralia, WA",0
98587,10140,"Aberdeen, WA",0
98588,43220,"Shelton, WA",0
98589,36500,"Olympia-Lacey-Tumwater, WA",1
98591,16500,"Centralia, WA",0
98592,43220,"Shelton, WA",0
98593,16500,"Centralia, WA",0
98595,10140,"Aberdeen, WA",0
98596,16500,"Centralia, WA",0
98597,36500,"Olympia-Lacey-Tumwater, WA",1
98601,38900,"Portland-Vancouver-Hillsboro, OR-WA",1
98603,31020,"Longview-Kelso, WA",1
98604,38900,"Portland-Vancouver-Hillsboro, OR-WA",1
98605,38900,"Portland-Vancouver-Hillsboro, OR-WA",1
98606,38900,"Portland-Vancouver-Hillsboro, OR-WA",1
98607,38900,"Portland-Vancouver-Hillsboro, OR-WA",1
98609,31020,"Longview-Kelso, WA",1
98610,38900,"Portland-Vancouver-Hillsboro, OR-WA",1
98611,31020,"Longview-Kelso, WA",1
98616,38900,"Portland-Vancouver-Hillsboro, OR-WA",1
98625,31020,"Longview-Kelso, WA",1
98626,31020,"Longview-Kelso, WA",1
98629,38900,"Portland-Vancouver-Hillsboro, OR-WA",1
98632,31020,"Longview-Kelso, WA",1
98639,38900,"Portland-Vancouver-Hillsboro, OR-WA",1
98642,38900,"Portland-Vancouver-Hillsboro, OR-WA",1
98645,31020,"Longview-Kelso, WA",1
98648,38900,"Portland-Vancouver-Hillsboro, OR-WA",1
98649,31020,"Longview-Kelso, WA",1
98651,38900,"Portland-Vancouver-Hillsboro, OR-WA",1
98660,38900,"Portland-Vancouver-Hillsboro, OR-WA",1
98661,38900,"Portland-Vancouver-Hillsboro, OR-WA",1
98662,38900,"Portland-Vancouver-Hillsboro, OR-WA",1
98663,38900,"Portland-Vancouver-Hillsboro, OR-WA",1
98664,38900,"Portland-Vancouver-Hillsboro, OR-WA",1
98665,38900,"Portland-Vancouver-Hillsboro, OR-WA",1
98671,38900,"Portland-Vancouver-Hillsboro, OR-WA",1
98674,31020,"Longview-Kelso, WA",1
98675,38900,"Portland-Vancouver-Hillsboro, OR-WA",1
98682,38900,"Portland-Vancouver-Hillsboro, OR-WA",1
98683,38900,"Portland-Vancouver-Hillsboro, OR-WA",1
98684,38900,"Portland-Vancouver-Hillsboro, OR-WA",1
98685,38900,"Portland-Vancouver-Hillsboro, OR-WA",1
98686,38900,"Portland-Vancouver-Hillsboro, OR-WA",1
98801,48300,"Wenatchee-East Wenatchee, WA",1
98802,48300,"Wenatchee-East Wenatchee, WA",1
98811,48300,"Wenatchee-East Wenatchee, WA",1
98813,48300,"Wenatchee-East Wenatchee, WA",1
98815,48300,"Wenatchee-East Wenatchee, WA",1
98816,48300,"Wenatchee-East Wenatchee, WA",1
98817,48300,"Wenatchee-East Wenatchee, WA",1
98821,48300,"Wenatchee-East Wenatchee, WA",1
98822,48300,"Wenatchee-East Wenatchee, WA",1
98823,34180,"Moses Lake, WA",0
98824,34180,"Moses Lake, WA",0
98826,48300,"Wenatchee-East Wenatchee, WA",1
98828,48300,"Wenatchee-East Wenatchee, WA",1
98830,48300,"Wenatchee-East Wenatchee, WA",1
98831,48300,"Wenatchee-East Wenatchee, WA",1
98832,34180,"Moses Lake, WA",0
98836,48300,"Wenatchee-East Wenatchee, WA",1
98837,34180,"Moses Lake, WA",0
98843,48300,"Wenatchee-East Wenatchee, WA",1
98845,48300,"Wenatchee-East Wenatchee, WA",1
98847,48300,"Wenatchee-East Wenatchee, WA",1
98848,34180,"Moses Lake, WA",0
98850,48300,"Wenatchee-East Wenatchee, WA",1
98851,34180,"Moses Lake, WA",0
98852,48300,"Wenatchee-East Wenatchee, WA",1
98853,34180,"Moses Lake, WA",0
98857,34180,"Moses Lake, WA",0
98858,48300,"Wenatchee-East Wenatchee, WA",1
98860,34180,"Moses Lake, WA",0
98901,49420,"Yakima, WA",1
98902,49420,"Yakima, WA",1
98903,49420,"Yakima, WA",1
98908,49420,"Yakima, WA",1
98921,49420,"Yakima, WA",1
98922,21260,"Ellensburg, WA",0
98923,49420,"Yakima, WA",1
98925,21260,"Ellensburg, WA",0
98926,21260,"Ellensburg, WA",0
98930,49420,"Yakima, WA",1
98932,49420,"Yakima, WA",1
98933,49420,"Yakima, WA",1
98934,21260,"Ellensburg, WA",0
98935,49420,"Yakima, WA",1
98936,49420,"Yakima, WA",1
98937,49420,"Yakima, WA",1
98938,49420,"Yakima, WA",1
98939,49420,"Yakima, WA",1
98940,21260,"Ellensburg, WA",0
98941,21260,"Ellensburg, WA",0
98942,49420,"Yakima, WA",1
98943,21260,"Ellensburg, WA",0
98944,28420,"Kennewick-Richland, WA",1
98946,21260,"Ellensburg, WA",0
98947,49420,"Yakima, WA",1
98948,49420,"Yakima, WA",1
98950,21260,"Ellensburg, WA",0
98951,49420,"Yakima, WA",1
98952,49420,"Yakima, WA",1
98953,49420,"Yakima, WA",1
99001,44060,"Spokane-Spokane Valley, WA",1
99003,44060,"Spokane-Spokane Valley, WA",1
99004,44060,"Spokane-Spokane Valley, WA",1
99005,44060,"Spokane-Spokane Valley, WA",1
99006,44060,"Spokane-Spokane Valley, WA",1
99009,44060,"Spokane-Spokane Valley, WA",1
99011,44060,"Spokane-Spokane Valley, WA",1
99012,44060,"Spokane-Spokane Valley, WA",1
99013,44060,"Spokane-Spokane Valley, WA",1
99014,44060,"Spokane-Spokane Valley, WA",1
99016,44060,"Spokane-Spokane Valley, WA",1
99017,39420,"Pullman, WA",0
99018,44060,"Spokane-Spokane Valley, WA",1
99019,44060,"Spokane-Spokane Valley, WA",1
99020,44060,"Spokane-Spokane Valley, WA",1
99021,44060,"Spokane-Spokane Valley, WA",1
99022,44060,"Spokane-Spokane Valley, WA",1
99023,44060,"Spokane-Spokane Valley, WA",1
99025,44060,"Spokane-Spokane Valley, WA",1
99026,44060,"Spokane-Spokane Valley, WA",1
99027,44060,"Spokane-Spokane Valley, WA",1
99030,44060,"Spokane-Spokane Valley, WA",1
99031,44060,"Spokane-Spokane Valley, WA",1
99033,39420,"Pullman, WA",0
99034,44060,"Spokane-Spokane Valley, WA",1
99036,44060,"Spokane-Spokane Valley, WA",1
99037,44060,"Spokane-Spokane Valley, WA",1
99039,44060,"Spokane-Spokane Valley, WA",1
99040,44060,"Spokane-Spokane Valley, WA",1
99101,44060,"Spokane-Spokane Valley, WA",1
99102,39420,"Pullman, WA",0
99105,36830,"Othello, WA",0
99109,44060,"Spokane-Spokane Valley, WA",1
99110,44060,"Spokane-Spokane Valley, WA",1
99111,39420,"Pullman, WA",0
99113,39420,"Pullman, WA",0
99114,44060,"Spokane-Spokane Valley, WA",1
99115,48300,"Wenatchee-East Wenatchee, WA",1
99123,34180,"Moses Lake, WA",0
99125,39420,"Pullman, WA",0
99126,44060,"Spokane-Spokane Valley, WA",1
99128,39420,"Pullman, WA",0
99129,44060,"Spokane-Spokane Valley, WA",1
99130,39420,"Pullman, WA",0
99131,44060,"Spokane-Spokane Valley, WA",1
99133,48300,"Wenatchee-East Wenatchee, WA",1
99135,34180,"Moses Lake, WA",0
99136,39420,"Pullman, WA",0
99137,44060,"Spokane-Spokane Valley, WA",1
99143,39420,"Pullman, WA",0
99148,44060,"Spokane-Spokane Valley, WA",1
99149,39420,"Pullman, WA",0
99151,44060,"Spokane-Spokane Valley, WA",1
99157,44060,"Spokane-Spokane Valley, WA",1
99158,39420,"Pullman, WA",0
99161,39420,"Pullman, WA",0
99163,39420,"Pullman, WA",0
99167,44060,"Spokane-Spokane Valley, WA",1
99169,36830,"Othello, WA",0
99170,39420,"Pullman, WA",0
99171,39420,"Pullman, WA",0
99173,44060,"Spokane-Spokane Valley, WA",1
99174,39420,"Pullman, WA",0
99176,39420,"Pullman, WA",0
99179,39420,"Pullman, WA",0
99181,44060,"Spokane-Spokane Valley, WA",1
99201,44060,"Spokane-Spokane Valley, WA",1
99202,44060,"Spokane-Spokane Valley, WA",1
99203,44060,"Spokane-Spokane Valley, WA",1
99204,44060,"Spokane-Spokane Valley, WA",1
99205,44060,"Spokane-Spokane Valley, WA",1
99206,44060,"Spokane-Spokane Valley, WA",1
99207,44060,"Spokane-Spokane Valley, WA",1
99208,44060,"Spokane-Spokane Valley, WA",1
99212,44060,"Spokane-Spokane Valley, WA",1
99216,44060,"Spokane-Spokane Valley, WA",1
99217,44060,"Spokane-Spokane Valley, WA",1
99218,44060,"Spokane-Spokane Valley, WA",1
99223,44060,"Spokane-Spokane Valley, WA",1
99224,44060,"Spokane-Spokane Valley, WA",1
99251,44060,"Spokane-Spokane Valley, WA",1
99258,44060,"Spokane-Spokane Valley, WA",1
99301,28420,"Kennewick-Richland, WA",1
99320,28420,"Kennewick-Richland, WA",1
99321,34180,"Moses Lake, WA",0
99323,47460,"Walla Walla, WA",1
99324,47460,"Walla Walla, WA",1
99326,28420,"Kennewick-Richland, WA",1
99329,47460,"Walla Walla, WA",1
99330,28420,"Kennewick-Richland, WA",1
99333,39420,"Pullman, WA",0
99335,28420,"Kennewick-Richland, WA",1
99336,28420,"Kennewick-Richland, WA",1
99337,28420,"Kennewick-Richland, WA",1
99338,28420,"Kennewick-Richland, WA",1
99341,36830,"Othello, WA",0
99343,28420,"Kennewick-Richland, WA",1
99344,36830,"Othello, WA",0
99345,28420,"Kennewick-Richland, WA",1
99346,28420,"Kennewick-Richland, WA",1
99348,47460,"Walla Walla, WA",1
99349,34180,"Moses Lake, WA",0
99350,28420,"Kennewick-Richland, WA",1
99352,28420,"Kennewick-Richland, WA",1
99353,28420,"Kennewick-Richland, WA",1
99354,28420,"Kennewick-Richland, WA",1
99357,34180,"Moses Lake, WA",0
99360,47460,"Walla Walla, WA",1
99361,47460,"Walla Walla, WA",1
99362,47460,"Walla Walla, WA",1
99363,47460,"Walla Walla, WA",1
99371,36830,"Othello, WA",0
99401,30300,"Lewiston, ID-WA",1
99402,30300,"Lewiston, ID-WA",1
99403,30300,"Lewiston, ID-WA",1
99501,11260,"Anchorage, AK",1
99502,11260,"Anchorage, AK",1
99504,11260,"Anchorage, AK",1
99505,11260,"Anchorage, AK",1
99506,11260,"Anchorage, AK",1
99507,11260,"Anchorage, AK",1
99508,11260,"Anchorage, AK",1
99513,11260,"Anchorage, AK",1
99515,11260,"Anchorage, AK",1
99516,11260,"Anchorage, AK",1
99517,11260,"Anchorage, AK",1
99518,11260,"Anchorage, AK",1
99530,11260,"Anchorage, AK",1
99540,11260,"Anchorage, AK",1
99567,11260,"Anchorage, AK",1
99577,11260,"Anchorage, AK",1
99587,11260,"Anchorage, AK",1
99623,11260,"Anchorage, AK",1
99645,11260,"Anchorage, AK",1
99652,11260,"Anchorage, AK",1
99654,11260,"Anchorage, AK",1
99667,11260,"Anchorage, AK",1
99674,11260,"Anchorage, AK",1
99676,11260,"Anchorage, AK",1
99683,11260,"Anchorage, AK",1
99688,11260,"Anchorage, AK",1
99694,11260,"Anchorage, AK",1
99702,21820,"Fairbanks-College, AK",1
99703,21820,"Fairbanks-College, AK",1
99705,21820,"Fairbanks-College, AK",1
99707,21820,"Fairbanks-College, AK",1
99709,21820,"Fairbanks-College, AK",1
99712,21820,"Fairbanks-College, AK",1
99714,21820,"Fairbanks-College, AK",1
99725,21820,"Fairbanks-College, AK",1
99729,11260,"Anchorage, AK",1
99775,21820,"Fairbanks-College, AK",1
99801,27940,"Juneau, AK",0
99824,27940,"Juneau, AK",0
99901,28540,"Ketchikan, AK",0
